from_crate	to_crate	class	edges	include	definition	link	own-header	via-generated	island	from-island	rust-header	generated	forward	examples
ob-base	ob-errno	listed	23	0	0	0	0	1	0	0	0	22	0	src/share/ob_define.h -> src/share/mysql_errno.h (via-generated); src/oblib/lib/container/ob_iarray.h -> src/oblib/lib/ob_errno.h (generated); src/oblib/lib/container/ob_rbtree.h -> src/oblib/lib/ob_errno.h (generated)
ob-base	ob-runtime	upward-named	20	13	3	2	0	0	0	0	0	0	2	src/oblib/lib/alloc/memory_dump.cpp -> src/oblib/lib/thread/ob_thread_name.h (include); src/oblib/lib/alloc/memory_dump.h -> src/oblib/lib/thread/thread_pool.h (include); src/oblib/lib/lock/ob_futex.h -> src/oblib/lib/thread/ob_thread_hook.cpp (definition)
ob-base	ob-values	upward-named	4	2	2	0	0	0	0	0	0	0	0	src/oblib/lib/signal/ob_signal_utils.cpp -> src/oblib/lib/charset/ob_mysql_global.h (include); src/share/ob_define.h -> src/oblib/common/ob_tablet_id.h (include); src/oblib/lib/utility/utility.h -> src/oblib/common/ob_obj_deep_copy.cpp (definition)
ob-base	sql-session	upward-unnamed	1	0	0	0	0	0	0	0	0	0	1	src/oblib/lib/worker.h -> src/sql/session/ob_sql_session_info.h (forward)
ob-base	seekdb	upward-unnamed	1	0	1	0	0	0	0	0	0	0	0	src/oblib/lib/ob_abort.h -> src/observer/main.cpp (definition)
ob-base	x-dropped	uses-dropped	6	4	0	1	0	0	0	0	0	0	1	src/oblib/lib/net/ob_addr.h -> src/oblib/easy/util/easy_inet.h (include); src/oblib/lib/signal/ob_libunwind.c -> src/oblib/easy/util/easy_string.h (include); src/oblib/lib/oblog/ob_log.cpp -> src/oblib/rpc/frame/ob_net_easy.cpp (link)
ob-simd	ob-base	listed	14	14	0	0	0	0	0	0	0	0	0	src/data_plane/api/data_plane/vector/ob_vector_cosine_distance.h -> src/oblib/lib/ob_define.h (include); src/data_plane/api/data_plane/vector/ob_vector_cosine_distance.h -> src/oblib/lib/oblog/ob_log.h (include)
ob-simd	ob-values	upward-named	4	4	0	0	0	0	0	0	0	0	0	src/data_plane/api/data_plane/vector/ob_vector_cosine_distance.h -> src/oblib/common/object/ob_obj_compare.h (include); src/data_plane/api/data_plane/vector/ob_vector_ip_distance.h -> src/oblib/common/object/ob_obj_compare.h (include)
ob-runtime	ob-errno	listed	18	0	0	0	0	2	0	0	0	16	0	src/data_plane/api/data_plane/scheduler/ob_dag_scheduler.h -> src/share/mysql_errno.h (via-generated); src/share/config/ob_server_config.cpp -> src/share/mysql_errno.h (via-generated); src/oblib/lib/thread/ob_adaptive_worker_pool.h -> src/oblib/lib/ob_errno.h (generated)
ob-runtime	ob-base	listed	377	374	0	0	0	0	0	0	0	0	3	src/data_plane/api/data_plane/scheduler/ob_dag_scheduler.h -> src/oblib/lib/container/ob_se_array.h (include); src/data_plane/api/data_plane/scheduler/ob_dag_scheduler.h -> src/oblib/lib/hash/ob_hashmap.h (include); src/oblib/rpc/obmysql/ob_mysql_row.h -> src/oblib/lib/alloc/ob_iallocator.h (forward)
ob-runtime	ob-values	upward-named	7	7	0	0	0	0	0	0	0	0	0	src/oblib/common/mysqlclient/ob_mysql_global.h -> src/oblib/lib/charset/ob_mysql_global.h (include); src/oblib/lib/net/ob_net_util.cpp -> src/oblib/lib/charset/ob_charset.h (include)
ob-runtime	ob-values-doc	upward-named	1	1	0	0	0	0	0	0	0	0	0	src/share/config/ob_config.h -> src/oblib/common/json_type/ob_json_tree.h (include)
ob-runtime	ob-share	upward-named	7	7	0	0	0	0	0	0	0	0	0	src/share/config/ob_config_manager.cpp -> src/share/ob_sql_client_decorator.h (include); src/share/config/ob_system_config.h -> src/oblib/common/mysqlclient/ob_mysql_proxy.h (include)
ob-runtime	ob-log	upward-named	1	0	0	0	0	0	0	0	0	0	1	src/share/rc/ob_server_runtime.h -> src/share/rc/ob_server_module_init_ctx.h (forward)
ob-runtime	storage-engine	upward-named	9	5	0	0	0	0	0	0	0	0	4	src/storage/scheduler/ob_dag_scheduler.cpp -> src/storage/compaction/ob_batch_exec_dag.h (include); src/storage/scheduler/ob_dag_scheduler.cpp -> src/storage/compaction/ob_batch_freeze_tablets_dag.h (include); src/data_plane/api/data_plane/scheduler/ob_dag_scheduler.h -> src/storage/compaction/ob_compaction_diagnose.h (forward)
ob-runtime	observer	upward-named	6	0	3	0	0	0	0	0	0	0	3	src/oblib/rpc/ob_sql_request_operator.h -> src/oblib/rpc/ob_sql_request_operator.cpp (definition); src/share/ob_ex_rpc.h -> src/observer/ob_ex_rpc.cpp (definition); src/oblib/rpc/ob_request.h -> src/oblib/rpc/obmysql/ob_sql_sock_session.h (forward)
ob-runtime	x-dropped	uses-dropped	3	3	0	0	0	0	0	0	0	0	0	src/oblib/common/mysqlclient/ob_mysql_global.h -> src/oblib/easy/include/easy_define.h (include); src/oblib/lib/thread/thread.h -> src/oblib/easy/io/easy_io_struct.h (include)
ob-values	ob-errno	listed	11	0	0	0	0	4	0	0	0	7	0	src/share/datum/ob_datum_cmp_func_def.h -> src/share/mysql_errno.h (via-generated); src/share/ob_lob_access_utils.h -> src/share/mysql_errno.h (via-generated); src/oblib/common/meta_programming/ob_meta_copy.h -> src/oblib/lib/ob_errno.h (generated)
ob-values	ob-base	listed	158	151	1	0	0	0	0	0	0	0	6	src/oblib/common/cell/ob_cell_reader.h -> src/oblib/lib/ob_define.h (include); src/oblib/common/cell/ob_cell_writer.h -> src/oblib/lib/ob_define.h (include); src/oblib/lib/charset/ob_ctype.h -> src/oblib/lib/utility/ob_hang_fatal_error.cpp (definition)
ob-values	ob-runtime	listed	9	7	0	0	0	0	0	0	0	0	2	src/oblib/common/log/ob_log_data_writer.cpp -> src/oblib/lib/file/ob_file.h (include); src/oblib/common/log/ob_log_entry.h -> src/oblib/common/ob_record_header.h (include); src/oblib/common/meta_programming/ob_type_traits.h -> src/share/scn.h (forward)
ob-values	ob-values-doc	upward-named	11	11	0	0	0	0	0	0	0	0	0	src/oblib/common/object/ob_obj_compare.cpp -> src/oblib/common/json_type/ob_json_bin.h (include); src/oblib/common/object/ob_obj_funcs.h -> src/oblib/common/json_type/ob_json_base.h (include)
ob-values	geo-sys	upward-named	4	0	0	0	0	0	3	0	0	0	1	src/share/object/ob_obj_cast.cpp -> src/share/geo/ob_geometry_cast.h (island); src/share/object/ob_obj_cast.cpp -> src/share/geo/ob_srs_provider.h (island); src/share/object/ob_obj_cast.h -> src/share/geo/ob_srs_provider.h (forward)
ob-values	storage-tablet	upward-unnamed	1	0	0	0	0	0	0	0	0	0	1	src/oblib/common/meta_programming/ob_type_traits.h -> src/storage/multi_data_source/buffer_ctx.h (forward)
ob-values	sql-exec	upward-unnamed	2	0	0	0	0	0	0	0	0	0	2	src/oblib/common/object/ob_object.h -> src/sql/engine/ob_exec_context.h (forward); src/share/datum/ob_datum_funcs.h -> src/query/api/query/engine/ob_serializable_function.h (forward)
ob-values-doc	ob-errno	listed	6	0	0	0	0	0	0	0	0	6	0	src/oblib/common/udt/ob_array_binary.cpp -> src/oblib/lib/ob_errno.h (generated); src/oblib/common/udt/ob_array_fixed_size.ipp -> src/oblib/lib/ob_errno.h (generated)
ob-values-doc	ob-base	listed	52	50	0	0	0	0	0	0	0	0	2	src/oblib/common/json_type/ob_json_base.cpp -> src/oblib/lib/encode/ob_base64_encode.h (include); src/oblib/common/json_type/ob_json_base.cpp -> src/oblib/lib/utility/ob_smart_call.h (include); src/share/ob_json_access_utils.h -> src/oblib/lib/alloc/ob_iallocator.h (forward)
ob-values-doc	ob-runtime	listed	7	7	0	0	0	0	0	0	0	0	0	src/oblib/common/json_type/ob_json_base.cpp -> src/oblib/common/mysqlclient/ob_mysql_global.h (include); src/oblib/common/json_type/ob_json_base.h -> src/oblib/common/mysqlclient/ob_mysql_global.h (include)
ob-values-doc	ob-values	listed	30	30	0	0	0	0	0	0	0	0	0	src/oblib/common/json_type/ob_json_base.cpp -> src/oblib/lib/charset/ob_dtoa.h (include); src/oblib/common/json_type/ob_json_base.h -> src/oblib/common/number/ob_number_v2.h (include)
ob-share	ob-errno	listed	8	0	0	0	0	3	0	0	0	5	0	src/share/ob_ddl_task_executor.h -> src/share/mysql_errno.h (via-generated); src/share/ob_display_list.h -> src/share/mysql_errno.h (via-generated); src/share/ob_display_list.h -> src/oblib/lib/ob_errno.h (generated)
ob-share	ob-base	listed	234	225	0	0	0	3	0	0	0	0	6	src/oblib/common/mysqlclient/ob_isql_client.h -> src/oblib/lib/allocator/page_arena.h (include); src/oblib/common/mysqlclient/ob_isql_client.h -> src/oblib/lib/guard/ob_shared_guard.h (include); src/share/ob_core_table_proxy.cpp -> src/share/ob_define.h (via-generated)
ob-share	ob-runtime	listed	86	77	0	0	0	1	0	0	0	0	8	src/oblib/grpc/ob_grpc_context.cpp -> src/oblib/lib/net/ob_net_util.h (include); src/share/compaction/ob_array_with_map.h -> src/share/ob_delegate.h (include); src/share/ob_core_table_proxy.cpp -> src/share/ob_version_parser.h (via-generated)
ob-share	ob-values	listed	35	29	0	0	0	0	0	0	0	0	6	src/oblib/common/mysqlclient/ob_isql_connection.h -> src/oblib/common/object/ob_object.h (include); src/oblib/common/mysqlclient/ob_isql_connection.h -> src/oblib/common/timezone/ob_timezone_info.h (include); src/oblib/common/mysqlclient/ob_mysql_result.h -> src/oblib/common/row/ob_row.h (forward)
ob-share	ob-values-doc	listed	1	1	0	0	0	0	0	0	0	0	0	src/share/ob_telemetry.cpp -> src/oblib/common/json_type/ob_json_parse.h (include)
ob-share	ob-schema	upward-named	6	3	0	0	0	0	0	0	0	1	2	src/share/ob_lease_struct.h -> src/share/schema/ob_schema_struct.h (include); src/share/ob_server_struct.h -> src/share/ob_rpc_struct.h (include); src/share/ob_core_table_proxy.cpp -> build_release/generated/share/inner_table/ob_inner_table_schema.h (generated)
ob-share	observer	upward-unnamed	2	0	1	0	0	0	0	0	0	0	1	src/oblib/common/mysqlclient/ob_mysql_proxy.h -> src/observer/ob_inner_sql_connection.cpp (definition); src/share/ob_server_struct.h -> src/observer/mysql/ob_diag.h (forward)
ob-schema	ob-errno	listed	17	0	0	0	0	6	0	0	0	11	0	src/share/ob_ddl_error_message_table_operator.h -> src/share/mysql_errno.h (via-generated); src/share/schema/ob_ddl_epoch.cpp -> src/share/mysql_errno.h (via-generated); src/share/schema/ob_database_sql_service.cpp -> src/oblib/lib/ob_errno.h (generated)
ob-schema	ob-base	listed	282	243	0	0	0	21	0	0	0	0	18	src/observer/schema/ob_schema_retrieve_utils.h -> src/oblib/lib/oblog/ob_log.h (include); src/observer/schema/ob_schema_retrieve_utils.h -> src/oblib/lib/oblog/ob_log_module.h (include); src/share/inner_table/ob_dump_inner_table_schema.cpp -> src/share/ob_define.h (via-generated)
ob-schema	ob-runtime	listed	42	29	0	0	0	7	0	0	0	0	6	src/share/ob_ddl_common.h -> src/share/config/ob_server_config.h (include); src/share/ob_freeze_info_manager.h -> src/share/scn.h (include); src/share/inner_table/ob_dump_inner_table_schema.cpp -> src/share/ob_version_parser.h (via-generated)
ob-schema	ob-values	listed	60	55	0	0	0	1	0	0	0	0	4	src/observer/schema/ob_schema_retrieve_utils.h -> src/share/object/ob_obj_cast.h (include); src/observer/schema/ob_schema_service_sql_impl.h -> src/oblib/common/ob_string_buf.h (include); src/share/schema/ob_schema_struct.h -> src/oblib/common/object/ob_object.h (via-generated)
ob-schema	ob-values-doc	listed	2	1	0	0	0	0	0	0	0	0	1	src/share/ai_service/ob_ai_service_struct.h -> src/oblib/common/json_type/ob_json_base.h (include); src/share/ai_service/ob_ai_model_info.h -> src/oblib/common/json_type/ob_json_base.h (forward)
ob-schema	ob-share	listed	152	99	0	0	0	0	0	0	0	14	39	src/observer/schema/ob_schema_retrieve_utils.h -> src/oblib/common/mysqlclient/ob_mysql_result.h (include); src/observer/schema/ob_schema_retrieve_utils.h -> src/share/ob_server_struct.h (include); src/share/ob_autoincrement_service.cpp -> build_release/generated/share/inner_table/ob_inner_table_schema_constants.h (generated)
ob-schema	ob-log	upward-named	1	1	0	0	0	0	0	0	0	0	0	src/share/ob_rpc_struct.h -> src/share/log/palf/log_define.h (include)
ob-schema	sql-parse-tree	upward-unnamed	1	0	0	0	0	0	0	0	0	0	1	src/share/schema/ob_schema_struct.h -> src/query/api/query/parser/parse_node.h (forward)
ob-schema	sql-resolver	upward-named	2	2	0	0	0	0	0	0	0	0	0	src/observer/schema/ob_schema_service_sql_impl.cpp -> src/sql/resolver/ddl/ob_fts_index_builder_util.h (include); src/observer/schema/ob_schema_service_sql_impl.cpp -> src/sql/resolver/ob_resolver_utils.h (include)
geo-sys	ob-errno	listed	1	0	0	0	0	0	0	0	0	1	0	src/share/geo/ob_wkb_to_json_bin_visitor.cpp -> src/oblib/lib/ob_errno.h (generated)
geo-sys	ob-base	listed	51	0	0	0	0	0	0	51	0	0	0	src/share/geo/ob_geo.h -> src/oblib/lib/string/ob_string.h (from-island); src/share/geo/ob_geo_3d.cpp -> src/oblib/lib/utility/ob_fast_convert.h (from-island)
geo-sys	ob-runtime	listed	8	0	0	0	0	0	0	8	0	0	0	src/share/geo/ob_geo_bin_iter.ipp -> src/share/rc/ob_server_runtime.h (from-island); src/share/geo/ob_geo_func_utils.h -> src/share/rc/ob_server_runtime.h (from-island)
geo-sys	ob-values	listed	6	0	0	0	0	0	0	6	0	0	0	src/share/geo/ob_geo.h -> src/oblib/common/object/ob_obj_type.h (from-island); src/share/geo/ob_geo_bin.h -> src/oblib/common/object/ob_obj_type.h (from-island)
geo-sys	ob-values-doc	listed	2	1	0	0	0	0	0	1	0	0	0	src/share/geo/ob_wkb_to_json_bin_visitor.h -> src/oblib/common/json_type/ob_json_bin.h (include); src/share/geo/ob_geo_utils.cpp -> src/oblib/common/udt/ob_udt_type.h (from-island)
vsag-sys	ob-base	listed	7	2	0	0	0	0	0	5	0	0	0	src/share/roaringbitmap/ob_rb_memory_mgr.h -> src/oblib/lib/allocator/ob_block_alloc_mgr.h (include); src/share/roaringbitmap/ob_rb_memory_mgr.h -> src/oblib/lib/allocator/ob_vslice_alloc.h (include); src/oblib/lib/vector/ob_vector_util.cpp -> src/oblib/lib/string/ob_string.h (from-island)
vsag-sys	ob-runtime	listed	1	1	0	0	0	0	0	0	0	0	0	src/share/roaringbitmap/ob_rb_memory_mgr.cpp -> src/share/rc/ob_server_runtime.h (include)
ob-log	ob-errno	listed	14	0	0	0	0	5	0	0	0	9	0	src/logservice/localservice/ob_local_log_handler_set.h -> src/share/mysql_errno.h (via-generated); src/logservice/palf/log_iterator_impl.h -> src/share/mysql_errno.h (via-generated); src/logservice/palf/log_iterator_info.h -> src/oblib/lib/ob_errno.h (generated)
ob-log	ob-base	listed	159	155	0	0	0	0	0	0	0	0	4	src/logservice/applyservice/ob_log_apply_service.h -> src/oblib/lib/lock/ob_qsync_lock.h (include); src/logservice/applyservice/ob_log_apply_service.h -> src/oblib/lib/queue/ob_link_queue.h (include); src/logservice/ob_log_handler.h -> src/oblib/lib/net/ob_addr.h (forward)
ob-log	ob-runtime	listed	62	50	0	0	0	0	0	0	0	0	12	src/logservice/applyservice/ob_log_apply_service.h -> src/oblib/lib/thread/ob_simple_thread_pool.h (include); src/logservice/applyservice/ob_log_apply_service.h -> src/oblib/lib/thread/ob_thread_lease.h (include); src/logservice/ob_log_handler.h -> src/share/scn.h (forward)
ob-log	ob-values	listed	6	6	0	0	0	0	0	0	0	0	0	src/logservice/applyservice/ob_log_apply_service.h -> src/oblib/common/ob_role.h (include); src/logservice/ob_log_handler.h -> src/oblib/common/ob_role.h (include)
ob-log	ob-share	listed	12	10	0	0	0	0	0	0	0	0	2	src/logservice/ob_log_allocator_mgr.h -> src/share/resource/ob_server_runtime_config.h (include); src/logservice/ob_log_service.cpp -> src/share/ob_share_util.h (include); src/logservice/palf/log_io_adapter.h -> src/share/ob_device_manager.h (forward)
storage-api	ob-errno	listed	2	0	0	0	0	1	0	0	0	1	0	src/data_plane/api/data_plane/transaction/ob_tx_seq.h -> src/share/mysql_errno.h (via-generated); src/data_plane/api/data_plane/transaction/ob_tx_seq.h -> src/share/ob_errno.h (generated)
storage-api	ob-base	listed	42	37	0	0	0	0	0	0	0	0	5	src/data_plane/api/data_plane/access/ob_tablet_scan.h -> src/oblib/lib/container/ob_array_array.h (include); src/data_plane/api/data_plane/access/ob_tablet_scan.h -> src/oblib/lib/container/ob_se_array.h (include); src/data_plane/api/data_plane/ob_i_optimizer_storage_service.h -> src/oblib/lib/alloc/ob_iallocator.h (forward)
storage-api	ob-runtime	listed	4	3	0	0	0	0	0	0	0	0	1	src/data_plane/api/data_plane/access/ob_tablet_scan.h -> src/share/scn.h (include); src/data_plane/api/data_plane/transaction/ob_virtual_tx_data.h -> src/share/scn.h (include); src/data_plane/api/data_plane/transaction/ob_i_read_timestamp_service.h -> src/share/scn.h (forward)
storage-api	ob-values	listed	30	21	0	0	0	0	0	0	0	0	9	src/data_plane/api/data_plane/access/ob_tablet_scan.h -> src/oblib/common/ob_common_types.h (include); src/data_plane/api/data_plane/access/ob_tablet_scan.h -> src/oblib/common/ob_tablet_id.h (include); src/data_plane/api/data_plane/access/ob_dml_execution.h -> src/oblib/common/timezone/ob_timezone_info.h (forward)
storage-api	ob-values-doc	listed	1	1	0	0	0	0	0	0	0	0	0	src/query/api/query/engine/basic/ob_pushdown_filter.h -> src/share/semistruct/ob_sub_column_path.h (include)
storage-api	ob-share	listed	2	1	0	0	0	0	0	0	0	0	1	src/data_plane/api/data_plane/ob_inner_sql_transmit_arg.h -> src/oblib/common/mysqlclient/ob_mysql_proxy.h (include); src/data_plane/api/data_plane/ob_i_storage_estimator.h -> src/share/ob_simple_batch.h (forward)
storage-api	ob-schema	listed	3	1	0	0	0	0	0	0	0	0	2	src/data_plane/api/data_plane/access/ob_tablet_scan.h -> src/share/schema/ob_schema_getter_guard.h (include); src/data_plane/api/data_plane/ob_i_storage_estimator.h -> src/share/ob_est_row_count_record.h (forward); src/query/api/query/ob_sql_define.h -> src/share/schema/ob_schema_struct.h (forward)
storage-api	geo-sys	listed	1	0	0	0	0	0	1	0	0	0	0	src/data_plane/api/data_plane/access/ob_tablet_scan.h -> src/share/geo/ob_s2adapter.h (island)
storage-api	ob-log	listed	1	0	0	0	0	0	0	0	0	0	1	src/data_plane/api/data_plane/ob_log_service_handler.h -> src/share/log/ob_log_base_type.h (forward)
storage-api	storage-sstable	upward-unnamed	5	2	0	0	0	0	0	0	0	0	3	src/sql/engine/basic/ob_pushdown_filter.cpp -> src/data_plane/api/data_plane/access/ob_micro_block_filter.h (include); src/sql/engine/basic/ob_pushdown_filter.cpp -> src/data_plane/api/data_plane/blocksstable/ob_datum_row.h (include); src/query/api/query/engine/basic/ob_pushdown_filter.h -> src/data_plane/api/data_plane/blocksstable/ob_datum_row.h (forward)
storage-api	storage-tablet	upward-unnamed	10	3	1	0	0	0	0	0	0	0	6	src/sql/engine/basic/ob_pushdown_filter.cpp -> src/data_plane/api/data_plane/access/ob_datum_reshape.h (include); src/sql/engine/basic/ob_pushdown_filter.cpp -> src/data_plane/api/data_plane/access/ob_sample_filter_factory.h (include); src/query/api/query/engine/basic/ob_pushdown_filter.h -> src/storage/access/ob_block_row_store.cpp (definition)
storage-api	sql-ir	upward-unnamed	4	2	0	0	0	0	0	0	0	0	2	src/sql/engine/basic/ob_pushdown_filter.cpp -> src/sql/engine/expr/ob_json_param_type.h (include); src/sql/engine/basic/ob_pushdown_filter.cpp -> src/sql/resolver/expr/ob_raw_expr_util.h (include); src/data_plane/api/data_plane/access/ob_tablet_scan.h -> src/query/api/query/engine/expr/ob_sql_expression.h (forward)
storage-api	sql-exec	upward-named	8	6	0	0	0	0	0	0	0	0	2	src/query/api/query/engine/basic/ob_pushdown_filter.h -> src/query/api/query/engine/expr/ob_expr.h (include); src/query/api/query/engine/basic/ob_pushdown_filter.h -> src/query/api/query/engine/ob_operator.h (include); src/data_plane/api/data_plane/access/ob_tablet_scan.h -> src/query/api/query/engine/expr/ob_expr.h (forward)
storage-api	sql-expr	upward-named	4	3	0	0	0	0	0	0	0	0	1	src/query/api/query/engine/basic/ob_pushdown_filter.h -> src/query/api/query/engine/expr/ob_expr_in.h (include); src/sql/engine/basic/ob_pushdown_filter.cpp -> src/sql/engine/expr/ob_expr_json_func_helper.h (include); src/query/api/query/engine/basic/ob_pushdown_filter.h -> src/query/api/query/engine/expr/ob_expr_operator.h (forward)
storage-api	sql-engine	upward-unnamed	1	1	0	0	0	0	0	0	0	0	0	src/sql/engine/basic/ob_pushdown_filter.cpp -> src/sql/engine/aggregate/ob_pushdown_aggregate_program.h (include)
storage-api	sql-codegen	upward-unnamed	2	1	0	0	0	0	0	0	0	0	1	src/sql/engine/basic/ob_pushdown_filter.cpp -> src/sql/code_generator/ob_static_engine_cg.h (include); src/query/api/query/engine/basic/ob_pushdown_filter.h -> src/sql/code_generator/ob_static_engine_cg.h (forward)
storage-sstable	ob-errno	listed	7	0	0	0	0	3	0	0	0	4	0	src/storage/tmp_file/ob_i_tmp_file.cpp -> src/share/mysql_errno.h (via-generated); src/storage/tmp_file/ob_tmp_file_flush_list_iterator.cpp -> src/share/mysql_errno.h (via-generated); src/data_plane/api/data_plane/blocksstable/ob_datum_row_iterator.h -> src/oblib/lib/ob_errno.h (generated)
storage-sstable	ob-base	listed	147	144	0	0	0	0	0	0	0	0	3	src/data_plane/api/data_plane/blocksstable/ob_datum_row.h -> src/oblib/lib/allocator/page_arena.h (include); src/data_plane/api/data_plane/blocksstable/ob_datum_row.h -> src/oblib/lib/oblog/ob_log_module.h (include); src/data_plane/api/data_plane/blocksstable/ob_datum_row_factory.h -> src/oblib/lib/alloc/ob_iallocator.h (forward)
storage-sstable	ob-runtime	listed	67	67	0	0	0	0	0	0	0	0	0	src/data_plane/api/data_plane/blocksstable/ob_datum_row_iterator.h -> src/share/allocator/ob_reserve_arena.h (include); src/data_plane/api/data_plane/blocksstable/ob_index_block_util.h -> src/oblib/common/ob_version_def.h (include)
storage-sstable	ob-values	listed	35	34	0	0	0	0	0	0	0	0	1	src/data_plane/api/data_plane/blocksstable/ob_index_block_util.h -> src/oblib/common/datum/ob_datum.h (include); src/data_plane/api/data_plane/blocksstable/ob_storage_datum.h -> src/oblib/common/datum/ob_datum.h (include); src/storage/blocksstable/ob_row_writer.h -> src/oblib/common/object/ob_object.h (forward)
storage-sstable	ob-share	listed	12	12	0	0	0	0	0	0	0	0	0	src/data_plane/api/data_plane/blocksstable/ob_datum_row.h -> src/share/transaction/ob_tx_id.h (include); src/storage/blocksstable/index_block/ob_index_block_builder.cpp -> src/share/ob_io_device_helper.h (include)
storage-sstable	ob-schema	listed	17	9	0	0	0	0	0	0	0	0	8	src/storage/blocksstable/index_block/ob_index_block_util.cpp -> src/share/schema/ob_schema_struct.h (include); src/storage/blocksstable/index_block/ob_index_block_util.cpp -> src/share/schema/ob_table_schema.h (include); src/data_plane/api/data_plane/blocksstable/ob_index_block_util.h -> src/share/schema/ob_schema_struct.h (forward)
storage-sstable	storage-api	listed	24	19	0	0	0	0	0	0	0	0	5	src/data_plane/api/data_plane/blocksstable/ob_storage_datum_utils.h -> src/data_plane/api/data_plane/meta/ob_fixed_meta_obj_array.h (include); src/storage/blocksstable/encoding/ob_dict_decoder.cpp -> src/data_plane/api/data_plane/encoding/ob_cpu_features.h (include); src/data_plane/api/data_plane/access/ob_micro_block_filter.h -> src/oblib/lib/container/ob_bitmap.h (forward)
storage-sstable	storage-tx	upward-named	3	3	0	0	0	0	0	0	0	0	0	src/storage/blocksstable/index_block/ob_index_block_row_scanner.h -> src/storage/memtable/mvcc/ob_keybtree.h (include); src/storage/blocksstable/ob_micro_block_row_scanner.cpp -> src/storage/memtable/ob_row_conflict_handler.h (include)
storage-sstable	storage-tablet	upward-named	128	102	0	0	0	0	0	0	0	0	26	src/storage/access/ob_index_sstable_estimator.h -> src/storage/access/ob_micro_block_handle_mgr.h (include); src/storage/access/ob_index_sstable_estimator.h -> src/storage/tablet/ob_tablet.h (include); src/data_plane/api/data_plane/blocksstable/ob_datum_row.h -> src/storage/ob_i_store.h (forward)
storage-sstable	storage-engine	upward-named	15	14	0	0	0	0	0	0	0	0	1	src/storage/blocksstable/index_block/ob_ddl_index_block_row_iterator.cpp -> src/storage/ddl/ob_tablet_ddl_kv.h (include); src/storage/blocksstable/ob_bloom_filter_cache.cpp -> src/storage/compaction/ob_tablet_scheduler.h (include); src/storage/blocksstable/index_block/ob_sstable_sec_meta_iterator.h -> src/storage/ddl/ob_tablet_ddl_kv.h (forward)
storage-sstable	sql-expr	upward-named	2	2	0	0	0	0	0	0	0	0	0	src/storage/blocksstable/index_block/ob_index_block_aggregator.cpp -> src/query/api/query/engine/expr/ob_expr_bm25.h (include); src/storage/blocksstable/index_block/ob_index_block_aggregator.cpp -> src/query/api/query/engine/expr/ob_expr_util.h (include)
storage-tx	ob-errno	listed	14	0	0	0	0	4	0	0	0	10	0	src/storage/deadlock/ob_deadlock_key_wrapper.h -> src/share/mysql_errno.h (via-generated); src/storage/memtable/mvcc/ob_keybtree.cpp -> src/share/mysql_errno.h (via-generated); src/storage/deadlock/ob_deadlock_key_wrapper.h -> src/oblib/lib/ob_errno.h (generated)
storage-tx	ob-base	listed	292	274	0	0	0	1	0	0	0	0	17	src/data_plane/api/data_plane/memtable/ob_write_flag.h -> src/oblib/lib/utility/ob_print_utils.h (include); src/data_plane/api/data_plane/memtable/ob_write_flag.h -> src/oblib/lib/utility/ob_unify_serialize.h (include); src/storage/tablelock/ob_lock_utils.h -> src/share/ob_define.h (via-generated)
storage-tx	ob-runtime	listed	98	91	0	0	0	1	0	0	0	0	6	src/data_plane/api/data_plane/transaction/ob_tx_desc_access.h -> src/share/scn.h (include); src/data_plane/api/data_plane/transaction/ob_tx_read_snapshot.h -> src/share/scn.h (include); src/storage/tablelock/ob_lock_utils.h -> src/share/ob_version_parser.h (via-generated)
storage-tx	ob-values	listed	39	32	0	0	0	0	0	0	0	0	7	src/storage/checkpoint/ob_common_checkpoint.h -> src/oblib/common/ob_tablet_id.h (include); src/storage/concurrency_control/ob_trans_stat_row.h -> src/oblib/common/datum/ob_datum.h (include); src/storage/memtable/ob_memtable_interface.h -> src/oblib/common/ob_range.h (forward)
storage-tx	ob-share	listed	53	42	0	0	0	0	0	0	0	0	11	src/data_plane/api/data_plane/tablelock/ob_session_table_lock.h -> src/share/ob_lock_metadata_session.h (include); src/data_plane/api/data_plane/transaction/ob_deadlock.h -> src/share/transaction/ob_tx_id.h (include); src/data_plane/api/data_plane/tablelock/ob_session_table_lock.h -> src/oblib/common/mysqlclient/ob_isql_client.h (forward)
storage-tx	ob-schema	listed	8	4	0	0	0	0	0	0	0	1	3	src/storage/memtable/ob_memtable_key.h -> src/share/schema/ob_table_schema.h (include); src/storage/memtable/ob_memtable_mutator.h -> src/share/ob_rpc_struct.h (include); src/storage/tablelock/ob_lock_utils.h -> build_release/generated/share/inner_table/ob_inner_table_schema.h (generated)
storage-tx	vsag-sys	listed	2	1	0	0	0	0	1	0	0	0	0	src/storage/allocator/ob_vector_allocator.cpp -> src/share/roaringbitmap/ob_rb_memory_mgr.h (include); src/storage/allocator/ob_vector_allocator.h -> src/oblib/lib/vector/ob_vector_util.h (island)
storage-tx	ob-log	listed	25	24	0	0	0	0	0	0	0	0	1	src/storage/memtable/ob_memtable.cpp -> src/logservice/ob_log_service.h (include); src/storage/tablelock/ob_lock_memtable.h -> src/logservice/ob_append_callback.h (include); src/storage/tx/ob_keep_alive_ls_handler.h -> src/logservice/ob_log_handler.h (forward)
storage-tx	storage-api	listed	17	10	0	0	0	0	0	0	0	0	7	src/data_plane/api/data_plane/transaction/ob_tx_control.h -> src/data_plane/api/data_plane/transaction/ob_tx_seq.h (include); src/data_plane/api/data_plane/transaction/ob_tx_read_snapshot.h -> src/data_plane/api/data_plane/transaction/ob_tx_seq.h (include); src/data_plane/api/data_plane/transaction/ob_i_transaction_service.h -> src/data_plane/api/data_plane/transaction/ob_i_tx_callback.h (forward)
storage-tx	storage-sstable	listed	24	18	0	0	0	0	0	0	0	0	6	src/storage/memtable/mvcc/ob_multi_version_iterator.h -> src/storage/blocksstable/ob_datum_row.h (include); src/storage/memtable/mvcc/ob_mvcc.h -> src/storage/blocksstable/ob_datum_row.h (include); src/storage/memtable/ob_memtable_read_row_util.h -> src/data_plane/api/data_plane/blocksstable/ob_datum_row.h (forward)
storage-tx	storage-tablet	upward-named	110	76	6	0	0	0	0	0	0	0	28	src/storage/allocator/ob_shared_memory_allocator_mgr.h -> src/storage/ls/ob_ls.h (include); src/storage/allocator/ob_shared_memory_allocator_mgr.h -> src/storage/tx_storage/ob_memstore_freezer.h (include); src/storage/allocator/ob_mds_allocator.h -> src/storage/multi_data_source/runtime_utility/mds_service.cpp (definition)
storage-tx	storage-engine	upward-named	8	7	0	0	0	0	0	0	0	0	1	src/storage/memtable/ob_memtable.cpp -> src/storage/compaction/ob_schedule_dag_func.h (include); src/storage/memtable/ob_memtable.cpp -> src/storage/ddl/ob_tablet_ddl_kv.h (include); src/storage/memtable/ob_memtable.h -> src/storage/compaction/ob_tablet_merge_task.h (forward)
storage-tx	sql-session	upward-named	5	3	0	0	0	0	0	0	0	0	2	src/storage/memtable/ob_lock_wait_mgr.h -> src/query/api/query/session/ob_deadlock_session.h (include); src/storage/tablelock/ob_table_lock_live_detector.cpp -> src/query/api/query/session/ob_deadlock_session.h (include); src/data_plane/api/data_plane/transaction/ob_deadlock.h -> src/query/api/query/session/ob_deadlock_session.h (forward)
storage-tx	sql-optimizer	upward-named	1	0	1	0	0	0	0	0	0	0	0	src/query/api/query/optimizer/stat/ob_optimizer_stat_service.h -> src/sql/optimizer/stat/ob_opt_stat_monitor_manager.cpp (definition)
storage-tx	sql	upward-named	1	0	1	0	0	0	0	0	0	0	0	src/query/api/query/tablelock/ob_table_lock_runtime.h -> src/sql/tablelock/ob_lock_executor.cpp (definition)
storage-tx	pl	upward-unnamed	1	0	1	0	0	0	0	0	0	0	0	src/query/api/query/optimizer/stat/ob_optimizer_stat_service.h -> src/pl/sys_package/ob_dbms_space.cpp (definition)
storage-tablet	ob-errno	listed	58	0	0	0	0	12	0	0	0	46	0	src/storage/checkpoint/ob_data_checkpoint.h -> src/share/mysql_errno.h (via-generated); src/storage/multi_data_source/mds_row.h -> src/share/mysql_errno.h (via-generated); src/data_plane/ob_parallel_range_task_planner.cpp -> src/oblib/lib/ob_errno.h (generated)
storage-tablet	ob-base	listed	442	408	0	0	0	0	0	0	0	0	34	src/data_plane/api/data_plane/access/ob_dml_table_plan.h -> src/oblib/lib/string/ob_string.h (include); src/data_plane/api/data_plane/access/ob_dml_table_plan.h -> src/oblib/lib/utility/ob_print_utils.h (include); src/data_plane/api/data_plane/access/ob_datum_reshape.h -> src/oblib/lib/alloc/ob_iallocator.h (forward)
storage-tablet	ob-runtime	listed	214	198	0	0	0	0	0	0	0	0	16	src/data_plane/api/data_plane/compaction/ob_i_major_freeze_coordinator.h -> src/share/scn.h (include); src/data_plane/api/data_plane/ddl/ob_direct_load_type.h -> src/oblib/common/ob_version_def.h (include); src/data_plane/api/data_plane/access/ob_datum_reshape.h -> src/oblib/common/ob_accuracy.h (forward)
storage-tablet	ob-values	listed	141	118	0	0	0	0	0	0	0	0	23	src/data_plane/api/data_plane/access/ob_table_param.h -> src/oblib/common/object/ob_object.h (include); src/data_plane/api/data_plane/access/ob_table_scan_access.h -> src/oblib/common/object/ob_object.h (include); src/data_plane/api/data_plane/access/ob_datum_reshape.h -> src/oblib/common/datum/ob_datum.h (forward)
storage-tablet	ob-values-doc	listed	4	3	0	0	0	0	0	0	0	0	1	src/storage/lob/ob_ext_info_callback.h -> src/oblib/common/json_type/ob_json_diff.h (include); src/storage/lob/ob_lob_manager.cpp -> src/oblib/common/json_type/ob_json_diff.h (include); src/data_plane/api/data_plane/lob/ob_json_lob.h -> src/oblib/common/json_type/ob_json_diff.h (forward)
storage-tablet	ob-share	listed	59	49	0	0	0	0	0	0	0	0	10	src/data_plane/api/data_plane/access/ob_table_scan_param.h -> src/share/transaction/ob_tx_id.h (include); src/storage/access/ob_datum_reshape.cpp -> src/share/ob_batch_selector.h (include); src/data_plane/api/data_plane/access/ob_datum_reshape.h -> src/share/ob_batch_selector.h (forward)
storage-tablet	ob-schema	listed	60	39	0	0	0	0	0	0	0	0	21	src/data_plane/api/data_plane/access/ob_dml_table_plan.h -> src/share/schema/ob_col_desc.h (include); src/data_plane/api/data_plane/access/ob_dml_table_plan.h -> src/share/schema/ob_schema_struct.h (include); src/data_plane/api/data_plane/access/ob_dml_table_plan.h -> src/share/schema/ob_schema_getter_guard.h (forward)
storage-tablet	ob-log	listed	39	34	0	0	0	0	0	0	0	0	5	src/storage/checkpoint/ob_checkpoint_executor.cpp -> src/logservice/ob_log_service.h (include); src/storage/checkpoint/ob_checkpoint_executor.h -> src/logservice/ob_log_handler.h (include); src/data_plane/api/data_plane/vector/ob_i_vector_index_runtime.h -> src/share/log/ob_log_base_type.h (forward)
storage-tablet	storage-api	listed	55	44	0	0	0	0	0	0	0	0	11	src/data_plane/api/data_plane/access/ob_dml_table_plan.h -> src/data_plane/api/data_plane/fts/ob_doc_id.h (include); src/data_plane/api/data_plane/access/ob_table_scan_param.h -> src/data_plane/api/data_plane/access/ob_tablet_scan.h (include); src/data_plane/api/data_plane/access/ob_datum_reshape.h -> src/query/api/query/engine/vector/ob_i_vector.h (forward)
storage-tablet	storage-sstable	listed	189	140	0	0	0	0	0	0	0	0	49	src/storage/access/ob_aggregate_base.cpp -> src/storage/blocksstable/index_block/ob_agg_row_struct.h (include); src/storage/access/ob_aggregate_base.h -> src/storage/blocksstable/ob_datum_row.h (include); src/data_plane/api/data_plane/access/ob_datum_reshape.h -> src/data_plane/api/data_plane/blocksstable/ob_storage_datum.h (forward)
storage-tablet	storage-tx	listed	138	105	0	0	0	0	0	0	0	0	33	src/data_plane/api/data_plane/access/ob_table_scan_param.h -> src/data_plane/api/data_plane/transaction/ob_tx_read_snapshot.h (include); src/data_plane/api/data_plane/ob_i_dml_service.h -> src/data_plane/api/data_plane/memtable/ob_write_flag.h (include); src/data_plane/api/data_plane/access/ob_table_scan_param.h -> src/storage/tx/ob_trans_define_v4.h (forward)
storage-tablet	storage-engine	upward-named	69	57	0	0	0	0	0	0	0	0	12	src/storage/access/ob_multiple_merge.cpp -> src/storage/compaction/ob_tablet_scheduler.h (include); src/storage/access/ob_sample_iter_helper.cpp -> src/storage/ddl/ob_tablet_ddl_kv.h (include); src/storage/access/ob_table_access_context.h -> src/storage/compaction/ob_compaction_trans_cache.h (forward)
storage-tablet	storage-search	upward-named	8	5	1	0	0	0	0	0	0	0	2	src/storage/ls/ob_ls_tablet_service.cpp -> src/query/api/query/vector/ob_vector_index_util.h (include); src/storage/ls/ob_ls_tablet_service.cpp -> src/storage/api/storage/vector/ob_i_vector_index_runtime.h (include); src/data_plane/api/data_plane/access/ob_table_scan_access.h -> src/storage/retrieval/ob_sparse_vector_block_source.cpp (definition)
storage-tablet	sql-parse-tree	upward-named	1	1	0	0	0	0	0	0	0	0	0	src/storage/ob_order_perserving_encoder.cpp -> src/query/api/query/parser/parse_node.h (include)
storage-tablet	sql-session	upward-named	1	1	0	0	0	0	0	0	0	0	0	src/storage/ob_iter_cache.cpp -> src/query/api/query/session/ob_session_access.h (include)
storage-tablet	sql-ir	upward-unnamed	1	1	0	0	0	0	0	0	0	0	0	src/storage/access/ob_table_param.cpp -> src/query/api/query/resolver/ob_raw_expr_traits.h (include)
storage-tablet	sql-exec	upward-named	6	4	0	0	0	0	0	0	0	0	2	src/storage/access/ob_aggregated_store.h -> src/query/api/query/engine/expr/ob_expr.h (include); src/storage/access/ob_pushdown_aggregate.h -> src/query/api/query/engine/expr/ob_expr.h (include); src/storage/access/ob_aggregate_base.h -> src/query/api/query/engine/expr/ob_expr.h (forward)
storage-tablet	sql-expr	upward-named	5	5	0	0	0	0	0	0	0	0	0	src/storage/access/ob_multiple_merge.cpp -> src/query/api/query/engine/expr/ob_expr_lob_utils.h (include); src/storage/access/ob_pushdown_aggregate.cpp -> src/query/api/query/engine/expr/ob_array_expr_utils.h (include)
storage-tablet	rootserver	upward-unnamed	1	0	1	0	0	0	0	0	0	0	0	src/data_plane/api/data_plane/ddl/ob_ddl_coordinator.h -> src/rootserver/ob_local_management_service.cpp (definition)
storage-tablet	observer	upward-named	5	3	2	0	0	0	0	0	0	0	0	src/storage/tablet/ob_tablet_binding_helper.cpp -> src/query/api/query/session/ob_inner_sql_connection_access.h (include); src/storage/tablet/ob_tablet_ddl_complete_mds_helper.cpp -> src/query/api/query/session/ob_inner_sql_connection_access.h (include); src/data_plane/api/data_plane/report/ob_tablet_report.h -> src/observer/ob_tablet_runtime_meta_updater.cpp (definition)
storage-tablet	x-dropped	uses-dropped	1	1	0	0	0	0	0	0	0	0	0	src/storage/multi_data_source/ob_mds_event_buffer.h -> src/oblib/easy/util/easy_time.h (include)
storage-engine	ob-errno	listed	3	0	0	0	0	1	0	0	0	2	0	src/storage/ddl/ob_ddl_redo_log_row_iterator.h -> src/share/mysql_errno.h (via-generated); src/storage/compaction/ob_medium_compaction_info.h -> src/oblib/lib/ob_errno.h (generated); src/storage/ddl/ob_ddl_redo_log_row_iterator.h -> src/share/ob_errno.h (generated)
storage-engine	ob-base	listed	94	90	0	0	0	1	0	0	0	0	3	src/data_plane/api/data_plane/ddl/ob_ddl_schedule.h -> src/oblib/lib/utility/ob_print_utils.h (include); src/data_plane/api/data_plane/ddl/ob_direct_insert.h -> src/oblib/lib/allocator/ob_allocator.h (include); src/storage/ddl/ob_ddl_lock.cpp -> src/share/ob_define.h (via-generated)
storage-engine	ob-runtime	listed	123	122	0	0	0	0	0	0	0	0	1	src/storage/compaction/filter/ob_tx_data_minor_filter.h -> src/share/scn.h (include); src/storage/compaction/ob_basic_tablet_merge_ctx.cpp -> src/share/ob_structured_event_logger.h (include); src/storage/ddl/ob_tablet_copy_util.h -> src/share/scn.h (forward)
storage-engine	ob-values	listed	35	28	0	0	0	0	0	0	0	0	7	src/data_plane/api/data_plane/ddl/ob_direct_insert.h -> src/oblib/common/ob_tablet_id.h (include); src/storage/compaction/ob_compaction_schedule_iterator.h -> src/oblib/common/ob_tablet_id.h (include); src/data_plane/api/data_plane/ddl/ob_direct_insert.h -> src/oblib/common/datum/ob_datum.h (forward)
storage-engine	ob-share	listed	62	56	0	0	0	0	0	0	0	1	5	src/storage/compaction/ob_compaction_diagnose.h -> src/share/compaction/ob_compaction_info_param.h (include); src/storage/compaction/ob_compaction_schedule_util.h -> src/share/compaction/ob_compaction_time_guard.h (include); src/storage/ddl/ob_ddl_lock.cpp -> build_release/generated/share/inner_table/ob_inner_table_schema_constants.h (generated)
storage-engine	ob-schema	listed	41	38	0	0	0	0	0	0	0	0	3	src/storage/compaction/ob_basic_tablet_merge_ctx.cpp -> src/share/schema/ob_schema_runtime_service.h (include); src/storage/compaction/ob_basic_tablet_merge_ctx.cpp -> src/share/truncate_info/ob_truncate_info_util.h (include); src/storage/ddl/ob_ddl_batch_rows.h -> src/share/schema/ob_col_desc.h (forward)
storage-engine	ob-log	listed	4	3	0	0	0	0	0	0	0	0	1	src/storage/ddl/ob_complement_data_task.cpp -> src/logservice/ob_log_service.h (include); src/storage/ddl/ob_ddl_clog.h -> src/logservice/ob_append_callback.h (include); src/storage/ddl/ob_ddl_redo_log_writer.h -> src/logservice/ob_log_handler.h (forward)
storage-engine	storage-api	listed	39	37	0	0	0	0	0	0	0	0	2	src/storage/ddl/ob_ddl_common_storage_impl.cpp -> src/query/api/query/engine/vector/ob_continuous_base.h (include); src/storage/ddl/ob_ddl_common_storage_impl.cpp -> src/query/api/query/engine/vector/ob_discrete_format.h (include); src/data_plane/api/data_plane/ddl/ob_direct_insert.h -> src/query/api/query/engine/vector/ob_i_vector.h (forward)
storage-engine	storage-sstable	listed	115	88	0	0	0	0	0	0	0	0	27	src/storage/compaction/ob_compaction_memory_pool.h -> src/storage/blocksstable/ob_data_buffer.h (include); src/storage/compaction/ob_compaction_suggestion.h -> src/storage/compaction/ob_compaction_util.h (include); src/data_plane/api/data_plane/ddl/ob_direct_insert.h -> src/query/api/query/engine/basic/ob_spill_batch_spool.h (forward)
storage-engine	storage-tx	listed	12	11	0	0	0	0	0	0	0	0	1	src/storage/compaction/ob_compaction_trans_cache.h -> src/storage/tx/ob_trans_define.h (include); src/storage/compaction/ob_compaction_trans_cache.h -> src/storage/tx/ob_tx_data_define.h (include); src/storage/compaction/ob_tablet_scheduler.h -> src/storage/memtable/ob_memtable.h (forward)
storage-engine	storage-tablet	listed	249	203	0	0	0	0	0	0	0	0	46	src/storage/compaction/filter/ob_mds_info_compaction_filter.cpp -> src/storage/truncate_info/ob_mds_info_distinct_mgr.h (include); src/storage/compaction/filter/ob_mds_info_compaction_filter.h -> src/storage/compaction/ob_i_compaction_filter.h (include); src/storage/compaction/filter/ob_mds_info_compaction_filter.h -> src/storage/truncate_info/ob_mds_info_distinct_mgr.h (forward)
storage-engine	storage-search	upward-named	8	8	0	0	0	0	0	0	0	0	0	src/storage/ddl/ob_ddl_pipeline.cpp -> src/storage/api/storage/vector/ob_i_vector_index_runtime.h (include); src/storage/ddl/ob_ddl_struct.cpp -> src/query/api/query/vector/ob_vector_index_util.h (include)
storage-engine	sql-exec	upward-named	3	2	0	0	0	0	0	0	0	0	1	src/storage/ddl/ob_ddl_vector_utils.h -> src/query/api/query/engine/ob_batch_rows.h (include); src/storage/ddl/ob_tablet_slice_writer.cpp -> src/sql/engine/ob_batch_rows.h (include); src/storage/ddl/ob_direct_load_struct.h -> src/sql/engine/ob_exec_context.h (forward)
storage-engine	sql-expr	upward-named	5	5	0	0	0	0	0	0	0	0	0	src/storage/ddl/ob_ddl_pipeline.cpp -> src/query/api/query/engine/expr/ob_array_expr_utils.h (include); src/storage/ddl/ob_ddl_pipeline.cpp -> src/query/api/query/engine/expr/ob_expr_lob_utils.h (include)
storage-engine	sql-das	upward-named	2	2	0	0	0	0	0	0	0	0	0	src/storage/ddl/ob_hnsw_embedmgr.h -> src/query/api/query/vector/ob_vector_embedding_handler.h (include); src/storage/ddl/ob_vector_index_ddl_pipeline.h -> src/query/api/query/vector/ob_vector_embedding_handler.h (include)
storage-engine	rootserver	upward-named	2	1	1	0	0	0	0	0	0	0	0	src/storage/ddl/ob_ddl_insert_dag.cpp -> src/rootserver/ddl_task/ob_ddl_task.h (include); src/data_plane/api/data_plane/ddl/ob_ddl_schedule.h -> src/rootserver/ob_local_management_service.cpp (definition)
storage-search	ob-errno	listed	21	0	0	0	0	0	0	0	0	21	0	src/data_plane/api/data_plane/fts/ob_fts_parser.h -> src/oblib/lib/ob_errno.h (generated); src/data_plane/api/data_plane/fts/ob_fts_parser_name.h -> src/oblib/lib/ob_errno.h (generated)
storage-search	ob-base	listed	153	146	0	0	0	2	0	0	0	0	5	src/data_plane/api/data_plane/fts/dict/ob_gen_dic_loader.h -> src/oblib/lib/lock/ob_tc_rwlock.h (include); src/data_plane/api/data_plane/fts/ob_fts_parser.h -> src/oblib/lib/allocator/ob_allocator.h (include); src/storage/fts/dict/ob_ft_range_dict.cpp -> src/share/ob_define.h (via-generated)
storage-search	ob-simd	listed	11	11	0	0	0	0	0	0	0	0	0	src/data_plane/api/data_plane/vector/ob_sparse_vector_ip_distance.h -> src/data_plane/api/data_plane/vector/ob_vector_op_common.h (include); src/data_plane/api/data_plane/vector/ob_vector_cosine_similarity.h -> src/data_plane/api/data_plane/vector/ob_vector_ip_distance.h (include)
storage-search	ob-runtime	listed	19	19	0	0	0	0	0	0	0	0	0	src/observer/vector_index/ob_vector_index_util.cpp -> src/oblib/lib/file/ob_string_util.h (include); src/observer/vector_index/ob_vector_index_util.cpp -> src/share/rc/ob_server_runtime.h (include)
storage-search	ob-values	listed	45	41	0	0	0	0	0	0	0	0	4	src/data_plane/api/data_plane/fts/ob_fts_parser_helper.h -> src/oblib/common/object/ob_object.h (include); src/data_plane/api/data_plane/fts/ob_fts_parser_helper.h -> src/oblib/lib/charset/ob_charset.h (include); src/data_plane/api/data_plane/fts/ob_fts_doc_word_scan.h -> src/oblib/common/datum/ob_datum.h (forward)
storage-search	ob-values-doc	listed	8	7	0	0	0	0	0	0	0	0	1	src/data_plane/api/data_plane/fts/ob_fts_parser_property.h -> src/oblib/common/json_type/ob_json_base.h (include); src/data_plane/api/data_plane/vector/ob_sparse_vector_ip_distance.h -> src/oblib/common/udt/ob_map_type.h (include); src/data_plane/api/data_plane/fts/ob_fts_parser_helper.h -> src/oblib/common/json_type/ob_json_base.h (forward)
storage-search	ob-share	listed	14	10	0	0	0	0	0	0	0	2	2	src/data_plane/api/data_plane/fts/dict/ob_dic_loader.h -> src/oblib/common/mysqlclient/ob_mysql_transaction.h (include); src/data_plane/api/data_plane/fts/dict/ob_dic_loader.h -> src/share/ob_dml_sql_splicer.h (include); src/storage/fts/dict/ob_ft_range_dict.cpp -> build_release/generated/share/inner_table/ob_inner_table_schema_constants.h (generated)
storage-search	ob-schema	listed	4	1	0	0	0	0	0	0	0	0	3	src/query/api/query/vector/ob_vector_index_util.h -> src/share/schema/ob_table_schema.h (include); src/data_plane/api/data_plane/vector/ob_vector_index_schema.h -> src/share/schema/ob_schema_getter_guard.h (forward); src/data_plane/api/data_plane/vector/ob_vector_index_schema.h -> src/share/schema/ob_table_schema.h (forward)
storage-search	geo-sys	listed	1	0	0	0	0	0	1	0	0	0	0	src/storage/vector_type/ob_vector_common_util.cpp -> src/share/geo/ob_s2adapter.h (island)
storage-search	vsag-sys	listed	1	1	0	0	0	0	0	0	0	0	0	src/observer/vector_index/ob_vector_index_util.cpp -> src/share/roaringbitmap/ob_rb_memory_mgr.h (include)
storage-search	storage-api	listed	5	4	0	0	0	0	0	0	0	0	1	src/query/api/query/vector/ob_vector_index_util.h -> src/query/api/query/engine/vector/ob_i_vector.h (include); src/storage/fts/ob_fts_doc_word_iterator.h -> src/data_plane/api/data_plane/fts/ob_doc_id.h (include); src/storage/retrieval/ob_i_sparse_retrieval_iter.h -> src/data_plane/api/data_plane/access/ob_tablet_scan.h (forward)
storage-search	storage-sstable	listed	4	3	0	0	0	0	0	0	0	0	1	src/storage/retrieval/ob_block_stat_collector.h -> src/storage/blocksstable/index_block/ob_index_block_util.h (include); src/storage/retrieval/ob_block_stat_collector.h -> src/storage/blocksstable/ob_datum_row.h (include); src/data_plane/api/data_plane/fts/ob_fts_doc_word_scan.h -> src/data_plane/api/data_plane/blocksstable/ob_datum_row.h (forward)
storage-search	storage-tx	listed	6	5	0	0	0	0	0	0	0	0	1	src/data_plane/api/data_plane/vector/ob_vector_common_util.h -> src/data_plane/api/data_plane/vector/ob_i_vector_memory.h (include); src/observer/vector_index/ob_vector_index_util.cpp -> src/storage/allocator/ob_shared_memory_allocator_mgr.h (include); src/data_plane/api/data_plane/fts/ob_fts_doc_word_scan.h -> src/data_plane/api/data_plane/transaction/ob_tx_read_snapshot.h (forward)
storage-search	storage-tablet	listed	17	14	0	0	0	0	0	0	0	0	3	src/storage/fts/ob_fts_doc_word_iterator.cpp -> src/storage/access/ob_table_scan_iterator.h (include); src/storage/fts/ob_fts_doc_word_iterator.cpp -> src/storage/tx_storage/ob_access_service.h (include); src/query/api/query/das/ob_das_iter_access.h -> src/data_plane/api/data_plane/access/ob_table_scan_param.h (forward)
storage-search	storage-engine	listed	3	2	0	0	0	0	0	0	0	0	1	src/storage/fts/dict/ob_dic_lock.h -> src/storage/ddl/ob_ddl_lock.h (include); src/storage/vector_index/ob_vector_kmeans_ctx.cpp -> src/storage/ddl/ob_direct_load_struct.h (include); src/storage/vector_index/ob_vector_kmeans_ctx.h -> src/storage/ddl/ob_ddl_struct.h (forward)
storage-search	sql-session	upward-unnamed	1	0	0	0	0	0	0	0	0	0	1	src/query/api/query/vector/ob_vector_index_util.h -> src/sql/session/ob_sql_session_info.h (forward)
storage-search	sql-ir	upward-named	3	0	0	0	0	0	0	0	0	0	3	src/query/api/query/vector/ob_vector_index_util.h -> src/sql/ob_sql_context.h (forward); src/query/api/query/vector/ob_vector_index_util.h -> src/sql/resolver/dml/ob_dml_stmt.h (forward)
storage-search	sql-exec	upward-named	8	4	0	0	0	0	0	0	0	0	4	src/observer/vector_index/ob_vector_index_util.cpp -> src/sql/engine/ob_exec_context.h (include); src/storage/retrieval/ob_sparse_taat_iter.h -> src/query/api/query/engine/basic/ob_spill_row_store.h (include); src/query/api/query/vector/ob_vector_index_util.h -> src/query/api/query/scheduler/ob_scheduler_job.h (forward)
storage-search	sql-expr	upward-named	9	9	0	0	0	0	0	0	0	0	0	src/observer/vector_index/ob_vector_index_util.cpp -> src/sql/engine/expr/ob_array_expr_utils.h (include); src/observer/vector_index/ob_vector_index_util.cpp -> src/sql/engine/expr/ob_expr_ai/ob_ai_func_utils.h (include)
storage-search	sql-das	upward-named	20	4	4	0	0	0	0	0	0	0	12	src/observer/vector_index/ob_vector_index_util.cpp -> src/query/api/query/vector/ob_vector_index_service.h (include); src/storage/api/storage/vector/ob_i_vector_index_runtime.h -> src/query/api/query/vector/ob_vector_embedding_handler.h (include); src/query/api/query/das/ob_das_iter_access.h -> src/sql/das/iter/ob_das_scan_iter.cpp (definition)
storage-search	sql-resolver	upward-named	2	2	0	0	0	0	0	0	0	0	0	src/observer/vector_index/ob_vector_index_util.cpp -> src/sql/resolver/ddl/ob_fts_index_builder_util.h (include); src/observer/vector_index/ob_vector_index_util.cpp -> src/sql/resolver/ddl/ob_vec_index_builder_util.h (include)
storage-search	rootserver	upward-named	4	2	0	0	0	0	0	0	0	0	2	src/observer/vector_index/ob_vector_index_util.cpp -> src/rootserver/ob_ddl_operator.h (include); src/observer/vector_index/ob_vector_index_util.cpp -> src/rootserver/ob_ddl_service.h (include); src/query/api/query/vector/ob_vector_index_util.h -> src/rootserver/ob_ddl_operator.h (forward)
storage-search	observer	upward-named	7	6	1	0	0	0	0	0	0	0	0	src/observer/vector_index/ob_vector_index_util.cpp -> src/observer/vector_index/ob_plugin_vector_index_service.h (include); src/observer/vector_index/ob_vector_index_util.cpp -> src/observer/vector_index/ob_plugin_vector_index_utils.h (include); src/query/api/query/vector/ob_vector_index_util.h -> src/observer/vector_index/ob_plugin_vector_index_adaptor.cpp (definition)
sql-parse-tree	ob-errno	listed	2	0	0	0	0	1	0	0	0	1	0	src/sql/parser/ob_parser_utils.h -> src/share/mysql_errno.h (via-generated); src/sql/parser/ob_parser_utils.h -> src/share/ob_errno.h (generated)
sql-parse-tree	ob-base	listed	6	6	0	0	0	0	0	0	0	0	0	src/objit/include/objit/common/ob_item_type.h -> src/oblib/lib/utility/ob_print_utils.h (include); src/query/api/query/parser/ob_item_type.h -> src/oblib/lib/utility/ob_print_utils.h (include)
sql-parse-tree	ob-runtime	listed	1	1	0	0	0	0	0	0	0	0	0	src/query/api/query/parser/ob_item_type.h -> src/share/cache/ob_cache_type.h (include)
sql-parse-tree	ob-values	listed	2	1	0	0	0	0	0	0	0	0	1	src/query/api/query/parser/parse_node.h -> src/oblib/common/sql_mode/ob_sql_mode.h (include); src/query/api/query/parser/parse_node.h -> src/oblib/lib/charset/ob_ctype.h (forward)
sql-parse-tree	sql-ir	upward-unnamed	1	0	1	0	0	0	0	0	0	0	0	src/query/api/query/parser/parse_node.h -> src/sql/ob_sql_utils.cpp (definition)
sql-parse-tree	sql-parser	upward-unnamed	1	0	1	0	0	0	0	0	0	0	0	src/query/api/query/parser/parse_node.h -> src/pl/parser/ob_pl_parser.cpp (definition)
sql-parse-tree	pl	upward-unnamed	1	0	1	0	0	0	0	0	0	0	0	src/query/api/query/parser/parse_node.h -> src/pl/ob_pl_stmt.cpp (definition)
sql-parser-sys	ob-errno	listed	2	0	0	0	0	1	0	0	0	1	0	src/sql/parser/ob_sql_parser.cpp -> src/share/mysql_errno.h (via-generated); src/sql/parser/ob_sql_parser.cpp -> src/share/ob_errno.h (generated)
sql-parser-sys	ob-base	listed	14	5	0	0	0	0	0	8	0	0	1	src/sql/parser/ob_sql_parser.cpp -> src/oblib/lib/utility/ob_macro_utils.h (include); src/sql/parser/parse_malloc.cpp -> src/oblib/lib/allocator/ob_allocator.h (include); src/pl/parser/pl_parser_base.h -> src/oblib/lib/ob_date_unit_type.h (from-island)
sql-parser-sys	ob-values	listed	4	2	0	0	0	0	0	2	0	0	0	src/sql/parser/ob_parser_charset_utils.cpp -> src/oblib/lib/charset/ob_charset.h (include); src/sql/parser/parse_malloc.cpp -> src/oblib/lib/charset/ob_ctype.h (include); src/pl/parser/pl_parser_base.h -> src/oblib/lib/charset/ob_ctype_simple.cc (from-island)
sql-parser-sys	ob-schema	gone	1	0	0	0	0	0	0	1	0	0	0	src/sql/parser/sql_parser_base.h -> src/share/schema/ob_priv_type.h (from-island)
sql-parser-sys	sql-parse-tree	listed	12	3	0	0	0	0	1	8	0	0	0	src/sql/parser/ob_sql_parser.cpp -> src/sql/parser/parse_node.h (include); src/sql/parser/ob_sql_parser.h -> src/sql/parser/parse_node.h (include); src/pl/parser/pl_parser_base.h -> src/sql/parser/parse_node.c (island)
sql-parser-sys	sql-parser	upward-named	1	0	0	0	0	0	0	1	0	0	0	src/sql/parser/parse_node.c -> src/sql/parser/ob_parse_simd.cpp (from-island)
sql-session	ob-errno	listed	1	0	0	0	0	0	0	0	0	1	0	src/query/api/query/command/ob_root_service_serialization.h -> src/oblib/lib/ob_errno.h (generated)
sql-session	ob-base	listed	51	46	0	0	0	4	0	0	0	0	1	src/query/api/query/command/ob_root_service_serialization.h -> src/oblib/lib/lock/ob_mutex.h (include); src/query/api/query/command/ob_root_service_serialization.h -> src/oblib/lib/oblog/ob_log_module.h (include); src/sql/session/ob_basic_session_info.h -> src/oblib/lib/allocator/page_arena.h (via-generated)
sql-session	ob-runtime	listed	11	9	0	0	0	0	0	0	0	0	2	src/sql/session/ob_basic_session_info.cpp -> src/share/ob_version_parser.h (include); src/sql/session/ob_basic_session_info.cpp -> src/share/rc/ob_server_runtime.h (include); src/sql/session/ob_basic_session_info.h -> src/oblib/rpc/obmysql/obsm_struct.h (forward)
sql-session	ob-values	listed	15	10	0	0	0	3	0	0	0	0	2	src/query/api/query/session/ob_session_access.h -> src/oblib/common/object/ob_object.h (include); src/sql/session/ob_basic_session_info.cpp -> src/oblib/common/number/ob_number_v2.h (include); src/sql/session/ob_basic_session_info.h -> src/oblib/common/object/ob_object.h (via-generated)
sql-session	ob-share	listed	12	10	0	0	0	0	0	0	0	0	2	src/query/api/query/session/ob_session_inner_sql.h -> src/share/ob_lock_metadata_session.h (include); src/sql/session/ob_basic_session_info.cpp -> src/share/ob_server_struct.h (include); src/sql/session/ob_sql_session_info.h -> src/oblib/common/mysqlclient/ob_isql_connection.h (forward)
sql-session	ob-schema	listed	16	12	0	0	0	0	0	0	0	4	0	src/query/api/query/session/ob_local_session_var.h -> src/share/session/ob_local_session_var.h (include); src/sql/session/ob_basic_session_info.h -> src/share/schema/ob_schema_getter_guard.h (include); src/sql/session/ob_system_variable.cpp -> src/share/system_variable/ob_sys_var_meta.h (generated)
sql-session	geo-sys	listed	1	0	0	0	0	0	0	0	0	0	1	src/sql/session/ob_sql_session_info.h -> src/share/geo/ob_srs_provider.h (forward)
sql-session	storage-api	listed	3	3	0	0	0	0	0	0	0	0	0	src/sql/session/ob_basic_session_info.h -> src/data_plane/api/data_plane/transaction/ob_i_tx_callback.h (include); src/sql/session/ob_basic_session_info.h -> src/data_plane/api/data_plane/transaction/ob_xa_id.h (include)
sql-session	storage-tx	listed	9	8	0	0	0	0	0	0	0	0	1	src/sql/session/ob_basic_session_info.cpp -> src/data_plane/api/data_plane/transaction/ob_i_transaction_service.h (include); src/sql/session/ob_basic_session_info.h -> src/data_plane/api/data_plane/transaction/ob_tx_desc_access.h (include); src/sql/session/ob_basic_session_info.h -> src/storage/tx/ob_trans_define_v4.h (forward)
sql-session	storage-tablet	listed	1	1	0	0	0	0	0	0	0	0	0	src/sql/session/ob_sql_session_info.cpp -> src/data_plane/api/data_plane/ob_iter_cache_api.h (include)
sql-session	sql-parse-tree	listed	1	1	0	0	0	0	0	0	0	0	0	src/sql/session/ob_basic_session_info.h -> src/sql/parser/ob_parser_utils.h (include)
sql-session	sql-ir	upward-named	1	1	0	0	0	0	0	0	0	0	0	src/sql/session/ob_sql_session_info.h -> src/sql/ob_optimizer_trace_impl.h (include)
sql-session	sql-exec	upward-named	8	4	0	0	0	0	0	0	0	0	4	src/sql/session/ob_basic_session_info.cpp -> src/sql/engine/ob_physical_plan.h (include); src/sql/session/ob_sql_session_info.cpp -> src/query/api/query/command/ob_root_command_service.h (include); src/sql/session/ob_basic_session_info.h -> src/sql/engine/ob_physical_plan.h (forward)
sql-session	sql-expr	upward-named	3	3	0	0	0	0	0	0	0	0	0	src/sql/session/ob_basic_session_info.cpp -> src/sql/engine/expr/ob_expr_regexp_context.h (include); src/sql/session/ob_system_variable.cpp -> src/sql/engine/expr/ob_expr_plsql_variable.h (include)
sql-session	sql-engine	upward-named	1	1	0	0	0	0	0	0	0	0	0	src/sql/session/ob_sql_session_mgr.cpp -> src/sql/engine/dml/ob_trigger_handler.h (include)
sql-session	sql-optimizer	upward-named	1	1	0	0	0	0	0	0	0	0	0	src/sql/session/ob_sql_session_info.cpp -> src/sql/optimizer/stat/ob_opt_stat_manager.h (include)
sql-session	sql	upward-named	11	7	0	0	0	0	0	0	0	0	4	src/sql/session/ob_basic_session_info.cpp -> src/sql/plan_cache/ob_prepare_stmt_struct.h (include); src/sql/session/ob_basic_session_info.h -> src/sql/ob_sql_context.h (include); src/sql/session/ob_sql_session_info.h -> src/sql/plan_cache/ob_prepare_stmt_struct.h (forward)
sql-session	pl	upward-named	7	4	0	0	0	0	0	0	0	0	3	src/sql/session/ob_basic_session_info.cpp -> src/sql/pl/ob_pl_package_state.h (include); src/sql/session/ob_basic_session_info.cpp -> src/sql/pl/ob_pl_server_cursor.h (include); src/sql/session/ob_sql_session_info.h -> src/sql/pl/ob_pl.h (forward)
sql-session	observer	upward-named	3	2	0	0	0	0	0	0	0	0	1	src/query/api/query/session/ob_session_inner_sql.h -> src/query/api/query/session/ob_inner_sql_connection_access.h (include); src/sql/session/ob_basic_session_info.cpp -> src/oblib/rpc/obmysql/ob_sql_sock_session.h (include); src/sql/session/ob_sql_session_info.h -> src/sql/ob_mysql_end_trans_cb.h (forward)
sql-ir	ob-base	listed	100	97	0	0	0	0	0	0	0	0	3	src/query/api/query/engine/expr/ob_expr_res_type.h -> src/oblib/lib/container/ob_fixed_array.h (include); src/query/api/query/engine/expr/ob_expr_res_type.h -> src/oblib/lib/container/ob_iarray.h (include); src/query/api/query/engine/expr/ob_sql_expression.h -> src/oblib/lib/alloc/ob_iallocator.h (forward)
sql-ir	ob-runtime	listed	9	9	0	0	0	0	0	0	0	0	0	src/query/api/query/engine/expr/ob_expr_res_type.h -> src/oblib/common/mysqlclient/ob_mysql_global.h (include); src/sql/engine/sort/ob_base_sort.h -> src/share/ob_version_parser.h (include)
sql-ir	ob-values	listed	36	26	0	0	0	0	0	0	0	0	10	src/query/api/query/engine/expr/ob_expr_res_type.h -> src/oblib/common/enumset/ob_enum_set_meta.h (include); src/query/api/query/engine/expr/ob_expr_res_type.h -> src/oblib/common/ob_accuracy.h (include); src/query/api/query/engine/expr/ob_sql_expression.h -> src/oblib/common/row/ob_row.h (forward)
sql-ir	ob-values-doc	listed	2	2	0	0	0	0	0	0	0	0	0	src/sql/pl/ob_pl_user_type.h -> src/oblib/common/json_type/ob_json_tree.h (include); src/sql/resolver/expr/ob_raw_expr_util.h -> src/oblib/common/udt/ob_array_type.h (include)
sql-ir	ob-share	listed	8	6	0	0	0	0	0	0	0	0	2	src/sql/ob_optimizer_trace_impl.cpp -> src/share/ob_version.h (include); src/sql/ob_sql_utils.cpp -> src/share/ob_timezone_mgr.h (include); src/sql/printer/ob_schema_printer.h -> src/oblib/common/mysqlclient/ob_mysql_proxy.h (forward)
sql-ir	ob-schema	listed	28	17	0	0	0	0	0	0	0	0	11	src/pl/ob_pl_type.cpp -> src/share/schema/ob_routine_info.h (include); src/sql/ob_sql_utils.cpp -> src/share/schema/ob_schema_struct.h (include); src/sql/ob_sql_context.h -> src/share/schema/ob_column_schema.h (forward)
sql-ir	geo-sys	listed	6	0	0	0	0	0	3	0	0	0	3	src/sql/ob_sql_utils.cpp -> src/share/geo/ob_srs_provider.h (island); src/sql/ob_sql_utils.h -> src/share/geo/ob_s2adapter.h (island); src/sql/ob_sql_utils.h -> src/share/geo/ob_srs_provider.h (forward)
sql-ir	storage-api	listed	5	5	0	0	0	0	0	0	0	0	0	src/sql/engine/sort/ob_base_sort.h -> src/sql/ob_sql_define.h (include); src/sql/ob_sql_utils.h -> src/sql/ob_sql_define.h (include)
sql-ir	storage-tx	listed	2	2	0	0	0	0	0	0	0	0	0	src/pl/ob_pl_type.cpp -> src/data_plane/api/data_plane/transaction/ob_i_transaction_service.h (include); src/sql/pl/ob_pl_type.h -> src/data_plane/api/data_plane/transaction/ob_tx_read_snapshot.h (include)
sql-ir	storage-tablet	listed	2	2	0	0	0	0	0	0	0	0	0	src/sql/optimizer/ob_optimizer_util.cpp -> src/data_plane/api/data_plane/access/ob_parallel_range_task_planner.h (include); src/sql/optimizer/ob_optimizer_util.cpp -> src/data_plane/api/data_plane/ob_order_perserving_encoder.h (include)
sql-ir	storage-search	listed	1	1	0	0	0	0	0	0	0	0	0	src/sql/resolver/dml/ob_dml_stmt.h -> src/query/api/query/vector/ob_vector_index_param.h (include)
sql-ir	sql-parse-tree	listed	8	8	0	0	0	0	0	0	0	0	0	src/sql/ob_sql_utils.h -> src/sql/parser/parse_node.h (include); src/sql/parser/ob_item_type_str.h -> src/sql/parser/ob_item_type.h (include)
sql-ir	sql-parser-sys	listed	2	1	0	0	0	0	1	0	0	0	0	src/sql/resolver/expr/ob_raw_expr_util.cpp -> src/sql/parser/ob_sql_parser.h (include); src/sql/ob_sql_utils.cpp -> src/sql/parser/ob_non_reserved_keywords.h (island)
sql-ir	sql-session	listed	13	4	0	0	0	0	0	0	0	0	9	src/sql/ob_sql_utils.h -> src/sql/session/ob_local_session_var.h (include); src/sql/resolver/expr/ob_raw_expr.h -> src/sql/session/ob_system_variable.h (include); src/query/api/query/engine/expr/ob_sql_expression.h -> src/sql/session/ob_sql_session_info.h (forward)
sql-ir	sql-exec	upward-named	8	2	0	0	0	0	0	0	0	0	6	src/pl/ob_pl_user_type.cpp -> src/query/api/query/protocol/ob_mysql_protocol_util.h (include); src/sql/ob_sql_utils.h -> src/sql/engine/expr/ob_expr_frame_info.h (include); src/query/api/query/engine/expr/ob_sql_expression.h -> src/query/api/query/engine/expr/ob_expr.h (forward)
sql-ir	sql-expr	upward-named	26	23	1	0	0	0	0	0	0	0	2	src/pl/ob_pl_type.cpp -> src/sql/engine/expr/ob_lob_result_materializer.h (include); src/sql/ob_sql_utils.cpp -> src/sql/engine/expr/ob_expr_func_part_hash.h (include); src/query/api/query/engine/expr/ob_expr_res_type.h -> src/sql/engine/expr/ob_expr_operator.cpp (definition)
sql-ir	sql-das	upward-named	2	0	0	0	0	0	0	0	0	0	2	src/sql/ob_optimizer_trace_impl.h -> src/sql/optimizer/ob_phy_table_location_info.h (forward); src/sql/ob_sql_utils.h -> src/sql/optimizer/ob_phy_table_location_info.h (forward)
sql-ir	sql-parser	upward-named	2	2	0	0	0	0	0	0	0	0	0	src/sql/printer/ob_schema_printer.h -> src/sql/pl/parser/ob_pl_parser.h (include); src/sql/resolver/ob_stmt.cpp -> src/sql/parser/ob_parser.h (include)
sql-ir	sql-resolver	upward-named	14	12	0	0	0	0	0	0	0	0	2	src/pl/ob_pl_type.cpp -> src/sql/resolver/ob_resolver_utils.h (include); src/pl/ob_pl_type.cpp -> src/sql/resolver/ob_stmt_resolver.h (include); src/sql/resolver/expr/ob_raw_expr.h -> src/sql/resolver/dml/ob_inlist_resolver.h (forward)
sql-ir	sql-rewrite	upward-named	11	10	0	0	0	0	0	0	0	0	1	src/sql/ob_sql_utils.cpp -> src/sql/rewrite/ob_transform_utils.h (include); src/sql/optimizer/ob_optimizer_util.cpp -> src/sql/rewrite/ob_predicate_deduce.h (include); src/sql/rewrite/ob_query_range_provider.h -> src/sql/rewrite/ob_range_generator.h (forward)
sql-ir	sql-optimizer	upward-named	24	10	0	0	0	0	0	0	0	0	14	src/sql/ob_optimizer_trace_impl.cpp -> src/sql/optimizer/ob_access_path_estimation.h (include); src/sql/ob_optimizer_trace_impl.cpp -> src/sql/optimizer/ob_log_values.h (include); src/sql/ob_optimizer_trace_impl.h -> src/sql/optimizer/ob_access_path_estimation.h (forward)
sql-ir	sql-codegen	upward-named	1	1	0	0	0	0	0	0	0	0	0	src/sql/resolver/expr/ob_raw_expr.h -> src/sql/code_generator/ob_static_engine_expr_cg.h (include)
sql-ir	sql	upward-named	18	12	0	0	0	0	0	0	0	0	6	src/sql/ob_sql_utils.cpp -> src/sql/executor/ob_maintain_dependency_info_task.h (include); src/sql/ob_sql_utils.cpp -> src/sql/ob_sql.h (include); src/sql/ob_sql_utils.h -> src/sql/executor/ob_maintain_dependency_info_task.h (forward)
sql-ir	pl	upward-named	14	7	0	0	0	0	0	0	0	0	7	src/pl/ob_pl_type.cpp -> src/pl/ob_pl_dependency_util.h (include); src/pl/ob_pl_type.cpp -> src/pl/ob_pl_package.h (include); src/sql/pl/ob_pl_type.h -> src/sql/pl/ob_pl.h (forward)
sql-exec	ob-errno	listed	2	0	0	0	0	0	0	0	0	2	0	src/query/api/query/ddl/ob_ddl_execution_guard.h -> src/oblib/lib/ob_errno.h (generated); src/query/api/query/protocol/ob_mysql_rust_row.h -> src/oblib/lib/ob_errno.h (generated)
sql-exec	ob-base	listed	149	137	0	0	0	0	0	0	0	0	12	src/query/api/query/command/ob_local_command_service.h -> src/share/ob_define.h (include); src/query/api/query/engine/basic/ob_batch_result_holder.h -> src/oblib/lib/allocator/page_arena.h (include); src/query/api/query/ai/ob_ai_endpoint_admin.h -> src/oblib/lib/allocator/page_arena.h (forward)
sql-exec	ob-runtime	listed	16	11	0	0	0	0	0	0	0	0	5	src/query/api/query/monitor/ob_monitor_node.h -> src/share/diagnosis/ob_sql_monitor_statname.h (include); src/query/api/query/protocol/ob_mysql_protocol_util.h -> src/oblib/common/mysqlclient/ob_mysql_global.h (include); src/query/api/query/protocol/ob_client_protocol.h -> src/oblib/rpc/obmysql/ob_i_cs_mem_pool.h (forward)
sql-exec	ob-values	listed	54	46	0	0	0	0	0	0	0	0	8	src/query/api/query/engine/basic/ob_batch_result_holder.h -> src/oblib/common/datum/ob_datum.h (include); src/query/api/query/engine/basic/ob_spill_row_store.h -> src/share/vector/ob_bit_vector.h (include); src/query/api/query/command/ob_local_command_service.h -> src/oblib/common/ob_timeout_ctx.h (forward)
sql-exec	ob-values-doc	listed	6	5	0	0	0	0	0	0	0	0	1	src/query/protocol/ob_mysql_protocol_util.cpp -> src/oblib/common/json_type/ob_json_bin.h (include); src/sql/engine/ob_exec_context.h -> src/oblib/common/udt/ob_udt_type.h (include); src/query/api/query/ai/ob_ai_endpoint_admin.h -> src/oblib/common/json_type/ob_json_base.h (forward)
sql-exec	ob-share	listed	9	4	0	0	0	0	0	0	0	0	5	src/sql/engine/ob_exec_context.cpp -> src/share/ob_server_struct.h (include); src/sql/engine/ob_physical_plan.cpp -> src/share/ob_truncated_string.h (include); src/query/api/query/change_stream/ob_change_stream_service.h -> src/oblib/common/mysqlclient/ob_mysql_proxy.h (forward)
sql-exec	ob-schema	listed	18	7	0	0	0	0	0	0	0	0	11	src/query/api/query/command/ob_root_command_service.h -> src/share/ob_rpc_struct.h (include); src/query/api/query/engine/ob_operator.h -> src/share/schema/ob_schema_struct.h (include); src/query/api/query/command/ob_local_command_service.h -> src/share/ob_rpc_struct.h (forward)
sql-exec	geo-sys	listed	1	0	0	0	0	0	0	0	0	0	1	src/sql/engine/ob_exec_context.h -> src/share/geo/ob_srs_provider.h (forward)
sql-exec	storage-api	listed	13	11	0	0	0	0	0	0	0	0	2	src/query/api/query/engine/ob_operator.h -> src/query/api/query/ob_sql_define.h (include); src/sql/engine/basic/chunk_store/ob_compact_block_writer.h -> src/sql/ob_sql_define.h (include); src/query/api/query/engine/expr/ob_expr.h -> src/query/api/query/ob_sql_define.h (forward)
sql-exec	storage-sstable	listed	9	9	0	0	0	0	0	0	0	0	0	src/sql/engine/basic/chunk_store/ob_compact_block_writer.cpp -> src/data_plane/api/data_plane/blocksstable/ob_storage_datum.h (include); src/sql/engine/basic/chunk_store/ob_default_block_writer.cpp -> src/data_plane/api/data_plane/blocksstable/ob_storage_datum.h (include)
sql-exec	storage-tx	listed	10	9	0	0	0	0	0	0	0	0	1	src/sql/engine/ob_physical_plan_ctx.h -> src/data_plane/api/data_plane/transaction/ob_tx_options.h (include); src/sql/ob_sql_trans_control.cpp -> src/data_plane/api/data_plane/tablelock/ob_table_lock.h (include); src/sql/ob_sql_trans_control.h -> src/storage/tx/ob_trans_define_v4.h (forward)
sql-exec	storage-tablet	listed	1	1	0	0	0	0	0	0	0	0	0	src/sql/engine/ob_exec_context.cpp -> src/data_plane/api/data_plane/lob/ob_lob_access_context.h (include)
sql-exec	sql-parse-tree	listed	1	1	0	0	0	0	0	0	0	0	0	src/query/api/query/engine/expr/ob_expr.h -> src/query/api/query/parser/ob_item_type.h (include)
sql-exec	sql-session	listed	15	7	0	0	0	0	0	0	0	0	8	src/sql/engine/ob_des_exec_context.h -> src/sql/session/ob_sql_session_mgr.h (include); src/sql/engine/ob_exec_context.cpp -> src/query/api/query/session/ob_session_access.h (include); src/query/api/query/engine/ob_exec_context_access.h -> src/sql/session/ob_sql_session_info.h (forward)
sql-exec	sql-expr	upward-named	14	11	0	0	0	0	0	0	0	0	3	src/query/api/query/engine/expr/ob_i_expr_extra_info.h -> src/query/api/query/engine/expr/ob_expr_extra_info_factory.h (include); src/sql/engine/expr/ob_expr.cpp -> src/sql/engine/expr/ob_array_expr_utils.h (include); src/query/api/query/engine/expr/ob_expr.h -> src/sql/engine/expr/ob_datum_cast.h (forward)
sql-exec	sql-das	upward-named	2	2	0	0	0	0	0	0	0	0	0	src/sql/engine/ob_exec_context.h -> src/sql/das/ob_das_context.h (include); src/sql/engine/ob_physical_plan.h -> src/sql/optimizer/ob_table_location.h (include)
sql-exec	sql-engine	upward-named	10	7	0	0	0	0	0	0	0	0	3	src/sql/engine/expr/ob_expr_frame_info.cpp -> src/sql/engine/px/ob_px_util.h (include); src/sql/engine/ob_exec_context.cpp -> src/sql/engine/px/ob_px_util.h (include); src/sql/engine/ob_exec_context.h -> src/sql/engine/dml/ob_dml_ctx_define.h (forward)
sql-exec	sql-optimizer	upward-named	2	0	0	0	0	0	0	0	0	0	2	src/sql/engine/ob_physical_plan.h -> src/sql/optimizer/ob_table_partition_info.h (forward); src/sql/ob_sql_context.h -> src/sql/optimizer/ob_table_partition_info.h (forward)
sql-exec	sql-codegen	upward-named	5	5	0	0	0	0	0	0	0	0	0	src/query/api/query/engine/ob_operator.h -> src/query/api/query/engine/ob_operator_reg.h (include); src/sql/engine/ob_operator.cpp -> src/sql/engine/ob_operator_factory.h (include)
sql-exec	sql	upward-named	17	10	0	0	0	0	0	0	0	0	7	src/sql/engine/ob_exec_context.h -> src/sql/executor/ob_sql_executor_ctx.h (include); src/sql/engine/ob_exec_context.h -> src/sql/monitor/ob_exec_stat.h (include); src/query/api/query/protocol/ob_client_protocol.h -> src/sql/ob_result_set.h (forward)
sql-exec	pl	upward-named	2	1	0	0	0	0	0	0	0	0	1	src/sql/engine/ob_exec_context.h -> src/sql/pl/ob_pl_package_guard.h (include); src/sql/engine/ob_exec_context.h -> src/sql/pl/ob_pl.h (forward)
sql-exec	sql-nio	upward-unnamed	1	0	0	0	0	0	0	0	1	0	0	src/query/api/query/protocol/ob_mysql_rust_row.h -> rust/sql-nio/include/nio.h (rust-header)
sql-exec	observer	upward-unnamed	2	0	0	1	0	0	0	0	0	0	1	src/sql/monitor/ob_monitor_node.cpp -> src/observer/ob_server.cpp (link); src/sql/engine/table/ob_i_virtual_table_iterator_factory.h -> src/observer/virtual_table/ob_virtual_table_iterator.h (forward)
sql-expr	ob-errno	listed	7	0	0	0	0	3	0	0	0	4	0	src/query/api/query/engine/expr/ob_expr_operator.h -> src/share/mysql_errno.h (via-generated); src/sql/engine/expr/ob_datum_cast.h -> src/share/mysql_errno.h (via-generated); src/sql/engine/expr/ob_expr_tokenize.cpp -> src/oblib/lib/ob_errno.h (generated)
sql-expr	ob-base	listed	114	112	0	0	0	0	0	0	0	0	2	src/query/api/query/engine/expr/ob_ai_model_resolver.h -> src/oblib/lib/allocator/ob_allocator.h (include); src/query/api/query/engine/expr/ob_ai_model_resolver.h -> src/oblib/lib/string/ob_string.h (include); src/sql/engine/expr/ob_expr_type_to_str.h -> src/oblib/lib/string/ob_string.h (forward)
sql-expr	ob-simd	listed	4	4	0	0	0	0	0	0	0	0	0	src/sql/engine/expr/ob_expr_semantic_distance.cpp -> src/data_plane/api/data_plane/vector/ob_vector_cosine_distance.h (include); src/sql/engine/expr/ob_expr_semantic_distance.cpp -> src/data_plane/api/data_plane/vector/ob_vector_ip_distance.h (include)
sql-expr	ob-runtime	listed	23	23	0	0	0	0	0	0	0	0	0	src/query/api/query/engine/expr/ob_expr_operator.h -> src/oblib/common/mysqlclient/ob_mysql_global.h (include); src/query/api/query/engine/expr/ob_expr_operator.h -> src/share/config/ob_server_config.h (include)
sql-expr	ob-values	listed	150	147	0	0	0	0	0	0	0	0	3	src/query/api/query/engine/expr/ob_decimal_int_scale.h -> src/oblib/common/object/ob_obj_type.h (include); src/query/api/query/engine/expr/ob_decimal_int_scale.h -> src/oblib/common/wide_integer/ob_wide_integer.h (include); src/sql/engine/expr/ob_expr_timestamp_add.h -> src/oblib/common/timezone/ob_time_convert.h (forward)
sql-expr	ob-values-doc	listed	128	128	0	0	0	0	0	0	0	0	0	src/query/api/query/engine/expr/ob_array_expr_utils.h -> src/oblib/common/udt/ob_array_utils.h (include); src/query/api/query/engine/expr/ob_expr_array_map.h -> src/oblib/common/udt/ob_array_type.h (include)
sql-expr	ob-share	listed	13	13	0	0	0	0	0	0	0	0	0	src/sql/engine/expr/ob_expr_calc_partition_id.h -> src/share/statement/ob_stmt_type.h (include); src/sql/engine/expr/ob_expr_doc_id.cpp -> src/share/autoincrement/ob_i_tablet_autoincrement_service.h (include)
sql-expr	ob-schema	listed	18	14	0	0	0	0	0	0	0	1	3	src/sql/engine/expr/ob_expr_ai/ob_ai_func.cpp -> src/share/ai_service/ob_ai_service_struct.h (include); src/sql/engine/expr/ob_expr_ai/ob_ai_func.h -> src/share/ai_service/ob_ai_service_struct.h (include); src/sql/engine/expr/ob_expr_unhex.cpp -> src/share/system_variable/ob_sys_var_class_type.h (generated)
sql-expr	geo-sys	listed	114	1	0	0	0	0	110	0	0	0	3	src/sql/engine/expr/ob_expr_st_asgeojson.cpp -> src/share/geo/ob_wkb_to_json_bin_visitor.h (include); src/sql/engine/expr/ob_datum_cast.cpp -> src/share/geo/ob_geometry_cast.h (island); src/sql/engine/expr/ob_datum_cast.cpp -> src/share/geo/ob_srs_provider.h (island)
sql-expr	storage-api	listed	15	12	0	0	0	0	0	0	0	0	3	src/query/api/query/engine/expr/ob_array_expr_utils.h -> src/query/api/query/engine/vector/ob_i_vector.h (include); src/query/api/query/engine/expr/ob_expr_lob_utils.h -> src/query/api/query/engine/vector/ob_i_vector.h (include); src/query/api/query/engine/expr/ob_expr_util.h -> src/query/api/query/engine/vector/ob_i_vector.h (forward)
sql-expr	storage-tx	listed	1	1	0	0	0	0	0	0	0	0	0	src/sql/engine/expr/ob_expr_current_scn.cpp -> src/data_plane/api/data_plane/transaction/ob_i_transaction_service.h (include)
sql-expr	storage-tablet	listed	4	4	0	0	0	0	0	0	0	0	0	src/sql/engine/expr/ob_datum_cast.cpp -> src/data_plane/api/data_plane/lob/ob_lob_value.h (include); src/sql/engine/expr/ob_expr_encode_sortkey.h -> src/data_plane/api/data_plane/ob_order_perserving_encoder.h (include)
sql-expr	storage-search	listed	23	23	0	0	0	0	0	0	0	0	0	src/sql/engine/expr/ob_expr_semantic_distance.cpp -> src/query/api/query/vector/ob_vector_index_util.h (include); src/sql/engine/expr/ob_expr_tokenize.cpp -> src/data_plane/api/data_plane/fts/dict/ob_gen_dic_loader.h (include)
sql-expr	sql-parse-tree	listed	13	13	0	0	0	0	0	0	0	0	0	src/query/api/query/engine/expr/ob_expr_extra_info_factory.h -> src/query/api/query/parser/ob_item_type.h (include); src/query/api/query/engine/expr/ob_expr_operator.h -> src/objit/include/objit/common/ob_item_type.h (include)
sql-expr	sql-session	listed	77	74	0	0	0	0	0	0	0	0	3	src/query/api/query/engine/expr/ob_expr_operator.h -> src/query/api/query/session/ob_local_session_var.h (include); src/sql/engine/expr/ob_array_expr_utils.cpp -> src/sql/session/ob_sql_session_info.h (include); src/query/api/query/engine/expr/ob_expr_operator.h -> src/sql/session/ob_sql_session_info.h (forward)
sql-expr	sql-ir	listed	61	53	0	0	0	0	0	0	0	0	8	src/query/api/query/engine/expr/ob_expr_operator.h -> src/query/api/query/engine/expr/ob_expr_res_type.h (include); src/query/api/query/engine/expr/ob_expr_operator.h -> src/query/api/query/engine/expr/ob_sql_expression.h (include); src/query/api/query/engine/expr/ob_expr_operator.h -> src/sql/resolver/expr/ob_raw_expr.h (forward)
sql-expr	sql-exec	listed	200	189	0	0	0	0	0	0	0	0	11	src/query/api/query/engine/expr/ob_array_expr_utils.h -> src/query/api/query/engine/expr/ob_expr.h (include); src/query/api/query/engine/expr/ob_expr_cmp_func.h -> src/query/api/query/engine/expr/ob_expr.h (include); src/query/api/query/engine/expr/ob_array_expr_utils.h -> src/sql/engine/ob_exec_context.h (forward)
sql-expr	sql-das	upward-named	1	1	0	0	0	0	0	0	0	0	0	src/sql/engine/expr/ob_expr_doc_id.h -> src/sql/das/ob_das_scan_op.h (include)
sql-expr	sql-engine	upward-named	14	10	0	0	0	0	0	0	0	0	4	src/sql/engine/expr/ob_expr_cast.cpp -> src/sql/engine/subquery/ob_subplan_filter_op.h (include); src/sql/engine/expr/ob_expr_doc_id.h -> src/sql/engine/dml/ob_dml_ctx_define.h (include); src/query/api/query/engine/expr/ob_expr_in.h -> src/sql/engine/subquery/ob_subplan_filter_op.h (forward)
sql-expr	sql-parser	upward-named	1	1	0	0	0	0	0	0	0	0	0	src/sql/resolver/expr/ob_raw_expr_deduce_type.cpp -> src/sql/parser/ob_parser.h (include)
sql-expr	sql-resolver	upward-named	7	7	0	0	0	0	0	0	0	0	0	src/sql/engine/expr/ob_expr_func_part_hash.cpp -> src/sql/resolver/ob_resolver_utils.h (include); src/sql/engine/expr/ob_expr_json_object.h -> src/sql/resolver/dml/ob_select_resolver.h (include)
sql-expr	sql-optimizer	upward-unnamed	1	0	0	0	0	0	0	0	0	0	1	src/sql/engine/px/ob_px_bloom_filter.h -> src/sql/optimizer/ob_log_join_filter.h (forward)
sql-expr	sql-codegen	upward-named	3	0	0	0	0	0	0	0	0	0	3	src/query/api/query/engine/expr/ob_expr_operator.h -> src/sql/code_generator/ob_static_engine_expr_cg.h (forward); src/sql/engine/expr/ob_expr_add.h -> src/sql/code_generator/ob_static_engine_expr_cg.h (forward)
sql-expr	sql	upward-named	10	8	0	0	0	0	0	0	0	0	2	src/sql/engine/expr/ob_expr_json_func_helper.cpp -> src/sql/ob_spi.h (include); src/sql/engine/expr/ob_expr_lock_func.cpp -> src/sql/tablelock/ob_lock_func_executor.h (include); src/sql/engine/expr/ob_expr_sql_udt_utils.h -> src/sql/ob_result_set.h (forward)
sql-expr	pl	upward-named	15	15	0	0	0	0	0	0	0	0	0	src/sql/engine/expr/ob_expr_cast.cpp -> src/sql/pl/ob_pl_resolver.h (include); src/sql/engine/expr/ob_expr_collection_construct.cpp -> src/sql/pl/ob_pl_package.h (include)
sql-expr	observer	upward-named	1	1	0	0	0	0	0	0	0	0	0	src/sql/engine/expr/ob_expr_mysql_port.cpp -> src/oblib/rpc/obmysql/ob_sql_nio_server.h (include)
sql-expr	x-dropped	uses-dropped	2	2	0	0	0	0	0	0	0	0	0	src/sql/engine/expr/ob_expr_json_search.cpp -> src/oblib/easy/util/easy_string.h (include); src/sql/engine/expr/ob_expr_regexp_context.h -> src/oblib/easy/include/easy_define.h (include)
sql-das	ob-errno	listed	3	0	0	0	0	1	0	0	0	2	0	src/sql/das/ob_das_domain_utils.cpp -> src/share/mysql_errno.h (via-generated); src/sql/das/ob_das_id_allocator.cpp -> src/oblib/lib/ob_errno.h (generated); src/sql/das/ob_das_domain_utils.cpp -> src/share/ob_errno.h (generated)
sql-das	ob-base	listed	38	38	0	0	0	0	0	0	0	0	0	src/query/api/query/das/ob_das_id_protocol.h -> src/oblib/lib/ob_define.h (include); src/query/api/query/das/ob_das_id_protocol.h -> src/oblib/lib/utility/ob_print_utils.h (include)
sql-das	ob-runtime	listed	18	18	0	0	0	0	0	0	0	0	0	src/query/api/query/vector/ob_vector_embedding_handler.h -> src/oblib/lib/thread/ob_simple_thread_pool.h (include); src/query/api/query/vector/ob_vector_embedding_handler.h -> src/share/io/ob_io_define.h (include)
sql-das	ob-values	listed	17	15	0	0	0	0	0	0	0	0	2	src/query/api/query/das/ob_das_id_protocol.h -> src/oblib/common/datum/ob_datum.h (include); src/query/api/query/das/ob_das_id_protocol.h -> src/oblib/common/object/ob_object.h (include); src/sql/das/ob_das_tablet_mapper.h -> src/oblib/common/ob_tablet_id.h (forward)
sql-das	ob-values-doc	listed	4	4	0	0	0	0	0	0	0	0	0	src/query/vector/ob_vector_embedding_handler.cpp -> src/oblib/common/json_type/ob_json_parse.h (include); src/query/vector/ob_vector_embedding_handler.cpp -> src/oblib/common/json_type/ob_json_tree.h (include)
sql-das	ob-share	listed	12	12	0	0	0	0	0	0	0	0	0	src/query/vector/ob_vector_embedding_handler.cpp -> src/oblib/common/mysqlclient/ob_mysql_transaction.h (include); src/query/vector/ob_vector_embedding_handler.cpp -> src/share/ob_server_struct.h (include)
sql-das	ob-schema	listed	10	8	0	0	0	0	0	0	0	0	2	src/sql/das/ob_das_context.h -> src/share/schema/ob_schema_getter_guard.h (include); src/sql/das/ob_das_delete_op.cpp -> src/share/schema/ob_schema_struct.h (include); src/sql/das/ob_domain_id.h -> src/share/schema/ob_column_schema.h (forward)
sql-das	geo-sys	listed	4	0	0	0	0	0	3	0	0	0	1	src/sql/das/ob_das_domain_utils.cpp -> src/share/geo/ob_geo_utils.h (island); src/sql/das/ob_das_domain_utils.cpp -> src/share/geo/ob_srs_provider.h (island); src/sql/das/ob_das_task.h -> src/share/geo/ob_srs_provider.h (forward)
sql-das	vsag-sys	listed	1	1	0	0	0	0	0	0	0	0	0	src/sql/das/iter/ob_das_ivf_scan_iter.cpp -> src/share/roaringbitmap/ob_rb_memory_mgr.h (include)
sql-das	storage-api	listed	7	6	0	0	0	0	0	0	0	0	1	src/sql/das/iter/ob_das_scan_iter.cpp -> src/data_plane/api/data_plane/access/ob_tablet_scan.h (include); src/sql/das/ob_das_dml_ctx_define.h -> src/data_plane/api/data_plane/access/ob_lock_flag.h (include); src/sql/das/iter/ob_das_scan_iter.h -> src/data_plane/api/data_plane/access/ob_tablet_scan.h (forward)
sql-das	storage-sstable	listed	11	11	0	0	0	0	0	0	0	0	0	src/sql/das/iter/ob_das_hnsw_scan_iter.cpp -> src/data_plane/api/data_plane/blocksstable/ob_datum_row.h (include); src/sql/das/iter/ob_das_spiv_merge_iter.cpp -> src/data_plane/api/data_plane/blocksstable/ob_datum_row.h (include)
sql-das	storage-tx	listed	13	9	0	1	0	0	0	0	0	0	3	src/sql/das/iter/ob_das_domain_id_merge_iter.h -> src/data_plane/api/data_plane/transaction/ob_tx_desc_access.h (include); src/sql/das/ob_das_context.h -> src/data_plane/api/data_plane/transaction/ob_tx_read_snapshot.h (include); src/sql/das/ob_das_parallel_handler.cpp -> src/storage/memtable/ob_lock_wait_mgr.cpp (link)
sql-das	storage-tablet	listed	20	19	0	0	0	0	0	0	0	0	1	src/sql/das/iter/ob_das_domain_id_merge_iter.h -> src/data_plane/api/data_plane/access/ob_table_scan_param.h (include); src/sql/das/iter/ob_das_func_data_iter.h -> src/data_plane/api/data_plane/access/ob_table_scan_param.h (include); src/sql/das/iter/ob_das_scan_iter.h -> src/data_plane/api/data_plane/access/ob_table_scan_param.h (forward)
sql-das	storage-search	listed	21	21	0	0	0	0	0	0	0	0	0	src/query/api/query/vector/ob_vector_embedding_handler.h -> src/query/api/query/vector/ob_vector_index_util.h (include); src/sql/das/iter/ob_das_domain_id_merge_iter.cpp -> src/query/api/query/vector/ob_vector_index_util.h (include)
sql-das	sql-parser-sys	listed	2	0	0	0	0	0	2	0	0	0	0	src/sql/das/iter/ob_das_text_retrieval_eval_node.h -> src/sql/parser/fts_base.h (island); src/sql/das/iter/ob_das_text_retrieval_eval_node.h -> src/sql/parser/fts_parse.h (island)
sql-das	sql-session	listed	2	1	0	0	0	0	0	0	0	0	1	src/sql/das/ob_das_context.cpp -> src/sql/session/ob_basic_session_info.h (include); src/sql/das/ob_das_context.h -> src/sql/ob_sql_context.h (forward)
sql-das	sql-ir	listed	7	4	0	0	0	0	0	0	0	0	3	src/sql/das/ob_das_dml_ctx_define.h -> src/sql/resolver/dml/ob_hint.h (include); src/sql/engine/table/ob_index_lookup_op_impl.h -> src/sql/ob_sql_utils.h (include); src/sql/das/ob_domain_id.h -> src/sql/ob_sql_context.h (forward)
sql-das	sql-exec	listed	36	34	0	0	0	0	0	0	0	0	2	src/sql/das/iter/ob_das_cache_lookup_iter.cpp -> src/sql/engine/ob_exec_context.h (include); src/sql/das/iter/ob_das_cache_lookup_iter.h -> src/sql/engine/basic/ob_chunk_datum_store.h (include); src/sql/das/iter/ob_das_iter.h -> src/sql/engine/ob_exec_context.h (forward)
sql-das	sql-expr	listed	21	21	0	0	0	0	0	0	0	0	0	src/sql/das/iter/ob_das_hnsw_scan_iter.cpp -> src/sql/engine/expr/ob_expr_lob_utils.h (include); src/sql/das/iter/ob_das_hnsw_scan_iter.cpp -> src/sql/engine/expr/ob_expr_operator.h (include)
sql-das	sql-engine	upward-named	13	13	0	0	0	0	0	0	0	0	0	src/sql/das/iter/ob_das_iter_utils.h -> src/sql/engine/table/ob_table_scan_op.h (include); src/sql/das/iter/ob_das_sort_iter.h -> src/sql/engine/sort/ob_sort_op_impl.h (include)
sql-das	sql-resolver	upward-named	3	3	0	0	0	0	0	0	0	0	0	src/sql/das/iter/ob_das_ivf_scan_iter.cpp -> src/sql/resolver/ddl/ob_vec_index_builder_util.h (include); src/sql/das/ob_domain_id.cpp -> src/sql/resolver/ddl/ob_fts_index_builder_util.h (include)
sql-das	sql-rewrite	upward-named	3	3	0	0	0	0	0	0	0	0	0	src/sql/das/ob_das_scan_op.h -> src/sql/rewrite/ob_query_range_define.h (include); src/sql/optimizer/ob_table_location.cpp -> src/sql/rewrite/ob_transform_utils.h (include)
sql-das	sql-optimizer	upward-named	4	4	0	0	0	0	0	0	0	0	0	src/sql/das/iter/ob_das_index_merge_iter.h -> src/sql/optimizer/ob_join_order.h (include); src/sql/das/ob_das_attach_define.h -> src/sql/optimizer/ob_join_order.h (include)
sql-das	sql	upward-named	7	7	0	0	0	0	0	0	0	0	0	src/sql/das/ob_das_context.cpp -> src/sql/ob_sql_context.h (include); src/sql/das/ob_das_define.h -> src/sql/ob_phy_table_location.h (include)
sql-das	pl	upward-named	2	2	0	0	0	0	0	0	0	0	0	src/sql/das/ob_das_define.cpp -> src/sql/pl/ob_pl.h (include); src/sql/das/ob_das_utils.cpp -> src/sql/pl/ob_pl.h (include)
sql-das	observer	upward-named	3	3	0	0	0	0	0	0	0	0	0	src/query/api/query/vector/ob_vector_index_service.h -> src/query/api/query/vector/ob_vector_index_adaptor.h (include); src/query/api/query/vector/ob_vector_index_service.h -> src/query/api/query/vector/ob_vector_index_cache.h (include)
sql-engine	ob-errno	listed	3	0	0	0	0	1	0	0	0	2	0	src/sql/engine/px/exchange/ob_row_heap.h -> src/share/mysql_errno.h (via-generated); src/sql/engine/aggregate/ob_pushdown_aggregate_program.cpp -> src/oblib/lib/ob_errno.h (generated); src/sql/engine/px/exchange/ob_row_heap.h -> src/share/ob_errno.h (generated)
sql-engine	ob-base	listed	209	205	0	0	0	0	0	0	0	0	4	src/query/api/query/engine/basic/ob_encoded_sort_row.h -> src/oblib/lib/container/ob_iarray.h (include); src/query/api/query/engine/px/ob_px_tablet_range.h -> src/oblib/lib/oblog/ob_log.h (include); src/query/api/query/engine/basic/ob_encoded_sort_row.h -> src/oblib/lib/alloc/ob_iallocator.h (forward)
sql-engine	ob-runtime	listed	41	41	0	0	0	0	0	0	0	0	0	src/query/api/query/optimizer/stat/ob_opt_column_stat.h -> src/share/cache/ob_kvcache_struct.h (include); src/query/api/query/optimizer/stat/ob_opt_table_stat.h -> src/share/cache/ob_kvcache_struct.h (include)
sql-engine	ob-values	listed	49	43	0	0	0	0	0	0	0	0	6	src/query/api/query/engine/basic/ob_encoded_sort_row.h -> src/oblib/common/datum/ob_datum.h (include); src/query/api/query/optimizer/stat/ob_opt_column_stat.h -> src/oblib/common/object/ob_object.h (include); src/share/geo/ob_geo_mvt.h -> src/share/ob_i_lob_read_service.h (forward)
sql-engine	ob-values-doc	listed	8	8	0	0	0	0	0	0	0	0	0	src/share/geo/ob_geo_mvt.cpp -> src/oblib/common/json_type/ob_json_bin.h (include); src/sql/engine/aggregate/ob_aggregate_processor.cpp -> src/oblib/common/xml/ob_binary_aggregate.h (include)
sql-engine	ob-share	listed	10	10	0	0	0	0	0	0	0	0	0	src/sql/dtl/ob_dtl_basic_channel.h -> src/share/ob_server_struct.h (include); src/sql/dtl/ob_dtl_channel.h -> src/share/ob_server_struct.h (include)
sql-engine	ob-schema	listed	13	12	0	0	0	0	0	0	0	0	1	src/sql/engine/dml/ob_table_modify_op.cpp -> src/share/ob_autoincrement_service.h (include); src/sql/engine/pdml/static/ob_px_sstable_insert_op.cpp -> src/share/ob_autoincrement_service.h (include); src/sql/engine/px/ob_slice_calc.h -> src/share/schema/ob_table_schema.h (forward)
sql-engine	geo-sys	listed	6	0	0	0	0	0	6	0	0	0	0	src/share/geo/ob_geo_mvt.cpp -> src/share/geo/ob_geo_mvt_encode_visitor.h (island); src/share/geo/ob_geo_mvt.cpp -> src/share/geo/ob_geo_utils.h (island)
sql-engine	storage-api	listed	14	12	0	0	0	0	0	0	0	0	2	src/query/api/query/engine/px/ob_px_tablet_range.h -> src/query/api/query/ob_sql_define.h (include); src/sql/engine/aggregate/ob_pushdown_aggregate_program.cpp -> src/share/aggregate/ob_pushdown_aggregate_protocol.h (include); src/sql/engine/px/p2p_datahub/ob_p2p_dh_msg.h -> src/query/api/query/engine/basic/ob_pushdown_filter.h (forward)
sql-engine	storage-sstable	listed	11	10	0	0	0	0	0	0	0	0	1	src/sql/dtl/ob_dtl_interm_result_manager.cpp -> src/data_plane/api/data_plane/tmp_file/ob_tmp_file.h (include); src/sql/engine/basic/ob_temp_column_spill_spool.h -> src/query/api/query/engine/basic/ob_spill_batch_spool.h (include); src/sql/engine/pdml/static/ob_px_sstable_insert_op.h -> src/data_plane/api/data_plane/ddl/ob_ddl_seq_generator.h (forward)
sql-engine	storage-tx	listed	7	7	0	0	0	0	0	0	0	0	0	src/sql/engine/dml/ob_dml_service.cpp -> src/data_plane/api/data_plane/transaction/ob_i_transaction_service.h (include); src/sql/engine/px/ob_dfo.h -> src/data_plane/api/data_plane/transaction/ob_tx_desc_access.h (include)
sql-engine	storage-tablet	listed	6	6	0	0	0	0	0	0	0	0	0	src/sql/engine/dml/ob_dml_service.cpp -> src/data_plane/api/data_plane/lob/ob_lob_read.h (include); src/sql/engine/dml/ob_dml_service.h -> src/data_plane/api/data_plane/ob_i_dml_service.h (include)
sql-engine	storage-engine	listed	4	4	0	0	0	0	0	0	0	0	0	src/sql/engine/pdml/static/ob_px_sstable_insert_op.h -> src/data_plane/api/data_plane/ddl/ob_direct_insert.h (include); src/sql/engine/px/ob_px_sub_coord.cpp -> src/storage/ddl/ob_ddl_direct_load_utils.h (include)
sql-engine	storage-search	listed	1	1	0	0	0	0	0	0	0	0	0	src/sql/engine/dml/ob_dml_service.cpp -> src/query/api/query/vector/ob_vector_index_util.h (include)
sql-engine	sql-parse-tree	listed	2	2	0	0	0	0	0	0	0	0	0	src/sql/engine/dml/ob_trigger_handler.h -> src/sql/pl/parser/parse_stmt_item_type.h (include); src/sql/engine/window_function/ob_window_function_op.h -> src/sql/parser/ob_item_type.h (include)
sql-engine	sql-session	listed	7	5	0	0	0	0	0	0	0	0	2	src/sql/engine/dml/ob_table_modify_op.h -> src/sql/session/ob_inner_sql_connection.h (include); src/sql/engine/px/ob_dfo_scheduler.cpp -> src/sql/monitor/show_trace/ob_show_trace.h (include); src/sql/engine/px/ob_px_admission.h -> src/sql/session/ob_sql_session_info.h (forward)
sql-engine	sql-ir	listed	10	10	0	0	0	0	0	0	0	0	0	src/sql/dtl/ob_dtl_linked_buffer.cpp -> src/sql/ob_sql_utils.h (include); src/sql/engine/basic/ob_external_file_writer.h -> src/sql/resolver/dml/ob_select_stmt.h (include)
sql-engine	sql-exec	listed	201	186	0	0	0	0	0	0	0	0	15	src/sql/dtl/ob_dtl_basic_channel.h -> src/sql/engine/basic/ob_chunk_row_store.h (include); src/sql/dtl/ob_dtl_channel_loop.h -> src/query/api/query/monitor/ob_monitor_node.h (include); src/sql/engine/aggregate/ob_pushdown_aggregate_program.h -> src/query/api/query/engine/expr/ob_expr.h (forward)
sql-engine	sql-expr	listed	48	46	0	0	0	0	0	0	0	0	2	src/sql/engine/aggregate/ob_aggregate_processor.cpp -> src/sql/engine/expr/ob_array_expr_utils.h (include); src/sql/engine/aggregate/ob_aggregate_processor.cpp -> src/sql/engine/expr/ob_expr_add.h (include); src/sql/engine/px/p2p_datahub/ob_pushdown_topn_filter_msg.h -> src/sql/engine/expr/ob_expr_topn_filter.h (forward)
sql-engine	sql-das	listed	52	46	3	0	0	0	0	0	0	0	3	src/sql/engine/basic/ob_group_join_buffer.h -> src/sql/das/ob_das_context.h (include); src/sql/engine/basic/ob_hash_partitioning_basic.h -> src/sql/engine/sort/ob_sort_basic_info.h (include); src/sql/engine/dml/ob_dml_service.h -> src/sql/das/ob_das_delete_op.cpp (definition)
sql-engine	sql-resolver	upward-named	3	3	0	0	0	0	0	0	0	0	0	src/sql/engine/dml/ob_table_replace_op.cpp -> src/sql/resolver/ddl/ob_fts_index_builder_util.h (include); src/sql/engine/table/ob_table_scan_op.h -> src/sql/resolver/ddl/ob_fts_index_builder_util.h (include)
sql-engine	sql-rewrite	upward-named	1	1	0	0	0	0	0	0	0	0	0	src/sql/engine/table/ob_table_scan_op.h -> src/sql/rewrite/ob_range_generator.h (include)
sql-engine	sql-optimizer	upward-named	11	9	0	0	0	0	0	0	0	0	2	src/sql/engine/aggregate/ob_adaptive_bypass_ctrl.cpp -> src/sql/optimizer/ob_opt_selectivity.h (include); src/sql/engine/aggregate/ob_aggregate_processor.cpp -> src/sql/optimizer/stat/ob_dbms_stats_utils.h (include); src/sql/engine/aggregate/ob_aggregate_processor.h -> src/sql/optimizer/stat/ob_hybrid_hist_estimator.h (forward)
sql-engine	sql-codegen	upward-named	1	1	0	0	0	0	0	0	0	0	0	src/sql/engine/table/ob_table_scan_op.h -> src/sql/engine/ob_operator_reg.h (include)
sql-engine	sql	upward-named	10	10	0	0	0	0	0	0	0	0	0	src/sql/dtl/ob_dtl_basic_channel.h -> src/sql/ob_scanner.h (include); src/sql/dtl/ob_dtl_local_channel.h -> src/sql/ob_scanner.h (include)
sql-engine	pl	upward-named	4	4	0	0	0	0	0	0	0	0	0	src/sql/engine/aggregate/ob_aggregate_processor.cpp -> src/sql/pl/ob_pl.h (include); src/sql/engine/dml/ob_dml_service.cpp -> src/sql/pl/ob_pl.h (include)
sql-engine	observer	upward-named	2	1	0	0	0	0	0	0	0	0	1	src/sql/engine/dml/ob_table_modify_op.cpp -> src/query/api/query/session/ob_inner_sql_connection_access.h (include); src/sql/engine/px/ob_px_worker.h -> src/observer/omt/ob_server_runtime.h (forward)
sql-engine	x-dropped	uses-dropped	1	0	0	0	0	0	0	0	0	1	0	src/share/geo/ob_geo_mvt.h -> src/share/geo/ob_vector_tile.pb-c.h (generated)
sql-parser	ob-base	listed	14	12	0	0	0	0	0	0	0	0	2	src/sql/parser/ob_fast_parser.cpp -> src/oblib/lib/worker.h (include); src/sql/parser/ob_fast_parser.cpp -> src/share/ob_define.h (include); src/sql/pl/parser/ob_pl_parser.h -> src/oblib/lib/alloc/ob_iallocator.h (forward)
sql-parser	ob-simd	listed	1	1	0	0	0	0	0	0	0	0	0	src/sql/parser/ob_parse_simd.cpp -> src/data_plane/api/data_plane/vector/ob_vector_op_common.h (include)
sql-parser	ob-values	listed	2	2	0	0	0	0	0	0	0	0	0	src/sql/parser/ob_fast_parser.h -> src/oblib/lib/charset/ob_charset.h (include); src/sql/parser/ob_parser.h -> src/oblib/lib/charset/ob_charset.h (include)
sql-parser	ob-schema	listed	1	1	0	0	0	0	0	0	0	0	0	src/sql/pl/parser/ob_pl_parser.h -> src/share/schema/ob_trigger_info.h (include)
sql-parser	sql-parse-tree	listed	6	6	0	0	0	0	0	0	0	0	0	src/sql/parser/ob_fast_parser.h -> src/sql/parser/ob_parser_utils.h (include); src/sql/parser/ob_parser.cpp -> src/sql/parser/parse_node.h (include)
sql-parser	sql-parser-sys	listed	8	5	0	0	0	0	3	0	0	0	0	src/sql/parser/ob_fast_parser.cpp -> src/sql/parser/parse_malloc.h (include); src/sql/parser/ob_fast_parser.h -> src/sql/parser/ob_char_type.h (include); src/pl/parser/ob_pl_parser.cpp -> src/pl/parser/pl_parser_base.c (island)
sql-parser	sql	upward-named	1	1	0	0	0	0	0	0	0	0	0	src/sql/parser/ob_fast_parser.h -> src/sql/plan_cache/ob_plan_cache_struct.h (include)
sql-parser	pl	upward-named	1	1	0	0	0	0	0	0	0	0	0	src/pl/parser/ob_pl_parser.cpp -> src/pl/ob_pl_resolver.h (include)
sql-resolver	ob-base	listed	95	93	0	0	0	0	0	0	0	0	2	src/query/api/query/resolver/ob_schema_lookup.h -> src/oblib/lib/string/ob_string.h (include); src/sql/resolver/cmd/ob_anonymous_block_resolver.h -> src/oblib/lib/container/ob_se_array.h (include); src/sql/resolver/ddl/ob_index_builder_util.h -> src/oblib/lib/string/ob_string.h (forward)
sql-resolver	ob-runtime	listed	5	5	0	0	0	0	0	0	0	0	0	src/sql/resolver/cmd/ob_alter_system_stmt.h -> src/data_plane/api/data_plane/scheduler/ob_sys_task_stat.h (include); src/sql/resolver/cmd/ob_alter_system_stmt.h -> src/share/io/ob_io_calibration.h (include)
sql-resolver	ob-values	listed	14	11	0	0	0	0	0	0	0	0	3	src/sql/resolver/cmd/ob_anonymous_block_stmt.h -> src/oblib/common/object/ob_object.h (include); src/sql/resolver/cmd/ob_call_procedure_stmt.h -> src/oblib/common/object/ob_object.h (include); src/sql/resolver/ddl/ob_ddl_resolver.h -> src/share/object/ob_obj_cast.h (forward)
sql-resolver	ob-share	listed	13	13	0	0	0	0	0	0	0	0	0	src/sql/privilege_check/ob_privilege_check.cpp -> src/share/statement/ob_stmt_type.h (include); src/sql/privilege_check/ob_privilege_check.h -> src/share/statement/ob_stmt_type.h (include)
sql-resolver	ob-schema	listed	105	89	0	0	0	0	0	0	0	1	15	src/sql/privilege_check/ob_privilege_check.h -> src/share/schema/ob_schema_struct.h (include); src/sql/resolver/cmd/ob_alter_system_stmt.h -> src/share/ob_rpc_struct.h (include); src/sql/resolver/ddl/ob_alter_routine_resolver.h -> src/share/system_variable/ob_sys_var_class_type.h (generated)
sql-resolver	storage-api	listed	2	2	0	0	0	0	0	0	0	0	0	src/sql/resolver/ddl/ob_fts_index_builder_util.h -> src/data_plane/api/data_plane/fts/ob_doc_id.h (include); src/sql/resolver/ob_resolver_utils.cpp -> src/data_plane/api/data_plane/transaction/ob_xa_id.h (include)
sql-resolver	storage-sstable	listed	1	1	0	0	0	0	0	0	0	0	0	src/sql/resolver/ddl/ob_ddl_resolver.cpp -> src/data_plane/api/data_plane/blocksstable/ob_index_block_util.h (include)
sql-resolver	storage-tx	listed	1	1	0	0	0	0	0	0	0	0	0	src/sql/resolver/cmd/ob_set_transaction_resolver.cpp -> src/data_plane/api/data_plane/transaction/ob_transaction_isolation.h (include)
sql-resolver	storage-search	listed	13	13	0	0	0	0	0	0	0	0	0	src/sql/resolver/ddl/ob_alter_table_resolver.cpp -> src/query/api/query/vector/ob_vector_index_util.h (include); src/sql/resolver/ddl/ob_create_table_resolver.cpp -> src/query/api/query/vector/ob_vector_index_util.h (include)
sql-resolver	sql-parse-tree	listed	18	17	0	0	0	0	0	0	0	0	1	src/sql/resolver/cmd/ob_anonymous_block_stmt.h -> src/sql/parser/parse_node.h (include); src/sql/resolver/cmd/ob_call_procedure_stmt.h -> src/sql/parser/parse_node.h (include); src/sql/resolver/ddl/ob_trigger_source_builder.h -> src/query/api/query/parser/parse_node.h (forward)
sql-resolver	sql-parser-sys	listed	2	2	0	0	0	0	0	0	0	0	0	src/sql/resolver/dml/ob_del_upd_resolver.cpp -> src/sql/parser/parse_malloc.h (include); src/sql/resolver/ob_resolver_utils.cpp -> src/sql/parser/parse_malloc.h (include)
sql-resolver	sql-session	listed	34	34	0	0	0	0	0	0	0	0	0	src/sql/resolver/cmd/ob_alter_system_resolver.h -> src/sql/session/ob_sql_session_info.h (include); src/sql/resolver/cmd/ob_diff_table_resolver.cpp -> src/sql/session/ob_sql_session_info.h (include)
sql-resolver	sql-ir	listed	75	63	0	0	0	0	0	0	0	0	12	src/sql/privilege_check/ob_privilege_check.cpp -> src/sql/optimizer/ob_optimizer_util.h (include); src/sql/privilege_check/ob_privilege_check.cpp -> src/sql/resolver/dml/ob_update_stmt.h (include); src/sql/privilege_check/ob_privilege_check.h -> src/sql/resolver/ob_stmt.h (forward)
sql-resolver	sql-exec	listed	7	7	0	0	0	0	0	0	0	0	0	src/sql/resolver/dcl/ob_grant_resolver.cpp -> src/sql/engine/ob_exec_context.h (include); src/sql/resolver/dcl/ob_revoke_resolver.cpp -> src/sql/engine/ob_exec_context.h (include)
sql-resolver	sql-expr	listed	14	14	0	0	0	0	0	0	0	0	0	src/sql/resolver/dcl/ob_dcl_resolver.cpp -> src/sql/engine/expr/ob_expr_validate_password_strength.h (include); src/sql/resolver/ddl/ob_alter_table_resolver.cpp -> src/sql/engine/expr/ob_expr_lob_utils.h (include)
sql-resolver	sql-das	listed	2	2	0	0	0	0	0	0	0	0	0	src/sql/resolver/dml/ob_del_upd_resolver.cpp -> src/sql/das/ob_domain_id.h (include); src/sql/resolver/dml/ob_dml_resolver.cpp -> src/sql/das/ob_domain_id.h (include)
sql-resolver	sql-engine	listed	1	1	0	0	0	0	0	0	0	0	0	src/sql/resolver/dml/ob_dml_resolver.cpp -> src/sql/engine/aggregate/ob_aggregate_processor.h (include)
sql-resolver	sql-parser	listed	3	3	0	0	0	0	0	0	0	0	0	src/sql/resolver/cmd/ob_diff_table_resolver.cpp -> src/sql/parser/ob_parser.h (include); src/sql/resolver/dml/ob_select_resolver.h -> src/sql/parser/ob_parser.h (include)
sql-resolver	sql-rewrite	upward-named	13	13	0	0	0	0	0	0	0	0	0	src/sql/resolver/ddl/ob_create_table_resolver.cpp -> src/sql/rewrite/ob_transform_utils.h (include); src/sql/resolver/ddl/ob_ddl_resolver.cpp -> src/sql/rewrite/ob_transform_pre_process.h (include)
sql-resolver	sql-optimizer	upward-named	4	4	0	0	0	0	0	0	0	0	0	src/sql/resolver/ddl/ob_analyze_stmt.h -> src/sql/optimizer/stat/ob_stat_define.h (include); src/sql/resolver/ddl/ob_analyze_stmt_resolver.cpp -> src/sql/optimizer/stat/ob_dbms_stats_utils.h (include)
sql-resolver	sql-codegen	upward-named	1	1	0	0	0	0	0	0	0	0	0	src/sql/resolver/cmd/ob_call_procedure_stmt.cpp -> src/sql/code_generator/ob_expr_generator_impl.h (include)
sql-resolver	sql	upward-named	8	6	0	0	0	0	0	0	0	0	2	src/sql/resolver/cmd/ob_call_procedure_stmt.h -> src/sql/plan_cache/ob_prepare_stmt_struct.h (include); src/sql/resolver/cmd/ob_load_data_resolver.cpp -> src/sql/engine/cmd/ob_load_data_file_reader.h (include); src/sql/privilege_check/ob_privilege_check.h -> src/sql/ob_sql_context.h (forward)
sql-resolver	pl	upward-named	27	25	0	0	0	0	0	0	0	0	2	src/sql/resolver/cmd/ob_anonymous_block_resolver.cpp -> src/sql/pl/ob_pl_build.h (include); src/sql/resolver/cmd/ob_anonymous_block_resolver.cpp -> src/sql/pl/ob_pl_package.h (include); src/sql/resolver/cmd/ob_call_procedure_resolver.h -> src/sql/resolver/cmd/ob_call_procedure_stmt.h (forward)
sql-rewrite	ob-base	listed	31	27	0	0	0	0	0	0	0	0	4	src/sql/rewrite/ob_equal_analysis.cpp -> src/oblib/lib/utility/ob_smart_call.h (include); src/sql/rewrite/ob_expr_range_converter.cpp -> src/oblib/lib/container/ob_array_serialization.h (include); src/sql/rewrite/ob_transform_join_limit_pushdown.h -> src/oblib/lib/alloc/ob_iallocator.h (forward)
sql-rewrite	ob-values	listed	7	7	0	0	0	0	0	0	0	0	0	src/sql/rewrite/ob_expr_range_converter.cpp -> src/oblib/common/timezone/ob_time_convert.h (include); src/sql/rewrite/ob_key_part.h -> src/oblib/common/object/ob_obj_compare.h (include)
sql-rewrite	ob-schema	listed	4	1	0	0	0	0	0	0	0	0	3	src/sql/rewrite/ob_transform_win_magic.cpp -> src/share/schema/ob_table_schema.h (include); src/sql/rewrite/ob_transform_join_elimination.h -> src/share/schema/ob_schema_struct.h (forward); src/sql/rewrite/ob_transform_utils.h -> src/share/schema/ob_schema_struct.h (forward)
sql-rewrite	geo-sys	listed	4	0	0	0	0	0	4	0	0	0	0	src/sql/rewrite/ob_expr_range_converter.cpp -> src/share/geo/ob_geo_utils.h (island); src/sql/rewrite/ob_key_part.h -> src/share/geo/ob_geo_common.h (island)
sql-rewrite	storage-search	listed	1	1	0	0	0	0	0	0	0	0	0	src/sql/rewrite/ob_transform_pre_process.cpp -> src/query/api/query/vector/ob_vector_index_util.h (include)
sql-rewrite	sql-parse-tree	listed	2	2	0	0	0	0	0	0	0	0	0	src/sql/rewrite/ob_transform_min_max.h -> src/sql/parser/ob_item_type.h (include); src/sql/rewrite/ob_transformer_impl.h -> src/sql/parser/parse_node.h (include)
sql-rewrite	sql-session	listed	2	0	0	0	0	0	0	0	0	0	2	src/sql/rewrite/ob_transform_rule.h -> src/sql/session/ob_sql_session_info.h (forward); src/sql/rewrite/ob_transform_utils.h -> src/sql/session/ob_sql_session_info.h (forward)
sql-rewrite	sql-ir	listed	114	100	0	0	0	0	0	0	0	0	14	src/sql/rewrite/ob_equal_analysis.h -> src/sql/resolver/dml/ob_dml_stmt.h (include); src/sql/rewrite/ob_equal_analysis.h -> src/sql/resolver/expr/ob_raw_expr.h (include); src/sql/rewrite/ob_transform_join_elimination.h -> src/sql/resolver/dml/ob_del_upd_stmt.h (forward)
sql-rewrite	sql-exec	listed	8	5	0	0	0	0	0	0	0	0	3	src/sql/rewrite/ob_query_range_define.cpp -> src/sql/engine/ob_exec_context.h (include); src/sql/rewrite/ob_query_range_define.h -> src/sql/engine/expr/ob_expr_frame_info.h (include); src/sql/rewrite/ob_query_range_define.h -> src/sql/engine/ob_exec_context.h (forward)
sql-rewrite	sql-expr	listed	14	14	0	0	0	0	0	0	0	0	0	src/sql/rewrite/ob_expr_range_converter.cpp -> src/sql/engine/expr/ob_expr_like.h (include); src/sql/rewrite/ob_expr_range_converter.cpp -> src/sql/engine/expr/ob_expr_result_type_util.h (include)
sql-rewrite	sql-resolver	listed	3	2	0	0	0	0	0	0	0	0	1	src/sql/rewrite/ob_transform_pre_process.cpp -> src/sql/resolver/dml/ob_select_resolver.h (include); src/sql/rewrite/ob_transform_utils.cpp -> src/sql/resolver/dml/ob_select_resolver.h (include); src/sql/rewrite/ob_transform_rule.h -> src/sql/resolver/ob_schema_checker.h (forward)
sql-rewrite	sql-optimizer	upward-named	26	23	0	0	0	0	0	0	0	0	3	src/sql/rewrite/ob_query_range_define.cpp -> src/sql/optimizer/ob_opt_est_utils.h (include); src/sql/rewrite/ob_transform_conditional_aggr_coalesce.cpp -> src/sql/optimizer/ob_log_plan.h (include); src/sql/rewrite/ob_transform_or_expansion.h -> src/sql/optimizer/ob_optimizer_context.h (forward)
sql-rewrite	sql	upward-named	6	6	0	0	0	0	0	0	0	0	0	src/sql/rewrite/ob_transform_join_elimination.h -> src/sql/ob_sql_context.h (include); src/sql/rewrite/ob_transform_pre_process.h -> src/sql/ob_sql_context.h (include)
sql-rewrite	pl	upward-named	1	1	0	0	0	0	0	0	0	0	0	src/sql/rewrite/ob_transform_pre_process.cpp -> src/sql/pl/ob_pl_resolver.h (include)
sql-optimizer	ob-base	listed	59	58	0	0	0	0	0	0	0	0	1	src/query/api/query/optimizer/stat/ob_opt_ds_stat.h -> src/oblib/lib/hash_func/murmur_hash.h (include); src/query/api/query/optimizer/stat/ob_opt_ds_stat.h -> src/oblib/lib/utility/ob_print_utils.h (include); src/sql/optimizer/ob_log_plan_factory.h -> src/oblib/lib/alloc/ob_iallocator.h (forward)
sql-optimizer	ob-runtime	listed	24	23	0	0	0	0	0	0	0	0	1	src/query/api/query/optimizer/stat/ob_opt_ds_stat.h -> src/share/cache/ob_kvcache_struct.h (include); src/query/api/query/optimizer/stat/ob_opt_osg_column_stat.h -> src/oblib/common/ob_version_def.h (include); src/sql/optimizer/stat/ob_opt_stat_sql_service.h -> src/share/config/ob_server_config.h (forward)
sql-optimizer	ob-values	listed	13	11	0	0	0	0	0	0	0	0	2	src/query/api/query/optimizer/stat/ob_opt_osg_column_stat.h -> src/oblib/common/datum/ob_datum.h (include); src/query/api/query/optimizer/stat/ob_opt_osg_column_stat.h -> src/share/datum/ob_datum_funcs.h (include); src/query/api/query/optimizer/stat/ob_stat_item.h -> src/share/datum/ob_datum_funcs.h (forward)
sql-optimizer	ob-share	listed	22	18	0	0	0	0	0	0	0	0	4	src/sql/optimizer/ob_opt_est_cost_model.h -> src/share/ob_simple_batch.h (include); src/sql/optimizer/stat/ob_basic_stats_estimator.cpp -> src/oblib/common/mysqlclient/ob_isql_connection.h (include); src/sql/optimizer/ob_storage_estimator.h -> src/share/ob_simple_batch.h (forward)
sql-optimizer	ob-schema	listed	10	7	0	0	0	0	0	0	0	0	3	src/query/api/query/optimizer/stat/ob_stat_define.h -> src/share/schema/ob_schema_struct.h (include); src/sql/optimizer/ob_opt_est_cost_model.h -> src/share/ob_rpc_struct.h (include); src/sql/optimizer/ob_log_plan.h -> src/share/schema/ob_schema_getter_guard.h (forward)
sql-optimizer	storage-api	listed	11	11	0	0	0	0	0	0	0	0	0	src/sql/optimizer/ob_conflict_detector.h -> src/sql/ob_sql_define.h (include); src/sql/optimizer/ob_index_info_cache.h -> src/sql/ob_sql_define.h (include)
sql-optimizer	storage-tx	listed	3	3	0	0	0	0	0	0	0	0	0	src/sql/optimizer/ob_dynamic_sampling.cpp -> src/data_plane/api/data_plane/transaction/ob_i_transaction_service.h (include); src/sql/optimizer/ob_dynamic_sampling.cpp -> src/data_plane/api/data_plane/transaction/ob_tx_desc_access.h (include)
sql-optimizer	storage-tablet	listed	1	0	0	0	0	0	0	0	0	0	1	src/sql/optimizer/ob_storage_estimator.h -> src/data_plane/api/data_plane/access/ob_table_scan_param.h (forward)
sql-optimizer	storage-search	listed	5	5	0	0	0	0	0	0	0	0	0	src/sql/optimizer/ob_del_upd_log_plan.cpp -> src/query/api/query/vector/ob_vector_index_util.h (include); src/sql/optimizer/ob_join_order.cpp -> src/query/api/query/vector/ob_vector_index_util.h (include)
sql-optimizer	sql-parse-tree	listed	1	1	0	0	0	0	0	0	0	0	0	src/sql/optimizer/ob_log_select_into.h -> src/sql/parser/ob_item_type.h (include)
sql-optimizer	sql-session	listed	7	6	0	0	0	0	0	0	0	0	1	src/sql/optimizer/ob_dynamic_sampling.cpp -> src/sql/session/ob_inner_sql_connection.h (include); src/sql/optimizer/ob_optimizer_context.h -> src/sql/session/ob_sql_session_info.h (include); src/sql/optimizer/ob_opt_selectivity.h -> src/sql/session/ob_sql_session_info.h (forward)
sql-optimizer	sql-ir	listed	66	51	0	0	0	0	0	0	0	0	15	src/sql/optimizer/ob_conflict_detector.h -> src/sql/resolver/dml/ob_dml_stmt.h (include); src/sql/optimizer/ob_conflict_detector.h -> src/sql/resolver/expr/ob_raw_expr.h (include); src/sql/optimizer/ob_insert_log_plan.h -> src/sql/resolver/dml/ob_insert_stmt.h (forward)
sql-optimizer	sql-exec	listed	25	24	0	0	0	0	0	0	0	0	1	src/sql/optimizer/ob_dynamic_sampling.h -> src/sql/engine/ob_exec_context.h (include); src/sql/optimizer/ob_log_exchange.h -> src/sql/engine/px/ob_px_basic_info.h (include); src/sql/optimizer/stat/ob_dbms_stats_maintenance_window.h -> src/query/api/query/scheduler/ob_scheduler_job.h (forward)
sql-optimizer	sql-expr	listed	10	10	0	0	0	0	0	0	0	0	0	src/sql/optimizer/ob_join_order.cpp -> src/sql/engine/expr/ob_expr_result_type_util.h (include); src/sql/optimizer/ob_log_expr_values.cpp -> src/sql/engine/expr/ob_expr_column_conv.h (include)
sql-optimizer	sql-das	listed	8	8	0	0	0	0	0	0	0	0	0	src/sql/optimizer/ob_join_order.cpp -> src/sql/das/iter/ob_das_text_retrieval_eval_node.h (include); src/sql/optimizer/ob_log_table_scan.cpp -> src/sql/das/ob_domain_id.h (include)
sql-optimizer	sql-engine	listed	32	30	0	0	0	0	0	0	0	0	2	src/query/api/query/optimizer/stat/ob_opt_osg_column_stat.h -> src/query/api/query/optimizer/stat/ob_opt_column_stat.h (include); src/query/api/query/optimizer/stat/ob_stat_define.h -> src/query/api/query/optimizer/stat/ob_opt_column_stat.h (include); src/query/api/query/optimizer/stat/ob_stat_item.h -> src/query/api/query/optimizer/stat/ob_opt_table_stat.h (forward)
sql-optimizer	sql-parser	listed	1	1	0	0	0	0	0	0	0	0	0	src/sql/optimizer/stat/ob_dbms_stats_preferences.cpp -> src/sql/parser/ob_parser.h (include)
sql-optimizer	sql-resolver	listed	4	4	0	0	0	0	0	0	0	0	0	src/sql/optimizer/ob_insert_log_plan.cpp -> src/sql/resolver/dml/ob_del_upd_resolver.h (include); src/sql/optimizer/ob_log_del_upd.cpp -> src/sql/resolver/ddl/ob_fts_index_builder_util.h (include)
sql-optimizer	sql-rewrite	listed	22	22	0	0	0	0	0	0	0	0	0	src/sql/optimizer/ob_conflict_detector.cpp -> src/sql/rewrite/ob_transform_utils.h (include); src/sql/optimizer/ob_del_upd_log_plan.cpp -> src/sql/rewrite/ob_transform_utils.h (include)
sql-optimizer	sql-codegen	upward-named	3	3	0	0	0	0	0	0	0	0	0	src/sql/optimizer/ob_explain_log_plan.cpp -> src/sql/code_generator/ob_code_generator.h (include); src/sql/optimizer/ob_logical_operator.cpp -> src/sql/code_generator/ob_static_engine_cg.h (include)
sql-optimizer	sql	upward-named	7	7	0	0	0	0	0	0	0	0	0	src/sql/optimizer/ob_log_plan.h -> src/sql/ob_sql_context.h (include); src/sql/optimizer/ob_logical_operator.h -> src/sql/monitor/ob_sql_plan.h (include)
sql-optimizer	pl	upward-named	2	2	0	0	0	0	0	0	0	0	0	src/sql/optimizer/stat/ob_dbms_stats_executor.cpp -> src/sql/pl/sys_package/ob_dbms_stats.h (include); src/sql/optimizer/stat/ob_incremental_stat_estimator.cpp -> src/sql/pl/sys_package/ob_dbms_stats.h (include)
sql-optimizer	observer	upward-named	3	3	0	0	0	0	0	0	0	0	0	src/sql/optimizer/ob_dynamic_sampling.cpp -> src/query/api/query/session/ob_inner_sql_connection_access.h (include); src/sql/optimizer/stat/ob_dbms_stats_executor.cpp -> src/query/api/query/session/ob_inner_sql_connection_access.h (include)
sql-codegen	ob-base	listed	5	4	0	0	0	0	0	0	0	0	1	src/sql/code_generator/ob_code_generator.h -> src/oblib/lib/container/ob_iarray.h (include); src/sql/code_generator/ob_static_engine_expr_cg.cpp -> src/oblib/lib/container/ob_fixed_array_iterator.h (include); src/sql/code_generator/ob_static_engine_expr_cg.h -> src/oblib/lib/alloc/ob_iallocator.h (forward)
sql-codegen	ob-values	listed	1	1	0	0	0	0	0	0	0	0	0	src/sql/engine/ob_operator_factory.cpp -> src/share/datum/ob_datum_util.h (include)
sql-codegen	ob-schema	listed	1	0	0	0	0	0	0	0	0	0	1	src/sql/code_generator/ob_static_engine_expr_cg.h -> src/share/schema/ob_schema_getter_guard.h (forward)
sql-codegen	storage-api	listed	1	0	0	0	0	0	0	0	0	0	1	src/sql/code_generator/ob_tsc_cg_service.h -> src/query/api/query/engine/basic/ob_pushdown_filter.h (forward)
sql-codegen	storage-sstable	listed	1	1	0	0	0	0	0	0	0	0	0	src/sql/code_generator/ob_tsc_cg_service.h -> src/data_plane/api/data_plane/blocksstable/ob_index_block_util.h (include)
sql-codegen	storage-search	listed	2	2	0	0	0	0	0	0	0	0	0	src/sql/code_generator/ob_dml_cg_service.cpp -> src/query/api/query/vector/ob_vector_index_util.h (include); src/sql/code_generator/ob_tsc_cg_service.cpp -> src/query/api/query/vector/ob_vector_index_util.h (include)
sql-codegen	sql-session	listed	1	0	0	0	0	0	0	0	0	0	1	src/sql/code_generator/ob_static_engine_expr_cg.h -> src/sql/session/ob_sql_session_info.h (forward)
sql-codegen	sql-ir	listed	9	5	0	0	0	0	0	0	0	0	4	src/sql/code_generator/ob_expr_generator.h -> src/sql/resolver/expr/ob_raw_expr.h (include); src/sql/code_generator/ob_expr_generator_impl.cpp -> src/sql/resolver/expr/ob_raw_expr_util.h (include); src/sql/code_generator/ob_static_engine_expr_cg.h -> src/sql/code_generator/ob_column_index_provider.h (forward)
sql-codegen	sql-exec	listed	14	8	0	1	0	0	0	0	0	0	5	src/query/api/query/engine/ob_operator_reg.h -> src/query/api/query/engine/ob_phy_operator_type.h (include); src/sql/code_generator/ob_code_generator.cpp -> src/sql/engine/ob_physical_plan.h (include); src/sql/code_generator/ob_static_engine_expr_cg.cpp -> src/sql/engine/expr/ob_expr.cpp (link)
sql-codegen	sql-expr	listed	50	29	0	1	0	0	0	0	0	0	20	src/sql/code_generator/ob_expr_generator.h -> src/sql/engine/expr/ob_sql_expression.h (include); src/sql/code_generator/ob_expr_generator_impl.cpp -> src/sql/engine/expr/ob_expr_abs.h (include); src/sql/code_generator/ob_static_engine_expr_cg.cpp -> src/sql/engine/expr/ob_datum_decint_cast.h (link)
sql-codegen	sql-das	listed	6	4	0	0	0	0	0	0	0	0	2	src/sql/code_generator/ob_dml_cg_service.cpp -> src/sql/das/ob_domain_id.h (include); src/sql/code_generator/ob_dml_cg_service.h -> src/sql/das/ob_das_dml_ctx_define.h (include); src/sql/code_generator/ob_tsc_cg_service.h -> src/sql/das/ob_das_attach_define.h (forward)
sql-codegen	sql-engine	listed	237	113	0	0	0	0	0	0	0	0	124	src/sql/code_generator/ob_dml_cg_service.h -> src/sql/engine/dml/ob_conflict_checker.h (include); src/sql/code_generator/ob_dml_cg_service.h -> src/sql/engine/dml/ob_dml_ctx_define.h (include); src/query/api/query/engine/ob_operator_reg.h -> src/sql/engine/aggregate/ob_hash_distinct_op.h (forward)
sql-codegen	sql-parser	listed	1	1	0	0	0	0	0	0	0	0	0	src/sql/code_generator/ob_dml_cg_service.cpp -> src/sql/parser/ob_parser.h (include)
sql-codegen	sql-optimizer	listed	107	61	0	0	0	0	0	0	0	0	46	src/sql/code_generator/ob_dml_cg_service.cpp -> src/sql/optimizer/ob_log_for_update.h (include); src/sql/code_generator/ob_dml_cg_service.cpp -> src/sql/optimizer/ob_log_insert.h (include); src/query/api/query/engine/ob_operator_reg.h -> src/sql/optimizer/ob_log_delete.h (forward)
sql	ob-base	listed	209	190	0	0	0	1	0	0	0	0	18	src/query/api/query/engine/cmd/ob_load_data_parser.h -> src/oblib/lib/container/ob_se_array.h (include); src/query/api/query/engine/cmd/ob_load_data_parser.h -> src/oblib/lib/json/ob_json.h (include); src/sql/engine/cmd/ob_vector_index_refresh.cpp -> src/share/ob_define.h (via-generated)
sql	ob-runtime	listed	39	38	0	0	0	0	0	0	0	0	1	src/sql/engine/cmd/ob_alter_system_executor.cpp -> src/data_plane/api/data_plane/scheduler/ob_dag_warning_history.h (include); src/sql/engine/cmd/ob_alter_system_executor.cpp -> src/share/io/ob_io_calibration.h (include); src/sql/ob_result_set.h -> src/oblib/rpc/obmysql/ob_mysql_field.h (forward)
sql	ob-values	listed	25	24	0	0	0	0	0	0	0	0	1	src/query/api/query/engine/cmd/ob_load_data_parser.h -> src/oblib/common/object/ob_object.h (include); src/query/api/query/engine/cmd/ob_load_data_parser.h -> src/oblib/lib/charset/ob_charset.h (include); src/sql/ob_sql.h -> src/share/ob_i_lob_read_service.h (forward)
sql	ob-values-doc	listed	1	1	0	0	0	0	0	0	0	0	0	src/sql/hybrid_search/ob_query_parse.cpp -> src/oblib/common/json_type/ob_json_parse.h (include)
sql	ob-share	listed	47	39	0	0	0	0	0	0	0	1	7	src/query/api/query/plan_cache/ob_lib_cache_register.h -> src/share/ob_lib_cache_namespace.def (include); src/query/api/query/plan_cache/ob_lib_cache_register.h -> src/share/ob_lib_cache_namespace.h (include); src/sql/engine/cmd/ob_vector_index_refresh.cpp -> build_release/generated/share/inner_table/ob_inner_table_schema_constants.h (generated)
sql	ob-schema	listed	35	26	0	0	0	0	0	0	0	0	9	src/sql/engine/cmd/ob_database_executor.h -> src/share/schema/ob_schema_getter_guard.h (include); src/sql/engine/cmd/ob_ddl_executor_util.cpp -> src/share/schema/ob_schema_utils.h (include); src/sql/engine/cmd/ob_ddl_executor_util.h -> src/share/ob_rpc_struct.h (forward)
sql	geo-sys	listed	1	0	0	0	0	0	0	0	0	0	1	src/sql/ob_sql.h -> src/share/geo/ob_srs_provider.h (forward)
sql	storage-api	listed	6	6	0	0	0	0	0	0	0	0	0	src/sql/engine/cmd/ob_load_data_impl.cpp -> src/data_plane/api/data_plane/ob_i_memory_pressure_service.h (include); src/sql/monitor/ob_exec_stat.h -> src/sql/ob_sql_define.h (include)
sql	storage-tx	listed	11	11	0	0	0	0	0	0	0	0	0	src/sql/engine/cmd/ob_lock_table_executor.cpp -> src/data_plane/api/data_plane/tablelock/ob_table_lock_target.h (include); src/sql/engine/cmd/ob_vector_index_refresh.cpp -> src/data_plane/api/data_plane/transaction/ob_i_transaction_service.h (include)
sql	storage-tablet	listed	2	2	0	0	0	0	0	0	0	0	0	src/sql/engine/cmd/ob_vector_index_refresh.cpp -> src/data_plane/api/data_plane/ddl/ob_ddl_coordinator.h (include); src/sql/engine/cmd/ob_vector_index_refresh.cpp -> src/data_plane/api/data_plane/vector/ob_i_vector_index_runtime.h (include)
sql	storage-search	listed	4	4	0	0	0	0	0	0	0	0	0	src/sql/engine/cmd/ob_vector_index_refresh.cpp -> src/data_plane/api/data_plane/vector/ob_vector_index_schema.h (include); src/sql/engine/cmd/ob_vector_refresh_index_executor.cpp -> src/data_plane/api/data_plane/vector/ob_vector_index_names.h (include)
sql	sql-parse-tree	listed	10	10	0	0	0	0	0	0	0	0	0	src/sql/engine/cmd/ob_outline_executor.h -> src/sql/parser/parse_node.h (include); src/sql/engine/cmd/ob_package_executor.h -> src/sql/parser/parse_node.h (include)
sql	sql-parser-sys	listed	1	1	0	0	0	0	0	0	0	0	0	src/sql/plan_cache/ob_values_table_compression.h -> src/sql/parser/ob_char_type.h (include)
sql	sql-session	listed	64	50	0	0	0	0	0	0	0	0	14	src/sql/engine/cmd/ob_database_executor.cpp -> src/query/api/query/command/ob_root_service_serialization.h (include); src/sql/engine/cmd/ob_dcl_executor.cpp -> src/query/api/query/command/ob_root_service_serialization.h (include); src/query/api/query/engine/cmd/ob_ddl_execution.h -> src/sql/session/ob_sql_session_info.h (forward)
sql	sql-ir	listed	31	23	0	0	0	0	0	0	0	0	8	src/sql/engine/cmd/ob_kill_session_arg.cpp -> src/sql/code_generator/ob_column_index_provider.h (include); src/sql/engine/cmd/ob_load_data_impl.cpp -> src/sql/resolver/dml/ob_insert_stmt.h (include); src/sql/engine/cmd/ob_outline_executor.h -> src/sql/resolver/dml/ob_dml_stmt.h (forward)
sql	sql-exec	listed	143	80	0	0	0	0	0	0	0	0	63	src/sql/engine/cmd/ob_alter_system_executor.cpp -> src/query/api/query/command/ob_local_command_service.h (include); src/sql/engine/cmd/ob_alter_system_executor.cpp -> src/query/api/query/command/ob_root_command_service.h (include); src/query/api/query/engine/cmd/ob_ddl_execution.h -> src/query/api/query/command/ob_local_command_service.h (forward)
sql	sql-expr	listed	13	13	0	0	0	0	0	0	0	0	0	src/sql/engine/cmd/ob_routine_executor.cpp -> src/sql/engine/expr/ob_expr_column_conv.h (include); src/sql/engine/cmd/ob_table_executor.cpp -> src/sql/engine/expr/ob_expr_regexp_context.h (include)
sql	sql-das	listed	12	6	0	0	0	0	0	0	0	0	6	src/sql/engine/cmd/ob_load_data_impl.h -> src/sql/optimizer/ob_table_location.h (include); src/sql/ob_phy_table_location.cpp -> src/sql/optimizer/ob_phy_table_location_info.h (include); src/sql/ob_phy_table_location.h -> src/sql/optimizer/ob_phy_table_location_info.h (forward)
sql	sql-engine	listed	5	4	0	0	0	0	0	0	0	0	1	src/sql/ob_result_set.cpp -> src/sql/engine/px/ob_px_admission.h (include); src/sql/ob_result_set.cpp -> src/sql/engine/table/ob_table_scan_op.h (include); src/sql/plan_cache/ob_adaptive_auto_dop.h -> src/sql/engine/table/ob_table_scan_op.h (forward)
sql	sql-parser	listed	4	4	0	0	0	0	0	0	0	0	0	src/sql/plan_cache/ob_sql_parameterization.h -> src/sql/parser/ob_fast_parser.h (include); src/sql/plan_cache/ob_sql_parameterization.h -> src/sql/parser/ob_parser.h (include)
sql	sql-resolver	listed	184	129	0	0	0	0	0	0	0	0	55	src/sql/engine/cmd/ob_alter_system_executor.h -> src/sql/resolver/cmd/ob_alter_system_stmt.h (include); src/sql/engine/cmd/ob_analyze_executor.h -> src/sql/resolver/ddl/ob_analyze_stmt.h (include); src/query/api/query/engine/cmd/ob_load_data_parser.h -> src/sql/resolver/cmd/ob_load_data_stmt.h (forward)
sql	sql-rewrite	listed	6	6	0	0	0	0	0	0	0	0	0	src/sql/engine/cmd/ob_load_data_impl.cpp -> src/sql/rewrite/ob_transform_utils.h (include); src/sql/engine/cmd/ob_variable_set_executor.cpp -> src/sql/rewrite/ob_transform_pre_process.h (include)
sql	sql-optimizer	listed	30	20	0	0	0	0	0	0	0	0	10	src/sql/engine/cmd/ob_analyze_executor.cpp -> src/sql/optimizer/stat/ob_dbms_stats_executor.h (include); src/sql/engine/cmd/ob_analyze_executor.cpp -> src/sql/optimizer/stat/ob_dbms_stats_lock_unlock.h (include); src/sql/engine/cmd/ob_outline_executor.h -> src/sql/optimizer/ob_log_plan.h (forward)
sql	sql-codegen	listed	2	2	0	0	0	0	0	0	0	0	0	src/sql/engine/cmd/ob_partition_executor_utils.cpp -> src/sql/code_generator/ob_expr_generator_impl.h (include); src/sql/ob_sql.cpp -> src/sql/code_generator/ob_code_generator.h (include)
sql	pl	upward-named	19	18	0	0	0	0	0	0	0	0	1	src/sql/engine/cmd/ob_alter_system_executor.cpp -> src/sql/pl/pl_cache/ob_pl_cache_mgr.h (include); src/sql/engine/cmd/ob_analyze_executor.cpp -> src/sql/pl/sys_package/ob_dbms_stats.h (include); src/sql/ob_spi.h -> src/sql/pl/ob_pl_server_cursor.h (forward)
sql	observer	upward-named	9	9	0	0	0	0	0	0	0	0	0	src/sql/engine/cmd/ob_get_diagnostics_executor.cpp -> src/query/api/query/session/ob_inner_sql_connection_access.h (include); src/sql/engine/cmd/ob_merge_table_executor.cpp -> src/query/api/query/session/ob_inner_sql_connection_access.h (include)
pl	ob-errno	listed	4	0	0	0	0	2	0	0	0	2	0	src/pl/ob_pl_interpreter.cpp -> src/share/mysql_errno.h (via-generated); src/sql/pl/ob_pl.h -> src/share/mysql_errno.h (via-generated); src/pl/ob_pl_interpreter.cpp -> src/share/ob_errno.h (generated)
pl	ob-base	listed	31	30	0	0	0	0	0	0	0	0	1	src/pl/ob_pl_build.cpp -> src/oblib/lib/ob_running_mode.h (include); src/pl/ob_pl_dependency_util.cpp -> src/oblib/lib/oblog/ob_log_module.h (include); src/sql/pl/ob_pl_package_manager.h -> src/oblib/lib/string/ob_string.h (forward)
pl	ob-runtime	listed	10	8	0	0	0	0	0	0	0	0	2	src/pl/ob_pl.cpp -> src/share/rc/ob_server_runtime.h (include); src/pl/ob_pl_build.cpp -> src/share/rc/ob_server_runtime.h (include); src/sql/pl/ob_pl.h -> src/share/resource_limit_calculator/ob_resource_limit_calculator.h (forward)
pl	ob-values	listed	6	4	0	0	0	0	0	0	0	0	2	src/pl/sys_package/ob_dbms_hybrid_vector_mysql.cpp -> src/share/ob_lob_access_utils.h (include); src/sql/pl/ob_pl_package_state.h -> src/oblib/common/object/ob_object.h (include); src/sql/pl/ob_pl_package_manager.h -> src/oblib/common/object/ob_object.h (forward)
pl	ob-values-doc	listed	1	1	0	0	0	0	0	0	0	0	0	src/sql/pl/sys_package/ob_dbms_ai_service.h -> src/oblib/common/json_type/ob_json_base.h (include)
pl	ob-share	listed	6	5	0	0	0	0	0	0	0	0	1	src/pl/ob_pl.cpp -> src/share/ob_truncated_string.h (include); src/pl/pl_cache/ob_pl_cache_object.cpp -> src/share/ob_truncated_string.h (include); src/sql/pl/ob_pl_package_manager.h -> src/oblib/common/mysqlclient/ob_mysql_proxy.h (forward)
pl	ob-schema	listed	7	4	0	0	0	0	0	0	0	0	3	src/pl/sys_package/ob_dbms_ai_service.cpp -> src/share/ai_service/ob_ai_service_struct.h (include); src/pl/sys_package/ob_dbms_ai_service.cpp -> src/share/ob_rpc_struct.h (include); src/sql/pl/ob_pl_build.h -> src/share/schema/ob_package_info.h (forward)
pl	storage-api	listed	2	2	0	0	0	0	0	0	0	0	0	src/sql/pl/pl_cache/ob_pl_cache.h -> src/sql/ob_sql_define.h (include); src/sql/pl/sys_package/ob_dbms_ai_service.h -> src/sql/ob_sql_define.h (include)
pl	storage-tx	listed	3	3	0	0	0	0	0	0	0	0	0	src/pl/ob_pl.cpp -> src/data_plane/api/data_plane/transaction/ob_deadlock.h (include); src/pl/ob_pl.cpp -> src/data_plane/api/data_plane/transaction/ob_tx_desc_access.h (include)
pl	sql-parse-tree	listed	5	5	0	0	0	0	0	0	0	0	0	src/pl/ob_pl_interpreter.cpp -> src/pl/parser/parse_stmt_item_type.h (include); src/pl/ob_pl_resolver.cpp -> src/pl/parser/parse_stmt_item_type.h (include)
pl	sql-parser-sys	listed	1	1	0	0	0	0	0	0	0	0	0	src/pl/ob_pl_resolver.cpp -> src/sql/parser/parse_malloc.h (include)
pl	sql-session	listed	10	7	0	0	0	0	0	0	0	0	3	src/pl/ob_pl_dependency_util.cpp -> src/sql/session/ob_sql_session_info.h (include); src/pl/ob_pl_package_manager.cpp -> src/sql/session/ob_session_val_map.h (include); src/sql/pl/ob_pl.h -> src/sql/session/ob_sql_session_info.h (forward)
pl	sql-ir	listed	22	17	0	0	0	0	0	0	0	0	5	src/pl/ob_pl_build.cpp -> src/sql/resolver/expr/ob_raw_expr_util.h (include); src/pl/ob_pl_interpreter.cpp -> src/pl/ob_pl_user_type.h (include); src/sql/pl/ob_pl_build.h -> src/sql/resolver/expr/ob_raw_expr.h (forward)
pl	sql-exec	listed	15	13	0	0	0	0	0	0	0	0	2	src/pl/sys_package/ob_dbms_ai_service.cpp -> src/query/api/query/ai/ob_ai_endpoint_admin.h (include); src/pl/sys_package/ob_dbms_ai_service.cpp -> src/query/api/query/command/ob_root_command_service.h (include); src/sql/pl/ob_pl.h -> src/query/api/query/ai/ob_ai_endpoint_admin.h (forward)
pl	sql-expr	listed	7	5	0	0	0	0	0	0	0	0	2	src/pl/ob_pl.cpp -> src/sql/engine/expr/ob_expr_column_conv.h (include); src/pl/ob_pl.cpp -> src/sql/engine/expr/ob_expr_pl_integer_checker.h (include); src/sql/pl/ob_pl_build.h -> src/sql/engine/expr/ob_sql_expression.h (forward)
pl	sql-engine	listed	3	3	0	0	0	0	0	0	0	0	0	src/pl/ob_pl.cpp -> src/sql/engine/dml/ob_trigger_handler.h (include); src/sql/pl/sys_package/ob_dbms_space.h -> src/sql/optimizer/stat/ob_opt_column_stat.h (include)
pl	sql-parser	listed	3	3	0	0	0	0	0	0	0	0	0	src/pl/sys_package/ob_dbms_space.cpp -> src/sql/parser/ob_parser.h (include); src/pl/sys_package/ob_dbms_stats.cpp -> src/sql/parser/ob_parser.h (include)
pl	sql-resolver	listed	14	14	0	0	0	0	0	0	0	0	0	src/pl/ob_pl_build.cpp -> src/sql/resolver/ddl/ob_trigger_source_builder.h (include); src/pl/ob_pl_build.cpp -> src/sql/resolver/ob_resolver_utils.h (include)
pl	sql-rewrite	listed	1	1	0	0	0	0	0	0	0	0	0	src/pl/ob_pl_resolver.cpp -> src/sql/rewrite/ob_transform_pre_process.h (include)
pl	sql-optimizer	listed	16	16	0	0	0	0	0	0	0	0	0	src/pl/sys_package/ob_dbms_scheduler_mysql.cpp -> src/sql/optimizer/stat/ob_dbms_stats_maintenance_window.h (include); src/pl/sys_package/ob_dbms_space.cpp -> src/sql/optimizer/stat/ob_dbms_stats_utils.h (include)
pl	sql-codegen	listed	2	2	0	0	0	0	0	0	0	0	0	src/pl/ob_pl_build.cpp -> src/sql/code_generator/ob_expr_generator_impl.h (include); src/pl/ob_pl_build.cpp -> src/sql/code_generator/ob_static_engine_expr_cg.h (include)
pl	sql	listed	27	26	0	0	0	0	0	0	0	0	1	src/pl/ob_pl.cpp -> src/sql/ob_spi.h (include); src/pl/ob_pl_interpreter.cpp -> src/sql/ob_spi.h (include); src/sql/pl/ob_pl_router.h -> src/sql/ob_spi.h (forward)
pl	observer	upward-named	1	1	0	0	0	0	0	0	0	0	0	src/pl/sys_package/ob_dbms_scheduler_mysql.cpp -> src/query/api/query/session/ob_inner_sql_connection_access.h (include)
rootserver	ob-errno	listed	3	0	0	0	0	1	0	0	0	2	0	src/rootserver/ob_partition_creator.cpp -> src/share/mysql_errno.h (via-generated); src/rootserver/ob_local_ddl_serial_call.h -> src/oblib/lib/ob_errno.h (generated); src/rootserver/ob_partition_creator.cpp -> src/share/ob_errno.h (generated)
rootserver	ob-base	listed	143	132	0	0	0	4	0	0	0	0	7	src/rootserver/dbms_job/ob_dbms_job_executor.cpp -> src/oblib/lib/oblog/ob_warning_buffer.h (include); src/rootserver/dbms_job/ob_dbms_job_executor.h -> src/oblib/lib/utility/ob_mod_define.h (include); src/rootserver/fork_table/ob_fork_table_helper.cpp -> src/share/ob_define.h (via-generated)
rootserver	ob-runtime	listed	99	89	0	0	0	1	0	0	0	0	9	src/rootserver/dbms_job/ob_dbms_job_master.cpp -> src/share/ob_ex_rpc.h (include); src/rootserver/dbms_job/ob_dbms_job_master.h -> src/oblib/lib/task/ob_timer.h (include); src/rootserver/ob_bootstrap.h -> src/share/ob_version_parser.h (via-generated)
rootserver	ob-values	listed	19	18	0	0	0	0	0	0	0	0	1	src/rootserver/ddl_task/ob_constraint_task.cpp -> src/oblib/common/ob_timeout_ctx.h (include); src/rootserver/ddl_task/ob_ddl_common_rs_impl.cpp -> src/oblib/common/object/ob_object.h (include); src/rootserver/ob_local_management_service.h -> src/oblib/common/ob_tablet_id.h (forward)
rootserver	ob-values-doc	listed	1	1	0	0	0	0	0	0	0	0	0	src/rootserver/fork_table/ob_fork_table_helper.cpp -> src/share/vector/ob_vector_index_mode.h (include)
rootserver	ob-share	listed	145	120	0	0	0	0	0	0	0	3	22	src/rootserver/dbms_job/ob_dbms_job_executor.h -> src/oblib/common/mysqlclient/ob_mysql_proxy.h (include); src/rootserver/dbms_job/ob_dbms_job_master.h -> src/oblib/common/mysqlclient/ob_isql_client.h (include); src/rootserver/fork_table/ob_fork_table_helper.cpp -> build_release/generated/share/inner_table/ob_inner_table_schema_constants.h (generated)
rootserver	ob-schema	listed	253	192	0	0	0	0	0	0	0	3	58	src/rootserver/dbms_job/ob_dbms_job_executor.h -> src/share/schema/ob_multi_version_schema_service.h (include); src/rootserver/dbms_job/ob_dbms_job_master.h -> src/share/schema/ob_multi_version_schema_service.h (include); src/rootserver/ob_bootstrap.h -> build_release/generated/share/inner_table/ob_inner_table_schema.h (generated)
rootserver	ob-log	listed	8	8	0	0	0	0	0	0	0	0	0	src/rootserver/freeze/ob_major_freeze_service.h -> src/share/log/ob_log_base_type.h (include); src/rootserver/ob_bootstrap.cpp -> src/logservice/ob_server_log_block_mgr.h (include)
rootserver	storage-sstable	listed	2	2	0	0	0	0	0	0	0	0	0	src/rootserver/ddl_task/ob_ddl_task.h -> src/storage/blocksstable/ob_datum_range.h (include); src/rootserver/ob_ddl_service.cpp -> src/storage/blocksstable/index_block/ob_index_block_util.h (include)
rootserver	storage-tx	listed	17	17	0	0	0	0	0	0	0	0	0	src/rootserver/ddl_task/ob_ddl_common_rs_impl.cpp -> src/storage/tx/ob_ts_mgr.h (include); src/rootserver/ddl_task/ob_ddl_task.cpp -> src/storage/ob_common_id_utils.h (include)
rootserver	storage-tablet	listed	33	32	0	0	0	0	0	0	0	0	1	src/rootserver/ddl_task/ob_ddl_common_rs_impl.cpp -> src/storage/ob_storage_rpc_arg.h (include); src/rootserver/ddl_task/ob_ddl_common_rs_impl.cpp -> src/storage/tablet/ob_tablet_binding_helper.h (include); src/rootserver/fork_table/ob_fork_table_helper.h -> src/storage/meta_mem/ob_tablet_handle.h (forward)
rootserver	storage-engine	listed	30	28	0	0	0	0	0	0	0	0	2	src/rootserver/ddl_task/ob_constraint_task.cpp -> src/storage/ddl/ob_ddl_lock.h (include); src/rootserver/ddl_task/ob_drop_fts_index_task.cpp -> src/storage/ddl/ob_ddl_lock.h (include); src/rootserver/fork_table/ob_fork_table_task.h -> src/storage/ddl/ob_table_fork_info.h (forward)
rootserver	storage-search	listed	10	10	0	0	0	0	0	0	0	0	0	src/rootserver/ddl_task/ob_ddl_common_rs_impl.cpp -> src/query/api/query/vector/ob_vector_index_util.h (include); src/rootserver/ddl_task/ob_ddl_tablet_scheduler.cpp -> src/query/api/query/vector/ob_vector_index_util.h (include)
rootserver	sql-session	listed	4	4	0	0	0	0	0	0	0	0	0	src/rootserver/ob_ddl_service.cpp -> src/sql/session/ob_local_session_var.h (include); src/rootserver/truncate_info/ob_truncate_info_service.cpp -> src/sql/session/ob_sql_session_info.h (include)
rootserver	sql-ir	listed	6	6	0	0	0	0	0	0	0	0	0	src/rootserver/ddl_task/ob_ddl_common_rs_impl.cpp -> src/sql/ob_sql_utils.h (include); src/rootserver/ob_ddl_service.cpp -> src/sql/printer/ob_schema_printer.h (include)
rootserver	sql-exec	listed	7	6	0	0	0	0	0	0	0	0	1	src/rootserver/ddl_task/ob_rebuild_index_task.cpp -> src/query/api/query/scheduler/ob_scheduler_job.h (include); src/rootserver/ob_ddl_operator.h -> src/query/api/query/ddl/ob_ddl_schema_service.h (include); src/rootserver/ob_local_management_service.h -> src/query/api/query/command/ob_local_command_service.h (forward)
rootserver	sql-engine	listed	2	2	0	0	0	0	0	0	0	0	0	src/rootserver/ddl_task/ob_ddl_common_rs_impl.cpp -> src/sql/engine/px/ob_px_dtl_msg.h (include); src/rootserver/ddl_task/ob_ddl_task.h -> src/query/api/query/engine/px/ob_px_tablet_range.h (include)
rootserver	sql-resolver	listed	37	37	0	0	0	0	0	0	0	0	0	src/rootserver/ddl_task/ob_ddl_common_rs_impl.cpp -> src/sql/resolver/ddl/ob_ddl_resolver.h (include); src/rootserver/ddl_task/ob_ddl_common_rs_impl.cpp -> src/sql/resolver/ddl/ob_fts_index_builder_util.h (include)
rootserver	sql-optimizer	listed	2	2	0	0	0	0	0	0	0	0	0	src/rootserver/ob_ddl_operator.cpp -> src/sql/optimizer/stat/ob_dbms_stats_maintenance_window.h (include); src/rootserver/ob_partition_exchange.h -> src/query/api/query/optimizer/stat/ob_stat_define.h (include)
rootserver	sql	listed	6	6	0	0	0	0	0	0	0	0	0	src/rootserver/ddl_task/ob_ddl_retry_task.cpp -> src/sql/engine/cmd/ob_ddl_executor_util.h (include); src/rootserver/ddl_task/ob_drop_fts_index_task.cpp -> src/sql/engine/cmd/ob_ddl_executor_util.h (include)
rootserver	pl	listed	3	3	0	0	0	0	0	0	0	0	0	src/rootserver/ddl_task/ob_ddl_redefinition_task.cpp -> src/pl/sys_package/ob_dbms_stats.h (include); src/rootserver/ob_ddl_operator.cpp -> src/pl/pl_cache/ob_pl_cache_mgr.h (include)
rootserver	observer	upward-named	4	4	0	0	0	0	0	0	0	0	0	src/rootserver/ob_ddl_service.cpp -> src/query/api/query/session/ob_inner_sql_connection_access.h (include); src/rootserver/ob_tablet_creator.cpp -> src/query/api/query/session/ob_inner_sql_connection_access.h (include)
observer	ob-errno	listed	5	0	0	0	0	1	0	0	0	4	0	src/observer/dbms_scheduler/ob_dbms_sched_job_executor.cpp -> src/share/mysql_errno.h (via-generated); src/oblib/rpc/obmysql/ob_login_info.h -> src/oblib/lib/ob_errno.h (generated); src/oblib/rpc/obmysql/ob_mysql_packet_storage.h -> src/oblib/lib/ob_errno.h (generated)
observer	ob-base	listed	291	272	0	0	0	5	0	0	0	0	14	src/oblib/rpc/obmysql/ob_login_info.h -> src/oblib/lib/container/ob_se_array.h (include); src/oblib/rpc/obmysql/ob_login_info.h -> src/oblib/lib/string/ob_string.h (include); src/observer/change_stream/ob_change_stream_fetcher.cpp -> src/share/ob_define.h (via-generated)
observer	ob-runtime	listed	278	258	0	1	1	1	0	0	0	0	17	src/oblib/rpc/ob_sql_request_operator.cpp -> src/oblib/rpc/ob_sql_request_operator.h (include); src/oblib/rpc/ob_sql_request_operator.cpp -> src/oblib/rpc/obmysql/ob_mysql_packet.h (include); src/observer/omt/ob_server_runtime.cpp -> src/oblib/lib/thread/ob_pthread.cpp (link)
observer	ob-values	listed	111	95	0	0	0	1	0	0	0	0	15	src/observer/ai_service/ob_ai_service_proxy.cpp -> src/oblib/common/ob_timeout_ctx.h (include); src/observer/change_stream/ob_change_stream_dispatcher.cpp -> src/oblib/common/ob_tablet_id.h (include); src/observer/mysql/obmp_utils.cpp -> src/oblib/common/object/ob_object.h (via-generated)
observer	ob-values-doc	listed	2	2	0	0	0	0	0	0	0	0	0	src/observer/change_stream/ob_cs_plugin_async_index.cpp -> src/share/vector/ob_vector_index_mode.h (include); src/observer/ob_server.cpp -> src/oblib/common/xml/ob_libxml2_sax_handler.h (include)
observer	ob-share	listed	126	106	0	0	0	0	0	0	0	3	17	src/data_plane/api/data_plane/vector/ob_vector_refresh_transaction.h -> src/oblib/common/mysqlclient/ob_single_connection_proxy.h (include); src/observer/ai_service/ob_ai_service_executor.cpp -> src/oblib/common/mysqlclient/ob_mysql_transaction.h (include); src/observer/change_stream/ob_change_stream_fetcher.cpp -> build_release/generated/share/inner_table/ob_inner_table_schema_constants.h (generated)
observer	ob-schema	listed	112	68	0	0	0	0	0	0	0	4	40	src/observer/ai_service/ob_ai_service_executor.h -> src/share/ai_service/ob_ai_service_struct.h (include); src/observer/ai_service/ob_ai_service_proxy.h -> src/share/ai_service/ob_ai_service_struct.h (include); src/observer/virtual_table/ob_virtual_table_iterator_factory.cpp -> build_release/generated/observer/virtual_table/ob_all_virtual_sqlite_tables.h (generated)
observer	geo-sys	listed	5	0	0	0	0	0	5	0	0	0	0	src/observer/omt/ob_srs_service.cpp -> src/share/geo/ob_geo_utils.h (island); src/observer/omt/ob_srs_service.h -> src/share/geo/ob_srs_info.h (island)
observer	vsag-sys	listed	7	3	0	0	0	0	3	0	0	0	1	src/observer/ob_server.cpp -> src/share/roaringbitmap/ob_rb_memory_mgr.h (include); src/observer/omt/ob_server_runtime_controller.cpp -> src/share/roaringbitmap/ob_rb_memory_mgr.h (include); src/observer/change_stream/ob_cs_plugin_async_index.cpp -> src/oblib/lib/vector/ob_vector_util.h (island)
observer	ob-log	listed	34	29	0	0	0	0	0	0	0	0	5	src/observer/change_stream/ob_change_stream_fetcher.cpp -> src/logservice/ob_log_handler.h (include); src/observer/change_stream/ob_change_stream_fetcher.cpp -> src/logservice/palf/log_io_context.h (include); src/observer/change_stream/ob_change_stream_fetcher.h -> src/logservice/ob_i_log_storage.h (forward)
observer	storage-api	listed	14	7	0	0	0	0	0	0	0	0	7	src/observer/change_stream/ob_change_stream_dispatcher.h -> src/storage/tx/ob_tx_seq.h (include); src/observer/change_stream/ob_change_stream_fetcher.h -> src/storage/tx/ob_tx_seq.h (include); src/observer/ob_server.h -> src/data_plane/api/data_plane/access/ob_tablet_scan.h (forward)
observer	storage-sstable	listed	23	17	0	0	0	0	0	0	0	0	6	src/observer/change_stream/ob_change_stream_dispatcher.h -> src/storage/blocksstable/ob_datum_row.h (include); src/observer/change_stream/ob_cs_plugin_async_index.cpp -> src/storage/blocksstable/ob_datum_row.h (include); src/observer/ob_server.h -> src/storage/access/ob_empty_read_bucket.h (forward)
observer	storage-tx	listed	91	68	0	3	0	0	0	0	0	0	20	src/observer/ai_service/ob_ai_service_executor.cpp -> src/storage/tablelock/ob_lock_inner_connection_util.h (include); src/observer/ai_service/ob_ai_service_proxy.cpp -> src/storage/tablelock/ob_lock_inner_connection_util.h (include); src/oblib/rpc/ob_sql_request_operator.cpp -> src/storage/memtable/ob_lock_wait_mgr.cpp (link)
observer	storage-tablet	listed	170	131	0	0	0	0	0	0	0	0	39	src/observer/change_stream/ob_change_stream_fetcher.cpp -> src/storage/ls/ob_ls.h (include); src/observer/change_stream/ob_change_stream_fetcher.cpp -> src/storage/tx/ob_multi_data_source.h (include); src/observer/ob_server.h -> src/data_plane/api/data_plane/compaction/ob_i_major_freeze_coordinator.h (forward)
observer	storage-engine	listed	35	25	0	0	0	0	0	0	0	0	10	src/observer/ob_server.cpp -> src/storage/compaction/ob_freeze_info_mgr.h (include); src/observer/ob_server.cpp -> src/storage/ddl/ob_ddl_redo_log_writer.h (include); src/observer/ob_server.h -> src/storage/compaction/ob_compaction_diagnose.h (forward)
observer	storage-search	listed	25	24	0	0	0	0	0	0	0	0	1	src/observer/change_stream/ob_change_stream_fetcher.cpp -> src/observer/vector_index/ob_vector_index_util.h (include); src/observer/change_stream/ob_cs_plugin_async_index.cpp -> src/observer/vector_index/ob_vector_index_util.h (include); src/observer/ob_server.h -> src/storage/api/storage/vector/ob_i_vector_index_runtime.h (forward)
observer	sql-parse-tree	listed	2	2	0	0	0	0	0	0	0	0	0	src/observer/mysql/obmp_change_user.h -> src/sql/parser/parse_node.h (include); src/observer/mysql/obmp_reset_connection.h -> src/sql/parser/parse_node.h (include)
observer	sql-session	listed	70	46	0	0	0	0	0	0	0	0	24	src/observer/dbms_scheduler/ob_dbms_sched_job_executor.cpp -> src/sql/session/ob_sql_session_info.h (include); src/observer/dbms_scheduler/ob_dbms_sched_job_master.cpp -> src/sql/session/ob_basic_session_info.h (include); src/data_plane/api/data_plane/vector/ob_vector_refresh_transaction.h -> src/sql/session/ob_sql_session_info.h (forward)
observer	sql-ir	listed	12	7	0	0	0	0	0	0	0	0	5	src/observer/virtual_table/ob_mysql_proc_table.cpp -> src/sql/printer/ob_schema_printer.h (include); src/observer/virtual_table/ob_show_create_database.cpp -> src/sql/printer/ob_schema_printer.h (include); src/oblib/common/mysqlclient/ob_isql_connection.h -> src/sql/pl/ob_pl_user_type.h (forward)
observer	sql-exec	listed	48	39	0	0	0	0	0	0	0	0	9	src/observer/dbms_scheduler/ob_dbms_sched_job_executor.cpp -> src/query/api/query/scheduler/ob_scheduler_job.h (include); src/observer/dbms_scheduler/ob_dbms_sched_job_utils.cpp -> src/query/api/query/scheduler/ob_scheduler_job.h (include); src/observer/dbms_scheduler/ob_dbms_sched_job_executor.h -> src/query/api/query/scheduler/ob_scheduler_job.h (forward)
observer	sql-expr	listed	10	10	0	0	0	0	0	0	0	0	0	src/observer/mysql/ob_query_driver.cpp -> src/sql/engine/expr/ob_expr_lob_utils.h (include); src/observer/mysql/ob_query_driver.cpp -> src/sql/engine/expr/ob_expr_sql_udt_utils.h (include)
observer	sql-das	listed	24	18	0	0	0	0	0	0	0	0	6	src/observer/change_stream/ob_cs_plugin_async_index.cpp -> src/sql/das/ob_das_dml_ctx_define.h (include); src/observer/change_stream/ob_cs_plugin_async_index.cpp -> src/sql/das/ob_das_factory.h (include); src/observer/change_stream/ob_cs_plugin_async_index.h -> src/sql/das/ob_das_dml_ctx_define.h (forward)
observer	sql-engine	listed	25	23	0	0	0	0	0	0	0	0	2	src/observer/dbms_scheduler/ob_dbms_sched_job_executor.cpp -> src/sql/executor/ob_worker_session_guard.h (include); src/observer/mysql/obmp_base.h -> src/sql/monitor/ob_process_malloc_callback.h (include); src/observer/ob_server.h -> src/sql/dtl/ob_dtl_fc_server.h (forward)
observer	sql-parser	listed	2	1	0	0	0	0	0	0	0	0	1	src/observer/ob_dump_task_generator.cpp -> src/sql/parser/ob_parser.h (include); src/observer/mysql/obmp_query.h -> src/sql/parser/ob_parser.h (forward)
observer	sql-resolver	listed	7	7	0	0	0	0	0	0	0	0	0	src/observer/mysql/obmp_connect.cpp -> src/sql/privilege_check/ob_privilege_check.h (include); src/observer/vector_index/ob_plugin_vector_index_service.cpp -> src/sql/resolver/ddl/ob_vec_index_builder_util.h (include)
observer	sql-optimizer	listed	9	8	0	0	0	0	0	0	0	0	1	src/observer/ob_server.cpp -> src/sql/optimizer/stat/ob_opt_stat_manager.h (include); src/observer/ob_server.h -> src/sql/optimizer/stat/ob_opt_stat_service.h (include); src/observer/ob_server.h -> src/sql/optimizer/stat/ob_opt_stat_monitor_manager.h (forward)
observer	sql	listed	132	106	0	0	0	0	0	0	0	0	26	src/observer/dbms_scheduler/ob_dbms_sched_job_executor.cpp -> src/sql/ob_sql.h (include); src/observer/mysql/ob_async_cmd_driver.cpp -> src/sql/ob_query_retry_ctrl.h (include); src/oblib/common/mysqlclient/ob_isql_connection.h -> src/sql/ob_result_set.h (forward)
observer	pl	listed	8	7	0	0	0	0	0	0	0	0	1	src/observer/mysql/obmp_stmt_execute.cpp -> src/pl/ob_pl_package.h (include); src/observer/mysql/obmp_stmt_execute.cpp -> src/sql/pl/ob_pl_server_cursor.h (include); src/observer/mysql/obmp_stmt_fetch.h -> src/sql/pl/ob_pl_server_cursor.h (forward)
observer	rootserver	listed	29	19	0	0	0	0	0	0	0	0	10	src/observer/dbms_scheduler/ob_dbms_sched_job_master.h -> src/rootserver/dbms_job/ob_dbms_job_utils.h (include); src/observer/dbms_scheduler/ob_dbms_sched_job_master.h -> src/rootserver/ob_ddl_service.h (include); src/observer/ob_ls_runtime_adapter.h -> src/rootserver/ddl_task/ob_ddl_scheduler.h (forward)
observer	sql-nio	listed	9	0	0	0	0	0	0	0	9	0	0	src/oblib/rpc/ob_sql_request_operator.cpp -> rust/sql-nio/include/nio.h (rust-header); src/oblib/rpc/obmysql/ob_login_info.h -> rust/sql-nio/include/nio.h (rust-header)
observer	seekdb	upward-named	1	1	0	0	0	0	0	0	0	0	0	src/observer/ob_server.h -> src/observer/ob_signal_handle.h (include)
observer	standby	uses-deferred	1	0	1	0	0	0	0	0	0	0	0	src/standby/standby_module.h -> src/standby/standby_module.cpp (definition)
observer	x-dropped	uses-dropped	2	2	0	0	0	0	0	0	0	0	0	src/observer/mysql/obmp_connect.cpp -> src/oblib/easy/util/easy_mod_stat.h (include); src/observer/ob_srv_deliver.cpp -> src/oblib/easy/util/easy_mod_stat.h (include)
seekdb	ob-errno	listed	1	0	0	0	0	0	0	0	0	1	0	src/observer/ob_signal_handle.h -> src/oblib/lib/ob_errno.h (generated)
seekdb	ob-base	listed	12	12	0	0	0	0	0	0	0	0	0	src/observer/main.cpp -> src/oblib/lib/alloc/ob_malloc_allocator.h (include); src/observer/main.cpp -> src/oblib/lib/allocator/ob_malloc.h (include)
seekdb	ob-runtime	listed	2	1	0	1	0	0	0	0	0	0	0	src/observer/main.cpp -> src/share/config/ob_server_config.h (include); src/observer/ob_signal_handle.cpp -> src/share/io/ob_io_struct.cpp (link)
seekdb	ob-share	gone	4	4	0	0	0	0	0	0	0	0	0	src/observer/main.cpp -> src/share/ob_encryption_util.h (include); src/observer/main.cpp -> src/share/ob_version.h (include)
seekdb	storage-tablet	gone	1	1	0	0	0	0	0	0	0	0	0	src/observer/ob_signal_handle.cpp -> src/storage/tx_storage/ob_memory_printer.h (include)
seekdb	sql	gone	1	1	0	0	0	0	0	0	0	0	0	src/observer/ob_signal_handle.cpp -> src/sql/ob_sql_init.h (include)
seekdb	observer	listed	6	6	0	0	0	0	0	0	0	0	0	src/observer/main.cpp -> src/observer/ob_server.h (include); src/observer/main.cpp -> src/observer/ob_server_utils.h (include)
seekdb	x-dropped	uses-dropped	1	1	0	0	0	0	0	0	0	0	0	src/observer/ob_signal_handle.h -> src/oblib/easy/include/easy_define.h (include)
standby	ob-errno	deferred	5	0	0	0	0	0	0	0	0	5	0	src/standby/ob_standby_bootstrap_service.cpp -> src/oblib/lib/ob_errno.h (generated); src/standby/ob_standby_grpc_stream_util.cpp -> src/oblib/lib/ob_errno.h (generated)
standby	ob-base	deferred	59	56	0	0	0	0	0	0	0	0	3	src/standby/control/ob_standby_role_transition_service.cpp -> src/oblib/lib/oblog/ob_log.h (include); src/standby/control/ob_standby_role_transition_service.cpp -> src/oblib/lib/time/ob_time_utility.h (include); src/standby/ob_standby_bootstrap_service.h -> src/oblib/lib/utility/utility.h (forward)
standby	ob-runtime	deferred	29	28	0	0	0	0	0	0	0	0	1	src/standby/control/ob_standby_role_transition_service.cpp -> src/share/rc/ob_server_runtime.h (include); src/standby/control/ob_standby_timestamp_provider.cpp -> src/share/rc/ob_server_runtime.h (include); src/standby/restore/ob_standby_restore_tablet_builder.h -> src/share/scn.h (forward)
standby	ob-share	deferred	16	12	0	0	0	0	0	0	0	3	1	src/standby/control/ob_standby_role_transition_service.cpp -> src/share/ob_server_info.h (include); src/standby/control/ob_standby_role_transition_service.h -> src/share/ob_tenant_role_transition_service.h (include); src/standby/ob_standby_grpc.h -> src/oblib/grpc/standbyservice.grpc.pb.h (generated)
standby	ob-log	deferred	13	13	0	0	0	0	0	0	0	0	0	src/standby/ob_standby_bootstrap_service.cpp -> src/logservice/ob_log_service.h (include); src/standby/ob_standby_bootstrap_service.h -> src/share/log/palf/palf_base_info.h (include)
standby	storage-sstable	deferred	29	27	0	0	0	0	0	0	0	0	2	src/standby/restore/ob_physical_copy_ctx.h -> src/storage/blocksstable/index_block/ob_index_block_builder.h (include); src/standby/restore/ob_physical_copy_ctx.h -> src/storage/blocksstable/ob_block_sstable_struct.h (include); src/standby/restore/ob_standby_restore_rpc.h -> src/storage/blocksstable/index_block/ob_index_block_builder.h (forward)
standby	storage-tx	deferred	3	3	0	0	0	0	0	0	0	0	0	src/standby/control/ob_standby_role_transition_service.cpp -> src/storage/tx/ob_id_service.h (include); src/standby/control/ob_standby_timestamp_provider.cpp -> src/storage/tx/ob_timestamp_access.h (include)
standby	storage-tablet	deferred	37	34	0	0	0	0	0	0	0	0	3	src/standby/control/ob_standby_role_transition_service.cpp -> src/storage/tx_storage/ob_ls_service.h (include); src/standby/control/ob_standby_timestamp_provider.cpp -> src/storage/ls/ob_ls.h (include); src/standby/ob_standby_grpc_stream_util.h -> src/storage/ls/ob_ls.h (forward)
standby	observer	deferred	26	15	0	0	1	0	0	0	0	0	10	src/standby/control/ob_standby_role_transition_service.cpp -> src/standby/control/standby_state_store.h (include); src/standby/control/ob_standby_role_transition_service.cpp -> src/standby/standby_host.h (include); src/standby/standby_module.cpp -> src/standby/standby_module.h (own-header)
x-dropped	ob-base	dropped	1	1	0	0	0	0	0	0	0	0	0	src/oblib/rpc/frame/ob_net_easy.cpp -> src/oblib/lib/utility/utility.h (include)
x-dropped	ob-runtime	dropped	1	1	0	0	0	0	0	0	0	0	0	src/oblib/rpc/frame/ob_net_easy.cpp -> src/oblib/lib/thread/ob_thread_name.h (include)
