from_dir	to_dir	file_edges
bazel/probes	src/logservice	1
bazel/probes	src/oblib/common	1
bazel/probes	src/oblib/easy/io	1
bazel/probes	src/oblib/easy/util	1
bazel/probes	src/oblib/lib/compress	1
bazel/probes	src/oblib/lib/restore	1
bazel/probes	src/oblib/lib/vector	1
bazel/probes	src/oblib/rpc/frame	1
bazel/probes	src/storage	1
src/data_plane	src/data_plane/api/data_plane/access	2
src/data_plane/api/data_plane	src/data_plane/api/data_plane/access	1
src/data_plane/api/data_plane	src/data_plane/api/data_plane/memtable	2
src/data_plane/api/data_plane	src/oblib/common	2
src/data_plane/api/data_plane	src/oblib/common/datum	1
src/data_plane/api/data_plane	src/oblib/common/mysqlclient	1
src/data_plane/api/data_plane	src/oblib/common/number	1
src/data_plane/api/data_plane	src/oblib/common/sql_mode	1
src/data_plane/api/data_plane	src/oblib/common/timezone	1
src/data_plane/api/data_plane	src/oblib/lib	2
src/data_plane/api/data_plane	src/oblib/lib/allocator	1
src/data_plane/api/data_plane	src/oblib/lib/charset	1
src/data_plane/api/data_plane	src/oblib/lib/container	3
src/data_plane/api/data_plane	src/oblib/lib/net	1
src/data_plane/api/data_plane	src/oblib/lib/string	2
src/data_plane/api/data_plane	src/oblib/lib/utility	2
src/data_plane/api/data_plane/access	src/data_plane/api/data_plane/fts	1
src/data_plane/api/data_plane/access	src/data_plane/api/data_plane/transaction	1
src/data_plane/api/data_plane/access	src/oblib/common	3
src/data_plane/api/data_plane/access	src/oblib/common/object	2
src/data_plane/api/data_plane/access	src/oblib/common/sql_mode	1
src/data_plane/api/data_plane/access	src/oblib/lib/container	4
src/data_plane/api/data_plane/access	src/oblib/lib/literals	1
src/data_plane/api/data_plane/access	src/oblib/lib/string	1
src/data_plane/api/data_plane/access	src/oblib/lib/utility	5
src/data_plane/api/data_plane/access	src/share	2
src/data_plane/api/data_plane/access	src/share/geo	1
src/data_plane/api/data_plane/access	src/share/schema	4
src/data_plane/api/data_plane/access	src/share/transaction	1
src/data_plane/api/data_plane/blocksstable	src/data_plane/api/data_plane/meta	1
src/data_plane/api/data_plane/blocksstable	src/oblib/common	2
src/data_plane/api/data_plane/blocksstable	src/oblib/common/datum	2
src/data_plane/api/data_plane/blocksstable	src/oblib/lib	1
src/data_plane/api/data_plane/blocksstable	src/oblib/lib/allocator	2
src/data_plane/api/data_plane/blocksstable	src/oblib/lib/oblog	2
src/data_plane/api/data_plane/blocksstable	src/oblib/lib/utility	5
src/data_plane/api/data_plane/blocksstable	src/share/allocator	1
src/data_plane/api/data_plane/blocksstable	src/share/datum	1
src/data_plane/api/data_plane/blocksstable	src/share/transaction	1
src/data_plane/api/data_plane/blocksstable	src/storage/blocksstable/index_block	1
src/data_plane/api/data_plane/compaction	src/oblib/common	1
src/data_plane/api/data_plane/compaction	src/oblib/lib/container	1
src/data_plane/api/data_plane/compaction	src/oblib/lib/net	1
src/data_plane/api/data_plane/compaction	src/oblib/lib/utility	1
src/data_plane/api/data_plane/compaction	src/share	1
src/data_plane/api/data_plane/ddl	src/oblib/common	2
src/data_plane/api/data_plane/ddl	src/oblib/lib	1
src/data_plane/api/data_plane/ddl	src/oblib/lib/allocator	1
src/data_plane/api/data_plane/ddl	src/oblib/lib/container	1
src/data_plane/api/data_plane/ddl	src/oblib/lib/utility	3
src/data_plane/api/data_plane/encoding	src/oblib/lib/charset	1
src/data_plane/api/data_plane/fts	src/oblib/common/json_type	1
src/data_plane/api/data_plane/fts	src/oblib/common/object	3
src/data_plane/api/data_plane/fts	src/oblib/lib/allocator	3
src/data_plane/api/data_plane/fts	src/oblib/lib/charset	3
src/data_plane/api/data_plane/fts	src/oblib/lib/hash	1
src/data_plane/api/data_plane/fts	src/oblib/lib/json	1
src/data_plane/api/data_plane/fts	src/oblib/lib/oblog	1
src/data_plane/api/data_plane/fts	src/oblib/lib/string	4
src/data_plane/api/data_plane/fts	src/oblib/lib/utility	5
src/data_plane/api/data_plane/fts	src/share	1
src/data_plane/api/data_plane/fts	src/share/datum	1
src/data_plane/api/data_plane/fts/dict	src/data_plane/api/data_plane/fts	1
src/data_plane/api/data_plane/fts/dict	src/oblib/common/mysqlclient	1
src/data_plane/api/data_plane/fts/dict	src/oblib/lib/lock	1
src/data_plane/api/data_plane/fts/dict	src/share	1
src/data_plane/api/data_plane/lob	src/oblib/common/object	2
src/data_plane/api/data_plane/lob	src/oblib/lib/container	1
src/data_plane/api/data_plane/memtable	src/oblib/lib/utility	2
src/data_plane/api/data_plane/meta	src/oblib/lib/container	1
src/data_plane/api/data_plane/meta	src/oblib/lib/utility	2
src/data_plane/api/data_plane/report	src/oblib/common	1
src/data_plane/api/data_plane/report	src/oblib/lib/utility	1
src/data_plane/api/data_plane/retrieval	src/oblib/common/datum	2
src/data_plane/api/data_plane/retrieval	src/oblib/lib/allocator	1
src/data_plane/api/data_plane/retrieval	src/oblib/lib/container	1
src/data_plane/api/data_plane/retrieval	src/share	2
src/data_plane/api/data_plane/scheduler	src/oblib/lib	2
src/data_plane/api/data_plane/scheduler	src/oblib/lib/allocator	1
src/data_plane/api/data_plane/scheduler	src/oblib/lib/container	3
src/data_plane/api/data_plane/scheduler	src/oblib/lib/hash	1
src/data_plane/api/data_plane/scheduler	src/oblib/lib/list	2
src/data_plane/api/data_plane/scheduler	src/oblib/lib/lock	2
src/data_plane/api/data_plane/scheduler	src/oblib/lib/profile	2
src/data_plane/api/data_plane/scheduler	src/oblib/lib/string	1
src/data_plane/api/data_plane/scheduler	src/oblib/lib/thread	1
src/data_plane/api/data_plane/scheduler	src/oblib/lib/utility	2
src/data_plane/api/data_plane/scheduler	src/share	3
src/data_plane/api/data_plane/scheduler	src/share/rc	1
src/data_plane/api/data_plane/tablelock	src/oblib/lib/string	1
src/data_plane/api/data_plane/tablelock	src/oblib/lib/utility	1
src/data_plane/api/data_plane/tablelock	src/share	1
src/data_plane/api/data_plane/tmp_file	src/oblib/lib/utility	1
src/data_plane/api/data_plane/tmp_file	src/share/io	1
src/data_plane/api/data_plane/transaction	src/oblib/lib	2
src/data_plane/api/data_plane/transaction	src/oblib/lib/container	2
src/data_plane/api/data_plane/transaction	src/oblib/lib/hash_func	1
src/data_plane/api/data_plane/transaction	src/oblib/lib/net	1
src/data_plane/api/data_plane/transaction	src/oblib/lib/string	5
src/data_plane/api/data_plane/transaction	src/oblib/lib/utility	14
src/data_plane/api/data_plane/transaction	src/share	4
src/data_plane/api/data_plane/transaction	src/share/transaction	4
src/data_plane/api/data_plane/truncate_info	src/oblib/common/rowkey	1
src/data_plane/api/data_plane/truncate_info	src/oblib/lib/container	1
src/data_plane/api/data_plane/truncate_info	src/oblib/lib/utility	2
src/data_plane/api/data_plane/truncate_info	src/share/schema	1
src/data_plane/api/data_plane/vector	src/oblib/common/mysqlclient	1
src/data_plane/api/data_plane/vector	src/oblib/common/object	7
src/data_plane/api/data_plane/vector	src/oblib/common/rowkey	1
src/data_plane/api/data_plane/vector	src/oblib/common/udt	1
src/data_plane/api/data_plane/vector	src/oblib/lib	6
src/data_plane/api/data_plane/vector	src/oblib/lib/container	1
src/data_plane/api/data_plane/vector	src/oblib/lib/oblog	7
src/data_plane/api/data_plane/vector	src/oblib/lib/utility	9
src/logservice	src/logservice/applyservice	1
src/logservice	src/logservice/localservice	1
src/logservice	src/logservice/palf	10
src/logservice	src/logservice/replayservice	2
src/logservice	src/oblib/common	2
src/logservice	src/oblib/lib	3
src/logservice	src/oblib/lib/alloc	1
src/logservice	src/oblib/lib/allocator	4
src/logservice	src/oblib/lib/container	1
src/logservice	src/oblib/lib/lock	3
src/logservice	src/oblib/lib/queue	2
src/logservice	src/oblib/lib/utility	5
src/logservice	src/share	6
src/logservice	src/share/log/palf	4
src/logservice	src/share/rc	2
src/logservice	src/share/resource	1
src/logservice/applyservice	src/logservice	2
src/logservice/applyservice	src/logservice/palf	3
src/logservice/applyservice	src/oblib/common	1
src/logservice/applyservice	src/oblib/lib/lock	1
src/logservice/applyservice	src/oblib/lib/queue	1
src/logservice/applyservice	src/oblib/lib/thread	2
src/logservice/applyservice	src/share	1
src/logservice/common_util	src/oblib/lib/time	1
src/logservice/common_util	src/share	1
src/logservice/localservice	src/oblib/lib/container	2
src/logservice/localservice	src/oblib/lib/lock	1
src/logservice/localservice	src/oblib/lib/utility	1
src/logservice/localservice	src/share	1
src/logservice/localservice	src/share/log	2
src/logservice/palf	src/logservice	4
src/logservice/palf	src/oblib/common	3
src/logservice/palf	src/oblib/lib	17
src/logservice/palf	src/oblib/lib/atomic	3
src/logservice/palf	src/oblib/lib/checksum	5
src/logservice/palf	src/oblib/lib/container	2
src/logservice/palf	src/oblib/lib/file	2
src/logservice/palf	src/oblib/lib/function	4
src/logservice/palf	src/oblib/lib/hash	2
src/logservice/palf	src/oblib/lib/list	3
src/logservice/palf	src/oblib/lib/lock	15
src/logservice/palf	src/oblib/lib/oblog	1
src/logservice/palf	src/oblib/lib/profile	1
src/logservice/palf	src/oblib/lib/queue	1
src/logservice/palf	src/oblib/lib/restore	3
src/logservice/palf	src/oblib/lib/stat	2
src/logservice/palf	src/oblib/lib/string	1
src/logservice/palf	src/oblib/lib/task	1
src/logservice/palf	src/oblib/lib/thread	4
src/logservice/palf	src/oblib/lib/time	3
src/logservice/palf	src/oblib/lib/trace	1
src/logservice/palf	src/oblib/lib/utility	44
src/logservice/palf	src/share	24
src/logservice/palf	src/share/io	4
src/logservice/palf	src/share/log	1
src/logservice/palf	src/share/log/palf	50
src/logservice/palf	src/share/rc	7
src/logservice/replayservice	src/logservice	4
src/logservice/replayservice	src/logservice/palf	3
src/logservice/replayservice	src/oblib/lib/lock	4
src/logservice/replayservice	src/oblib/lib/queue	1
src/logservice/replayservice	src/oblib/lib/stat	1
src/logservice/replayservice	src/oblib/lib/string	1
src/logservice/replayservice	src/oblib/lib/task	1
src/logservice/replayservice	src/oblib/lib/thread	2
src/logservice/replayservice	src/oblib/lib/utility	1
src/logservice/replayservice	src/share	5
src/logservice/replayservice	src/share/config	1
src/logservice/replayservice	src/share/log	4
src/logservice/replayservice	src/share/log/palf	2
src/objit/include/objit/common	src/oblib/lib/utility	1
src/oblib/common	src/oblib/common/mysqlclient	1
src/oblib/common	src/oblib/common/number	1
src/oblib/common	src/oblib/common/object	6
src/oblib/common	src/oblib/common/rowkey	3
src/oblib/common	src/oblib/common/timezone	1
src/oblib/common	src/oblib/lib	11
src/oblib/common	src/oblib/lib/allocator	5
src/oblib/common	src/oblib/lib/atomic	1
src/oblib/common	src/oblib/lib/checksum	2
src/oblib/common	src/oblib/lib/container	8
src/oblib/common	src/oblib/lib/oblog	3
src/oblib/common	src/oblib/lib/string	6
src/oblib/common	src/oblib/lib/time	1
src/oblib/common	src/oblib/lib/utility	12
src/oblib/common/cell	src/oblib/common/number	1
src/oblib/common/cell	src/oblib/common/object	3
src/oblib/common/cell	src/oblib/common/timezone	1
src/oblib/common/cell	src/oblib/lib	2
src/oblib/common/datum	src/oblib/common/object	1
src/oblib/common/datum	src/oblib/common/timezone	1
src/oblib/common/enumset	src/oblib/common/object	1
src/oblib/common/enumset	src/oblib/lib	1
src/oblib/common/enumset	src/oblib/lib/container	2
src/oblib/common/enumset	src/oblib/lib/string	1
src/oblib/common/expression	src/oblib/common	1
src/oblib/common/json_type	src/oblib/common/lob	1
src/oblib/common/json_type	src/oblib/common/mysqlclient	2
src/oblib/common/json_type	src/oblib/common/number	3
src/oblib/common/json_type	src/oblib/common/object	2
src/oblib/common/json_type	src/oblib/common/timezone	4
src/oblib/common/json_type	src/oblib/common/xml	1
src/oblib/common/json_type	src/oblib/lib/charset	2
src/oblib/common/json_type	src/oblib/lib/container	5
src/oblib/common/json_type	src/oblib/lib/encode	1
src/oblib/common/json_type	src/oblib/lib/string	3
src/oblib/common/json_type	src/oblib/lib/utility	4
src/oblib/common/lob	src/oblib/common/number	1
src/oblib/common/lob	src/oblib/lib/string	1
src/oblib/common/log	src/oblib/common	1
src/oblib/common/log	src/oblib/lib	3
src/oblib/common/log	src/oblib/lib/allocator	1
src/oblib/common/log	src/oblib/lib/atomic	1
src/oblib/common/log	src/oblib/lib/container	1
src/oblib/common/log	src/oblib/lib/file	2
src/oblib/common/log	src/oblib/lib/lock	1
src/oblib/common/log	src/oblib/lib/net	1
src/oblib/common/log	src/oblib/lib/oblog	1
src/oblib/common/log	src/oblib/lib/utility	2
src/oblib/common/meta_programming	src/oblib/lib	2
src/oblib/common/meta_programming	src/oblib/lib/allocator	2
src/oblib/common/meta_programming	src/oblib/lib/oblog	2
src/oblib/common/meta_programming	src/oblib/lib/utility	1
src/oblib/common/mysqlclient	src/oblib/common/number	1
src/oblib/common/mysqlclient	src/oblib/common/object	3
src/oblib/common/mysqlclient	src/oblib/common/sql_mode	1
src/oblib/common/mysqlclient	src/oblib/common/timezone	2
src/oblib/common/mysqlclient	src/oblib/easy/include	1
src/oblib/common/mysqlclient	src/oblib/lib	2
src/oblib/common/mysqlclient	src/oblib/lib/allocator	1
src/oblib/common/mysqlclient	src/oblib/lib/charset	1
src/oblib/common/mysqlclient	src/oblib/lib/container	1
src/oblib/common/mysqlclient	src/oblib/lib/guard	1
src/oblib/common/mysqlclient	src/oblib/lib/hash	2
src/oblib/common/mysqlclient	src/oblib/lib/oblog	1
src/oblib/common/mysqlclient	src/oblib/lib/string	2
src/oblib/common/mysqlclient	src/oblib/lib/utility	2
src/oblib/common/number	src/oblib/common	1
src/oblib/common/number	src/oblib/lib	2
src/oblib/common/number	src/oblib/lib/charset	1
src/oblib/common/number	src/oblib/lib/utility	4
src/oblib/common/object	src/oblib/common	3
src/oblib/common/object	src/oblib/common/json_type	4
src/oblib/common/object	src/oblib/common/number	1
src/oblib/common/object	src/oblib/common/timezone	5
src/oblib/common/object	src/oblib/common/udt	1
src/oblib/common/object	src/oblib/common/wide_integer	1
src/oblib/common/object	src/oblib/lib	1
src/oblib/common/object	src/oblib/lib/charset	3
src/oblib/common/object	src/oblib/lib/checksum	1
src/oblib/common/object	src/oblib/lib/encode	1
src/oblib/common/object	src/oblib/lib/hash	1
src/oblib/common/object	src/oblib/lib/hash_func	1
src/oblib/common/object	src/oblib/lib/string	2
src/oblib/common/object	src/oblib/lib/utility	1
src/oblib/common/row	src/oblib/common/cell	2
src/oblib/common/row	src/oblib/common/rowkey	2
src/oblib/common/row	src/oblib/lib	2
src/oblib/common/row	src/oblib/lib/allocator	1
src/oblib/common/row	src/oblib/lib/container	2
src/oblib/common/row	src/oblib/lib/hash	1
src/oblib/common/row	src/oblib/lib/json	1
src/oblib/common/row	src/oblib/lib/string	1
src/oblib/common/row	src/oblib/lib/utility	3
src/oblib/common/rowkey	src/oblib/common/object	3
src/oblib/common/rowkey	src/oblib/lib	3
src/oblib/common/rowkey	src/oblib/lib/checksum	1
src/oblib/common/rowkey	src/oblib/lib/container	2
src/oblib/common/rowkey	src/oblib/lib/hash	3
src/oblib/common/rowkey	src/oblib/lib/json	1
src/oblib/common/rowkey	src/oblib/lib/oblog	2
src/oblib/common/rowkey	src/oblib/lib/string	1
src/oblib/common/rowkey	src/oblib/lib/utility	2
src/oblib/common/sql_mode	src/oblib/common/object	1
src/oblib/common/sql_mode	src/oblib/lib/string	1
src/oblib/common/storage	src/oblib/common	1
src/oblib/common/storage	src/oblib/lib	1
src/oblib/common/storage	src/oblib/lib/literals	1
src/oblib/common/storage	src/oblib/lib/time	1
src/oblib/common/storage	src/oblib/lib/utility	1
src/oblib/common/timezone	src/oblib/common	1
src/oblib/common/timezone	src/oblib/common/number	1
src/oblib/common/timezone	src/oblib/common/object	1
src/oblib/common/timezone	src/oblib/common/sql_mode	1
src/oblib/common/timezone	src/oblib/lib	1
src/oblib/common/timezone	src/oblib/lib/allocator	1
src/oblib/common/timezone	src/oblib/lib/container	2
src/oblib/common/timezone	src/oblib/lib/hash	1
src/oblib/common/timezone	src/oblib/lib/locale	1
src/oblib/common/timezone	src/oblib/lib/string	3
src/oblib/common/timezone	src/oblib/lib/trace	1
src/oblib/common/timezone	src/oblib/lib/utility	3
src/oblib/common/udt	src/oblib/common	2
src/oblib/common/udt	src/oblib/common/datum	1
src/oblib/common/udt	src/oblib/common/mysqlclient	1
src/oblib/common/udt	src/oblib/common/object	3
src/oblib/common/udt	src/oblib/common/wide_integer	1
src/oblib/common/udt	src/oblib/lib/container	2
src/oblib/common/udt	src/oblib/lib/hash	1
src/oblib/common/udt	src/oblib/lib/oblog	3
src/oblib/common/udt	src/oblib/lib/string	5
src/oblib/common/udt	src/oblib/lib/utility	2
src/oblib/common/wide_integer	src/oblib/common/number	1
src/oblib/common/wide_integer	src/oblib/common/object	3
src/oblib/common/wide_integer	src/oblib/lib/allocator	1
src/oblib/common/wide_integer	src/oblib/lib/utility	2
src/oblib/common/xml	src/oblib/common/datum	2
src/oblib/common/xml	src/oblib/common/json_type	4
src/oblib/common/xml	src/oblib/common/mysqlclient	1
src/oblib/common/xml	src/oblib/common/number	3
src/oblib/common/xml	src/oblib/common/timezone	1
src/oblib/common/xml	src/oblib/lib/allocator	2
src/oblib/common/xml	src/oblib/lib/container	10
src/oblib/common/xml	src/oblib/lib/objectpool	1
src/oblib/common/xml	src/oblib/lib/string	4
src/oblib/common/xml	src/oblib/lib/utility	2
src/oblib/easy/io	src/oblib/easy/include	7
src/oblib/easy/io	src/oblib/easy/thread	1
src/oblib/easy/io	src/oblib/easy/util	8
src/oblib/easy/thread	src/oblib/easy/include	1
src/oblib/easy/thread	src/oblib/easy/util	1
src/oblib/easy/util	src/oblib/easy/include	11
src/oblib/grpc	src/oblib/lib	2
src/oblib/grpc	src/oblib/lib/net	2
src/oblib/grpc	src/oblib/lib/oblog	4
src/oblib/grpc	src/oblib/lib/profile	2
src/oblib/grpc	src/oblib/lib/utility	1
src/oblib/lib	src/oblib/lib/atomic	1
src/oblib/lib	src/oblib/lib/coro	1
src/oblib/lib	src/oblib/lib/rc	1
src/oblib/lib	src/oblib/lib/utility	5
src/oblib/lib/alloc	src/oblib/lib	6
src/oblib/lib/alloc	src/oblib/lib/allocator	5
src/oblib/lib/alloc	src/oblib/lib/atomic	1
src/oblib/lib/alloc	src/oblib/lib/container	1
src/oblib/lib/alloc	src/oblib/lib/coro	2
src/oblib/lib/alloc	src/oblib/lib/hash	3
src/oblib/lib/alloc	src/oblib/lib/list	1
src/oblib/lib/alloc	src/oblib/lib/lock	4
src/oblib/lib/alloc	src/oblib/lib/oblog	2
src/oblib/lib/alloc	src/oblib/lib/profile	1
src/oblib/lib/alloc	src/oblib/lib/queue	1
src/oblib/lib/alloc	src/oblib/lib/random	1
src/oblib/lib/alloc	src/oblib/lib/rc	2
src/oblib/lib/alloc	src/oblib/lib/resource	4
src/oblib/lib/alloc	src/oblib/lib/signal	1
src/oblib/lib/alloc	src/oblib/lib/thread	2
src/oblib/lib/alloc	src/oblib/lib/thread_local	1
src/oblib/lib/alloc	src/oblib/lib/time	4
src/oblib/lib/alloc	src/oblib/lib/utility	23
src/oblib/lib/allocator	src/oblib/lib	10
src/oblib/lib/allocator	src/oblib/lib/alloc	14
src/oblib/lib/allocator	src/oblib/lib/atomic	3
src/oblib/lib/allocator	src/oblib/lib/cpu	1
src/oblib/lib/allocator	src/oblib/lib/list	3
src/oblib/lib/allocator	src/oblib/lib/lock	11
src/oblib/lib/allocator	src/oblib/lib/oblog	3
src/oblib/lib/allocator	src/oblib/lib/queue	3
src/oblib/lib/allocator	src/oblib/lib/signal	1
src/oblib/lib/allocator	src/oblib/lib/thread_local	3
src/oblib/lib/allocator	src/oblib/lib/time	4
src/oblib/lib/allocator	src/oblib/lib/utility	11
src/oblib/lib/atomic	src/oblib/lib/oblog	1
src/oblib/lib/atomic	src/oblib/lib/utility	2
src/oblib/lib/charset	src/oblib/lib	2
src/oblib/lib/charset	src/oblib/lib/hash_func	1
src/oblib/lib/charset	src/oblib/lib/lock	1
src/oblib/lib/charset	src/oblib/lib/string	1
src/oblib/lib/charset	src/oblib/lib/utility	2
src/oblib/lib/checksum	src/oblib/lib	2
src/oblib/lib/checksum	src/oblib/lib/utility	3
src/oblib/lib/codec	src/oblib/lib/compress	3
src/oblib/lib/codec	src/oblib/lib/oblog	18
src/oblib/lib/codec	src/oblib/lib/utility	18
src/oblib/lib/compress	src/oblib/lib	1
src/oblib/lib/compress	src/oblib/lib/allocator	2
src/oblib/lib/compress	src/oblib/lib/compress/none	1
src/oblib/lib/compress	src/oblib/lib/compress/zlib	1
src/oblib/lib/compress	src/oblib/lib/compress/zstd_1_3_8	1
src/oblib/lib/compress	src/oblib/lib/string	1
src/oblib/lib/compress	src/oblib/lib/utility	1
src/oblib/lib/compress/none	src/oblib/lib/compress	1
src/oblib/lib/compress/zlib	src/oblib/lib/compress	2
src/oblib/lib/compress/zstd_1_3_8	src/oblib/lib/compress	1
src/oblib/lib/container	src/oblib/lib	7
src/oblib/lib/container	src/oblib/lib/allocator	15
src/oblib/lib/container	src/oblib/lib/atomic	1
src/oblib/lib/container	src/oblib/lib/json	1
src/oblib/lib/container	src/oblib/lib/list	1
src/oblib/lib/container	src/oblib/lib/lock	5
src/oblib/lib/container	src/oblib/lib/oblog	3
src/oblib/lib/container	src/oblib/lib/queue	2
src/oblib/lib/container	src/oblib/lib/utility	31
src/oblib/lib/core_local	src/oblib/lib	1
src/oblib/lib/core_local	src/oblib/lib/cpu	1
src/oblib/lib/core_local	src/oblib/lib/oblog	1
src/oblib/lib/core_local	src/oblib/lib/utility	2
src/oblib/lib/cpu	src/oblib/lib/container	2
src/oblib/lib/cpu	src/oblib/lib/oblog	1
src/oblib/lib/cpu	src/oblib/lib/utility	2
src/oblib/lib/encode	src/oblib/lib/oblog	3
src/oblib/lib/encrypt	src/oblib/lib/string	1
src/oblib/lib/file	src/oblib/lib	2
src/oblib/lib/file	src/oblib/lib/allocator	1
src/oblib/lib/file	src/oblib/lib/atomic	1
src/oblib/lib/file	src/oblib/lib/oblog	1
src/oblib/lib/file	src/oblib/lib/string	1
src/oblib/lib/file	src/oblib/lib/utility	4
src/oblib/lib/function	src/oblib/lib/allocator	2
src/oblib/lib/function	src/oblib/lib/oblog	1
src/oblib/lib/function	src/oblib/lib/utility	1
src/oblib/lib/future	src/oblib/lib/allocator	2
src/oblib/lib/future	src/oblib/lib/guard	1
src/oblib/lib/future	src/oblib/lib/lock	1
src/oblib/lib/guard	src/oblib/lib/allocator	3
src/oblib/lib/guard	src/oblib/lib/function	2
src/oblib/lib/guard	src/oblib/lib/time	1
src/oblib/lib/guard	src/oblib/lib/utility	1
src/oblib/lib/hash	src/oblib/lib	4
src/oblib/lib/hash	src/oblib/lib/allocator	13
src/oblib/lib/hash	src/oblib/lib/atomic	2
src/oblib/lib/hash	src/oblib/lib/container	5
src/oblib/lib/hash	src/oblib/lib/hash_func	6
src/oblib/lib/hash	src/oblib/lib/list	3
src/oblib/lib/hash	src/oblib/lib/lock	6
src/oblib/lib/hash	src/oblib/lib/metrics	1
src/oblib/lib/hash	src/oblib/lib/objectpool	1
src/oblib/lib/hash	src/oblib/lib/oblog	2
src/oblib/lib/hash	src/oblib/lib/queue	3
src/oblib/lib/hash	src/oblib/lib/string	2
src/oblib/lib/hash	src/oblib/lib/thread_local	2
src/oblib/lib/hash	src/oblib/lib/utility	13
src/oblib/lib/hash	src/sql/parser	1
src/oblib/lib/hash_func	src/oblib/lib/utility	1
src/oblib/lib/json	src/oblib/lib	2
src/oblib/lib/json	src/oblib/lib/allocator	1
src/oblib/lib/json	src/oblib/lib/container	1
src/oblib/lib/json	src/oblib/lib/list	2
src/oblib/lib/json	src/oblib/lib/profile	1
src/oblib/lib/json	src/oblib/lib/string	2
src/oblib/lib/json	src/oblib/lib/utility	8
src/oblib/lib/lds	src/oblib/lib/utility	1
src/oblib/lib/list	src/oblib/lib	4
src/oblib/lib/list	src/oblib/lib/allocator	1
src/oblib/lib/list	src/oblib/lib/hash	1
src/oblib/lib/list	src/oblib/lib/hash_func	1
src/oblib/lib/list	src/oblib/lib/utility	3
src/oblib/lib/literals	src/oblib/lib	1
src/oblib/lib/literals	src/oblib/lib/utility	1
src/oblib/lib/locale	src/oblib/lib	1
src/oblib/lib/locale	src/oblib/lib/string	1
src/oblib/lib/lock	src/oblib/lib	11
src/oblib/lib/lock	src/oblib/lib/alloc	2
src/oblib/lib/lock	src/oblib/lib/allocator	4
src/oblib/lib/lock	src/oblib/lib/atomic	2
src/oblib/lib/lock	src/oblib/lib/container	1
src/oblib/lib/lock	src/oblib/lib/hash	2
src/oblib/lib/lock	src/oblib/lib/list	2
src/oblib/lib/lock	src/oblib/lib/oblog	4
src/oblib/lib/lock	src/oblib/lib/rc	1
src/oblib/lib/lock	src/oblib/lib/stat	7
src/oblib/lib/lock	src/oblib/lib/thread_local	3
src/oblib/lib/lock	src/oblib/lib/time	6
src/oblib/lib/lock	src/oblib/lib/utility	5
src/oblib/lib/lock	src/oblib/lib/wait_event	3
src/oblib/lib/metrics	src/oblib/lib/atomic	3
src/oblib/lib/metrics	src/oblib/lib/thread_local	2
src/oblib/lib/metrics	src/oblib/lib/utility	1
src/oblib/lib/net	src/oblib/easy/util	1
src/oblib/lib/net	src/oblib/lib	1
src/oblib/lib/net	src/oblib/lib/charset	1
src/oblib/lib/net	src/oblib/lib/string	1
src/oblib/lib/net	src/oblib/lib/utility	3
src/oblib/lib/objectpool	src/oblib/lib	4
src/oblib/lib/objectpool	src/oblib/lib/allocator	7
src/oblib/lib/objectpool	src/oblib/lib/atomic	2
src/oblib/lib/objectpool	src/oblib/lib/container	2
src/oblib/lib/objectpool	src/oblib/lib/cpu	1
src/oblib/lib/objectpool	src/oblib/lib/list	2
src/oblib/lib/objectpool	src/oblib/lib/lock	6
src/oblib/lib/objectpool	src/oblib/lib/queue	1
src/oblib/lib/objectpool	src/oblib/lib/thread_local	1
src/oblib/lib/objectpool	src/oblib/lib/time	1
src/oblib/lib/objectpool	src/oblib/lib/utility	4
src/oblib/lib/oblog	src/oblib/lib	3
src/oblib/lib/oblog	src/oblib/lib/allocator	4
src/oblib/lib/oblog	src/oblib/lib/atomic	3
src/oblib/lib/oblog	src/oblib/lib/compress	2
src/oblib/lib/oblog	src/oblib/lib/container	2
src/oblib/lib/oblog	src/oblib/lib/coro	2
src/oblib/lib/oblog	src/oblib/lib/hash	2
src/oblib/lib/oblog	src/oblib/lib/list	1
src/oblib/lib/oblog	src/oblib/lib/lock	4
src/oblib/lib/oblog	src/oblib/lib/profile	1
src/oblib/lib/oblog	src/oblib/lib/rc	1
src/oblib/lib/oblog	src/oblib/lib/task	1
src/oblib/lib/oblog	src/oblib/lib/thread	4
src/oblib/lib/oblog	src/oblib/lib/time	1
src/oblib/lib/oblog	src/oblib/lib/trace	1
src/oblib/lib/oblog	src/oblib/lib/utility	17
src/oblib/lib/oblog	src/oblib/rpc/frame	1
src/oblib/lib/profile	src/oblib/lib/atomic	1
src/oblib/lib/profile	src/oblib/lib/net	1
src/oblib/lib/profile	src/oblib/lib/utility	1
src/oblib/lib/queue	src/oblib/lib	5
src/oblib/lib/queue	src/oblib/lib/alloc	1
src/oblib/lib/queue	src/oblib/lib/allocator	2
src/oblib/lib/queue	src/oblib/lib/atomic	3
src/oblib/lib/queue	src/oblib/lib/lock	2
src/oblib/lib/queue	src/oblib/lib/oblog	1
src/oblib/lib/queue	src/oblib/lib/utility	4
src/oblib/lib/random	src/oblib/lib	2
src/oblib/lib/rc	src/oblib/lib	2
src/oblib/lib/rc	src/oblib/lib/alloc	1
src/oblib/lib/rc	src/oblib/lib/allocator	4
src/oblib/lib/rc	src/oblib/lib/hash	1
src/oblib/lib/rc	src/oblib/lib/lds	2
src/oblib/lib/rc	src/oblib/lib/list	1
src/oblib/lib/rc	src/oblib/lib/thread_local	1
src/oblib/lib/rc	src/oblib/lib/time	2
src/oblib/lib/rc	src/oblib/lib/utility	3
src/oblib/lib/resource	src/oblib/lib	4
src/oblib/lib/resource	src/oblib/lib/alloc	3
src/oblib/lib/resource	src/oblib/lib/allocator	1
src/oblib/lib/resource	src/oblib/lib/atomic	1
src/oblib/lib/resource	src/oblib/lib/lock	3
src/oblib/lib/resource	src/oblib/lib/profile	1
src/oblib/lib/resource	src/oblib/lib/utility	3
src/oblib/lib/restore	src/oblib/lib	2
src/oblib/lib/restore	src/oblib/lib/container	2
src/oblib/lib/restore	src/oblib/lib/utility	2
src/oblib/lib/signal	src/oblib/easy/util	2
src/oblib/lib/signal	src/oblib/lib	1
src/oblib/lib/signal	src/oblib/lib/atomic	1
src/oblib/lib/signal	src/oblib/lib/charset	1
src/oblib/lib/signal	src/oblib/lib/coro	2
src/oblib/lib/signal	src/oblib/lib/profile	1
src/oblib/lib/signal	src/oblib/lib/string	1
src/oblib/lib/signal	src/oblib/lib/utility	10
src/oblib/lib/stat	src/oblib/lib	4
src/oblib/lib/stat	src/oblib/lib/allocator	1
src/oblib/lib/stat	src/oblib/lib/hash	1
src/oblib/lib/stat	src/oblib/lib/oblog	1
src/oblib/lib/stat	src/oblib/lib/statistic_event	1
src/oblib/lib/stat	src/oblib/lib/string	1
src/oblib/lib/stat	src/oblib/lib/thread	1
src/oblib/lib/stat	src/oblib/lib/utility	2
src/oblib/lib/stat	src/oblib/lib/wait_event	3
src/oblib/lib/statistic_event	src/oblib/lib	1
src/oblib/lib/statistic_event	src/oblib/lib/time	1
src/oblib/lib/string	src/oblib/lib	2
src/oblib/lib/string	src/oblib/lib/allocator	5
src/oblib/lib/string	src/oblib/lib/container	1
src/oblib/lib/string	src/oblib/lib/oblog	2
src/oblib/lib/string	src/oblib/lib/utility	6
src/oblib/lib/task	src/oblib/lib	1
src/oblib/lib/task	src/oblib/lib/allocator	1
src/oblib/lib/task	src/oblib/lib/container	4
src/oblib/lib/task	src/oblib/lib/hash	1
src/oblib/lib/task	src/oblib/lib/lock	2
src/oblib/lib/task	src/oblib/lib/profile	1
src/oblib/lib/task	src/oblib/lib/thread	3
src/oblib/lib/task	src/oblib/lib/utility	1
src/oblib/lib/thread	src/oblib/easy/io	1
src/oblib/lib/thread	src/oblib/lib	6
src/oblib/lib/thread	src/oblib/lib/allocator	6
src/oblib/lib/thread	src/oblib/lib/atomic	3
src/oblib/lib/thread	src/oblib/lib/container	2
src/oblib/lib/thread	src/oblib/lib/hash	3
src/oblib/lib/thread	src/oblib/lib/list	1
src/oblib/lib/thread	src/oblib/lib/lock	11
src/oblib/lib/thread	src/oblib/lib/metrics	1
src/oblib/lib/thread	src/oblib/lib/net	2
src/oblib/lib/thread	src/oblib/lib/oblog	2
src/oblib/lib/thread	src/oblib/lib/profile	1
src/oblib/lib/thread	src/oblib/lib/queue	7
src/oblib/lib/thread	src/oblib/lib/rc	1
src/oblib/lib/thread	src/oblib/lib/signal	1
src/oblib/lib/thread	src/oblib/lib/thread_local	1
src/oblib/lib/thread	src/oblib/lib/time	1
src/oblib/lib/thread	src/oblib/lib/utility	11
src/oblib/lib/thread_local	src/oblib/lib	2
src/oblib/lib/thread_local	src/oblib/lib/allocator	1
src/oblib/lib/thread_local	src/oblib/lib/atomic	1
src/oblib/lib/thread_local	src/oblib/lib/stat	1
src/oblib/lib/thread_local	src/oblib/lib/utility	2
src/oblib/lib/time	src/oblib/lib	3
src/oblib/lib/time	src/oblib/lib/atomic	1
src/oblib/lib/time	src/oblib/lib/coro	1
src/oblib/lib/time	src/oblib/lib/hash	3
src/oblib/lib/time	src/oblib/lib/oblog	3
src/oblib/lib/time	src/oblib/lib/task	1
src/oblib/lib/time	src/oblib/lib/thread	2
src/oblib/lib/time	src/oblib/lib/utility	4
src/oblib/lib/trace	src/oblib/lib	2
src/oblib/lib/trace	src/oblib/lib/json	1
src/oblib/lib/trace	src/oblib/lib/list	1
src/oblib/lib/trace	src/oblib/lib/lock	1
src/oblib/lib/trace	src/oblib/lib/oblog	1
src/oblib/lib/trace	src/oblib/lib/stat	1
src/oblib/lib/trace	src/oblib/lib/thread_local	1
src/oblib/lib/trace	src/oblib/lib/time	1
src/oblib/lib/trace	src/oblib/lib/utility	4
src/oblib/lib/utility	src/oblib/easy/include	1
src/oblib/lib/utility	src/oblib/lib	7
src/oblib/lib/utility	src/oblib/lib/alloc	1
src/oblib/lib/utility	src/oblib/lib/allocator	7
src/oblib/lib/utility	src/oblib/lib/charset	1
src/oblib/lib/utility	src/oblib/lib/container	3
src/oblib/lib/utility	src/oblib/lib/coro	2
src/oblib/lib/utility	src/oblib/lib/cpu	1
src/oblib/lib/utility	src/oblib/lib/file	1
src/oblib/lib/utility	src/oblib/lib/hash_func	1
src/oblib/lib/utility	src/oblib/lib/list	2
src/oblib/lib/utility	src/oblib/lib/lock	1
src/oblib/lib/utility	src/oblib/lib/oblog	5
src/oblib/lib/utility	src/oblib/lib/profile	1
src/oblib/lib/utility	src/oblib/lib/rc	1
src/oblib/lib/utility	src/oblib/lib/resource	1
src/oblib/lib/utility	src/oblib/lib/string	4
src/oblib/lib/utility	src/oblib/lib/thread	1
src/oblib/lib/utility	src/oblib/lib/time	4
src/oblib/lib/vector	src/oblib/lib	1
src/oblib/lib/vector	src/oblib/lib/allocator	1
src/oblib/lib/vector	src/oblib/lib/oblog	1
src/oblib/lib/vector	src/oblib/lib/string	1
src/oblib/lib/vector	src/oblib/lib/utility	1
src/oblib/lib/wait_event	src/oblib/lib	1
src/oblib/lib/wait_event	src/oblib/lib/stat	1
src/oblib/lib/wait_event	src/oblib/lib/utility	2
src/oblib/rpc	src/oblib/lib/allocator	1
src/oblib/rpc	src/oblib/lib/hash	2
src/oblib/rpc	src/oblib/lib/list	1
src/oblib/rpc	src/oblib/lib/net	3
src/oblib/rpc	src/oblib/lib/oblog	2
src/oblib/rpc	src/oblib/lib/profile	1
src/oblib/rpc	src/oblib/lib/queue	1
src/oblib/rpc	src/oblib/lib/time	2
src/oblib/rpc	src/oblib/lib/utility	3
src/oblib/rpc	src/oblib/rpc/obmysql	4
src/oblib/rpc	src/storage/memtable	1
src/oblib/rpc/frame	src/oblib/easy/io	2
src/oblib/rpc/frame	src/oblib/easy/util	6
src/oblib/rpc/frame	src/oblib/lib	2
src/oblib/rpc/frame	src/oblib/lib/allocator	1
src/oblib/rpc/frame	src/oblib/lib/container	1
src/oblib/rpc/frame	src/oblib/lib/net	2
src/oblib/rpc/frame	src/oblib/lib/oblog	2
src/oblib/rpc/frame	src/oblib/lib/profile	1
src/oblib/rpc/frame	src/oblib/lib/queue	1
src/oblib/rpc/frame	src/oblib/lib/string	2
src/oblib/rpc/frame	src/oblib/lib/thread	1
src/oblib/rpc/frame	src/oblib/lib/utility	4
src/oblib/rpc/frame	src/oblib/rpc	3
src/oblib/rpc/obmysql	src/oblib/common	1
src/oblib/rpc/obmysql	src/oblib/common/mysqlclient	2
src/oblib/rpc/obmysql	src/oblib/lib	1
src/oblib/rpc/obmysql	src/oblib/lib/container	1
src/oblib/rpc/obmysql	src/oblib/lib/lock	2
src/oblib/rpc/obmysql	src/oblib/lib/oblog	1
src/oblib/rpc/obmysql	src/oblib/lib/string	4
src/oblib/rpc/obmysql	src/oblib/lib/utility	2
src/oblib/rpc/obmysql	src/oblib/rpc	4
src/oblib/rpc/obmysql	src/oblib/rpc/frame	1
src/oblib/rpc/obmysql/packet	src/oblib/lib	3
src/oblib/rpc/obmysql/packet	src/oblib/lib/container	1
src/oblib/rpc/obmysql/packet	src/oblib/lib/string	4
src/oblib/rpc/obmysql/packet	src/oblib/lib/utility	1
src/oblib/rpc/obmysql/packet	src/oblib/rpc/obmysql	12
src/observer	src/data_plane/api/data_plane	2
src/observer	src/data_plane/api/data_plane/fts	1
src/observer	src/data_plane/api/data_plane/memtable	1
src/observer	src/data_plane/api/data_plane/report	1
src/observer	src/data_plane/api/data_plane/scheduler	2
src/observer	src/logservice	3
src/observer	src/oblib/common	4
src/observer	src/oblib/common/mysqlclient	5
src/observer	src/oblib/common/xml	1
src/observer	src/oblib/easy/include	1
src/observer	src/oblib/easy/util	1
src/observer	src/oblib/lib	3
src/observer	src/oblib/lib/alloc	5
src/observer	src/oblib/lib/allocator	6
src/observer	src/oblib/lib/container	4
src/observer	src/oblib/lib/file	2
src/observer	src/oblib/lib/guard	1
src/observer	src/oblib/lib/hash	4
src/observer	src/oblib/lib/list	2
src/observer	src/oblib/lib/lock	2
src/observer	src/oblib/lib/net	2
src/observer	src/oblib/lib/objectpool	1
src/observer	src/oblib/lib/oblog	5
src/observer	src/oblib/lib/profile	1
src/observer	src/oblib/lib/random	1
src/observer	src/oblib/lib/signal	1
src/observer	src/oblib/lib/stat	4
src/observer	src/oblib/lib/statistic_event	1
src/observer	src/oblib/lib/string	5
src/observer	src/oblib/lib/task	6
src/observer	src/oblib/lib/thread	1
src/observer	src/oblib/lib/time	2
src/observer	src/oblib/lib/trace	1
src/observer	src/oblib/lib/utility	8
src/observer	src/oblib/rpc	3
src/observer	src/oblib/rpc/frame	3
src/observer	src/oblib/rpc/obmysql	2
src/observer	src/observer/ai_service	1
src/observer	src/observer/change_stream	1
src/observer	src/observer/composition/retrieval	1
src/observer	src/observer/dbms_scheduler	2
src/observer	src/observer/mysql	26
src/observer	src/observer/omt	10
src/observer	src/observer/schema	1
src/observer	src/observer/vector_index	4
src/observer	src/observer/virtual_table	2
src/observer	src/pl	2
src/observer	src/query/api/query/ai	2
src/observer	src/query/api/query/change_stream	2
src/observer	src/query/api/query/command	1
src/observer	src/query/api/query/ddl	1
src/observer	src/query/api/query/plan_cache	1
src/observer	src/query/api/query/runtime	3
src/observer	src/query/api/query/session	1
src/observer	src/query/api/query/virtual_table	1
src/observer	src/rootserver	8
src/observer	src/rootserver/ddl_task	2
src/observer	src/rootserver/freeze	2
src/observer	src/share	42
src/observer	src/share/config	4
src/observer	src/share/io	1
src/observer	src/share/log	2
src/observer	src/share/longops_mgr	1
src/observer	src/share/rc	14
src/observer	src/share/resource	1
src/observer	src/share/roaringbitmap	1
src/observer	src/share/rpc	1
src/observer	src/share/schema	4
src/observer	src/share/statement	1
src/observer	src/share/storage	2
src/observer	src/share/tablet	2
src/observer	src/sql	9
src/observer	src/sql/das	2
src/observer	src/sql/engine	3
src/observer	src/sql/engine/cmd	1
src/observer	src/sql/engine/px	2
src/observer	src/sql/engine/px/p2p_datahub	1
src/observer	src/sql/monitor	1
src/observer	src/sql/optimizer/stat	4
src/observer	src/sql/parser	1
src/observer	src/sql/pl	1
src/observer	src/sql/session	4
src/observer	src/standby	1
src/observer	src/storage	6
src/observer	src/storage/allocator	1
src/observer	src/storage/blocksstable	2
src/observer	src/storage/compaction	4
src/observer	src/storage/ddl	4
src/observer	src/storage/deadlock	1
src/observer	src/storage/fts/dict	2
src/observer	src/storage/lob	1
src/observer	src/storage/ls	2
src/observer	src/storage/memtable	1
src/observer	src/storage/meta_store	4
src/observer	src/storage/multi_data_source	1
src/observer	src/storage/slog_ckpt	1
src/observer	src/storage/tablelock	5
src/observer	src/storage/tablet	2
src/observer	src/storage/tmp_file	1
src/observer	src/storage/tx	5
src/observer	src/storage/tx_storage	6
src/observer	src/storage/tx_table	1
src/observer/ai_service	src/oblib/common	1
src/observer/ai_service	src/oblib/common/mysqlclient	1
src/observer/ai_service	src/oblib/lib/utility	1
src/observer/ai_service	src/observer	2
src/observer/ai_service	src/share	7
src/observer/ai_service	src/share/ai_service	2
src/observer/ai_service	src/storage/tablelock	2
src/observer/change_stream	src/logservice	1
src/observer/change_stream	src/logservice/palf	3
src/observer/change_stream	src/oblib/common	4
src/observer/change_stream	src/oblib/common/mysqlclient	2
src/observer/change_stream	src/oblib/common/rowkey	1
src/observer/change_stream	src/oblib/lib	6
src/observer/change_stream	src/oblib/lib/allocator	4
src/observer/change_stream	src/oblib/lib/atomic	2
src/observer/change_stream	src/oblib/lib/container	7
src/observer/change_stream	src/oblib/lib/hash	2
src/observer/change_stream	src/oblib/lib/lock	1
src/observer/change_stream	src/oblib/lib/oblog	6
src/observer/change_stream	src/oblib/lib/thread	3
src/observer/change_stream	src/oblib/lib/time	1
src/observer/change_stream	src/oblib/lib/utility	3
src/observer/change_stream	src/oblib/lib/vector	1
src/observer/change_stream	src/observer	1
src/observer/change_stream	src/observer/vector_index	4
src/observer/change_stream	src/share	12
src/observer/change_stream	src/share/log	1
src/observer/change_stream	src/share/log/palf	1
src/observer/change_stream	src/share/rc	6
src/observer/change_stream	src/share/schema	16
src/observer/change_stream	src/share/table	1
src/observer/change_stream	src/share/tablet	1
src/observer/change_stream	src/share/vector	1
src/observer/change_stream	src/sql/das	3
src/observer/change_stream	src/storage/access	1
src/observer/change_stream	src/storage/blocksstable	5
src/observer/change_stream	src/storage/ls	2
src/observer/change_stream	src/storage/memtable	3
src/observer/change_stream	src/storage/memtable/mvcc	1
src/observer/change_stream	src/storage/tx	9
src/observer/change_stream	src/storage/tx_storage	3
src/observer/composition/retrieval	src/sql/das	2
src/observer/composition/retrieval	src/sql/das/iter	3
src/observer/composition/retrieval	src/sql/das/iter/sparse_retrieval	2
src/observer/composition/retrieval	src/storage/retrieval	4
src/observer/dbms_scheduler	src/oblib/common/mysqlclient	5
src/observer/dbms_scheduler	src/oblib/lib	2
src/observer/dbms_scheduler	src/oblib/lib/allocator	1
src/observer/dbms_scheduler	src/oblib/lib/container	3
src/observer/dbms_scheduler	src/oblib/lib/lock	2
src/observer/dbms_scheduler	src/oblib/lib/net	1
src/observer/dbms_scheduler	src/oblib/lib/oblog	2
src/observer/dbms_scheduler	src/oblib/lib/task	1
src/observer/dbms_scheduler	src/oblib/lib/thread	1
src/observer/dbms_scheduler	src/oblib/lib/utility	2
src/observer/dbms_scheduler	src/observer	4
src/observer/dbms_scheduler	src/query/api/query/scheduler	5
src/observer/dbms_scheduler	src/rootserver	2
src/observer/dbms_scheduler	src/rootserver/dbms_job	1
src/observer/dbms_scheduler	src/share	8
src/observer/dbms_scheduler	src/share/log	1
src/observer/dbms_scheduler	src/share/rc	2
src/observer/dbms_scheduler	src/share/schema	4
src/observer/dbms_scheduler	src/sql	1
src/observer/dbms_scheduler	src/sql/executor	1
src/observer/dbms_scheduler	src/sql/session	3
src/observer/dbms_scheduler	src/storage	1
src/observer/mysql	src/data_plane/api/data_plane/tablelock	1
src/observer/mysql	src/oblib/common	2
src/observer/mysql	src/oblib/common/object	2
src/observer/mysql	src/oblib/common/row	1
src/observer/mysql	src/oblib/common/timezone	1
src/observer/mysql	src/oblib/easy/util	1
src/observer/mysql	src/oblib/lib	1
src/observer/mysql	src/oblib/lib/charset	2
src/observer/mysql	src/oblib/lib/container	1
src/observer/mysql	src/oblib/lib/encrypt	1
src/observer/mysql	src/oblib/lib/lock	1
src/observer/mysql	src/oblib/lib/random	1
src/observer/mysql	src/oblib/lib/rc	1
src/observer/mysql	src/oblib/lib/stat	1
src/observer/mysql	src/oblib/lib/string	6
src/observer/mysql	src/oblib/lib/time	1
src/observer/mysql	src/oblib/lib/trace	3
src/observer/mysql	src/oblib/lib/utility	1
src/observer/mysql	src/oblib/rpc	2
src/observer/mysql	src/oblib/rpc/frame	2
src/observer/mysql	src/oblib/rpc/obmysql	10
src/observer/mysql	src/oblib/rpc/obmysql/packet	26
src/observer/mysql	src/observer	10
src/observer/mysql	src/observer/omt	9
src/observer/mysql	src/pl	1
src/observer/mysql	src/query/api/query/protocol	13
src/observer/mysql	src/query/api/query/tablelock	1
src/observer/mysql	src/share	9
src/observer/mysql	src/share/rc	4
src/observer/mysql	src/share/schema	1
src/observer/mysql	src/share/statement	1
src/observer/mysql	src/sql	25
src/observer/mysql	src/sql/engine	2
src/observer/mysql	src/sql/engine/dml	2
src/observer/mysql	src/sql/engine/expr	5
src/observer/mysql	src/sql/monitor	1
src/observer/mysql	src/sql/monitor/show_trace	2
src/observer/mysql	src/sql/parser	2
src/observer/mysql	src/sql/pl	2
src/observer/mysql	src/sql/plan_cache	5
src/observer/mysql	src/sql/privilege_check	1
src/observer/mysql	src/sql/session	10
src/observer/mysql	src/storage/memtable	2
src/observer/mysql	src/storage/tx	1
src/observer/omt	src/data_plane/api/data_plane/report	1
src/observer/omt	src/logservice	3
src/observer/omt	src/oblib/common/mysqlclient	1
src/observer/omt	src/oblib/lib	3
src/observer/omt	src/oblib/lib/allocator	2
src/observer/omt	src/oblib/lib/atomic	1
src/observer/omt	src/oblib/lib/container	2
src/observer/omt	src/oblib/lib/hash	1
src/observer/omt	src/oblib/lib/list	1
src/observer/omt	src/oblib/lib/lock	6
src/observer/omt	src/oblib/lib/net	1
src/observer/omt	src/oblib/lib/oblog	1
src/observer/omt	src/oblib/lib/queue	3
src/observer/omt	src/oblib/lib/rc	1
src/observer/omt	src/oblib/lib/stat	4
src/observer/omt	src/oblib/lib/statistic_event	2
src/observer/omt	src/oblib/lib/string	1
src/observer/omt	src/oblib/lib/task	1
src/observer/omt	src/oblib/lib/thread	6
src/observer/omt	src/oblib/lib/time	1
src/observer/omt	src/oblib/rpc	4
src/observer/omt	src/oblib/rpc/frame	2
src/observer/omt	src/oblib/rpc/obmysql	1
src/observer/omt	src/observer	5
src/observer/omt	src/observer/ai_service	1
src/observer/omt	src/observer/change_stream	2
src/observer/omt	src/observer/dbms_scheduler	1
src/observer/omt	src/observer/mysql	1
src/observer/omt	src/observer/vector_index	1
src/observer/omt	src/rootserver	1
src/observer/omt	src/rootserver/ddl_task	1
src/observer/omt	src/rootserver/freeze	1
src/observer/omt	src/share	12
src/observer/omt	src/share/ai_service	1
src/observer/omt	src/share/geo	4
src/observer/omt	src/share/interrupt	2
src/observer/omt	src/share/io	1
src/observer/omt	src/share/rc	11
src/observer/omt	src/share/resource	2
src/observer/omt	src/share/roaringbitmap	1
src/observer/omt	src/share/schema	1
src/observer/omt	src/sql/dtl	3
src/observer/omt	src/sql/engine	1
src/observer/omt	src/sql/engine/px	2
src/observer/omt	src/sql/executor	1
src/observer/omt	src/sql/optimizer/stat	2
src/observer/omt	src/sql/plan_cache	1
src/observer/omt	src/sql/privilege_check	2
src/observer/omt	src/sql/session	2
src/observer/omt	src/storage	2
src/observer/omt	src/storage/access	1
src/observer/omt	src/storage/allocator	2
src/observer/omt	src/storage/api/storage/runtime	1
src/observer/omt	src/storage/blocksstable	1
src/observer/omt	src/storage/compaction	4
src/observer/omt	src/storage/concurrency_control	1
src/observer/omt	src/storage/memtable	2
src/observer/omt	src/storage/meta_store	3
src/observer/omt	src/storage/scheduler	1
src/observer/omt	src/storage/tablelock	1
src/observer/omt	src/storage/tmp_file	1
src/observer/omt	src/storage/tx	5
src/observer/omt	src/storage/tx_storage	4
src/observer/report	src/oblib/lib/task	1
src/observer/report	src/observer	1
src/observer/report	src/share	1
src/observer/report	src/share/rc	1
src/observer/report	src/share/tablet	2
src/observer/report	src/storage/ls	1
src/observer/report	src/storage/tablet	1
src/observer/report	src/storage/tx_storage	1
src/observer/scheduler	src/oblib/lib/utility	1
src/observer/scheduler	src/observer/omt	1
src/observer/scheduler	src/share	1
src/observer/scheduler	src/share/rc	1
src/observer/schema	src/oblib/common	2
src/observer/schema	src/oblib/common/mysqlclient	2
src/observer/schema	src/oblib/lib	1
src/observer/schema	src/oblib/lib/hash	1
src/observer/schema	src/oblib/lib/lock	1
src/observer/schema	src/oblib/lib/oblog	2
src/observer/schema	src/oblib/lib/string	1
src/observer/schema	src/share	7
src/observer/schema	src/share/object	1
src/observer/schema	src/share/schema	13
src/observer/schema	src/sql/resolver	1
src/observer/schema	src/sql/resolver/ddl	1
src/observer/vector_index	src/data_plane/api/data_plane/scheduler	2
src/observer/vector_index	src/data_plane/api/data_plane/vector	5
src/observer/vector_index	src/logservice	2
src/observer/vector_index	src/oblib/common	2
src/observer/vector_index	src/oblib/common/rowkey	1
src/observer/vector_index	src/oblib/lib	1
src/observer/vector_index	src/oblib/lib/container	1
src/observer/vector_index	src/oblib/lib/file	1
src/observer/vector_index	src/oblib/lib/lock	2
src/observer/vector_index	src/oblib/lib/string	2
src/observer/vector_index	src/oblib/lib/thread	1
src/observer/vector_index	src/oblib/lib/vector	1
src/observer/vector_index	src/observer	1
src/observer/vector_index	src/observer/dbms_scheduler	1
src/observer/vector_index	src/observer/omt	1
src/observer/vector_index	src/query/api/query/session	1
src/observer/vector_index	src/query/api/query/vector	28
src/observer/vector_index	src/rootserver	2
src/observer/vector_index	src/share	14
src/observer/vector_index	src/share/ai_service	1
src/observer/vector_index	src/share/config	3
src/observer/vector_index	src/share/log	2
src/observer/vector_index	src/share/object	1
src/observer/vector_index	src/share/rc	16
src/observer/vector_index	src/share/roaringbitmap	2
src/observer/vector_index	src/share/schema	5
src/observer/vector_index	src/share/tablet	1
src/observer/vector_index	src/sql/das	2
src/observer/vector_index	src/sql/das/iter	1
src/observer/vector_index	src/sql/engine	2
src/observer/vector_index	src/sql/engine/expr	4
src/observer/vector_index	src/sql/engine/expr/ob_expr_ai	2
src/observer/vector_index	src/sql/resolver/ddl	4
src/observer/vector_index	src/storage	7
src/observer/vector_index	src/storage/access	8
src/observer/vector_index	src/storage/allocator	4
src/observer/vector_index	src/storage/api/storage/vector	1
src/observer/vector_index	src/storage/ddl	2
src/observer/vector_index	src/storage/ls	6
src/observer/vector_index	src/storage/scheduler	1
src/observer/vector_index	src/storage/tablelock	1
src/observer/vector_index	src/storage/tx	4
src/observer/vector_index	src/storage/tx_storage	5
src/observer/vector_index	src/storage/vector_index	1
src/observer/vector_index	src/storage/vector_type	3
src/observer/virtual_table	src/data_plane/api/data_plane/access	1
src/observer/virtual_table	src/data_plane/api/data_plane/scheduler	1
src/observer/virtual_table	src/data_plane/api/data_plane/transaction	1
src/observer/virtual_table	src/logservice	4
src/observer/virtual_table	src/logservice/applyservice	1
src/observer/virtual_table	src/logservice/palf	1
src/observer/virtual_table	src/logservice/replayservice	2
src/observer/virtual_table	src/oblib/common	22
src/observer/virtual_table	src/oblib/common/mysqlclient	1
src/observer/virtual_table	src/oblib/common/object	1
src/observer/virtual_table	src/oblib/common/row	39
src/observer/virtual_table	src/oblib/lib	2
src/observer/virtual_table	src/oblib/lib/alloc	6
src/observer/virtual_table	src/oblib/lib/charset	1
src/observer/virtual_table	src/oblib/lib/container	41
src/observer/virtual_table	src/oblib/lib/guard	9
src/observer/virtual_table	src/oblib/lib/hash	4
src/observer/virtual_table	src/oblib/lib/net	4
src/observer/virtual_table	src/oblib/lib/objectpool	1
src/observer/virtual_table	src/oblib/lib/oblog	1
src/observer/virtual_table	src/oblib/lib/rc	1
src/observer/virtual_table	src/oblib/lib/string	4
src/observer/virtual_table	src/oblib/lib/time	4
src/observer/virtual_table	src/oblib/lib/utility	10
src/observer/virtual_table	src/oblib/rpc	1
src/observer/virtual_table	src/oblib/rpc/obmysql	1
src/observer/virtual_table	src/observer	39
src/observer/virtual_table	src/observer/change_stream	2
src/observer/virtual_table	src/observer/omt	12
src/observer/virtual_table	src/observer/vector_index	3
src/observer/virtual_table	src/pl	1
src/observer/virtual_table	src/query/api/query/scheduler	1
src/observer/virtual_table	src/query/api/query/vector	1
src/observer/virtual_table	src/rootserver	1
src/observer/virtual_table	src/share	33
src/observer/virtual_table	src/share/cache	2
src/observer/virtual_table	src/share/config	4
src/observer/virtual_table	src/share/geo	1
src/observer/virtual_table	src/share/io	4
src/observer/virtual_table	src/share/longops_mgr	1
src/observer/virtual_table	src/share/object	1
src/observer/virtual_table	src/share/rc	65
src/observer/virtual_table	src/share/resource_limit_calculator	2
src/observer/virtual_table	src/share/schema	24
src/observer/virtual_table	src/share/statement	1
src/observer/virtual_table	src/share/storage	1
src/observer/virtual_table	src/sql	42
src/observer/virtual_table	src/sql/das	1
src/observer/virtual_table	src/sql/dtl	7
src/observer/virtual_table	src/sql/engine	7
src/observer/virtual_table	src/sql/engine/cmd	1
src/observer/virtual_table	src/sql/engine/expr	2
src/observer/virtual_table	src/sql/engine/px	2
src/observer/virtual_table	src/sql/engine/px/p2p_datahub	1
src/observer/virtual_table	src/sql/engine/table	2
src/observer/virtual_table	src/sql/monitor	2
src/observer/virtual_table	src/sql/monitor/show_trace	1
src/observer/virtual_table	src/sql/optimizer/stat	2
src/observer/virtual_table	src/sql/plan_cache	15
src/observer/virtual_table	src/sql/printer	7
src/observer/virtual_table	src/sql/resolver	1
src/observer/virtual_table	src/sql/resolver/ddl	2
src/observer/virtual_table	src/sql/resolver/dml	1
src/observer/virtual_table	src/sql/session	30
src/observer/virtual_table	src/storage	4
src/observer/virtual_table	src/storage/allocator	2
src/observer/virtual_table	src/storage/blocksstable	3
src/observer/virtual_table	src/storage/blocksstable/index_block	2
src/observer/virtual_table	src/storage/checkpoint	3
src/observer/virtual_table	src/storage/compaction	10
src/observer/virtual_table	src/storage/ddl	1
src/observer/virtual_table	src/storage/ls	16
src/observer/virtual_table	src/storage/memtable	2
src/observer/virtual_table	src/storage/meta_mem	9
src/observer/virtual_table	src/storage/meta_store	1
src/observer/virtual_table	src/storage/multi_data_source	1
src/observer/virtual_table	src/storage/multi_data_source/runtime_utility	1
src/observer/virtual_table	src/storage/scheduler	2
src/observer/virtual_table	src/storage/tablelock	1
src/observer/virtual_table	src/storage/tablet	7
src/observer/virtual_table	src/storage/tmp_file	1
src/observer/virtual_table	src/storage/tx	15
src/observer/virtual_table	src/storage/tx_storage	18
src/pl	src/data_plane/api/data_plane/transaction	3
src/pl	src/oblib/lib	1
src/pl	src/oblib/lib/oblog	2
src/pl	src/oblib/lib/string	1
src/pl	src/oblib/lib/utility	1
src/pl	src/pl/parser	2
src/pl	src/pl/pl_cache	2
src/pl	src/query/api/query/parser	1
src/pl	src/query/api/query/protocol	1
src/pl	src/share	2
src/pl	src/share/rc	3
src/pl	src/share/schema	1
src/pl	src/sql	2
src/pl	src/sql/code_generator	2
src/pl	src/sql/engine/dml	1
src/pl	src/sql/engine/expr	3
src/pl	src/sql/parser	1
src/pl	src/sql/pl	32
src/pl	src/sql/resolver	6
src/pl	src/sql/resolver/ddl	4
src/pl	src/sql/resolver/dml	1
src/pl	src/sql/resolver/expr	4
src/pl	src/sql/rewrite	1
src/pl	src/sql/session	3
src/pl/parser	src/oblib/lib	1
src/pl/parser	src/oblib/lib/charset	1
src/pl/parser	src/pl	1
src/pl/parser	src/query/api/query/parser	1
src/pl/parser	src/sql/parser	6
src/pl/parser	src/sql/pl/parser	4
src/pl/pl_cache	src/pl	3
src/pl/pl_cache	src/share	1
src/pl/pl_cache	src/sql/pl/pl_cache	6
src/pl/pl_cache	src/sql/plan_cache	1
src/pl/pl_cache	src/sql/resolver	2
src/pl/sys_package	src/oblib/common/mysqlclient	1
src/pl/sys_package	src/pl	3
src/pl/sys_package	src/query/api/query/ai	1
src/pl/sys_package	src/query/api/query/change_stream	1
src/pl/sys_package	src/query/api/query/command	2
src/pl/sys_package	src/query/api/query/optimizer/stat	1
src/pl/sys_package	src/query/api/query/scheduler	1
src/pl/sys_package	src/query/api/query/session	1
src/pl/sys_package	src/share	4
src/pl/sys_package	src/share/ai_service	1
src/pl/sys_package	src/share/rc	2
src/pl/sys_package	src/share/resource_limit_calculator	1
src/pl/sys_package	src/sql/engine/cmd	1
src/pl/sys_package	src/sql/engine/expr	2
src/pl/sys_package	src/sql/hybrid_search	1
src/pl/sys_package	src/sql/optimizer	1
src/pl/sys_package	src/sql/optimizer/stat	11
src/pl/sys_package	src/sql/parser	2
src/pl/sys_package	src/sql/pl/sys_package	22
src/pl/sys_package	src/sql/privilege_check	1
src/pl/sys_package	src/sql/resolver/ddl	1
src/pl/sys_package	src/sql/session	1
src/query/api/query	src/oblib/common/datum	1
src/query/api/query	src/oblib/common/object	1
src/query/api/query	src/oblib/lib	1
src/query/api/query	src/oblib/lib/charset	1
src/query/api/query	src/oblib/lib/container	3
src/query/api/query	src/oblib/lib/string	1
src/query/api/query	src/share	2
src/query/api/query	src/share/rc	1
src/query/api/query/ai	src/share/ai_service	1
src/query/api/query/command	src/oblib/lib	1
src/query/api/query/command	src/oblib/lib/lock	1
src/query/api/query/command	src/oblib/lib/oblog	1
src/query/api/query/command	src/share	2
src/query/api/query/das	src/oblib/common/datum	1
src/query/api/query/das	src/oblib/common/object	2
src/query/api/query/das	src/oblib/lib	1
src/query/api/query/das	src/oblib/lib/utility	2
src/query/api/query/engine	src/oblib/lib/container	1
src/query/api/query/engine	src/oblib/lib/oblog	1
src/query/api/query/engine	src/oblib/lib/thread_local	1
src/query/api/query/engine	src/oblib/lib/time	1
src/query/api/query/engine	src/oblib/lib/utility	3
src/query/api/query/engine	src/query/api/query	1
src/query/api/query/engine	src/query/api/query/engine/basic	1
src/query/api/query/engine	src/query/api/query/engine/expr	1
src/query/api/query/engine	src/query/api/query/engine/px	2
src/query/api/query/engine	src/query/api/query/monitor	2
src/query/api/query/engine	src/share/schema	2
src/query/api/query/engine	src/share/vector	2
src/query/api/query/engine/aggregate	src/oblib/common/number	1
src/query/api/query/engine/aggregate	src/oblib/lib/utility	1
src/query/api/query/engine/basic	src/oblib/common/datum	4
src/query/api/query/engine/basic	src/oblib/common/object	2
src/query/api/query/engine/basic	src/oblib/lib/allocator	1
src/query/api/query/engine/basic	src/oblib/lib/compress	1
src/query/api/query/engine/basic	src/oblib/lib/container	6
src/query/api/query/engine/basic	src/oblib/lib/hash	1
src/query/api/query/engine/basic	src/oblib/lib/utility	1
src/query/api/query/engine/basic	src/query/api/query/engine	1
src/query/api/query/engine/basic	src/query/api/query/engine/expr	3
src/query/api/query/engine/basic	src/query/api/query/engine/px/p2p_datahub	1
src/query/api/query/engine/basic	src/share/datum	1
src/query/api/query/engine/basic	src/share/semistruct	1
src/query/api/query/engine/basic	src/share/vector	1
src/query/api/query/engine/cmd	src/oblib/common/object	1
src/query/api/query/engine/cmd	src/oblib/lib/allocator	1
src/query/api/query/engine/cmd	src/oblib/lib/atomic	1
src/query/api/query/engine/cmd	src/oblib/lib/charset	2
src/query/api/query/engine/cmd	src/oblib/lib/container	1
src/query/api/query/engine/cmd	src/oblib/lib/json	1
src/query/api/query/engine/cmd	src/oblib/lib/string	2
src/query/api/query/engine/cmd	src/oblib/lib/utility	1
src/query/api/query/engine/cmd	src/share	1
src/query/api/query/engine/expr	src/objit/include/objit/common	1
src/query/api/query/engine/expr	src/oblib/common	3
src/query/api/query/engine/expr	src/oblib/common/datum	1
src/query/api/query/engine/expr	src/oblib/common/enumset	1
src/query/api/query/engine/expr	src/oblib/common/expression	1
src/query/api/query/engine/expr	src/oblib/common/mysqlclient	2
src/query/api/query/engine/expr	src/oblib/common/number	1
src/query/api/query/engine/expr	src/oblib/common/object	7
src/query/api/query/engine/expr	src/oblib/common/timezone	1
src/query/api/query/engine/expr	src/oblib/common/udt	3
src/query/api/query/engine/expr	src/oblib/common/wide_integer	1
src/query/api/query/engine/expr	src/oblib/lib/allocator	4
src/query/api/query/engine/expr	src/oblib/lib/charset	2
src/query/api/query/engine/expr	src/oblib/lib/container	6
src/query/api/query/engine/expr	src/oblib/lib/hash	3
src/query/api/query/engine/expr	src/oblib/lib/objectpool	1
src/query/api/query/engine/expr	src/oblib/lib/oblog	1
src/query/api/query/engine/expr	src/oblib/lib/string	2
src/query/api/query/engine/expr	src/oblib/lib/utility	4
src/query/api/query/engine/expr	src/query/api/query/engine	2
src/query/api/query/engine/expr	src/query/api/query/engine/vector	2
src/query/api/query/engine/expr	src/query/api/query/parser	3
src/query/api/query/engine/expr	src/query/api/query/session	1
src/query/api/query/engine/expr	src/share	3
src/query/api/query/engine/expr	src/share/config	1
src/query/api/query/engine/expr	src/share/datum	2
src/query/api/query/engine/expr	src/share/object	5
src/query/api/query/engine/expr	src/share/vector	1
src/query/api/query/engine/px	src/oblib/lib/oblog	1
src/query/api/query/engine/px	src/oblib/lib/utility	2
src/query/api/query/engine/px	src/query/api/query	1
src/query/api/query/engine/px/p2p_datahub	src/oblib/lib	1
src/query/api/query/engine/px/p2p_datahub	src/oblib/lib/allocator	1
src/query/api/query/engine/px/p2p_datahub	src/oblib/lib/utility	2
src/query/api/query/engine/vector	src/oblib/common/datum	1
src/query/api/query/engine/vector	src/oblib/common/object	2
src/query/api/query/engine/vector	src/oblib/common/wide_integer	1
src/query/api/query/engine/vector	src/query/api/query/engine/expr	1
src/query/api/query/engine/vector	src/share/vector	2
src/query/api/query/monitor	src/oblib/lib/allocator	1
src/query/api/query/monitor	src/oblib/lib/profile	1
src/query/api/query/monitor	src/oblib/lib/string	1
src/query/api/query/monitor	src/oblib/lib/time	1
src/query/api/query/monitor	src/query/api/query/engine	1
src/query/api/query/monitor	src/share	1
src/query/api/query/monitor	src/share/diagnosis	1
src/query/api/query/optimizer	src/oblib/common/row	1
src/query/api/query/optimizer	src/oblib/lib/container	1
src/query/api/query/optimizer	src/oblib/lib/hash	1
src/query/api/query/optimizer	src/oblib/lib/hash_func	1
src/query/api/query/optimizer	src/oblib/lib/utility	1
src/query/api/query/optimizer/stat	src/oblib/common	1
src/query/api/query/optimizer/stat	src/oblib/common/datum	1
src/query/api/query/optimizer/stat	src/oblib/common/object	2
src/query/api/query/optimizer/stat	src/oblib/common/rowkey	1
src/query/api/query/optimizer/stat	src/oblib/lib/allocator	2
src/query/api/query/optimizer/stat	src/oblib/lib/container	1
src/query/api/query/optimizer/stat	src/oblib/lib/hash_func	3
src/query/api/query/optimizer/stat	src/oblib/lib/string	1
src/query/api/query/optimizer/stat	src/oblib/lib/utility	3
src/query/api/query/optimizer/stat	src/share/cache	3
src/query/api/query/optimizer/stat	src/share/datum	1
src/query/api/query/optimizer/stat	src/share/rc	1
src/query/api/query/optimizer/stat	src/share/schema	1
src/query/api/query/parser	src/oblib/common/sql_mode	1
src/query/api/query/parser	src/oblib/lib/utility	1
src/query/api/query/parser	src/share/cache	1
src/query/api/query/plan_cache	src/oblib/lib/alloc	1
src/query/api/query/plan_cache	src/oblib/lib/utility	1
src/query/api/query/plan_cache	src/share	2
src/query/api/query/protocol	src/oblib/common	1
src/query/api/query/protocol	src/oblib/common/mysqlclient	1
src/query/api/query/protocol	src/oblib/common/object	1
src/query/api/query/protocol	src/oblib/common/timezone	1
src/query/api/query/protocol	src/oblib/lib	1
src/query/api/query/protocol	src/oblib/lib/container	1
src/query/api/query/protocol	src/oblib/lib/string	1
src/query/api/query/protocol	src/oblib/rpc/obmysql	6
src/query/api/query/protocol	src/share	1
src/query/api/query/protocol	src/sql/plan_cache	1
src/query/api/query/resolver	src/oblib/common/object	1
src/query/api/query/resolver	src/oblib/lib/string	1
src/query/api/query/resolver	src/share/schema	1
src/query/api/query/runtime	src/oblib/lib/list	1
src/query/api/query/runtime	src/oblib/lib/lock	1
src/query/api/query/runtime	src/oblib/lib/thread_local	1
src/query/api/query/runtime	src/oblib/lib/time	1
src/query/api/query/scheduler	src/oblib/common/number	1
src/query/api/query/scheduler	src/oblib/lib	1
src/query/api/query/scheduler	src/oblib/lib/utility	1
src/query/api/query/session	src/oblib/common/mysqlclient	1
src/query/api/query/session	src/oblib/common/object	1
src/query/api/query/session	src/oblib/lib	2
src/query/api/query/session	src/oblib/lib/allocator	1
src/query/api/query/session	src/oblib/lib/net	1
src/query/api/query/session	src/oblib/lib/string	2
src/query/api/query/session	src/oblib/lib/utility	1
src/query/api/query/session	src/share	1
src/query/api/query/session	src/share/session	1
src/query/api/query/split	src/oblib/common	2
src/query/api/query/split	src/oblib/lib/allocator	1
src/query/api/query/split	src/oblib/lib/container	2
src/query/api/query/split	src/oblib/lib/string	1
src/query/api/query/vector	src/oblib/common/datum	3
src/query/api/query/vector	src/oblib/common/object	2
src/query/api/query/vector	src/oblib/common/row	3
src/query/api/query/vector	src/oblib/lib/allocator	2
src/query/api/query/vector	src/oblib/lib/container	1
src/query/api/query/vector	src/oblib/lib/function	1
src/query/api/query/vector	src/oblib/lib/lock	4
src/query/api/query/vector	src/oblib/lib/oblog	2
src/query/api/query/vector	src/oblib/lib/string	1
src/query/api/query/vector	src/oblib/lib/thread	1
src/query/api/query/vector	src/oblib/lib/utility	2
src/query/api/query/vector	src/oblib/lib/vector	1
src/query/api/query/vector	src/query/api/query/engine/expr	3
src/query/api/query/vector	src/query/api/query/engine/vector	1
src/query/api/query/vector	src/share	3
src/query/api/query/vector	src/share/io	1
src/query/api/query/vector	src/share/schema	1
src/query/protocol	src/oblib/common	1
src/query/protocol	src/oblib/common/json_type	1
src/query/protocol	src/oblib/common/timezone	1
src/query/protocol	src/oblib/lib/allocator	2
src/query/protocol	src/oblib/lib/geometry	1
src/query/protocol	src/query/api/query/protocol	1
src/query/scheduler	src/oblib/lib	1
src/query/scheduler	src/query/api/query/scheduler	1
src/query/vector	src/oblib/common/json_type	2
src/query/vector	src/oblib/common/mysqlclient	1
src/query/vector	src/oblib/lib/allocator	1
src/query/vector	src/oblib/lib/atomic	1
src/query/vector	src/oblib/lib/encode	1
src/query/vector	src/oblib/lib/json	1
src/query/vector	src/oblib/lib/lock	1
src/query/vector	src/oblib/lib/utility	1
src/query/vector	src/query/api/query/vector	1
src/query/vector	src/share	1
src/query/vector	src/share/json	1
src/query/vector	src/share/rc	1
src/rootserver	src/data_plane/api/data_plane/ddl	2
src/rootserver	src/logservice	4
src/rootserver	src/logservice/replayservice	1
src/rootserver	src/oblib/common	7
src/rootserver	src/oblib/common/mysqlclient	6
src/rootserver	src/oblib/lib	3
src/rootserver	src/oblib/lib/allocator	3
src/rootserver	src/oblib/lib/container	16
src/rootserver	src/oblib/lib/encrypt	1
src/rootserver	src/oblib/lib/hash	5
src/rootserver	src/oblib/lib/list	4
src/rootserver	src/oblib/lib/literals	1
src/rootserver	src/oblib/lib/lock	4
src/rootserver	src/oblib/lib/net	3
src/rootserver	src/oblib/lib/objectpool	1
src/rootserver	src/oblib/lib/oblog	2
src/rootserver	src/oblib/lib/profile	1
src/rootserver	src/oblib/lib/stat	5
src/rootserver	src/oblib/lib/string	5
src/rootserver	src/oblib/lib/task	2
src/rootserver	src/oblib/lib/thread	5
src/rootserver	src/oblib/lib/utility	10
src/rootserver	src/oblib/rpc	1
src/rootserver	src/pl/pl_cache	1
src/rootserver	src/query/api/query/command	3
src/rootserver	src/query/api/query/ddl	2
src/rootserver	src/query/api/query/optimizer/stat	1
src/rootserver	src/query/api/query/session	3
src/rootserver	src/rootserver/ddl_task	10
src/rootserver	src/rootserver/fork_table	3
src/rootserver	src/rootserver/freeze	2
src/rootserver	src/rootserver/parallel_ddl	8
src/rootserver	src/rootserver/pl_ddl	2
src/rootserver	src/rootserver/truncate_info	1
src/rootserver	src/share	98
src/rootserver	src/share/autoincrement	1
src/rootserver	src/share/config	5
src/rootserver	src/share/inner_table	4
src/rootserver	src/share/log	2
src/rootserver	src/share/rc	8
src/rootserver	src/share/schema	43
src/rootserver	src/share/storage	2
src/rootserver	src/share/tablet	8
src/rootserver	src/share/truncate_info	1
src/rootserver	src/sql/engine/cmd	1
src/rootserver	src/sql/optimizer/stat	1
src/rootserver	src/sql/printer	1
src/rootserver	src/sql/resolver/ddl	13
src/rootserver	src/sql/resolver/expr	2
src/rootserver	src/sql/session	1
src/rootserver	src/storage	2
src/rootserver	src/storage/blocksstable/index_block	1
src/rootserver	src/storage/compaction	1
src/rootserver	src/storage/ddl	3
src/rootserver	src/storage/tablelock	2
src/rootserver	src/storage/tablet	4
src/rootserver	src/storage/tx	5
src/rootserver	src/storage/tx_storage	3
src/rootserver/dbms_job	src/oblib/common/mysqlclient	3
src/rootserver/dbms_job	src/oblib/lib	2
src/rootserver/dbms_job	src/oblib/lib/allocator	1
src/rootserver/dbms_job	src/oblib/lib/container	2
src/rootserver/dbms_job	src/oblib/lib/lock	1
src/rootserver/dbms_job	src/oblib/lib/oblog	2
src/rootserver/dbms_job	src/oblib/lib/queue	1
src/rootserver/dbms_job	src/oblib/lib/task	1
src/rootserver/dbms_job	src/oblib/lib/thread	1
src/rootserver/dbms_job	src/oblib/lib/utility	2
src/rootserver/dbms_job	src/rootserver	1
src/rootserver/dbms_job	src/share	4
src/rootserver/dbms_job	src/share/schema	3
src/rootserver/ddl_task	src/data_plane/api/data_plane/scheduler	1
src/rootserver/ddl_task	src/oblib/common	3
src/rootserver/ddl_task	src/oblib/common/mysqlclient	2
src/rootserver/ddl_task	src/oblib/common/object	1
src/rootserver/ddl_task	src/oblib/lib	1
src/rootserver/ddl_task	src/oblib/lib/container	3
src/rootserver/ddl_task	src/oblib/lib/hash	2
src/rootserver/ddl_task	src/oblib/lib/lock	1
src/rootserver/ddl_task	src/oblib/lib/profile	1
src/rootserver/ddl_task	src/oblib/lib/stat	1
src/rootserver/ddl_task	src/oblib/lib/task	1
src/rootserver/ddl_task	src/oblib/lib/thread	1
src/rootserver/ddl_task	src/oblib/lib/trace	1
src/rootserver/ddl_task	src/oblib/lib/utility	1
src/rootserver/ddl_task	src/oblib/rpc/frame	1
src/rootserver/ddl_task	src/pl/sys_package	1
src/rootserver/ddl_task	src/query/api/query/engine/px	1
src/rootserver/ddl_task	src/query/api/query/scheduler	1
src/rootserver/ddl_task	src/query/api/query/vector	4
src/rootserver/ddl_task	src/rootserver	54
src/rootserver/ddl_task	src/rootserver/fork_table	1
src/rootserver/ddl_task	src/share	52
src/rootserver/ddl_task	src/share/autoincrement	1
src/rootserver/ddl_task	src/share/longops_mgr	2
src/rootserver/ddl_task	src/share/rc	21
src/rootserver/ddl_task	src/share/schema	5
src/rootserver/ddl_task	src/share/storage	1
src/rootserver/ddl_task	src/share/tablet	1
src/rootserver/ddl_task	src/sql	1
src/rootserver/ddl_task	src/sql/engine/cmd	4
src/rootserver/ddl_task	src/sql/engine/px	1
src/rootserver/ddl_task	src/sql/resolver/ddl	8
src/rootserver/ddl_task	src/storage	4
src/rootserver/ddl_task	src/storage/blocksstable	1
src/rootserver/ddl_task	src/storage/ddl	7
src/rootserver/ddl_task	src/storage/fts/dict	3
src/rootserver/ddl_task	src/storage/tablet	2
src/rootserver/ddl_task	src/storage/tx	2
src/rootserver/ddl_task	src/storage/tx_storage	1
src/rootserver/fork_table	src/oblib/common	2
src/rootserver/fork_table	src/oblib/common/mysqlclient	3
src/rootserver/fork_table	src/oblib/lib/allocator	1
src/rootserver/fork_table	src/oblib/lib/container	2
src/rootserver/fork_table	src/oblib/lib/hash	3
src/rootserver/fork_table	src/oblib/lib/utility	3
src/rootserver/fork_table	src/query/api/query/vector	2
src/rootserver/fork_table	src/rootserver	11
src/rootserver/fork_table	src/rootserver/ddl_task	5
src/rootserver/fork_table	src/rootserver/truncate_info	1
src/rootserver/fork_table	src/share	16
src/rootserver/fork_table	src/share/rc	3
src/rootserver/fork_table	src/share/schema	11
src/rootserver/fork_table	src/share/tablet	2
src/rootserver/fork_table	src/share/vector	1
src/rootserver/fork_table	src/sql/resolver/ddl	3
src/rootserver/fork_table	src/storage/compaction	1
src/rootserver/fork_table	src/storage/ddl	6
src/rootserver/fork_table	src/storage/ls	2
src/rootserver/fork_table	src/storage/meta_mem	1
src/rootserver/fork_table	src/storage/tablelock	4
src/rootserver/fork_table	src/storage/tablet	3
src/rootserver/fork_table	src/storage/truncate_info	2
src/rootserver/fork_table	src/storage/tx	1
src/rootserver/fork_table	src/storage/tx_storage	3
src/rootserver/freeze	src/data_plane/api/data_plane/compaction	1
src/rootserver/freeze	src/oblib/common	4
src/rootserver/freeze	src/oblib/common/mysqlclient	1
src/rootserver/freeze	src/oblib/common/storage	1
src/rootserver/freeze	src/oblib/lib/container	2
src/rootserver/freeze	src/oblib/lib/lock	5
src/rootserver/freeze	src/oblib/lib/net	1
src/rootserver/freeze	src/oblib/lib/stat	4
src/rootserver/freeze	src/oblib/lib/task	2
src/rootserver/freeze	src/rootserver	7
src/rootserver/freeze	src/share	42
src/rootserver/freeze	src/share/compaction	2
src/rootserver/freeze	src/share/config	1
src/rootserver/freeze	src/share/log	1
src/rootserver/freeze	src/share/rc	5
src/rootserver/freeze	src/share/schema	2
src/rootserver/freeze	src/share/tablet	4
src/rootserver/freeze	src/storage/compaction	5
src/rootserver/freeze	src/storage/tx	1
src/rootserver/freeze	src/storage/tx_storage	1
src/rootserver/parallel_ddl	src/oblib/lib/hash	5
src/rootserver/parallel_ddl	src/query/api/query/vector	1
src/rootserver/parallel_ddl	src/rootserver	20
src/rootserver/parallel_ddl	src/rootserver/ddl_task	4
src/rootserver/parallel_ddl	src/rootserver/freeze	3
src/rootserver/parallel_ddl	src/share	11
src/rootserver/parallel_ddl	src/share/autoincrement	1
src/rootserver/parallel_ddl	src/share/rc	1
src/rootserver/parallel_ddl	src/share/schema	17
src/rootserver/parallel_ddl	src/sql/engine/cmd	1
src/rootserver/parallel_ddl	src/sql/resolver	3
src/rootserver/parallel_ddl	src/sql/resolver/ddl	8
src/rootserver/parallel_ddl	src/storage/compaction	1
src/rootserver/parallel_ddl	src/storage/ddl	2
src/rootserver/parallel_ddl	src/storage/tablelock	2
src/rootserver/pl_ddl	src/oblib/lib/utility	1
src/rootserver/pl_ddl	src/pl/pl_cache	1
src/rootserver/pl_ddl	src/rootserver	5
src/rootserver/pl_ddl	src/share	1
src/rootserver/pl_ddl	src/share/schema	12
src/rootserver/pl_ddl	src/sql/resolver/ddl	1
src/rootserver/truncate_info	src/query/api/query/session	2
src/rootserver/truncate_info	src/rootserver	1
src/rootserver/truncate_info	src/share	3
src/rootserver/truncate_info	src/share/rc	1
src/rootserver/truncate_info	src/share/schema	1
src/rootserver/truncate_info	src/share/tablet	1
src/rootserver/truncate_info	src/sql/resolver/dml	2
src/rootserver/truncate_info	src/sql/resolver/expr	1
src/rootserver/truncate_info	src/sql/session	2
src/rootserver/truncate_info	src/storage/ddl	1
src/rootserver/truncate_info	src/storage/truncate_info	2
src/share	src/oblib/common	24
src/share	src/oblib/common/datum	2
src/share	src/oblib/common/json_type	2
src/share	src/oblib/common/mysqlclient	21
src/share	src/oblib/common/object	6
src/share	src/oblib/common/row	1
src/share	src/oblib/common/rowkey	1
src/share	src/oblib/common/sql_mode	1
src/share	src/oblib/common/storage	4
src/share	src/oblib/common/timezone	3
src/share	src/oblib/lib	19
src/share	src/oblib/lib/alloc	1
src/share	src/oblib/lib/allocator	8
src/share	src/oblib/lib/atomic	2
src/share	src/oblib/lib/charset	1
src/share	src/oblib/lib/compress	2
src/share	src/oblib/lib/container	26
src/share	src/oblib/lib/cpu	1
src/share	src/oblib/lib/function	2
src/share	src/oblib/lib/future	1
src/share	src/oblib/lib/guard	1
src/share	src/oblib/lib/hash	11
src/share	src/oblib/lib/hash_func	2
src/share	src/oblib/lib/json	3
src/share	src/oblib/lib/list	9
src/share	src/oblib/lib/literals	3
src/share	src/oblib/lib/lock	13
src/share	src/oblib/lib/net	7
src/share	src/oblib/lib/objectpool	1
src/share	src/oblib/lib/oblog	11
src/share	src/oblib/lib/profile	3
src/share	src/oblib/lib/queue	2
src/share	src/oblib/lib/restore	4
src/share	src/oblib/lib/stat	2
src/share	src/oblib/lib/string	22
src/share	src/oblib/lib/task	1
src/share	src/oblib/lib/thread	8
src/share	src/oblib/lib/thread_local	1
src/share	src/oblib/lib/time	4
src/share	src/oblib/lib/utility	39
src/share	src/oblib/lib/wait_event	1
src/share	src/share/ai_service	1
src/share	src/share/compaction	4
src/share	src/share/config	13
src/share	src/share/inner_table	1
src/share	src/share/io	3
src/share	src/share/lob	2
src/share	src/share/location_cache	2
src/share	src/share/log/palf	1
src/share	src/share/object	1
src/share	src/share/rc	6
src/share	src/share/resource_limit_calculator	1
src/share	src/share/schema	24
src/share	src/share/session	1
src/share	src/share/statement	1
src/share	src/share/storage	8
src/share	src/share/tablelock	1
src/share	src/share/tablet	7
src/share	src/share/transaction	1
src/share/ai_service	src/oblib/common/json_type	1
src/share/ai_service	src/oblib/lib	2
src/share/ai_service	src/oblib/lib/json	1
src/share/ai_service	src/oblib/lib/string	2
src/share/ai_service	src/oblib/lib/utility	1
src/share/ai_service	src/share/schema	1
src/share/allocator	src/oblib/lib/allocator	1
src/share/cache	src/oblib/common/meta_programming	3
src/share/cache	src/oblib/easy/util	1
src/share/cache	src/oblib/lib	4
src/share/cache	src/oblib/lib/alloc	2
src/share/cache	src/oblib/lib/allocator	11
src/share/cache	src/oblib/lib/atomic	4
src/share/cache	src/oblib/lib/container	3
src/share/cache	src/oblib/lib/hash	3
src/share/cache	src/oblib/lib/list	4
src/share/cache	src/oblib/lib/literals	1
src/share/cache	src/oblib/lib/lock	8
src/share/cache	src/oblib/lib/metrics	1
src/share/cache	src/oblib/lib/oblog	1
src/share/cache	src/oblib/lib/queue	2
src/share/cache	src/oblib/lib/resource	4
src/share/cache	src/oblib/lib/stat	2
src/share/cache	src/oblib/lib/statistic_event	1
src/share/cache	src/oblib/lib/string	1
src/share/cache	src/oblib/lib/task	1
src/share/cache	src/oblib/lib/time	1
src/share/cache	src/oblib/lib/utility	8
src/share/cache	src/share	6
src/share/compaction	src/oblib/common	3
src/share/compaction	src/oblib/lib/container	2
src/share/compaction	src/oblib/lib/hash	1
src/share/compaction	src/oblib/lib/oblog	1
src/share/compaction	src/oblib/lib/task	1
src/share/compaction	src/oblib/lib/utility	2
src/share/compaction	src/share	2
src/share/compaction	src/share/rc	1
src/share/config	src/oblib/common	1
src/share/config	src/oblib/common/json_type	1
src/share/config	src/oblib/common/mysqlclient	1
src/share/config	src/oblib/lib	1
src/share/config	src/oblib/lib/alloc	1
src/share/config	src/oblib/lib/allocator	1
src/share/config	src/oblib/lib/compress	1
src/share/config	src/oblib/lib/container	4
src/share/config	src/oblib/lib/cpu	1
src/share/config	src/oblib/lib/function	1
src/share/config	src/oblib/lib/guard	1
src/share/config	src/oblib/lib/hash	7
src/share/config	src/oblib/lib/hash_func	2
src/share/config	src/oblib/lib/lock	2
src/share/config	src/oblib/lib/net	1
src/share/config	src/oblib/lib/oblog	5
src/share/config	src/oblib/lib/stat	1
src/share/config	src/oblib/lib/string	5
src/share/config	src/oblib/lib/time	1
src/share/config	src/oblib/lib/utility	6
src/share/config	src/share	11
src/share/config	src/share/cache	3
src/share/config	src/share/parameter	3
src/share/config	src/share/rc	2
src/share/config	src/share/storage	3
src/share/datum	src/oblib/common/datum	2
src/share/datum	src/oblib/common/json_type	2
src/share/datum	src/oblib/common/number	1
src/share/datum	src/oblib/common/object	5
src/share/datum	src/oblib/common/timezone	1
src/share/datum	src/oblib/common/wide_integer	1
src/share/datum	src/oblib/lib/charset	3
src/share/datum	src/oblib/lib/oblog	1
src/share/datum	src/oblib/lib/utility	1
src/share/datum	src/share	3
src/share/datum	src/share/datum/ob_datum_funcs_compilation	1
src/share/datum	src/share/rc	1
src/share/datum	src/share/vector	1
src/share/datum/ob_datum_funcs_compilation	src/oblib/common/object	1
src/share/datum/ob_datum_funcs_compilation	src/share/datum	3
src/share/datum/ob_datum_funcs_compilation	src/share/vector	1
src/share/geo	src/oblib/common/json_type	2
src/share/geo	src/oblib/common/mysqlclient	4
src/share/geo	src/oblib/common/number	1
src/share/geo	src/oblib/common/object	4
src/share/geo	src/oblib/common/udt	1
src/share/geo	src/oblib/lib/allocator	4
src/share/geo	src/oblib/lib/charset	1
src/share/geo	src/oblib/lib/container	12
src/share/geo	src/oblib/lib/function	2
src/share/geo	src/oblib/lib/geometry	2
src/share/geo	src/oblib/lib/hash	3
src/share/geo	src/oblib/lib/oblog	8
src/share/geo	src/oblib/lib/string	13
src/share/geo	src/oblib/lib/utility	11
src/share/geo	src/share	1
src/share/geo	src/share/object	1
src/share/geo	src/share/rc	5
src/share/inner_table	src/share	6
src/share/inner_table	src/share/schema	3
src/share/interrupt	src/oblib/lib	1
src/share/interrupt	src/oblib/lib/coro	1
src/share/interrupt	src/oblib/lib/hash	1
src/share/interrupt	src/oblib/lib/net	1
src/share/interrupt	src/share	2
src/share/interrupt	src/share/config	1
src/share/io	src/oblib/lib	3
src/share/io	src/oblib/lib/allocator	1
src/share/io	src/oblib/lib/container	8
src/share/io	src/oblib/lib/list	1
src/share/io	src/oblib/lib/lock	6
src/share/io	src/oblib/lib/objectpool	1
src/share/io	src/oblib/lib/profile	1
src/share/io	src/oblib/lib/queue	4
src/share/io	src/oblib/lib/restore	2
src/share/io	src/oblib/lib/stat	1
src/share/io	src/oblib/lib/thread	4
src/share/io	src/oblib/lib/utility	3
src/share/io	src/share	6
src/share/io	src/share/config	1
src/share/io	src/share/io/io_schedule	2
src/share/io	src/share/rc	1
src/share/io	src/share/resource	1
src/share/io/io_schedule	src/share/io	3
src/share/json	src/oblib/common/json_type	4
src/share/json	src/oblib/common/number	1
src/share/json	src/oblib/lib/allocator	1
src/share/json	src/oblib/lib/json	1
src/share/json	src/oblib/lib/utility	1
src/share/leak_checker	src/oblib/lib/hash	1
src/share/leak_checker	src/oblib/lib/oblog	1
src/share/lob	src/oblib/common/object	2
src/share/lob	src/oblib/lib/utility	1
src/share/location_cache	src/oblib/lib/net	1
src/share/location_cache	src/share	1
src/share/log	src/oblib/lib	1
src/share/log	src/share/log/palf	1
src/share/log/palf	src/oblib/lib	1
src/share/log/palf	src/oblib/lib/container	1
src/share/log/palf	src/oblib/lib/json	1
src/share/log/palf	src/oblib/lib/time	1
src/share/log/palf	src/oblib/lib/utility	4
src/share/log/palf	src/share	3
src/share/longops_mgr	src/oblib/lib	1
src/share/longops_mgr	src/oblib/lib/allocator	1
src/share/longops_mgr	src/oblib/lib/container	1
src/share/longops_mgr	src/oblib/lib/lock	1
src/share/longops_mgr	src/oblib/lib/oblog	1
src/share/longops_mgr	src/oblib/lib/profile	1
src/share/longops_mgr	src/oblib/lib/utility	1
src/share/ls	src/oblib/lib/oblog	1
src/share/ls	src/oblib/lib/utility	2
src/share/object	src/oblib/common	2
src/share/object	src/oblib/common/enumset	1
src/share/object	src/oblib/common/json_type	4
src/share/object	src/oblib/common/object	5
src/share/object	src/oblib/common/timezone	2
src/share/object	src/oblib/common/udt	7
src/share/object	src/oblib/common/wide_integer	1
src/share/object	src/oblib/lib/charset	3
src/share/object	src/oblib/lib/container	3
src/share/object	src/oblib/lib/oblog	1
src/share/object	src/oblib/lib/string	3
src/share/object	src/oblib/lib/utility	2
src/share/object	src/share	6
src/share/object	src/share/datum	1
src/share/object	src/share/geo	3
src/share/parameter	src/oblib/lib/utility	1
src/share/rc	src/oblib/lib	5
src/share/rc	src/oblib/lib/allocator	1
src/share/rc	src/oblib/lib/lock	1
src/share/rc	src/oblib/lib/rc	2
src/share/rc	src/oblib/lib/utility	1
src/share/rc	src/share	1
src/share/rc	src/share/log/palf	1
src/share/rc	src/share/roaringbitmap	1
src/share/redolog	src/oblib/lib	3
src/share/redolog	src/oblib/lib/allocator	1
src/share/redolog	src/oblib/lib/atomic	1
src/share/redolog	src/oblib/lib/container	1
src/share/redolog	src/oblib/lib/hash	3
src/share/redolog	src/oblib/lib/lock	3
src/share/redolog	src/oblib/lib/oblog	1
src/share/redolog	src/oblib/lib/restore	3
src/share/redolog	src/oblib/lib/task	1
src/share/redolog	src/oblib/lib/utility	3
src/share/redolog	src/share	2
src/share/redolog	src/share/config	1
src/share/redolog	src/share/io	1
src/share/redolog	src/share/rc	1
src/share/resource	src/oblib/lib	1
src/share/resource	src/oblib/lib/utility	5
src/share/resource	src/share	1
src/share/resource_limit_calculator	src/oblib/lib/container	1
src/share/resource_limit_calculator	src/oblib/lib/lock	1
src/share/resource_limit_calculator	src/oblib/lib/utility	2
src/share/roaringbitmap	src/oblib/lib/allocator	2
src/share/roaringbitmap	src/share/rc	1
src/share/rpc	src/oblib/rpc	1
src/share/schema	src/oblib/common	6
src/share/schema	src/oblib/common/datum	1
src/share/schema	src/oblib/common/mysqlclient	10
src/share/schema	src/oblib/common/object	12
src/share/schema	src/oblib/common/row	3
src/share/schema	src/oblib/common/rowkey	4
src/share/schema	src/oblib/common/sql_mode	2
src/share/schema	src/oblib/common/timezone	2
src/share/schema	src/oblib/lib	12
src/share/schema	src/oblib/lib/alloc	4
src/share/schema	src/oblib/lib/allocator	17
src/share/schema	src/oblib/lib/atomic	3
src/share/schema	src/oblib/lib/charset	4
src/share/schema	src/oblib/lib/compress	2
src/share/schema	src/oblib/lib/container	29
src/share/schema	src/oblib/lib/encrypt	1
src/share/schema	src/oblib/lib/hash	23
src/share/schema	src/oblib/lib/literals	1
src/share/schema	src/oblib/lib/lock	3
src/share/schema	src/oblib/lib/net	4
src/share/schema	src/oblib/lib/objectpool	1
src/share/schema	src/oblib/lib/oblog	22
src/share/schema	src/oblib/lib/stat	4
src/share/schema	src/oblib/lib/statistic_event	1
src/share/schema	src/oblib/lib/string	16
src/share/schema	src/oblib/lib/task	1
src/share/schema	src/oblib/lib/thread	1
src/share/schema	src/oblib/lib/time	2
src/share/schema	src/oblib/lib/utility	27
src/share/schema	src/share	76
src/share/schema	src/share/ai_service	1
src/share/schema	src/share/cache	4
src/share/schema	src/share/config	6
src/share/schema	src/share/inner_table	1
src/share/schema	src/share/object	1
src/share/schema	src/share/rc	3
src/share/schema	src/share/session	2
src/share/semistruct	src/oblib/common/json_type	1
src/share/semistruct	src/oblib/lib/container	1
src/share/semistruct	src/oblib/lib/list	1
src/share/semistruct	src/oblib/lib/utility	1
src/share/semistruct	src/share/rc	1
src/share/server_snapshot	src/oblib/lib/utility	1
src/share/session	src/oblib/common/object	1
src/share/session	src/oblib/lib/allocator	1
src/share/session	src/oblib/lib/container	1
src/share/storage	src/oblib/common	1
src/share/storage	src/oblib/lib	4
src/share/storage	src/oblib/lib/allocator	2
src/share/storage	src/oblib/lib/container	5
src/share/storage	src/oblib/lib/net	1
src/share/storage	src/oblib/lib/oblog	10
src/share/storage	src/oblib/lib/string	6
src/share/storage	src/oblib/lib/time	1
src/share/storage	src/oblib/lib/utility	5
src/share/storage	src/share	10
src/share/storage	src/share/tablet	1
src/share/table	src/oblib/common	1
src/share/table	src/oblib/lib/container	1
src/share/table	src/oblib/lib/string	2
src/share/table	src/oblib/lib/utility	1
src/share/table	src/share/schema	2
src/share/tablet	src/oblib/common	2
src/share/tablet	src/oblib/common/mysqlclient	3
src/share/tablet	src/oblib/lib/container	4
src/share/tablet	src/oblib/lib/oblog	1
src/share/tablet	src/oblib/lib/string	1
src/share/tablet	src/oblib/lib/time	1
src/share/tablet	src/oblib/lib/utility	1
src/share/tablet	src/share	5
src/share/tablet	src/share/compaction	2
src/share/tablet	src/share/schema	1
src/share/tablet	src/share/storage	3
src/share/text_analysis	src/oblib/common/datum	1
src/share/text_analysis	src/share/rc	1
src/share/transaction	src/oblib/lib	1
src/share/transaction	src/oblib/lib/json	1
src/share/transaction	src/oblib/lib/time	1
src/share/transaction	src/oblib/lib/utility	2
src/share/truncate_info	src/share	1
src/share/truncate_info	src/share/schema	1
src/share/unit	src/oblib/lib/utility	1
src/share/unit	src/share	1
src/share/vector	src/oblib/lib	1
src/share/vector	src/oblib/lib/charset	1
src/share/vector	src/oblib/lib/oblog	1
src/share/vector	src/oblib/lib/string	1
src/share/vector	src/oblib/lib/utility	1
src/sql	src/data_plane/api/data_plane/memtable	1
src/sql	src/data_plane/api/data_plane/tablelock	2
src/sql	src/data_plane/api/data_plane/transaction	9
src/sql	src/oblib/common	3
src/sql	src/oblib/common/mysqlclient	1
src/sql	src/oblib/common/object	3
src/sql	src/oblib/common/row	2
src/sql	src/oblib/common/storage	1
src/sql	src/oblib/common/timezone	1
src/sql	src/oblib/lib/alloc	2
src/sql	src/oblib/lib/allocator	5
src/sql	src/oblib/lib/atomic	1
src/sql	src/oblib/lib/container	8
src/sql	src/oblib/lib/file	2
src/sql	src/oblib/lib/hash	1
src/sql	src/oblib/lib/hash_func	2
src/sql	src/oblib/lib/json	1
src/sql	src/oblib/lib/net	2
src/sql	src/oblib/lib/objectpool	2
src/sql	src/oblib/lib/profile	1
src/sql	src/oblib/lib/random	1
src/sql	src/oblib/lib/restore	1
src/sql	src/oblib/lib/stat	2
src/sql	src/oblib/lib/string	1
src/sql	src/oblib/lib/time	1
src/sql	src/oblib/lib/utility	10
src/sql	src/oblib/rpc/frame	2
src/sql	src/oblib/rpc/obmysql	2
src/sql	src/query/api/query	3
src/sql	src/query/api/query/engine/expr	1
src/sql	src/query/api/query/optimizer	1
src/sql	src/query/api/query/optimizer/stat	1
src/sql	src/query/api/query/parser	1
src/sql	src/query/api/query/plan_cache	1
src/sql	src/query/api/query/protocol	2
src/sql	src/query/api/query/runtime	1
src/sql	src/share	15
src/sql	src/share/config	2
src/sql	src/share/geo	2
src/sql	src/share/object	1
src/sql	src/share/rc	5
src/sql	src/share/rpc	1
src/sql	src/share/schema	4
src/sql	src/share/statement	1
src/sql	src/sql/code_generator	1
src/sql	src/sql/das	1
src/sql	src/sql/engine	5
src/sql	src/sql/engine/basic	2
src/sql	src/sql/engine/cmd	1
src/sql	src/sql/engine/expr	13
src/sql	src/sql/engine/px	2
src/sql	src/sql/engine/table	1
src/sql	src/sql/executor	5
src/sql	src/sql/monitor	2
src/sql	src/sql/monitor/show_trace	3
src/sql	src/sql/optimizer	9
src/sql	src/sql/parser	2
src/sql	src/sql/pl	9
src/sql	src/sql/plan_cache	13
src/sql	src/sql/printer	6
src/sql	src/sql/privilege_check	1
src/sql	src/sql/resolver	2
src/sql	src/sql/resolver/cmd	3
src/sql	src/sql/resolver/ddl	1
src/sql	src/sql/resolver/dml	3
src/sql	src/sql/resolver/expr	2
src/sql	src/sql/resolver/prepare	2
src/sql	src/sql/resolver/tcl	1
src/sql	src/sql/rewrite	6
src/sql	src/sql/session	7
src/sql/bazel_pilot	src/sql/engine/prepare	3
src/sql/bazel_pilot	src/sql/optimizer	2
src/sql/bazel_pilot	src/sql/optimizer/stat	1
src/sql/bazel_pilot	src/sql/parser	2
src/sql/bazel_pilot	src/sql/resolver/prepare	1
src/sql/code_generator	src/data_plane/api/data_plane/blocksstable	1
src/sql/code_generator	src/oblib/lib/container	4
src/sql/code_generator	src/oblib/lib/hash	1
src/sql/code_generator	src/oblib/lib/utility	1
src/sql/code_generator	src/query/api/query/vector	2
src/sql/code_generator	src/sql/das	3
src/sql/code_generator	src/sql/engine	4
src/sql/code_generator	src/sql/engine/aggregate	5
src/sql/code_generator	src/sql/engine/basic	12
src/sql/code_generator	src/sql/engine/dml	8
src/sql/code_generator	src/sql/engine/expand	1
src/sql/code_generator	src/sql/engine/expr	34
src/sql/code_generator	src/sql/engine/join	4
src/sql/code_generator	src/sql/engine/opt_statistics	1
src/sql/code_generator	src/sql/engine/pdml/static	3
src/sql/code_generator	src/sql/engine/px/exchange	7
src/sql/code_generator	src/sql/engine/recursive_cte	1
src/sql/code_generator	src/sql/engine/set	6
src/sql/code_generator	src/sql/engine/sort	2
src/sql/code_generator	src/sql/engine/subquery	2
src/sql/code_generator	src/sql/engine/table	6
src/sql/code_generator	src/sql/engine/window_function	1
src/sql/code_generator	src/sql/optimizer	33
src/sql/code_generator	src/sql/parser	1
src/sql/code_generator	src/sql/resolver/expr	5
src/sql/das	src/data_plane/api/data_plane	8
src/sql/das	src/data_plane/api/data_plane/access	8
src/sql/das	src/data_plane/api/data_plane/blocksstable	9
src/sql/das	src/data_plane/api/data_plane/fts	3
src/sql/das	src/data_plane/api/data_plane/transaction	8
src/sql/das	src/oblib/common	3
src/sql/das	src/oblib/common/datum	1
src/sql/das	src/oblib/common/json_type	1
src/sql/das	src/oblib/common/row	1
src/sql/das	src/oblib/lib/allocator	2
src/sql/das	src/oblib/lib/atomic	1
src/sql/das	src/oblib/lib/container	4
src/sql/das	src/oblib/lib/hash	1
src/sql/das	src/oblib/lib/list	3
src/sql/das	src/oblib/lib/profile	1
src/sql/das	src/oblib/rpc/frame	1
src/sql/das	src/query/api/query/das	4
src/sql/das	src/query/api/query/engine/basic	1
src/sql/das	src/query/api/query/runtime	1
src/sql/das	src/query/api/query/vector	4
src/sql/das	src/share	11
src/sql/das	src/share/autoincrement	1
src/sql/das	src/share/datum	1
src/sql/das	src/share/geo	3
src/sql/das	src/share/location_cache	2
src/sql/das	src/share/rc	9
src/sql/das	src/share/rpc	1
src/sql/das	src/share/schema	8
src/sql/das	src/sql	6
src/sql/das	src/sql/das/iter	2
src/sql/das	src/sql/dtl	1
src/sql/das	src/sql/engine	7
src/sql/das	src/sql/engine/basic	5
src/sql/das	src/sql/engine/dml	7
src/sql/das	src/sql/engine/expr	4
src/sql/das	src/sql/engine/px	2
src/sql/das	src/sql/engine/sort	1
src/sql/das	src/sql/engine/table	1
src/sql/das	src/sql/optimizer	4
src/sql/das	src/sql/pl	2
src/sql/das	src/sql/resolver/ddl	1
src/sql/das	src/sql/resolver/dml	1
src/sql/das	src/sql/rewrite	1
src/sql/das	src/sql/session	1
src/sql/das	src/storage/memtable	1
src/sql/das/iter	src/data_plane/api/data_plane/access	7
src/sql/das/iter	src/data_plane/api/data_plane/blocksstable	2
src/sql/das/iter	src/data_plane/api/data_plane/retrieval	1
src/sql/das/iter	src/data_plane/api/data_plane/transaction	1
src/sql/das/iter	src/data_plane/api/data_plane/vector	3
src/sql/das/iter	src/oblib/common	3
src/sql/das/iter	src/oblib/common/row	2
src/sql/das/iter	src/oblib/lib/container	3
src/sql/das/iter	src/oblib/lib/hash	1
src/sql/das/iter	src/oblib/lib/utility	1
src/sql/das/iter	src/query/api/query/das	4
src/sql/das/iter	src/query/api/query/vector	6
src/sql/das/iter	src/share/rc	4
src/sql/das/iter	src/share/roaringbitmap	1
src/sql/das/iter	src/sql/das	31
src/sql/das/iter	src/sql/das/iter/sparse_retrieval	3
src/sql/das/iter	src/sql/engine	13
src/sql/das/iter	src/sql/engine/basic	3
src/sql/das/iter	src/sql/engine/expr	16
src/sql/das/iter	src/sql/engine/sort	1
src/sql/das/iter	src/sql/engine/table	1
src/sql/das/iter	src/sql/optimizer	1
src/sql/das/iter	src/sql/parser	2
src/sql/das/iter	src/sql/resolver/ddl	1
src/sql/das/iter/sparse_retrieval	src/oblib/lib/container	1
src/sql/das/iter/sparse_retrieval	src/sql/das	2
src/sql/das/iter/sparse_retrieval	src/sql/das/iter	1
src/sql/dtl	src/data_plane/api/data_plane/tmp_file	1
src/sql/dtl	src/oblib/common/row	1
src/sql/dtl	src/oblib/common/sql_mode	1
src/sql/dtl	src/oblib/lib	6
src/sql/dtl	src/oblib/lib/alloc	1
src/sql/dtl	src/oblib/lib/allocator	4
src/sql/dtl	src/oblib/lib/atomic	4
src/sql/dtl	src/oblib/lib/container	5
src/sql/dtl	src/oblib/lib/hash	4
src/sql/dtl	src/oblib/lib/hash_func	2
src/sql/dtl	src/oblib/lib/list	2
src/sql/dtl	src/oblib/lib/lock	8
src/sql/dtl	src/oblib/lib/oblog	1
src/sql/dtl	src/oblib/lib/queue	7
src/sql/dtl	src/oblib/lib/time	4
src/sql/dtl	src/oblib/lib/utility	15
src/sql/dtl	src/query/api/query/monitor	1
src/sql/dtl	src/share	5
src/sql/dtl	src/share/config	5
src/sql/dtl	src/share/interrupt	1
src/sql/dtl	src/share/rc	4
src/sql/dtl	src/sql	3
src/sql/dtl	src/sql/engine	2
src/sql/dtl	src/sql/engine/basic	6
src/sql/dtl	src/sql/engine/expr	2
src/sql/dtl	src/sql/engine/px	4
src/sql/engine	src/data_plane/api/data_plane/lob	1
src/sql/engine	src/data_plane/api/data_plane/transaction	1
src/sql/engine	src/oblib/common	3
src/sql/engine	src/oblib/common/enumset	3
src/sql/engine	src/oblib/common/row	1
src/sql/engine	src/oblib/common/sql_mode	1
src/sql/engine	src/oblib/common/udt	6
src/sql/engine	src/oblib/lib/allocator	4
src/sql/engine	src/oblib/lib/atomic	1
src/sql/engine	src/oblib/lib/container	6
src/sql/engine	src/oblib/lib/list	2
src/sql/engine	src/oblib/lib/lock	1
src/sql/engine	src/oblib/lib/net	1
src/sql/engine	src/oblib/lib/oblog	1
src/sql/engine	src/oblib/lib/time	1
src/sql/engine	src/oblib/lib/utility	2
src/sql/engine	src/query/api/query/engine	10
src/sql/engine	src/query/api/query/monitor	1
src/sql/engine	src/query/api/query/optimizer	2
src/sql/engine	src/query/api/query/runtime	1
src/sql/engine	src/query/api/query/session	1
src/sql/engine	src/query/api/query/virtual_table	1
src/sql/engine	src/share	6
src/sql/engine	src/share/datum	2
src/sql/engine	src/share/interrupt	1
src/sql/engine	src/share/rc	4
src/sql/engine	src/sql	2
src/sql/engine	src/sql/code_generator	2
src/sql/engine	src/sql/das	1
src/sql/engine	src/sql/dtl	1
src/sql/engine	src/sql/engine/aggregate	5
src/sql/engine	src/sql/engine/basic	15
src/sql/engine	src/sql/engine/dml	6
src/sql/engine	src/sql/engine/expand	1
src/sql/engine	src/sql/engine/expr	8
src/sql/engine	src/sql/engine/join	4
src/sql/engine	src/sql/engine/opt_statistics	1
src/sql/engine	src/sql/engine/pdml/static	3
src/sql/engine	src/sql/engine/px	5
src/sql/engine	src/sql/engine/px/exchange	7
src/sql/engine	src/sql/engine/recursive_cte	1
src/sql/engine	src/sql/engine/set	6
src/sql/engine	src/sql/engine/sort	1
src/sql/engine	src/sql/engine/subquery	2
src/sql/engine	src/sql/engine/table	6
src/sql/engine	src/sql/engine/window_function	1
src/sql/engine	src/sql/executor	3
src/sql/engine	src/sql/monitor	5
src/sql/engine	src/sql/optimizer	29
src/sql/engine	src/sql/pl	1
src/sql/engine	src/sql/plan_cache	4
src/sql/engine	src/sql/session	2
src/sql/engine/aggregate	src/oblib/common/row	4
src/sql/engine/aggregate	src/oblib/common/xml	1
src/sql/engine/aggregate	src/oblib/lib	1
src/sql/engine/aggregate	src/oblib/lib/allocator	1
src/sql/engine/aggregate	src/oblib/lib/container	9
src/sql/engine/aggregate	src/oblib/lib/hash	3
src/sql/engine/aggregate	src/oblib/lib/list	3
src/sql/engine/aggregate	src/oblib/lib/string	2
src/sql/engine/aggregate	src/oblib/lib/utility	2
src/sql/engine/aggregate	src/query/api/query/engine/aggregate	1
src/sql/engine/aggregate	src/share	1
src/sql/engine/aggregate	src/share/aggregate	2
src/sql/engine/aggregate	src/share/datum	3
src/sql/engine/aggregate	src/share/geo	1
src/sql/engine/aggregate	src/share/rc	1
src/sql/engine/aggregate	src/sql/engine	8
src/sql/engine/aggregate	src/sql/engine/basic	10
src/sql/engine/aggregate	src/sql/engine/expand	1
src/sql/engine/aggregate	src/sql/engine/expr	11
src/sql/engine/aggregate	src/sql/engine/px	4
src/sql/engine/aggregate	src/sql/engine/sort	1
src/sql/engine/aggregate	src/sql/engine/user_defined_function	1
src/sql/engine/aggregate	src/sql/optimizer	1
src/sql/engine/aggregate	src/sql/optimizer/stat	3
src/sql/engine/aggregate	src/sql/pl	1
src/sql/engine/basic	src/data_plane/api/data_plane/access	3
src/sql/engine/basic	src/data_plane/api/data_plane/blocksstable	1
src/sql/engine/basic	src/data_plane/api/data_plane/encoding	1
src/sql/engine/basic	src/data_plane/api/data_plane/lob	1
src/sql/engine/basic	src/data_plane/api/data_plane/tmp_file	5
src/sql/engine/basic	src/oblib/common/datum	3
src/sql/engine/basic	src/oblib/common/json_type	4
src/sql/engine/basic	src/oblib/common/row	7
src/sql/engine/basic	src/oblib/common/udt	1
src/sql/engine/basic	src/oblib/common/xml	1
src/sql/engine/basic	src/oblib/lib/alloc	2
src/sql/engine/basic	src/oblib/lib/allocator	6
src/sql/engine/basic	src/oblib/lib/charset	3
src/sql/engine/basic	src/oblib/lib/checksum	1
src/sql/engine/basic	src/oblib/lib/compress	1
src/sql/engine/basic	src/oblib/lib/compress/zstd_1_3_8	1
src/sql/engine/basic	src/oblib/lib/container	9
src/sql/engine/basic	src/oblib/lib/file	3
src/sql/engine/basic	src/oblib/lib/hash	1
src/sql/engine/basic	src/oblib/lib/list	7
src/sql/engine/basic	src/oblib/lib/utility	4
src/sql/engine/basic	src/query/api/query/engine	2
src/sql/engine/basic	src/query/api/query/engine/basic	9
src/sql/engine/basic	src/share	8
src/sql/engine/basic	src/share/config	1
src/sql/engine/basic	src/share/datum	3
src/sql/engine/basic	src/share/rc	3
src/sql/engine/basic	src/sql/code_generator	1
src/sql/engine/basic	src/sql/das	1
src/sql/engine/basic	src/sql/dtl	3
src/sql/engine/basic	src/sql/engine	42
src/sql/engine/basic	src/sql/engine/aggregate	3
src/sql/engine/basic	src/sql/engine/basic/chunk_store	1
src/sql/engine/basic	src/sql/engine/cmd	4
src/sql/engine/basic	src/sql/engine/dml	1
src/sql/engine/basic	src/sql/engine/expr	19
src/sql/engine/basic	src/sql/engine/px	5
src/sql/engine/basic	src/sql/engine/sort	6
src/sql/engine/basic	src/sql/engine/vector	9
src/sql/engine/basic	src/sql/resolver/dml	3
src/sql/engine/basic	src/sql/resolver/expr	1
src/sql/engine/basic/chunk_store	src/data_plane/api/data_plane/blocksstable	2
src/sql/engine/basic/chunk_store	src/oblib/common/datum	7
src/sql/engine/basic/chunk_store	src/oblib/lib/alloc	1
src/sql/engine/basic/chunk_store	src/oblib/lib/allocator	7
src/sql/engine/basic/chunk_store	src/oblib/lib/compress	1
src/sql/engine/basic/chunk_store	src/oblib/lib/container	7
src/sql/engine/basic/chunk_store	src/oblib/lib/list	7
src/sql/engine/basic/chunk_store	src/oblib/lib/utility	7
src/sql/engine/basic/chunk_store	src/share	8
src/sql/engine/basic/chunk_store	src/share/schema	1
src/sql/engine/basic/chunk_store	src/sql	1
src/sql/engine/basic/chunk_store	src/sql/engine/basic	8
src/sql/engine/basic/chunk_store	src/sql/engine/expr	7
src/sql/engine/cmd	src/data_plane/api/data_plane	1
src/sql/engine/cmd	src/data_plane/api/data_plane/ddl	1
src/sql/engine/cmd	src/data_plane/api/data_plane/scheduler	1
src/sql/engine/cmd	src/data_plane/api/data_plane/tablelock	1
src/sql/engine/cmd	src/data_plane/api/data_plane/transaction	1
src/sql/engine/cmd	src/data_plane/api/data_plane/vector	5
src/sql/engine/cmd	src/oblib/common	2
src/sql/engine/cmd	src/oblib/common/mysqlclient	2
src/sql/engine/cmd	src/oblib/common/object	3
src/sql/engine/cmd	src/oblib/common/sql_mode	2
src/sql/engine/cmd	src/oblib/lib/allocator	2
src/sql/engine/cmd	src/oblib/lib/compress	1
src/sql/engine/cmd	src/oblib/lib/compress/zstd_1_3_8	1
src/sql/engine/cmd	src/oblib/lib/container	12
src/sql/engine/cmd	src/oblib/lib/encrypt	4
src/sql/engine/cmd	src/oblib/lib/file	2
src/sql/engine/cmd	src/oblib/lib/hash	3
src/sql/engine/cmd	src/oblib/lib/hash_func	1
src/sql/engine/cmd	src/oblib/lib/lock	2
src/sql/engine/cmd	src/oblib/lib/oblog	1
src/sql/engine/cmd	src/oblib/lib/queue	1
src/sql/engine/cmd	src/oblib/lib/stat	2
src/sql/engine/cmd	src/oblib/lib/string	6
src/sql/engine/cmd	src/oblib/lib/utility	4
src/sql/engine/cmd	src/oblib/rpc/obmysql	1
src/sql/engine/cmd	src/oblib/rpc/obmysql/packet	1
src/sql/engine/cmd	src/query/api/query	1
src/sql/engine/cmd	src/query/api/query/command	30
src/sql/engine/cmd	src/query/api/query/engine	2
src/sql/engine/cmd	src/query/api/query/engine/cmd	5
src/sql/engine/cmd	src/query/api/query/protocol	1
src/sql/engine/cmd	src/query/api/query/resolver	1
src/sql/engine/cmd	src/query/api/query/runtime	2
src/sql/engine/cmd	src/query/api/query/session	6
src/sql/engine/cmd	src/share	38
src/sql/engine/cmd	src/share/io	2
src/sql/engine/cmd	src/share/rc	2
src/sql/engine/cmd	src/share/schema	11
src/sql/engine/cmd	src/share/statement	5
src/sql/engine/cmd	src/sql	2
src/sql/engine/cmd	src/sql/code_generator	2
src/sql/engine/cmd	src/sql/engine	19
src/sql/engine/cmd	src/sql/engine/expr	3
src/sql/engine/cmd	src/sql/optimizer	2
src/sql/engine/cmd	src/sql/optimizer/stat	6
src/sql/engine/cmd	src/sql/parser	4
src/sql/engine/cmd	src/sql/pl	3
src/sql/engine/cmd	src/sql/pl/pl_cache	2
src/sql/engine/cmd	src/sql/pl/sys_package	1
src/sql/engine/cmd	src/sql/plan_cache	2
src/sql/engine/cmd	src/sql/printer	2
src/sql/engine/cmd	src/sql/resolver	1
src/sql/engine/cmd	src/sql/resolver/cmd	16
src/sql/engine/cmd	src/sql/resolver/dcl	11
src/sql/engine/cmd	src/sql/resolver/ddl	32
src/sql/engine/cmd	src/sql/resolver/dml	2
src/sql/engine/cmd	src/sql/resolver/expr	3
src/sql/engine/cmd	src/sql/resolver/tcl	3
src/sql/engine/cmd	src/sql/rewrite	2
src/sql/engine/cmd	src/sql/session	9
src/sql/engine/cmd	src/sql/tablelock	1
src/sql/engine/dml	src/data_plane/api/data_plane	2
src/sql/engine/dml	src/data_plane/api/data_plane/blocksstable	4
src/sql/engine/dml	src/data_plane/api/data_plane/lob	1
src/sql/engine/dml	src/data_plane/api/data_plane/transaction	1
src/sql/engine/dml	src/oblib/lib/oblog	1
src/sql/engine/dml	src/query/api/query/session	1
src/sql/engine/dml	src/query/api/query/vector	1
src/sql/engine/dml	src/share	1
src/sql/engine/dml	src/share/autoincrement	1
src/sql/engine/dml	src/share/geo	1
src/sql/engine/dml	src/share/rc	2
src/sql/engine/dml	src/sql	1
src/sql/engine/dml	src/sql/das	16
src/sql/engine/dml	src/sql/engine	9
src/sql/engine/dml	src/sql/engine/basic	2
src/sql/engine/dml	src/sql/engine/expr	5
src/sql/engine/dml	src/sql/pl	3
src/sql/engine/dml	src/sql/pl/parser	1
src/sql/engine/dml	src/sql/resolver/ddl	1
src/sql/engine/dml	src/sql/resolver/expr	1
src/sql/engine/dml	src/sql/session	1
src/sql/engine/expand	src/share/vector	1
src/sql/engine/expand	src/sql/engine	2
src/sql/engine/expand	src/sql/engine/basic	1
src/sql/engine/expr	src/data_plane/api/data_plane	1
src/sql/engine/expr	src/data_plane/api/data_plane/encoding	4
src/sql/engine/expr	src/data_plane/api/data_plane/fts	3
src/sql/engine/expr	src/data_plane/api/data_plane/fts/dict	1
src/sql/engine/expr	src/data_plane/api/data_plane/lob	3
src/sql/engine/expr	src/data_plane/api/data_plane/transaction	1
src/sql/engine/expr	src/data_plane/api/data_plane/vector	17
src/sql/engine/expr	src/oblib/common	4
src/sql/engine/expr	src/oblib/common/datum	2
src/sql/engine/expr	src/oblib/common/enumset	1
src/sql/engine/expr	src/oblib/common/expression	2
src/sql/engine/expr	src/oblib/common/json_type	32
src/sql/engine/expr	src/oblib/common/lob	1
src/sql/engine/expr	src/oblib/common/mysqlclient	1
src/sql/engine/expr	src/oblib/common/number	1
src/sql/engine/expr	src/oblib/common/object	16
src/sql/engine/expr	src/oblib/common/row	3
src/sql/engine/expr	src/oblib/common/sql_mode	1
src/sql/engine/expr	src/oblib/common/timezone	6
src/sql/engine/expr	src/oblib/common/udt	82
src/sql/engine/expr	src/oblib/common/wide_integer	3
src/sql/engine/expr	src/oblib/common/xml	10
src/sql/engine/expr	src/oblib/easy/include	1
src/sql/engine/expr	src/oblib/easy/util	1
src/sql/engine/expr	src/oblib/lib	28
src/sql/engine/expr	src/oblib/lib/alloc	1
src/sql/engine/expr	src/oblib/lib/allocator	10
src/sql/engine/expr	src/oblib/lib/charset	12
src/sql/engine/expr	src/oblib/lib/container	14
src/sql/engine/expr	src/oblib/lib/encode	2
src/sql/engine/expr	src/oblib/lib/encrypt	1
src/sql/engine/expr	src/oblib/lib/locale	3
src/sql/engine/expr	src/oblib/lib/oblog	5
src/sql/engine/expr	src/oblib/lib/random	1
src/sql/engine/expr	src/oblib/lib/string	10
src/sql/engine/expr	src/oblib/lib/time	2
src/sql/engine/expr	src/oblib/lib/utility	11
src/sql/engine/expr	src/oblib/rpc/obmysql	13
src/sql/engine/expr	src/query/api/query/engine	1
src/sql/engine/expr	src/query/api/query/engine/expr	28
src/sql/engine/expr	src/query/api/query/protocol	2
src/sql/engine/expr	src/query/api/query/session	1
src/sql/engine/expr	src/query/api/query/vector	6
src/sql/engine/expr	src/share	35
src/sql/engine/expr	src/share/autoincrement	2
src/sql/engine/expr	src/share/datum	4
src/sql/engine/expr	src/share/geo	111
src/sql/engine/expr	src/share/interrupt	1
src/sql/engine/expr	src/share/object	50
src/sql/engine/expr	src/share/rc	4
src/sql/engine/expr	src/share/schema	6
src/sql/engine/expr	src/share/statement	1
src/sql/engine/expr	src/share/vector	1
src/sql/engine/expr	src/sql	11
src/sql/engine/expr	src/sql/das	1
src/sql/engine/expr	src/sql/engine	155
src/sql/engine/expr	src/sql/engine/aggregate	1
src/sql/engine/expr	src/sql/engine/basic	1
src/sql/engine/expr	src/sql/engine/dml	1
src/sql/engine/expr	src/sql/engine/expr/ob_expr_ai	5
src/sql/engine/expr	src/sql/engine/expr/ob_expr_cmp_func_compile	1
src/sql/engine/expr	src/sql/engine/px	2
src/sql/engine/expr	src/sql/engine/px/p2p_datahub	5
src/sql/engine/expr	src/sql/engine/sort	1
src/sql/engine/expr	src/sql/engine/subquery	4
src/sql/engine/expr	src/sql/engine/vector	1
src/sql/engine/expr	src/sql/parser	11
src/sql/engine/expr	src/sql/pl	23
src/sql/engine/expr	src/sql/plan_cache	1
src/sql/engine/expr	src/sql/printer	3
src/sql/engine/expr	src/sql/resolver	4
src/sql/engine/expr	src/sql/resolver/ddl	3
src/sql/engine/expr	src/sql/resolver/dml	1
src/sql/engine/expr	src/sql/resolver/expr	23
src/sql/engine/expr	src/sql/session	72
src/sql/engine/expr	src/sql/tablelock	1
src/sql/engine/expr/ob_expr_ai	src/oblib/common/json_type	2
src/sql/engine/expr/ob_expr_ai	src/oblib/lib/encode	1
src/sql/engine/expr/ob_expr_ai	src/oblib/lib/utility	2
src/sql/engine/expr/ob_expr_ai	src/query/api/query/ai	3
src/sql/engine/expr/ob_expr_ai	src/query/api/query/engine/expr	1
src/sql/engine/expr/ob_expr_ai	src/share/ai_service	2
src/sql/engine/expr/ob_expr_ai	src/share/json	1
src/sql/engine/expr/ob_expr_ai	src/share/rc	3
src/sql/engine/expr/ob_expr_ai	src/sql/engine	5
src/sql/engine/expr/ob_expr_ai	src/sql/engine/expr	9
src/sql/engine/expr/ob_expr_cmp_func_compile	src/sql/engine/expr	1
src/sql/engine/expr/ob_expr_str_cmp_func_compile	src/sql/engine/expr	1
src/sql/engine/join	src/oblib/lib/container	4
src/sql/engine/join	src/oblib/lib/list	1
src/sql/engine/join	src/oblib/lib/lock	2
src/sql/engine/join	src/oblib/lib/utility	1
src/sql/engine/join	src/share/datum	3
src/sql/engine/join	src/sql/dtl	4
src/sql/engine/join	src/sql/engine	6
src/sql/engine/join	src/sql/engine/aggregate	2
src/sql/engine/join	src/sql/engine/basic	6
src/sql/engine/join	src/sql/engine/px	5
src/sql/engine/join	src/sql/engine/px/p2p_datahub	3
src/sql/engine/join	src/sql/optimizer	1
src/sql/engine/opt_statistics	src/oblib/common/datum	1
src/sql/engine/opt_statistics	src/oblib/lib/hash	1
src/sql/engine/opt_statistics	src/sql/engine	1
src/sql/engine/opt_statistics	src/sql/engine/expr	1
src/sql/engine/opt_statistics	src/sql/engine/px	1
src/sql/engine/opt_statistics	src/sql/engine/px/datahub/components	1
src/sql/engine/opt_statistics	src/sql/optimizer/stat	6
src/sql/engine/pdml/static	src/data_plane/api/data_plane/blocksstable	1
src/sql/engine/pdml/static	src/data_plane/api/data_plane/ddl	2
src/sql/engine/pdml/static	src/oblib/lib/container	4
src/sql/engine/pdml/static	src/share	2
src/sql/engine/pdml/static	src/sql/engine	4
src/sql/engine/pdml/static	src/sql/engine/basic	2
src/sql/engine/pdml/static	src/sql/engine/dml	7
src/sql/engine/pdml/static	src/sql/engine/px	4
src/sql/engine/prepare	src/oblib/lib/container	3
src/sql/engine/prepare	src/share/rc	2
src/sql/engine/prepare	src/share/statement	3
src/sql/engine/prepare	src/sql	2
src/sql/engine/prepare	src/sql/engine	1
src/sql/engine/prepare	src/sql/engine/cmd	1
src/sql/engine/prepare	src/sql/parser	3
src/sql/engine/prepare	src/sql/plan_cache	2
src/sql/engine/prepare	src/sql/resolver/cmd	1
src/sql/engine/prepare	src/sql/resolver/prepare	2
src/sql/engine/prepare	src/sql/session	1
src/sql/engine/px	src/data_plane/api/data_plane/access	1
src/sql/engine/px	src/data_plane/api/data_plane/ddl	3
src/sql/engine/px	src/data_plane/api/data_plane/encoding	1
src/sql/engine/px	src/data_plane/api/data_plane/transaction	6
src/sql/engine/px	src/oblib/common	1
src/sql/engine/px	src/oblib/common/object	1
src/sql/engine/px	src/oblib/common/row	2
src/sql/engine/px	src/oblib/lib	2
src/sql/engine/px	src/oblib/lib/allocator	7
src/sql/engine/px	src/oblib/lib/container	10
src/sql/engine/px	src/oblib/lib/hash	2
src/sql/engine/px	src/oblib/lib/list	1
src/sql/engine/px	src/oblib/lib/lock	12
src/sql/engine/px	src/oblib/lib/net	1
src/sql/engine/px	src/oblib/lib/oblog	1
src/sql/engine/px	src/oblib/lib/profile	1
src/sql/engine/px	src/oblib/lib/queue	1
src/sql/engine/px	src/oblib/lib/signal	2
src/sql/engine/px	src/oblib/lib/stat	1
src/sql/engine/px	src/oblib/lib/string	3
src/sql/engine/px	src/oblib/lib/trace	1
src/sql/engine/px	src/oblib/lib/utility	6
src/sql/engine/px	src/query/api/query/engine/px	5
src/sql/engine/px	src/query/api/query/runtime	2
src/sql/engine/px	src/share	5
src/sql/engine/px	src/share/config	1
src/sql/engine/px	src/share/interrupt	4
src/sql/engine/px	src/share/rc	7
src/sql/engine/px	src/share/schema	4
src/sql/engine/px	src/share/statement	1
src/sql/engine/px	src/sql	8
src/sql/engine/px	src/sql/das	3
src/sql/engine/px	src/sql/dtl	34
src/sql/engine/px	src/sql/engine	19
src/sql/engine/px	src/sql/engine/basic	9
src/sql/engine/px	src/sql/engine/dml	2
src/sql/engine/px	src/sql/engine/expr	3
src/sql/engine/px	src/sql/engine/join	7
src/sql/engine/px	src/sql/engine/pdml/static	1
src/sql/engine/px	src/sql/engine/px/datahub	5
src/sql/engine/px	src/sql/engine/px/datahub/components	16
src/sql/engine/px	src/sql/engine/px/exchange	10
src/sql/engine/px	src/sql/engine/px/p2p_datahub	7
src/sql/engine/px	src/sql/engine/sort	1
src/sql/engine/px	src/sql/engine/subquery	1
src/sql/engine/px	src/sql/engine/table	3
src/sql/engine/px	src/sql/engine/window_function	2
src/sql/engine/px	src/sql/executor	2
src/sql/engine/px	src/sql/monitor	1
src/sql/engine/px	src/sql/monitor/show_trace	1
src/sql/engine/px	src/storage/ddl	2
src/sql/engine/px/datahub	src/oblib/lib/container	1
src/sql/engine/px/datahub	src/oblib/lib/lock	1
src/sql/engine/px/datahub	src/sql/dtl	2
src/sql/engine/px/datahub	src/sql/engine	1
src/sql/engine/px/datahub	src/sql/engine/expr	1
src/sql/engine/px/datahub	src/sql/engine/px	4
src/sql/engine/px/datahub	src/sql/engine/sort	1
src/sql/engine/px/datahub/components	src/oblib/lib/container	1
src/sql/engine/px/datahub/components	src/oblib/lib/lock	1
src/sql/engine/px/datahub/components	src/oblib/lib/utility	1
src/sql/engine/px/datahub/components	src/share	1
src/sql/engine/px/datahub/components	src/sql/engine	2
src/sql/engine/px/datahub/components	src/sql/engine/basic	5
src/sql/engine/px/datahub/components	src/sql/engine/opt_statistics	1
src/sql/engine/px/datahub/components	src/sql/engine/px	9
src/sql/engine/px/datahub/components	src/sql/engine/px/datahub	32
src/sql/engine/px/datahub/components	src/sql/engine/px/exchange	2
src/sql/engine/px/datahub/components	src/sql/engine/sort	1
src/sql/engine/px/datahub/components	src/sql/engine/window_function	1
src/sql/engine/px/exchange	src/oblib/lib/container	3
src/sql/engine/px/exchange	src/share	1
src/sql/engine/px/exchange	src/share/config	1
src/sql/engine/px/exchange	src/share/rc	1
src/sql/engine/px/exchange	src/sql/dtl	17
src/sql/engine/px/exchange	src/sql/engine	5
src/sql/engine/px/exchange	src/sql/engine/aggregate	1
src/sql/engine/px/exchange	src/sql/engine/basic	3
src/sql/engine/px/exchange	src/sql/engine/px	44
src/sql/engine/px/exchange	src/sql/engine/px/datahub/components	20
src/sql/engine/px/exchange	src/sql/engine/sort	3
src/sql/engine/px/p2p_datahub	src/oblib/common/datum	2
src/sql/engine/px/p2p_datahub	src/oblib/common/object	1
src/sql/engine/px/p2p_datahub	src/oblib/lib	6
src/sql/engine/px/p2p_datahub	src/oblib/lib/allocator	1
src/sql/engine/px/p2p_datahub	src/oblib/lib/container	5
src/sql/engine/px/p2p_datahub	src/oblib/lib/hash	5
src/sql/engine/px/p2p_datahub	src/oblib/lib/time	1
src/sql/engine/px/p2p_datahub	src/query/api/query/engine/px/p2p_datahub	1
src/sql/engine/px/p2p_datahub	src/sql/engine/basic	2
src/sql/engine/px/p2p_datahub	src/sql/engine/expr	3
src/sql/engine/px/p2p_datahub	src/sql/engine/px	2
src/sql/engine/recursive_cte	src/oblib/lib/allocator	4
src/sql/engine/recursive_cte	src/oblib/lib/container	1
src/sql/engine/recursive_cte	src/oblib/lib/list	1
src/sql/engine/recursive_cte	src/oblib/lib/rc	1
src/sql/engine/recursive_cte	src/oblib/lib/string	1
src/sql/engine/recursive_cte	src/share/datum	1
src/sql/engine/recursive_cte	src/sql/engine	5
src/sql/engine/recursive_cte	src/sql/engine/aggregate	2
src/sql/engine/recursive_cte	src/sql/engine/basic	2
src/sql/engine/recursive_cte	src/sql/engine/expr	1
src/sql/engine/recursive_cte	src/sql/engine/set	1
src/sql/engine/recursive_cte	src/sql/engine/sort	1
src/sql/engine/set	src/share/datum	2
src/sql/engine/set	src/sql/engine	2
src/sql/engine/set	src/sql/engine/basic	3
src/sql/engine/set	src/sql/engine/px	1
src/sql/engine/set	src/sql/engine/sort	1
src/sql/engine/sort	src/data_plane/api/data_plane/encoding	1
src/sql/engine/sort	src/oblib/common/datum	1
src/sql/engine/sort	src/oblib/common/object	2
src/sql/engine/sort	src/oblib/common/row	1
src/sql/engine/sort	src/oblib/lib	2
src/sql/engine/sort	src/oblib/lib/container	2
src/sql/engine/sort	src/query/api/query/engine/basic	1
src/sql/engine/sort	src/share	3
src/sql/engine/sort	src/share/datum	2
src/sql/engine/sort	src/share/rc	1
src/sql/engine/sort	src/sql	2
src/sql/engine/sort	src/sql/engine	2
src/sql/engine/sort	src/sql/engine/aggregate	1
src/sql/engine/sort	src/sql/engine/basic	4
src/sql/engine/sort	src/sql/engine/basic/chunk_store	2
src/sql/engine/sort	src/sql/engine/expr	2
src/sql/engine/sort	src/sql/engine/px	2
src/sql/engine/sort	src/sql/engine/px/p2p_datahub	3
src/sql/engine/subquery	src/sql	1
src/sql/engine/subquery	src/sql/engine	3
src/sql/engine/subquery	src/sql/engine/basic	1
src/sql/engine/subquery	src/sql/engine/px	1
src/sql/engine/table	src/data_plane/api/data_plane/access	2
src/sql/engine/table	src/data_plane/api/data_plane/blocksstable	1
src/sql/engine/table	src/data_plane/api/data_plane/transaction	1
src/sql/engine/table	src/oblib/common	1
src/sql/engine/table	src/oblib/common/json_type	1
src/sql/engine/table	src/oblib/common/row	1
src/sql/engine/table	src/oblib/lib/container	2
src/sql/engine/table	src/query/api/query/engine/expr	1
src/sql/engine/table	src/share	3
src/sql/engine/table	src/share/geo	2
src/sql/engine/table	src/share/schema	2
src/sql/engine/table	src/sql	1
src/sql/engine/table	src/sql/das	9
src/sql/engine/table	src/sql/das/iter	4
src/sql/engine/table	src/sql/engine	5
src/sql/engine/table	src/sql/engine/basic	1
src/sql/engine/table	src/sql/engine/dml	1
src/sql/engine/table	src/sql/engine/expr	3
src/sql/engine/table	src/sql/engine/px	1
src/sql/engine/table	src/sql/optimizer	1
src/sql/engine/table	src/sql/resolver/ddl	1
src/sql/engine/table	src/sql/rewrite	1
src/sql/engine/user_defined_function	src/oblib/common/object	1
src/sql/engine/user_defined_function	src/share/schema	1
src/sql/engine/user_defined_function	src/sql/engine	1
src/sql/engine/user_defined_function	src/sql/engine/expr	2
src/sql/engine/user_defined_function	src/sql/pl	1
src/sql/engine/user_defined_function	src/sql/resolver	1
src/sql/engine/user_defined_function	src/sql/session	1
src/sql/engine/vector	src/query/api/query/engine/vector	16
src/sql/engine/vector	src/sql/engine/expr	1
src/sql/engine/window_function	src/oblib/lib/container	2
src/sql/engine/window_function	src/oblib/lib/lock	1
src/sql/engine/window_function	src/sql/engine	1
src/sql/engine/window_function	src/sql/engine/aggregate	1
src/sql/engine/window_function	src/sql/engine/basic	3
src/sql/engine/window_function	src/sql/engine/expr	1
src/sql/engine/window_function	src/sql/engine/px	1
src/sql/engine/window_function	src/sql/engine/px/datahub	1
src/sql/engine/window_function	src/sql/engine/px/datahub/components	2
src/sql/engine/window_function	src/sql/parser	1
src/sql/engine/window_function	src/sql/resolver/expr	1
src/sql/executor	src/oblib/common/row	1
src/sql/executor	src/oblib/lib	1
src/sql/executor	src/oblib/lib/alloc	1
src/sql/executor	src/oblib/lib/container	1
src/sql/executor	src/oblib/lib/hash	1
src/sql/executor	src/oblib/lib/rc	1
src/sql/executor	src/oblib/lib/stat	1
src/sql/executor	src/oblib/lib/thread	1
src/sql/executor	src/query/api/query/command	2
src/sql/executor	src/query/api/query/ddl	1
src/sql/executor	src/share	6
src/sql/executor	src/share/config	1
src/sql/executor	src/share/rc	1
src/sql/executor	src/share/schema	3
src/sql/executor	src/sql/engine	4
src/sql/executor	src/sql/engine/cmd	22
src/sql/executor	src/sql/engine/prepare	3
src/sql/executor	src/sql/resolver/cmd	5
src/sql/executor	src/sql/resolver/dcl	11
src/sql/executor	src/sql/resolver/ddl	25
src/sql/executor	src/sql/resolver/prepare	3
src/sql/executor	src/sql/resolver/tcl	3
src/sql/executor	src/sql/session	1
src/sql/hybrid_search	src/oblib/common/json_type	1
src/sql/hybrid_search	src/oblib/common/object	1
src/sql/hybrid_search	src/oblib/lib/allocator	1
src/sql/hybrid_search	src/oblib/lib/string	1
src/sql/hybrid_search	src/query/api/query	1
src/sql/hybrid_search	src/query/api/query/session	1
src/sql/hybrid_search	src/query/api/query/vector	1
src/sql/hybrid_search	src/share/schema	1
src/sql/hybrid_search	src/sql/engine	1
src/sql/hybrid_search	src/sql/parser	1
src/sql/hybrid_search	src/sql/pl	1
src/sql/hybrid_search	src/sql/printer	1
src/sql/hybrid_search	src/sql/session	2
src/sql/monitor	src/data_plane/api/data_plane/transaction	1
src/sql/monitor	src/oblib/lib/alloc	1
src/sql/monitor	src/oblib/lib/allocator	2
src/sql/monitor	src/oblib/lib/atomic	3
src/sql/monitor	src/oblib/lib/container	1
src/sql/monitor	src/oblib/lib/net	2
src/sql/monitor	src/oblib/lib/string	1
src/sql/monitor	src/oblib/lib/time	1
src/sql/monitor	src/oblib/lib/trace	1
src/sql/monitor	src/oblib/lib/utility	5
src/sql/monitor	src/oblib/lib/wait_event	1
src/sql/monitor	src/observer	1
src/sql/monitor	src/query/api/query/monitor	1
src/sql/monitor	src/query/api/query/plan_cache	1
src/sql/monitor	src/query/api/query/runtime	1
src/sql/monitor	src/query/api/query/session	1
src/sql/monitor	src/share	3
src/sql/monitor	src/sql	4
src/sql/monitor	src/sql/engine	3
src/sql/monitor	src/sql/optimizer	1
src/sql/monitor	src/sql/plan_cache	6
src/sql/monitor	src/sql/session	2
src/sql/monitor/show_trace	src/oblib/lib/string	1
src/sql/monitor/show_trace	src/oblib/lib/time	1
src/sql/monitor/show_trace	src/share	1
src/sql/monitor/show_trace	src/sql/session	1
src/sql/optimizer	src/data_plane/api/data_plane	2
src/sql/optimizer	src/data_plane/api/data_plane/access	2
src/sql/optimizer	src/data_plane/api/data_plane/transaction	3
src/sql/optimizer	src/oblib/common	1
src/sql/optimizer	src/oblib/common/object	3
src/sql/optimizer	src/oblib/common/row	1
src/sql/optimizer	src/oblib/lib/allocator	9
src/sql/optimizer	src/oblib/lib/container	26
src/sql/optimizer	src/oblib/lib/hash	1
src/sql/optimizer	src/oblib/lib/json	1
src/sql/optimizer	src/oblib/lib/list	2
src/sql/optimizer	src/oblib/lib/oblog	2
src/sql/optimizer	src/oblib/lib/stat	1
src/sql/optimizer	src/oblib/lib/string	1
src/sql/optimizer	src/oblib/lib/utility	2
src/sql/optimizer	src/query/api/query/optimizer	3
src/sql/optimizer	src/query/api/query/session	1
src/sql/optimizer	src/query/api/query/vector	5
src/sql/optimizer	src/share	6
src/sql/optimizer	src/share/config	2
src/sql/optimizer	src/share/location_cache	1
src/sql/optimizer	src/share/rc	3
src/sql/optimizer	src/share/schema	1
src/sql/optimizer	src/sql	12
src/sql/optimizer	src/sql/code_generator	3
src/sql/optimizer	src/sql/das	5
src/sql/optimizer	src/sql/das/iter	1
src/sql/optimizer	src/sql/engine	4
src/sql/optimizer	src/sql/engine/aggregate	2
src/sql/optimizer	src/sql/engine/expr	13
src/sql/optimizer	src/sql/engine/join	2
src/sql/optimizer	src/sql/engine/px	7
src/sql/optimizer	src/sql/engine/px/p2p_datahub	4
src/sql/optimizer	src/sql/engine/table	1
src/sql/optimizer	src/sql/monitor	2
src/sql/optimizer	src/sql/optimizer/stat	16
src/sql/optimizer	src/sql/parser	1
src/sql/optimizer	src/sql/printer	1
src/sql/optimizer	src/sql/resolver	2
src/sql/optimizer	src/sql/resolver/ddl	3
src/sql/optimizer	src/sql/resolver/dml	29
src/sql/optimizer	src/sql/resolver/expr	16
src/sql/optimizer	src/sql/rewrite	27
src/sql/optimizer	src/sql/session	2
src/sql/optimizer/stat	src/data_plane/api/data_plane	2
src/sql/optimizer/stat	src/oblib/common/mysqlclient	2
src/sql/optimizer/stat	src/oblib/common/object	1
src/sql/optimizer/stat	src/oblib/lib/allocator	1
src/sql/optimizer/stat	src/oblib/lib/container	1
src/sql/optimizer/stat	src/oblib/lib/hash_func	1
src/sql/optimizer/stat	src/oblib/lib/list	1
src/sql/optimizer/stat	src/oblib/lib/lock	1
src/sql/optimizer/stat	src/oblib/lib/profile	1
src/sql/optimizer/stat	src/oblib/lib/random	1
src/sql/optimizer/stat	src/oblib/lib/string	1
src/sql/optimizer/stat	src/oblib/lib/task	1
src/sql/optimizer/stat	src/oblib/lib/utility	1
src/sql/optimizer/stat	src/query/api/query/engine/expr	1
src/sql/optimizer/stat	src/query/api/query/optimizer/stat	14
src/sql/optimizer/stat	src/query/api/query/runtime	2
src/sql/optimizer/stat	src/query/api/query/scheduler	2
src/sql/optimizer/stat	src/query/api/query/session	2
src/sql/optimizer/stat	src/share	20
src/sql/optimizer/stat	src/share/cache	5
src/sql/optimizer/stat	src/share/interrupt	1
src/sql/optimizer/stat	src/share/rc	8
src/sql/optimizer/stat	src/share/schema	2
src/sql/optimizer/stat	src/sql	2
src/sql/optimizer/stat	src/sql/engine	11
src/sql/optimizer/stat	src/sql/engine/aggregate	3
src/sql/optimizer/stat	src/sql/engine/expr	2
src/sql/optimizer/stat	src/sql/optimizer	8
src/sql/optimizer/stat	src/sql/parser	1
src/sql/optimizer/stat	src/sql/pl/sys_package	2
src/sql/optimizer/stat	src/sql/plan_cache	1
src/sql/optimizer/stat	src/sql/session	4
src/sql/parser	src/data_plane/api/data_plane/vector	1
src/sql/parser	src/oblib/lib	3
src/sql/parser	src/oblib/lib/allocator	3
src/sql/parser	src/oblib/lib/charset	5
src/sql/parser	src/oblib/lib/container	1
src/sql/parser	src/oblib/lib/hash_func	1
src/sql/parser	src/oblib/lib/oblog	1
src/sql/parser	src/oblib/lib/string	2
src/sql/parser	src/oblib/lib/utility	12
src/sql/parser	src/pl/parser	2
src/sql/parser	src/query/api/query/parser	5
src/sql/parser	src/share	4
src/sql/parser	src/share/schema	1
src/sql/parser	src/sql	1
src/sql/parser	src/sql/executor	3
src/sql/parser	src/sql/pl/parser	1
src/sql/parser	src/sql/plan_cache	1
src/sql/pl	src/data_plane/api/data_plane/transaction	1
src/sql/pl	src/oblib/common/json_type	1
src/sql/pl	src/oblib/common/mysqlclient	1
src/sql/pl	src/oblib/common/object	2
src/sql/pl	src/oblib/lib/alloc	1
src/sql/pl	src/oblib/lib/allocator	4
src/sql/pl	src/oblib/lib/container	8
src/sql/pl	src/oblib/lib/hash	4
src/sql/pl	src/oblib/lib/lock	1
src/sql/pl	src/oblib/lib/oblog	2
src/sql/pl	src/oblib/lib/rc	1
src/sql/pl	src/oblib/lib/string	1
src/sql/pl	src/oblib/lib/utility	3
src/sql/pl	src/oblib/rpc/obmysql	2
src/sql/pl	src/query/api/query/runtime	1
src/sql/pl	src/share	5
src/sql/pl	src/share/rc	1
src/sql/pl	src/share/schema	4
src/sql/pl	src/share/statement	1
src/sql/pl	src/sql	1
src/sql/pl	src/sql/engine	1
src/sql/pl	src/sql/engine/expr	2
src/sql/pl	src/sql/parser	3
src/sql/pl	src/sql/pl/parser	2
src/sql/pl	src/sql/pl/pl_cache	2
src/sql/pl	src/sql/pl/sys_package	11
src/sql/pl	src/sql/plan_cache	3
src/sql/pl	src/sql/resolver	1
src/sql/pl	src/sql/resolver/expr	2
src/sql/pl	src/sql/session	2
src/sql/pl/parser	src/oblib/lib	1
src/sql/pl/parser	src/share	1
src/sql/pl/parser	src/share/schema	1
src/sql/pl/parser	src/sql/parser	2
src/sql/pl/pl_cache	src/query/api/query/plan_cache	2
src/sql/pl/pl_cache	src/share	3
src/sql/pl/pl_cache	src/sql	1
src/sql/pl/pl_cache	src/sql/engine/expr	2
src/sql/pl/pl_cache	src/sql/pl	1
src/sql/pl/pl_cache	src/sql/plan_cache	13
src/sql/pl/pl_cache	src/sql/resolver/expr	1
src/sql/pl/sys_package	src/oblib/common/json_type	1
src/sql/pl/sys_package	src/oblib/common/number	1
src/sql/pl/sys_package	src/oblib/lib	1
src/sql/pl/sys_package	src/oblib/lib/charset	1
src/sql/pl/sys_package	src/share/schema	1
src/sql/pl/sys_package	src/sql	1
src/sql/pl/sys_package	src/sql/engine	7
src/sql/pl/sys_package	src/sql/optimizer/stat	7
src/sql/pl/sys_package	src/sql/pl	5
src/sql/pl/sys_package	src/sql/privilege_check	1
src/sql/pl/sys_package	src/sql/resolver/ddl	1
src/sql/plan_cache	src/oblib/common/object	4
src/sql/plan_cache	src/oblib/lib	2
src/sql/plan_cache	src/oblib/lib/alloc	3
src/sql/plan_cache	src/oblib/lib/allocator	10
src/sql/plan_cache	src/oblib/lib/atomic	2
src/sql/plan_cache	src/oblib/lib/container	16
src/sql/plan_cache	src/oblib/lib/hash	7
src/sql/plan_cache	src/oblib/lib/hash_func	2
src/sql/plan_cache	src/oblib/lib/json	1
src/sql/plan_cache	src/oblib/lib/list	4
src/sql/plan_cache	src/oblib/lib/lock	3
src/sql/plan_cache	src/oblib/lib/net	2
src/sql/plan_cache	src/oblib/lib/objectpool	2
src/sql/plan_cache	src/oblib/lib/oblog	1
src/sql/plan_cache	src/oblib/lib/stat	2
src/sql/plan_cache	src/oblib/lib/string	6
src/sql/plan_cache	src/oblib/lib/task	2
src/sql/plan_cache	src/oblib/lib/time	2
src/sql/plan_cache	src/oblib/lib/utility	11
src/sql/plan_cache	src/query/api/query/plan_cache	4
src/sql/plan_cache	src/share	3
src/sql/plan_cache	src/share/rc	3
src/sql/plan_cache	src/share/schema	2
src/sql/plan_cache	src/share/statement	2
src/sql/plan_cache	src/sql	7
src/sql/plan_cache	src/sql/das	2
src/sql/plan_cache	src/sql/engine	5
src/sql/plan_cache	src/sql/engine/expr	1
src/sql/plan_cache	src/sql/engine/table	1
src/sql/plan_cache	src/sql/executor	1
src/sql/plan_cache	src/sql/optimizer	8
src/sql/plan_cache	src/sql/parser	7
src/sql/plan_cache	src/sql/pl	2
src/sql/plan_cache	src/sql/pl/pl_cache	1
src/sql/plan_cache	src/sql/resolver	3
src/sql/plan_cache	src/sql/resolver/cmd	1
src/sql/plan_cache	src/sql/session	5
src/sql/printer	src/oblib/lib/charset	1
src/sql/printer	src/oblib/lib/container	1
src/sql/printer	src/oblib/lib/string	1
src/sql/printer	src/oblib/lib/utility	2
src/sql/printer	src/share	2
src/sql/printer	src/share/schema	3
src/sql/printer	src/sql	2
src/sql/printer	src/sql/engine/expr	3
src/sql/printer	src/sql/monitor	1
src/sql/printer	src/sql/optimizer	1
src/sql/printer	src/sql/pl/parser	1
src/sql/printer	src/sql/resolver/ddl	1
src/sql/printer	src/sql/resolver/dml	7
src/sql/printer	src/sql/resolver/expr	2
src/sql/privilege_check	src/share/schema	3
src/sql/privilege_check	src/share/statement	2
src/sql/privilege_check	src/sql/optimizer	1
src/sql/privilege_check	src/sql/resolver	1
src/sql/privilege_check	src/sql/resolver/cmd	4
src/sql/privilege_check	src/sql/resolver/dcl	4
src/sql/privilege_check	src/sql/resolver/ddl	20
src/sql/privilege_check	src/sql/resolver/dml	1
src/sql/resolver	src/data_plane/api/data_plane/transaction	1
src/sql/resolver	src/oblib/common	1
src/sql/resolver	src/oblib/common/object	2
src/sql/resolver	src/oblib/common/row	1
src/sql/resolver	src/oblib/lib	2
src/sql/resolver	src/oblib/lib/allocator	3
src/sql/resolver	src/oblib/lib/charset	3
src/sql/resolver	src/oblib/lib/container	4
src/sql/resolver	src/oblib/lib/hash	1
src/sql/resolver	src/oblib/lib/objectpool	1
src/sql/resolver	src/oblib/lib/oblog	1
src/sql/resolver	src/oblib/lib/stat	1
src/sql/resolver	src/oblib/lib/string	4
src/sql/resolver	src/oblib/lib/thread_local	1
src/sql/resolver	src/oblib/lib/utility	4
src/sql/resolver	src/query/api/query/resolver	2
src/sql/resolver	src/share	4
src/sql/resolver	src/share/schema	8
src/sql/resolver	src/share/statement	3
src/sql/resolver	src/sql/code_generator	1
src/sql/resolver	src/sql/engine/cmd	1
src/sql/resolver	src/sql/engine/expr	2
src/sql/resolver	src/sql/parser	6
src/sql/resolver	src/sql/pl	7
src/sql/resolver	src/sql/plan_cache	3
src/sql/resolver	src/sql/privilege_check	1
src/sql/resolver	src/sql/resolver/cmd	14
src/sql/resolver	src/sql/resolver/dcl	11
src/sql/resolver	src/sql/resolver/ddl	31
src/sql/resolver	src/sql/resolver/dml	6
src/sql/resolver	src/sql/resolver/expr	5
src/sql/resolver	src/sql/resolver/prepare	3
src/sql/resolver	src/sql/resolver/tcl	3
src/sql/resolver	src/sql/rewrite	1
src/sql/resolver	src/sql/session	3
src/sql/resolver/cmd	src/data_plane/api/data_plane/scheduler	1
src/sql/resolver/cmd	src/data_plane/api/data_plane/transaction	1
src/sql/resolver/cmd	src/oblib/common/object	2
src/sql/resolver/cmd	src/oblib/lib	1
src/sql/resolver/cmd	src/oblib/lib/allocator	2
src/sql/resolver/cmd	src/oblib/lib/container	6
src/sql/resolver/cmd	src/oblib/lib/hash	1
src/sql/resolver/cmd	src/oblib/lib/json	1
src/sql/resolver/cmd	src/oblib/lib/string	8
src/sql/resolver/cmd	src/share	6
src/sql/resolver/cmd	src/share/io	1
src/sql/resolver/cmd	src/share/schema	10
src/sql/resolver/cmd	src/share/table	1
src/sql/resolver/cmd	src/sql	1
src/sql/resolver/cmd	src/sql/code_generator	1
src/sql/resolver/cmd	src/sql/engine/cmd	1
src/sql/resolver/cmd	src/sql/parser	3
src/sql/resolver/cmd	src/sql/pl	5
src/sql/resolver/cmd	src/sql/pl/pl_cache	3
src/sql/resolver/cmd	src/sql/plan_cache	1
src/sql/resolver/cmd	src/sql/printer	1
src/sql/resolver/cmd	src/sql/resolver	19
src/sql/resolver/cmd	src/sql/resolver/dcl	1
src/sql/resolver/cmd	src/sql/resolver/ddl	4
src/sql/resolver/cmd	src/sql/resolver/dml	9
src/sql/resolver/cmd	src/sql/resolver/expr	2
src/sql/resolver/cmd	src/sql/session	5
src/sql/resolver/dcl	src/oblib/lib/encrypt	1
src/sql/resolver/dcl	src/oblib/lib/string	11
src/sql/resolver/dcl	src/share	7
src/sql/resolver/dcl	src/share/schema	6
src/sql/resolver/dcl	src/sql/engine	2
src/sql/resolver/dcl	src/sql/engine/expr	1
src/sql/resolver/dcl	src/sql/optimizer	1
src/sql/resolver/dcl	src/sql/resolver	2
src/sql/resolver/dcl	src/sql/resolver/ddl	13
src/sql/resolver/dcl	src/sql/session	5
src/sql/resolver/ddl	src/data_plane/api/data_plane/blocksstable	1
src/sql/resolver/ddl	src/data_plane/api/data_plane/fts	7
src/sql/resolver/ddl	src/data_plane/api/data_plane/fts/dict	2
src/sql/resolver/ddl	src/oblib/common/object	3
src/sql/resolver/ddl	src/oblib/common/sql_mode	2
src/sql/resolver/ddl	src/oblib/lib/allocator	7
src/sql/resolver/ddl	src/oblib/lib/charset	1
src/sql/resolver/ddl	src/oblib/lib/container	9
src/sql/resolver/ddl	src/oblib/lib/hash	4
src/sql/resolver/ddl	src/oblib/lib/oblog	1
src/sql/resolver/ddl	src/oblib/lib/string	9
src/sql/resolver/ddl	src/query/api/query/command	1
src/sql/resolver/ddl	src/query/api/query/ddl	3
src/sql/resolver/ddl	src/query/api/query/session	2
src/sql/resolver/ddl	src/query/api/query/vector	3
src/sql/resolver/ddl	src/share	37
src/sql/resolver/ddl	src/share/config	2
src/sql/resolver/ddl	src/share/rc	1
src/sql/resolver/ddl	src/share/schema	25
src/sql/resolver/ddl	src/sql	2
src/sql/resolver/ddl	src/sql/engine/expr	3
src/sql/resolver/ddl	src/sql/optimizer	2
src/sql/resolver/ddl	src/sql/optimizer/stat	2
src/sql/resolver/ddl	src/sql/parser	7
src/sql/resolver/ddl	src/sql/pl	7
src/sql/resolver/ddl	src/sql/pl/parser	3
src/sql/resolver/ddl	src/sql/pl/sys_package	1
src/sql/resolver/ddl	src/sql/printer	1
src/sql/resolver/ddl	src/sql/resolver	19
src/sql/resolver/ddl	src/sql/resolver/dcl	1
src/sql/resolver/ddl	src/sql/resolver/dml	10
src/sql/resolver/ddl	src/sql/resolver/expr	4
src/sql/resolver/ddl	src/sql/rewrite	2
src/sql/resolver/ddl	src/sql/session	13
src/sql/resolver/dml	src/data_plane/api/data_plane/access	1
src/sql/resolver/dml	src/oblib/lib/allocator	1
src/sql/resolver/dml	src/oblib/lib/container	13
src/sql/resolver/dml	src/oblib/lib/hash	3
src/sql/resolver/dml	src/oblib/lib/hash_func	2
src/sql/resolver/dml	src/oblib/lib/string	8
src/sql/resolver/dml	src/oblib/lib/utility	3
src/sql/resolver/dml	src/query/api/query/optimizer	1
src/sql/resolver/dml	src/query/api/query/vector	3
src/sql/resolver/dml	src/share	3
src/sql/resolver/dml	src/share/schema	1
src/sql/resolver/dml	src/sql	7
src/sql/resolver/dml	src/sql/das	2
src/sql/resolver/dml	src/sql/engine/aggregate	1
src/sql/resolver/dml	src/sql/engine/expr	9
src/sql/resolver/dml	src/sql/executor	1
src/sql/resolver/dml	src/sql/hybrid_search	1
src/sql/resolver/dml	src/sql/optimizer	12
src/sql/resolver/dml	src/sql/parser	5
src/sql/resolver/dml	src/sql/pl	2
src/sql/resolver/dml	src/sql/printer	1
src/sql/resolver/dml	src/sql/resolver	3
src/sql/resolver/dml	src/sql/resolver/cmd	1
src/sql/resolver/dml	src/sql/resolver/dcl	1
src/sql/resolver/dml	src/sql/resolver/ddl	2
src/sql/resolver/dml	src/sql/resolver/expr	18
src/sql/resolver/dml	src/sql/rewrite	15
src/sql/resolver/dml	src/sql/session	3
src/sql/resolver/expr	src/oblib/common	3
src/sql/resolver/expr	src/oblib/common/enumset	1
src/sql/resolver/expr	src/oblib/common/object	1
src/sql/resolver/expr	src/oblib/common/row	1
src/sql/resolver/expr	src/oblib/common/udt	2
src/sql/resolver/expr	src/oblib/lib	1
src/sql/resolver/expr	src/oblib/lib/allocator	1
src/sql/resolver/expr	src/oblib/lib/container	4
src/sql/resolver/expr	src/oblib/lib/hash	2
src/sql/resolver/expr	src/oblib/lib/hash_func	1
src/sql/resolver/expr	src/oblib/lib/json	2
src/sql/resolver/expr	src/oblib/lib/list	1
src/sql/resolver/expr	src/oblib/lib/oblog	2
src/sql/resolver/expr	src/oblib/lib/rc	1
src/sql/resolver/expr	src/oblib/lib/string	2
src/sql/resolver/expr	src/oblib/lib/utility	5
src/sql/resolver/expr	src/oblib/rpc/obmysql	1
src/sql/resolver/expr	src/query/api/query/engine/expr	1
src/sql/resolver/expr	src/query/api/query/resolver	1
src/sql/resolver/expr	src/share	2
src/sql/resolver/expr	src/share/object	1
src/sql/resolver/expr	src/share/schema	5
src/sql/resolver/expr	src/sql	2
src/sql/resolver/expr	src/sql/code_generator	1
src/sql/resolver/expr	src/sql/engine/aggregate	1
src/sql/resolver/expr	src/sql/engine/expr	20
src/sql/resolver/expr	src/sql/executor	1
src/sql/resolver/expr	src/sql/optimizer	2
src/sql/resolver/expr	src/sql/parser	6
src/sql/resolver/expr	src/sql/pl	4
src/sql/resolver/expr	src/sql/resolver	4
src/sql/resolver/expr	src/sql/resolver/dml	6
src/sql/resolver/expr	src/sql/rewrite	2
src/sql/resolver/expr	src/sql/session	3
src/sql/resolver/prepare	src/oblib/lib/container	5
src/sql/resolver/prepare	src/oblib/lib/string	1
src/sql/resolver/prepare	src/sql/plan_cache	1
src/sql/resolver/prepare	src/sql/resolver	5
src/sql/resolver/prepare	src/sql/resolver/cmd	3
src/sql/resolver/prepare	src/sql/session	2
src/sql/resolver/tcl	src/share	1
src/sql/resolver/tcl	src/sql	1
src/sql/resolver/tcl	src/sql/resolver	6
src/sql/resolver/tcl	src/sql/session	1
src/sql/rewrite	src/oblib/common	1
src/sql/rewrite	src/oblib/common/object	3
src/sql/rewrite	src/oblib/common/timezone	2
src/sql/rewrite	src/oblib/lib/allocator	2
src/sql/rewrite	src/oblib/lib/container	11
src/sql/rewrite	src/oblib/lib/hash	2
src/sql/rewrite	src/oblib/lib/list	1
src/sql/rewrite	src/oblib/lib/objectpool	1
src/sql/rewrite	src/oblib/lib/oblog	1
src/sql/rewrite	src/oblib/lib/rc	1
src/sql/rewrite	src/oblib/lib/utility	7
src/sql/rewrite	src/query/api/query/vector	1
src/sql/rewrite	src/share	3
src/sql/rewrite	src/share/geo	5
src/sql/rewrite	src/share/object	1
src/sql/rewrite	src/share/schema	1
src/sql/rewrite	src/sql	9
src/sql/rewrite	src/sql/code_generator	1
src/sql/rewrite	src/sql/engine	4
src/sql/rewrite	src/sql/engine/expr	16
src/sql/rewrite	src/sql/executor	1
src/sql/rewrite	src/sql/optimizer	54
src/sql/rewrite	src/sql/optimizer/stat	2
src/sql/rewrite	src/sql/parser	2
src/sql/rewrite	src/sql/pl	1
src/sql/rewrite	src/sql/resolver/dml	46
src/sql/rewrite	src/sql/resolver/expr	17
src/sql/session	src/data_plane/api/data_plane	1
src/sql/session	src/data_plane/api/data_plane/transaction	10
src/sql/session	src/oblib/common	2
src/sql/session	src/oblib/common/mysqlclient	2
src/sql/session	src/oblib/common/number	1
src/sql/session	src/oblib/common/object	3
src/sql/session	src/oblib/common/sql_mode	2
src/sql/session	src/oblib/common/timezone	3
src/sql/session	src/oblib/lib	1
src/sql/session	src/oblib/lib/allocator	2
src/sql/session	src/oblib/lib/atomic	2
src/sql/session	src/oblib/lib/container	2
src/sql/session	src/oblib/lib/hash	4
src/sql/session	src/oblib/lib/list	3
src/sql/session	src/oblib/lib/locale	1
src/sql/session	src/oblib/lib/lock	3
src/sql/session	src/oblib/lib/net	1
src/sql/session	src/oblib/lib/objectpool	4
src/sql/session	src/oblib/lib/oblog	2
src/sql/session	src/oblib/lib/rc	1
src/sql/session	src/oblib/lib/stat	2
src/sql/session	src/oblib/lib/string	3
src/sql/session	src/oblib/lib/task	1
src/sql/session	src/oblib/lib/time	1
src/sql/session	src/oblib/lib/utility	1
src/sql/session	src/oblib/rpc	2
src/sql/session	src/oblib/rpc/obmysql	3
src/sql/session	src/query/api/query	1
src/sql/session	src/query/api/query/command	2
src/sql/session	src/query/api/query/session	7
src/sql/session	src/share	13
src/sql/session	src/share/allocator	1
src/sql/session	src/share/object	1
src/sql/session	src/share/rc	2
src/sql/session	src/share/schema	9
src/sql/session	src/sql	7
src/sql/session	src/sql/engine	3
src/sql/session	src/sql/engine/dml	1
src/sql/session	src/sql/engine/expr	3
src/sql/session	src/sql/monitor	1
src/sql/session	src/sql/monitor/show_trace	1
src/sql/session	src/sql/optimizer/stat	1
src/sql/session	src/sql/parser	1
src/sql/session	src/sql/pl	4
src/sql/session	src/sql/plan_cache	3
src/sql/tablelock	src/data_plane/api/data_plane/tablelock	4
src/sql/tablelock	src/data_plane/api/data_plane/transaction	1
src/sql/tablelock	src/oblib/common/mysqlclient	3
src/sql/tablelock	src/oblib/lib/utility	2
src/sql/tablelock	src/query/api/query/session	4
src/sql/tablelock	src/query/api/query/tablelock	1
src/sql/tablelock	src/share	3
src/sql/tablelock	src/sql	3
src/sql/tablelock	src/sql/engine	3
src/sql/tablelock	src/sql/session	6
src/standby	src/logservice	5
src/standby	src/logservice/palf	1
src/standby	src/logservice/replayservice	1
src/standby	src/oblib/common	1
src/standby	src/oblib/grpc	4
src/standby	src/oblib/lib	4
src/standby	src/oblib/lib/allocator	6
src/standby	src/oblib/lib/container	1
src/standby	src/oblib/lib/lock	2
src/standby	src/oblib/lib/net	5
src/standby	src/oblib/lib/oblog	10
src/standby	src/oblib/lib/profile	1
src/standby	src/oblib/lib/string	3
src/standby	src/oblib/lib/task	2
src/standby	src/oblib/lib/time	2
src/standby	src/oblib/lib/utility	1
src/standby	src/share	7
src/standby	src/share/config	1
src/standby	src/share/log/palf	5
src/standby	src/share/rc	6
src/standby	src/standby/control	5
src/standby	src/standby/restore	6
src/standby	src/storage/ls	3
src/standby	src/storage/tablet	1
src/standby	src/storage/tx_storage	4
src/standby/control	src/oblib/lib	1
src/standby/control	src/oblib/lib/lock	1
src/standby/control	src/oblib/lib/oblog	3
src/standby/control	src/oblib/lib/string	1
src/standby/control	src/oblib/lib/time	1
src/standby/control	src/oblib/lib/utility	1
src/standby/control	src/share	4
src/standby/control	src/share/config	1
src/standby/control	src/share/rc	3
src/standby/control	src/standby	3
src/standby/control	src/storage/ls	1
src/standby/control	src/storage/tx	3
src/standby/control	src/storage/tx_storage	2
src/standby/restore	src/oblib/common	2
src/standby/restore	src/oblib/lib	1
src/standby/restore	src/oblib/lib/allocator	3
src/standby/restore	src/oblib/lib/atomic	1
src/standby/restore	src/oblib/lib/container	2
src/standby/restore	src/oblib/lib/net	1
src/standby/restore	src/oblib/lib/oblog	2
src/standby/restore	src/oblib/lib/thread	4
src/standby/restore	src/oblib/lib/utility	4
src/standby/restore	src/share	14
src/standby/restore	src/share/log/palf	1
src/standby/restore	src/share/rc	3
src/standby/restore	src/standby	10
src/standby/restore	src/storage	6
src/standby/restore	src/storage/blocksstable	22
src/standby/restore	src/storage/blocksstable/index_block	5
src/standby/restore	src/storage/ls	3
src/standby/restore	src/storage/meta_mem	1
src/standby/restore	src/storage/tablet	10
src/standby/restore	src/storage/tx_storage	3
src/storage	src/data_plane/api/data_plane	3
src/storage	src/data_plane/api/data_plane/access	3
src/storage	src/data_plane/api/data_plane/encoding	1
src/storage	src/data_plane/api/data_plane/fts	1
src/storage	src/data_plane/api/data_plane/lob	1
src/storage	src/data_plane/api/data_plane/report	1
src/storage	src/data_plane/api/data_plane/scheduler	1
src/storage	src/data_plane/api/data_plane/vector	1
src/storage	src/logservice	4
src/storage	src/logservice/palf	1
src/storage	src/oblib/common	16
src/storage	src/oblib/common/log	1
src/storage	src/oblib/common/object	2
src/storage	src/oblib/common/row	3
src/storage	src/oblib/common/rowkey	1
src/storage	src/oblib/lib	3
src/storage	src/oblib/lib/allocator	11
src/storage	src/oblib/lib/atomic	1
src/storage	src/oblib/lib/container	15
src/storage	src/oblib/lib/file	1
src/storage	src/oblib/lib/hash	12
src/storage	src/oblib/lib/hash_func	1
src/storage	src/oblib/lib/list	2
src/storage	src/oblib/lib/literals	1
src/storage	src/oblib/lib/lock	11
src/storage	src/oblib/lib/oblog	3
src/storage	src/oblib/lib/string	1
src/storage	src/oblib/lib/task	3
src/storage	src/oblib/lib/thread	1
src/storage	src/oblib/lib/utility	10
src/storage	src/query/api/query/engine/expr	2
src/storage	src/query/api/query/engine/vector	1
src/storage	src/query/api/query/parser	1
src/storage	src/query/api/query/session	1
src/storage	src/share	19
src/storage	src/share/autoincrement	2
src/storage	src/share/config	1
src/storage	src/share/datum	2
src/storage	src/share/io	1
src/storage	src/share/rc	19
src/storage	src/share/schema	12
src/storage	src/share/server_snapshot	1
src/storage	src/storage/access	19
src/storage	src/storage/allocator	1
src/storage	src/storage/blocksstable	20
src/storage	src/storage/blocksstable/encoding	1
src/storage	src/storage/blocksstable/index_block	2
src/storage	src/storage/checkpoint	2
src/storage	src/storage/compaction	5
src/storage	src/storage/ddl	3
src/storage	src/storage/lob	2
src/storage	src/storage/ls	4
src/storage	src/storage/memtable	3
src/storage	src/storage/memtable/mvcc	1
src/storage	src/storage/meta_mem	9
src/storage	src/storage/meta_store	2
src/storage	src/storage/multi_data_source	2
src/storage	src/storage/tablelock	2
src/storage	src/storage/tablet	14
src/storage	src/storage/throttle	1
src/storage	src/storage/tmp_file	2
src/storage	src/storage/truncate_info	1
src/storage	src/storage/tx	5
src/storage	src/storage/tx_storage	9
src/storage	src/storage/tx_table	1
src/storage/access	src/data_plane/api/data_plane/access	15
src/storage/access	src/data_plane/api/data_plane/encoding	1
src/storage/access	src/data_plane/api/data_plane/lob	2
src/storage/access	src/oblib/common	3
src/storage/access	src/oblib/common/datum	2
src/storage/access	src/oblib/common/object	1
src/storage/access	src/oblib/common/row	1
src/storage/access	src/oblib/common/rowkey	1
src/storage/access	src/oblib/common/sql_mode	2
src/storage/access	src/oblib/lib	2
src/storage/access	src/oblib/lib/allocator	5
src/storage/access	src/oblib/lib/charset	1
src/storage/access	src/oblib/lib/container	9
src/storage/access	src/oblib/lib/oblog	1
src/storage/access	src/oblib/lib/random	1
src/storage/access	src/oblib/lib/time	2
src/storage/access	src/oblib/lib/utility	7
src/storage/access	src/query/api/query/engine/aggregate	1
src/storage/access	src/query/api/query/engine/basic	8
src/storage/access	src/query/api/query/engine/expr	7
src/storage/access	src/query/api/query/engine/vector	4
src/storage/access	src/query/api/query/resolver	1
src/storage/access	src/share	4
src/storage/access	src/share/aggregate	2
src/storage/access	src/share/allocator	1
src/storage/access	src/share/io	1
src/storage/access	src/share/rc	2
src/storage/access	src/share/schema	2
src/storage/access	src/share/truncate_info	1
src/storage/access	src/storage	22
src/storage/access	src/storage/blocksstable	48
src/storage/access	src/storage/blocksstable/index_block	15
src/storage/access	src/storage/compaction	1
src/storage/access	src/storage/ddl	1
src/storage/access	src/storage/lob	4
src/storage/access	src/storage/ls	1
src/storage/access	src/storage/memtable	1
src/storage/access	src/storage/memtable/mvcc	1
src/storage/access	src/storage/meta_mem	6
src/storage/access	src/storage/tablet	6
src/storage/access	src/storage/truncate_info	3
src/storage/access	src/storage/tx	4
src/storage/access	src/storage/tx_storage	2
src/storage/allocator	src/data_plane/api/data_plane/vector	1
src/storage/allocator	src/oblib/lib/alloc	3
src/storage/allocator	src/oblib/lib/allocator	6
src/storage/allocator	src/oblib/lib/literals	1
src/storage/allocator	src/oblib/lib/lock	2
src/storage/allocator	src/oblib/lib/queue	1
src/storage/allocator	src/oblib/lib/task	1
src/storage/allocator	src/oblib/lib/utility	2
src/storage/allocator	src/oblib/lib/vector	1
src/storage/allocator	src/share	2
src/storage/allocator	src/share/config	2
src/storage/allocator	src/share/rc	5
src/storage/allocator	src/share/roaringbitmap	1
src/storage/allocator	src/storage/ls	1
src/storage/allocator	src/storage/throttle	4
src/storage/allocator	src/storage/tx_storage	2
src/storage/api/storage/vector	src/query/api/query/vector	2
src/storage/api/storage/vector	src/storage/vector_index	1
src/storage/blocksstable	src/data_plane/api/data_plane/access	1
src/storage/blocksstable	src/data_plane/api/data_plane/blocksstable	8
src/storage/blocksstable	src/data_plane/api/data_plane/scheduler	1
src/storage/blocksstable	src/oblib/common	10
src/storage/blocksstable	src/oblib/common/log	2
src/storage/blocksstable	src/oblib/common/object	3
src/storage/blocksstable	src/oblib/common/row	3
src/storage/blocksstable	src/oblib/common/rowkey	2
src/storage/blocksstable	src/oblib/lib	2
src/storage/blocksstable	src/oblib/lib/allocator	3
src/storage/blocksstable	src/oblib/lib/atomic	1
src/storage/blocksstable	src/oblib/lib/checksum	1
src/storage/blocksstable	src/oblib/lib/compress	6
src/storage/blocksstable	src/oblib/lib/container	10
src/storage/blocksstable	src/oblib/lib/hash	7
src/storage/blocksstable	src/oblib/lib/lock	2
src/storage/blocksstable	src/oblib/lib/oblog	5
src/storage/blocksstable	src/oblib/lib/restore	3
src/storage/blocksstable	src/oblib/lib/stat	1
src/storage/blocksstable	src/oblib/lib/string	3
src/storage/blocksstable	src/oblib/lib/task	1
src/storage/blocksstable	src/oblib/lib/thread	1
src/storage/blocksstable	src/oblib/lib/utility	15
src/storage/blocksstable	src/query/api/query/engine/basic	1
src/storage/blocksstable	src/query/api/query/engine/vector	5
src/storage/blocksstable	src/share	18
src/storage/blocksstable	src/share/cache	6
src/storage/blocksstable	src/share/config	4
src/storage/blocksstable	src/share/io	11
src/storage/blocksstable	src/share/rc	8
src/storage/blocksstable	src/share/schema	6
src/storage/blocksstable	src/storage	25
src/storage/blocksstable	src/storage/access	25
src/storage/blocksstable	src/storage/blocksstable/encoding	7
src/storage/blocksstable	src/storage/blocksstable/index_block	18
src/storage/blocksstable	src/storage/compaction	14
src/storage/blocksstable	src/storage/ddl	4
src/storage/blocksstable	src/storage/memtable	2
src/storage/blocksstable	src/storage/meta_mem	7
src/storage/blocksstable	src/storage/meta_store	4
src/storage/blocksstable	src/storage/slog_ckpt	3
src/storage/blocksstable	src/storage/tablet	5
src/storage/blocksstable	src/storage/tmp_file	1
src/storage/blocksstable	src/storage/truncate_info	6
src/storage/blocksstable	src/storage/tx_storage	1
src/storage/blocksstable	src/storage/tx_table	1
src/storage/blocksstable/encoding	src/data_plane/api/data_plane/encoding	2
src/storage/blocksstable/encoding	src/data_plane/api/data_plane/lob	1
src/storage/blocksstable/encoding	src/oblib/common	1
src/storage/blocksstable/encoding	src/oblib/common/object	8
src/storage/blocksstable/encoding	src/oblib/lib/allocator	6
src/storage/blocksstable/encoding	src/oblib/lib/container	7
src/storage/blocksstable/encoding	src/oblib/lib/list	2
src/storage/blocksstable/encoding	src/oblib/lib/objectpool	4
src/storage/blocksstable/encoding	src/oblib/lib/utility	2
src/storage/blocksstable/encoding	src/query/api/query/engine/basic	3
src/storage/blocksstable/encoding	src/query/api/query/engine/vector	1
src/storage/blocksstable/encoding	src/share	3
src/storage/blocksstable/encoding	src/share/rc	1
src/storage/blocksstable/encoding	src/share/vector	1
src/storage/blocksstable/encoding	src/storage	5
src/storage/blocksstable/encoding	src/storage/access	8
src/storage/blocksstable/encoding	src/storage/blocksstable	20
src/storage/blocksstable/encoding	src/storage/blocksstable/encoding/neon	2
src/storage/blocksstable/encoding	src/storage/blocksstable/index_block	1
src/storage/blocksstable/encoding	src/storage/lob	1
src/storage/blocksstable/encoding	src/storage/truncate_info	1
src/storage/blocksstable/encoding/neon	src/oblib/lib	1
src/storage/blocksstable/encoding/neon	src/storage/blocksstable/encoding	2
src/storage/blocksstable/index_block	src/oblib/common	1
src/storage/blocksstable/index_block	src/oblib/common/datum	1
src/storage/blocksstable/index_block	src/oblib/lib/container	2
src/storage/blocksstable/index_block	src/oblib/lib/hash	1
src/storage/blocksstable/index_block	src/oblib/lib/utility	1
src/storage/blocksstable/index_block	src/query/api/query/engine/basic	2
src/storage/blocksstable/index_block	src/query/api/query/engine/expr	2
src/storage/blocksstable/index_block	src/share	1
src/storage/blocksstable/index_block	src/share/rc	2
src/storage/blocksstable/index_block	src/share/schema	2
src/storage/blocksstable/index_block	src/share/vector	1
src/storage/blocksstable/index_block	src/storage	4
src/storage/blocksstable/index_block	src/storage/access	10
src/storage/blocksstable/index_block	src/storage/blocksstable	46
src/storage/blocksstable/index_block	src/storage/blocksstable/encoding	4
src/storage/blocksstable/index_block	src/storage/ddl	1
src/storage/blocksstable/index_block	src/storage/memtable/mvcc	1
src/storage/blocksstable/index_block	src/storage/meta_mem	3
src/storage/blocksstable/index_block	src/storage/slog_ckpt	2
src/storage/blocksstable/index_block	src/storage/tablet	3
src/storage/blocksstable/index_block	src/storage/tmp_file	1
src/storage/blockstore	src/storage	1
src/storage/blockstore	src/storage/blocksstable	6
src/storage/blockstore	src/storage/meta_mem	1
src/storage/checkpoint	src/logservice	2
src/storage/checkpoint	src/oblib/common	2
src/storage/checkpoint	src/oblib/lib/list	1
src/storage/checkpoint	src/oblib/lib/lock	2
src/storage/checkpoint	src/oblib/lib/utility	1
src/storage/checkpoint	src/share	6
src/storage/checkpoint	src/share/log	1
src/storage/checkpoint	src/share/rc	2
src/storage/checkpoint	src/storage/ls	3
src/storage/checkpoint	src/storage/tx_storage	2
src/storage/compaction	src/data_plane/api/data_plane/compaction	1
src/storage/compaction	src/data_plane/api/data_plane/lob	1
src/storage/compaction	src/data_plane/api/data_plane/report	4
src/storage/compaction	src/data_plane/api/data_plane/scheduler	9
src/storage/compaction	src/oblib/common	5
src/storage/compaction	src/oblib/common/mysqlclient	1
src/storage/compaction	src/oblib/common/rowkey	1
src/storage/compaction	src/oblib/lib	4
src/storage/compaction	src/oblib/lib/alloc	2
src/storage/compaction	src/oblib/lib/allocator	6
src/storage/compaction	src/oblib/lib/atomic	1
src/storage/compaction	src/oblib/lib/container	16
src/storage/compaction	src/oblib/lib/hash	2
src/storage/compaction	src/oblib/lib/list	3
src/storage/compaction	src/oblib/lib/literals	4
src/storage/compaction	src/oblib/lib/lock	5
src/storage/compaction	src/oblib/lib/oblog	1
src/storage/compaction	src/oblib/lib/task	2
src/storage/compaction	src/oblib/lib/thread	1
src/storage/compaction	src/oblib/lib/utility	13
src/storage/compaction	src/share	28
src/storage/compaction	src/share/compaction	8
src/storage/compaction	src/share/io	1
src/storage/compaction	src/share/rc	32
src/storage/compaction	src/share/schema	11
src/storage/compaction	src/share/tablet	3
src/storage/compaction	src/share/truncate_info	1
src/storage/compaction	src/storage	22
src/storage/compaction	src/storage/access	8
src/storage/compaction	src/storage/blocksstable	13
src/storage/compaction	src/storage/blocksstable/index_block	6
src/storage/compaction	src/storage/compaction/filter	4
src/storage/compaction	src/storage/concurrency_control	1
src/storage/compaction	src/storage/ddl	5
src/storage/compaction	src/storage/lob	1
src/storage/compaction	src/storage/ls	2
src/storage/compaction	src/storage/memtable	1
src/storage/compaction	src/storage/meta_mem	1
src/storage/compaction	src/storage/meta_store	2
src/storage/compaction	src/storage/multi_data_source	4
src/storage/compaction	src/storage/scheduler	2
src/storage/compaction	src/storage/tablet	8
src/storage/compaction	src/storage/truncate_info	3
src/storage/compaction	src/storage/tx	2
src/storage/compaction	src/storage/tx_storage	13
src/storage/compaction/filter	src/share	1
src/storage/compaction/filter	src/storage	1
src/storage/compaction/filter	src/storage/compaction	3
src/storage/compaction/filter	src/storage/truncate_info	3
src/storage/concurrency_control	src/oblib/common/datum	1
src/storage/concurrency_control	src/oblib/lib/task	1
src/storage/concurrency_control	src/query/api/query	1
src/storage/concurrency_control	src/share	5
src/storage/concurrency_control	src/share/rc	1
src/storage/concurrency_control	src/storage/access	1
src/storage/concurrency_control	src/storage/tx	3
src/storage/ddl	src/data_plane/api/data_plane/access	4
src/storage/ddl	src/data_plane/api/data_plane/blocksstable	1
src/storage/ddl	src/data_plane/api/data_plane/ddl	11
src/storage/ddl	src/data_plane/api/data_plane/direct_load	1
src/storage/ddl	src/data_plane/api/data_plane/report	3
src/storage/ddl	src/data_plane/api/data_plane/scheduler	14
src/storage/ddl	src/data_plane/api/data_plane/vector	1
src/storage/ddl	src/logservice	3
src/storage/ddl	src/oblib/common	11
src/storage/ddl	src/oblib/common/datum	1
src/storage/ddl	src/oblib/common/mysqlclient	2
src/storage/ddl	src/oblib/common/object	5
src/storage/ddl	src/oblib/common/row	1
src/storage/ddl	src/oblib/lib	2
src/storage/ddl	src/oblib/lib/allocator	2
src/storage/ddl	src/oblib/lib/atomic	1
src/storage/ddl	src/oblib/lib/charset	1
src/storage/ddl	src/oblib/lib/container	6
src/storage/ddl	src/oblib/lib/hash	2
src/storage/ddl	src/oblib/lib/lock	8
src/storage/ddl	src/oblib/lib/oblog	3
src/storage/ddl	src/oblib/lib/stat	1
src/storage/ddl	src/oblib/lib/string	1
src/storage/ddl	src/oblib/lib/task	2
src/storage/ddl	src/oblib/lib/utility	6
src/storage/ddl	src/query/api/query/ai	1
src/storage/ddl	src/query/api/query/engine	1
src/storage/ddl	src/query/api/query/engine/basic	2
src/storage/ddl	src/query/api/query/engine/expr	5
src/storage/ddl	src/query/api/query/engine/vector	37
src/storage/ddl	src/query/api/query/vector	5
src/storage/ddl	src/rootserver/ddl_task	1
src/storage/ddl	src/share	64
src/storage/ddl	src/share/config	1
src/storage/ddl	src/share/rc	24
src/storage/ddl	src/share/schema	3
src/storage/ddl	src/share/storage	1
src/storage/ddl	src/share/tablet	3
src/storage/ddl	src/share/vector	1
src/storage/ddl	src/sql/engine	1
src/storage/ddl	src/storage	27
src/storage/ddl	src/storage/access	20
src/storage/ddl	src/storage/api/storage/runtime	1
src/storage/ddl	src/storage/api/storage/vector	3
src/storage/ddl	src/storage/blocksstable	43
src/storage/ddl	src/storage/blocksstable/index_block	15
src/storage/ddl	src/storage/checkpoint	1
src/storage/ddl	src/storage/compaction	17
src/storage/ddl	src/storage/lob	5
src/storage/ddl	src/storage/ls	3
src/storage/ddl	src/storage/memtable/mvcc	1
src/storage/ddl	src/storage/meta_mem	9
src/storage/ddl	src/storage/scheduler	8
src/storage/ddl	src/storage/tablelock	3
src/storage/ddl	src/storage/tablet	21
src/storage/ddl	src/storage/tx	3
src/storage/ddl	src/storage/tx_storage	21
src/storage/ddl	src/storage/vector_index	2
src/storage/deadlock	src/oblib/common/mysqlclient	1
src/storage/deadlock	src/oblib/lib/allocator	1
src/storage/deadlock	src/oblib/lib/container	4
src/storage/deadlock	src/oblib/lib/function	2
src/storage/deadlock	src/oblib/lib/guard	1
src/storage/deadlock	src/oblib/lib/hash	2
src/storage/deadlock	src/oblib/lib/oblog	2
src/storage/deadlock	src/oblib/lib/thread	1
src/storage/deadlock	src/oblib/lib/utility	7
src/storage/deadlock	src/share	4
src/storage/deadlock	src/share/config	1
src/storage/deadlock	src/share/rc	2
src/storage/deadlock	src/share/storage	1
src/storage/deadlock	src/storage/deadlock/ob_lcl_scheme	2
src/storage/deadlock	src/storage/deadlock/test	1
src/storage/deadlock	src/storage/tablelock	1
src/storage/deadlock	src/storage/tx	1
src/storage/deadlock/ob_lcl_scheme	src/oblib/lib/atomic	1
src/storage/deadlock/ob_lcl_scheme	src/oblib/lib/container	1
src/storage/deadlock/ob_lcl_scheme	src/oblib/lib/function	1
src/storage/deadlock/ob_lcl_scheme	src/oblib/lib/lock	1
src/storage/deadlock/ob_lcl_scheme	src/share	1
src/storage/deadlock/ob_lcl_scheme	src/share/rc	1
src/storage/deadlock/ob_lcl_scheme	src/storage/deadlock	4
src/storage/deadlock/test	src/oblib/lib/oblog	1
src/storage/deadlock/test	src/oblib/lib/utility	1
src/storage/fts	src/data_plane/api/data_plane/fts	25
src/storage/fts	src/oblib/common/datum	1
src/storage/fts	src/oblib/common/json_type	4
src/storage/fts	src/oblib/common/object	3
src/storage/fts	src/oblib/lib/allocator	2
src/storage/fts	src/oblib/lib/charset	3
src/storage/fts	src/oblib/lib/container	1
src/storage/fts	src/oblib/lib/hash	1
src/storage/fts	src/oblib/lib/list	1
src/storage/fts	src/oblib/lib/oblog	3
src/storage/fts	src/oblib/lib/string	2
src/storage/fts	src/oblib/lib/utility	10
src/storage/fts	src/share	1
src/storage/fts	src/share/datum	1
src/storage/fts	src/share/rc	2
src/storage/fts	src/share/text_analysis	2
src/storage/fts	src/storage	1
src/storage/fts	src/storage/access	3
src/storage/fts	src/storage/fts/dict	8
src/storage/fts	src/storage/fts/ik	7
src/storage/fts	src/storage/fts/utils	5
src/storage/fts	src/storage/tx	1
src/storage/fts	src/storage/tx_storage	1
src/storage/fts/dict	src/data_plane/api/data_plane/fts/dict	8
src/storage/fts/dict	src/oblib/common	1
src/storage/fts/dict	src/oblib/common/mysqlclient	4
src/storage/fts/dict	src/oblib/lib/alloc	2
src/storage/fts/dict	src/oblib/lib/allocator	10
src/storage/fts/dict	src/oblib/lib/charset	5
src/storage/fts/dict	src/oblib/lib/container	1
src/storage/fts/dict	src/oblib/lib/hash_func	1
src/storage/fts/dict	src/oblib/lib/list	2
src/storage/fts/dict	src/oblib/lib/lock	1
src/storage/fts/dict	src/oblib/lib/oblog	8
src/storage/fts/dict	src/oblib/lib/string	5
src/storage/fts/dict	src/oblib/lib/utility	15
src/storage/fts/dict	src/share	3
src/storage/fts/dict	src/share/cache	4
src/storage/fts/dict	src/share/rc	4
src/storage/fts/dict	src/storage/ddl	1
src/storage/fts/dict	src/storage/fts	1
src/storage/fts/dict	src/storage/tablelock	1
src/storage/fts/ik	src/oblib/lib/allocator	8
src/storage/fts/ik	src/oblib/lib/charset	5
src/storage/fts/ik	src/oblib/lib/hash	1
src/storage/fts/ik	src/oblib/lib/list	1
src/storage/fts/ik	src/oblib/lib/oblog	7
src/storage/fts/ik	src/oblib/lib/utility	10
src/storage/fts/ik	src/share/rc	1
src/storage/fts/ik	src/storage/fts/dict	4
src/storage/fts/ik	src/storage/fts/utils	1
src/storage/fts/utils	src/oblib/lib/charset	3
src/storage/fts/utils	src/oblib/lib/oblog	2
src/storage/fts/utils	src/oblib/lib/utility	2
src/storage/fts/utils	src/storage/fts	1
src/storage/lob	src/data_plane/api/data_plane/access	1
src/storage/lob	src/data_plane/api/data_plane/lob	4
src/storage/lob	src/oblib/common	1
src/storage/lob	src/oblib/common/json_type	2
src/storage/lob	src/oblib/common/lob	1
src/storage/lob	src/oblib/common/object	1
src/storage/lob	src/oblib/common/row	2
src/storage/lob	src/oblib/lib/allocator	2
src/storage/lob	src/oblib/lib/charset	2
src/storage/lob	src/oblib/lib/hash	2
src/storage/lob	src/oblib/lib/lock	6
src/storage/lob	src/oblib/lib/string	2
src/storage/lob	src/oblib/lib/task	6
src/storage/lob	src/oblib/lib/utility	1
src/storage/lob	src/query/api/query/engine/expr	1
src/storage/lob	src/share	8
src/storage/lob	src/share/interrupt	1
src/storage/lob	src/share/lob	2
src/storage/lob	src/share/rc	8
src/storage/lob	src/share/schema	2
src/storage/lob	src/storage	4
src/storage/lob	src/storage/access	11
src/storage/lob	src/storage/blocksstable	11
src/storage/lob	src/storage/ls	1
src/storage/lob	src/storage/memtable	2
src/storage/lob	src/storage/memtable/mvcc	1
src/storage/lob	src/storage/tx	4
src/storage/lob	src/storage/tx_storage	3
src/storage/ls	src/data_plane/api/data_plane	1
src/storage/ls	src/data_plane/api/data_plane/report	1
src/storage/ls	src/data_plane/api/data_plane/vector	1
src/storage/ls	src/logservice	5
src/storage/ls	src/logservice/applyservice	1
src/storage/ls	src/logservice/localservice	2
src/storage/ls	src/logservice/palf	1
src/storage/ls	src/logservice/replayservice	2
src/storage/ls	src/oblib/common	3
src/storage/ls	src/oblib/lib	2
src/storage/ls	src/oblib/lib/container	4
src/storage/ls	src/oblib/lib/function	1
src/storage/ls	src/oblib/lib/hash	1
src/storage/ls	src/oblib/lib/lock	6
src/storage/ls	src/oblib/lib/string	1
src/storage/ls	src/oblib/lib/utility	8
src/storage/ls	src/query/api/query/vector	1
src/storage/ls	src/share	10
src/storage/ls	src/share/log	6
src/storage/ls	src/share/log/palf	2
src/storage/ls	src/share/ls	3
src/storage/ls	src/share/rc	4
src/storage/ls	src/share/schema	2
src/storage/ls	src/share/vector	1
src/storage/ls	src/storage	12
src/storage/ls	src/storage/access	4
src/storage/ls	src/storage/allocator	1
src/storage/ls	src/storage/api/storage/vector	1
src/storage/ls	src/storage/blocksstable	4
src/storage/ls	src/storage/checkpoint	4
src/storage/ls	src/storage/compaction	4
src/storage/ls	src/storage/ddl	6
src/storage/ls	src/storage/lob	1
src/storage/ls	src/storage/meta_mem	1
src/storage/ls	src/storage/meta_store	2
src/storage/ls	src/storage/multi_data_source	1
src/storage/ls	src/storage/multi_data_source/runtime_utility	1
src/storage/ls	src/storage/retrieval	1
src/storage/ls	src/storage/slog	1
src/storage/ls	src/storage/slog_ckpt	1
src/storage/ls	src/storage/tablelock	3
src/storage/ls	src/storage/tablet	10
src/storage/ls	src/storage/throttle	1
src/storage/ls	src/storage/truncate_info	1
src/storage/ls	src/storage/tx	13
src/storage/ls	src/storage/tx_storage	6
src/storage/ls	src/storage/tx_table	3
src/storage/memtable	src/data_plane/api/data_plane/memtable	3
src/storage/memtable	src/data_plane/api/data_plane/transaction	1
src/storage/memtable	src/logservice	1
src/storage/memtable	src/oblib/common	2
src/storage/memtable	src/oblib/common/cell	1
src/storage/memtable	src/oblib/common/meta_programming	1
src/storage/memtable	src/oblib/common/object	4
src/storage/memtable	src/oblib/common/row	1
src/storage/memtable	src/oblib/common/rowkey	3
src/storage/memtable	src/oblib/lib	1
src/storage/memtable	src/oblib/lib/allocator	11
src/storage/memtable	src/oblib/lib/atomic	2
src/storage/memtable	src/oblib/lib/checksum	2
src/storage/memtable	src/oblib/lib/container	5
src/storage/memtable	src/oblib/lib/hash	4
src/storage/memtable	src/oblib/lib/list	2
src/storage/memtable	src/oblib/lib/literals	2
src/storage/memtable	src/oblib/lib/lock	3
src/storage/memtable	src/oblib/lib/net	1
src/storage/memtable	src/oblib/lib/oblog	2
src/storage/memtable	src/oblib/lib/string	1
src/storage/memtable	src/oblib/lib/thread_local	1
src/storage/memtable	src/oblib/lib/time	1
src/storage/memtable	src/oblib/lib/utility	8
src/storage/memtable	src/oblib/rpc	2
src/storage/memtable	src/query/api/query/optimizer/stat	1
src/storage/memtable	src/query/api/query/session	1
src/storage/memtable	src/share	15
src/storage/memtable	src/share/rc	3
src/storage/memtable	src/share/schema	2
src/storage/memtable	src/storage	9
src/storage/memtable	src/storage/access	7
src/storage/memtable	src/storage/allocator	1
src/storage/memtable	src/storage/blocksstable	9
src/storage/memtable	src/storage/checkpoint	1
src/storage/memtable	src/storage/compaction	1
src/storage/memtable	src/storage/ddl	2
src/storage/memtable	src/storage/deadlock	1
src/storage/memtable	src/storage/memtable/mvcc	15
src/storage/memtable	src/storage/tablelock	4
src/storage/memtable	src/storage/tablet	1
src/storage/memtable	src/storage/truncate_info	1
src/storage/memtable	src/storage/tx	12
src/storage/memtable	src/storage/tx/deadlock_adapter	1
src/storage/memtable	src/storage/tx_storage	2
src/storage/memtable	src/storage/tx_table	1
src/storage/memtable/mvcc	src/oblib/common	4
src/storage/memtable/mvcc	src/oblib/lib	1
src/storage/memtable/mvcc	src/oblib/lib/allocator	5
src/storage/memtable/mvcc	src/oblib/lib/checksum	1
src/storage/memtable/mvcc	src/oblib/lib/container	3
src/storage/memtable/mvcc	src/oblib/lib/function	3
src/storage/memtable/mvcc	src/oblib/lib/lock	2
src/storage/memtable/mvcc	src/oblib/lib/metrics	1
src/storage/memtable/mvcc	src/oblib/lib/objectpool	1
src/storage/memtable/mvcc	src/oblib/lib/oblog	4
src/storage/memtable/mvcc	src/oblib/lib/queue	1
src/storage/memtable/mvcc	src/oblib/lib/stat	1
src/storage/memtable/mvcc	src/oblib/lib/utility	6
src/storage/memtable/mvcc	src/share	10
src/storage/memtable/mvcc	src/share/rc	2
src/storage/memtable/mvcc	src/storage	3
src/storage/memtable/mvcc	src/storage/access	3
src/storage/memtable/mvcc	src/storage/blocksstable	3
src/storage/memtable/mvcc	src/storage/concurrency_control	1
src/storage/memtable/mvcc	src/storage/ls	2
src/storage/memtable/mvcc	src/storage/memtable	16
src/storage/memtable/mvcc	src/storage/tablelock	1
src/storage/memtable/mvcc	src/storage/truncate_info	1
src/storage/memtable/mvcc	src/storage/tx	10
src/storage/memtable/mvcc	src/storage/tx_table	2
src/storage/meta_mem	src/data_plane/api/data_plane/meta	1
src/storage/meta_mem	src/oblib/common	3
src/storage/meta_mem	src/oblib/common/log	1
src/storage/meta_mem	src/oblib/lib/alloc	1
src/storage/meta_mem	src/oblib/lib/allocator	1
src/storage/meta_mem	src/oblib/lib/container	4
src/storage/meta_mem	src/oblib/lib/hash	3
src/storage/meta_mem	src/oblib/lib/literals	1
src/storage/meta_mem	src/oblib/lib/lock	9
src/storage/meta_mem	src/oblib/lib/objectpool	2
src/storage/meta_mem	src/oblib/lib/queue	2
src/storage/meta_mem	src/oblib/lib/signal	2
src/storage/meta_mem	src/oblib/lib/stat	1
src/storage/meta_mem	src/oblib/lib/time	1
src/storage/meta_mem	src/oblib/lib/utility	2
src/storage/meta_mem	src/share	2
src/storage/meta_mem	src/share/cache	1
src/storage/meta_mem	src/share/config	3
src/storage/meta_mem	src/share/rc	6
src/storage/meta_mem	src/share/resource_limit_calculator	2
src/storage/meta_mem	src/storage	5
src/storage/meta_mem	src/storage/blocksstable	6
src/storage/meta_mem	src/storage/blockstore	1
src/storage/meta_mem	src/storage/ddl	4
src/storage/meta_mem	src/storage/ls	4
src/storage/meta_mem	src/storage/memtable	4
src/storage/meta_mem	src/storage/meta_store	2
src/storage/meta_mem	src/storage/multi_data_source	1
src/storage/meta_mem	src/storage/multi_data_source/runtime_utility	1
src/storage/meta_mem	src/storage/tablelock	2
src/storage/meta_mem	src/storage/tablet	9
src/storage/meta_mem	src/storage/tx_storage	2
src/storage/meta_store	src/oblib/lib/allocator	2
src/storage/meta_store	src/oblib/lib/file	1
src/storage/meta_store	src/oblib/lib/hash	2
src/storage/meta_store	src/share	3
src/storage/meta_store	src/share/rc	5
src/storage/meta_store	src/share/resource	2
src/storage/meta_store	src/storage	4
src/storage/meta_store	src/storage/api/storage/runtime	3
src/storage/meta_store	src/storage/blocksstable	2
src/storage/meta_store	src/storage/blockstore	1
src/storage/meta_store	src/storage/ls	2
src/storage/meta_store	src/storage/meta_mem	1
src/storage/meta_store	src/storage/slog	6
src/storage/meta_store	src/storage/slog_ckpt	5
src/storage/meta_store	src/storage/tablet	2
src/storage/meta_store	src/storage/tx_storage	2
src/storage/multi_data_source	src/data_plane/api/data_plane/scheduler	1
src/storage/multi_data_source	src/oblib/common	6
src/storage/multi_data_source	src/oblib/common/meta_programming	6
src/storage/multi_data_source	src/oblib/easy/util	1
src/storage/multi_data_source	src/oblib/lib	6
src/storage/multi_data_source	src/oblib/lib/allocator	1
src/storage/multi_data_source	src/oblib/lib/atomic	2
src/storage/multi_data_source	src/oblib/lib/container	3
src/storage/multi_data_source	src/oblib/lib/function	1
src/storage/multi_data_source	src/oblib/lib/guard	2
src/storage/multi_data_source	src/oblib/lib/hash	2
src/storage/multi_data_source	src/oblib/lib/list	2
src/storage/multi_data_source	src/oblib/lib/lock	10
src/storage/multi_data_source	src/oblib/lib/oblog	4
src/storage/multi_data_source	src/oblib/lib/profile	1
src/storage/multi_data_source	src/oblib/lib/queue	1
src/storage/multi_data_source	src/oblib/lib/string	2
src/storage/multi_data_source	src/oblib/lib/time	5
src/storage/multi_data_source	src/oblib/lib/utility	12
src/storage/multi_data_source	src/share	15
src/storage/multi_data_source	src/share/cache	1
src/storage/multi_data_source	src/share/rc	6
src/storage/multi_data_source	src/storage/checkpoint	2
src/storage/multi_data_source	src/storage/compaction	6
src/storage/multi_data_source	src/storage/ls	2
src/storage/multi_data_source	src/storage/multi_data_source/adapter_define	4
src/storage/multi_data_source	src/storage/multi_data_source/compile_utility	9
src/storage/multi_data_source	src/storage/multi_data_source/runtime_utility	29
src/storage/multi_data_source	src/storage/scheduler	1
src/storage/multi_data_source	src/storage/tablet	3
src/storage/multi_data_source	src/storage/tx	4
src/storage/multi_data_source	src/storage/tx_storage	3
src/storage/multi_data_source/adapter_define	src/oblib/common/meta_programming	3
src/storage/multi_data_source/adapter_define	src/oblib/lib/allocator	1
src/storage/multi_data_source/adapter_define	src/oblib/lib/hash_func	1
src/storage/multi_data_source/adapter_define	src/oblib/lib/literals	2
src/storage/multi_data_source/adapter_define	src/oblib/lib/utility	1
src/storage/multi_data_source/adapter_define	src/storage/multi_data_source	3
src/storage/multi_data_source/adapter_define	src/storage/multi_data_source/compile_utility	3
src/storage/multi_data_source/adapter_define	src/storage/multi_data_source/runtime_utility	2
src/storage/multi_data_source/adapter_define	src/storage/tablet	1
src/storage/multi_data_source/adapter_define	src/storage/tx	1
src/storage/multi_data_source/compile_utility	src/oblib/common/meta_programming	3
src/storage/multi_data_source/compile_utility	src/oblib/lib	1
src/storage/multi_data_source/compile_utility	src/oblib/lib/container	1
src/storage/multi_data_source/compile_utility	src/oblib/lib/list	1
src/storage/multi_data_source/compile_utility	src/oblib/lib/utility	1
src/storage/multi_data_source/compile_utility	src/storage/compaction	1
src/storage/multi_data_source/compile_utility	src/storage/multi_data_source	2
src/storage/multi_data_source/compile_utility	src/storage/tablet	9
src/storage/multi_data_source/compile_utility	src/storage/truncate_info	2
src/storage/multi_data_source/runtime_utility	src/oblib/common	1
src/storage/multi_data_source/runtime_utility	src/oblib/common/meta_programming	2
src/storage/multi_data_source/runtime_utility	src/oblib/lib	2
src/storage/multi_data_source/runtime_utility	src/oblib/lib/allocator	2
src/storage/multi_data_source/runtime_utility	src/oblib/lib/atomic	1
src/storage/multi_data_source/runtime_utility	src/oblib/lib/function	1
src/storage/multi_data_source/runtime_utility	src/oblib/lib/hash	2
src/storage/multi_data_source/runtime_utility	src/oblib/lib/literals	2
src/storage/multi_data_source/runtime_utility	src/oblib/lib/oblog	4
src/storage/multi_data_source/runtime_utility	src/oblib/lib/string	1
src/storage/multi_data_source/runtime_utility	src/oblib/lib/task	1
src/storage/multi_data_source/runtime_utility	src/oblib/lib/time	3
src/storage/multi_data_source/runtime_utility	src/oblib/lib/utility	6
src/storage/multi_data_source/runtime_utility	src/share	7
src/storage/multi_data_source/runtime_utility	src/share/rc	4
src/storage/multi_data_source/runtime_utility	src/storage/allocator	4
src/storage/multi_data_source/runtime_utility	src/storage/multi_data_source	1
src/storage/multi_data_source/runtime_utility	src/storage/multi_data_source/compile_utility	2
src/storage/multi_data_source/runtime_utility	src/storage/tablet	2
src/storage/multi_data_source/runtime_utility	src/storage/tx	1
src/storage/multi_data_source/runtime_utility	src/storage/tx_storage	2
src/storage/retrieval	src/data_plane/api/data_plane/access	1
src/storage/retrieval	src/data_plane/api/data_plane/retrieval	4
src/storage/retrieval	src/oblib/common/datum	1
src/storage/retrieval	src/oblib/common/number	1
src/storage/retrieval	src/oblib/lib/allocator	1
src/storage/retrieval	src/oblib/lib/container	3
src/storage/retrieval	src/query/api/query	2
src/storage/retrieval	src/query/api/query/das	7
src/storage/retrieval	src/query/api/query/engine/basic	1
src/storage/retrieval	src/query/api/query/engine/expr	7
src/storage/retrieval	src/share	2
src/storage/retrieval	src/share/datum	1
src/storage/retrieval	src/share/rc	4
src/storage/retrieval	src/storage/access	6
src/storage/retrieval	src/storage/blocksstable	1
src/storage/retrieval	src/storage/blocksstable/index_block	2
src/storage/retrieval	src/storage/tx_storage	2
src/storage/scheduler	src/data_plane/api/data_plane/scheduler	7
src/storage/scheduler	src/oblib/common	1
src/storage/scheduler	src/oblib/lib/allocator	1
src/storage/scheduler	src/oblib/lib/container	1
src/storage/scheduler	src/oblib/lib/hash	1
src/storage/scheduler	src/oblib/lib/lock	1
src/storage/scheduler	src/oblib/lib/stat	1
src/storage/scheduler	src/oblib/lib/string	1
src/storage/scheduler	src/oblib/lib/thread	1
src/storage/scheduler	src/share	1
src/storage/scheduler	src/share/rc	3
src/storage/scheduler	src/storage/compaction	5
src/storage/slog	src/oblib/common	1
src/storage/slog	src/oblib/common/log	8
src/storage/slog	src/oblib/lib	2
src/storage/slog	src/oblib/lib/allocator	1
src/storage/slog	src/oblib/lib/checksum	1
src/storage/slog	src/oblib/lib/file	1
src/storage/slog	src/oblib/lib/hash	2
src/storage/slog	src/oblib/lib/lock	4
src/storage/slog	src/oblib/lib/objectpool	1
src/storage/slog	src/oblib/lib/oblog	3
src/storage/slog	src/oblib/lib/queue	1
src/storage/slog	src/oblib/lib/restore	1
src/storage/slog	src/oblib/lib/thread	2
src/storage/slog	src/oblib/lib/utility	6
src/storage/slog	src/share	2
src/storage/slog	src/share/redolog	2
src/storage/slog	src/share/resource	1
src/storage/slog	src/storage	1
src/storage/slog	src/storage/blocksstable	3
src/storage/slog	src/storage/ls	1
src/storage/slog	src/storage/meta_mem	2
src/storage/slog_ckpt	src/oblib/common/log	3
src/storage/slog_ckpt	src/oblib/lib	1
src/storage/slog_ckpt	src/oblib/lib/allocator	1
src/storage/slog_ckpt	src/oblib/lib/atomic	1
src/storage/slog_ckpt	src/oblib/lib/function	1
src/storage/slog_ckpt	src/oblib/lib/stat	2
src/storage/slog_ckpt	src/oblib/lib/task	1
src/storage/slog_ckpt	src/oblib/lib/thread	1
src/storage/slog_ckpt	src/oblib/lib/utility	1
src/storage/slog_ckpt	src/share	6
src/storage/slog_ckpt	src/share/io	1
src/storage/slog_ckpt	src/share/rc	4
src/storage/slog_ckpt	src/storage	4
src/storage/slog_ckpt	src/storage/api/storage/runtime	4
src/storage/slog_ckpt	src/storage/blocksstable	9
src/storage/slog_ckpt	src/storage/compaction	1
src/storage/slog_ckpt	src/storage/ls	3
src/storage/slog_ckpt	src/storage/meta_mem	8
src/storage/slog_ckpt	src/storage/meta_store	8
src/storage/slog_ckpt	src/storage/slog	8
src/storage/slog_ckpt	src/storage/tablet	1
src/storage/slog_ckpt	src/storage/tx_storage	4
src/storage/tablelock	src/data_plane/api/data_plane	1
src/storage/tablelock	src/data_plane/api/data_plane/tablelock	3
src/storage/tablelock	src/logservice	2
src/storage/tablelock	src/oblib/common	3
src/storage/tablelock	src/oblib/common/mysqlclient	1
src/storage/tablelock	src/oblib/lib	1
src/storage/tablelock	src/oblib/lib/function	1
src/storage/tablelock	src/oblib/lib/hash	3
src/storage/tablelock	src/oblib/lib/list	1
src/storage/tablelock	src/oblib/lib/lock	3
src/storage/tablelock	src/oblib/lib/task	2
src/storage/tablelock	src/oblib/lib/utility	5
src/storage/tablelock	src/query/api/query/session	1
src/storage/tablelock	src/query/api/query/tablelock	1
src/storage/tablelock	src/share	13
src/storage/tablelock	src/share/log	3
src/storage/tablelock	src/share/rc	9
src/storage/tablelock	src/share/tablelock	1
src/storage/tablelock	src/storage	7
src/storage/tablelock	src/storage/checkpoint	1
src/storage/tablelock	src/storage/compaction	1
src/storage/tablelock	src/storage/deadlock	1
src/storage/tablelock	src/storage/ls	2
src/storage/tablelock	src/storage/memtable	5
src/storage/tablelock	src/storage/memtable/mvcc	2
src/storage/tablelock	src/storage/meta_mem	1
src/storage/tablelock	src/storage/tablet	1
src/storage/tablelock	src/storage/tx	15
src/storage/tablelock	src/storage/tx_storage	7
src/storage/tablet	src/oblib/common	15
src/storage/tablet	src/oblib/common/meta_programming	2
src/storage/tablet	src/oblib/common/mysqlclient	3
src/storage/tablet	src/oblib/common/row	1
src/storage/tablet	src/oblib/lib	4
src/storage/tablet	src/oblib/lib/allocator	10
src/storage/tablet	src/oblib/lib/atomic	1
src/storage/tablet	src/oblib/lib/container	19
src/storage/tablet	src/oblib/lib/function	1
src/storage/tablet	src/oblib/lib/hash	4
src/storage/tablet	src/oblib/lib/list	1
src/storage/tablet	src/oblib/lib/literals	1
src/storage/tablet	src/oblib/lib/lock	3
src/storage/tablet	src/oblib/lib/oblog	6
src/storage/tablet	src/oblib/lib/rc	1
src/storage/tablet	src/oblib/lib/string	1
src/storage/tablet	src/oblib/lib/utility	28
src/storage/tablet	src/query/api/query/session	3
src/storage/tablet	src/share	31
src/storage/tablet	src/share/cache	1
src/storage/tablet	src/share/log/palf	1
src/storage/tablet	src/share/rc	17
src/storage/tablet	src/share/schema	2
src/storage/tablet	src/share/tablet	2
src/storage/tablet	src/storage	21
src/storage/tablet	src/storage/access	11
src/storage/tablet	src/storage/blocksstable	12
src/storage/tablet	src/storage/blockstore	2
src/storage/tablet	src/storage/checkpoint	1
src/storage/tablet	src/storage/compaction	19
src/storage/tablet	src/storage/concurrency_control	1
src/storage/tablet	src/storage/ddl	18
src/storage/tablet	src/storage/ls	4
src/storage/tablet	src/storage/memtable	8
src/storage/tablet	src/storage/meta_mem	21
src/storage/tablet	src/storage/meta_store	3
src/storage/tablet	src/storage/multi_data_source	17
src/storage/tablet	src/storage/multi_data_source/adapter_define	5
src/storage/tablet	src/storage/multi_data_source/compile_utility	2
src/storage/tablet	src/storage/multi_data_source/runtime_utility	1
src/storage/tablet	src/storage/slog_ckpt	4
src/storage/tablet	src/storage/truncate_info	5
src/storage/tablet	src/storage/tx	12
src/storage/tablet	src/storage/tx_storage	13
src/storage/testing	src/share	1
src/storage/testing	src/share/schema	1
src/storage/throttle	src/oblib/lib	1
src/storage/throttle	src/oblib/lib/alloc	4
src/storage/throttle	src/oblib/lib/container	1
src/storage/throttle	src/oblib/lib/literals	1
src/storage/throttle	src/oblib/lib/objectpool	2
src/storage/throttle	src/oblib/lib/thread_local	1
src/storage/throttle	src/oblib/lib/time	2
src/storage/throttle	src/share	3
src/storage/throttle	src/share/config	2
src/storage/throttle	src/share/rc	1
src/storage/throttle	src/storage/allocator	3
src/storage/tmp_file	src/data_plane/api/data_plane/tmp_file	1
src/storage/tmp_file	src/oblib/lib	1
src/storage/tmp_file	src/oblib/lib/allocator	5
src/storage/tmp_file	src/oblib/lib/container	6
src/storage/tmp_file	src/oblib/lib/hash	2
src/storage/tmp_file	src/oblib/lib/list	1
src/storage/tmp_file	src/oblib/lib/lock	9
src/storage/tmp_file	src/oblib/lib/oblog	4
src/storage/tmp_file	src/oblib/lib/queue	2
src/storage/tmp_file	src/oblib/lib/task	2
src/storage/tmp_file	src/oblib/lib/thread	2
src/storage/tmp_file	src/oblib/lib/utility	3
src/storage/tmp_file	src/share	7
src/storage/tmp_file	src/share/cache	1
src/storage/tmp_file	src/share/config	1
src/storage/tmp_file	src/share/io	1
src/storage/tmp_file	src/share/rc	7
src/storage/tmp_file	src/storage/blocksstable	8
src/storage/tmp_file	src/storage/meta_store	1
src/storage/truncate_info	src/data_plane/api/data_plane/truncate_info	7
src/storage/truncate_info	src/oblib/common	2
src/storage/truncate_info	src/oblib/lib/allocator	2
src/storage/truncate_info	src/query/api/query/engine/basic	2
src/storage/truncate_info	src/share	1
src/storage/truncate_info	src/share/cache	2
src/storage/truncate_info	src/share/compaction	2
src/storage/truncate_info	src/share/rc	1
src/storage/truncate_info	src/share/schema	2
src/storage/truncate_info	src/share/truncate_info	1
src/storage/truncate_info	src/storage	1
src/storage/truncate_info	src/storage/blocksstable	3
src/storage/truncate_info	src/storage/compaction	2
src/storage/truncate_info	src/storage/ls	1
src/storage/truncate_info	src/storage/meta_mem	1
src/storage/truncate_info	src/storage/multi_data_source	3
src/storage/truncate_info	src/storage/multi_data_source/adapter_define	2
src/storage/truncate_info	src/storage/tablet	9
src/storage/truncate_info	src/storage/tx_storage	1
src/storage/tx	src/data_plane/api/data_plane/transaction	19
src/storage/tx	src/logservice	8
src/storage/tx	src/logservice/palf	1
src/storage/tx	src/oblib/common	8
src/storage/tx	src/oblib/common/storage	2
src/storage/tx	src/oblib/lib	3
src/storage/tx	src/oblib/lib/allocator	2
src/storage/tx	src/oblib/lib/atomic	1
src/storage/tx	src/oblib/lib/container	7
src/storage/tx	src/oblib/lib/core_local	1
src/storage/tx	src/oblib/lib/function	1
src/storage/tx	src/oblib/lib/hash	4
src/storage/tx	src/oblib/lib/list	10
src/storage/tx	src/oblib/lib/literals	2
src/storage/tx	src/oblib/lib/lock	11
src/storage/tx	src/oblib/lib/objectpool	4
src/storage/tx	src/oblib/lib/oblog	5
src/storage/tx	src/oblib/lib/queue	2
src/storage/tx	src/oblib/lib/string	2
src/storage/tx	src/oblib/lib/task	1
src/storage/tx	src/oblib/lib/thread	1
src/storage/tx	src/oblib/lib/time	2
src/storage/tx	src/oblib/lib/trace	2
src/storage/tx	src/oblib/lib/utility	11
src/storage/tx	src/query/api/query	1
src/storage/tx	src/query/api/query/session	1
src/storage/tx	src/share	31
src/storage/tx	src/share/allocator	1
src/storage/tx	src/share/config	4
src/storage/tx	src/share/log	6
src/storage/tx	src/share/log/palf	3
src/storage/tx	src/share/rc	20
src/storage/tx	src/share/schema	1
src/storage/tx	src/share/statement	1
src/storage/tx	src/share/transaction	1
src/storage/tx	src/storage	5
src/storage/tx	src/storage/allocator	8
src/storage/tx	src/storage/blocksstable	2
src/storage/tx	src/storage/ddl	1
src/storage/tx	src/storage/deadlock	1
src/storage/tx	src/storage/ls	7
src/storage/tx	src/storage/memtable	8
src/storage/tx	src/storage/memtable/mvcc	1
src/storage/tx	src/storage/multi_data_source	2
src/storage/tx	src/storage/multi_data_source/compile_utility	3
src/storage/tx	src/storage/multi_data_source/runtime_utility	1
src/storage/tx	src/storage/slog	1
src/storage/tx	src/storage/tablelock	4
src/storage/tx	src/storage/tablet	2
src/storage/tx	src/storage/throttle	1
src/storage/tx	src/storage/tx_storage	8
src/storage/tx	src/storage/tx_table	6
src/storage/tx/deadlock_adapter	src/share	1
src/storage/tx_storage	src/data_plane/api/data_plane	5
src/storage/tx_storage	src/data_plane/api/data_plane/access	1
src/storage/tx_storage	src/data_plane/api/data_plane/compaction	2
src/storage/tx_storage	src/logservice	5
src/storage/tx_storage	src/logservice/replayservice	1
src/storage/tx_storage	src/oblib/common	3
src/storage/tx_storage	src/oblib/common/storage	1
src/storage/tx_storage	src/oblib/lib	2
src/storage/tx_storage	src/oblib/lib/alloc	1
src/storage/tx_storage	src/oblib/lib/allocator	1
src/storage/tx_storage	src/oblib/lib/atomic	1
src/storage/tx_storage	src/oblib/lib/list	1
src/storage/tx_storage	src/oblib/lib/literals	4
src/storage/tx_storage	src/oblib/lib/lock	5
src/storage/tx_storage	src/oblib/lib/oblog	1
src/storage/tx_storage	src/oblib/lib/profile	1
src/storage/tx_storage	src/oblib/lib/stat	1
src/storage/tx_storage	src/oblib/lib/task	5
src/storage/tx_storage	src/oblib/lib/thread	1
src/storage/tx_storage	src/share	12
src/storage/tx_storage	src/share/config	1
src/storage/tx_storage	src/share/io	1
src/storage/tx_storage	src/share/leak_checker	1
src/storage/tx_storage	src/share/ls	1
src/storage/tx_storage	src/share/rc	10
src/storage/tx_storage	src/share/resource_limit_calculator	1
src/storage/tx_storage	src/storage	5
src/storage/tx_storage	src/storage/access	3
src/storage/tx_storage	src/storage/allocator	6
src/storage/tx_storage	src/storage/api/storage/runtime	1
src/storage/tx_storage	src/storage/checkpoint	1
src/storage/tx_storage	src/storage/compaction	1
src/storage/tx_storage	src/storage/ls	5
src/storage/tx_storage	src/storage/memtable	1
src/storage/tx_storage	src/storage/meta_mem	2
src/storage/tx_storage	src/storage/meta_store	4
src/storage/tx_storage	src/storage/multi_data_source/runtime_utility	2
src/storage/tx_storage	src/storage/retrieval	1
src/storage/tx_storage	src/storage/tablelock	1
src/storage/tx_storage	src/storage/tablet	6
src/storage/tx_storage	src/storage/tx	2
src/storage/tx_table	src/data_plane/api/data_plane/scheduler	1
src/storage/tx_table	src/oblib/lib	4
src/storage/tx_table	src/oblib/lib/allocator	1
src/storage/tx_table	src/oblib/lib/container	2
src/storage/tx_table	src/oblib/lib/function	2
src/storage/tx_table	src/oblib/lib/literals	1
src/storage/tx_table	src/oblib/lib/lock	1
src/storage/tx_table	src/oblib/lib/oblog	2
src/storage/tx_table	src/oblib/lib/utility	4
src/storage/tx_table	src/share	5
src/storage/tx_table	src/share/cache	1
src/storage/tx_table	src/share/rc	3
src/storage/tx_table	src/storage	4
src/storage/tx_table	src/storage/allocator	4
src/storage/tx_table	src/storage/checkpoint	3
src/storage/tx_table	src/storage/compaction	2
src/storage/tx_table	src/storage/ls	5
src/storage/tx_table	src/storage/memtable	3
src/storage/tx_table	src/storage/meta_mem	2
src/storage/tx_table	src/storage/tablelock	1
src/storage/tx_table	src/storage/tx	17
src/storage/tx_table	src/storage/tx_storage	2
src/storage/vector_index	src/oblib/lib/allocator	1
src/storage/vector_index	src/oblib/lib/container	3
src/storage/vector_index	src/oblib/lib/thread	1
src/storage/vector_index	src/query/api/query/vector	1
src/storage/vector_index	src/share/rc	1
src/storage/vector_index	src/storage/allocator	1
src/storage/vector_index	src/storage/api/storage/vector	1
src/storage/vector_index	src/storage/ddl	1
src/storage/vector_index	src/storage/vector_type	2
src/storage/vector_type	src/data_plane/api/data_plane/vector	21
src/storage/vector_type	src/oblib/common/object	2
src/storage/vector_type	src/oblib/lib	2
src/storage/vector_type	src/oblib/lib/oblog	2
src/storage/vector_type	src/oblib/lib/utility	2
src/storage/vector_type	src/share/geo	1
tools/ob_error/src	src/share	1
tools/ob_error/test	tools/ob_error/src	1
