from	to	what	count	class	site	kind	level	evidence	fix
ob-base	ob-runtime	src/oblib/lib/net/ob_net_util.h	1	upward-named	src/oblib/lib/net/ob_addr.cpp:22	include	both	L22	1
ob-base	ob-runtime	src/oblib/lib/oblog/ob_log_compressor.h	1	upward-named	src/oblib/lib/oblog/ob_log.cpp:59	include	both	L59	2
ob-base	ob-runtime	src/oblib/lib/oblog/ob_log_compressor.h	1	upward-named	src/oblib/lib/oblog/ob_log.h:113	forward	both	L113 ObLogCompressor forward-declared, named at L661 (2 uses), defined at L167	2
ob-base	ob-runtime	src/oblib/lib/thread/ob_pthread.cpp	2	upward-named	src/oblib/lib/oblog/ob_base_log_writer.cpp:25	link	both	L25 ob_pthread_create defined at L24; L26 ob_pthread_join defined at L48	gone
ob-base	ob-runtime	src/oblib/lib/thread/ob_pthread.cpp	2	upward-named	src/oblib/lib/oblog/ob_ringbuf_log_writer.cpp:24	link	both	L24 ob_pthread_create defined at L24; L25 ob_pthread_join defined at L48	gone
ob-base	ob-runtime	src/oblib/lib/thread/ob_thread_hook.cpp	1	upward-named	src/oblib/lib/lock/ob_futex.h:	definition	both	defs=1 futex_hook; L172{defined(_WIN32)} futex_hook declared at L43 (no DWARF definition); L218{defined(__APPLE__)} futex_hook declared at L43	gone
ob-base	ob-runtime	src/oblib/lib/thread/ob_thread_hook.cpp	1	upward-named	src/oblib/lib/ob_define.h:	definition	both	defs=1 ob_pthread_cond_timedwait_us	gone
ob-base	ob-runtime	src/oblib/lib/thread/ob_thread_name.h	1	upward-named	src/oblib/lib/alloc/memory_dump.cpp:29	include	both	L29	gone
ob-base	ob-runtime	src/oblib/lib/thread/ob_thread_name.h	1	upward-named	src/oblib/lib/oblog/ob_base_log_writer.cpp:21	include	both	L21	gone
ob-base	ob-runtime	src/oblib/lib/thread/ob_thread_name.h	1	upward-named	src/oblib/lib/oblog/ob_ringbuf_log_writer.cpp:20	include	both	L20	gone
ob-base	ob-runtime	src/oblib/lib/thread/ob_thread_name.h	1	upward-named	src/oblib/lib/time/ob_clock_generator.cpp:20	include	both	L20	gone
ob-base	ob-runtime	src/oblib/lib/thread/protected_stack_allocator.h	1	upward-named	src/oblib/lib/utility/ob_smart_call.h:22	include	both	L22	gone
ob-base	ob-runtime	src/oblib/lib/thread/thread.h	1	upward-named	src/oblib/lib/stat/ob_diagnose_info.h:26	include	both	L26	unused
ob-base	ob-runtime	src/oblib/lib/thread/thread_pool.h	1	upward-named	src/oblib/lib/alloc/memory_dump.h:24	include	both	L24	gone
ob-base	ob-runtime	src/oblib/lib/thread/thread_pool.h	1	upward-named	src/oblib/lib/time/ob_clock_generator.h:26	include	both	L26	gone
ob-base	ob-runtime	src/oblib/rpc/ob_request.h	1	upward-named	src/oblib/lib/worker.h:27	forward	both	L27 ObRequest forward-declared, named at L78 (3 uses), defined at L44	gone
ob-base	ob-runtime	src/share/config/ob_runtime_config.h	1	upward-named	src/sql/executor/ob_memory_tracker.cpp:20	include	both	L20	gone
ob-base	ob-runtime	src/share/config/ob_server_config.cpp	1	upward-named	src/oblib/lib/cpu/ob_cpu_topology.h:	definition	both	defs=1 oceanbase::common::get_cpu_count	gone
ob-base	ob-runtime	src/share/config/ob_server_config.h	1	upward-named	src/share/ob_debug_sync.cpp:20	include	both	L20	gone
ob-base	ob-runtime	src/share/rc/ob_server_runtime.h	1	upward-named	src/sql/executor/ob_memory_tracker.cpp:21	include	both	L21	unused
ob-base	ob-values	src/oblib/common/ob_obj_deep_copy.cpp	2	upward-named	src/oblib/lib/utility/utility.h:	definition	both	defs=2 oceanbase::common::deep_copy_obj	1
ob-base	ob-values	src/oblib/common/ob_tablet_id.h	1	upward-named	src/share/ob_define.h:24	include	both	L24	unused
ob-base	ob-values	src/oblib/common/timezone/ob_time_convert.cpp	1	upward-named	src/oblib/lib/trace/ob_trace_event.h:	definition	both	defs=1 oceanbase::common::trace_event_datetime_to_str	2
ob-base	ob-values	src/oblib/lib/charset/ob_mysql_global.h	1	upward-named	src/oblib/lib/signal/ob_signal_utils.cpp:26	include	both	L26	unused
ob-base	sql-session	src/sql/session/ob_sql_session_info.h	1	upward-unnamed	src/oblib/lib/worker.h:28	forward	both	L28 ObSQLSessionInfo forward-declared, named at L103 (3 uses), defined at L183	gone
ob-base	seekdb	src/observer/main.cpp	1	upward-unnamed	src/oblib/lib/ob_abort.h:	definition	both	defs=1 ob_abort; L313{defined(_WIN32)} ob_abort declared at L31 (no DWARF definition)	gone
ob-base	x-dropped	src/oblib/easy/include/easy_define.h	1	uses-dropped	src/oblib/lib/net/ob_addr.h:25	forward	both	L25 easy_addr_t forward-declared, named at L74 (1 uses), defined at L104	gone
ob-base	x-dropped	src/oblib/easy/include/easy_define.h	1	uses-dropped	src/oblib/lib/utility/utility.h:39	include	both	L39	gone
ob-base	x-dropped	src/oblib/easy/util/easy_inet.h	1	uses-dropped	src/oblib/lib/net/ob_addr.h:21	include	both	L21	gone
ob-base	x-dropped	src/oblib/easy/util/easy_string.h	1	uses-dropped	src/oblib/lib/signal/ob_libunwind.c:21	include	both	L21{defined(__x86_64__) && !defined(_WIN32)}	gone
ob-base	x-dropped	src/oblib/easy/util/easy_string.h	1	uses-dropped	src/oblib/lib/signal/ob_signal_utils.h:36	include	both	L36	gone
ob-base	x-dropped	src/oblib/rpc/frame/ob_net_easy.cpp	1	uses-dropped	src/oblib/lib/oblog/ob_log.cpp:78	link	both	L78 update_easy_log_level defined at L538	gone
ob-simd	ob-values	src/oblib/common/object/ob_obj_compare.h	1	upward-named	src/data_plane/api/data_plane/vector/ob_vector_cosine_distance.h:23	include	both	L23	unused
ob-simd	ob-values	src/oblib/common/object/ob_obj_compare.h	1	upward-named	src/data_plane/api/data_plane/vector/ob_vector_ip_distance.h:23	include	both	L23	unused
ob-simd	ob-values	src/oblib/common/object/ob_obj_compare.h	1	upward-named	src/data_plane/api/data_plane/vector/ob_vector_l1_distance.h:23	include	both	L23	unused
ob-simd	ob-values	src/oblib/common/object/ob_obj_compare.h	1	upward-named	src/data_plane/api/data_plane/vector/ob_vector_l2_distance.h:23	include	both	L23	unused
ob-runtime	ob-values	src/oblib/common/meta_programming/ob_meta_compare.h	1	upward-named	src/share/cache/ob_recycle_multi_kvcache.h:90	include	both	L90	unused
ob-runtime	ob-values	src/oblib/common/meta_programming/ob_meta_copy.h	1	upward-named	src/share/cache/ob_recycle_multi_kvcache.ipp:25	include	both	L25	gone
ob-runtime	ob-values	src/oblib/common/meta_programming/ob_type_traits.h	1	upward-named	src/share/cache/ob_recycle_multi_kvcache.h:83	include	both	L83	unused
ob-runtime	ob-values	src/oblib/common/ob_accuracy.h	1	upward-named	src/oblib/rpc/obmysql/ob_mysql_field.h:23	include	both	L23	1
ob-runtime	ob-values	src/oblib/common/ob_simple_iterator.h	1	upward-named	src/storage/scheduler/ob_dag_warning_history_mgr.h:20	include	both	L20	unused
ob-runtime	ob-values	src/oblib/lib/charset/ob_charset.h	1	upward-named	src/oblib/lib/net/ob_net_util.cpp:19	include	both	L19	gone
ob-runtime	ob-values	src/oblib/lib/charset/ob_mysql_global.h	1	upward-named	src/oblib/common/mysqlclient/ob_mysql_global.h:22	include	both	L22	1
ob-runtime	ob-values-doc	src/oblib/common/json_type/ob_json_tree.h	1	upward-named	src/share/config/ob_config.h:23	include	both	L23	unused
ob-runtime	ob-share	src/oblib/common/mysqlclient/ob_mysql_proxy.h	1	upward-named	src/share/config/ob_system_config.h:22	include	both	L22	2
ob-runtime	ob-share	src/share/ob_io_device_helper.h	1	upward-named	src/share/io/ob_io_calibration.cpp:30	include	both	L30	unused
ob-runtime	ob-share	src/share/ob_io_device_helper.h	1	upward-named	src/share/io/ob_io_manager.cpp:22	include	both	L22	unused
ob-runtime	ob-share	src/share/ob_io_device_helper.h	1	upward-named	src/share/io/ob_io_struct.cpp:20	include	both	L20	2
ob-runtime	ob-share	src/share/ob_server_struct.h	1	upward-named	src/share/interrupt/ob_interrupt_message.h:22	include	both	L22	unused
ob-runtime	ob-share	src/share/ob_sql_client_decorator.h	1	upward-named	src/share/config/ob_config_manager.cpp:21	include	both	L21	unused
ob-runtime	ob-share	src/share/resource/ob_server_resource_config.h	1	upward-named	src/share/io/ob_io_define.cpp:19	include	both	L19	1
ob-runtime	ob-log	src/share/rc/ob_server_module_init_ctx.h	1	upward-named	src/share/rc/ob_server_runtime.h:40	forward	both	L40 ObServerModuleInitCtx forward-declared, named at L76 (2 uses), defined at L27	5
ob-runtime	storage-engine	src/storage/compaction/ob_batch_exec_dag.h	1	upward-named	src/storage/scheduler/ob_dag_scheduler.cpp:25	include	both	L25	5
ob-runtime	storage-engine	src/storage/compaction/ob_batch_freeze_tablets_dag.h	1	upward-named	src/storage/scheduler/ob_dag_scheduler.cpp:24	include	both	L24	5
ob-runtime	storage-engine	src/storage/compaction/ob_compaction_diagnose.h	1	upward-named	src/data_plane/api/data_plane/scheduler/ob_dag_scheduler.h:45	forward	both	L45 ObIBasicInfoParam forward-declared, named at L544 (1 uses), defined at L61	5
ob-runtime	storage-engine	src/storage/compaction/ob_compaction_diagnose.h	1	upward-named	src/storage/scheduler/ob_dag_warning_history_mgr.h:27	include	both	L27	5
ob-runtime	storage-engine	src/storage/compaction/ob_compaction_memory_context.h	1	upward-named	src/data_plane/api/data_plane/scheduler/ob_dag_scheduler.h:46	forward	both	L46 ObCompactionMemoryContext forward-declared, named at L808 (3 uses), defined at L77	5
ob-runtime	storage-engine	src/storage/compaction/ob_compaction_memory_pool.h	1	upward-named	src/storage/scheduler/ob_dag_scheduler.cpp:23	include	both	L23	2
ob-runtime	storage-engine	src/storage/compaction/ob_compaction_progress.h	2	upward-named	src/data_plane/api/data_plane/scheduler/ob_dag_scheduler.h:39	forward	both	L39 ObTabletCompactionProgress forward-declared, named at L498 (4 uses), defined at L153; L40 ObDiagnoseTabletCompProgress forward-declared, named at L503 (8 uses), defined at L172	5
ob-runtime	storage-engine	src/storage/compaction/ob_compaction_progress.h	1	upward-named	src/storage/scheduler/ob_dag_scheduler.cpp:22	include	both	L22	5
ob-runtime	storage-engine	src/storage/compaction/ob_tablet_merge_task.h	3	upward-named	src/data_plane/api/data_plane/scheduler/ob_dag_scheduler.h:41	forward	both	L41 ObMergeDagHash forward-declared, named at L1012 (2 uses), defined at L129; L42 ObTabletMergeExecuteDag forward-declared, named at L993 (1 uses), defined at L209; L43 ObTabletMergeDagParam forward-declared, named at L1222 (1 uses), defined at L79	5
ob-runtime	observer	src/oblib/rpc/ob_sql_request_operator.cpp	14	upward-named	src/oblib/rpc/ob_sql_request_operator.h:	definition	both	defs=14 oceanbase::rpc::ObSqlRequestOperator; L212 oceanbase::rpc::global_sql_req_operator declared at L80	2
ob-runtime	observer	src/oblib/rpc/obmysql/ob_sql_sock_session.h	1	upward-named	src/oblib/rpc/ob_request.h:35	forward	both	L35 ObSqlSockSession forward-declared, named at L74 (3 uses), defined at L45	2
ob-runtime	observer	src/oblib/rpc/obmysql/ob_sql_sock_session.h	1	upward-named	src/oblib/rpc/ob_sql_request_operator.h:31	forward	both	L31 ObSqlSockSession forward-declared, named at L48 (2 uses), defined at L45	2
ob-runtime	observer	src/observer/ob_ex_rpc.cpp	2	upward-named	src/share/ob_ex_rpc.h:	definition	both	defs=2 oceanbase::ex_rpc::async_call_internal	2
ob-runtime	observer	src/observer/omt/ob_server_runtime.h	1	upward-named	src/oblib/rpc/obmysql/obsm_struct.h:34	forward	both	L34 ObServerRuntime forward-declared, named at L109 (1 uses), defined at L173	5
ob-runtime	observer	src/observer/omt/ob_server_runtime_controller.cpp	1	upward-named	src/share/io/ob_io_manager.h:	definition	both	defs=1 oceanbase::common::ObIOManager	1
ob-runtime	x-dropped	src/oblib/easy/include/easy_define.h	1	uses-dropped	src/oblib/common/mysqlclient/ob_mysql_global.h:21	include	both	L21	gone
ob-runtime	x-dropped	src/oblib/easy/io/easy_io_struct.h	1	uses-dropped	src/oblib/lib/thread/thread.h:25	include	both	L25	gone
ob-runtime	x-dropped	src/oblib/easy/util/easy_time.h	1	uses-dropped	src/share/cache/ob_recycle_multi_kvcache.h:88	include	both	L88	gone
ob-values	ob-values-doc	src/oblib/common/json_type/ob_json_base.h	1	upward-named	src/oblib/common/object/ob_obj_funcs.h:23	include	both	L23	2
ob-values	ob-values-doc	src/oblib/common/json_type/ob_json_base.h	1	upward-named	src/share/datum/ob_datum_cmp_func_def.h:30	include	both	L30	2
ob-values	ob-values-doc	src/oblib/common/json_type/ob_json_bin.h	1	upward-named	src/oblib/common/object/ob_obj_compare.cpp:20	include	both	L20	2
ob-values	ob-values-doc	src/oblib/common/json_type/ob_json_bin.h	1	upward-named	src/oblib/common/object/ob_obj_funcs.h:24	include	both	L24	2
ob-values	ob-values-doc	src/oblib/common/json_type/ob_json_bin.h	1	upward-named	src/share/datum/ob_datum_cmp_func_def.h:31	include	both	L31	2
ob-values	ob-values-doc	src/oblib/common/json_type/ob_json_bin.h	1	upward-named	src/share/object/ob_obj_cast.cpp:25	include	both	L25	2
ob-values	ob-values-doc	src/oblib/common/json_type/ob_json_parse.h	1	upward-named	src/oblib/common/object/ob_obj_funcs.h:22	include	both	L22	2
ob-values	ob-values-doc	src/oblib/common/json_type/ob_json_parse.h	1	upward-named	src/share/object/ob_obj_cast.cpp:26	include	both	L26	2
ob-values	ob-values-doc	src/oblib/common/udt/ob_array_type.h	1	upward-named	src/oblib/common/object/ob_obj_funcs.h:25	include	both	L25	2
ob-values	ob-values-doc	src/share/ob_json_access_utils.h	1	upward-named	src/share/object/ob_obj_cast.cpp:30	include	both	L30	2
ob-values	ob-values-doc	src/share/object/ob_array_cast.h	1	upward-named	src/share/object/ob_obj_cast.cpp:32	include	both	L32	2
ob-values	geo-sys	src/share/geo/ob_geo_common.h	1	upward-named	src/share/object/ob_obj_cast.h:26	island	both	include L26	2
ob-values	geo-sys	src/share/geo/ob_geometry_cast.h	1	upward-named	src/share/object/ob_obj_cast.cpp:34	island	both	include L34	2
ob-values	geo-sys	src/share/geo/ob_srs_provider.h	1	upward-named	src/share/object/ob_obj_cast.cpp:31	island	both	include L31	2
ob-values	geo-sys	src/share/geo/ob_srs_provider.h	1	upward-named	src/share/object/ob_obj_cast.h:35	forward	both	L35 ObISrsProvider forward-declared, named at L293 (1 uses), defined at L83	2
ob-values	storage-tablet	src/storage/multi_data_source/buffer_ctx.h	1	upward-unnamed	src/oblib/common/meta_programming/ob_type_traits.h:36	forward	both	L36 BufferCtx forward-declared, named at L346 (4 uses), defined at L38	gone
ob-values	sql-exec	src/query/api/query/engine/ob_serializable_function.h	1	upward-unnamed	src/share/datum/ob_datum_funcs.h:26	forward	both	L26 ObSerializeFuncTag forward-declared, named at L27 (1 uses), defined at L27	gone
ob-values	sql-exec	src/sql/engine/ob_exec_context.h	1	upward-unnamed	src/oblib/common/object/ob_object.h:47	forward	both	L47 ObExecContext forward-declared, named at L1251 (1 uses), defined at L220	2
ob-share	ob-schema	build_release/generated/share/inner_table/ob_inner_table_schema.h	1	upward-named	src/share/ob_core_table_proxy.cpp:23	generated	both	L23 generated by src/share/inner_table/generate_inner_table_schema.py, Rust output in ob-schema	unused
ob-share	ob-schema	src/share/ob_rpc_struct.h	1	upward-named	src/share/ob_server_struct.h:24	include	both	L24	2
ob-share	ob-schema	src/share/ob_schema_status_proxy.h	1	upward-named	src/share/ob_server_struct.h:59	forward	both	L59 ObSchemaStatusProxy forward-declared, named at L85 (1 uses), defined at L45	gone
ob-share	ob-schema	src/share/schema/ob_multi_version_schema_service.h	1	upward-named	src/share/ob_server_struct.h:63	forward	both	L63 ObMultiVersionSchemaService forward-declared, named at L69 (1 uses), defined at L126	gone
ob-share	ob-schema	src/share/schema/ob_schema_struct.h	1	upward-named	src/share/ob_lease_struct.h:25	include	both	L25	unused
ob-share	ob-schema	src/share/schema/ob_schema_struct.h	1	upward-named	src/share/ob_share_util.cpp:19	include	both	L19	1
ob-share	observer	src/observer/mysql/ob_diag.h	1	upward-unnamed	src/share/ob_server_struct.h:51	forward	both	L51 ObDiag forward-declared, named at L82 (1 uses), defined at L31	gone
ob-share	observer	src/observer/ob_inner_sql_connection.cpp	1	upward-unnamed	src/oblib/common/mysqlclient/ob_mysql_proxy.h:	definition	both	defs=1 oceanbase::common::create_inner_sql_connection_for_proxy; L1459 oceanbase::common::create_inner_sql_connection_for_proxy declared at L33	2
ob-schema	ob-log	src/share/log/palf/log_define.h	1	upward-named	src/share/ob_rpc_struct.h:44	include	both	L44	unused
ob-schema	sql-parse-tree	src/query/api/query/parser/parse_node.h	1	upward-unnamed	src/share/schema/ob_schema_struct.h:45	forward	both	L45 _ParseNode forward-declared, named at L46 (1 uses), defined at L129	unused
ob-schema	sql-resolver	src/sql/resolver/ddl/ob_fts_index_builder_util.h	1	upward-named	src/observer/schema/ob_schema_service_sql_impl.cpp:24	include	both	L24	2
ob-schema	sql-resolver	src/sql/resolver/ob_resolver_utils.h	1	upward-named	src/observer/schema/ob_schema_service_sql_impl.cpp:23	include	both	L23	2
storage-api	storage-sstable	src/data_plane/api/data_plane/access/ob_micro_block_filter.h	1	upward-unnamed	src/sql/engine/basic/ob_pushdown_filter.cpp:22	include	both	L22	5
storage-api	storage-sstable	src/data_plane/api/data_plane/blocksstable/ob_datum_row.h	1	upward-unnamed	src/query/api/query/engine/basic/ob_pushdown_filter.h:61	forward	both	L61 ObDatumRow forward-declared, named at L1431 (1 uses), defined at L293	5
storage-api	storage-sstable	src/data_plane/api/data_plane/blocksstable/ob_datum_row.h	1	upward-unnamed	src/sql/engine/basic/ob_pushdown_filter.cpp:20	include	both	L20	3
storage-api	storage-sstable	src/data_plane/api/data_plane/blocksstable/ob_storage_datum.h	1	upward-unnamed	src/query/api/query/engine/basic/ob_pushdown_filter.h:60	forward	both	L60 ObStorageDatum forward-declared, named at L754 (7 uses), defined at L38	5
storage-api	storage-sstable	src/storage/blocksstable/ob_micro_block_row_scanner.h	1	upward-unnamed	src/query/api/query/engine/basic/ob_pushdown_filter.h:84	forward	both	L84 ObIMicroBlockRowScanner forward-declared, named at L824 (2 uses), defined at L43	5
storage-api	storage-tablet	src/data_plane/api/data_plane/access/ob_datum_reshape.h	1	upward-unnamed	src/sql/engine/basic/ob_pushdown_filter.cpp:21	include	both	L21	5
storage-api	storage-tablet	src/data_plane/api/data_plane/access/ob_sample_filter_factory.h	1	upward-unnamed	src/sql/engine/basic/ob_pushdown_filter.cpp:23	include	both	L23	5
storage-api	storage-tablet	src/data_plane/api/data_plane/access/ob_table_param.h	1	upward-unnamed	src/query/api/query/engine/basic/ob_pushdown_filter.h:47	forward	both	L47 ObColumnParam forward-declared, named at L97 (2 uses), defined at L143	5
storage-api	storage-tablet	src/data_plane/api/data_plane/access/ob_table_read_info.h	1	upward-unnamed	src/query/api/query/engine/basic/ob_pushdown_filter.h:53	forward	both	L53 ObITableReadInfo forward-declared, named at L324 (1 uses), defined at L44	5
storage-api	storage-tablet	src/data_plane/api/data_plane/access/ob_table_scan_param.h	1	upward-unnamed	src/data_plane/api/data_plane/ob_i_storage_estimator.h:34	forward	both	L34 ObTableScanParam forward-declared, named at L48 (1 uses), defined at L89	5
storage-api	storage-tablet	src/data_plane/api/data_plane/lob/ob_lob_value.h	1	upward-unnamed	src/sql/engine/basic/ob_pushdown_filter.cpp:27	include	both	L27	5
storage-api	storage-tablet	src/query/api/query/engine/basic/ob_row_to_expr_projector.h	1	upward-unnamed	src/data_plane/api/data_plane/access/ob_tablet_scan.h:46	forward	both	L46 ObRow2ExprsProjector forward-declared, named at L451 (1 uses), defined at L36	5
storage-api	storage-tablet	src/storage/access/ob_block_row_store.cpp	1	upward-unnamed	src/query/api/query/engine/basic/ob_pushdown_filter.h:	definition	both	defs=1 oceanbase::sql::PushdownFilterInfo	5
storage-api	storage-tablet	src/storage/access/ob_table_access_context.h	1	upward-unnamed	src/query/api/query/engine/basic/ob_pushdown_filter.h:55	forward	both	L55 ObTableAccessContext forward-declared, named at L1568 (1 uses), defined at L145	5
storage-api	storage-tablet	src/storage/access/ob_table_access_param.h	1	upward-unnamed	src/query/api/query/engine/basic/ob_pushdown_filter.h:54	forward	both	L54 ObTableIterParam forward-declared, named at L1511 (2 uses), defined at L48	5
storage-api	sql-ir	src/query/api/query/engine/expr/ob_sql_expression.h	2	upward-unnamed	src/data_plane/api/data_plane/access/ob_tablet_scan.h:53	forward	both	L53 ObISqlExpression forward-declared, named at L341 (1 uses), defined at L245; L54 ObIColumnExpression forward-declared, named at L342 (1 uses), defined at L266	3
storage-api	sql-ir	src/sql/engine/expr/ob_json_param_type.h	1	upward-unnamed	src/sql/engine/basic/ob_pushdown_filter.cpp:34	include	both	L34	unused
storage-api	sql-ir	src/sql/resolver/expr/ob_raw_expr.h	2	upward-unnamed	src/query/api/query/engine/basic/ob_pushdown_filter.h:88	forward	both	L88 ObRawExpr forward-declared, named at L428 (13 uses), defined at L1761; L90 ObOpRawExpr forward-declared, named at L612 (1 uses), defined at L3298	3
storage-api	sql-ir	src/sql/resolver/expr/ob_raw_expr_util.h	1	upward-unnamed	src/sql/engine/basic/ob_pushdown_filter.cpp:31	include	both	L31	5
storage-api	sql-exec	src/query/api/query/engine/expr/ob_expr.h	1	upward-named	src/data_plane/api/data_plane/access/ob_tablet_scan.h:38	forward	both	L38 ObExpr forward-declared, named at L40 (2 uses), defined at L342	3
storage-api	sql-exec	src/query/api/query/engine/expr/ob_expr.h	1	upward-named	src/query/api/query/engine/basic/ob_pushdown_filter.h:28	include	both	L28	3
storage-api	sql-exec	src/query/api/query/engine/expr/ob_expr.h	1	upward-named	src/query/api/query/engine/vector/ob_uniform_base.h:26	forward	both	L26 ObEvalInfo forward-declared, named at L35 (4 uses), defined at L130	3
storage-api	sql-exec	src/query/api/query/engine/expr/ob_expr.h	1	upward-named	src/query/api/query/engine/vector/ob_uniform_format.h:21	include	both	L21	3
storage-api	sql-exec	src/query/api/query/engine/expr/ob_expr.h	1	upward-named	src/sql/engine/vector/ob_uniform_base.cpp:19	include	both	L19	3
storage-api	sql-exec	src/query/api/query/engine/ob_operator.h	1	upward-named	src/query/api/query/engine/basic/ob_pushdown_filter.h:30	include	both	L30	3
storage-api	sql-exec	src/sql/engine/ob_exec_context.h	1	upward-named	src/sql/engine/basic/ob_pushdown_filter.cpp:29	include	both	L29	3
storage-api	sql-exec	src/sql/engine/ob_physical_plan.h	1	upward-named	src/sql/engine/basic/ob_pushdown_filter.cpp:28	include	both	L28	3
storage-api	sql-expr	src/query/api/query/engine/expr/ob_expr_in.h	1	upward-named	src/query/api/query/engine/basic/ob_pushdown_filter.h:29	include	both	L29	3
storage-api	sql-expr	src/query/api/query/engine/expr/ob_expr_operator.h	1	upward-named	src/query/api/query/engine/basic/ob_pushdown_filter.h:91	forward	both	L91 ObExprOperatorCtx forward-declared, named at L1339 (1 uses), defined at L166	3
storage-api	sql-expr	src/sql/engine/expr/ob_expr_json_func_helper.h	1	upward-named	src/sql/engine/basic/ob_pushdown_filter.cpp:35	include	both	L35	3
storage-api	sql-expr	src/sql/engine/expr/ob_expr_topn_filter.h	1	upward-named	src/sql/engine/basic/ob_pushdown_filter.cpp:33	include	both	L33	3
storage-api	sql-engine	src/sql/engine/aggregate/ob_pushdown_aggregate_program.h	1	upward-unnamed	src/sql/engine/basic/ob_pushdown_filter.cpp:30	include	both	L30	3
storage-api	sql-codegen	src/sql/code_generator/ob_static_engine_cg.h	1	upward-unnamed	src/query/api/query/engine/basic/ob_pushdown_filter.h:92	forward	both	L92 ObStaticEngineCG forward-declared, named at L584 (2 uses), defined at L157	3
storage-api	sql-codegen	src/sql/code_generator/ob_static_engine_cg.h	1	upward-unnamed	src/sql/engine/basic/ob_pushdown_filter.cpp:32	include	both	L32	3
storage-sstable	storage-tx	src/storage/memtable/mvcc/ob_keybtree.h	1	upward-named	src/storage/blocksstable/index_block/ob_index_block_row_scanner.h:28	include	both	L28	5
storage-sstable	storage-tx	src/storage/memtable/ob_row_conflict_handler.h	1	upward-named	src/storage/blocksstable/ob_micro_block_row_scanner.cpp:22	include	both	L22	5
storage-sstable	storage-tx	src/storage/tx_table/ob_tx_table_iterator.h	1	upward-named	src/storage/blocksstable/ob_sstable_printer.cpp:18	include	both	L18	5
storage-sstable	storage-tablet	src/data_plane/api/data_plane/access/ob_table_param.h	1	upward-named	src/storage/blocksstable/index_block/ob_index_block_aggregator.h:20	include	both	L20	unused
storage-sstable	storage-tablet	src/data_plane/api/data_plane/access/ob_table_param.h	1	upward-named	src/storage/blocksstable/index_block/ob_skip_index_filter_executor.h:20	include	both	L20	5
storage-sstable	storage-tablet	src/data_plane/api/data_plane/access/ob_table_param.h	1	upward-named	src/storage/blocksstable/ob_datum_rowkey.cpp:18	include	both	L18	unused
storage-sstable	storage-tablet	src/data_plane/api/data_plane/access/ob_table_param.h	1	upward-named	src/storage/blocksstable/ob_imicro_block_reader.h:25	include	both	L25	5
storage-sstable	storage-tablet	src/data_plane/api/data_plane/access/ob_table_param.h	1	upward-named	src/storage/blocksstable/ob_macro_block_checker.h:22	include	both	L22	unused
storage-sstable	storage-tablet	src/data_plane/api/data_plane/access/ob_table_param.h	1	upward-named	src/storage/blocksstable/ob_macro_block_meta.h:23	include	both	L23	unused
storage-sstable	storage-tablet	src/data_plane/api/data_plane/access/ob_table_param.h	1	upward-named	src/storage/blocksstable/ob_macro_block_reader.h:22	include	both	L22	unused
storage-sstable	storage-tablet	src/data_plane/api/data_plane/access/ob_table_param.h	1	upward-named	src/storage/blocksstable/ob_micro_block_checksum_helper.h:20	include	both	L20	unused
storage-sstable	storage-tablet	src/data_plane/api/data_plane/access/ob_table_read_info.h	1	upward-named	src/storage/access/ob_advance_scan_helper.h:34	forward	both	L34 ObITableReadInfo forward-declared, named at L75 (3 uses), defined at L44	5
storage-sstable	storage-tablet	src/data_plane/api/data_plane/lob/ob_lob_value.h	1	upward-named	src/storage/blocksstable/encoding/ob_new_column_decoder.cpp:20	include	both	L20	5
storage-sstable	storage-tablet	src/storage/access/ob_aggregate_base.h	1	upward-named	src/storage/blocksstable/encoding/ob_icolumn_decoder.cpp:21	include	both	L21	5
storage-sstable	storage-tablet	src/storage/access/ob_aggregate_base.h	1	upward-named	src/storage/blocksstable/encoding/ob_icolumn_decoder.h:35	forward	both	L35 ObGroupByCellBase forward-declared, named at L251 (2 uses), defined at L239	5
storage-sstable	storage-tablet	src/storage/access/ob_aggregate_base.h	1	upward-named	src/storage/blocksstable/encoding/ob_new_column_decoder.cpp:21	include	both	L21	5
storage-sstable	storage-tablet	src/storage/access/ob_aggregate_base.h	1	upward-named	src/storage/blocksstable/encoding/ob_new_column_decoder.h:26	forward	both	L26 ObGroupByCellBase forward-declared, named at L62 (4 uses), defined at L239	5
storage-sstable	storage-tablet	src/storage/access/ob_aggregate_base.h	3	upward-named	src/storage/blocksstable/ob_imicro_block_reader.h:43	forward	both	L43 ObAggDatumBuf forward-declared, named at L374 (1 uses), defined at L349; L44 ObAggCellBase forward-declared, named at L361 (1 uses), defined at L145; L46 ObGroupByCellBase forward-declared, named at L390 (2 uses), defined at L239	5
storage-sstable	storage-tablet	src/storage/access/ob_aggregate_base.h	1	upward-named	src/storage/blocksstable/ob_micro_block_row_scanner.cpp:20	include	both	L20	5
storage-sstable	storage-tablet	src/storage/access/ob_aggregated_store.h	1	upward-named	src/storage/blocksstable/ob_micro_block_reader.cpp:19	include	both	L19	5
storage-sstable	storage-tablet	src/storage/access/ob_block_batched_row_store.h	1	upward-named	src/storage/blocksstable/ob_micro_block_row_scanner.cpp:21	include	both	L21	5
storage-sstable	storage-tablet	src/storage/access/ob_block_row_store.h	1	upward-named	src/storage/blocksstable/ob_micro_block_row_scanner.h:35	forward	both	L35 ObBlockRowStore forward-declared, named at L202 (1 uses), defined at L63	5
storage-sstable	storage-tablet	src/storage/access/ob_micro_block_handle_mgr.h	1	upward-named	src/storage/access/ob_index_sstable_estimator.h:20	include	both	L20	5
storage-sstable	storage-tablet	src/storage/access/ob_micro_block_handle_mgr.h	1	upward-named	src/storage/blocksstable/index_block/ob_sstable_index_scanner.h:20	include	both	L20	5
storage-sstable	storage-tablet	src/storage/access/ob_micro_block_handle_mgr.h	1	upward-named	src/storage/blocksstable/index_block/ob_sstable_sec_meta_iterator.h:20	include	both	L20	5
storage-sstable	storage-tablet	src/storage/access/ob_micro_block_handle_mgr.h	1	upward-named	src/storage/blocksstable/ob_micro_block_cache.h:34	forward	both	L34 ObMicroBlockDataHandle forward-declared, named at L199 (1 uses), defined at L46	5
storage-sstable	storage-tablet	src/storage/access/ob_pushdown_aggregate.h	1	upward-named	src/storage/blocksstable/encoding/ob_const_decoder.cpp:20	include	both	L20	5
storage-sstable	storage-tablet	src/storage/access/ob_pushdown_aggregate.h	1	upward-named	src/storage/blocksstable/encoding/ob_dict_decoder.cpp:22	include	both	L22	5
storage-sstable	storage-tablet	src/storage/access/ob_pushdown_aggregate.h	1	upward-named	src/storage/blocksstable/encoding/ob_micro_block_decoder.cpp:19	include	both	L19	5
storage-sstable	storage-tablet	src/storage/access/ob_pushdown_aggregate.h	1	upward-named	src/storage/blocksstable/encoding/ob_rle_decoder.cpp:20	include	both	L20	5
storage-sstable	storage-tablet	src/storage/access/ob_pushdown_aggregate.h	2	upward-named	src/storage/blocksstable/ob_imicro_block_reader.h:45	forward	both	L45 ObAggCell forward-declared, named at L375 (1 uses), defined at L89; L47 ObGroupByCell forward-declared, named at L410 (1 uses), defined at L587	5
storage-sstable	storage-tablet	src/storage/access/ob_rows_info.h	1	upward-named	src/storage/blocksstable/index_block/ob_ddl_index_block_row_iterator.cpp:19	include	both	L19	5
storage-sstable	storage-tablet	src/storage/access/ob_rows_info.h	1	upward-named	src/storage/blocksstable/index_block/ob_index_block_row_scanner.cpp:19	include	both	L19	5
storage-sstable	storage-tablet	src/storage/access/ob_rows_info.h	2	upward-named	src/storage/blocksstable/index_block/ob_index_block_row_scanner.h:41	forward	both	L41 ObRowsInfo forward-declared, named at L165 (5 uses), defined at L46; L42 ObRowKeysInfo forward-declared, named at L166 (4 uses), defined at L341	5
storage-sstable	storage-tablet	src/storage/access/ob_rows_info.h	1	upward-named	src/storage/blocksstable/index_block/ob_index_block_row_struct.h:41	forward	both	L41 ObRowKeysInfo forward-declared, named at L703 (1 uses), defined at L341	5
storage-sstable	storage-tablet	src/storage/access/ob_rows_info.h	1	upward-named	src/storage/blocksstable/ob_bloom_filter_cache.cpp:24	include	both	L24	5
storage-sstable	storage-tablet	src/storage/access/ob_rows_info.h	2	upward-named	src/storage/blocksstable/ob_bloom_filter_cache.h:27	forward	both	L27 ObRowsInfo forward-declared, named at L166 (1 uses), defined at L46; L28 ObRowKeysInfo forward-declared, named at L173 (1 uses), defined at L341	5
storage-sstable	storage-tablet	src/storage/access/ob_simple_rows_merger.h	1	upward-named	src/storage/blocksstable/index_block/ob_ddl_sstable_scan_merge.h:22	include	both	L22	unused
storage-sstable	storage-tablet	src/storage/access/ob_simple_rows_merger.h	1	upward-named	src/storage/blocksstable/index_block/ob_index_block_row_scanner.h:30	include	both	L30	5
storage-sstable	storage-tablet	src/storage/access/ob_sstable_multi_version_row_iterator.h	1	upward-named	src/storage/blocksstable/ob_sstable.cpp:21	include	both	L21	5
storage-sstable	storage-tablet	src/storage/access/ob_sstable_row_getter.h	1	upward-named	src/storage/blocksstable/ob_sstable.cpp:24	include	both	L24	5
storage-sstable	storage-tablet	src/storage/access/ob_sstable_row_lock_checker.h	1	upward-named	src/storage/blocksstable/ob_sstable.cpp:22	include	both	L22	5
storage-sstable	storage-tablet	src/storage/access/ob_sstable_row_lock_checker.h	1	upward-named	src/storage/blocksstable/ob_sstable.h:35	forward	both	L35 ObSSTableRowLockMultiChecker forward-declared, named at L335 (2 uses), defined at L61	5
storage-sstable	storage-tablet	src/storage/access/ob_sstable_row_multi_getter.h	1	upward-named	src/storage/blocksstable/ob_sstable.cpp:25	include	both	L25	5
storage-sstable	storage-tablet	src/storage/access/ob_sstable_row_whole_scanner.h	1	upward-named	src/storage/blocksstable/ob_sstable.cpp:23	include	both	L23	5
storage-sstable	storage-tablet	src/storage/access/ob_store_row_iterator.h	1	upward-named	src/storage/blocksstable/ob_sstable.h:34	forward	both	L34 ObStoreRowIterator forward-declared, named at L146 (4 uses), defined at L45	5
storage-sstable	storage-tablet	src/storage/access/ob_table_access_context.h	2	upward-named	src/storage/blocksstable/encoding/ob_micro_block_decoder.cpp:20	include	both	L20; L22	5
storage-sstable	storage-tablet	src/storage/access/ob_table_access_context.h	2	upward-named	src/storage/blocksstable/ob_micro_block_reader.cpp:20	include	both	L20; L22	5
storage-sstable	storage-tablet	src/storage/access/ob_table_access_context.h	1	upward-named	src/storage/blocksstable/ob_micro_block_row_scanner.h:33	forward	both	L33 ObTableAccessContext forward-declared, named at L50 (8 uses), defined at L145	5
storage-sstable	storage-tablet	src/storage/access/ob_table_access_param.h	1	upward-named	src/storage/blocksstable/encoding/ob_micro_block_decoder.cpp:21	include	both	L21	5
storage-sstable	storage-tablet	src/storage/access/ob_table_access_param.h	1	upward-named	src/storage/blocksstable/ob_micro_block_reader.cpp:21	include	both	L21	5
storage-sstable	storage-tablet	src/storage/access/ob_table_access_param.h	1	upward-named	src/storage/blocksstable/ob_micro_block_row_scanner.h:32	forward	both	L32 ObTableIterParam forward-declared, named at L49 (8 uses), defined at L48	5
storage-sstable	storage-tablet	src/storage/access/ob_table_read_info.h	1	upward-named	src/storage/blocksstable/ob_datum_rowkey_vector.h:21	include	both	L21	5
storage-sstable	storage-tablet	src/storage/access/ob_table_read_info.h	1	upward-named	src/storage/blocksstable/ob_imicro_block_reader.h:26	include	both	L26	5
storage-sstable	storage-tablet	src/storage/access/ob_table_read_info.h	1	upward-named	src/storage/blocksstable/ob_row_reader.h:26	include	both	L26	5
storage-sstable	storage-tablet	src/storage/lob/ob_lob_manager.h	1	upward-named	src/storage/blocksstable/encoding/ob_new_column_decoder.cpp:22	include	both	L22	5
storage-sstable	storage-tablet	src/storage/meta_mem/ob_meta_obj_struct.h	1	upward-named	src/storage/blocksstable/index_block/ob_index_block_builder.h:29	include	both	L29	5
storage-sstable	storage-tablet	src/storage/meta_mem/ob_meta_obj_struct.h	1	upward-named	src/storage/blocksstable/index_block/ob_sstable_meta_info.h:22	include	both	L22	5
storage-sstable	storage-tablet	src/storage/meta_mem/ob_meta_obj_struct.h	1	upward-named	src/storage/blockstore/ob_object_reader_writer.h:20	include	both	L20	5
storage-sstable	storage-tablet	src/storage/meta_mem/ob_storage_meta_cache.h	1	upward-named	src/storage/blocksstable/ob_sstable.h:21	include	both	L21	5
storage-sstable	storage-tablet	src/storage/meta_mem/ob_storage_meta_cache.h	1	upward-named	src/storage/blocksstable/ob_storage_cache_suite.h:20	include	both	L20	5
storage-sstable	storage-tablet	src/storage/meta_mem/ob_storage_meta_mem_mgr.h	1	upward-named	src/storage/blocksstable/ob_block_manager.cpp:24	include	both	L24	5
storage-sstable	storage-tablet	src/storage/meta_mem/ob_storage_meta_mem_mgr.h	1	upward-named	src/storage/blocksstable/ob_shared_macro_block_manager.cpp:25	include	both	L25	5
storage-sstable	storage-tablet	src/storage/meta_mem/ob_tablet_handle.h	1	upward-named	src/storage/blocksstable/index_block/ob_index_block_row_scanner.h:29	include	both	L29	5
storage-sstable	storage-tablet	src/storage/meta_mem/ob_tablet_handle.h	1	upward-named	src/storage/blocksstable/ob_block_manager.h:39	forward	both	L39 ObTabletHandle forward-declared, named at L387 (3 uses), defined at L37	5
storage-sstable	storage-tablet	src/storage/meta_mem/ob_tablet_handle.h	1	upward-named	src/storage/blocksstable/ob_micro_block_cache.h:26	include	both	L26	5
storage-sstable	storage-tablet	src/storage/meta_mem/ob_tablet_pointer.h	2	upward-named	src/storage/blocksstable/ob_micro_block_cache.cpp:19	include	both	L19; L20	5
storage-sstable	storage-tablet	src/storage/meta_mem/ob_tablet_pointer.h	1	upward-named	src/storage/blocksstable/ob_shared_macro_block_manager.h:25	include	both	L25	5
storage-sstable	storage-tablet	src/storage/meta_store/ob_local_storage_meta_service.h	1	upward-named	src/storage/blocksstable/ob_block_manager.cpp:26	include	both	L26	5
storage-sstable	storage-tablet	src/storage/meta_store/ob_local_storage_meta_service.h	1	upward-named	src/storage/blocksstable/ob_block_manager.h:38	forward	both	L38 ObLocalStorageMetaService forward-declared, named at L413 (1 uses), defined at L33	5
storage-sstable	storage-tablet	src/storage/meta_store/ob_local_storage_meta_service.h	1	upward-named	src/storage/blocksstable/ob_object_manager.cpp:20	include	both	L20	5
storage-sstable	storage-tablet	src/storage/meta_store/ob_server_storage_meta_service.h	1	upward-named	src/storage/blocksstable/ob_block_manager.cpp:25	include	both	L25	5
storage-sstable	storage-tablet	src/storage/meta_store/ob_server_storage_meta_service.h	1	upward-named	src/storage/blocksstable/ob_shared_macro_block_manager.cpp:24	include	both	L24	5
storage-sstable	storage-tablet	src/storage/meta_store/ob_server_storage_meta_service.h	1	upward-named	src/storage/tmp_file/ob_tmp_file_thread_wrapper.cpp:21	include	both	L21	5
storage-sstable	storage-tablet	src/storage/ob_i_pre_warmer.h	1	upward-named	src/storage/blocksstable/ob_kvcache_pre_warmer.h:22	include	both	L22	5
storage-sstable	storage-tablet	src/storage/ob_i_store.h	1	upward-named	src/data_plane/api/data_plane/blocksstable/ob_datum_row.h:33	forward	both	L33 ObStoreRow forward-declared, named at L305 (1 uses), defined at L298	5
storage-sstable	storage-tablet	src/storage/ob_i_store.h	1	upward-named	src/storage/blocksstable/encoding/ob_icolumn_encoder.h:21	include	both	L21	unused
storage-sstable	storage-tablet	src/storage/ob_i_store.h	1	upward-named	src/storage/blocksstable/encoding/ob_imicro_block_decoder.h:24	include	both	L24	5
storage-sstable	storage-tablet	src/storage/ob_i_store.h	1	upward-named	src/storage/blocksstable/encoding/ob_micro_block_decoder.h:22	include	both	L22	5
storage-sstable	storage-tablet	src/storage/ob_i_store.h	1	upward-named	src/storage/blocksstable/encoding/ob_micro_block_encoder.h:24	include	both	L24	5
storage-sstable	storage-tablet	src/storage/ob_i_store.h	1	upward-named	src/storage/blocksstable/index_block/ob_index_block_row_scanner.h:20	include	both	L20	5
storage-sstable	storage-tablet	src/storage/ob_i_store.h	1	upward-named	src/storage/blocksstable/index_block/ob_index_block_row_struct.h:20	include	both	L20	5
storage-sstable	storage-tablet	src/storage/ob_i_store.h	1	upward-named	src/storage/blocksstable/ob_block_sstable_struct.h:33	include	both	L33	5
storage-sstable	storage-tablet	src/storage/ob_i_store.h	1	upward-named	src/storage/blocksstable/ob_datum_row.cpp:19	include	both	L19	5
storage-sstable	storage-tablet	src/storage/ob_i_store.h	1	upward-named	src/storage/blocksstable/ob_datum_row_store.h:26	include	both	L26	unused
storage-sstable	storage-tablet	src/storage/ob_i_store.h	1	upward-named	src/storage/blocksstable/ob_fuse_row_cache.h:21	include	both	L21	unused
storage-sstable	storage-tablet	src/storage/ob_i_store.h	1	upward-named	src/storage/blocksstable/ob_imicro_block_writer.h:25	include	both	L25	unused
storage-sstable	storage-tablet	src/storage/ob_i_store.h	1	upward-named	src/storage/blocksstable/ob_micro_block_header.h:21	include	both	L21	5
storage-sstable	storage-tablet	src/storage/ob_i_store.h	1	upward-named	src/storage/blocksstable/ob_row_cache.h:22	include	both	L22	5
storage-sstable	storage-tablet	src/storage/ob_i_store.h	1	upward-named	src/storage/blocksstable/ob_row_reader.h:22	include	both	L22	5
storage-sstable	storage-tablet	src/storage/ob_i_store.h	1	upward-named	src/storage/blocksstable/ob_row_writer.h:20	include	both	L20	5
storage-sstable	storage-tablet	src/storage/ob_i_store.h	1	upward-named	src/storage/blocksstable/ob_storage_datum.cpp:19	include	both	L19	5
storage-sstable	storage-tablet	src/storage/ob_i_table.h	1	upward-named	src/storage/blocksstable/ob_block_sstable_struct.h:34	include	both	L34	unused
storage-sstable	storage-tablet	src/storage/ob_i_table.h	1	upward-named	src/storage/blocksstable/ob_micro_block_cache.h:24	include	both	L24	5
storage-sstable	storage-tablet	src/storage/ob_i_table.h	1	upward-named	src/storage/blocksstable/ob_row_cache.h:23	include	both	L23	5
storage-sstable	storage-tablet	src/storage/ob_i_table.h	1	upward-named	src/storage/blocksstable/ob_sstable_meta.h:23	include	both	L23	5
storage-sstable	storage-tablet	src/storage/ob_row_fuse.h	1	upward-named	src/storage/blocksstable/ob_micro_block_row_scanner.h:21	include	both	L21	5
storage-sstable	storage-tablet	src/storage/ob_row_fuse.h	1	upward-named	src/storage/blocksstable/ob_row_queue.cpp:20	include	both	L20	5
storage-sstable	storage-tablet	src/storage/ob_row_fuse.h	1	upward-named	src/storage/blocksstable/ob_row_queue.h:28	forward	both	L28 ObNopPos forward-declared, named at L68 (1 uses), defined at L28	5
storage-sstable	storage-tablet	src/storage/ob_storage_schema.h	1	upward-named	src/storage/blocksstable/ob_sstable_meta.h:22	include	both	L22	5
storage-sstable	storage-tablet	src/storage/ob_storage_struct.h	1	upward-named	src/storage/blockstore/ob_object_reader_writer.cpp:19	include	both	L19	5
storage-sstable	storage-tablet	src/storage/ob_storage_util.h	1	upward-named	src/storage/blocksstable/encoding/ob_icolumn_decoder.h:23	include	both	L23	5
storage-sstable	storage-tablet	src/storage/ob_storage_util.h	1	upward-named	src/storage/blocksstable/ob_datum_row.h:22	include	both	L22	unused
storage-sstable	storage-tablet	src/storage/ob_super_block_struct.h	1	upward-named	src/storage/blocksstable/ob_block_manager.h:30	include	both	L30	5
storage-sstable	storage-tablet	src/storage/ob_super_block_struct.h	1	upward-named	src/storage/blocksstable/ob_object_manager.h:23	include	both	L23	5
storage-sstable	storage-tablet	src/storage/ob_super_block_struct.h	1	upward-named	src/storage/blocksstable/ob_super_block_buffer_holder.h:20	include	both	L20	5
storage-sstable	storage-tablet	src/storage/slog_ckpt/ob_linked_macro_block_reader.h	1	upward-named	src/storage/blocksstable/index_block/ob_sstable_meta_info.cpp:23	include	both	L23	5
storage-sstable	storage-tablet	src/storage/slog_ckpt/ob_linked_macro_block_reader.h	1	upward-named	src/storage/blocksstable/index_block/ob_sstable_meta_info.h:31	forward	both	L31 ObLinkedMacroBlockItemReader forward-declared, named at L228 (1 uses), defined at L76	5
storage-sstable	storage-tablet	src/storage/slog_ckpt/ob_linked_macro_block_writer.h	1	upward-named	src/storage/blocksstable/index_block/ob_sstable_meta_info.cpp:22	include	both	L22	5
storage-sstable	storage-tablet	src/storage/slog_ckpt/ob_linked_macro_block_writer.h	1	upward-named	src/storage/blocksstable/index_block/ob_sstable_meta_info.h:32	forward	both	L32 ObLinkedMacroBlockItemWriter forward-declared, named at L237 (2 uses), defined at L62	5
storage-sstable	storage-tablet	src/storage/tablet/ob_mds_schema_helper.h	1	upward-named	src/storage/blocksstable/ob_shared_macro_block_manager.cpp:22	include	both	L22	5
storage-sstable	storage-tablet	src/storage/tablet/ob_table_store_util.h	1	upward-named	src/storage/blocksstable/ob_sstable_meta.h:26	include	both	L26	5
storage-sstable	storage-tablet	src/storage/tablet/ob_tablet.h	1	upward-named	src/storage/access/ob_index_sstable_estimator.h:21	include	both	L21	5
storage-sstable	storage-tablet	src/storage/tablet/ob_tablet.h	1	upward-named	src/storage/blocksstable/index_block/ob_index_block_row_scanner.cpp:20	include	both	L20	5
storage-sstable	storage-tablet	src/storage/tablet/ob_tablet_block_aggregated_info.h	1	upward-named	src/storage/blocksstable/ob_block_manager.h:31	include	both	L31	5
storage-sstable	storage-tablet	src/storage/tablet/ob_tablet_create_sstable_param.h	1	upward-named	src/storage/blocksstable/index_block/ob_sstable_meta_info.cpp:24	include	both	L24	5
storage-sstable	storage-tablet	src/storage/tablet/ob_tablet_create_sstable_param.h	1	upward-named	src/storage/blocksstable/index_block/ob_sstable_meta_info.h:23	include	both	L23	5
storage-sstable	storage-tablet	src/storage/tablet/ob_tablet_create_sstable_param.h	1	upward-named	src/storage/blocksstable/ob_sstable.h:33	forward	both	L33 ObTabletCreateSSTableParam forward-declared, named at L136 (2 uses), defined at L52	5
storage-sstable	storage-tablet	src/storage/tablet/ob_tablet_create_sstable_param.h	1	upward-named	src/storage/blocksstable/ob_sstable_meta.cpp:21	include	both	L21	5
storage-sstable	storage-tablet	src/storage/tablet/ob_tablet_create_sstable_param.h	1	upward-named	src/storage/blocksstable/ob_sstable_meta.h:33	forward	both	L33 ObTabletCreateSSTableParam forward-declared, named at L195 (4 uses), defined at L52	5
storage-sstable	storage-tablet	src/storage/tablet/ob_tablet_macro_info_iterator.h	1	upward-named	src/storage/blocksstable/ob_block_manager.cpp:27	include	both	L27	5
storage-sstable	storage-tablet	src/storage/tablet/ob_tablet_macro_info_iterator.h	1	upward-named	src/storage/blocksstable/ob_block_manager.h:40	forward	both	L40 ObTabletBlockInfo forward-declared, named at L391 (1 uses), defined at L28	5
storage-sstable	storage-tablet	src/storage/truncate_info/ob_truncate_filter_evaluator.h	1	upward-named	src/storage/blocksstable/encoding/ob_imicro_block_decoder.h:30	forward	both	L30 ObTruncateFilterEvaluator forward-declared, named at L53 (1 uses), defined at L48	5
storage-sstable	storage-tablet	src/storage/truncate_info/ob_truncate_filter_evaluator.h	1	upward-named	src/storage/blocksstable/encoding/ob_micro_block_decoder.cpp:23	include	both	L23	5
storage-sstable	storage-tablet	src/storage/truncate_info/ob_truncate_filter_evaluator.h	1	upward-named	src/storage/blocksstable/ob_micro_block_reader.cpp:23	include	both	L23	5
storage-sstable	storage-tablet	src/storage/truncate_info/ob_truncate_filter_evaluator.h	1	upward-named	src/storage/blocksstable/ob_micro_block_reader.h:31	forward	both	L31 ObTruncateFilterEvaluator forward-declared, named at L104 (1 uses), defined at L48	5
storage-sstable	storage-tablet	src/storage/truncate_info/ob_truncate_filter_evaluator.h	1	upward-named	src/storage/blocksstable/ob_micro_block_row_scanner.cpp:25	include	both	L25	5
storage-sstable	storage-tablet	src/storage/truncate_info/ob_truncate_filter_evaluator.h	1	upward-named	src/storage/blocksstable/ob_micro_block_row_scanner.h:37	forward	both	L37 ObTruncateFilterEvaluator forward-declared, named at L79 (1 uses), defined at L48	5
storage-sstable	storage-tablet	src/storage/truncate_info/ob_truncate_info_kv_cache.h	1	upward-named	src/storage/blocksstable/ob_storage_cache_suite.h:26	include	both	L26	5
storage-sstable	storage-tablet	src/storage/truncate_info/ob_truncate_partition_filter.h	1	upward-named	src/storage/blocksstable/ob_micro_block_row_scanner.cpp:24	include	both	L24	5
storage-sstable	storage-tablet	src/storage/tx_storage/ob_ls_service.h	1	upward-named	src/storage/blocksstable/ob_shared_macro_block_manager.cpp:23	include	both	L23	5
storage-sstable	storage-engine	src/storage/compaction/ob_compaction_memory_context.h	1	upward-named	src/storage/blocksstable/ob_data_store_desc.h:23	include	both	L23	5
storage-sstable	storage-engine	src/storage/compaction/ob_compaction_memory_context.h	1	upward-named	src/storage/blocksstable/ob_imicro_block_writer.h:30	include	both	L30	5
storage-sstable	storage-engine	src/storage/compaction/ob_compaction_memory_context.h	1	upward-named	src/storage/blocksstable/ob_macro_block_reader.h:28	include	both	L28	5
storage-sstable	storage-engine	src/storage/compaction/ob_compaction_memory_context.h	1	upward-named	src/storage/blocksstable/ob_macro_block_writer.h:39	include	both	L39	5
storage-sstable	storage-engine	src/storage/compaction/ob_compaction_memory_context.h	1	upward-named	src/storage/blocksstable/ob_micro_block_checksum_helper.h:21	include	both	L21	5
storage-sstable	storage-engine	src/storage/compaction/ob_compaction_memory_pool.h	1	upward-named	src/storage/blocksstable/ob_macro_block.h:29	include	both	L29	5
storage-sstable	storage-engine	src/storage/compaction/ob_compaction_trans_cache.h	1	upward-named	src/storage/blocksstable/ob_micro_block_row_scanner.cpp:23	include	both	L23	5
storage-sstable	storage-engine	src/storage/compaction/ob_sstable_merge_history.h	1	upward-named	src/storage/blocksstable/ob_macro_block.h:30	include	both	L30	5
storage-sstable	storage-engine	src/storage/compaction/ob_sstable_merge_history.h	1	upward-named	src/storage/blocksstable/ob_macro_block_writer.h:42	include	both	L42	5
storage-sstable	storage-engine	src/storage/compaction/ob_tablet_scheduler.h	1	upward-named	src/storage/blocksstable/ob_bloom_filter_cache.cpp:23	include	both	L23	2
storage-sstable	storage-engine	src/storage/ddl/ob_ddl_clog.h	1	upward-named	src/storage/blocksstable/ob_macro_block_writer.cpp:23	include	both	L23	5
storage-sstable	storage-engine	src/storage/ddl/ob_ddl_struct.h	1	upward-named	src/storage/blocksstable/ob_sstable.h:26	include	both	L26	5
storage-sstable	storage-engine	src/storage/ddl/ob_tablet_ddl_kv.h	1	upward-named	src/storage/blocksstable/index_block/ob_ddl_index_block_row_iterator.cpp:20	include	both	L20	5
storage-sstable	storage-engine	src/storage/ddl/ob_tablet_ddl_kv.h	1	upward-named	src/storage/blocksstable/index_block/ob_sstable_sec_meta_iterator.h:28	forward	both	L28 ObBlockMetaTree forward-declared, named at L93 (1 uses), defined at L81	5
storage-sstable	storage-engine	src/storage/ddl/ob_tablet_ddl_kv.h	1	upward-named	src/storage/blocksstable/ob_sstable.cpp:29	include	both	L29	5
storage-sstable	sql-expr	src/query/api/query/engine/expr/ob_expr_bm25.h	1	upward-named	src/storage/blocksstable/index_block/ob_index_block_aggregator.cpp:23	include	both	L23	3
storage-sstable	sql-expr	src/query/api/query/engine/expr/ob_expr_util.h	1	upward-named	src/storage/blocksstable/index_block/ob_index_block_aggregator.cpp:24	include	both	L24	3
storage-tx	storage-tablet	src/data_plane/api/data_plane/access/ob_table_param.h	1	upward-named	src/storage/memtable/ob_memtable_key.h:26	include	both	L26	5
storage-tx	storage-tablet	src/data_plane/api/data_plane/access/ob_table_read_info.h	1	upward-named	src/storage/memtable/mvcc/ob_mvcc_acc_ctx.h:39	forward	both	L39 ObITableReadInfo forward-declared, named at L58 (1 uses), defined at L44	5
storage-tx	storage-tablet	src/data_plane/api/data_plane/access/ob_table_read_info.h	1	upward-named	src/storage/memtable/ob_memtable_read_row_util.h:29	forward	both	L29 ObITableReadInfo forward-declared, named at L44 (3 uses), defined at L44	5
storage-tx	storage-tablet	src/storage/access/ob_row_sample_iterator.h	1	upward-named	src/storage/memtable/ob_memtable.cpp:31	include	both	L31	5
storage-tx	storage-tablet	src/storage/access/ob_rows_info.h	1	upward-named	src/storage/memtable/mvcc/ob_mvcc_iterator.cpp:21	include	both	L21	5
storage-tx	storage-tablet	src/storage/access/ob_rows_info.h	1	upward-named	src/storage/memtable/mvcc/ob_mvcc_row.cpp:22	include	both	L22	5
storage-tx	storage-tablet	src/storage/access/ob_rows_info.h	1	upward-named	src/storage/memtable/ob_row_conflict_handler.cpp:20	include	both	L20	5
storage-tx	storage-tablet	src/storage/access/ob_sstable_row_getter.h	1	upward-named	src/storage/memtable/ob_memtable.cpp:27	include	both	L27	5
storage-tx	storage-tablet	src/storage/access/ob_store_row_iterator.h	1	upward-named	src/storage/memtable/ob_memtable.h:37	forward	both	L37 ObStoreRowIterator forward-declared, named at L272 (4 uses), defined at L45	5
storage-tx	storage-tablet	src/storage/access/ob_store_row_iterator.h	1	upward-named	src/storage/memtable/ob_memtable_iterator.h:31	include	both	L31	5
storage-tx	storage-tablet	src/storage/access/ob_table_access_context.h	1	upward-named	src/storage/memtable/ob_memtable_interface.h:26	include	both	L26	5
storage-tx	storage-tablet	src/storage/access/ob_table_access_context.h	1	upward-named	src/storage/memtable/ob_memtable_single_row_reader.cpp:19	include	both	L19	5
storage-tx	storage-tablet	src/storage/access/ob_table_access_context.h	1	upward-named	src/storage/memtable/ob_row_conflict_handler.h:46	forward	both	L46 ObTableAccessContext forward-declared, named at L53 (3 uses), defined at L145	5
storage-tx	storage-tablet	src/storage/access/ob_table_access_param.h	1	upward-named	src/storage/concurrency_control/ob_trans_stat_row.h:22	include	both	L22	5
storage-tx	storage-tablet	src/storage/access/ob_table_access_param.h	1	upward-named	src/storage/memtable/ob_row_conflict_handler.h:45	forward	both	L45 ObTableIterParam forward-declared, named at L52 (3 uses), defined at L48	5
storage-tx	storage-tablet	src/storage/checkpoint/ob_freeze_checkpoint.h	1	upward-named	src/storage/tx_table/ob_tx_data_memtable.h:21	include	both	L21	unused
storage-tx	storage-tablet	src/storage/lob/ob_ext_info_callback.h	2	upward-named	src/storage/memtable/mvcc/ob_mvcc_ctx.h:51	forward	both	L51 ObExtInfoCallback forward-declared, named at L91 (1 uses), defined at L84; L52 ObExtInfoLogHeader forward-declared, named at L191 (1 uses), defined at L42	5
storage-tx	storage-tablet	src/storage/ls/ob_freezer.h	1	upward-named	src/storage/memtable/mvcc/ob_mvcc_ctx.cpp:19	include	both	L19	unused
storage-tx	storage-tablet	src/storage/ls/ob_freezer.h	1	upward-named	src/storage/memtable/ob_memtable.h:36	forward	both	L36 ObFreezer forward-declared, named at L194 (1 uses), defined at L182	5
storage-tx	storage-tablet	src/storage/ls/ob_freezer.h	1	upward-named	src/storage/tablelock/ob_lock_memtable.h:36	forward	both	L36 ObFreezer forward-declared, named at L60 (2 uses), defined at L182	5
storage-tx	storage-tablet	src/storage/ls/ob_freezer.h	1	upward-named	src/storage/tablelock/ob_lock_memtable_mgr.cpp:21	include	both	L21	5
storage-tx	storage-tablet	src/storage/ls/ob_freezer.h	1	upward-named	src/storage/tablelock/ob_lock_memtable_mgr.h:40	forward	both	L40 ObFreezer forward-declared, named at L61 (1 uses), defined at L182	5
storage-tx	storage-tablet	src/storage/ls/ob_freezer.h	1	upward-named	src/storage/tx_table/ob_tx_ctx_memtable_mgr.cpp:22	include	both	L22	5
storage-tx	storage-tablet	src/storage/ls/ob_freezer.h	1	upward-named	src/storage/tx_table/ob_tx_data_memtable.cpp:22	include	both	L22	5
storage-tx	storage-tablet	src/storage/ls/ob_freezer.h	1	upward-named	src/storage/tx_table/ob_tx_data_memtable.h:41	forward	both	L41 ObFreezer forward-declared, named at L183 (3 uses), defined at L182	5
storage-tx	storage-tablet	src/storage/ls/ob_ls.h	1	upward-named	src/storage/allocator/ob_shared_memory_allocator_mgr.h:27	include	both	L27	unused
storage-tx	storage-tablet	src/storage/ls/ob_ls.h	1	upward-named	src/storage/memtable/mvcc/ob_mvcc_iterator.cpp:20	include	both	L20	5
storage-tx	storage-tablet	src/storage/ls/ob_ls.h	1	upward-named	src/storage/tablelock/ob_lock_table.cpp:21	include	both	L21	5
storage-tx	storage-tablet	src/storage/ls/ob_ls.h	1	upward-named	src/storage/tablelock/ob_lock_table.h:52	forward	both	L52 ObLS forward-declared, named at L86 (2 uses), defined at L81	5
storage-tx	storage-tablet	src/storage/ls/ob_ls.h	1	upward-named	src/storage/tx/ob_id_service.h:30	forward	both	L30 ObLS forward-declared, named at L156 (1 uses), defined at L81	5
storage-tx	storage-tablet	src/storage/ls/ob_ls.h	1	upward-named	src/storage/tx/ob_tx_api.cpp:22	include	both	L22	5
storage-tx	storage-tablet	src/storage/ls/ob_ls.h	1	upward-named	src/storage/tx/ob_tx_log_adapter.cpp:18	include	both	L18	unused
storage-tx	storage-tablet	src/storage/ls/ob_ls.h	1	upward-named	src/storage/tx_table/ob_tx_table.h:46	forward	both	L46 ObLS forward-declared, named at L150 (2 uses), defined at L81	5
storage-tx	storage-tablet	src/storage/ls/ob_ls.h	1	upward-named	src/storage/tx_table/ob_tx_table_iterator.cpp:20	include	both	L20	5
storage-tx	storage-tablet	src/storage/ls/ob_ls_ddl_log_handler.h	1	upward-named	src/storage/tx/ob_tx_log_operator.h:20	include	both	L20	unused
storage-tx	storage-tablet	src/storage/ls/ob_ls_tablet_service.h	1	upward-named	src/storage/tx_table/ob_tx_data_memtable.cpp:23	include	both	L23	5
storage-tx	storage-tablet	src/storage/ls/ob_ls_tablet_service.h	1	upward-named	src/storage/tx_table/ob_tx_data_table.h:32	forward	both	L32 ObLSTabletService forward-declared, named at L345 (1 uses), defined at L97	5
storage-tx	storage-tablet	src/storage/ls/ob_ls_tx_service.h	1	upward-named	src/storage/tx/ob_trans_ctx_mgr_v4.cpp:23	include	both	L23	5
storage-tx	storage-tablet	src/storage/ls/ob_ls_tx_service.h	1	upward-named	src/storage/tx/ob_trans_ctx_mgr_v4.h:42	forward	both	L42 ObLSTxService forward-declared, named at L593 (1 uses), defined at L55	5
storage-tx	storage-tablet	src/storage/ls/ob_ls_tx_service.h	1	upward-named	src/storage/tx_table/ob_tx_ctx_memtable_mgr.cpp:21	include	both	L21	5
storage-tx	storage-tablet	src/storage/meta_mem/ob_storage_meta_mem_mgr.h	1	upward-named	src/storage/tablelock/ob_lock_memtable_mgr.cpp:20	include	both	L20	5
storage-tx	storage-tablet	src/storage/meta_mem/ob_storage_meta_mem_mgr.h	1	upward-named	src/storage/tablelock/ob_lock_memtable_mgr.h:41	forward	both	L41 ObStorageMetaMemMgr forward-declared, named at L62 (1 uses), defined at L124	5
storage-tx	storage-tablet	src/storage/meta_mem/ob_storage_meta_mem_mgr.h	1	upward-named	src/storage/tx_table/ob_tx_ctx_memtable_mgr.cpp:20	include	both	L20	5
storage-tx	storage-tablet	src/storage/meta_mem/ob_tablet_handle.h	1	upward-named	src/storage/tx_table/ob_tx_data_table.h:23	include	both	L23	5
storage-tx	storage-tablet	src/storage/multi_data_source/buffer_ctx.h	1	upward-named	src/storage/tx/ob_tx_ctx.h:29	include	both	L29	5
storage-tx	storage-tablet	src/storage/multi_data_source/compile_utility/mds_register.h	1	upward-named	src/storage/tx/ob_tx_ctx.cpp:25	include	both	L25	5
storage-tx	storage-tablet	src/storage/multi_data_source/runtime_utility/mds_service.cpp	1	upward-named	src/storage/allocator/ob_mds_allocator.h:	definition	both	defs=1 oceanbase::share::ObMdsAllocator	5
storage-tx	storage-tablet	src/storage/multi_data_source/runtime_utility/mds_service.cpp	1	upward-named	src/storage/allocator/ob_vector_allocator.h:	definition	both	defs=1 oceanbase::share::ObVectorAllocator	5
storage-tx	storage-tablet	src/storage/multi_data_source/runtime_utility/mds_service.h	1	upward-named	src/storage/tx/ob_tx_ctx.cpp:28	include	both	L28	5
storage-tx	storage-tablet	src/storage/ob_i_memtable_mgr.h	1	upward-named	src/storage/memtable/ob_memtable.h:25	include	both	L25	5
storage-tx	storage-tablet	src/storage/ob_i_memtable_mgr.h	1	upward-named	src/storage/tablelock/ob_lock_memtable_mgr.h:20	include	both	L20	5
storage-tx	storage-tablet	src/storage/ob_i_memtable_mgr.h	1	upward-named	src/storage/tablelock/ob_lock_table.h:26	include	both	L26	5
storage-tx	storage-tablet	src/storage/ob_i_memtable_mgr.h	1	upward-named	src/storage/tx_table/ob_tx_ctx_memtable_mgr.h:20	include	both	L20	5
storage-tx	storage-tablet	src/storage/ob_i_memtable_mgr.h	1	upward-named	src/storage/tx_table/ob_tx_data_memtable_mgr.h:20	include	both	L20	5
storage-tx	storage-tablet	src/storage/ob_i_store.h	1	upward-named	src/storage/memtable/mvcc/ob_mvcc_define.h:20	include	both	L20	5
storage-tx	storage-tablet	src/storage/ob_i_store.h	1	upward-named	src/storage/memtable/mvcc/ob_mvcc_engine.h:30	forward	both	L30 ObStoreCtx forward-declared, named at L85 (2 uses), defined at L458	5
storage-tx	storage-tablet	src/storage/ob_i_store.h	1	upward-named	src/storage/memtable/mvcc/ob_mvcc_iterator.h:31	forward	both	L31 ObStoreRowLockState forward-declared, named at L177 (1 uses), defined at L222	5
storage-tx	storage-tablet	src/storage/ob_i_store.h	1	upward-named	src/storage/memtable/mvcc/ob_mvcc_row.h:25	include	both	L25	5
storage-tx	storage-tablet	src/storage/ob_i_store.h	1	upward-named	src/storage/memtable/ob_memtable.cpp:34	include	both	L34	5
storage-tx	storage-tablet	src/storage/ob_i_store.h	1	upward-named	src/storage/memtable/ob_memtable_data.h:23	include	both	L23	unused
storage-tx	storage-tablet	src/storage/ob_i_store.h	1	upward-named	src/storage/memtable/ob_memtable_mutator.h:27	include	both	L27	unused
storage-tx	storage-tablet	src/storage/ob_i_store.h	1	upward-named	src/storage/memtable/ob_row_conflict_handler.h:47	forward	both	L47 ObStoreRowLockState forward-declared, named at L60 (4 uses), defined at L222	5
storage-tx	storage-tablet	src/storage/ob_i_store.h	2	upward-named	src/storage/tablelock/ob_lock_table.h:53	forward	both	L53 ObStoreCtx forward-declared, named at L100 (5 uses), defined at L458; L56 ObStoreCtx forward-declared, named at L100 (5 uses), defined at L458	5
storage-tx	storage-tablet	src/storage/ob_i_store.h	1	upward-named	src/storage/tablelock/ob_obj_lock.h:28	include	both	L28	5
storage-tx	storage-tablet	src/storage/ob_i_store.h	1	upward-named	src/storage/tx_table/ob_tx_ctx_table.h:20	include	both	L20	5
storage-tx	storage-tablet	src/storage/ob_i_store.h	1	upward-named	src/storage/tx_table/ob_tx_table_guards.h:41	forward	both	L41 ObStoreRowLockState forward-declared, named at L69 (1 uses), defined at L222	5
storage-tx	storage-tablet	src/storage/ob_i_table.h	1	upward-named	src/storage/memtable/ob_memtable.cpp:33	include	both	L33	5
storage-tx	storage-tablet	src/storage/ob_i_table.h	1	upward-named	src/storage/memtable/ob_memtable_interface.h:27	include	both	L27	5
storage-tx	storage-tablet	src/storage/ob_i_table.h	1	upward-named	src/storage/tablelock/ob_lock_table.h:24	include	both	L24	5
storage-tx	storage-tablet	src/storage/ob_i_table.h	1	upward-named	src/storage/tablelock/ob_mem_ctx_table_lock.h:22	include	both	L22	5
storage-tx	storage-tablet	src/storage/ob_i_tablet_memtable.h	1	upward-named	src/storage/memtable/ob_memtable.h:24	include	both	L24	5
storage-tx	storage-tablet	src/storage/ob_iter_cache.h	1	upward-named	src/storage/memtable/mvcc/ob_query_engine.cpp:18	include	both	L18	5
storage-tx	storage-tablet	src/storage/ob_memtable_ctx_obj_pool.h	1	upward-named	src/storage/memtable/mvcc/ob_mvcc_trans_ctx.h:35	forward	both	L35 ObMemtableCtxObjPool forward-declared, named at L201 (2 uses), defined at L31	5
storage-tx	storage-tablet	src/storage/ob_memtable_ctx_obj_pool.h	1	upward-named	src/storage/memtable/ob_memtable_context.h:29	include	both	L29	5
storage-tx	storage-tablet	src/storage/ob_storage_struct.h	1	upward-named	src/storage/tx_table/ob_tx_table.h:23	include	both	L23	5
storage-tx	storage-tablet	src/storage/ob_tablet_stat_mgr.h	1	upward-named	src/storage/memtable/mvcc/ob_multi_version_iterator.h:33	forward	both	L33 ObTransNodeDMLStat forward-declared, named at L123 (1 uses), defined at L37	5
storage-tx	storage-tablet	src/storage/ob_tablet_stat_mgr.h	1	upward-named	src/storage/memtable/ob_memtable_iterator.h:38	forward	both	L38 ObTransNodeDMLStat forward-declared, named at L213 (1 uses), defined at L37	5
storage-tx	storage-tablet	src/storage/slog/ob_storage_log_struct.h	1	upward-named	src/storage/tx/ob_id_service.h:20	include	both	L20	unused
storage-tx	storage-tablet	src/storage/tablet/ob_batch_create_tablet_arg.h	1	upward-named	src/storage/memtable/ob_memtable_mutator.h:20	include	both	L20	unused
storage-tx	storage-tablet	src/storage/tablet/ob_batch_create_tablet_arg.h	1	upward-named	src/storage/tablelock/ob_lock_table.h:19	include	both	L19	5
storage-tx	storage-tablet	src/storage/tablet/ob_table_store_util.h	1	upward-named	src/storage/tx_table/ob_tx_table_iterator.h:42	forward	both	L42 ObSSTableArray forward-declared, named at L180 (4 uses), defined at L56	5
storage-tx	storage-tablet	src/storage/tablet/ob_tablet.h	1	upward-named	src/storage/memtable/ob_i_multi_source_data_unit.h:25	forward	both	L25 ObTablet forward-declared, named at L78 (1 uses), defined at L129	5
storage-tx	storage-tablet	src/storage/tablet/ob_tablet_memtable_mgr.h	1	upward-named	src/storage/memtable/ob_memtable.h:35	forward	both	L35 ObTabletMemtableMgr forward-declared, named at L195 (1 uses), defined at L43	5
storage-tx	storage-tablet	src/storage/truncate_info/ob_truncate_partition_filter.h	1	upward-named	src/storage/memtable/mvcc/ob_mvcc_acc_ctx.h:38	forward	both	L38 ObTruncatePartitionFilter forward-declared, named at L59 (1 uses), defined at L62	5
storage-tx	storage-tablet	src/storage/truncate_info/ob_truncate_partition_filter.h	1	upward-named	src/storage/memtable/mvcc/ob_mvcc_row.cpp:23	include	both	L23	5
storage-tx	storage-tablet	src/storage/truncate_info/ob_truncate_partition_filter.h	1	upward-named	src/storage/memtable/ob_memtable_iterator.cpp:22	include	both	L22	5
storage-tx	storage-tablet	src/storage/tx/ob_multi_data_source.h	1	upward-named	src/storage/tx/ob_tx_ctx_mds.h:20	include	both	L20	5
storage-tx	storage-tablet	src/storage/tx/ob_multi_data_source_tx_buffer_node.h	1	upward-named	src/storage/tx/ob_trans_define.h:39	include	both	L39	5
storage-tx	storage-tablet	src/storage/tx_storage/ob_access_service.h	1	upward-named	src/storage/tablelock/ob_table_lock_local_executor.cpp:20	include	both	L20	5
storage-tx	storage-tablet	src/storage/tx_storage/ob_ls_service.cpp	1	upward-named	src/storage/allocator/ob_mds_allocator.h:	definition	both	defs=1 oceanbase::share::ObMdsThrottleGuard	5
storage-tx	storage-tablet	src/storage/tx_storage/ob_ls_service.cpp	3	upward-named	src/storage/allocator/ob_tx_data_allocator.h:	definition	both	defs=3 oceanbase::share::ObTxDataAllocator	5
storage-tx	storage-tablet	src/storage/tx_storage/ob_ls_service.h	1	upward-named	src/storage/allocator/ob_tx_data_allocator.cpp:24	include	both	L24	unused
storage-tx	storage-tablet	src/storage/tx_storage/ob_ls_service.h	1	upward-named	src/storage/memtable/ob_memtable.cpp:38	include	both	L38	5
storage-tx	storage-tablet	src/storage/tx_storage/ob_ls_service.h	1	upward-named	src/storage/tablelock/ob_lock_memtable.cpp:26	include	both	L26	5
storage-tx	storage-tablet	src/storage/tx_storage/ob_ls_service.h	1	upward-named	src/storage/tablelock/ob_obj_lock.cpp:25	include	both	L25	5
storage-tx	storage-tablet	src/storage/tx_storage/ob_ls_service.h	1	upward-named	src/storage/tablelock/ob_table_lock_deadlock.cpp:23	include	both	L23	5
storage-tx	storage-tablet	src/storage/tx_storage/ob_ls_service.h	1	upward-named	src/storage/tablelock/ob_table_lock_local_executor.cpp:21	include	both	L21	5
storage-tx	storage-tablet	src/storage/tx_storage/ob_ls_service.h	1	upward-named	src/storage/tablelock/ob_table_lock_service.cpp:25	include	both	L25	unused
storage-tx	storage-tablet	src/storage/tx_storage/ob_ls_service.h	1	upward-named	src/storage/tx/ob_id_service.cpp:21	include	both	L21	5
storage-tx	storage-tablet	src/storage/tx_storage/ob_ls_service.h	1	upward-named	src/storage/tx/ob_trans_deadlock_adapter.cpp:21	include	both	L21	unused
storage-tx	storage-tablet	src/storage/tx_storage/ob_ls_service.h	1	upward-named	src/storage/tx/ob_trans_service.cpp:23	include	both	L23	5
storage-tx	storage-tablet	src/storage/tx_storage/ob_ls_service.h	1	upward-named	src/storage/tx/ob_trans_service_v4.cpp:20	include	both	L20	5
storage-tx	storage-tablet	src/storage/tx_storage/ob_ls_service.h	1	upward-named	src/storage/tx/ob_tx_api.cpp:21	include	both	L21	5
storage-tx	storage-tablet	src/storage/tx_storage/ob_ls_service.h	1	upward-named	src/storage/tx_table/ob_tx_data_memtable_mgr.cpp:19	include	both	L19	5
storage-tx	storage-tablet	src/storage/tx_storage/ob_ls_service.h	1	upward-named	src/storage/tx_table/ob_tx_table.cpp:20	include	both	L20	5
storage-tx	storage-tablet	src/storage/tx_storage/ob_memstore_freezer.cpp	5	upward-named	src/storage/allocator/ob_memstore_allocator.h:	definition	both	defs=5 oceanbase::share::ObMemstoreAllocator	5
storage-tx	storage-tablet	src/storage/tx_storage/ob_memstore_freezer.cpp	1	upward-named	src/storage/allocator/ob_shared_memory_allocator_mgr.h:	definition	both	defs=1 oceanbase::share::ObSharedMemAllocMgr	5
storage-tx	storage-tablet	src/storage/tx_storage/ob_memstore_freezer.h	1	upward-named	src/storage/allocator/ob_shared_memory_allocator_mgr.h:26	include	both	L26	unused
storage-tx	storage-tablet	src/storage/tx_storage/ob_memstore_freezer.h	1	upward-named	src/storage/memtable/ob_memtable.cpp:30	include	both	L30	5
storage-tx	storage-tablet	src/storage/tx_storage/ob_memstore_freezer.h	1	upward-named	src/storage/tablelock/ob_lock_table.cpp:24	include	both	L24	unused
storage-tx	storage-engine	src/storage/compaction/ob_schedule_dag_func.h	1	upward-named	src/storage/memtable/ob_memtable.cpp:26	include	both	L26	2
storage-tx	storage-engine	src/storage/compaction/ob_schedule_dag_func.h	1	upward-named	src/storage/tablelock/ob_lock_memtable.cpp:25	include	both	L25	2
storage-tx	storage-engine	src/storage/compaction/ob_schedule_dag_func.h	1	upward-named	src/storage/tx_table/ob_tx_ctx_memtable.cpp:19	include	both	L19	2
storage-tx	storage-engine	src/storage/compaction/ob_schedule_dag_func.h	1	upward-named	src/storage/tx_table/ob_tx_data_memtable.cpp:19	include	both	L19	2
storage-tx	storage-engine	src/storage/compaction/ob_tablet_merge_task.h	1	upward-named	src/storage/memtable/ob_memtable.h:41	forward	both	L41 ObTabletMergeDagParam forward-declared, named at L356 (1 uses), defined at L79	5
storage-tx	storage-engine	src/storage/ddl/ob_ddl_clog.h	1	upward-named	src/storage/tx/ob_tx_log.h:21	include	both	L21	5
storage-tx	storage-engine	src/storage/ddl/ob_tablet_ddl_kv.h	1	upward-named	src/storage/memtable/ob_memtable.cpp:32	include	both	L32	unused
storage-tx	storage-engine	src/storage/ddl/ob_tablet_ddl_kv.h	1	upward-named	src/storage/memtable/ob_row_conflict_handler.cpp:21	include	both	L21	unused
storage-tx	sql-session	src/query/api/query/session/ob_deadlock_session.h	1	upward-named	src/data_plane/api/data_plane/transaction/ob_deadlock.h:31	forward	both	L31 ObIDeadlockSessionService forward-declared, named at L65 (1 uses), defined at L79	3
storage-tx	sql-session	src/query/api/query/session/ob_deadlock_session.h	1	upward-named	src/storage/memtable/ob_lock_wait_mgr.h:32	include	both	L32	3
storage-tx	sql-session	src/query/api/query/session/ob_deadlock_session.h	1	upward-named	src/storage/tablelock/ob_table_lock_live_detector.cpp:23	include	both	L23	3
storage-tx	sql-session	src/query/api/query/session/ob_deadlock_session.h	1	upward-named	src/storage/tablelock/ob_table_lock_service.h:43	forward	both	L43 ObIDeadlockSessionService forward-declared, named at L241 (4 uses), defined at L79	3
storage-tx	sql-session	src/query/api/query/session/ob_deadlock_session.h	1	upward-named	src/storage/tx/ob_trans_deadlock_adapter.h:22	include	both	L22	3
storage-tx	sql-optimizer	src/sql/optimizer/stat/ob_opt_stat_monitor_manager.cpp	1	upward-named	src/query/api/query/optimizer/stat/ob_optimizer_stat_service.h:	definition	both	defs=1 oceanbase::query::ObOptimizerStatService	2
storage-tx	sql	src/sql/tablelock/ob_lock_executor.cpp	1	upward-named	src/query/api/query/tablelock/ob_table_lock_runtime.h:	definition	both	defs=1 oceanbase::query::release_locks_for_dead_owner	2
storage-tx	pl	src/pl/sys_package/ob_dbms_space.cpp	2	upward-unnamed	src/query/api/query/optimizer/stat/ob_optimizer_stat_service.h:	definition	both	defs=2 oceanbase::query::ObOptimizerStatService	2
storage-tablet	storage-engine	src/storage/compaction/ob_basic_tablet_merge_ctx.h	1	upward-named	src/storage/tablet/ob_tablet_create_sstable_param.cpp:21	include	both	L21	5
storage-tablet	storage-engine	src/storage/compaction/ob_basic_tablet_merge_ctx.h	1	upward-named	src/storage/tablet/ob_tablet_create_sstable_param.h:44	forward	both	L44 ObBasicTabletMergeCtx forward-declared, named at L76 (2 uses), defined at L158	5
storage-tablet	storage-engine	src/storage/compaction/ob_compaction_trans_cache.h	1	upward-named	src/storage/access/ob_table_access_context.h:32	forward	both	L32 ObCachedTransStateMgr forward-declared, named at L364 (1 uses), defined at L103	5
storage-tablet	storage-engine	src/storage/compaction/ob_medium_compaction_func.h	1	upward-named	src/storage/truncate_info/ob_truncate_partition_filter.cpp:21	include	both	L21	unused
storage-tablet	storage-engine	src/storage/compaction/ob_medium_compaction_info.h	1	upward-named	src/storage/multi_data_source/compile_utility/mds_register.h:33	include	both	L33{defined (NEED_MDS_REGISTER_DEFINE) && !defined (NEED_GENERAT}	5
storage-tablet	storage-engine	src/storage/compaction/ob_medium_compaction_info.h	1	upward-named	src/storage/tablet/ob_mds_scan_param_helper.cpp:22	include	both	L22	unused
storage-tablet	storage-engine	src/storage/compaction/ob_medium_compaction_info.h	1	upward-named	src/storage/tablet/ob_tablet_dumped_medium_info.h:23	include	both	L23	5
storage-tablet	storage-engine	src/storage/compaction/ob_medium_compaction_mgr.h	1	upward-named	src/storage/ob_storage_struct.h:30	include	both	L30	1
storage-tablet	storage-engine	src/storage/compaction/ob_medium_compaction_mgr.h	1	upward-named	src/storage/tablet/ob_tablet.h:26	include	both	L26	5
storage-tablet	storage-engine	src/storage/compaction/ob_medium_compaction_mgr.h	1	upward-named	src/storage/tablet/ob_tablet_mds_data.h:42	forward	both	L42 ObMediumCompactionInfoList forward-declared, named at L136 (1 uses), defined at L95	5
storage-tablet	storage-engine	src/storage/compaction/ob_medium_compaction_mgr.h	1	upward-named	src/storage/tablet/ob_tablet_memtable_mgr.h:25	include	both	L25	5
storage-tablet	storage-engine	src/storage/compaction/ob_medium_compaction_mgr.h	1	upward-named	src/storage/tablet/ob_tablet_meta.h:33	include	both	L33	5
storage-tablet	storage-engine	src/storage/compaction/ob_medium_list_checker.h	1	upward-named	src/storage/tablet/ob_tablet.cpp:37	include	both	L37	2
storage-tablet	storage-engine	src/storage/compaction/ob_partition_merge_policy.h	1	upward-named	src/storage/ob_tablet_stat_mgr.cpp:24	include	both	L24	5
storage-tablet	storage-engine	src/storage/compaction/ob_schedule_dag_func.h	1	upward-named	src/storage/ls/ob_ls_ddl_log_handler.cpp:20	include	both	L20	2
storage-tablet	storage-engine	src/storage/compaction/ob_schedule_dag_func.h	1	upward-named	src/storage/multi_data_source/mds_table_base.cpp:19	include	both	L19	2
storage-tablet	storage-engine	src/storage/compaction/ob_schedule_dag_func.h	1	upward-named	src/storage/tablet/ob_tablet_ddl_complete_mds_helper.cpp:28	include	both	L28	unused
storage-tablet	storage-engine	src/storage/compaction/ob_schedule_dag_func.h	1	upward-named	src/storage/tablet/ob_tablet_ddl_complete_replay_executor.cpp:27	include	both	L27	2
storage-tablet	storage-engine	src/storage/compaction/ob_schedule_dag_func.h	1	upward-named	src/storage/tablet/ob_tablet_table_store.cpp:26	include	both	L26	unused
storage-tablet	storage-engine	src/storage/compaction/ob_tablet_merge_ctx.h	1	upward-named	src/storage/ls/ob_ls.cpp:24	include	both	L24	5
storage-tablet	storage-engine	src/storage/compaction/ob_tablet_merge_ctx.h	1	upward-named	src/storage/ls/ob_ls_tablet_service.h:68	forward	both	L68 ObTabletMergeCtx forward-declared, named at L207 (1 uses), defined at L48	5
storage-tablet	storage-engine	src/storage/compaction/ob_tablet_merge_ctx.h	1	upward-named	src/storage/multi_data_source/ob_mds_table_merge_task.h:26	forward	both	L26 ObTabletMergeCtx forward-declared, named at L51 (2 uses), defined at L48	5
storage-tablet	storage-engine	src/storage/compaction/ob_tablet_merge_ctx.h	1	upward-named	src/storage/ob_partition_range_spliter.cpp:18	include	both	L18	5
storage-tablet	storage-engine	src/storage/compaction/ob_tablet_merge_ctx.h	1	upward-named	src/storage/ob_partition_range_spliter.h:36	forward	both	L36 ObTabletMergeCtx forward-declared, named at L784 (4 uses), defined at L48	5
storage-tablet	storage-engine	src/storage/compaction/ob_tablet_merge_ctx.h	1	upward-named	src/storage/tablet/ob_tablet_mds_table_mini_merger.h:22	include	both	L22	5
storage-tablet	storage-engine	src/storage/compaction/ob_tablet_merge_task.h	1	upward-named	src/storage/multi_data_source/ob_mds_table_merge_dag.h:22	include	both	L22	5
storage-tablet	storage-engine	src/storage/compaction/ob_tablet_merge_task.h	1	upward-named	src/storage/multi_data_source/ob_mds_table_merge_dag_param.h:21	include	both	L21	5
storage-tablet	storage-engine	src/storage/compaction/ob_tablet_scheduler.h	1	upward-named	src/storage/access/ob_multiple_merge.cpp:25	include	both	L25	2
storage-tablet	storage-engine	src/storage/compaction/ob_tablet_scheduler.h	1	upward-named	src/storage/ls/ob_freezer.cpp:23	include	both	L23	5
storage-tablet	storage-engine	src/storage/compaction/ob_tablet_scheduler.h	1	upward-named	src/storage/ls/ob_ls.cpp:23	include	both	L23	2
storage-tablet	storage-engine	src/storage/compaction/ob_tablet_scheduler.h	1	upward-named	src/storage/multi_data_source/ob_mds_table_merge_task.cpp:20	include	both	L20	5
storage-tablet	storage-engine	src/storage/compaction/ob_tablet_scheduler.h	1	upward-named	src/storage/ob_storage_schema_recorder.cpp:22	include	both	L22	unused
storage-tablet	storage-engine	src/storage/compaction/ob_tablet_scheduler.h	1	upward-named	src/storage/slog_ckpt/ob_local_storage_checkpoint_slog_handler.cpp:30	include	both	L30	2
storage-tablet	storage-engine	src/storage/compaction/ob_tablet_scheduler.h	1	upward-named	src/storage/tablet/ob_tablet.cpp:24	include	both	L24	5
storage-tablet	storage-engine	src/storage/ddl/ob_ddl_clog.h	1	upward-named	src/storage/ob_sync_tablet_seq_clog.h:24	include	both	L24	1
storage-tablet	storage-engine	src/storage/ddl/ob_ddl_direct_load_utils.h	1	upward-named	src/storage/ls/ob_ls_ddl_log_handler.cpp:24	include	both	L24	5
storage-tablet	storage-engine	src/storage/ddl/ob_ddl_direct_load_utils.h	1	upward-named	src/storage/tablet/ob_tablet_ddl_complete_mds_helper.cpp:33	include	both	L33	5
storage-tablet	storage-engine	src/storage/ddl/ob_ddl_direct_load_utils.h	1	upward-named	src/storage/tablet/ob_tablet_ddl_complete_replay_executor.cpp:26	include	both	L26	5
storage-tablet	storage-engine	src/storage/ddl/ob_ddl_merge_schedule.h	1	upward-named	src/storage/ls/ob_ls_ddl_log_handler.cpp:25	include	both	L25	5
storage-tablet	storage-engine	src/storage/ddl/ob_ddl_merge_task.h	1	upward-named	src/storage/tablet/ob_tablet_table_store.cpp:25	include	both	L25	5
storage-tablet	storage-engine	src/storage/ddl/ob_ddl_redo_log_replayer.h	1	upward-named	src/storage/ls/ob_ls_ddl_log_handler.h:21	include	both	L21	5
storage-tablet	storage-engine	src/storage/ddl/ob_ddl_replay_executor.h	1	upward-named	src/storage/ls/ob_ls_ddl_log_handler.cpp:22	include	both	L22	5
storage-tablet	storage-engine	src/storage/ddl/ob_ddl_storage_util.h	1	upward-named	src/storage/tablet/ob_tablet_ddl_complete_mds_helper.cpp:34	include	both	L34	2
storage-tablet	storage-engine	src/storage/ddl/ob_ddl_struct.h	1	upward-named	src/storage/ob_storage_struct.h:31	include	both	L31	unused
storage-tablet	storage-engine	src/storage/ddl/ob_ddl_struct.h	1	upward-named	src/storage/tablet/ob_tablet_create_sstable_param.h:26	include	both	L26	unused
storage-tablet	storage-engine	src/storage/ddl/ob_ddl_struct.h	1	upward-named	src/storage/tablet/ob_tablet_ddl_complete_mds_data.h:26	include	both	L26	5
storage-tablet	storage-engine	src/storage/ddl/ob_ddl_struct.h	1	upward-named	src/storage/tablet/ob_tablet_ddl_complete_mds_helper.h:25	include	both	L25	5
storage-tablet	storage-engine	src/storage/ddl/ob_direct_load_struct.h	1	upward-named	src/storage/tablet/ob_tablet_create_sstable_param.cpp:22	include	both	L22	5
storage-tablet	storage-engine	src/storage/ddl/ob_direct_load_struct.h	1	upward-named	src/storage/tablet/ob_tablet_create_sstable_param.h:48	forward	both	L48 ObTabletDDLParam forward-declared, named at L81 (1 uses), defined at L212	5
storage-tablet	storage-engine	src/storage/ddl/ob_direct_load_struct.h	1	upward-named	src/storage/tablet/ob_tablet_ddl_complete_mds_data.cpp:22	include	both	L22	5
storage-tablet	storage-engine	src/storage/ddl/ob_direct_load_struct.h	1	upward-named	src/storage/tablet/ob_tablet_ddl_complete_mds_data.h:32	forward	both	L32 ObDDLTableMergeDagParam forward-declared, named at L42 (1 uses), defined at L233	5
storage-tablet	storage-engine	src/storage/ddl/ob_direct_load_struct.h	1	upward-named	src/storage/tablet/ob_tablet_ddl_complete_mds_helper.cpp:27	include	both	L27	5
storage-tablet	storage-engine	src/storage/ddl/ob_direct_load_struct.h	1	upward-named	src/storage/tablet/ob_tablet_ddl_complete_replay_executor.cpp:25	include	both	L25	5
storage-tablet	storage-engine	src/storage/ddl/ob_direct_load_struct.h	1	upward-named	src/storage/tablet/ob_tablet_table_store.cpp:24	include	both	L24	unused
storage-tablet	storage-engine	src/storage/ddl/ob_tablet_ddl_kv.h	1	upward-named	src/storage/access/ob_sample_iter_helper.cpp:18	include	both	L18	unused
storage-tablet	storage-engine	src/storage/ddl/ob_tablet_ddl_kv.h	1	upward-named	src/storage/ls/ob_freezer.cpp:24	include	both	L24	2
storage-tablet	storage-engine	src/storage/ddl/ob_tablet_ddl_kv.h	1	upward-named	src/storage/ls/ob_ls_tablet_service.cpp:42	include	both	L42	unused
storage-tablet	storage-engine	src/storage/ddl/ob_tablet_ddl_kv.h	1	upward-named	src/storage/meta_mem/ob_storage_meta_mem_mgr.cpp:24	include	both	L24	5
storage-tablet	storage-engine	src/storage/ddl/ob_tablet_ddl_kv.h	1	upward-named	src/storage/ob_i_table.cpp:23	include	both	L23	unused
storage-tablet	storage-engine	src/storage/ddl/ob_tablet_ddl_kv.h	1	upward-named	src/storage/tablet/ob_table_store_util.cpp:21	include	both	L21	5
storage-tablet	storage-engine	src/storage/ddl/ob_tablet_ddl_kv.h	1	upward-named	src/storage/tablet/ob_table_store_util.h:162	forward	both	L162 ObDDLKV forward-declared, named at L171 (5 uses), defined at L206	5
storage-tablet	storage-engine	src/storage/ddl/ob_tablet_ddl_kv.h	1	upward-named	src/storage/tablet/ob_tablet.cpp:28	include	both	L28	5
storage-tablet	storage-engine	src/storage/ddl/ob_tablet_ddl_kv.h	1	upward-named	src/storage/tablet/ob_tablet_create_sstable_param.cpp:23	include	both	L23	5
storage-tablet	storage-engine	src/storage/ddl/ob_tablet_ddl_kv.h	1	upward-named	src/storage/tablet/ob_tablet_create_sstable_param.h:50	forward	both	L50 ObBlockMetaTree forward-declared, named at L92 (1 uses), defined at L81	5
storage-tablet	storage-engine	src/storage/ddl/ob_tablet_ddl_kv.h	1	upward-named	src/storage/tablet/ob_tablet_table_store.cpp:22	include	both	L22	5
storage-tablet	storage-engine	src/storage/ddl/ob_tablet_ddl_kv_mgr.h	1	upward-named	src/storage/meta_mem/ob_storage_meta_mem_mgr.h:31	include	both	L31	5
storage-tablet	storage-engine	src/storage/ddl/ob_tablet_ddl_kv_mgr.h	1	upward-named	src/storage/meta_mem/ob_tablet_pointer.h:35	forward	both	L35 ObTabletDDLKvMgr forward-declared, named at L37 (1 uses), defined at L103	5
storage-tablet	storage-engine	src/storage/ddl/ob_tablet_ddl_kv_mgr.h	1	upward-named	src/storage/tablet/ob_tablet.h:90	forward	both	L90 ObTabletDDLKvMgr forward-declared, named at L146 (1 uses), defined at L103	5
storage-tablet	storage-engine	src/storage/ddl/ob_tablet_ddl_kv_mgr.h	1	upward-named	src/storage/tablet/ob_tablet_ddl_complete_replay_executor.cpp:24	include	both	L24	unused
storage-tablet	storage-search	src/data_plane/api/data_plane/retrieval/ob_sparse_retrieval.h	1	upward-named	src/data_plane/api/data_plane/access/ob_table_scan_access.h:42	forward	both	L42 ObISparseRetrievalBlockSource forward-declared, named at L114 (1 uses), defined at L154	5
storage-tablet	storage-search	src/data_plane/api/data_plane/vector/ob_vector_index_schema.h	1	upward-named	src/storage/ob_table_dml_param.cpp:23	include	both	L23	2
storage-tablet	storage-search	src/query/api/query/vector/ob_vector_index_util.h	1	upward-named	src/storage/ls/ob_ls_tablet_service.cpp:44	include	both	L44	2
storage-tablet	storage-search	src/storage/api/storage/vector/ob_i_vector_index_runtime.h	1	upward-named	src/storage/ls/ob_ls_tablet_service.cpp:46	include	both	L46	2
storage-tablet	storage-search	src/storage/retrieval/ob_block_stat_iter.h	1	upward-named	src/storage/ls/ob_ls_tablet_service.cpp:36	include	both	L36	2
storage-tablet	storage-search	src/storage/retrieval/ob_block_stat_iter.h	2	upward-named	src/storage/ls/ob_ls_tablet_service.h:94	forward	both	L94 ObBlockStatScanParam forward-declared, named at L379 (1 uses), defined at L32; L95 ObBlockStatIterator forward-declared, named at L380 (1 uses), defined at L66	5
storage-tablet	storage-search	src/storage/retrieval/ob_block_stat_iter.h	1	upward-named	src/storage/tx_storage/ob_access_service.cpp:30	include	both	L30	2
storage-tablet	storage-search	src/storage/retrieval/ob_sparse_vector_block_source.cpp	1	upward-named	src/data_plane/api/data_plane/access/ob_table_scan_access.h:	definition	both	defs=1 oceanbase::data_plane::create_sparse_vector_block_source	2
storage-tablet	sql-parse-tree	src/query/api/query/parser/parse_node.h	1	upward-named	src/storage/ob_order_perserving_encoder.cpp:34	include	both	L34	unused
storage-tablet	sql-session	src/query/api/query/session/ob_session_access.h	1	upward-named	src/storage/ob_iter_cache.cpp:21	include	both	L21	3
storage-tablet	sql-ir	src/query/api/query/resolver/ob_raw_expr_traits.h	1	upward-unnamed	src/storage/access/ob_table_param.cpp:20	include	both	L20	unused
storage-tablet	sql-exec	src/query/api/query/engine/expr/ob_expr.h	2	upward-named	src/storage/access/ob_aggregate_base.h:44	forward	both	L44 ObEvalCtx forward-declared, named at L246 (2 uses), defined at L161; L45 ObExpr forward-declared, named at L262 (2 uses), defined at L342	3
storage-tablet	sql-exec	src/query/api/query/engine/expr/ob_expr.h	1	upward-named	src/storage/access/ob_aggregated_store.h:20	include	both	L20	3
storage-tablet	sql-exec	src/query/api/query/engine/expr/ob_expr.h	1	upward-named	src/storage/access/ob_block_batched_row_store.h:35	forward	both	L35 ObEvalCtx forward-declared, named at L56 (2 uses), defined at L161	3
storage-tablet	sql-exec	src/query/api/query/engine/expr/ob_expr.h	1	upward-named	src/storage/access/ob_pushdown_aggregate.h:21	include	both	L21	3
storage-tablet	sql-exec	src/query/api/query/engine/expr/ob_expr.h	1	upward-named	src/storage/access/ob_vector_store.h:22	include	both	L22	3
storage-tablet	sql-exec	src/query/api/query/engine/expr/ob_expr.h	1	upward-named	src/storage/ob_storage_util.h:24	include	both	L24	3
storage-tablet	sql-expr	src/query/api/query/engine/expr/ob_array_expr_utils.h	1	upward-named	src/storage/access/ob_pushdown_aggregate.cpp:24	include	both	L24	3
storage-tablet	sql-expr	src/query/api/query/engine/expr/ob_array_expr_utils.h	1	upward-named	src/storage/ob_storage_util.cpp:18	include	both	L18	unused
storage-tablet	sql-expr	src/query/api/query/engine/expr/ob_decimal_int_scale.h	1	upward-named	src/storage/access/ob_pushdown_aggregate.cpp:23	include	both	L23	3
storage-tablet	sql-expr	src/query/api/query/engine/expr/ob_expr_lob_utils.h	1	upward-named	src/storage/access/ob_multiple_merge.cpp:22	include	both	L22	3
storage-tablet	sql-expr	src/query/api/query/engine/expr/ob_expr_util.h	1	upward-named	src/storage/lob/ob_lob_manager.cpp:32	include	both	L32	3
storage-tablet	rootserver	src/rootserver/ob_local_management_service.cpp	4	upward-unnamed	src/data_plane/api/data_plane/ddl/ob_ddl_coordinator.h:	definition	both	defs=4 oceanbase::data_plane::rebuild_vector_index	2
storage-tablet	observer	src/observer/ob_tablet_runtime_meta_updater.cpp	4	upward-named	src/data_plane/api/data_plane/report/ob_tablet_report.h:	definition	both	defs=4 oceanbase::data_plane::get_stalled_tablet_update_tasks	2
storage-tablet	observer	src/observer/vector_index/ob_vector_index_async_task.cpp	2	upward-named	src/data_plane/api/data_plane/vector/ob_i_vector_index_runtime.h:	definition	both	defs=2 oceanbase::data_plane::process_vector_index_embedding_task	2
storage-tablet	observer	src/query/api/query/session/ob_inner_sql_connection_access.h	1	upward-named	src/storage/tablet/ob_tablet_binding_helper.cpp:20	include	both	L20	2
storage-tablet	observer	src/query/api/query/session/ob_inner_sql_connection_access.h	1	upward-named	src/storage/tablet/ob_tablet_ddl_complete_mds_helper.cpp:22	include	both	L22	2
storage-tablet	observer	src/query/api/query/session/ob_inner_sql_connection_access.h	1	upward-named	src/storage/tablet/ob_tablet_fork_mds_helper.cpp:21	include	both	L21	2
storage-tablet	x-dropped	src/oblib/easy/util/easy_time.h	1	uses-dropped	src/storage/multi_data_source/ob_mds_event_buffer.h:27	include	both	L27	gone
storage-engine	storage-search	src/query/api/query/vector/ob_vector_index_util.h	1	upward-named	src/storage/ddl/ob_ddl_struct.cpp:20	include	both	L20	2
storage-engine	storage-search	src/query/api/query/vector/ob_vector_index_util.h	1	upward-named	src/storage/ddl/ob_direct_load_struct.cpp:35	include	both	L35	unused
storage-engine	storage-search	src/query/api/query/vector/ob_vector_index_util.h	1	upward-named	src/storage/ddl/ob_vector_index_ddl_pipeline.h:23	include	both	L23	2
storage-engine	storage-search	src/storage/api/storage/vector/ob_i_vector_index_runtime.h	1	upward-named	src/storage/ddl/ob_ddl_pipeline.cpp:20	include	both	L20	2
storage-engine	storage-search	src/storage/api/storage/vector/ob_i_vector_index_runtime.h	1	upward-named	src/storage/ddl/ob_direct_load_struct.cpp:37	include	both	L37	1
storage-engine	storage-search	src/storage/api/storage/vector/ob_i_vector_index_runtime.h	1	upward-named	src/storage/ddl/ob_hnsw_embedmgr.cpp:24	include	both	L24	2
storage-engine	storage-search	src/storage/vector_index/ob_vector_kmeans_ctx.h	1	upward-named	src/storage/ddl/ob_direct_load_struct.cpp:36	include	both	L36	unused
storage-engine	storage-search	src/storage/vector_index/ob_vector_kmeans_ctx.h	1	upward-named	src/storage/ddl/ob_vector_index_ddl_pipeline.h:24	include	both	L24	2
storage-engine	sql-exec	src/query/api/query/engine/ob_batch_rows.h	1	upward-named	src/storage/ddl/ob_ddl_vector_utils.h:22	include	both	L22	unused
storage-engine	sql-exec	src/query/api/query/engine/ob_batch_rows.h	1	upward-named	src/storage/ddl/ob_tablet_slice_writer.cpp:27	include	both	L27	unused
storage-engine	sql-exec	src/sql/engine/ob_exec_context.h	1	upward-named	src/storage/ddl/ob_direct_load_struct.h:44	forward	both	L44 ObExecContext forward-declared, named at L163 (1 uses), defined at L220	3
storage-engine	sql-expr	src/query/api/query/engine/expr/ob_ai_model_resolver.h	1	upward-named	src/storage/ddl/ob_hnsw_embedmgr.cpp:22	include	both	L22	3
storage-engine	sql-expr	src/query/api/query/engine/expr/ob_array_expr_utils.h	1	upward-named	src/storage/ddl/ob_ddl_pipeline.cpp:28	include	both	L28	3
storage-engine	sql-expr	src/query/api/query/engine/expr/ob_array_expr_utils.h	1	upward-named	src/storage/ddl/ob_direct_load_struct.cpp:38	include	both	L38	unused
storage-engine	sql-expr	src/query/api/query/engine/expr/ob_expr_lob_utils.h	1	upward-named	src/storage/ddl/ob_ddl_pipeline.cpp:27	include	both	L27	3
storage-engine	sql-expr	src/query/api/query/engine/expr/ob_expr_lob_utils.h	1	upward-named	src/storage/ddl/ob_hnsw_embedmgr.cpp:23	include	both	L23	3
storage-engine	sql-das	src/query/api/query/vector/ob_vector_embedding_handler.h	1	upward-named	src/storage/ddl/ob_hnsw_embedmgr.h:24	include	both	L24	3
storage-engine	sql-das	src/query/api/query/vector/ob_vector_embedding_handler.h	1	upward-named	src/storage/ddl/ob_vector_index_ddl_pipeline.h:25	include	both	L25	unused
storage-engine	rootserver	src/rootserver/ddl_task/ob_ddl_task.h	1	upward-named	src/storage/ddl/ob_ddl_insert_dag.cpp:22	include	both	L22	unused
storage-engine	rootserver	src/rootserver/ob_local_management_service.cpp	1	upward-named	src/data_plane/api/data_plane/ddl/ob_ddl_schedule.h:	definition	both	defs=1 oceanbase::data_plane::load_idempotent_ddl_tablet_slice_counts	2
storage-search	sql-session	src/sql/session/ob_sql_session_info.h	1	upward-unnamed	src/query/api/query/vector/ob_vector_index_util.h:53	forward	both	L53 ObSQLSessionInfo forward-declared, named at L479 (3 uses), defined at L183	3
storage-search	sql-ir	src/sql/ob_sql_context.h	1	upward-named	src/query/api/query/vector/ob_vector_index_util.h:54	forward	both	L54 ObSqlSchemaGuard forward-declared, named at L653 (2 uses), defined at L322	3
storage-search	sql-ir	src/sql/resolver/dml/ob_dml_stmt.h	1	upward-named	src/query/api/query/vector/ob_vector_index_util.h:50	forward	both	L50 ObDMLStmt forward-declared, named at L880 (1 uses), defined at L561	3
storage-search	sql-ir	src/sql/resolver/expr/ob_raw_expr.h	1	upward-named	src/query/api/query/vector/ob_vector_index_util.h:52	forward	both	L52 ObRawExpr forward-declared, named at L683 (4 uses), defined at L1761	3
storage-search	sql-exec	src/query/api/query/engine/basic/ob_spill_row_store.h	1	upward-named	src/storage/retrieval/ob_sparse_taat_iter.h:20	include	both	L20	3
storage-search	sql-exec	src/query/api/query/engine/expr/ob_expr.h	3	upward-named	src/storage/retrieval/ob_i_sparse_retrieval_iter.h:33	forward	both	L33 ObEvalCtx forward-declared, named at L41 (2 uses), defined at L161; L34 ObExpr forward-declared, named at L42 (5 uses), defined at L342; L35 ObDatumMeta forward-declared, named at L40 (1 uses), defined at L65	3
storage-search	sql-exec	src/query/api/query/engine/expr/ob_expr.h	2	upward-named	src/storage/retrieval/ob_inv_idx_param_estimator.h:27	forward	both	L27 ObExpr forward-declared, named at L42 (3 uses), defined at L342; L28 ObEvalCtx forward-declared, named at L42 (2 uses), defined at L161	3
storage-search	sql-exec	src/query/api/query/engine/expr/ob_expr.h	1	upward-named	src/storage/retrieval/ob_spiv_dim_iter.h:21	include	both	L21	3
storage-search	sql-exec	src/query/api/query/engine/expr/ob_expr.h	1	upward-named	src/storage/retrieval/ob_text_retrieval_token_iter.h:21	include	both	L21	3
storage-search	sql-exec	src/query/api/query/scheduler/ob_scheduler_job.h	1	upward-named	src/query/api/query/vector/ob_vector_index_util.h:58	forward	both	L58 ObDBMSSchedJobInfo forward-declared, named at L780 (1 uses), defined at L75	3
storage-search	sql-exec	src/sql/engine/ob_exec_context.h	1	upward-named	src/observer/vector_index/ob_vector_index_util.cpp:27	include	both	L27	3
storage-search	sql-exec	src/sql/engine/ob_exec_context.h	1	upward-named	src/query/api/query/vector/ob_vector_index_util.h:51	forward	both	L51 ObExecContext forward-declared, named at L844 (2 uses), defined at L220	3
storage-search	sql-expr	src/query/api/query/engine/expr/ob_array_expr_utils.h	1	upward-named	src/observer/vector_index/ob_vector_index_util.cpp:25	include	both	L25	3
storage-search	sql-expr	src/query/api/query/engine/expr/ob_expr_bm25.h	1	upward-named	src/storage/retrieval/ob_block_max_iter.h:21	include	both	L21	3
storage-search	sql-expr	src/query/api/query/engine/expr/ob_expr_bm25.h	1	upward-named	src/storage/retrieval/ob_block_stat_collector.cpp:19	include	both	L19	3
storage-search	sql-expr	src/query/api/query/engine/expr/ob_expr_bm25.h	1	upward-named	src/storage/retrieval/ob_inv_idx_param_estimator.cpp:19	include	both	L19	3
storage-search	sql-expr	src/query/api/query/engine/expr/ob_expr_bm25.h	1	upward-named	src/storage/retrieval/ob_text_retrieval_token_iter.cpp:22	include	both	L22	3
storage-search	sql-expr	src/query/api/query/engine/expr/ob_expr_operator.h	1	upward-named	src/query/api/query/vector/ob_vector_index_util.h:26	include	both	L26	3
storage-search	sql-expr	src/query/api/query/engine/expr/ob_expr_util.h	1	upward-named	src/storage/retrieval/ob_inv_idx_param_estimator.cpp:20	include	both	L20	3
storage-search	sql-expr	src/sql/engine/expr/ob_expr_ai/ob_ai_func_utils.h	1	upward-named	src/observer/vector_index/ob_vector_index_util.cpp:41	include	both	L41	3
storage-search	sql-expr	src/sql/engine/expr/ob_expr_vector.h	1	upward-named	src/observer/vector_index/ob_vector_index_util.cpp:26	include	both	L26	3
storage-search	sql-das	src/query/api/query/das/ob_das_id_protocol.h	1	upward-named	src/storage/retrieval/ob_block_max_iter.h:20	include	both	L20	3
storage-search	sql-das	src/query/api/query/das/ob_das_id_protocol.h	1	upward-named	src/storage/retrieval/ob_i_sparse_retrieval_iter.h:21	include	both	L21	3
storage-search	sql-das	src/query/api/query/vector/ob_vector_embedding_handler.h	1	upward-named	src/storage/api/storage/vector/ob_i_vector_index_runtime.h:21	include	both	L21	3
storage-search	sql-das	src/query/api/query/vector/ob_vector_index_service.h	1	upward-named	src/observer/vector_index/ob_vector_index_util.cpp:33	include	both	L33	3
storage-search	sql-das	src/query/api/query/vector/ob_vector_index_service.h	1	upward-named	src/query/api/query/vector/ob_vector_index_util.h:62	forward	both	L62 ObIVectorIndexService forward-declared, named at L846 (1 uses), defined at L30	3
storage-search	sql-das	src/sql/das/iter/ob_das_scan_iter.cpp	7	upward-named	src/query/api/query/das/ob_das_iter_access.h:	definition	both	defs=7 oceanbase::query::das_scan_advance	3
storage-search	sql-das	src/sql/das/iter/ob_das_scan_iter.h	1	upward-named	src/query/api/query/das/ob_das_iter_access.h:26	forward	both	L26 ObDASScanIter forward-declared, named at L35 (7 uses), defined at L52	3
storage-search	sql-das	src/sql/das/iter/ob_das_scan_iter.h	1	upward-named	src/storage/retrieval/ob_inv_idx_param_estimator.h:29	forward	both	L29 ObDASScanIter forward-declared, named at L60 (1 uses), defined at L52	3
storage-search	sql-das	src/sql/das/iter/ob_das_scan_iter.h	1	upward-named	src/storage/retrieval/ob_spiv_dim_iter.h:28	forward	both	L28 ObDASScanIter forward-declared, named at L56 (4 uses), defined at L52	3
storage-search	sql-das	src/sql/das/iter/ob_das_scan_iter.h	1	upward-named	src/storage/retrieval/ob_text_retrieval_token_iter.h:28	forward	both	L28 ObDASScanIter forward-declared, named at L55 (4 uses), defined at L52	3
storage-search	sql-das	src/sql/das/iter/ob_das_text_retrieval_eval_node.cpp	2	upward-named	src/query/api/query/das/ob_fts_eval_node_access.h:	definition	both	defs=2 oceanbase::query::evaluate_fts_boolean	3
storage-search	sql-das	src/sql/das/iter/ob_das_text_retrieval_eval_node.h	1	upward-named	src/query/api/query/das/ob_fts_eval_node_access.h:28	forward	both	L28 ObFtsEvalNode forward-declared, named at L33 (2 uses), defined at L28	3
storage-search	sql-das	src/sql/das/iter/ob_das_text_retrieval_eval_node.h	1	upward-named	src/storage/retrieval/ob_sparse_utils.h:26	forward	both	L26 ObFtsEvalNode forward-declared, named at L67 (2 uses), defined at L28	3
storage-search	sql-das	src/sql/das/ob_das_ir_define.cpp	2	upward-named	src/query/api/query/das/ob_block_max_spec_access.h:	definition	both	defs=2 oceanbase::query::get_text_block_max_column	3
storage-search	sql-das	src/sql/das/ob_das_ir_define.h	1	upward-named	src/query/api/query/das/ob_block_max_spec_access.h:27	forward	both	L27 ObDASIRScanCtDef forward-declared, named at L62 (2 uses), defined at L65	3
storage-search	sql-das	src/sql/das/ob_das_ir_define.h	1	upward-named	src/storage/retrieval/ob_block_max_iter.h:29	forward	both	L29 ObDASIRScanCtDef forward-declared, named at L68 (1 uses), defined at L65	3
storage-search	sql-das	src/sql/das/ob_das_scan_op.h	2	upward-named	src/storage/retrieval/ob_spiv_dim_iter.h:29	forward	both	L29 ObDASScanCtDef forward-declared, named at L62 (2 uses), defined at L36; L30 ObDASScanRtDef forward-declared, named at L63 (2 uses), defined at L145	3
storage-search	sql-das	src/sql/das/ob_das_vec_define.cpp	2	upward-named	src/query/api/query/das/ob_block_max_spec_access.h:	definition	both	defs=2 oceanbase::query::get_vector_block_max_column	3
storage-search	sql-das	src/sql/das/ob_das_vec_define.h	1	upward-named	src/query/api/query/das/ob_block_max_spec_access.h:28	forward	both	L28 ObDASVecAuxScanCtDef forward-declared, named at L69 (2 uses), defined at L60	3
storage-search	sql-das	src/sql/das/ob_das_vec_define.h	1	upward-named	src/storage/retrieval/ob_block_max_iter.h:30	forward	both	L30 ObDASVecAuxScanCtDef forward-declared, named at L69 (1 uses), defined at L60	3
storage-search	sql-resolver	src/sql/resolver/ddl/ob_fts_index_builder_util.h	1	upward-named	src/observer/vector_index/ob_vector_index_util.cpp:29	include	both	L29	3
storage-search	sql-resolver	src/sql/resolver/ddl/ob_vec_index_builder_util.h	1	upward-named	src/observer/vector_index/ob_vector_index_util.cpp:28	include	both	L28	3
storage-search	rootserver	src/rootserver/ob_ddl_operator.h	1	upward-named	src/observer/vector_index/ob_vector_index_util.cpp:30	include	both	L30	2
storage-search	rootserver	src/rootserver/ob_ddl_operator.h	1	upward-named	src/query/api/query/vector/ob_vector_index_util.h:43	forward	both	L43 ObDDLOperator forward-declared, named at L711 (3 uses), defined at L86	2
storage-search	rootserver	src/rootserver/ob_ddl_service.h	1	upward-named	src/observer/vector_index/ob_vector_index_util.cpp:31	include	both	L31	2
storage-search	rootserver	src/rootserver/ob_ddl_service.h	2	upward-named	src/query/api/query/vector/ob_vector_index_util.h:44	forward	both	L44 ObDDLSQLTransaction forward-declared, named at L736 (2 uses), defined at L2054; L45 ObDDLService forward-declared, named at L737 (3 uses), defined at L88	2
storage-search	observer	src/observer/vector_index/ob_plugin_vector_index_adaptor.cpp	8	upward-named	src/query/api/query/vector/ob_vector_index_util.h:	definition	both	defs=8 oceanbase::share::ObVectorIndexParam	1
storage-search	observer	src/observer/vector_index/ob_plugin_vector_index_service.h	1	upward-named	src/observer/vector_index/ob_vector_index_util.cpp:35	include	both	L35	2
storage-search	observer	src/observer/vector_index/ob_plugin_vector_index_utils.h	1	upward-named	src/observer/vector_index/ob_vector_index_util.cpp:34	include	both	L34	2
storage-search	observer	src/observer/vector_index/ob_vector_index_sched_job_utils.h	1	upward-named	src/observer/vector_index/ob_vector_index_util.cpp:24	include	both	L24	2
storage-search	observer	src/query/api/query/vector/ob_vector_index_adaptor.h	1	upward-named	src/observer/vector_index/ob_vector_index_util.cpp:36	include	both	L36	2
storage-search	observer	src/query/api/query/vector/ob_vector_index_adaptor.h	1	upward-named	src/storage/api/storage/vector/ob_i_vector_index_runtime.h:20	include	both	L20	2
storage-search	observer	src/query/api/query/vector/ob_vector_query_result.h	1	upward-named	src/observer/vector_index/ob_vector_index_util.cpp:32	include	both	L32	2
sql-parse-tree	sql-ir	src/sql/ob_sql_utils.cpp	1	upward-unnamed	src/query/api/query/parser/parse_node.h:	definition	both	defs=1 check_stack_overflow_c; L1964 check_stack_overflow_c declared at L461	gone
sql-parse-tree	sql-parser	src/pl/parser/ob_pl_parser.cpp	1	upward-unnamed	src/query/api/query/parser/parse_node.h:	definition	both	defs=1 obpl_parser_check_stack_overflow; L28 obpl_parser_check_stack_overflow declared at L401	gone
sql-parse-tree	pl	src/pl/ob_pl_stmt.cpp	1	upward-unnamed	src/query/api/query/parser/parse_node.h:	definition	both	defs=1 lookup_pl_symbol	4
sql-parser-sys	ob-schema	src/share/schema/ob_priv_type.h	1	gone	src/sql/parser/sql_parser_base.h:30	from-island	both	include L30	gone
sql-parser-sys	sql-parser	src/sql/parser/ob_parse_simd.cpp	1	upward-named	src/sql/parser/parse_node.c:532	from-island	both	link L532 ob_parse_binary_simd defined at L204 used at L552{defined(__GNUC__) && defined(__x86_64__)} (not seen in the reference build)	gone
sql-session	sql-ir	src/sql/ob_optimizer_trace_impl.h	1	upward-named	src/sql/session/ob_sql_session_info.h:41	include	both	L41	2
sql-session	sql-exec	src/query/api/query/command/ob_root_command_service.h	1	upward-named	src/sql/session/ob_sql_session_info.cpp:23	include	both	L23	unused
sql-session	sql-exec	src/query/api/query/protocol/ob_client_protocol.h	1	upward-named	src/sql/session/ob_sql_session_info.h:99	forward	both	L99 ObIQueryResultSender forward-declared, named at L555 (3 uses), defined at L54	2
sql-session	sql-exec	src/query/api/query/scheduler/ob_scheduler_job.h	1	upward-named	src/sql/session/ob_sql_session_info.h:62	forward	both	L62 ObDBMSSchedJobInfo forward-declared, named at L1016 (3 uses), defined at L75	2
sql-session	sql-exec	src/sql/engine/ob_exec_context.h	1	upward-named	src/sql/session/ob_system_variable.cpp:22	include	both	L22	2
sql-session	sql-exec	src/sql/engine/ob_exec_context.h	1	upward-named	src/sql/session/ob_system_variable.h:30	forward	both	L30 ObExecContext forward-declared, named at L147 (53 uses), defined at L220	2
sql-session	sql-exec	src/sql/engine/ob_physical_plan.h	1	upward-named	src/sql/session/ob_basic_session_info.cpp:32	include	both	L32	2
sql-session	sql-exec	src/sql/engine/ob_physical_plan.h	1	upward-named	src/sql/session/ob_basic_session_info.h:68	forward	both	L68 ObPhysicalPlan forward-declared, named at L300 (3 uses), defined at L60	2
sql-session	sql-exec	src/sql/engine/ob_physical_plan.h	1	upward-named	src/sql/session/ob_sys_params_mgr.h:21	include	both	L21	unused
sql-session	sql-expr	src/sql/engine/expr/ob_expr_plsql_variable.h	1	upward-named	src/sql/session/ob_system_variable.cpp:25	include	both	L25	gone
sql-session	sql-expr	src/sql/engine/expr/ob_expr_regexp_context.h	1	upward-named	src/sql/session/ob_basic_session_info.cpp:31	include	both	L31	1
sql-session	sql-expr	src/sql/engine/expr/ob_expr_uuid.h	1	upward-named	src/sql/session/ob_system_variable.cpp:26	include	both	L26	2
sql-session	sql-engine	src/sql/engine/dml/ob_trigger_handler.h	1	upward-named	src/sql/session/ob_sql_session_mgr.cpp:25	include	both	L25	unused
sql-session	sql-optimizer	src/sql/optimizer/stat/ob_opt_stat_manager.h	1	upward-named	src/sql/session/ob_sql_session_info.cpp:33	include	both	L33	unused
sql-session	sql	src/sql/monitor/ob_exec_stat.h	1	upward-named	src/sql/session/ob_sql_session_info.h:39	include	both	L39	1
sql-session	sql	src/sql/ob_end_trans_callback.h	1	upward-named	src/sql/session/ob_sql_session_info.h:36	include	both	L36	2
sql-session	sql	src/sql/ob_end_trans_callback.h	1	upward-named	src/sql/session/ob_sql_session_mgr.h:25	include	both	L25	2
sql-session	sql	src/sql/ob_sql_context.h	1	upward-named	src/sql/session/ob_basic_session_info.h:49	include	both	L49	1
sql-session	sql	src/sql/plan_cache/ob_plan_cache_util.h	1	upward-named	src/sql/session/ob_sql_session_info.h:42	include	both	L42	1
sql-session	sql	src/sql/plan_cache/ob_prepare_stmt_struct.h	1	upward-named	src/sql/session/ob_basic_session_info.cpp:25	include	both	L25	1
sql-session	sql	src/sql/plan_cache/ob_prepare_stmt_struct.h	1	upward-named	src/sql/session/ob_sql_session_info.h:95	forward	both	L95 ObPsStmtInfo forward-declared, named at L685 (1 uses), defined at L142	2
sql-session	sql	src/sql/plan_cache/ob_ps_cache.h	1	upward-named	src/sql/session/ob_sql_session_info.cpp:32	include	both	L32	2
sql-session	sql	src/sql/plan_cache/ob_ps_cache.h	1	upward-named	src/sql/session/ob_sql_session_info.h:93	forward	both	L93 ObPsCache forward-declared, named at L690 (2 uses), defined at L73	2
sql-session	sql	src/sql/plan_cache/ob_ps_cache.h	1	upward-named	src/sql/session/ob_sql_session_mgr.h:42	forward	both	L42 ObPsCache forward-declared, named at L58 (2 uses), defined at L73	2
sql-session	sql	src/sql/session/ob_piece_cache.h	1	upward-named	src/sql/session/ob_sql_session_info.h:98	forward	both	L98 ObPieceCache forward-declared, named at L818 (3 uses), defined at L161	2
sql-session	pl	src/sql/pl/ob_pl.h	2	upward-named	src/sql/session/ob_sql_session_info.h:69	forward	both	L69 ObPLSqlCodeInfo forward-declared, named at L542 (1 uses), defined at L373; L70 ObPLContext forward-declared, named at L548 (4 uses), defined at L668	4
sql-session	pl	src/sql/pl/ob_pl_package.h	1	upward-named	src/sql/session/ob_sql_session_info.cpp:29	include	both	L29	4
sql-session	pl	src/sql/pl/ob_pl_package_state.h	1	upward-named	src/sql/session/ob_basic_session_info.cpp:28	include	both	L28	4
sql-session	pl	src/sql/pl/ob_pl_package_state.h	1	upward-named	src/sql/session/ob_sql_session_info.h:66	forward	both	L66 ObPLPackageState forward-declared, named at L176 (3 uses), defined at L76	4
sql-session	pl	src/sql/pl/ob_pl_server_cursor.h	1	upward-named	src/sql/session/ob_basic_session_info.cpp:29	include	both	L29	4
sql-session	pl	src/sql/pl/ob_pl_server_cursor.h	1	upward-named	src/sql/session/ob_sql_session_info.cpp:30	include	both	L30	4
sql-session	pl	src/sql/pl/ob_pl_server_cursor.h	1	upward-named	src/sql/session/ob_sql_session_info.h:71	forward	both	L71 ObPLServerCursorInfo forward-declared, named at L587 (1 uses), defined at L28	4
sql-session	observer	src/oblib/rpc/obmysql/ob_sql_sock_session.h	1	upward-named	src/sql/session/ob_basic_session_info.cpp:30	include	both	L30	unused
sql-session	observer	src/query/api/query/session/ob_inner_sql_connection_access.h	1	upward-named	src/query/api/query/session/ob_session_inner_sql.h:22	include	both	L22	2
sql-session	observer	src/sql/ob_mysql_end_trans_cb.h	1	upward-named	src/sql/session/ob_sql_session_info.h:58	forward	both	L58 ObSqlEndTransCb forward-declared, named at L600 (1 uses), defined at L47	2
sql-ir	sql-exec	src/query/api/query/command/ob_root_command_service.h	1	upward-named	src/sql/resolver/ob_resolver_define.h:39	forward	both	L39 ObIRootCommandService forward-declared, named at L395 (1 uses), defined at L36	5
sql-ir	sql-exec	src/query/api/query/engine/expr/ob_expr.h	1	upward-named	src/query/api/query/engine/expr/ob_sql_expression.h:33	forward	both	L33 ObExpr forward-declared, named at L263 (1 uses), defined at L342	5
sql-ir	sql-exec	src/query/api/query/protocol/ob_mysql_protocol_util.h	1	upward-named	src/pl/ob_pl_user_type.cpp:20	include	both	L20	unused
sql-ir	sql-exec	src/sql/engine/expr/ob_expr_frame_info.h	1	upward-named	src/sql/ob_sql_utils.h:33	include	both	L33	5
sql-ir	sql-exec	src/sql/engine/ob_exec_context.h	1	upward-named	src/query/api/query/engine/expr/ob_sql_expression.h:29	forward	both	L29 ObExecContext forward-declared, named at L87 (2 uses), defined at L220	5
sql-ir	sql-exec	src/sql/engine/ob_exec_context.h	1	upward-named	src/sql/pl/ob_pl_type.h:50	forward	both	L50 ObExecContext forward-declared, named at L449 (1 uses), defined at L220	5
sql-ir	sql-exec	src/sql/engine/ob_physical_plan.h	1	upward-named	src/sql/ob_sql_utils.h:71	forward	both	L71 ObPhysicalPlan forward-declared, named at L1056 (2 uses), defined at L60	5
sql-ir	sql-exec	src/sql/engine/ob_physical_plan_ctx.h	1	upward-named	src/query/api/query/engine/expr/ob_sql_expression.h:27	forward	both	L27 ObPhysicalPlanCtx forward-declared, named at L85 (2 uses), defined at L73	5
sql-ir	sql-expr	src/query/api/query/engine/expr/ob_expr_lob_utils.h	1	upward-named	src/sql/ob_sql_utils.cpp:31	include	both	L31	5
sql-ir	sql-expr	src/query/api/query/engine/expr/ob_expr_operator.h	1	upward-named	src/sql/resolver/expr/ob_raw_expr.h:36	include	both	L36	2
sql-ir	sql-expr	src/sql/engine/expr/ob_expr_autoinc_nextval.h	1	upward-named	src/sql/resolver/expr/ob_raw_expr.cpp:27	include	both	L27	2
sql-ir	sql-expr	src/sql/engine/expr/ob_expr_calc_partition_id.h	1	upward-named	src/sql/resolver/expr/ob_raw_expr.h:43	include	both	L43	2
sql-ir	sql-expr	src/sql/engine/expr/ob_expr_collection_construct.h	1	upward-named	src/sql/resolver/expr/ob_raw_expr.cpp:32	include	both	L32	2
sql-ir	sql-expr	src/sql/engine/expr/ob_expr_column_conv.h	1	upward-named	src/sql/printer/ob_raw_expr_printer.cpp:20	include	both	L20	2
sql-ir	sql-expr	src/sql/engine/expr/ob_expr_column_conv.h	1	upward-named	src/sql/resolver/expr/ob_raw_expr_util.cpp:24	include	both	L24	2
sql-ir	sql-expr	src/sql/engine/expr/ob_expr_column_conv.h	1	upward-named	src/sql/resolver/expr/ob_raw_expr_wrap_enum_set.cpp:21	include	both	L21	2
sql-ir	sql-expr	src/sql/engine/expr/ob_expr_demote_cast.h	1	upward-named	src/sql/printer/ob_raw_expr_printer.cpp:22	include	both	L22	unused
sql-ir	sql-expr	src/sql/engine/expr/ob_expr_func_part_hash.h	1	upward-named	src/sql/ob_sql_utils.cpp:23	include	both	L23	5
sql-ir	sql-expr	src/sql/engine/expr/ob_expr_join_filter.h	1	upward-named	src/sql/resolver/expr/ob_raw_expr.h:42	include	both	L42	2
sql-ir	sql-expr	src/sql/engine/expr/ob_expr_object_construct.h	1	upward-named	src/sql/resolver/expr/ob_raw_expr.cpp:33	include	both	L33	2
sql-ir	sql-expr	src/sql/engine/expr/ob_expr_operator.cpp	3	upward-named	src/query/api/query/engine/expr/ob_expr_res_type.h:	definition	both	defs=3 oceanbase::sql::ObExprResType	1
sql-ir	sql-expr	src/sql/engine/expr/ob_expr_operator_factory.h	1	upward-named	src/sql/resolver/expr/ob_raw_expr.h:37	include	both	L37	5
sql-ir	sql-expr	src/sql/engine/expr/ob_expr_pl_get_cursor_attr.h	1	upward-named	src/sql/resolver/expr/ob_raw_expr.cpp:29	include	both	L29	5
sql-ir	sql-expr	src/sql/engine/expr/ob_expr_pl_sqlcode_sqlerrm.h	1	upward-named	src/sql/resolver/expr/ob_raw_expr.cpp:30	include	both	L30	5
sql-ir	sql-expr	src/sql/engine/expr/ob_expr_plsql_variable.h	1	upward-named	src/sql/resolver/expr/ob_raw_expr.cpp:31	include	both	L31	5
sql-ir	sql-expr	src/sql/engine/expr/ob_expr_result_type_util.h	1	upward-named	src/sql/resolver/expr/ob_raw_expr_type_demotion.cpp:21	include	both	L21	5
sql-ir	sql-expr	src/sql/engine/expr/ob_expr_to_type.h	1	upward-named	src/sql/resolver/expr/ob_raw_expr_util.cpp:22	include	both	L22	5
sql-ir	sql-expr	src/sql/engine/expr/ob_expr_type_to_str.h	1	upward-named	src/sql/resolver/expr/ob_raw_expr_util.cpp:23	include	both	L23	5
sql-ir	sql-expr	src/sql/engine/expr/ob_expr_udf.h	1	upward-named	src/sql/resolver/expr/ob_raw_expr.cpp:28	include	both	L28	5
sql-ir	sql-expr	src/sql/engine/expr/ob_expr_version.h	1	upward-named	src/sql/optimizer/ob_optimizer_util.cpp:19	include	both	L19	5
sql-ir	sql-expr	src/sql/engine/expr/ob_infix_expression.h	1	upward-named	src/query/api/query/engine/expr/ob_sql_expression.h:31	forward	both	L31 ObInfixExpression forward-declared, named at L123 (1 uses), defined at L73	5
sql-ir	sql-expr	src/sql/engine/expr/ob_lob_result_materializer.h	1	upward-named	src/pl/ob_pl_type.cpp:21	include	both	L21	unused
sql-ir	sql-expr	src/sql/engine/expr/ob_sql_expression.h	1	upward-named	src/sql/pl/ob_pl_type.h:48	forward	both	L48 ObSqlExpression forward-declared, named at L450 (1 uses), defined at L62	5
sql-ir	sql-expr	src/sql/resolver/expr/ob_raw_expr_deduce_type.h	1	upward-named	src/sql/resolver/expr/ob_raw_expr.cpp:22	include	both	L22	5
sql-ir	sql-das	src/sql/optimizer/ob_phy_table_location_info.h	2	upward-named	src/sql/ob_optimizer_trace_impl.h:55	forward	both	L55 ObOptTabletLoc forward-declared, named at L353 (1 uses), defined at L28; L56 ObCandiTabletLoc forward-declared, named at L354 (1 uses), defined at L78	5
sql-ir	sql-das	src/sql/optimizer/ob_phy_table_location_info.h	1	upward-named	src/sql/ob_sql_utils.h:86	forward	both	L86 ObCandiTabletLoc forward-declared, named at L644 (1 uses), defined at L78	5
sql-ir	sql-parser	src/sql/parser/ob_parser.h	1	upward-named	src/sql/resolver/ob_stmt.cpp:20	include	both	L20	5
sql-ir	sql-parser	src/sql/pl/parser/ob_pl_parser.h	1	upward-named	src/sql/printer/ob_schema_printer.h:23	include	both	L23	5
sql-ir	sql-resolver	src/sql/resolver/ddl/ob_create_view_resolver.h	1	upward-named	src/sql/ob_sql_utils.cpp:34	include	both	L34	5
sql-ir	sql-resolver	src/sql/resolver/ddl/ob_fts_index_builder_util.h	1	upward-named	src/sql/printer/ob_schema_printer.cpp:22	include	both	L22	5
sql-ir	sql-resolver	src/sql/resolver/dml/ob_dml_resolver.h	1	upward-named	src/sql/printer/ob_dml_stmt_printer.h:21	include	both	L21	5
sql-ir	sql-resolver	src/sql/resolver/dml/ob_dml_resolver.h	1	upward-named	src/sql/resolver/expr/ob_raw_expr_util.h:44	forward	both	L44 ObDMLResolver forward-declared, named at L289 (3 uses), defined at L85	5
sql-ir	sql-resolver	src/sql/resolver/dml/ob_inlist_resolver.h	1	upward-named	src/sql/resolver/expr/ob_raw_expr.h:70	forward	both	L70 ObInListInfo forward-declared, named at L1658 (1 uses), defined at L31	5
sql-ir	sql-resolver	src/sql/resolver/dml/ob_inlist_resolver.h	1	upward-named	src/sql/resolver/expr/ob_raw_expr_resolver_impl.cpp:22	include	both	L22	5
sql-ir	sql-resolver	src/sql/resolver/dml/ob_inlist_resolver.h	2	upward-named	src/sql/resolver/expr/ob_raw_expr_util.cpp:28	include	both	L28; L31	5
sql-ir	sql-resolver	src/sql/resolver/dml/ob_select_resolver.h	1	upward-named	src/sql/resolver/expr/ob_raw_expr_util.cpp:27	include	both	L27	5
sql-ir	sql-resolver	src/sql/resolver/ob_resolver_utils.h	1	upward-named	src/pl/ob_pl_type.cpp:19	include	both	L19	unused
sql-ir	sql-resolver	src/sql/resolver/ob_resolver_utils.h	1	upward-named	src/sql/resolver/expr/ob_raw_expr_util.h:27	include	both	L27	5
sql-ir	sql-resolver	src/sql/resolver/ob_resolver_utils.h	1	upward-named	src/sql/resolver/ob_stmt.cpp:19	include	both	L19	unused
sql-ir	sql-resolver	src/sql/resolver/ob_schema_checker.h	1	upward-named	src/sql/resolver/ob_resolver_define.h:29	include	both	L29	5
sql-ir	sql-resolver	src/sql/resolver/ob_stmt_resolver.h	1	upward-named	src/pl/ob_pl_type.cpp:22	include	both	L22	unused
sql-ir	sql-resolver	src/sql/resolver/ob_stmt_resolver.h	1	upward-named	src/sql/resolver/expr/ob_raw_expr_resolver.h:22	include	both	L22	unused
sql-ir	sql-rewrite	src/sql/rewrite/ob_predicate_deduce.h	1	upward-named	src/sql/optimizer/ob_optimizer_util.cpp:23	include	both	L23	5
sql-ir	sql-rewrite	src/sql/rewrite/ob_range_generator.h	1	upward-named	src/sql/rewrite/ob_query_range_provider.h:38	forward	both	L38 ObFastFinalNLJRangeCtx forward-declared, named at L59 (1 uses), defined at L28	5
sql-ir	sql-rewrite	src/sql/rewrite/ob_transform_utils.h	1	upward-named	src/sql/ob_sql_utils.cpp:28	include	both	L28	5
sql-ir	sql-rewrite	src/sql/rewrite/ob_transform_utils.h	1	upward-named	src/sql/optimizer/ob_optimizer_util.cpp:20	include	both	L20	1
sql-ir	sql-rewrite	src/sql/rewrite/ob_transform_utils.h	1	upward-named	src/sql/resolver/dml/ob_del_upd_stmt.cpp:19	include	both	L19	1
sql-ir	sql-rewrite	src/sql/rewrite/ob_transform_utils.h	1	upward-named	src/sql/resolver/dml/ob_dml_stmt.cpp:19	include	both	L19	1
sql-ir	sql-rewrite	src/sql/rewrite/ob_transform_utils.h	1	upward-named	src/sql/resolver/dml/ob_insert_stmt.cpp:19	include	both	L19	1
sql-ir	sql-rewrite	src/sql/rewrite/ob_transform_utils.h	1	upward-named	src/sql/resolver/dml/ob_sql_hint.cpp:20	include	both	L20	1
sql-ir	sql-rewrite	src/sql/rewrite/ob_transform_utils.h	1	upward-named	src/sql/resolver/dml/ob_stmt_expr_visitor.cpp:19	include	both	L19	unused
sql-ir	sql-rewrite	src/sql/rewrite/ob_transform_utils.h	1	upward-named	src/sql/resolver/expr/ob_raw_expr.cpp:25	include	both	L25	1
sql-ir	sql-rewrite	src/sql/rewrite/ob_transform_utils.h	1	upward-named	src/sql/resolver/expr/ob_shared_expr_resolver.cpp:19	include	both	L19	1
sql-ir	sql-optimizer	src/sql/optimizer/ob_access_path_estimation.h	1	upward-named	src/sql/ob_optimizer_trace_impl.cpp:23	include	both	L23	5
sql-ir	sql-optimizer	src/sql/optimizer/ob_access_path_estimation.h	1	upward-named	src/sql/ob_optimizer_trace_impl.h:59	forward	both	L59 ObBatchEstTasks forward-declared, named at L355 (1 uses), defined at L49	5
sql-ir	sql-optimizer	src/sql/optimizer/ob_conflict_detector.h	1	upward-named	src/sql/ob_optimizer_trace_impl.h:48	forward	both	L48 JoinInfo forward-declared, named at L346 (1 uses), defined at L36	5
sql-ir	sql-optimizer	src/sql/optimizer/ob_dynamic_sampling.h	1	upward-named	src/sql/ob_optimizer_trace_impl.h:33	forward	both	L33 ObDSResultItem forward-declared, named at L350 (1 uses), defined at L109	5
sql-ir	sql-optimizer	src/sql/optimizer/ob_join_order.h	4	upward-named	src/sql/ob_optimizer_trace_impl.h:45	forward	both	L45 ObJoinOrder forward-declared, named at L343 (1 uses), defined at L1309; L46 Path forward-declared, named at L344 (1 uses), defined at L331; L47 JoinPath forward-declared, named at L345 (1 uses), defined at L811; L60 ObIndexMergeNode forward-declared, named at L357 (1 uses), defined at L753	5
sql-ir	sql-optimizer	src/sql/optimizer/ob_log_join.h	1	upward-named	src/sql/optimizer/ob_optimizer_util.cpp:24	include	both	L24	5
sql-ir	sql-optimizer	src/sql/optimizer/ob_log_plan.h	2	upward-named	src/sql/ob_optimizer_trace_impl.h:43	forward	both	L43 ObLogPlan forward-declared, named at L341 (1 uses), defined at L164; L52 CandidatePlan forward-declared, named at L349 (1 uses), defined at L136	5
sql-ir	sql-optimizer	src/sql/optimizer/ob_log_plan.h	1	upward-named	src/sql/printer/ob_dml_stmt_printer.cpp:24	include	both	L24	unused
sql-ir	sql-optimizer	src/sql/optimizer/ob_log_plan.h	1	upward-named	src/sql/resolver/dml/ob_hint.cpp:19	include	both	L19	5
sql-ir	sql-optimizer	src/sql/optimizer/ob_log_plan.h	1	upward-named	src/sql/resolver/dml/ob_sql_hint.cpp:19	include	both	L19	5
sql-ir	sql-optimizer	src/sql/optimizer/ob_log_table_scan.h	1	upward-named	src/sql/optimizer/ob_optimizer_util.cpp:21	include	both	L21	5
sql-ir	sql-optimizer	src/sql/optimizer/ob_log_values.h	1	upward-named	src/sql/ob_optimizer_trace_impl.cpp:21	include	both	L21	5
sql-ir	sql-optimizer	src/sql/optimizer/ob_logical_operator.h	1	upward-named	src/sql/ob_optimizer_trace_impl.h:44	forward	both	L44 ObLogicalOperator forward-declared, named at L342 (1 uses), defined at L757	5
sql-ir	sql-optimizer	src/sql/optimizer/ob_logical_operator.h	1	upward-named	src/sql/optimizer/ob_optimizer_util.h:81	forward	both	L81 ExprProducer forward-declared, named at L368 (2 uses), defined at L575	5
sql-ir	sql-optimizer	src/sql/optimizer/ob_logical_operator.h	1	upward-named	src/sql/resolver/dml/ob_dml_stmt.cpp:20	include	both	L20	5
sql-ir	sql-optimizer	src/sql/optimizer/ob_logical_operator.h	1	upward-named	src/sql/resolver/expr/ob_raw_expr.cpp:26	include	both	L26	unused
sql-ir	sql-optimizer	src/sql/optimizer/ob_opt_est_cost_model.h	1	upward-named	src/sql/optimizer/ob_optimizer_util.h:90	forward	both	L90 ObTableMetaInfo forward-declared, named at L1451 (1 uses), defined at L52	5
sql-ir	sql-optimizer	src/sql/optimizer/ob_opt_selectivity.h	1	upward-named	src/sql/ob_optimizer_trace_impl.h:49	forward	both	L49 OptTableMetas forward-declared, named at L393 (1 uses), defined at L577	5
sql-ir	sql-optimizer	src/sql/optimizer/ob_optimizer_context.h	1	upward-named	src/sql/ob_optimizer_trace_impl.h:53	forward	both	L53 OptSystemStat forward-declared, named at L337 (1 uses), defined at L137	5
sql-ir	sql-optimizer	src/sql/optimizer/ob_optimizer_context.h	1	upward-named	src/sql/optimizer/ob_optimizer_util.h:82	forward	both	L82 ObOptimizerContext forward-declared, named at L1061 (12 uses), defined at L206	5
sql-ir	sql-optimizer	src/sql/optimizer/ob_sharding_info.h	1	upward-named	src/sql/ob_optimizer_trace_impl.h:57	forward	both	L57 ObShardingInfo forward-declared, named at L348 (1 uses), defined at L40	5
sql-ir	sql-optimizer	src/sql/optimizer/ob_sharding_info.h	1	upward-named	src/sql/optimizer/ob_optimizer_util.h:83	forward	both	L83 ObShardingInfo forward-declared, named at L1186 (18 uses), defined at L40	5
sql-ir	sql-optimizer	src/sql/optimizer/ob_skyline_prunning.h	1	upward-named	src/sql/ob_optimizer_trace_impl.cpp:22	include	both	L22	5
sql-ir	sql-optimizer	src/sql/optimizer/ob_skyline_prunning.h	1	upward-named	src/sql/ob_optimizer_trace_impl.h:54	forward	both	L54 ObSkylineDim forward-declared, named at L351 (1 uses), defined at L37	5
sql-ir	sql-codegen	src/sql/code_generator/ob_static_engine_expr_cg.h	1	upward-named	src/sql/resolver/expr/ob_raw_expr.h:38	include	both	L38	5
sql-ir	sql	src/query/api/query/engine/cmd/ob_load_data_parser.h	1	upward-named	src/sql/ob_sql_utils.h:35	include	both	L35	unused
sql-ir	sql	src/sql/executor/ob_maintain_dependency_info_task.h	1	upward-named	src/sql/ob_sql_utils.cpp:20	include	both	L20	5
sql-ir	sql	src/sql/executor/ob_maintain_dependency_info_task.h	1	upward-named	src/sql/ob_sql_utils.h:58	forward	both	L58 ObMaintainDepInfoTaskQueue forward-declared, named at L610 (2 uses), defined at L93	5
sql-ir	sql	src/sql/executor/ob_maintain_dependency_info_task.h	1	upward-named	src/sql/resolver/ob_resolver_define.h:44	forward	both	L44 ObMaintainDepInfoTaskQueue forward-declared, named at L394 (1 uses), defined at L93	5
sql-ir	sql	src/sql/monitor/ob_sql_plan.h	1	upward-named	src/sql/printer/ob_dml_stmt_printer.cpp:25	include	both	L25	1
sql-ir	sql	src/sql/ob_spi.h	2	upward-named	src/sql/pl/ob_pl_type.h:51	forward	both	L51 ObSPICursor forward-declared, named at L880 (3 uses), defined at L102; L52 ObSPIResultSet forward-declared, named at L879 (3 uses), defined at L161	5
sql-ir	sql	src/sql/ob_spi.h	1	upward-named	src/sql/resolver/ob_resolver_define.h:43	forward	both	L43 ObIPLSqlRuntime forward-declared, named at L392 (1 uses), defined at L1164	5
sql-ir	sql	src/sql/ob_sql.h	1	upward-named	src/sql/ob_sql_utils.cpp:22	include	both	L22	5
sql-ir	sql	src/sql/ob_sql_context.h	1	upward-named	src/sql/ob_sql_utils.h:76	forward	both	L76 ObSqlCtx forward-declared, named at L647 (1 uses), defined at L401	5
sql-ir	sql	src/sql/ob_sql_context.h	1	upward-named	src/sql/printer/ob_dml_stmt_printer.cpp:20	include	both	L20	unused
sql-ir	sql	src/sql/ob_sql_context.h	1	upward-named	src/sql/resolver/dml/ob_delete_stmt.h:21	include	both	L21	unused
sql-ir	sql	src/sql/ob_sql_context.h	1	upward-named	src/sql/resolver/dml/ob_update_stmt.h:22	include	both	L22	5
sql-ir	sql	src/sql/ob_sql_context.h	1	upward-named	src/sql/resolver/expr/ob_raw_expr_type_demotion.h:21	include	both	L21	unused
sql-ir	sql	src/sql/ob_sql_temp_table.h	1	upward-named	src/sql/resolver/dml/ob_select_stmt.h:27	include	both	L27	5
sql-ir	sql	src/sql/plan_cache/ob_cache_object_factory.h	1	upward-named	src/sql/resolver/ob_resolver_define.h:33	include	both	L33	5
sql-ir	sql	src/sql/plan_cache/ob_plan_cache_struct.h	1	upward-named	src/sql/ob_sql_utils.h:87	forward	both	L87 ObPlanCacheCtx forward-declared, named at L654 (1 uses), defined at L350	5
sql-ir	sql	src/sql/plan_cache/ob_plan_cache_struct.h	1	upward-named	src/sql/resolver/ob_resolver_define.h:31	include	both	L31	5
sql-ir	sql	src/sql/plan_cache/ob_plan_cache_util.h	1	upward-named	src/sql/resolver/ob_resolver_define.h:30	include	both	L30	5
sql-ir	pl	src/sql/pl/ob_pl.h	2	upward-named	src/sql/pl/ob_pl_type.h:75	forward	both	L75 ObPLExecCtx forward-declared, named at L921 (1 uses), defined at L455; L176 ObPLINS forward-declared, named at L445 (1 uses), defined at L81	4
sql-ir	pl	src/sql/pl/ob_pl.h	1	upward-named	src/sql/resolver/ob_resolver_define.h:253	forward	both	L253 ObPL forward-declared, named at L393 (1 uses), defined at L850	4
sql-ir	pl	src/sql/pl/ob_pl_dependency_util.h	1	upward-named	src/pl/ob_pl_type.cpp:24	include	both	L24	4
sql-ir	pl	src/sql/pl/ob_pl_package.h	1	upward-named	src/pl/ob_pl_type.cpp:20	include	both	L20	4
sql-ir	pl	src/sql/pl/ob_pl_package.h	1	upward-named	src/pl/ob_pl_user_type.cpp:21	include	both	L21	4
sql-ir	pl	src/sql/pl/ob_pl_package_guard.h	1	upward-named	src/sql/resolver/ob_resolver_define.h:255	forward	both	L255 ObPLPackageGuard forward-declared, named at L454 (1 uses), defined at L28	4
sql-ir	pl	src/sql/pl/ob_pl_resolver.h	1	upward-named	src/sql/pl/ob_pl_type.h:77	forward	both	L77 ObPLResolveCtx forward-declared, named at L365 (5 uses), defined at L75	4
sql-ir	pl	src/sql/pl/ob_pl_resolver.h	1	upward-named	src/sql/pl/ob_pl_user_type.h:51	forward	both	L51 ObPLResolveCtx forward-declared, named at L79 (14 uses), defined at L75	4
sql-ir	pl	src/sql/pl/ob_pl_resolver.h	1	upward-named	src/sql/resolver/expr/ob_raw_expr_resolver_impl.cpp:21	include	both	L21	4
sql-ir	pl	src/sql/pl/ob_pl_resolver.h	1	upward-named	src/sql/resolver/expr/ob_raw_expr_util.cpp:25	include	both	L25	4
sql-ir	pl	src/sql/pl/ob_pl_stmt.h	1	upward-named	src/pl/ob_pl_type.cpp:23	include	both	L23	4
sql-ir	pl	src/sql/pl/ob_pl_stmt.h	2	upward-named	src/sql/pl/ob_pl_type.h:78	forward	both	L78 ObPLBlockNS forward-declared, named at L454 (4 uses), defined at L1026; L79 ObPLRoutineParam forward-declared, named at L480 (1 uses), defined at L595	4
sql-ir	pl	src/sql/pl/ob_pl_stmt.h	1	upward-named	src/sql/pl/ob_routine_param_type.cpp:20	include	both	L20	4
sql-ir	pl	src/sql/pl/ob_pl_stmt.h	1	upward-named	src/sql/resolver/ob_resolver_define.h:254	forward	both	L254 ObPLBlockNS forward-declared, named at L389 (1 uses), defined at L1026	4
sql-exec	sql-expr	src/query/api/query/engine/expr/ob_array_expr_utils.h	1	upward-named	src/sql/engine/expr/ob_expr.cpp:22	include	both	L22	5
sql-exec	sql-expr	src/query/api/query/engine/expr/ob_array_expr_utils.h	1	upward-named	src/sql/engine/ob_operator.cpp:22	include	both	L22	unused
sql-exec	sql-expr	src/query/api/query/engine/expr/ob_expr_extra_info_factory.h	1	upward-named	src/query/api/query/engine/expr/ob_i_expr_extra_info.h:20	include	both	L20	unused
sql-exec	sql-expr	src/query/api/query/engine/expr/ob_expr_lob_utils.h	1	upward-named	src/sql/engine/expr/ob_expr_frame_info.cpp:19	include	both	L19	5
sql-exec	sql-expr	src/query/api/query/engine/expr/ob_expr_lob_utils.h	1	upward-named	src/sql/engine/ob_exec_context.cpp:27	include	both	L27	5
sql-exec	sql-expr	src/query/api/query/engine/expr/ob_expr_operator.h	1	upward-named	src/sql/engine/expr/ob_expr_frame_info.h:31	forward	both	L31 ObExprOperatorCtx forward-declared, named at L192 (1 uses), defined at L166	5
sql-exec	sql-expr	src/query/api/query/engine/expr/ob_expr_operator.h	1	upward-named	src/sql/engine/ob_exec_context.h:112	forward	both	L112 ObExprOperatorCtx forward-declared, named at L311 (4 uses), defined at L166	5
sql-exec	sql-expr	src/query/api/query/engine/expr/ob_expr_util.h	1	upward-named	src/sql/engine/ob_physical_plan_ctx.h:32	include	both	L32	5
sql-exec	sql-expr	src/sql/engine/expr/ob_datum_cast.h	1	upward-named	src/query/api/query/engine/expr/ob_expr.h:58	forward	both	L58 ObDatumCaster forward-declared, named at L282 (1 uses), defined at L592	5
sql-exec	sql-expr	src/sql/engine/expr/ob_datum_cast.h	1	upward-named	src/sql/engine/expr/ob_expr.cpp:21	include	both	L21	5
sql-exec	sql-expr	src/sql/engine/expr/ob_expr_column_conv.h	1	upward-named	src/sql/engine/expr/ob_expr.cpp:23	include	both	L23	5
sql-exec	sql-expr	src/sql/engine/expr/ob_expr_operator_factory.h	1	upward-named	src/sql/engine/ob_physical_plan.h:26	include	both	L26	5
sql-exec	sql-expr	src/sql/engine/expr/ob_expr_sql_udt_utils.h	1	upward-named	src/sql/engine/ob_physical_plan_ctx.cpp:21	include	both	L21	5
sql-exec	sql-expr	src/sql/engine/expr/ob_obj_cast_runtime.h	1	upward-named	src/sql/engine/expr/ob_expr.cpp:24	include	both	L24	5
sql-exec	sql-das	src/sql/das/ob_das_context.h	1	upward-named	src/sql/engine/ob_exec_context.h:32	include	both	L32	5
sql-exec	sql-das	src/sql/optimizer/ob_table_location.h	1	upward-named	src/sql/engine/ob_physical_plan.h:29	include	both	L29	5
sql-exec	sql-engine	src/sql/dtl/ob_dtl_linked_buffer.h	1	upward-named	src/sql/engine/ob_sql_memory_manager.h:27	include	both	L27	5
sql-exec	sql-engine	src/sql/engine/dml/ob_dml_ctx_define.h	1	upward-named	src/sql/engine/ob_exec_context.h:126	forward	both	L126 ColumnContent forward-declared, named at L127 (1 uses), defined at L348	5
sql-exec	sql-engine	src/sql/engine/px/ob_granule_task_info.h	1	upward-named	src/sql/engine/ob_exec_context.h:26	include	both	L26	5
sql-exec	sql-engine	src/sql/engine/px/ob_granule_util.h	1	upward-named	src/sql/engine/ob_exec_context.h:31	include	both	L31	1
sql-exec	sql-engine	src/sql/engine/px/ob_px_dtl_msg.h	1	upward-named	src/sql/engine/ob_exec_context.h:30	include	both	L30	5
sql-exec	sql-engine	src/sql/engine/px/ob_px_dtl_msg.h	1	upward-named	src/sql/engine/ob_physical_plan_ctx.h:42	forward	both	L42 ObPxDmlRowInfo forward-declared, named at L440 (1 uses), defined at L76	5
sql-exec	sql-engine	src/sql/engine/px/ob_px_sqc_handler.h	1	upward-named	src/sql/engine/ob_exec_context.h:113	forward	both	L113 ObPxSqcHandler forward-declared, named at L573 (3 uses), defined at L62	5
sql-exec	sql-engine	src/sql/engine/px/ob_px_util.h	1	upward-named	src/sql/engine/expr/ob_expr_frame_info.cpp:20	include	both	L20	5
sql-exec	sql-engine	src/sql/engine/px/ob_px_util.h	1	upward-named	src/sql/engine/ob_exec_context.cpp:26	include	both	L26	5
sql-exec	sql-engine	src/sql/engine/px/ob_px_util.h	1	upward-named	src/sql/engine/ob_sql_memory_manager.cpp:20	include	both	L20	5
sql-exec	sql-optimizer	src/sql/optimizer/ob_table_partition_info.h	1	upward-named	src/sql/engine/ob_physical_plan.h:49	forward	both	L49 ObTablePartitionInfo forward-declared, named at L231 (1 uses), defined at L28	5
sql-exec	sql-optimizer	src/sql/optimizer/ob_table_partition_info.h	1	upward-named	src/sql/ob_sql_context.h:56	forward	both	L56 ObTablePartitionInfo forward-declared, named at L86 (2 uses), defined at L28	5
sql-exec	sql-codegen	src/query/api/query/engine/ob_operator_reg.h	1	upward-named	src/query/api/query/engine/ob_operator.h:25	include	both	L25	1
sql-exec	sql-codegen	src/query/api/query/engine/ob_operator_reg.h	1	upward-named	src/sql/engine/ob_phy_operator_type.cpp:18	include	both	L18	1
sql-exec	sql-codegen	src/sql/code_generator/ob_static_engine_cg.h	1	upward-named	src/sql/engine/ob_physical_plan.cpp:22	include	both	L22	5
sql-exec	sql-codegen	src/sql/engine/ob_operator_factory.h	1	upward-named	src/sql/engine/ob_operator.cpp:20	include	both	L20	5
sql-exec	sql-codegen	src/sql/engine/ob_operator_factory.h	1	upward-named	src/sql/engine/ob_physical_plan.cpp:20	include	both	L20	5
sql-exec	sql	src/sql/executor/ob_executor.h	1	upward-named	src/sql/engine/ob_physical_plan.h:28	include	both	L28	unused
sql-exec	sql	src/sql/executor/ob_sql_executor_ctx.h	1	upward-named	src/sql/engine/ob_exec_context.h:25	include	both	L25	5
sql-exec	sql	src/sql/monitor/ob_exec_stat.h	1	upward-named	src/sql/engine/ob_exec_context.h:27	include	both	L27	unused
sql-exec	sql	src/sql/monitor/ob_exec_stat_collector.h	1	upward-named	src/sql/engine/ob_exec_context.h:28	include	both	L28	5
sql-exec	sql	src/sql/monitor/ob_sql_plan.h	1	upward-named	src/sql/engine/ob_physical_plan.cpp:23	include	both	L23	5
sql-exec	sql	src/sql/ob_end_trans_callback.h	1	upward-named	src/sql/ob_sql_trans_control.h:49	forward	both	L49 ObEndTransAsyncCallback forward-declared, named at L141 (3 uses), defined at L75	5
sql-exec	sql	src/sql/ob_result_set.h	1	upward-named	src/query/api/query/protocol/ob_client_protocol.h:33	forward	both	L33 ObResultSet forward-declared, named at L58 (1 uses), defined at L61	5
sql-exec	sql	src/sql/ob_spi.h	1	upward-named	src/sql/engine/ob_exec_context.h:121	forward	both	L121 ObIPLSqlRuntime forward-declared, named at L251 (4 uses), defined at L1164	5
sql-exec	sql	src/sql/ob_sql.h	2	upward-named	src/sql/engine/ob_exec_context.h:122	forward	both	L122 ObIPreparedStatementRuntime forward-declared, named at L253 (4 uses), defined at L72; L123 ObISqlExecutionIdProvider forward-declared, named at L254 (4 uses), defined at L88	5
sql-exec	sql	src/sql/ob_sql_context.h	1	upward-named	src/sql/engine/ob_physical_plan.h:24	include	both	L24	5
sql-exec	sql	src/sql/plan_cache/ob_adaptive_auto_dop.h	1	upward-named	src/sql/engine/ob_exec_context.h:37	include	both	L37	5
sql-exec	sql	src/sql/plan_cache/ob_cache_object.h	1	upward-named	src/sql/engine/ob_physical_plan.h:31	include	both	L31	5
sql-exec	sql	src/sql/plan_cache/ob_plan_cache.h	1	upward-named	src/sql/engine/ob_exec_context.h:118	forward	both	L118 ObPlanCache forward-declared, named at L248 (4 uses), defined at L212	5
sql-exec	sql	src/sql/plan_cache/ob_plan_cache_util.h	1	upward-named	src/sql/engine/ob_physical_plan.h:30	include	both	L30	5
sql-exec	sql	src/sql/plan_cache/ob_plan_cache_util.h	1	upward-named	src/sql/engine/ob_physical_plan_ctx.h:27	include	both	L27	5
sql-exec	sql	src/sql/plan_cache/ob_plan_cache_util.h	1	upward-named	src/sql/monitor/ob_phy_operator_stats.h:30	forward	both	L30 ObOperatorStat forward-declared, named at L50 (1 uses), defined at L329	5
sql-exec	sql	src/sql/plan_cache/ob_ps_cache.h	1	upward-named	src/sql/engine/ob_exec_context.h:119	forward	both	L119 ObPsCache forward-declared, named at L249 (4 uses), defined at L73	5
sql-exec	pl	src/sql/pl/ob_pl.h	2	upward-named	src/sql/engine/ob_exec_context.h:86	forward	both	L86 ObPL forward-declared, named at L252 (4 uses), defined at L850; L90 ObPLCtx forward-declared, named at L524 (3 uses), defined at L421	4
sql-exec	pl	src/sql/pl/ob_pl_package_guard.h	1	upward-named	src/sql/engine/ob_exec_context.h:33	include	both	L33	4
sql-exec	sql-nio	rust/sql-nio/include/nio.h	1	upward-unnamed	src/query/api/query/protocol/ob_mysql_rust_row.h:21	rust-header	both	L21 generated by rust/sql-nio/build.rs	2
sql-exec	observer	src/observer/ob_server.cpp	1	upward-unnamed	src/sql/monitor/ob_monitor_node.cpp:21	link	both	L21 lib_get_cpu_khz defined at L370	2
sql-exec	observer	src/observer/virtual_table/ob_virtual_table_iterator.h	1	upward-unnamed	src/sql/engine/table/ob_i_virtual_table_iterator_factory.h:27	forward	both	L27 ObVirtualTableIterator forward-declared, named at L52 (2 uses), defined at L45	5
sql-expr	sql-das	src/sql/das/ob_das_scan_op.h	1	upward-named	src/sql/engine/expr/ob_expr_doc_id.h:21	include	both	L21	unused
sql-expr	sql-engine	src/sql/engine/aggregate/ob_aggregate_processor.h	1	upward-named	src/sql/engine/expr/ob_expr_estimate_ndv.cpp:19	include	both	L19	2
sql-expr	sql-engine	src/sql/engine/aggregate/ob_aggregate_processor.h	1	upward-named	src/sql/resolver/expr/ob_raw_expr_deduce_type.cpp:21	include	both	L21	2
sql-expr	sql-engine	src/sql/engine/dml/ob_dml_ctx_define.h	1	upward-named	src/sql/engine/expr/ob_expr_doc_id.h:22	include	both	L22	unused
sql-expr	sql-engine	src/sql/engine/px/p2p_datahub/ob_p2p_dh_mgr.h	1	upward-named	src/sql/engine/expr/ob_expr_join_filter.cpp:20	include	both	L20	2
sql-expr	sql-engine	src/sql/engine/px/p2p_datahub/ob_p2p_dh_mgr.h	1	upward-named	src/sql/engine/expr/ob_expr_topn_filter.cpp:20	include	both	L20	2
sql-expr	sql-engine	src/sql/engine/px/p2p_datahub/ob_p2p_dh_msg.h	1	upward-named	src/sql/engine/expr/ob_expr_join_filter.h:29	forward	both	L29 ObP2PDatahubMsgBase forward-declared, named at L120 (1 uses), defined at L33	2
sql-expr	sql-engine	src/sql/engine/px/p2p_datahub/ob_pushdown_topn_filter_msg.h	1	upward-named	src/sql/engine/expr/ob_expr_topn_filter.h:21	include	both	L21	2
sql-expr	sql-engine	src/sql/engine/subquery/ob_subplan_filter_op.h	1	upward-named	src/query/api/query/engine/expr/ob_expr_in.h:180	forward	both	L180 ObSubQueryIterator forward-declared, named at L391 (1 uses), defined at L43	2
sql-expr	sql-engine	src/sql/engine/subquery/ob_subplan_filter_op.h	1	upward-named	src/query/api/query/engine/expr/ob_expr_operator.h:57	forward	both	L57 ObSubQueryIterator forward-declared, named at L1555 (4 uses), defined at L43	2
sql-expr	sql-engine	src/sql/engine/subquery/ob_subplan_filter_op.h	1	upward-named	src/sql/engine/expr/ob_expr_cast.cpp:22	include	both	L22	unused
sql-expr	sql-engine	src/sql/engine/subquery/ob_subplan_filter_op.h	1	upward-named	src/sql/engine/expr/ob_expr_in.cpp:21	include	both	L21	2
sql-expr	sql-engine	src/sql/engine/subquery/ob_subplan_filter_op.h	2	upward-named	src/sql/engine/expr/ob_expr_operator.cpp:25	include	both	L25; L26	2
sql-expr	sql-engine	src/sql/engine/subquery/ob_subplan_filter_op.h	1	upward-named	src/sql/engine/expr/ob_expr_subquery_ref.cpp:19	include	both	L19	2
sql-expr	sql-engine	src/sql/engine/subquery/ob_subplan_filter_op.h	1	upward-named	src/sql/engine/expr/ob_expr_subquery_ref.h:29	forward	both	L29 ObSubQueryIterator forward-declared, named at L85 (1 uses), defined at L43	2
sql-expr	sql-parser	src/sql/parser/ob_parser.h	1	upward-named	src/sql/resolver/expr/ob_raw_expr_deduce_type.cpp:24	include	both	L24	2
sql-expr	sql-resolver	src/sql/resolver/ddl/ob_fts_index_builder_util.h	1	upward-named	src/sql/engine/expr/ob_expr_tokenize.cpp:29	include	both	L29	2
sql-expr	sql-resolver	src/sql/resolver/ddl/ob_vec_index_builder_util.h	1	upward-named	src/sql/engine/expr/ob_expr_vec_ivf_pq_center_ids.cpp:26	include	both	L26	unused
sql-expr	sql-resolver	src/sql/resolver/dml/ob_select_resolver.h	1	upward-named	src/sql/engine/expr/ob_expr_json_object.h:21	include	both	L21	unused
sql-expr	sql-resolver	src/sql/resolver/ob_resolver_utils.h	1	upward-named	src/sql/engine/expr/ob_expr_func_part_hash.cpp:19	include	both	L19	2
sql-expr	sql-resolver	src/sql/resolver/ob_resolver_utils.h	1	upward-named	src/sql/engine/expr/ob_expr_json_query.cpp:20	include	both	L20	unused
sql-expr	sql-resolver	src/sql/resolver/ob_resolver_utils.h	1	upward-named	src/sql/engine/expr/ob_expr_mysql_proc_info.cpp:27	include	both	L27	2
sql-expr	sql-resolver	src/sql/resolver/ob_resolver_utils.h	1	upward-named	src/sql/engine/expr/ob_expr_statement_digest.cpp:22	include	both	L22	2
sql-expr	sql-optimizer	src/sql/optimizer/ob_log_join_filter.h	1	upward-unnamed	src/sql/engine/px/ob_px_bloom_filter.h:108	forward	both	L108 ObLogJoinFilter forward-declared, named at L122 (2 uses), defined at L32	2
sql-expr	sql-codegen	src/sql/code_generator/ob_static_engine_expr_cg.h	1	upward-named	src/query/api/query/engine/expr/ob_expr_operator.h:56	forward	both	L56 ObExprCGCtx forward-declared, named at L354 (5 uses), defined at L48	2
sql-expr	sql-codegen	src/sql/code_generator/ob_static_engine_expr_cg.h	1	upward-named	src/sql/engine/expr/ob_expr_add.h:29	forward	both	L29 ObExprCGCtx forward-declared, named at L48 (1 uses), defined at L48	2
sql-expr	sql-codegen	src/sql/code_generator/ob_static_engine_expr_cg.h	1	upward-named	src/sql/engine/expr/ob_expr_minus.h:25	forward	both	L25 ObExprCGCtx forward-declared, named at L41 (1 uses), defined at L48	2
sql-expr	sql	src/sql/ob_query_retry_ctrl.h	1	upward-named	src/sql/engine/expr/ob_pl_expr_subquery.cpp:20	include	both	L20	2
sql-expr	sql	src/sql/ob_result_set.h	1	upward-named	src/sql/engine/expr/ob_expr_sql_udt_utils.h:36	forward	both	L36 ObResultSet forward-declared, named at L82 (1 uses), defined at L61	2
sql-expr	sql	src/sql/ob_spi.h	1	upward-named	src/sql/engine/expr/ob_expr_json_func_helper.cpp:22	include	both	L22	2
sql-expr	sql	src/sql/ob_spi.h	1	upward-named	src/sql/engine/expr/ob_expr_mysql_proc_info.cpp:23	include	both	L23	2
sql-expr	sql	src/sql/ob_spi.h	1	upward-named	src/sql/engine/expr/ob_expr_pl_associative_index.cpp:19	include	both	L19	2
sql-expr	sql	src/sql/ob_spi.h	1	upward-named	src/sql/engine/expr/ob_expr_sql_udt_utils.cpp:20	include	both	L20	2
sql-expr	sql	src/sql/ob_spi.h	1	upward-named	src/sql/engine/expr/ob_expr_udf.cpp:22	include	both	L22	2
sql-expr	sql	src/sql/ob_sql_context.h	1	upward-named	src/sql/engine/expr/ob_expr_udf.h:74	forward	both	L74 ObSqlCtx forward-declared, named at L188 (2 uses), defined at L401	2
sql-expr	sql	src/sql/plan_cache/ob_sql_parameterization.h	1	upward-named	src/sql/engine/expr/ob_expr_statement_digest.cpp:20	include	both	L20	2
sql-expr	sql	src/sql/tablelock/ob_lock_func_executor.h	1	upward-named	src/sql/engine/expr/ob_expr_lock_func.cpp:21	include	both	L21	2
sql-expr	pl	src/sql/pl/ob_pl.h	1	upward-named	src/sql/engine/expr/ob_expr_get_subprogram_var.cpp:21	include	both	L21	4
sql-expr	pl	src/sql/pl/ob_pl.h	1	upward-named	src/sql/engine/expr/ob_expr_in.cpp:22	include	both	L22	1
sql-expr	pl	src/sql/pl/ob_pl.h	1	upward-named	src/sql/engine/expr/ob_expr_json_utils.cpp:18	include	both	L18	unused
sql-expr	pl	src/sql/pl/ob_pl.h	1	upward-named	src/sql/engine/expr/ob_expr_pl_sqlcode_sqlerrm.cpp:20	include	both	L20	4
sql-expr	pl	src/sql/pl/ob_pl.h	1	upward-named	src/sql/engine/expr/ob_expr_plsql_variable.cpp:21	include	both	L21	4
sql-expr	pl	src/sql/pl/ob_pl_package.h	1	upward-named	src/sql/engine/expr/ob_expr_collection_construct.cpp:20	include	both	L20	4
sql-expr	pl	src/sql/pl/ob_pl_package.h	1	upward-named	src/sql/engine/expr/ob_expr_get_package_var.cpp:21	include	both	L21	4
sql-expr	pl	src/sql/pl/ob_pl_resolver.h	1	upward-named	src/sql/engine/expr/ob_expr_cast.cpp:23	include	both	L23	unused
sql-expr	pl	src/sql/pl/ob_pl_resolver.h	1	upward-named	src/sql/engine/expr/ob_expr_obj_access.cpp:19	include	both	L19	4
sql-expr	pl	src/sql/pl/ob_pl_resolver.h	1	upward-named	src/sql/engine/expr/ob_expr_object_construct.cpp:20	include	both	L20	4
sql-expr	pl	src/sql/pl/ob_pl_resolver.h	1	upward-named	src/sql/engine/expr/ob_expr_sql_udt_utils.cpp:21	include	both	L21	unused
sql-expr	pl	src/sql/pl/ob_pl_resolver.h	1	upward-named	src/sql/engine/expr/ob_pl_expr_subquery.cpp:21	include	both	L21	4
sql-expr	pl	src/sql/pl/ob_pl_stmt.h	1	upward-named	src/sql/engine/expr/ob_expr_get_mysql_routine_parameter_type_str.cpp:20	include	both	L20	4
sql-expr	pl	src/sql/pl/ob_pl_stmt.h	1	upward-named	src/sql/engine/expr/ob_expr_mysql_proc_info.cpp:24	include	both	L24	unused
sql-expr	pl	src/sql/pl/ob_pl_stmt.h	1	upward-named	src/sql/engine/expr/ob_expr_udf.cpp:21	include	both	L21	4
sql-expr	observer	src/oblib/rpc/obmysql/ob_sql_nio_server.h	1	upward-named	src/sql/engine/expr/ob_expr_mysql_port.cpp:19	include	both	L19	2
sql-expr	x-dropped	src/oblib/easy/include/easy_define.h	1	uses-dropped	src/sql/engine/expr/ob_expr_regexp_context.h:19	include	both	L19	gone
sql-expr	x-dropped	src/oblib/easy/util/easy_string.h	1	uses-dropped	src/sql/engine/expr/ob_expr_json_search.cpp:19	include	both	L19	gone
sql-das	sql-engine	src/sql/dtl/ob_dtl_task.h	1	upward-named	src/sql/das/ob_das_utils.h:22	include	both	L22	unused
sql-das	sql-engine	src/sql/engine/dml/ob_dml_ctx_define.h	1	upward-named	src/sql/das/ob_das_context.h:24	include	both	L24	2
sql-das	sql-engine	src/sql/engine/dml/ob_dml_ctx_define.h	1	upward-named	src/sql/das/ob_das_parallel_handler.h:20	include	both	L20	unused
sql-das	sql-engine	src/sql/engine/dml/ob_dml_service.h	1	upward-named	src/sql/das/ob_das_delete_op.cpp:22	include	both	L22	1
sql-das	sql-engine	src/sql/engine/dml/ob_dml_service.h	1	upward-named	src/sql/das/ob_das_dml_ctx_define.cpp:22	include	both	L22	1
sql-das	sql-engine	src/sql/engine/dml/ob_dml_service.h	1	upward-named	src/sql/das/ob_das_insert_op.cpp:23	include	both	L23	2
sql-das	sql-engine	src/sql/engine/dml/ob_dml_service.h	1	upward-named	src/sql/das/ob_das_lock_op.cpp:22	include	both	L22	2
sql-das	sql-engine	src/sql/engine/dml/ob_dml_service.h	1	upward-named	src/sql/das/ob_das_update_op.cpp:24	include	both	L24	1
sql-das	sql-engine	src/sql/engine/px/ob_dfo.h	1	upward-named	src/sql/das/ob_das_update_op.cpp:23	include	both	L23	unused
sql-das	sql-engine	src/sql/engine/px/ob_granule_util.h	1	upward-named	src/sql/optimizer/ob_table_location.h:30	include	both	L30	1
sql-das	sql-engine	src/sql/engine/px/ob_px_sqc_handler.h	1	upward-named	src/sql/das/ob_das_simple_op.cpp:22	include	both	L22	unused
sql-das	sql-engine	src/sql/engine/sort/ob_sort_op_impl.h	1	upward-named	src/sql/das/iter/ob_das_sort_iter.h:21	include	both	L21	2
sql-das	sql-engine	src/sql/engine/table/ob_table_scan_op.h	1	upward-named	src/sql/das/iter/ob_das_iter_utils.h:34	include	both	L34	2
sql-das	sql-resolver	src/sql/resolver/ddl/ob_fts_index_builder_util.h	1	upward-named	src/sql/das/ob_domain_id.cpp:23	include	both	L23	2
sql-das	sql-resolver	src/sql/resolver/ddl/ob_vec_index_builder_util.h	1	upward-named	src/sql/das/iter/ob_das_ivf_scan_iter.cpp:24	include	both	L24	unused
sql-das	sql-resolver	src/sql/resolver/dml/ob_delete_resolver.h	1	upward-named	src/sql/optimizer/ob_table_location.cpp:20	include	both	L20	2
sql-das	sql-rewrite	src/sql/rewrite/ob_query_range_define.h	1	upward-named	src/sql/das/ob_das_scan_op.h:26	include	both	L26	2
sql-das	sql-rewrite	src/sql/rewrite/ob_query_range_define.h	1	upward-named	src/sql/optimizer/ob_table_location.h:22	include	both	L22	2
sql-das	sql-rewrite	src/sql/rewrite/ob_transform_utils.h	1	upward-named	src/sql/optimizer/ob_table_location.cpp:25	include	both	L25	2
sql-das	sql-optimizer	src/sql/optimizer/ob_join_order.h	1	upward-named	src/sql/das/iter/ob_das_index_merge_iter.h:21	include	both	L21	1
sql-das	sql-optimizer	src/sql/optimizer/ob_join_order.h	1	upward-named	src/sql/das/ob_das_attach_define.h:22	include	both	L22	1
sql-das	sql-optimizer	src/sql/optimizer/ob_join_order.h	1	upward-named	src/sql/das/ob_das_vec_define.h:21	include	both	L21	unused
sql-das	sql-optimizer	src/sql/optimizer/ob_log_plan.h	1	upward-named	src/sql/optimizer/ob_table_location.cpp:23	include	both	L23	unused
sql-das	sql	src/sql/ob_phy_table_location.h	1	upward-named	src/sql/das/ob_das_define.h:24	include	both	L24	unused
sql-das	sql	src/sql/ob_phy_table_location.h	1	upward-named	src/sql/das/ob_das_utils.h:23	include	both	L23	unused
sql-das	sql	src/sql/ob_phy_table_location.h	1	upward-named	src/sql/optimizer/ob_phy_table_location_info.h:20	include	both	L20	unused
sql-das	sql	src/sql/ob_query_retry_ctrl.h	1	upward-named	src/sql/das/ob_das_ref.cpp:22	include	both	L22	2
sql-das	sql	src/sql/ob_query_retry_ctrl.h	1	upward-named	src/sql/das/ob_data_access_service.cpp:23	include	both	L23	2
sql-das	sql	src/sql/ob_sql_context.h	1	upward-named	src/sql/das/ob_das_context.cpp:20	include	both	L20	2
sql-das	sql	src/sql/ob_sql_context.h	1	upward-named	src/sql/das/ob_domain_id.cpp:22	include	both	L22	1
sql-das	pl	src/sql/pl/ob_pl.h	1	upward-named	src/sql/das/ob_das_define.cpp:19	include	both	L19	unused
sql-das	pl	src/sql/pl/ob_pl.h	1	upward-named	src/sql/das/ob_das_utils.cpp:22	include	both	L22	unused
sql-das	observer	src/query/api/query/vector/ob_vector_index_adaptor.h	1	upward-named	src/query/api/query/vector/ob_vector_index_service.h:20	include	both	L20	2
sql-das	observer	src/query/api/query/vector/ob_vector_index_cache.h	1	upward-named	src/query/api/query/vector/ob_vector_index_service.h:21	include	both	L21	2
sql-das	observer	src/query/api/query/vector/ob_vector_query_result.h	1	upward-named	src/sql/das/iter/ob_das_spiv_merge_iter.h:25	include	both	L25	unused
sql-engine	sql-resolver	src/sql/resolver/ddl/ob_fts_index_builder_util.h	1	upward-named	src/sql/engine/dml/ob_table_replace_op.cpp:17	include	both	L17	unused
sql-engine	sql-resolver	src/sql/resolver/ddl/ob_fts_index_builder_util.h	1	upward-named	src/sql/engine/table/ob_table_scan_op.h:39	include	both	L39	1
sql-engine	sql-resolver	src/sql/resolver/ob_resolver_utils.h	1	upward-named	src/sql/engine/user_defined_function/ob_pl_user_defined_agg_function.cpp:20	include	both	L20	2
sql-engine	sql-rewrite	src/sql/rewrite/ob_range_generator.h	1	upward-named	src/sql/engine/table/ob_table_scan_op.h:40	include	both	L40	2
sql-engine	sql-optimizer	src/query/api/query/optimizer/stat/ob_opt_osg_column_stat.h	1	upward-named	src/sql/engine/opt_statistics/ob_optimizer_stats_gathering_op.h:26	include	both	L26	2
sql-engine	sql-optimizer	src/query/api/query/optimizer/stat/ob_stat_define.h	1	upward-named	src/sql/engine/opt_statistics/ob_optimizer_stats_gathering_op.h:30	include	both	L30	2
sql-engine	sql-optimizer	src/sql/optimizer/ob_join_order.h	1	upward-named	src/sql/engine/table/ob_table_scan_op.h:23	include	both	L23	1
sql-engine	sql-optimizer	src/sql/optimizer/ob_opt_selectivity.h	1	upward-named	src/sql/engine/aggregate/ob_adaptive_bypass_ctrl.cpp:19	include	both	L19	2
sql-engine	sql-optimizer	src/sql/optimizer/ob_table_partition_info.h	1	upward-named	src/sql/engine/px/ob_granule_util.h:89	forward	both	L89 ObTablePartitionInfo forward-declared, named at L250 (1 uses), defined at L28	2
sql-engine	sql-optimizer	src/sql/optimizer/stat/ob_basic_stats_estimator.h	1	upward-named	src/sql/engine/opt_statistics/ob_optimizer_stats_gathering_op.h:28	include	both	L28	2
sql-engine	sql-optimizer	src/sql/optimizer/stat/ob_dbms_stats_executor.h	1	upward-named	src/sql/engine/opt_statistics/ob_optimizer_stats_gathering_op.h:29	include	both	L29	2
sql-engine	sql-optimizer	src/sql/optimizer/stat/ob_dbms_stats_utils.h	1	upward-named	src/sql/engine/aggregate/ob_aggregate_processor.cpp:29	include	both	L29	2
sql-engine	sql-optimizer	src/sql/optimizer/stat/ob_hybrid_hist_estimator.h	1	upward-named	src/sql/engine/aggregate/ob_aggregate_processor.cpp:28	include	both	L28	2
sql-engine	sql-optimizer	src/sql/optimizer/stat/ob_hybrid_hist_estimator.h	1	upward-named	src/sql/engine/aggregate/ob_aggregate_processor.h:42	forward	both	L42 ObHybridHistograms forward-declared, named at L1060 (1 uses), defined at L50	2
sql-engine	sql-optimizer	src/sql/optimizer/stat/ob_topk_hist_estimator.h	1	upward-named	src/sql/engine/aggregate/ob_aggregate_processor.h:31	include	both	L31	2
sql-engine	sql-codegen	src/query/api/query/engine/ob_operator_reg.h	1	upward-named	src/sql/engine/table/ob_table_scan_op.h:22	include	both	L22	1
sql-engine	sql	src/query/api/query/engine/cmd/ob_load_data_parser.h	1	upward-named	src/sql/engine/basic/ob_external_file_writer.h:23	include	both	L23	1
sql-engine	sql	src/query/api/query/engine/cmd/ob_load_data_parser.h	1	upward-named	src/sql/engine/basic/ob_select_into_basic.h:21	include	both	L21	1
sql-engine	sql	src/query/api/query/engine/cmd/ob_load_data_parser.h	1	upward-named	src/sql/engine/basic/ob_select_into_op.h:22	include	both	L22	1
sql-engine	sql	src/sql/engine/cmd/ob_variable_set_executor.h	1	upward-named	src/sql/engine/basic/ob_select_into_op.cpp:23	include	both	L23	2
sql-engine	sql	src/sql/ob_scanner.h	1	upward-named	src/sql/dtl/ob_dtl_basic_channel.h:30	include	both	L30	unused
sql-engine	sql	src/sql/ob_scanner.h	1	upward-named	src/sql/dtl/ob_dtl_local_channel.h:28	include	both	L28	unused
sql-engine	sql	src/sql/ob_spi.h	1	upward-named	src/sql/engine/dml/ob_trigger_handler.cpp:22	include	both	L22	2
sql-engine	sql	src/sql/ob_sql.h	1	upward-named	src/sql/engine/px/ob_px_coord_op.cpp:21	include	both	L21	2
sql-engine	sql	src/sql/ob_sql.h	1	upward-named	src/sql/engine/px/ob_px_task_process.cpp:31	include	both	L31	2
sql-engine	sql	src/sql/ob_sql.h	1	upward-named	src/sql/engine/sort/ob_pd_topn_sort_filter.cpp:25	include	both	L25	unused
sql-engine	pl	src/sql/pl/ob_pl.h	1	upward-named	src/sql/engine/aggregate/ob_aggregate_processor.cpp:33	include	both	L33	unused
sql-engine	pl	src/sql/pl/ob_pl.h	1	upward-named	src/sql/engine/dml/ob_dml_service.cpp:30	include	both	L30	4
sql-engine	pl	src/sql/pl/ob_pl_resolver.h	1	upward-named	src/sql/engine/user_defined_function/ob_pl_user_defined_agg_function.cpp:19	include	both	L19	4
sql-engine	pl	src/sql/pl/ob_pl_stmt.h	1	upward-named	src/sql/engine/dml/ob_trigger_handler.cpp:24	include	both	L24	unused
sql-engine	observer	src/observer/omt/ob_server_runtime.h	1	upward-named	src/sql/engine/px/ob_px_worker.h:29	forward	both	L29 ObPxPool forward-declared, named at L75 (1 uses), defined at L51	2
sql-engine	observer	src/query/api/query/session/ob_inner_sql_connection_access.h	1	upward-named	src/sql/engine/dml/ob_table_modify_op.cpp:21	include	both	L21	2
sql-engine	x-dropped	src/share/geo/ob_vector_tile.pb-c.h	1	uses-dropped	src/share/geo/ob_geo_mvt.h:25	generated	both	L25 generated by protoc-c from src/share/geo/ob_vector_tile.proto, Rust output in x-dropped	gone
sql-parser	sql	src/sql/plan_cache/ob_plan_cache_struct.h	1	upward-named	src/sql/parser/ob_fast_parser.h:26	include	both	L26	2
sql-parser	pl	src/sql/pl/ob_pl_resolver.h	1	upward-named	src/pl/parser/ob_pl_parser.cpp:19	include	both	L19	unused
sql-resolver	sql-rewrite	src/sql/rewrite/ob_stmt_comparer.h	1	upward-named	src/sql/resolver/dml/ob_group_by_checker.cpp:20	include	both	L20	2
sql-resolver	sql-rewrite	src/sql/rewrite/ob_stmt_comparer.h	1	upward-named	src/sql/resolver/dml/ob_select_resolver.h:23	include	both	L23	2
sql-resolver	sql-rewrite	src/sql/rewrite/ob_transform_pre_process.h	1	upward-named	src/sql/resolver/ddl/ob_ddl_resolver.cpp:26	include	both	L26	2
sql-resolver	sql-rewrite	src/sql/rewrite/ob_transform_pre_process.h	1	upward-named	src/sql/resolver/dml/ob_inlist_resolver.cpp:22	include	both	L22	2
sql-resolver	sql-rewrite	src/sql/rewrite/ob_transform_utils.h	1	upward-named	src/sql/resolver/ddl/ob_create_table_resolver.cpp:21	include	both	L21	2
sql-resolver	sql-rewrite	src/sql/rewrite/ob_transform_utils.h	1	upward-named	src/sql/resolver/dml/ob_aggr_expr_push_up_analyzer.cpp:21	include	both	L21	2
sql-resolver	sql-rewrite	src/sql/rewrite/ob_transform_utils.h	1	upward-named	src/sql/resolver/dml/ob_del_upd_resolver.cpp:22	include	both	L22	2
sql-resolver	sql-rewrite	src/sql/rewrite/ob_transform_utils.h	1	upward-named	src/sql/resolver/dml/ob_dml_resolver.cpp:25	include	both	L25	2
sql-resolver	sql-rewrite	src/sql/rewrite/ob_transform_utils.h	1	upward-named	src/sql/resolver/dml/ob_group_by_checker.cpp:19	include	both	L19	unused
sql-resolver	sql-rewrite	src/sql/rewrite/ob_transform_utils.h	1	upward-named	src/sql/resolver/dml/ob_insert_resolver.cpp:20	include	both	L20	2
sql-resolver	sql-rewrite	src/sql/rewrite/ob_transform_utils.h	1	upward-named	src/sql/resolver/dml/ob_select_resolver.cpp:26	include	both	L26	2
sql-resolver	sql-rewrite	src/sql/rewrite/ob_transform_utils.h	1	upward-named	src/sql/resolver/dml/ob_standard_group_checker.cpp:19	include	both	L19	2
sql-resolver	sql-rewrite	src/sql/rewrite/ob_transform_utils.h	1	upward-named	src/sql/resolver/ob_resolver_utils.cpp:36	include	both	L36	2
sql-resolver	sql-optimizer	src/query/api/query/optimizer/stat/ob_stat_define.h	1	upward-named	src/sql/resolver/ddl/ob_analyze_stmt.h:21	include	both	L21	2
sql-resolver	sql-optimizer	src/sql/optimizer/ob_opt_est_utils.h	1	upward-named	src/sql/resolver/dml/ob_dml_resolver.cpp:24	include	both	L24	2
sql-resolver	sql-optimizer	src/sql/optimizer/ob_opt_selectivity.h	1	upward-named	src/sql/resolver/dml/ob_dml_resolver.cpp:36	include	both	L36	2
sql-resolver	sql-optimizer	src/sql/optimizer/stat/ob_dbms_stats_utils.h	1	upward-named	src/sql/resolver/ddl/ob_analyze_stmt_resolver.cpp:20	include	both	L20	2
sql-resolver	sql-codegen	src/sql/code_generator/ob_expr_generator_impl.h	1	upward-named	src/sql/resolver/cmd/ob_call_procedure_stmt.cpp:21	include	both	L21	1
sql-resolver	sql	src/query/api/query/engine/cmd/ob_load_data_parser.h	1	upward-named	src/sql/resolver/ob_resolver_utils.cpp:21	include	both	L21	1
sql-resolver	sql	src/sql/engine/cmd/ob_load_data_file_reader.h	1	upward-named	src/sql/resolver/cmd/ob_load_data_resolver.cpp:21	include	both	L21	2
sql-resolver	sql	src/sql/hybrid_search/ob_hybrid_search_executor.h	1	upward-named	src/sql/resolver/dml/ob_dml_resolver.cpp:42	include	both	L42	2
sql-resolver	sql	src/sql/ob_sql_context.h	1	upward-named	src/sql/privilege_check/ob_privilege_check.h:25	forward	both	L25 ObSqlCtx forward-declared, named at L39 (5 uses), defined at L401	2
sql-resolver	sql	src/sql/ob_sql_context.h	1	upward-named	src/sql/resolver/ddl/ob_ddl_stmt.cpp:20	include	both	L20	unused
sql-resolver	sql	src/sql/ob_sql_context.h	2	upward-named	src/sql/resolver/ob_schema_checker.h:57	forward	both	L57 ObSqlCtx forward-declared, named at L232 (2 uses), defined at L401; L62 ObSqlCtx forward-declared, named at L232 (2 uses), defined at L401	2
sql-resolver	sql	src/sql/plan_cache/ob_prepare_stmt_struct.h	1	upward-named	src/sql/resolver/cmd/ob_call_procedure_stmt.h:27	include	both	L27	2
sql-resolver	sql	src/sql/plan_cache/ob_prepare_stmt_struct.h	1	upward-named	src/sql/resolver/prepare/ob_execute_resolver.cpp:20	include	both	L20	1
sql-resolver	pl	src/sql/pl/ob_pl.h	1	upward-named	src/sql/resolver/ob_resolver_utils.h:32	include	both	L32	4
sql-resolver	pl	src/sql/pl/ob_pl_build.h	1	upward-named	src/sql/resolver/cmd/ob_anonymous_block_resolver.cpp:22	include	both	L22	4
sql-resolver	pl	src/sql/pl/ob_pl_build.h	1	upward-named	src/sql/resolver/ddl/ob_create_package_resolver.cpp:21	include	both	L21	4
sql-resolver	pl	src/sql/pl/ob_pl_build.h	1	upward-named	src/sql/resolver/ddl/ob_trigger_resolver.cpp:23	include	both	L23	4
sql-resolver	pl	src/sql/pl/ob_pl_build.h	1	upward-named	src/sql/resolver/ob_resolver_utils.cpp:35	include	both	L35	4
sql-resolver	pl	src/sql/pl/ob_pl_dependency_util.h	1	upward-named	src/sql/resolver/cmd/ob_call_procedure_resolver.cpp:24	include	both	L24	4
sql-resolver	pl	src/sql/pl/ob_pl_dependency_util.h	1	upward-named	src/sql/resolver/ob_resolver_utils.cpp:40	include	both	L40	4
sql-resolver	pl	src/sql/pl/ob_pl_package.h	1	upward-named	src/sql/resolver/cmd/ob_anonymous_block_resolver.cpp:21	include	both	L21	4
sql-resolver	pl	src/sql/pl/ob_pl_package.h	1	upward-named	src/sql/resolver/cmd/ob_call_procedure_resolver.cpp:22	include	both	L22	4
sql-resolver	pl	src/sql/pl/ob_pl_package.h	1	upward-named	src/sql/resolver/ddl/ob_alter_routine_resolver.cpp:20	include	both	L20	unused
sql-resolver	pl	src/sql/pl/ob_pl_package.h	1	upward-named	src/sql/resolver/ddl/ob_create_package_resolver.cpp:20	include	both	L20	4
sql-resolver	pl	src/sql/pl/ob_pl_package.h	1	upward-named	src/sql/resolver/ddl/ob_trigger_resolver.cpp:22	include	both	L22	4
sql-resolver	pl	src/sql/pl/ob_pl_package.h	1	upward-named	src/sql/resolver/dml/ob_dml_resolver.cpp:23	include	both	L23	4
sql-resolver	pl	src/sql/pl/ob_pl_package.h	1	upward-named	src/sql/resolver/ob_resolver.cpp:96	include	both	L96	unused
sql-resolver	pl	src/sql/pl/ob_pl_package.h	1	upward-named	src/sql/resolver/ob_resolver_utils.cpp:34	include	both	L34	4
sql-resolver	pl	src/sql/pl/ob_pl_resolver.h	1	upward-named	src/sql/resolver/ddl/ob_create_routine_resolver.cpp:21	include	both	L21	4
sql-resolver	pl	src/sql/pl/ob_pl_resolver.h	1	upward-named	src/sql/resolver/dml/ob_del_upd_resolver.cpp:23	include	both	L23	4
sql-resolver	pl	src/sql/pl/ob_pl_router.h	1	upward-named	src/sql/resolver/ddl/ob_create_routine_resolver.cpp:20	include	both	L20	4
sql-resolver	pl	src/sql/pl/ob_pl_stmt.h	1	upward-named	src/sql/resolver/cmd/ob_call_procedure_resolver.h:25	include	both	L25	4
sql-resolver	pl	src/sql/pl/ob_pl_stmt.h	1	upward-named	src/sql/resolver/ddl/ob_create_package_resolver.h:24	forward	both	L24 ObPLRoutineTable forward-declared, named at L44 (3 uses), defined at L901	4
sql-resolver	pl	src/sql/pl/ob_pl_stmt.h	1	upward-named	src/sql/resolver/ob_resolver_utils.h:33	include	both	L33	4
sql-resolver	pl	src/sql/pl/ob_pl_stmt.h	1	upward-named	src/sql/resolver/ob_schema_checker.cpp:23	include	both	L23	unused
sql-resolver	pl	src/sql/pl/pl_cache/ob_pl_cache.h	1	upward-named	src/sql/resolver/cmd/ob_call_procedure_resolver.h:24	include	both	L24	4
sql-resolver	pl	src/sql/pl/pl_cache/ob_pl_cache_mgr.h	1	upward-named	src/sql/resolver/cmd/ob_call_procedure_resolver.cpp:23	include	both	L23	4
sql-resolver	pl	src/sql/pl/pl_cache/ob_pl_cache_object.h	1	upward-named	src/sql/resolver/cmd/ob_call_procedure_stmt.h:28	include	both	L28	1
sql-resolver	pl	src/sql/pl/sys_package/ob_dbms_stats.h	1	upward-named	src/sql/resolver/ddl/ob_analyze_stmt.cpp:19	include	both	L19	4
sql-resolver	pl	src/sql/resolver/cmd/ob_call_procedure_stmt.h	1	upward-named	src/sql/resolver/cmd/ob_call_procedure_resolver.h:38	forward	both	L38 ObCallProcedureInfo forward-declared, named at L49 (2 uses), defined at L35	4
sql-rewrite	sql-optimizer	src/sql/optimizer/ob_log_function_table.h	1	upward-named	src/sql/rewrite/ob_transform_semi_to_inner.cpp:22	include	both	L22	2
sql-rewrite	sql-optimizer	src/sql/optimizer/ob_log_join.h	1	upward-named	src/sql/rewrite/ob_transform_groupby_pullup.h:22	include	both	L22	2
sql-rewrite	sql-optimizer	src/sql/optimizer/ob_log_join.h	1	upward-named	src/sql/rewrite/ob_transform_groupby_pushdown.h:22	include	both	L22	2
sql-rewrite	sql-optimizer	src/sql/optimizer/ob_log_join.h	1	upward-named	src/sql/rewrite/ob_transform_late_materialization.cpp:21	include	both	L21	2
sql-rewrite	sql-optimizer	src/sql/optimizer/ob_log_join.h	1	upward-named	src/sql/rewrite/ob_transform_semi_to_inner.cpp:21	include	both	L21	2
sql-rewrite	sql-optimizer	src/sql/optimizer/ob_log_join.h	1	upward-named	src/sql/rewrite/ob_transform_temp_table.cpp:23	include	both	L23	2
sql-rewrite	sql-optimizer	src/sql/optimizer/ob_log_plan.h	1	upward-named	src/sql/rewrite/ob_transform_conditional_aggr_coalesce.cpp:21	include	both	L21	unused
sql-rewrite	sql-optimizer	src/sql/optimizer/ob_log_plan.h	1	upward-named	src/sql/rewrite/ob_transform_rule.h:43	forward	both	L43 ObLogPlan forward-declared, named at L510 (1 uses), defined at L164	2
sql-rewrite	sql-optimizer	src/sql/optimizer/ob_log_plan.h	1	upward-named	src/sql/rewrite/ob_transform_temp_table.cpp:20	include	both	L20	2
sql-rewrite	sql-optimizer	src/sql/optimizer/ob_log_sort.h	1	upward-named	src/sql/rewrite/ob_transform_late_materialization.cpp:20	include	both	L20	2
sql-rewrite	sql-optimizer	src/sql/optimizer/ob_log_subplan_scan.h	1	upward-named	src/sql/rewrite/ob_transform_groupby_pullup.cpp:20	include	both	L20	2
sql-rewrite	sql-optimizer	src/sql/optimizer/ob_log_subplan_scan.h	1	upward-named	src/sql/rewrite/ob_transform_temp_table.cpp:24	include	both	L24	2
sql-rewrite	sql-optimizer	src/sql/optimizer/ob_log_table_scan.h	1	upward-named	src/sql/rewrite/ob_transform_groupby_pullup.cpp:21	include	both	L21	2
sql-rewrite	sql-optimizer	src/sql/optimizer/ob_log_table_scan.h	1	upward-named	src/sql/rewrite/ob_transform_late_materialization.cpp:19	include	both	L19	2
sql-rewrite	sql-optimizer	src/sql/optimizer/ob_log_table_scan.h	1	upward-named	src/sql/rewrite/ob_transform_or_expansion.cpp:20	include	both	L20	2
sql-rewrite	sql-optimizer	src/sql/optimizer/ob_log_table_scan.h	1	upward-named	src/sql/rewrite/ob_transform_semi_to_inner.cpp:20	include	both	L20	2
sql-rewrite	sql-optimizer	src/sql/optimizer/ob_log_values_table_access.h	1	upward-named	src/sql/rewrite/ob_transform_semi_to_inner.cpp:23	include	both	L23	2
sql-rewrite	sql-optimizer	src/sql/optimizer/ob_opt_est_utils.h	1	upward-named	src/sql/rewrite/ob_query_range_define.cpp:24	include	both	L24	2
sql-rewrite	sql-optimizer	src/sql/optimizer/ob_optimizer.h	1	upward-named	src/sql/rewrite/ob_transform_rule.cpp:20	include	both	L20	2
sql-rewrite	sql-optimizer	src/sql/optimizer/ob_optimizer_context.h	1	upward-named	src/sql/rewrite/ob_transform_late_materialization.h:23	include	both	L23	2
sql-rewrite	sql-optimizer	src/sql/optimizer/ob_optimizer_context.h	1	upward-named	src/sql/rewrite/ob_transform_or_expansion.cpp:21	include	both	L21	2
sql-rewrite	sql-optimizer	src/sql/optimizer/ob_optimizer_context.h	1	upward-named	src/sql/rewrite/ob_transform_or_expansion.h:28	forward	both	L28 DeducedExprInfo forward-declared, named at L407 (1 uses), defined at L176	2
sql-rewrite	sql-optimizer	src/sql/optimizer/ob_optimizer_context.h	1	upward-named	src/sql/rewrite/ob_transform_rule.cpp:21	include	both	L21	2
sql-rewrite	sql-optimizer	src/sql/optimizer/stat/ob_opt_stat_manager.h	1	upward-named	src/sql/rewrite/ob_transform_conditional_aggr_coalesce.cpp:20	include	both	L20	2
sql-rewrite	sql-optimizer	src/sql/optimizer/stat/ob_opt_stat_manager.h	1	upward-named	src/sql/rewrite/ob_transform_rule.h:30	forward	both	L30 ObOptStatManager forward-declared, named at L125 (1 uses), defined at L34	2
sql-rewrite	sql-optimizer	src/sql/optimizer/stat/ob_opt_stat_manager.h	1	upward-named	src/sql/rewrite/ob_transform_utils.cpp:28	include	both	L28	2
sql-rewrite	sql	src/sql/ob_sql_context.h	1	upward-named	src/sql/rewrite/ob_transform_join_elimination.h:20	include	both	L20	2
sql-rewrite	sql	src/sql/ob_sql_context.h	1	upward-named	src/sql/rewrite/ob_transform_pre_process.h:23	include	both	L23	2
sql-rewrite	sql	src/sql/ob_sql_context.h	1	upward-named	src/sql/rewrite/ob_transform_rule.h:23	include	both	L23	2
sql-rewrite	sql	src/sql/ob_sql_context.h	1	upward-named	src/sql/rewrite/ob_transform_simplify_set.h:22	include	both	L22	2
sql-rewrite	sql	src/sql/ob_sql_context.h	1	upward-named	src/sql/rewrite/ob_transform_utils.cpp:27	include	both	L27	1
sql-rewrite	sql	src/sql/ob_sql_context.h	1	upward-named	src/sql/rewrite/ob_transform_win_magic.cpp:23	include	both	L23	unused
sql-rewrite	pl	src/sql/pl/ob_pl_resolver.h	1	upward-named	src/sql/rewrite/ob_transform_pre_process.cpp:23	include	both	L23	unused
sql-optimizer	sql-codegen	src/sql/code_generator/ob_code_generator.h	1	upward-named	src/sql/optimizer/ob_explain_log_plan.cpp:20	include	both	L20	2
sql-optimizer	sql-codegen	src/sql/code_generator/ob_static_engine_cg.h	1	upward-named	src/sql/optimizer/ob_logical_operator.cpp:21	include	both	L21	2
sql-optimizer	sql-codegen	src/sql/engine/ob_operator_factory.h	1	upward-named	src/sql/optimizer/ob_logical_operator.cpp:19	include	both	L19	2
sql-optimizer	sql	src/sql/monitor/ob_sql_plan.h	1	upward-named	src/sql/optimizer/ob_logical_operator.h:37	include	both	L37	1
sql-optimizer	sql	src/sql/ob_result_set.h	1	upward-named	src/sql/optimizer/stat/ob_dbms_stats_utils.cpp:23	include	both	L23	2
sql-optimizer	sql	src/sql/ob_sql_context.h	1	upward-named	src/sql/optimizer/ob_log_plan.h:21	include	both	L21	2
sql-optimizer	sql	src/sql/ob_sql_context.h	1	upward-named	src/sql/optimizer/ob_logical_operator.h:35	include	both	L35	1
sql-optimizer	sql	src/sql/ob_sql_init.h	1	upward-named	src/sql/optimizer/stat/ob_opt_stat_monitor_manager.cpp:23	include	both	L23	4
sql-optimizer	sql	src/sql/ob_sql_temp_table.h	1	upward-named	src/sql/optimizer/ob_optimizer.h:19	include	both	L19	2
sql-optimizer	sql	src/sql/plan_cache/ob_plan_cache.h	1	upward-named	src/sql/optimizer/stat/ob_opt_stat_manager.cpp:21	include	both	L21	2
sql-optimizer	pl	src/sql/pl/sys_package/ob_dbms_stats.h	1	upward-named	src/sql/optimizer/stat/ob_dbms_stats_executor.cpp:23	include	both	L23	4
sql-optimizer	pl	src/sql/pl/sys_package/ob_dbms_stats.h	1	upward-named	src/sql/optimizer/stat/ob_incremental_stat_estimator.cpp:22	include	both	L22	unused
sql-optimizer	observer	src/query/api/query/session/ob_inner_sql_connection_access.h	1	upward-named	src/sql/optimizer/ob_dynamic_sampling.cpp:22	include	both	L22	2
sql-optimizer	observer	src/query/api/query/session/ob_inner_sql_connection_access.h	1	upward-named	src/sql/optimizer/stat/ob_dbms_stats_executor.cpp:24	include	both	L24	2
sql-optimizer	observer	src/query/api/query/session/ob_inner_sql_connection_access.h	1	upward-named	src/sql/optimizer/stat/ob_stats_estimator.cpp:19	include	both	L19	2
sql	pl	src/sql/pl/ob_pl.h	1	upward-named	src/sql/hybrid_search/ob_hybrid_search_executor.h:20	include	both	L20	4
sql	pl	src/sql/pl/ob_pl.h	1	upward-named	src/sql/ob_spi.h:20	include	both	L20	4
sql	pl	src/sql/pl/ob_pl.h	1	upward-named	src/sql/plan_cache/ob_cache_object.cpp:21	include	both	L21	4
sql	pl	src/sql/pl/ob_pl_allocator.h	1	upward-named	src/sql/ob_spi.h:27	include	both	L27	4
sql	pl	src/sql/pl/ob_pl_exception_handling.h	1	upward-named	src/sql/ob_spi.cpp:33	include	both	L33	4
sql	pl	src/sql/pl/ob_pl_package.h	1	upward-named	src/sql/engine/cmd/ob_routine_executor.cpp:26	include	both	L26	4
sql	pl	src/sql/pl/ob_pl_package.h	1	upward-named	src/sql/engine/cmd/ob_trigger_executor.cpp:21	include	both	L21	4
sql	pl	src/sql/pl/ob_pl_package.h	1	upward-named	src/sql/ob_spi.cpp:29	include	both	L29	4
sql	pl	src/sql/pl/ob_pl_package.h	1	upward-named	src/sql/plan_cache/ob_lib_cache_register.cpp:19	include	both	L19	unused
sql	pl	src/sql/pl/ob_pl_package_state.h	1	upward-named	src/sql/ob_scanner.cpp:21	include	both	L21	unused
sql	pl	src/sql/pl/ob_pl_resolver.h	1	upward-named	src/sql/engine/cmd/ob_package_executor.cpp:23	include	both	L23	unused
sql	pl	src/sql/pl/ob_pl_resolver.h	1	upward-named	src/sql/ob_sql.cpp:35	include	both	L35	unused
sql	pl	src/sql/pl/ob_pl_server_cursor.h	1	upward-named	src/sql/ob_spi.cpp:30	include	both	L30	4
sql	pl	src/sql/pl/ob_pl_server_cursor.h	1	upward-named	src/sql/ob_spi.h:39	forward	both	L39 ObPLServerCursorInfo forward-declared, named at L670 (3 uses), defined at L28	4
sql	pl	src/sql/pl/ob_pl_stmt.h	1	upward-named	src/sql/ob_spi.h:21	include	both	L21	4
sql	pl	src/sql/pl/pl_cache/ob_pl_cache_mgr.h	1	upward-named	src/sql/engine/cmd/ob_alter_system_executor.cpp:29	include	both	L29	4
sql	pl	src/sql/pl/pl_cache/ob_pl_cache_mgr.h	1	upward-named	src/sql/engine/cmd/ob_routine_executor.cpp:28	include	both	L28	4
sql	pl	src/sql/pl/pl_cache/ob_pl_cache_mgr.h	1	upward-named	src/sql/plan_cache/ob_plan_cache.cpp:21	include	both	L21	4
sql	pl	src/sql/pl/sys_package/ob_dbms_stats.h	1	upward-named	src/sql/engine/cmd/ob_analyze_executor.cpp:19	include	both	L19	4
sql	observer	src/data_plane/api/data_plane/vector/ob_vector_refresh_transaction.h	1	upward-named	src/sql/engine/cmd/ob_vector_index_refresh.h:19	include	both	L19	2
sql	observer	src/query/api/query/session/ob_inner_sql_connection_access.h	1	upward-named	src/sql/engine/cmd/ob_get_diagnostics_executor.cpp:19	include	both	L19	2
sql	observer	src/query/api/query/session/ob_inner_sql_connection_access.h	1	upward-named	src/sql/engine/cmd/ob_merge_table_executor.cpp:23	include	both	L23	2
sql	observer	src/query/api/query/session/ob_inner_sql_connection_access.h	1	upward-named	src/sql/engine/cmd/ob_table_executor.cpp:25	include	both	L25	2
sql	observer	src/query/api/query/session/ob_inner_sql_connection_access.h	1	upward-named	src/sql/engine/cmd/ob_variable_set_executor.cpp:23	include	both	L23	2
sql	observer	src/query/api/query/session/ob_inner_sql_connection_access.h	1	upward-named	src/sql/hybrid_search/ob_hybrid_search_executor.cpp:19	include	both	L19	2
sql	observer	src/query/api/query/session/ob_inner_sql_connection_access.h	1	upward-named	src/sql/monitor/ob_sql_plan.cpp:21	include	both	L21	2
sql	observer	src/query/api/query/session/ob_inner_sql_connection_access.h	1	upward-named	src/sql/tablelock/ob_lock_executor.cpp:19	include	both	L19	2
sql	observer	src/sql/ob_mysql_end_trans_cb.h	1	upward-named	src/sql/ob_end_trans_callback.h:26	include	both	L26	2
pl	observer	src/query/api/query/session/ob_inner_sql_connection_access.h	1	upward-named	src/pl/sys_package/ob_dbms_scheduler_mysql.cpp:21	include	both	L21	2
rootserver	observer	src/query/api/query/session/ob_inner_sql_connection_access.h	1	upward-named	src/rootserver/ob_ddl_service.cpp:25	include	both	L25	2
rootserver	observer	src/query/api/query/session/ob_inner_sql_connection_access.h	1	upward-named	src/rootserver/ob_tablet_creator.cpp:21	include	both	L21	2
rootserver	observer	src/query/api/query/session/ob_inner_sql_connection_access.h	1	upward-named	src/rootserver/ob_tablet_drop.cpp:23	include	both	L23	2
rootserver	observer	src/query/api/query/session/ob_inner_sql_connection_access.h	1	upward-named	src/rootserver/truncate_info/ob_truncate_info_service.cpp:23	include	both	L23	2
observer	seekdb	src/observer/ob_signal_handle.h	1	upward-named	src/observer/ob_server.h:63	include	both	L63	gone
observer	standby	src/standby/standby_module.cpp	13	uses-deferred	src/standby/standby_module.h:	definition	both	defs=13 oceanbase::standby::StandbyModule	gone
observer	x-dropped	src/oblib/easy/util/easy_mod_stat.h	1	uses-dropped	src/observer/mysql/obmp_connect.cpp:21	include	both	L21	gone
observer	x-dropped	src/oblib/easy/util/easy_mod_stat.h	1	uses-dropped	src/observer/ob_srv_deliver.cpp:22	include	both	L22	gone
seekdb	ob-share	src/share/ob_encryption_util.h	1	gone	src/observer/main.cpp:61	include	both	L61	gone
seekdb	ob-share	src/share/ob_thread_pool.h	1	gone	src/observer/ob_signal_handle.h:55	include	both	L55	gone
seekdb	ob-share	src/share/ob_version.h	1	gone	src/observer/main.cpp:65	include	both	L65	gone
seekdb	ob-share	src/share/ob_version.h	1	gone	src/observer/ob_command_line_parser.cpp:112	include	both	L112	gone
seekdb	storage-tablet	src/storage/tx_storage/ob_memory_printer.h	1	gone	src/observer/ob_signal_handle.cpp:44	include	both	L44	gone
seekdb	sql	src/sql/ob_sql_init.h	1	gone	src/observer/ob_signal_handle.cpp:43	include	both	L43	gone
seekdb	x-dropped	src/oblib/easy/include/easy_define.h	1	uses-dropped	src/observer/ob_signal_handle.h:22	include	both	L22{defined(_WIN32)}	gone
