row	skeptic_A_verdict	skeptic_B_verdict	outcome	why
1	evidence-defect: stale core-manifest lines: core-manifest.tsv:304 is now core/ob-schema/ob_table_schema and core-manifest.tsv:116 core/ob-base/hash/ob_cuckoo_hashmap; the row's unit is at core-manifest.tsv:315 and ob_pointer_hashmap.h's at core-manifest.tsv:117	evidence-defect: the same stale core-manifest lines (renumbered by 60892faf9)	core-manifest lines fixed (304 to 315, 116 to 117); IGNORED, confirmed	Both hold. In core-manifest.tsv at HEAD 60892faf9, which the working copy matches, core-manifest.tsv:304 is core/ob-schema/ob_table_schema and core-manifest.tsv:116 is core/ob-base/hash/ob_cuckoo_hashmap; this row's unit, core/ob-schema/ob_schema_mgr.p01 (for src/share/schema/ob_schema_mgr.cpp), is at core-manifest.tsv:315, and src/oblib/lib/hash/ob_pointer_hashmap.h is at core-manifest.tsv:117. Nothing else in the row changed.
2	evidence-defect: stale core-manifest lines: core-manifest.tsv:304 is now core/ob-schema/ob_table_schema and core-manifest.tsv:116 core/ob-base/hash/ob_cuckoo_hashmap; the row's unit is at core-manifest.tsv:315 and ob_pointer_hashmap.h's at core-manifest.tsv:117	evidence-defect: the same stale core-manifest lines (renumbered by 60892faf9)	core-manifest lines fixed (304 to 315, 116 to 117); LOOKUP_OUTCOME, confirmed	Both hold. In core-manifest.tsv at HEAD 60892faf9, which the working copy matches, core-manifest.tsv:304 is core/ob-schema/ob_table_schema and core-manifest.tsv:116 is core/ob-base/hash/ob_cuckoo_hashmap; this row's unit, core/ob-schema/ob_schema_mgr.p01 (for src/share/schema/ob_schema_mgr.cpp), is at core-manifest.tsv:315, and src/oblib/lib/hash/ob_pointer_hashmap.h is at core-manifest.tsv:117. Nothing else in the row changed.
3	evidence-defect: stale core-manifest lines: core-manifest.tsv:304 is now core/ob-schema/ob_table_schema and core-manifest.tsv:116 core/ob-base/hash/ob_cuckoo_hashmap; the row's unit is at core-manifest.tsv:315 and ob_pointer_hashmap.h's at core-manifest.tsv:117	evidence-defect: the same stale core-manifest lines (renumbered by 60892faf9)	core-manifest lines fixed (304 to 315, 116 to 117); IGNORED, confirmed	Both hold. In core-manifest.tsv at HEAD 60892faf9, which the working copy matches, core-manifest.tsv:304 is core/ob-schema/ob_table_schema and core-manifest.tsv:116 is core/ob-base/hash/ob_cuckoo_hashmap; this row's unit, core/ob-schema/ob_schema_mgr.p01 (for src/share/schema/ob_schema_mgr.cpp), is at core-manifest.tsv:315, and src/oblib/lib/hash/ob_pointer_hashmap.h is at core-manifest.tsv:117. Nothing else in the row changed.
4	evidence-defect: stale core-manifest lines: core-manifest.tsv:304 is now core/ob-schema/ob_table_schema and core-manifest.tsv:116 core/ob-base/hash/ob_cuckoo_hashmap; the row's unit is at core-manifest.tsv:315 and ob_pointer_hashmap.h's at core-manifest.tsv:117	evidence-defect: the same stale core-manifest lines (renumbered by 60892faf9)	core-manifest lines fixed (304 to 315, 116 to 117); IGNORED, confirmed	Both hold. In core-manifest.tsv at HEAD 60892faf9, which the working copy matches, core-manifest.tsv:304 is core/ob-schema/ob_table_schema and core-manifest.tsv:116 is core/ob-base/hash/ob_cuckoo_hashmap; this row's unit, core/ob-schema/ob_schema_mgr.p01 (for src/share/schema/ob_schema_mgr.cpp), is at core-manifest.tsv:315, and src/oblib/lib/hash/ob_pointer_hashmap.h is at core-manifest.tsv:117. Nothing else in the row changed.
5	evidence-defect: stale core-manifest lines: core-manifest.tsv:304 is now core/ob-schema/ob_table_schema and core-manifest.tsv:116 core/ob-base/hash/ob_cuckoo_hashmap; the row's unit is at core-manifest.tsv:315 and ob_pointer_hashmap.h's at core-manifest.tsv:117	evidence-defect: the same stale core-manifest lines (renumbered by 60892faf9)	core-manifest lines fixed (304 to 315, 116 to 117); IGNORED, confirmed	Both hold. In core-manifest.tsv at HEAD 60892faf9, which the working copy matches, core-manifest.tsv:304 is core/ob-schema/ob_table_schema and core-manifest.tsv:116 is core/ob-base/hash/ob_cuckoo_hashmap; this row's unit, core/ob-schema/ob_schema_mgr.p01 (for src/share/schema/ob_schema_mgr.cpp), is at core-manifest.tsv:315, and src/oblib/lib/hash/ob_pointer_hashmap.h is at core-manifest.tsv:117. Nothing else in the row changed.
6	evidence-defect: stale core-manifest lines: core-manifest.tsv:304 is now core/ob-schema/ob_table_schema and core-manifest.tsv:116 core/ob-base/hash/ob_cuckoo_hashmap; the row's unit is at core-manifest.tsv:315 and ob_pointer_hashmap.h's at core-manifest.tsv:117	evidence-defect: the same stale core-manifest lines (renumbered by 60892faf9)	core-manifest lines fixed (304 to 315, 116 to 117); IGNORED, confirmed	Both hold. In core-manifest.tsv at HEAD 60892faf9, which the working copy matches, core-manifest.tsv:304 is core/ob-schema/ob_table_schema and core-manifest.tsv:116 is core/ob-base/hash/ob_cuckoo_hashmap; this row's unit, core/ob-schema/ob_schema_mgr.p01 (for src/share/schema/ob_schema_mgr.cpp), is at core-manifest.tsv:315, and src/oblib/lib/hash/ob_pointer_hashmap.h is at core-manifest.tsv:117. Nothing else in the row changed.
7	evidence-defect: stale core-manifest lines: core-manifest.tsv:304 is now core/ob-schema/ob_table_schema and core-manifest.tsv:116 core/ob-base/hash/ob_cuckoo_hashmap; the row's unit is at core-manifest.tsv:315 and ob_pointer_hashmap.h's at core-manifest.tsv:117	evidence-defect: the same stale core-manifest lines (renumbered by 60892faf9)	core-manifest lines fixed (304 to 315, 116 to 117); IGNORED, confirmed	Both hold. In core-manifest.tsv at HEAD 60892faf9, which the working copy matches, core-manifest.tsv:304 is core/ob-schema/ob_table_schema and core-manifest.tsv:116 is core/ob-base/hash/ob_cuckoo_hashmap; this row's unit, core/ob-schema/ob_schema_mgr.p01 (for src/share/schema/ob_schema_mgr.cpp), is at core-manifest.tsv:315, and src/oblib/lib/hash/ob_pointer_hashmap.h is at core-manifest.tsv:117. Nothing else in the row changed.
8	evidence-defect: stale core-manifest lines: core-manifest.tsv:304 is now core/ob-schema/ob_table_schema and core-manifest.tsv:116 core/ob-base/hash/ob_cuckoo_hashmap; the row's unit is at core-manifest.tsv:315 and ob_pointer_hashmap.h's at core-manifest.tsv:117	evidence-defect: the same stale core-manifest lines (renumbered by 60892faf9)	core-manifest lines fixed (304 to 315, 116 to 117); LOOKUP_OUTCOME, confirmed	Both hold. In core-manifest.tsv at HEAD 60892faf9, which the working copy matches, core-manifest.tsv:304 is core/ob-schema/ob_table_schema and core-manifest.tsv:116 is core/ob-base/hash/ob_cuckoo_hashmap; this row's unit, core/ob-schema/ob_schema_mgr.p01 (for src/share/schema/ob_schema_mgr.cpp), is at core-manifest.tsv:315, and src/oblib/lib/hash/ob_pointer_hashmap.h is at core-manifest.tsv:117. Nothing else in the row changed.
9	refuted: target_translation writes the chain over codes on hash_ret at src/share/schema/ob_schema_mgr.cpp:1474-1482 as if / else-if; s2-errors.md 2.3's table and RULEBOOK 2.1 give it one form, a match; also stale core-manifest lines: core-manifest.tsv:304 is now core/ob-schema/ob_table_schema and core-manifest.tsv:116 core/ob-base/hash/ob_cuckoo_hashmap; the row's unit is at core-manifest.tsv:315 and ob_pointer_hashmap.h's at core-manifest.tsv:117	evidence-defect: the same stale core-manifest lines (renumbered by 60892faf9)	target_translation rewritten as the match, this row its first arm; core-manifest lines fixed (304 to 315, 116 to 117); LOOKUP_OUTCOME, confirmed	Every test of the chain at src/share/schema/ob_schema_mgr.cpp:1474-1482 is a code test on hash_ret (OB_HASH_NOT_EXIST ==, then OB_SUCCESS !=), and s2-errors.md 2.3's table (s2-errors.md:112) and RULEBOOK 2.1 (RULEBOOK.md:117) give such a chain one form, a match, as the ret-compare-001 review settled for the same shape; B gives no verdict on the form, and the design settles it. The OB_SUCCESS != test is the Err(_) arm and the missing else an empty Ok(()) arm. The manifest finding of both holds: in core-manifest.tsv at HEAD 60892faf9, which the working copy matches, core-manifest.tsv:304 is core/ob-schema/ob_table_schema and core-manifest.tsv:116 is core/ob-base/hash/ob_cuckoo_hashmap; this row's unit, core/ob-schema/ob_schema_mgr.p01 (for src/share/schema/ob_schema_mgr.cpp), is at core-manifest.tsv:315, and src/oblib/lib/hash/ob_pointer_hashmap.h is at core-manifest.tsv:117. Classification and evidence unchanged.
10	evidence-defect: stale core-manifest lines: core-manifest.tsv:304 is now core/ob-schema/ob_table_schema and core-manifest.tsv:116 core/ob-base/hash/ob_cuckoo_hashmap; the row's unit is at core-manifest.tsv:315 and ob_pointer_hashmap.h's at core-manifest.tsv:117	evidence-defect: the same stale core-manifest lines (renumbered by 60892faf9)	core-manifest lines fixed (304 to 315, 116 to 117); LOOKUP_OUTCOME, confirmed	Both hold. In core-manifest.tsv at HEAD 60892faf9, which the working copy matches, core-manifest.tsv:304 is core/ob-schema/ob_table_schema and core-manifest.tsv:116 is core/ob-base/hash/ob_cuckoo_hashmap; this row's unit, core/ob-schema/ob_schema_mgr.p01 (for src/share/schema/ob_schema_mgr.cpp), is at core-manifest.tsv:315, and src/oblib/lib/hash/ob_pointer_hashmap.h is at core-manifest.tsv:117. Nothing else in the row changed.
11	refuted: target_translation writes the chain over codes on hash_ret at src/share/schema/ob_schema_mgr.cpp:1646-1654 as if / else-if; s2-errors.md 2.3's table and RULEBOOK 2.1 give it one form, a match; also stale core-manifest lines: core-manifest.tsv:304 is now core/ob-schema/ob_table_schema and core-manifest.tsv:116 core/ob-base/hash/ob_cuckoo_hashmap; the row's unit is at core-manifest.tsv:315 and ob_pointer_hashmap.h's at core-manifest.tsv:117	evidence-defect: the same stale core-manifest lines (renumbered by 60892faf9)	target_translation rewritten as the match, this row its first arm; core-manifest lines fixed (304 to 315, 116 to 117); LOOKUP_OUTCOME, confirmed	Every test of the chain at src/share/schema/ob_schema_mgr.cpp:1646-1654 is a code test on hash_ret (OB_HASH_NOT_EXIST ==, then OB_SUCCESS !=), and s2-errors.md 2.3's table (s2-errors.md:112) and RULEBOOK 2.1 (RULEBOOK.md:117) give such a chain one form, a match, as the ret-compare-001 review settled for the same shape; B gives no verdict on the form, and the design settles it. The OB_SUCCESS != test is the Err(_) arm and the missing else an empty Ok(()) arm. The manifest finding of both holds: in core-manifest.tsv at HEAD 60892faf9, which the working copy matches, core-manifest.tsv:304 is core/ob-schema/ob_table_schema and core-manifest.tsv:116 is core/ob-base/hash/ob_cuckoo_hashmap; this row's unit, core/ob-schema/ob_schema_mgr.p01 (for src/share/schema/ob_schema_mgr.cpp), is at core-manifest.tsv:315, and src/oblib/lib/hash/ob_pointer_hashmap.h is at core-manifest.tsv:117. Classification and evidence unchanged.
12	evidence-defect: stale core-manifest lines: core-manifest.tsv:305 is now core/ob-schema/ob_table_schema.p01 and core-manifest.tsv:116 core/ob-base/hash/ob_cuckoo_hashmap; the row's unit is at core-manifest.tsv:316 and ob_pointer_hashmap.h's at core-manifest.tsv:117	evidence-defect: the same stale core-manifest lines (renumbered by 60892faf9)	core-manifest lines fixed (305 to 316, 116 to 117); LOOKUP_OUTCOME, confirmed	Both hold. In core-manifest.tsv at HEAD 60892faf9, which the working copy matches, core-manifest.tsv:305 is core/ob-schema/ob_table_schema.p01 and core-manifest.tsv:116 is core/ob-base/hash/ob_cuckoo_hashmap; this row's unit, core/ob-schema/ob_schema_mgr.p02 (for src/share/schema/ob_schema_mgr.cpp), is at core-manifest.tsv:316, and src/oblib/lib/hash/ob_pointer_hashmap.h is at core-manifest.tsv:117. Nothing else in the row changed.
13	evidence-defect: stale core-manifest lines: core-manifest.tsv:305 is now core/ob-schema/ob_table_schema.p01 and core-manifest.tsv:116 core/ob-base/hash/ob_cuckoo_hashmap; the row's unit is at core-manifest.tsv:316 and ob_pointer_hashmap.h's at core-manifest.tsv:117	evidence-defect: the same stale core-manifest lines (renumbered by 60892faf9)	core-manifest lines fixed (305 to 316, 116 to 117); LOOKUP_OUTCOME, confirmed	Both hold. In core-manifest.tsv at HEAD 60892faf9, which the working copy matches, core-manifest.tsv:305 is core/ob-schema/ob_table_schema.p01 and core-manifest.tsv:116 is core/ob-base/hash/ob_cuckoo_hashmap; this row's unit, core/ob-schema/ob_schema_mgr.p02 (for src/share/schema/ob_schema_mgr.cpp), is at core-manifest.tsv:316, and src/oblib/lib/hash/ob_pointer_hashmap.h is at core-manifest.tsv:117. Nothing else in the row changed.
14	evidence-defect: stale core-manifest lines: core-manifest.tsv:305 is now core/ob-schema/ob_table_schema.p01 and core-manifest.tsv:116 core/ob-base/hash/ob_cuckoo_hashmap; the row's unit is at core-manifest.tsv:316 and ob_pointer_hashmap.h's at core-manifest.tsv:117	evidence-defect: the same stale core-manifest lines (renumbered by 60892faf9)	core-manifest lines fixed (305 to 316, 116 to 117); LOOKUP_OUTCOME, confirmed	Both hold. In core-manifest.tsv at HEAD 60892faf9, which the working copy matches, core-manifest.tsv:305 is core/ob-schema/ob_table_schema.p01 and core-manifest.tsv:116 is core/ob-base/hash/ob_cuckoo_hashmap; this row's unit, core/ob-schema/ob_schema_mgr.p02 (for src/share/schema/ob_schema_mgr.cpp), is at core-manifest.tsv:316, and src/oblib/lib/hash/ob_pointer_hashmap.h is at core-manifest.tsv:117. Nothing else in the row changed.
15	evidence-defect: stale core-manifest lines: core-manifest.tsv:305 is now core/ob-schema/ob_table_schema.p01 and core-manifest.tsv:116 core/ob-base/hash/ob_cuckoo_hashmap; the row's unit is at core-manifest.tsv:316 and ob_pointer_hashmap.h's at core-manifest.tsv:117	evidence-defect: the same stale core-manifest lines (renumbered by 60892faf9)	core-manifest lines fixed (305 to 316, 116 to 117); LOOKUP_OUTCOME, confirmed	Both hold. In core-manifest.tsv at HEAD 60892faf9, which the working copy matches, core-manifest.tsv:305 is core/ob-schema/ob_table_schema.p01 and core-manifest.tsv:116 is core/ob-base/hash/ob_cuckoo_hashmap; this row's unit, core/ob-schema/ob_schema_mgr.p02 (for src/share/schema/ob_schema_mgr.cpp), is at core-manifest.tsv:316, and src/oblib/lib/hash/ob_pointer_hashmap.h is at core-manifest.tsv:117. Nothing else in the row changed.
16	evidence-defect: stale core-manifest lines: core-manifest.tsv:305 is now core/ob-schema/ob_table_schema.p01 and core-manifest.tsv:116 core/ob-base/hash/ob_cuckoo_hashmap; the row's unit is at core-manifest.tsv:316 and ob_pointer_hashmap.h's at core-manifest.tsv:117	evidence-defect: the same stale core-manifest lines (renumbered by 60892faf9)	core-manifest lines fixed (305 to 316, 116 to 117); LOOKUP_OUTCOME, confirmed	Both hold. In core-manifest.tsv at HEAD 60892faf9, which the working copy matches, core-manifest.tsv:305 is core/ob-schema/ob_table_schema.p01 and core-manifest.tsv:116 is core/ob-base/hash/ob_cuckoo_hashmap; this row's unit, core/ob-schema/ob_schema_mgr.p02 (for src/share/schema/ob_schema_mgr.cpp), is at core-manifest.tsv:316, and src/oblib/lib/hash/ob_pointer_hashmap.h is at core-manifest.tsv:117. Nothing else in the row changed.
17	evidence-defect: stale core-manifest lines: core-manifest.tsv:305 is now core/ob-schema/ob_table_schema.p01 and core-manifest.tsv:116 core/ob-base/hash/ob_cuckoo_hashmap; the row's unit is at core-manifest.tsv:316 and ob_pointer_hashmap.h's at core-manifest.tsv:117	evidence-defect: the same stale core-manifest lines (renumbered by 60892faf9)	core-manifest lines fixed (305 to 316, 116 to 117); LOOKUP_OUTCOME, confirmed	Both hold. In core-manifest.tsv at HEAD 60892faf9, which the working copy matches, core-manifest.tsv:305 is core/ob-schema/ob_table_schema.p01 and core-manifest.tsv:116 is core/ob-base/hash/ob_cuckoo_hashmap; this row's unit, core/ob-schema/ob_schema_mgr.p02 (for src/share/schema/ob_schema_mgr.cpp), is at core-manifest.tsv:316, and src/oblib/lib/hash/ob_pointer_hashmap.h is at core-manifest.tsv:117. Nothing else in the row changed.
18	evidence-defect: stale core-manifest line: core-manifest.tsv:305 is now core/ob-schema/ob_table_schema.p01; the row's unit is at core-manifest.tsv:316	evidence-defect: the same stale core-manifest line (renumbered by 60892faf9)	core-manifest line fixed (305 to 316); IGNORED, confirmed	Both hold. In core-manifest.tsv at HEAD 60892faf9, which the working copy matches, core-manifest.tsv:305 is core/ob-schema/ob_table_schema.p01; this row's unit, core/ob-schema/ob_schema_mgr.p02 (for src/share/schema/ob_schema_mgr.cpp), is at core-manifest.tsv:316. Nothing else in the row changed.
19	evidence-defect: stale core-manifest lines: core-manifest.tsv:305 is now core/ob-schema/ob_table_schema.p01 and core-manifest.tsv:116 core/ob-base/hash/ob_cuckoo_hashmap; the row's unit is at core-manifest.tsv:316 and ob_pointer_hashmap.h's at core-manifest.tsv:117	evidence-defect: the same stale core-manifest lines (renumbered by 60892faf9)	core-manifest lines fixed (305 to 316, 116 to 117); LOOKUP_OUTCOME, confirmed	Both hold. In core-manifest.tsv at HEAD 60892faf9, which the working copy matches, core-manifest.tsv:305 is core/ob-schema/ob_table_schema.p01 and core-manifest.tsv:116 is core/ob-base/hash/ob_cuckoo_hashmap; this row's unit, core/ob-schema/ob_schema_mgr.p02 (for src/share/schema/ob_schema_mgr.cpp), is at core-manifest.tsv:316, and src/oblib/lib/hash/ob_pointer_hashmap.h is at core-manifest.tsv:117. Nothing else in the row changed.
20	evidence-defect: stale core-manifest lines: core-manifest.tsv:305 is now core/ob-schema/ob_table_schema.p01 and core-manifest.tsv:116 core/ob-base/hash/ob_cuckoo_hashmap; the row's unit is at core-manifest.tsv:316 and ob_pointer_hashmap.h's at core-manifest.tsv:117	evidence-defect: the same stale core-manifest lines (renumbered by 60892faf9)	core-manifest lines fixed (305 to 316, 116 to 117); LOOKUP_OUTCOME, confirmed	Both hold. In core-manifest.tsv at HEAD 60892faf9, which the working copy matches, core-manifest.tsv:305 is core/ob-schema/ob_table_schema.p01 and core-manifest.tsv:116 is core/ob-base/hash/ob_cuckoo_hashmap; this row's unit, core/ob-schema/ob_schema_mgr.p02 (for src/share/schema/ob_schema_mgr.cpp), is at core-manifest.tsv:316, and src/oblib/lib/hash/ob_pointer_hashmap.h is at core-manifest.tsv:117. Nothing else in the row changed.
21	evidence-defect: stale core-manifest lines: core-manifest.tsv:305 is now core/ob-schema/ob_table_schema.p01 and core-manifest.tsv:116 core/ob-base/hash/ob_cuckoo_hashmap; the row's unit is at core-manifest.tsv:316 and ob_pointer_hashmap.h's at core-manifest.tsv:117	evidence-defect: the same stale core-manifest lines (renumbered by 60892faf9)	core-manifest lines fixed (305 to 316, 116 to 117); LOOKUP_OUTCOME, confirmed	Both hold. In core-manifest.tsv at HEAD 60892faf9, which the working copy matches, core-manifest.tsv:305 is core/ob-schema/ob_table_schema.p01 and core-manifest.tsv:116 is core/ob-base/hash/ob_cuckoo_hashmap; this row's unit, core/ob-schema/ob_schema_mgr.p02 (for src/share/schema/ob_schema_mgr.cpp), is at core-manifest.tsv:316, and src/oblib/lib/hash/ob_pointer_hashmap.h is at core-manifest.tsv:117. Nothing else in the row changed.
22	evidence-defect: stale core-manifest lines: core-manifest.tsv:305 is now core/ob-schema/ob_table_schema.p01 and core-manifest.tsv:116 core/ob-base/hash/ob_cuckoo_hashmap; the row's unit is at core-manifest.tsv:316 and ob_pointer_hashmap.h's at core-manifest.tsv:117	evidence-defect: the same stale core-manifest lines (renumbered by 60892faf9)	core-manifest lines fixed (305 to 316, 116 to 117); LOOKUP_OUTCOME, confirmed	Both hold. In core-manifest.tsv at HEAD 60892faf9, which the working copy matches, core-manifest.tsv:305 is core/ob-schema/ob_table_schema.p01 and core-manifest.tsv:116 is core/ob-base/hash/ob_cuckoo_hashmap; this row's unit, core/ob-schema/ob_schema_mgr.p02 (for src/share/schema/ob_schema_mgr.cpp), is at core-manifest.tsv:316, and src/oblib/lib/hash/ob_pointer_hashmap.h is at core-manifest.tsv:117. Nothing else in the row changed.
23	evidence-defect: stale core-manifest lines: core-manifest.tsv:305 is now core/ob-schema/ob_table_schema.p01 and core-manifest.tsv:116 core/ob-base/hash/ob_cuckoo_hashmap; the row's unit is at core-manifest.tsv:316 and ob_pointer_hashmap.h's at core-manifest.tsv:117	evidence-defect: the same stale core-manifest lines (renumbered by 60892faf9)	core-manifest lines fixed (305 to 316, 116 to 117); LOOKUP_OUTCOME, confirmed	Both hold. In core-manifest.tsv at HEAD 60892faf9, which the working copy matches, core-manifest.tsv:305 is core/ob-schema/ob_table_schema.p01 and core-manifest.tsv:116 is core/ob-base/hash/ob_cuckoo_hashmap; this row's unit, core/ob-schema/ob_schema_mgr.p02 (for src/share/schema/ob_schema_mgr.cpp), is at core-manifest.tsv:316, and src/oblib/lib/hash/ob_pointer_hashmap.h is at core-manifest.tsv:117. Nothing else in the row changed.
24	evidence-defect: stale core-manifest lines: core-manifest.tsv:305 is now core/ob-schema/ob_table_schema.p01 and core-manifest.tsv:116 core/ob-base/hash/ob_cuckoo_hashmap; the row's unit is at core-manifest.tsv:316 and ob_pointer_hashmap.h's at core-manifest.tsv:117	evidence-defect: the same stale core-manifest lines (renumbered by 60892faf9)	core-manifest lines fixed (305 to 316, 116 to 117); LOOKUP_OUTCOME, confirmed	Both hold. In core-manifest.tsv at HEAD 60892faf9, which the working copy matches, core-manifest.tsv:305 is core/ob-schema/ob_table_schema.p01 and core-manifest.tsv:116 is core/ob-base/hash/ob_cuckoo_hashmap; this row's unit, core/ob-schema/ob_schema_mgr.p02 (for src/share/schema/ob_schema_mgr.cpp), is at core-manifest.tsv:316, and src/oblib/lib/hash/ob_pointer_hashmap.h is at core-manifest.tsv:117. Nothing else in the row changed.
25	evidence-defect: stale core-manifest lines: core-manifest.tsv:305 is now core/ob-schema/ob_table_schema.p01 and core-manifest.tsv:116 core/ob-base/hash/ob_cuckoo_hashmap; the row's unit is at core-manifest.tsv:316 and ob_pointer_hashmap.h's at core-manifest.tsv:117	evidence-defect: the same stale core-manifest lines (renumbered by 60892faf9)	core-manifest lines fixed (305 to 316, 116 to 117); LOOKUP_OUTCOME, confirmed	Both hold. In core-manifest.tsv at HEAD 60892faf9, which the working copy matches, core-manifest.tsv:305 is core/ob-schema/ob_table_schema.p01 and core-manifest.tsv:116 is core/ob-base/hash/ob_cuckoo_hashmap; this row's unit, core/ob-schema/ob_schema_mgr.p02 (for src/share/schema/ob_schema_mgr.cpp), is at core-manifest.tsv:316, and src/oblib/lib/hash/ob_pointer_hashmap.h is at core-manifest.tsv:117. Nothing else in the row changed.
26	evidence-defect: stale core-manifest lines: core-manifest.tsv:305 is now core/ob-schema/ob_table_schema.p01 and core-manifest.tsv:116 core/ob-base/hash/ob_cuckoo_hashmap; the row's unit is at core-manifest.tsv:316 and ob_pointer_hashmap.h's at core-manifest.tsv:117	evidence-defect: the same stale core-manifest lines (renumbered by 60892faf9)	core-manifest lines fixed (305 to 316, 116 to 117); LOOKUP_OUTCOME, confirmed	Both hold. In core-manifest.tsv at HEAD 60892faf9, which the working copy matches, core-manifest.tsv:305 is core/ob-schema/ob_table_schema.p01 and core-manifest.tsv:116 is core/ob-base/hash/ob_cuckoo_hashmap; this row's unit, core/ob-schema/ob_schema_mgr.p02 (for src/share/schema/ob_schema_mgr.cpp), is at core-manifest.tsv:316, and src/oblib/lib/hash/ob_pointer_hashmap.h is at core-manifest.tsv:117. Nothing else in the row changed.
27	evidence-defect: stale core-manifest lines: core-manifest.tsv:305 is now core/ob-schema/ob_table_schema.p01 and core-manifest.tsv:116 core/ob-base/hash/ob_cuckoo_hashmap; the row's unit is at core-manifest.tsv:316 and ob_pointer_hashmap.h's at core-manifest.tsv:117	evidence-defect: the same stale core-manifest lines (renumbered by 60892faf9)	core-manifest lines fixed (305 to 316, 116 to 117); LOOKUP_OUTCOME, confirmed	Both hold. In core-manifest.tsv at HEAD 60892faf9, which the working copy matches, core-manifest.tsv:305 is core/ob-schema/ob_table_schema.p01 and core-manifest.tsv:116 is core/ob-base/hash/ob_cuckoo_hashmap; this row's unit, core/ob-schema/ob_schema_mgr.p02 (for src/share/schema/ob_schema_mgr.cpp), is at core-manifest.tsv:316, and src/oblib/lib/hash/ob_pointer_hashmap.h is at core-manifest.tsv:117. Nothing else in the row changed.
28	evidence-defect: stale core-manifest lines: core-manifest.tsv:305 is now core/ob-schema/ob_table_schema.p01 and core-manifest.tsv:116 core/ob-base/hash/ob_cuckoo_hashmap; the row's unit is at core-manifest.tsv:316 and ob_pointer_hashmap.h's at core-manifest.tsv:117	evidence-defect: the same stale core-manifest lines (renumbered by 60892faf9)	core-manifest lines fixed (305 to 316, 116 to 117); LOOKUP_OUTCOME, confirmed	Both hold. In core-manifest.tsv at HEAD 60892faf9, which the working copy matches, core-manifest.tsv:305 is core/ob-schema/ob_table_schema.p01 and core-manifest.tsv:116 is core/ob-base/hash/ob_cuckoo_hashmap; this row's unit, core/ob-schema/ob_schema_mgr.p02 (for src/share/schema/ob_schema_mgr.cpp), is at core-manifest.tsv:316, and src/oblib/lib/hash/ob_pointer_hashmap.h is at core-manifest.tsv:117. Nothing else in the row changed.
29	evidence-defect: stale core-manifest lines: core-manifest.tsv:305 is now core/ob-schema/ob_table_schema.p01 and core-manifest.tsv:116 core/ob-base/hash/ob_cuckoo_hashmap; the row's unit is at core-manifest.tsv:316 and ob_pointer_hashmap.h's at core-manifest.tsv:117	evidence-defect: the same stale core-manifest lines (renumbered by 60892faf9)	core-manifest lines fixed (305 to 316, 116 to 117); LOOKUP_OUTCOME, confirmed	Both hold. In core-manifest.tsv at HEAD 60892faf9, which the working copy matches, core-manifest.tsv:305 is core/ob-schema/ob_table_schema.p01 and core-manifest.tsv:116 is core/ob-base/hash/ob_cuckoo_hashmap; this row's unit, core/ob-schema/ob_schema_mgr.p02 (for src/share/schema/ob_schema_mgr.cpp), is at core-manifest.tsv:316, and src/oblib/lib/hash/ob_pointer_hashmap.h is at core-manifest.tsv:117. Nothing else in the row changed.
30	evidence-defect: stale core-manifest lines: core-manifest.tsv:305 is now core/ob-schema/ob_table_schema.p01 and core-manifest.tsv:116 core/ob-base/hash/ob_cuckoo_hashmap; the row's unit is at core-manifest.tsv:316 and ob_pointer_hashmap.h's at core-manifest.tsv:117	evidence-defect: the same stale core-manifest lines (renumbered by 60892faf9)	core-manifest lines fixed (305 to 316, 116 to 117); LOOKUP_OUTCOME, confirmed	Both hold. In core-manifest.tsv at HEAD 60892faf9, which the working copy matches, core-manifest.tsv:305 is core/ob-schema/ob_table_schema.p01 and core-manifest.tsv:116 is core/ob-base/hash/ob_cuckoo_hashmap; this row's unit, core/ob-schema/ob_schema_mgr.p02 (for src/share/schema/ob_schema_mgr.cpp), is at core-manifest.tsv:316, and src/oblib/lib/hash/ob_pointer_hashmap.h is at core-manifest.tsv:117. Nothing else in the row changed.
31	evidence-defect: stale core-manifest lines: core-manifest.tsv:305 is now core/ob-schema/ob_table_schema.p01 and core-manifest.tsv:116 core/ob-base/hash/ob_cuckoo_hashmap; the row's unit is at core-manifest.tsv:316 and ob_pointer_hashmap.h's at core-manifest.tsv:117	evidence-defect: the same stale core-manifest lines (renumbered by 60892faf9)	core-manifest lines fixed (305 to 316, 116 to 117); LOOKUP_OUTCOME, confirmed	Both hold. In core-manifest.tsv at HEAD 60892faf9, which the working copy matches, core-manifest.tsv:305 is core/ob-schema/ob_table_schema.p01 and core-manifest.tsv:116 is core/ob-base/hash/ob_cuckoo_hashmap; this row's unit, core/ob-schema/ob_schema_mgr.p02 (for src/share/schema/ob_schema_mgr.cpp), is at core-manifest.tsv:316, and src/oblib/lib/hash/ob_pointer_hashmap.h is at core-manifest.tsv:117. Nothing else in the row changed.
32	evidence-defect: stale core-manifest lines: core-manifest.tsv:305 is now core/ob-schema/ob_table_schema.p01 and core-manifest.tsv:116 core/ob-base/hash/ob_cuckoo_hashmap; the row's unit is at core-manifest.tsv:316 and ob_pointer_hashmap.h's at core-manifest.tsv:117	evidence-defect: the same stale core-manifest lines (renumbered by 60892faf9)	core-manifest lines fixed (305 to 316, 116 to 117); LOOKUP_OUTCOME, confirmed	Both hold. In core-manifest.tsv at HEAD 60892faf9, which the working copy matches, core-manifest.tsv:305 is core/ob-schema/ob_table_schema.p01 and core-manifest.tsv:116 is core/ob-base/hash/ob_cuckoo_hashmap; this row's unit, core/ob-schema/ob_schema_mgr.p02 (for src/share/schema/ob_schema_mgr.cpp), is at core-manifest.tsv:316, and src/oblib/lib/hash/ob_pointer_hashmap.h is at core-manifest.tsv:117. Nothing else in the row changed.
33	evidence-defect: stale core-manifest line: core-manifest.tsv:264 is now core/ob-values/ob_datum_funcs_compilation/ob_datum_funcs_compilation; the row's unit is at core-manifest.tsv:275	evidence-defect: the same stale core-manifest line (renumbered by 60892faf9)	core-manifest line fixed (264 to 275); LOOKUP_OUTCOME, confirmed	Both hold. In core-manifest.tsv at HEAD 60892faf9, which the working copy matches, core-manifest.tsv:264 is core/ob-values/ob_datum_funcs_compilation/ob_datum_funcs_compilation; this row's unit, core/ob-schema/ob_schema_mgr_cache (for src/share/schema/ob_schema_mgr_cache.cpp), is at core-manifest.tsv:275. Nothing else in the row changed.
34	refuted: target_translation writes the chain over codes on ret at src/share/schema/ob_schema_struct.cpp:291-313 as if / else-if; s2-errors.md 2.3's table and RULEBOOK 2.1 give it one form, a match; also stale core-manifest line: core-manifest.tsv:272 is now core/ob-schema/ob_obj_priv_type; the row's unit is at core-manifest.tsv:283	evidence-defect: the same stale core-manifest line (renumbered by 60892faf9)	target_translation rewritten as the match, this row its first arm; core-manifest line fixed (272 to 283); LOOKUP_OUTCOME, confirmed	Every test of the chain at src/share/schema/ob_schema_struct.cpp:291-313 is a code test on ret (OB_HASH_NOT_EXIST ==, OB_SUCCESS ==, empty else), and s2-errors.md 2.3's table (s2-errors.md:112) and RULEBOOK 2.1 (RULEBOOK.md:117) give such a chain one form, a match, as the ret-compare-001 review settled for the same shape; B gives no verdict on the form, and the design settles it. The manifest finding of both holds: in core-manifest.tsv at HEAD 60892faf9, which the working copy matches, core-manifest.tsv:272 is core/ob-schema/ob_obj_priv_type; this row's unit, core/ob-schema/ob_schema_struct.p02 (for src/share/schema/ob_schema_struct.cpp), is at core-manifest.tsv:283. Classification and evidence unchanged.
35	evidence-defect: stale core-manifest line: core-manifest.tsv:272 is now core/ob-schema/ob_obj_priv_type; the row's unit is at core-manifest.tsv:283	evidence-defect: the same stale core-manifest line (renumbered by 60892faf9)	core-manifest line fixed (272 to 283); LOOKUP_OUTCOME, confirmed	Both hold. In core-manifest.tsv at HEAD 60892faf9, which the working copy matches, core-manifest.tsv:272 is core/ob-schema/ob_obj_priv_type; this row's unit, core/ob-schema/ob_schema_struct.p02 (for src/share/schema/ob_schema_struct.cpp), is at core-manifest.tsv:283. Nothing else in the row changed.
36	evidence-defect: stale core-manifest line: core-manifest.tsv:272 is now core/ob-schema/ob_obj_priv_type; the row's unit is at core-manifest.tsv:283	evidence-defect: the same stale core-manifest line (renumbered by 60892faf9)	core-manifest line fixed (272 to 283); LOOKUP_OUTCOME, confirmed	Both hold. In core-manifest.tsv at HEAD 60892faf9, which the working copy matches, core-manifest.tsv:272 is core/ob-schema/ob_obj_priv_type; this row's unit, core/ob-schema/ob_schema_struct.p02 (for src/share/schema/ob_schema_struct.cpp), is at core-manifest.tsv:283. Nothing else in the row changed.
37	evidence-defect: stale core-manifest line: core-manifest.tsv:272 is now core/ob-schema/ob_obj_priv_type; the row's unit is at core-manifest.tsv:283	evidence-defect: the same stale core-manifest line (renumbered by 60892faf9)	core-manifest line fixed (272 to 283); LOOKUP_OUTCOME, confirmed	Both hold. In core-manifest.tsv at HEAD 60892faf9, which the working copy matches, core-manifest.tsv:272 is core/ob-schema/ob_obj_priv_type; this row's unit, core/ob-schema/ob_schema_struct.p02 (for src/share/schema/ob_schema_struct.cpp), is at core-manifest.tsv:283. Nothing else in the row changed.
38	evidence-defect: stale core-manifest line: core-manifest.tsv:272 is now core/ob-schema/ob_obj_priv_type; the row's unit is at core-manifest.tsv:283	evidence-defect: the same stale core-manifest line (renumbered by 60892faf9)	core-manifest line fixed (272 to 283); RENAMED, confirmed	Both hold. In core-manifest.tsv at HEAD 60892faf9, which the working copy matches, core-manifest.tsv:272 is core/ob-schema/ob_obj_priv_type; this row's unit, core/ob-schema/ob_schema_struct.p02 (for src/share/schema/ob_schema_struct.cpp), is at core-manifest.tsv:283. Nothing else in the row changed.
39	evidence-defect: stale core-manifest line: core-manifest.tsv:272 is now core/ob-schema/ob_obj_priv_type; the row's unit is at core-manifest.tsv:283	evidence-defect: the same stale core-manifest line (renumbered by 60892faf9)	core-manifest line fixed (272 to 283); LOOKUP_OUTCOME, confirmed	Both hold. In core-manifest.tsv at HEAD 60892faf9, which the working copy matches, core-manifest.tsv:272 is core/ob-schema/ob_obj_priv_type; this row's unit, core/ob-schema/ob_schema_struct.p02 (for src/share/schema/ob_schema_struct.cpp), is at core-manifest.tsv:283. Nothing else in the row changed.
40	evidence-defect: stale core-manifest line: core-manifest.tsv:272 is now core/ob-schema/ob_obj_priv_type; the row's unit is at core-manifest.tsv:283	evidence-defect: the same stale core-manifest line (renumbered by 60892faf9)	core-manifest line fixed (272 to 283); RENAMED, confirmed	Both hold. In core-manifest.tsv at HEAD 60892faf9, which the working copy matches, core-manifest.tsv:272 is core/ob-schema/ob_obj_priv_type; this row's unit, core/ob-schema/ob_schema_struct.p02 (for src/share/schema/ob_schema_struct.cpp), is at core-manifest.tsv:283. Nothing else in the row changed.
41	evidence-defect: stale core-manifest line: core-manifest.tsv:272 is now core/ob-schema/ob_obj_priv_type; the row's unit is at core-manifest.tsv:283	evidence-defect: the same stale core-manifest line (renumbered by 60892faf9)	core-manifest line fixed (272 to 283); RENAMED, confirmed	Both hold. In core-manifest.tsv at HEAD 60892faf9, which the working copy matches, core-manifest.tsv:272 is core/ob-schema/ob_obj_priv_type; this row's unit, core/ob-schema/ob_schema_struct.p02 (for src/share/schema/ob_schema_struct.cpp), is at core-manifest.tsv:283. Nothing else in the row changed.
42	evidence-defect: stale core-manifest line: core-manifest.tsv:272 is now core/ob-schema/ob_obj_priv_type; the row's unit is at core-manifest.tsv:283	evidence-defect: the same stale core-manifest line (renumbered by 60892faf9)	core-manifest line fixed (272 to 283); END_OF_DATA, confirmed	Both hold. In core-manifest.tsv at HEAD 60892faf9, which the working copy matches, core-manifest.tsv:272 is core/ob-schema/ob_obj_priv_type; this row's unit, core/ob-schema/ob_schema_struct.p02 (for src/share/schema/ob_schema_struct.cpp), is at core-manifest.tsv:283. Nothing else in the row changed.
43	evidence-defect: stale core-manifest line: core-manifest.tsv:333 is now core/ob-schema/ob_table_sql_service.p02; the row's unit is at core-manifest.tsv:344	evidence-defect: the same stale core-manifest line (renumbered by 60892faf9)	core-manifest line fixed (333 to 344); LOOKUP_OUTCOME, confirmed	Both hold. In core-manifest.tsv at HEAD 60892faf9, which the working copy matches, core-manifest.tsv:333 is core/ob-schema/ob_table_sql_service.p02; this row's unit, core/ob-schema/ob_server_schema_service.p01 (for src/share/schema/ob_server_schema_service.cpp), is at core-manifest.tsv:344. Nothing else in the row changed.
44	evidence-defect: stale core-manifest line: core-manifest.tsv:333 is now core/ob-schema/ob_table_sql_service.p02; the row's unit is at core-manifest.tsv:344	evidence-defect: the same stale core-manifest line (renumbered by 60892faf9)	core-manifest line fixed (333 to 344); LOOKUP_OUTCOME, confirmed	Both hold. In core-manifest.tsv at HEAD 60892faf9, which the working copy matches, core-manifest.tsv:333 is core/ob-schema/ob_table_sql_service.p02; this row's unit, core/ob-schema/ob_server_schema_service.p01 (for src/share/schema/ob_server_schema_service.cpp), is at core-manifest.tsv:344. Nothing else in the row changed.
45	evidence-defect: stale core-manifest line: core-manifest.tsv:333 is now core/ob-schema/ob_table_sql_service.p02; the row's unit is at core-manifest.tsv:344	evidence-defect: the same stale core-manifest line (renumbered by 60892faf9)	core-manifest line fixed (333 to 344); LOOKUP_OUTCOME, confirmed	Both hold. In core-manifest.tsv at HEAD 60892faf9, which the working copy matches, core-manifest.tsv:333 is core/ob-schema/ob_table_sql_service.p02; this row's unit, core/ob-schema/ob_server_schema_service.p01 (for src/share/schema/ob_server_schema_service.cpp), is at core-manifest.tsv:344. Nothing else in the row changed.
46	evidence-defect: stale core-manifest line: core-manifest.tsv:333 is now core/ob-schema/ob_table_sql_service.p02; the row's unit is at core-manifest.tsv:344	evidence-defect: the same stale core-manifest line (renumbered by 60892faf9)	core-manifest line fixed (333 to 344); LOOKUP_OUTCOME, confirmed	Both hold. In core-manifest.tsv at HEAD 60892faf9, which the working copy matches, core-manifest.tsv:333 is core/ob-schema/ob_table_sql_service.p02; this row's unit, core/ob-schema/ob_server_schema_service.p01 (for src/share/schema/ob_server_schema_service.cpp), is at core-manifest.tsv:344. Nothing else in the row changed.
47	evidence-defect: stale core-manifest line: core-manifest.tsv:333 is now core/ob-schema/ob_table_sql_service.p02; the row's unit is at core-manifest.tsv:344	evidence-defect: the same stale core-manifest line (renumbered by 60892faf9)	core-manifest line fixed (333 to 344); LOOKUP_OUTCOME, confirmed	Both hold. In core-manifest.tsv at HEAD 60892faf9, which the working copy matches, core-manifest.tsv:333 is core/ob-schema/ob_table_sql_service.p02; this row's unit, core/ob-schema/ob_server_schema_service.p01 (for src/share/schema/ob_server_schema_service.cpp), is at core-manifest.tsv:344. Nothing else in the row changed.
48	evidence-defect: stale core-manifest line: core-manifest.tsv:333 is now core/ob-schema/ob_table_sql_service.p02; the row's unit is at core-manifest.tsv:344	evidence-defect: the same stale core-manifest line (renumbered by 60892faf9)	core-manifest line fixed (333 to 344); LOOKUP_OUTCOME, confirmed	Both hold. In core-manifest.tsv at HEAD 60892faf9, which the working copy matches, core-manifest.tsv:333 is core/ob-schema/ob_table_sql_service.p02; this row's unit, core/ob-schema/ob_server_schema_service.p01 (for src/share/schema/ob_server_schema_service.cpp), is at core-manifest.tsv:344. Nothing else in the row changed.
49	evidence-defect: stale core-manifest line: core-manifest.tsv:333 is now core/ob-schema/ob_table_sql_service.p02; the row's unit is at core-manifest.tsv:344	evidence-defect: the same stale core-manifest line (renumbered by 60892faf9)	core-manifest line fixed (333 to 344); LOOKUP_OUTCOME, confirmed	Both hold. In core-manifest.tsv at HEAD 60892faf9, which the working copy matches, core-manifest.tsv:333 is core/ob-schema/ob_table_sql_service.p02; this row's unit, core/ob-schema/ob_server_schema_service.p01 (for src/share/schema/ob_server_schema_service.cpp), is at core-manifest.tsv:344. Nothing else in the row changed.
50	evidence-defect: stale core-manifest line: core-manifest.tsv:333 is now core/ob-schema/ob_table_sql_service.p02; the row's unit is at core-manifest.tsv:344	evidence-defect: the same stale core-manifest line (renumbered by 60892faf9)	core-manifest line fixed (333 to 344); LOOKUP_OUTCOME, confirmed	Both hold. In core-manifest.tsv at HEAD 60892faf9, which the working copy matches, core-manifest.tsv:333 is core/ob-schema/ob_table_sql_service.p02; this row's unit, core/ob-schema/ob_server_schema_service.p01 (for src/share/schema/ob_server_schema_service.cpp), is at core-manifest.tsv:344. Nothing else in the row changed.
51	evidence-defect: stale core-manifest line: core-manifest.tsv:333 is now core/ob-schema/ob_table_sql_service.p02; the row's unit is at core-manifest.tsv:344	evidence-defect: the same stale core-manifest line (renumbered by 60892faf9)	core-manifest line fixed (333 to 344); LOOKUP_OUTCOME, confirmed	Both hold. In core-manifest.tsv at HEAD 60892faf9, which the working copy matches, core-manifest.tsv:333 is core/ob-schema/ob_table_sql_service.p02; this row's unit, core/ob-schema/ob_server_schema_service.p01 (for src/share/schema/ob_server_schema_service.cpp), is at core-manifest.tsv:344. Nothing else in the row changed.
52	evidence-defect: stale core-manifest line: core-manifest.tsv:333 is now core/ob-schema/ob_table_sql_service.p02; the row's unit is at core-manifest.tsv:344	evidence-defect: the same stale core-manifest line (renumbered by 60892faf9)	core-manifest line fixed (333 to 344); LOOKUP_OUTCOME, confirmed	Both hold. In core-manifest.tsv at HEAD 60892faf9, which the working copy matches, core-manifest.tsv:333 is core/ob-schema/ob_table_sql_service.p02; this row's unit, core/ob-schema/ob_server_schema_service.p01 (for src/share/schema/ob_server_schema_service.cpp), is at core-manifest.tsv:344. Nothing else in the row changed.
53	evidence-defect: stale core-manifest line: core-manifest.tsv:333 is now core/ob-schema/ob_table_sql_service.p02; the row's unit is at core-manifest.tsv:344	evidence-defect: the same stale core-manifest line (renumbered by 60892faf9)	core-manifest line fixed (333 to 344); LOOKUP_OUTCOME, confirmed	Both hold. In core-manifest.tsv at HEAD 60892faf9, which the working copy matches, core-manifest.tsv:333 is core/ob-schema/ob_table_sql_service.p02; this row's unit, core/ob-schema/ob_server_schema_service.p01 (for src/share/schema/ob_server_schema_service.cpp), is at core-manifest.tsv:344. Nothing else in the row changed.
54	evidence-defect: stale core-manifest line: core-manifest.tsv:333 is now core/ob-schema/ob_table_sql_service.p02; the row's unit is at core-manifest.tsv:344	evidence-defect: the same stale core-manifest line (renumbered by 60892faf9)	core-manifest line fixed (333 to 344); LOOKUP_OUTCOME, confirmed	Both hold. In core-manifest.tsv at HEAD 60892faf9, which the working copy matches, core-manifest.tsv:333 is core/ob-schema/ob_table_sql_service.p02; this row's unit, core/ob-schema/ob_server_schema_service.p01 (for src/share/schema/ob_server_schema_service.cpp), is at core-manifest.tsv:344. Nothing else in the row changed.
55	evidence-defect: stale core-manifest line: core-manifest.tsv:333 is now core/ob-schema/ob_table_sql_service.p02; the row's unit is at core-manifest.tsv:344	evidence-defect: the same stale core-manifest line (renumbered by 60892faf9)	core-manifest line fixed (333 to 344); LOOKUP_OUTCOME, confirmed	Both hold. In core-manifest.tsv at HEAD 60892faf9, which the working copy matches, core-manifest.tsv:333 is core/ob-schema/ob_table_sql_service.p02; this row's unit, core/ob-schema/ob_server_schema_service.p01 (for src/share/schema/ob_server_schema_service.cpp), is at core-manifest.tsv:344. Nothing else in the row changed.
56	evidence-defect: stale core-manifest line: core-manifest.tsv:333 is now core/ob-schema/ob_table_sql_service.p02; the row's unit is at core-manifest.tsv:344	evidence-defect: the same stale core-manifest line (renumbered by 60892faf9)	core-manifest line fixed (333 to 344); LOOKUP_OUTCOME, confirmed	Both hold. In core-manifest.tsv at HEAD 60892faf9, which the working copy matches, core-manifest.tsv:333 is core/ob-schema/ob_table_sql_service.p02; this row's unit, core/ob-schema/ob_server_schema_service.p01 (for src/share/schema/ob_server_schema_service.cpp), is at core-manifest.tsv:344. Nothing else in the row changed.
57	evidence-defect: stale core-manifest line: core-manifest.tsv:333 is now core/ob-schema/ob_table_sql_service.p02; the row's unit is at core-manifest.tsv:344	evidence-defect: the same stale core-manifest line (renumbered by 60892faf9)	core-manifest line fixed (333 to 344); LOOKUP_OUTCOME, confirmed	Both hold. In core-manifest.tsv at HEAD 60892faf9, which the working copy matches, core-manifest.tsv:333 is core/ob-schema/ob_table_sql_service.p02; this row's unit, core/ob-schema/ob_server_schema_service.p01 (for src/share/schema/ob_server_schema_service.cpp), is at core-manifest.tsv:344. Nothing else in the row changed.
58	evidence-defect: stale core-manifest line: core-manifest.tsv:333 is now core/ob-schema/ob_table_sql_service.p02; the row's unit is at core-manifest.tsv:344	evidence-defect: the same stale core-manifest line (renumbered by 60892faf9)	core-manifest line fixed (333 to 344); LOOKUP_OUTCOME, confirmed	Both hold. In core-manifest.tsv at HEAD 60892faf9, which the working copy matches, core-manifest.tsv:333 is core/ob-schema/ob_table_sql_service.p02; this row's unit, core/ob-schema/ob_server_schema_service.p01 (for src/share/schema/ob_server_schema_service.cpp), is at core-manifest.tsv:344. Nothing else in the row changed.
59	evidence-defect: stale core-manifest line: core-manifest.tsv:334 is now core/ob-schema/ob_trigger_sql_service; the row's unit is at core-manifest.tsv:345	evidence-defect: the same stale core-manifest line (renumbered by 60892faf9)	core-manifest line fixed (334 to 345); LOOKUP_OUTCOME, confirmed	Both hold. In core-manifest.tsv at HEAD 60892faf9, which the working copy matches, core-manifest.tsv:334 is core/ob-schema/ob_trigger_sql_service; this row's unit, core/ob-schema/ob_server_schema_service.p02 (for src/share/schema/ob_server_schema_service.cpp), is at core-manifest.tsv:345. Nothing else in the row changed.
60	evidence-defect: stale core-manifest lines: core-manifest.tsv:283 is now core/ob-schema/ob_schema_struct.p02 and core-manifest.tsv:116 core/ob-base/hash/ob_cuckoo_hashmap; the row's unit is at core-manifest.tsv:294 and ob_pointer_hashmap.h's at core-manifest.tsv:117	evidence-defect: the same stale core-manifest lines (renumbered by 60892faf9)	core-manifest lines fixed (283 to 294, 116 to 117); LOOKUP_OUTCOME, confirmed	Both hold. In core-manifest.tsv at HEAD 60892faf9, which the working copy matches, core-manifest.tsv:283 is core/ob-schema/ob_schema_struct.p02 and core-manifest.tsv:116 is core/ob-base/hash/ob_cuckoo_hashmap; this row's unit, core/ob-schema/ob_sys_variable_mgr (for src/share/schema/ob_sys_variable_mgr.cpp), is at core-manifest.tsv:294, and src/oblib/lib/hash/ob_pointer_hashmap.h is at core-manifest.tsv:117. Nothing else in the row changed.
61	refuted: target_translation writes the chain over codes on tmp_ret at src/share/schema/ob_table_schema.cpp:892-900 as if / else-if; s2-errors.md 2.3's table and RULEBOOK 2.1 give it one form, a match; also stale core-manifest line: core-manifest.tsv:294 is now core/ob-schema/ob_sys_variable_mgr; the row's unit is at core-manifest.tsv:305	evidence-defect: the same stale core-manifest line (renumbered by 60892faf9)	target_translation rewritten as the match, this row its first arm; core-manifest line fixed (294 to 305); LOOKUP_OUTCOME, confirmed	Every test of the chain at src/share/schema/ob_table_schema.cpp:892-900 is a code test on tmp_ret (OB_HASH_EXIST ==, then OB_HASH_NOT_EXIST !=), and s2-errors.md 2.3's table (s2-errors.md:112) and RULEBOOK 2.1 (RULEBOOK.md:117) give such a chain one form, a match, as the ret-compare-001 review settled for the same shape; B gives no verdict on the form, and the design settles it. The != test, false only for OB_HASH_NOT_EXIST, becomes an empty Err(OB_HASH_NOT_EXIST) arm and a _ arm with the copy, which takes Ok(()) as the C++ test does. The manifest finding of both holds: in core-manifest.tsv at HEAD 60892faf9, which the working copy matches, core-manifest.tsv:294 is core/ob-schema/ob_sys_variable_mgr; this row's unit, core/ob-schema/ob_table_schema.p01 (for src/share/schema/ob_table_schema.cpp), is at core-manifest.tsv:305. Classification and evidence unchanged.
62	refuted: target_translation writes the chain over codes on tmp_ret at src/share/schema/ob_table_schema.cpp:892-900 as if / else-if; s2-errors.md 2.3's table and RULEBOOK 2.1 give it one form, a match; also stale core-manifest line: core-manifest.tsv:294 is now core/ob-schema/ob_sys_variable_mgr; the row's unit is at core-manifest.tsv:305	evidence-defect: the same stale core-manifest line (renumbered by 60892faf9)	target_translation rewritten as the match, this row its Err(OB_HASH_NOT_EXIST) and _ arms; core-manifest line fixed (294 to 305); LOOKUP_OUTCOME, confirmed	Every test of the chain at src/share/schema/ob_table_schema.cpp:892-900 is a code test on tmp_ret (OB_HASH_EXIST ==, then OB_HASH_NOT_EXIST !=), and s2-errors.md 2.3's table (s2-errors.md:112) and RULEBOOK 2.1 (RULEBOOK.md:117) give such a chain one form, a match, as the ret-compare-001 review settled for the same shape; B gives no verdict on the form, and the design settles it. This row's != test, false only for OB_HASH_NOT_EXIST, is the empty Err(OB_HASH_NOT_EXIST) arm and the _ arm with the copy. The manifest finding of both holds: in core-manifest.tsv at HEAD 60892faf9, which the working copy matches, core-manifest.tsv:294 is core/ob-schema/ob_sys_variable_mgr; this row's unit, core/ob-schema/ob_table_schema.p01 (for src/share/schema/ob_table_schema.cpp), is at core-manifest.tsv:305. Classification and evidence unchanged.
63	refuted: target_translation writes the chain over codes on tmp_ret at src/share/schema/ob_table_schema.cpp:938-943 as if / else-if; s2-errors.md 2.3's table and RULEBOOK 2.1 give it one form, a match; also stale core-manifest line: core-manifest.tsv:294 is now core/ob-schema/ob_sys_variable_mgr; the row's unit is at core-manifest.tsv:305	evidence-defect: the same stale core-manifest line (renumbered by 60892faf9)	target_translation rewritten as the match, this row its first arm; core-manifest line fixed (294 to 305); LOOKUP_OUTCOME, confirmed	Every test of the chain at src/share/schema/ob_table_schema.cpp:938-943 is a code test on tmp_ret (OB_HASH_EXIST ==, then OB_HASH_NOT_EXIST !=), and s2-errors.md 2.3's table (s2-errors.md:112) and RULEBOOK 2.1 (RULEBOOK.md:117) give such a chain one form, a match, as the ret-compare-001 review settled for the same shape; B gives no verdict on the form, and the design settles it. The != test becomes an empty Err(OB_HASH_NOT_EXIST) arm and a _ arm with the copy. The manifest finding of both holds: in core-manifest.tsv at HEAD 60892faf9, which the working copy matches, core-manifest.tsv:294 is core/ob-schema/ob_sys_variable_mgr; this row's unit, core/ob-schema/ob_table_schema.p01 (for src/share/schema/ob_table_schema.cpp), is at core-manifest.tsv:305. Classification and evidence unchanged.
64	refuted: target_translation writes the chain over codes on tmp_ret at src/share/schema/ob_table_schema.cpp:938-943 as if / else-if; s2-errors.md 2.3's table and RULEBOOK 2.1 give it one form, a match; also stale core-manifest line: core-manifest.tsv:294 is now core/ob-schema/ob_sys_variable_mgr; the row's unit is at core-manifest.tsv:305	evidence-defect: the same stale core-manifest line (renumbered by 60892faf9)	target_translation rewritten as the match, this row its Err(OB_HASH_NOT_EXIST) and _ arms; core-manifest line fixed (294 to 305); LOOKUP_OUTCOME, confirmed	Every test of the chain at src/share/schema/ob_table_schema.cpp:938-943 is a code test on tmp_ret (OB_HASH_EXIST ==, then OB_HASH_NOT_EXIST !=), and s2-errors.md 2.3's table (s2-errors.md:112) and RULEBOOK 2.1 (RULEBOOK.md:117) give such a chain one form, a match, as the ret-compare-001 review settled for the same shape; B gives no verdict on the form, and the design settles it. This row's != test is the empty Err(OB_HASH_NOT_EXIST) arm and the _ arm with the copy. The manifest finding of both holds: in core-manifest.tsv at HEAD 60892faf9, which the working copy matches, core-manifest.tsv:294 is core/ob-schema/ob_sys_variable_mgr; this row's unit, core/ob-schema/ob_table_schema.p01 (for src/share/schema/ob_table_schema.cpp), is at core-manifest.tsv:305. Classification and evidence unchanged.
65	refuted: target_translation writes the chain over codes on tmp_ret at src/share/schema/ob_table_schema.cpp:955-960 as if / else-if; s2-errors.md 2.3's table and RULEBOOK 2.1 give it one form, a match; also stale core-manifest line: core-manifest.tsv:294 is now core/ob-schema/ob_sys_variable_mgr; the row's unit is at core-manifest.tsv:305	evidence-defect: the same stale core-manifest line (renumbered by 60892faf9)	target_translation rewritten as the match, this row its first arm; core-manifest line fixed (294 to 305); LOOKUP_OUTCOME, confirmed	Every test of the chain at src/share/schema/ob_table_schema.cpp:955-960 is a code test on tmp_ret (OB_HASH_EXIST ==, then OB_HASH_NOT_EXIST !=), and s2-errors.md 2.3's table (s2-errors.md:112) and RULEBOOK 2.1 (RULEBOOK.md:117) give such a chain one form, a match, as the ret-compare-001 review settled for the same shape; B gives no verdict on the form, and the design settles it. The != test becomes an empty Err(OB_HASH_NOT_EXIST) arm and a _ arm with the copy. The manifest finding of both holds: in core-manifest.tsv at HEAD 60892faf9, which the working copy matches, core-manifest.tsv:294 is core/ob-schema/ob_sys_variable_mgr; this row's unit, core/ob-schema/ob_table_schema.p01 (for src/share/schema/ob_table_schema.cpp), is at core-manifest.tsv:305. Classification and evidence unchanged.
66	refuted: target_translation writes the chain over codes on tmp_ret at src/share/schema/ob_table_schema.cpp:955-960 as if / else-if; s2-errors.md 2.3's table and RULEBOOK 2.1 give it one form, a match; also stale core-manifest line: core-manifest.tsv:294 is now core/ob-schema/ob_sys_variable_mgr; the row's unit is at core-manifest.tsv:305	evidence-defect: the same stale core-manifest line (renumbered by 60892faf9)	target_translation rewritten as the match, this row its Err(OB_HASH_NOT_EXIST) and _ arms; core-manifest line fixed (294 to 305); LOOKUP_OUTCOME, confirmed	Every test of the chain at src/share/schema/ob_table_schema.cpp:955-960 is a code test on tmp_ret (OB_HASH_EXIST ==, then OB_HASH_NOT_EXIST !=), and s2-errors.md 2.3's table (s2-errors.md:112) and RULEBOOK 2.1 (RULEBOOK.md:117) give such a chain one form, a match, as the ret-compare-001 review settled for the same shape; B gives no verdict on the form, and the design settles it. This row's != test is the empty Err(OB_HASH_NOT_EXIST) arm and the _ arm with the copy. The manifest finding of both holds: in core-manifest.tsv at HEAD 60892faf9, which the working copy matches, core-manifest.tsv:294 is core/ob-schema/ob_sys_variable_mgr; this row's unit, core/ob-schema/ob_table_schema.p01 (for src/share/schema/ob_table_schema.cpp), is at core-manifest.tsv:305. Classification and evidence unchanged.
67	evidence-defect: stale core-manifest line: core-manifest.tsv:294 is now core/ob-schema/ob_sys_variable_mgr; the row's unit is at core-manifest.tsv:305	evidence-defect: the same stale core-manifest line (renumbered by 60892faf9)	core-manifest line fixed (294 to 305); RENAMED, confirmed	Both hold. In core-manifest.tsv at HEAD 60892faf9, which the working copy matches, core-manifest.tsv:294 is core/ob-schema/ob_sys_variable_mgr; this row's unit, core/ob-schema/ob_table_schema.p01 (for src/share/schema/ob_table_schema.cpp), is at core-manifest.tsv:305. Nothing else in the row changed.
68	evidence-defect: stale core-manifest line: core-manifest.tsv:294 is now core/ob-schema/ob_sys_variable_mgr; the row's unit is at core-manifest.tsv:305	evidence-defect: the same stale core-manifest line (renumbered by 60892faf9)	core-manifest line fixed (294 to 305); END_OF_DATA, confirmed	Both hold. In core-manifest.tsv at HEAD 60892faf9, which the working copy matches, core-manifest.tsv:294 is core/ob-schema/ob_sys_variable_mgr; this row's unit, core/ob-schema/ob_table_schema.p01 (for src/share/schema/ob_table_schema.cpp), is at core-manifest.tsv:305. Nothing else in the row changed.
69	evidence-defect: stale core-manifest line: core-manifest.tsv:294 is now core/ob-schema/ob_sys_variable_mgr; the row's unit is at core-manifest.tsv:305	evidence-defect: the same stale core-manifest line (renumbered by 60892faf9)	core-manifest line fixed (294 to 305); END_OF_DATA, confirmed	Both hold. In core-manifest.tsv at HEAD 60892faf9, which the working copy matches, core-manifest.tsv:294 is core/ob-schema/ob_sys_variable_mgr; this row's unit, core/ob-schema/ob_table_schema.p01 (for src/share/schema/ob_table_schema.cpp), is at core-manifest.tsv:305. Nothing else in the row changed.
70	evidence-defect: stale core-manifest line: core-manifest.tsv:294 is now core/ob-schema/ob_sys_variable_mgr; the row's unit is at core-manifest.tsv:305	evidence-defect: the same stale core-manifest line (renumbered by 60892faf9)	core-manifest line fixed (294 to 305); IGNORED, confirmed	Both hold. In core-manifest.tsv at HEAD 60892faf9, which the working copy matches, core-manifest.tsv:294 is core/ob-schema/ob_sys_variable_mgr; this row's unit, core/ob-schema/ob_table_schema.p01 (for src/share/schema/ob_table_schema.cpp), is at core-manifest.tsv:305. Nothing else in the row changed.
71	evidence-defect: stale core-manifest line: core-manifest.tsv:294 is now core/ob-schema/ob_sys_variable_mgr; the row's unit is at core-manifest.tsv:305	evidence-defect: the same stale core-manifest line (renumbered by 60892faf9)	core-manifest line fixed (294 to 305); IGNORED, confirmed	Both hold. In core-manifest.tsv at HEAD 60892faf9, which the working copy matches, core-manifest.tsv:294 is core/ob-schema/ob_sys_variable_mgr; this row's unit, core/ob-schema/ob_table_schema.p01 (for src/share/schema/ob_table_schema.cpp), is at core-manifest.tsv:305. Nothing else in the row changed.
72	evidence-defect: stale core-manifest line: core-manifest.tsv:294 is now core/ob-schema/ob_sys_variable_mgr; the row's unit is at core-manifest.tsv:305	evidence-defect: the same stale core-manifest line (renumbered by 60892faf9)	core-manifest line fixed (294 to 305); END_OF_DATA, confirmed	Both hold. In core-manifest.tsv at HEAD 60892faf9, which the working copy matches, core-manifest.tsv:294 is core/ob-schema/ob_sys_variable_mgr; this row's unit, core/ob-schema/ob_table_schema.p01 (for src/share/schema/ob_table_schema.cpp), is at core-manifest.tsv:305. Nothing else in the row changed.
73	evidence-defect: stale core-manifest line: core-manifest.tsv:295 is now core/ob-schema/ob_table_iter; the row's unit is at core-manifest.tsv:306	evidence-defect: the same stale core-manifest line (renumbered by 60892faf9)	core-manifest line fixed (295 to 306); END_OF_DATA, confirmed	Both hold. In core-manifest.tsv at HEAD 60892faf9, which the working copy matches, core-manifest.tsv:295 is core/ob-schema/ob_table_iter; this row's unit, core/ob-schema/ob_table_schema.p02 (for src/share/schema/ob_table_schema.cpp), is at core-manifest.tsv:306. Nothing else in the row changed.
74	evidence-defect: stale core-manifest lines: core-manifest.tsv:295 is now core/ob-schema/ob_table_iter and core-manifest.tsv:116 core/ob-base/hash/ob_cuckoo_hashmap; the row's unit is at core-manifest.tsv:306 and ob_pointer_hashmap.h's at core-manifest.tsv:117	evidence-defect: the same stale core-manifest lines (renumbered by 60892faf9)	core-manifest lines fixed (295 to 306, 116 to 117); RETRY, confirmed	Both hold. In core-manifest.tsv at HEAD 60892faf9, which the working copy matches, core-manifest.tsv:295 is core/ob-schema/ob_table_iter and core-manifest.tsv:116 is core/ob-base/hash/ob_cuckoo_hashmap; this row's unit, core/ob-schema/ob_table_schema.p02 (for src/share/schema/ob_table_schema.cpp), is at core-manifest.tsv:306, and src/oblib/lib/hash/ob_pointer_hashmap.h is at core-manifest.tsv:117. Nothing else in the row changed.
75	refuted: target_translation writes the chain over codes on hash_ret at src/share/schema/ob_table_schema.cpp:3180-3211 as if / else-if; s2-errors.md 2.3's table and RULEBOOK 2.1 give it one form, a match; also stale core-manifest lines: core-manifest.tsv:295 is now core/ob-schema/ob_table_iter and core-manifest.tsv:116 core/ob-base/hash/ob_cuckoo_hashmap; the row's unit is at core-manifest.tsv:306 and ob_pointer_hashmap.h's at core-manifest.tsv:117	evidence-defect: the same stale core-manifest lines (renumbered by 60892faf9)	target_translation rewritten as the match, this row its first arm; core-manifest lines fixed (295 to 306, 116 to 117); RETRY, confirmed	Every test of the chain at src/share/schema/ob_table_schema.cpp:3180-3211 is a code test on hash_ret (OB_HASH_FULL ==, hash_ret == OB_HASH_EXIST, else, inside the branch of the set_refactored at :3179), and s2-errors.md 2.3's table (s2-errors.md:112) and RULEBOOK 2.1 (RULEBOOK.md:117) give such a chain one form, a match, as the ret-compare-001 review settled for the same shape; B gives no verdict on the form, and the design settles it. The manifest finding of both holds: in core-manifest.tsv at HEAD 60892faf9, which the working copy matches, core-manifest.tsv:295 is core/ob-schema/ob_table_iter and core-manifest.tsv:116 is core/ob-base/hash/ob_cuckoo_hashmap; this row's unit, core/ob-schema/ob_table_schema.p02 (for src/share/schema/ob_table_schema.cpp), is at core-manifest.tsv:306, and src/oblib/lib/hash/ob_pointer_hashmap.h is at core-manifest.tsv:117. Classification and evidence unchanged.
76	refuted: target_translation writes the chain over codes on hash_ret at src/share/schema/ob_table_schema.cpp:3180-3211 as if / else-if; s2-errors.md 2.3's table and RULEBOOK 2.1 give it one form, a match; also stale core-manifest lines: core-manifest.tsv:295 is now core/ob-schema/ob_table_iter and core-manifest.tsv:116 core/ob-base/hash/ob_cuckoo_hashmap; the row's unit is at core-manifest.tsv:306 and ob_pointer_hashmap.h's at core-manifest.tsv:117	evidence-defect: the same stale core-manifest lines (renumbered by 60892faf9)	target_translation rewritten as the match, this row its second arm; core-manifest lines fixed (295 to 306, 116 to 117); RENAMED, confirmed	Every test of the chain at src/share/schema/ob_table_schema.cpp:3180-3211 is a code test on hash_ret (OB_HASH_FULL ==, hash_ret == OB_HASH_EXIST, else, inside the branch of the set_refactored at :3179), and s2-errors.md 2.3's table (s2-errors.md:112) and RULEBOOK 2.1 (RULEBOOK.md:117) give such a chain one form, a match, as the ret-compare-001 review settled for the same shape; B gives no verdict on the form, and the design settles it. The rename stays at the same place. The manifest finding of both holds: in core-manifest.tsv at HEAD 60892faf9, which the working copy matches, core-manifest.tsv:295 is core/ob-schema/ob_table_iter and core-manifest.tsv:116 is core/ob-base/hash/ob_cuckoo_hashmap; this row's unit, core/ob-schema/ob_table_schema.p02 (for src/share/schema/ob_table_schema.cpp), is at core-manifest.tsv:306, and src/oblib/lib/hash/ob_pointer_hashmap.h is at core-manifest.tsv:117. Classification and evidence unchanged.
77	evidence-defect: stale core-manifest line: core-manifest.tsv:295 is now core/ob-schema/ob_table_iter; the row's unit is at core-manifest.tsv:306	evidence-defect: the same stale core-manifest line (renumbered by 60892faf9)	core-manifest line fixed (295 to 306); END_OF_DATA, confirmed	Both hold. In core-manifest.tsv at HEAD 60892faf9, which the working copy matches, core-manifest.tsv:295 is core/ob-schema/ob_table_iter; this row's unit, core/ob-schema/ob_table_schema.p02 (for src/share/schema/ob_table_schema.cpp), is at core-manifest.tsv:306. Nothing else in the row changed.
78	evidence-defect: stale core-manifest line: core-manifest.tsv:296 is now core/ob-schema/ob_trigger_mgr; the row's unit is at core-manifest.tsv:307	evidence-defect: the same stale core-manifest line (renumbered by 60892faf9)	core-manifest line fixed (296 to 307); LOOKUP_OUTCOME, confirmed	Both hold. In core-manifest.tsv at HEAD 60892faf9, which the working copy matches, core-manifest.tsv:296 is core/ob-schema/ob_trigger_mgr; this row's unit, core/ob-schema/ob_table_schema.p03 (for src/share/schema/ob_table_schema.cpp), is at core-manifest.tsv:307. Nothing else in the row changed.
79	evidence-defect: stale core-manifest line: core-manifest.tsv:296 is now core/ob-schema/ob_trigger_mgr; the row's unit is at core-manifest.tsv:307	evidence-defect: the same stale core-manifest line (renumbered by 60892faf9)	core-manifest line fixed (296 to 307); LOOKUP_OUTCOME, confirmed	Both hold. In core-manifest.tsv at HEAD 60892faf9, which the working copy matches, core-manifest.tsv:296 is core/ob-schema/ob_trigger_mgr; this row's unit, core/ob-schema/ob_table_schema.p03 (for src/share/schema/ob_table_schema.cpp), is at core-manifest.tsv:307. Nothing else in the row changed.
80	evidence-defect: stale core-manifest line: core-manifest.tsv:296 is now core/ob-schema/ob_trigger_mgr; the row's unit is at core-manifest.tsv:307	evidence-defect: the same stale core-manifest line (renumbered by 60892faf9)	core-manifest line fixed (296 to 307); LOOKUP_OUTCOME, confirmed	Both hold. In core-manifest.tsv at HEAD 60892faf9, which the working copy matches, core-manifest.tsv:296 is core/ob-schema/ob_trigger_mgr; this row's unit, core/ob-schema/ob_table_schema.p03 (for src/share/schema/ob_table_schema.cpp), is at core-manifest.tsv:307. Nothing else in the row changed.
81	evidence-defect: stale core-manifest line: core-manifest.tsv:321 is now core/ob-schema/ob_routine_sql_service; the row's unit is at core-manifest.tsv:332	evidence-defect: the same stale core-manifest line (renumbered by 60892faf9)	core-manifest line fixed (321 to 332); LOOKUP_OUTCOME, confirmed	Both hold. In core-manifest.tsv at HEAD 60892faf9, which the working copy matches, core-manifest.tsv:321 is core/ob-schema/ob_routine_sql_service; this row's unit, core/ob-schema/ob_table_sql_service.p01 (for src/share/schema/ob_table_sql_service.cpp), is at core-manifest.tsv:332. Nothing else in the row changed.
82	evidence-defect: stale core-manifest line: core-manifest.tsv:321 is now core/ob-schema/ob_routine_sql_service; the row's unit is at core-manifest.tsv:332	evidence-defect: the same stale core-manifest line (renumbered by 60892faf9)	core-manifest line fixed (321 to 332); LOOKUP_OUTCOME, confirmed	Both hold. In core-manifest.tsv at HEAD 60892faf9, which the working copy matches, core-manifest.tsv:321 is core/ob-schema/ob_routine_sql_service; this row's unit, core/ob-schema/ob_table_sql_service.p01 (for src/share/schema/ob_table_sql_service.cpp), is at core-manifest.tsv:332. Nothing else in the row changed.
83	evidence-defect: stale core-manifest line: core-manifest.tsv:321 is now core/ob-schema/ob_routine_sql_service; the row's unit is at core-manifest.tsv:332	evidence-defect: the same stale core-manifest line (renumbered by 60892faf9)	core-manifest line fixed (321 to 332); END_OF_DATA, confirmed	Both hold. In core-manifest.tsv at HEAD 60892faf9, which the working copy matches, core-manifest.tsv:321 is core/ob-schema/ob_routine_sql_service; this row's unit, core/ob-schema/ob_table_sql_service.p01 (for src/share/schema/ob_table_sql_service.cpp), is at core-manifest.tsv:332. Nothing else in the row changed.
84	refuted: target_translation writes the chain over codes on ret at src/share/schema/ob_table_sql_service.cpp:2936-2980 as if / else-if; s2-errors.md 2.3's table and RULEBOOK 2.1 give it one form, a match; also stale core-manifest line: core-manifest.tsv:322 is now core/ob-schema/ob_schema_cache; the row's unit is at core-manifest.tsv:333	evidence-defect: the same stale core-manifest line (renumbered by 60892faf9)	target_translation rewritten as the match, this row its second arm; core-manifest line fixed (322 to 333); LOOKUP_OUTCOME, confirmed	Every test of the chain at src/share/schema/ob_table_sql_service.cpp:2936-2980 is a code test on ret (OB_SUCC(ret), then OB_TABLE_NOT_EXIST ==), and s2-errors.md 2.3's table (s2-errors.md:112) and RULEBOOK 2.1 (RULEBOOK.md:117) give such a chain one form, a match, as the ret-compare-001 review settled for the same shape; B gives no verdict on the form, and the design settles it. The manifest finding of both holds: in core-manifest.tsv at HEAD 60892faf9, which the working copy matches, core-manifest.tsv:322 is core/ob-schema/ob_schema_cache; this row's unit, core/ob-schema/ob_table_sql_service.p02 (for src/share/schema/ob_table_sql_service.cpp), is at core-manifest.tsv:333. Classification and evidence unchanged.
85	evidence-defect: stale core-manifest lines: core-manifest.tsv:285 is now core/ob-schema/ob_schema_struct.p04 and core-manifest.tsv:116 core/ob-base/hash/ob_cuckoo_hashmap; the row's unit is at core-manifest.tsv:296 and ob_pointer_hashmap.h's at core-manifest.tsv:117	evidence-defect: the same stale core-manifest lines (renumbered by 60892faf9)	core-manifest lines fixed (285 to 296, 116 to 117); LOOKUP_OUTCOME, confirmed	Both hold. In core-manifest.tsv at HEAD 60892faf9, which the working copy matches, core-manifest.tsv:285 is core/ob-schema/ob_schema_struct.p04 and core-manifest.tsv:116 is core/ob-base/hash/ob_cuckoo_hashmap; this row's unit, core/ob-schema/ob_trigger_mgr (for src/share/schema/ob_trigger_mgr.cpp), is at core-manifest.tsv:296, and src/oblib/lib/hash/ob_pointer_hashmap.h is at core-manifest.tsv:117. Nothing else in the row changed.
86	evidence-defect: stale core-manifest lines: core-manifest.tsv:285 is now core/ob-schema/ob_schema_struct.p04 and core-manifest.tsv:116 core/ob-base/hash/ob_cuckoo_hashmap; the row's unit is at core-manifest.tsv:296 and ob_pointer_hashmap.h's at core-manifest.tsv:117	evidence-defect: the same stale core-manifest lines (renumbered by 60892faf9)	core-manifest lines fixed (285 to 296, 116 to 117); LOOKUP_OUTCOME, confirmed	Both hold. In core-manifest.tsv at HEAD 60892faf9, which the working copy matches, core-manifest.tsv:285 is core/ob-schema/ob_schema_struct.p04 and core-manifest.tsv:116 is core/ob-base/hash/ob_cuckoo_hashmap; this row's unit, core/ob-schema/ob_trigger_mgr (for src/share/schema/ob_trigger_mgr.cpp), is at core-manifest.tsv:296, and src/oblib/lib/hash/ob_pointer_hashmap.h is at core-manifest.tsv:117. Nothing else in the row changed.
87	evidence-defect: stale core-manifest lines: core-manifest.tsv:285 is now core/ob-schema/ob_schema_struct.p04 and core-manifest.tsv:116 core/ob-base/hash/ob_cuckoo_hashmap; the row's unit is at core-manifest.tsv:296 and ob_pointer_hashmap.h's at core-manifest.tsv:117	evidence-defect: the same stale core-manifest lines (renumbered by 60892faf9)	core-manifest lines fixed (285 to 296, 116 to 117); LOOKUP_OUTCOME, confirmed	Both hold. In core-manifest.tsv at HEAD 60892faf9, which the working copy matches, core-manifest.tsv:285 is core/ob-schema/ob_schema_struct.p04 and core-manifest.tsv:116 is core/ob-base/hash/ob_cuckoo_hashmap; this row's unit, core/ob-schema/ob_trigger_mgr (for src/share/schema/ob_trigger_mgr.cpp), is at core-manifest.tsv:296, and src/oblib/lib/hash/ob_pointer_hashmap.h is at core-manifest.tsv:117. Nothing else in the row changed.
88	evidence-defect: stale core-manifest lines: core-manifest.tsv:285 is now core/ob-schema/ob_schema_struct.p04 and core-manifest.tsv:116 core/ob-base/hash/ob_cuckoo_hashmap; the row's unit is at core-manifest.tsv:296 and ob_pointer_hashmap.h's at core-manifest.tsv:117	evidence-defect: the same stale core-manifest lines (renumbered by 60892faf9)	core-manifest lines fixed (285 to 296, 116 to 117); LOOKUP_OUTCOME, confirmed	Both hold. In core-manifest.tsv at HEAD 60892faf9, which the working copy matches, core-manifest.tsv:285 is core/ob-schema/ob_schema_struct.p04 and core-manifest.tsv:116 is core/ob-base/hash/ob_cuckoo_hashmap; this row's unit, core/ob-schema/ob_trigger_mgr (for src/share/schema/ob_trigger_mgr.cpp), is at core-manifest.tsv:296, and src/oblib/lib/hash/ob_pointer_hashmap.h is at core-manifest.tsv:117. Nothing else in the row changed.
89	evidence-defect: stale core-manifest lines: core-manifest.tsv:285 is now core/ob-schema/ob_schema_struct.p04 and core-manifest.tsv:116 core/ob-base/hash/ob_cuckoo_hashmap; the row's unit is at core-manifest.tsv:296 and ob_pointer_hashmap.h's at core-manifest.tsv:117	evidence-defect: the same stale core-manifest lines (renumbered by 60892faf9)	core-manifest lines fixed (285 to 296, 116 to 117); LOOKUP_OUTCOME, confirmed	Both hold. In core-manifest.tsv at HEAD 60892faf9, which the working copy matches, core-manifest.tsv:285 is core/ob-schema/ob_schema_struct.p04 and core-manifest.tsv:116 is core/ob-base/hash/ob_cuckoo_hashmap; this row's unit, core/ob-schema/ob_trigger_mgr (for src/share/schema/ob_trigger_mgr.cpp), is at core-manifest.tsv:296, and src/oblib/lib/hash/ob_pointer_hashmap.h is at core-manifest.tsv:117. Nothing else in the row changed.
90	evidence-defect: the code cannot arrive: SELECT max(job_id) without GROUP BY always returns one row, whose callback returns OB_ITER_END, which query resets to success; 'the answer for a table with no job' is wrong; OTHER stands	evidence-defect: the same; the evidence must say the code cannot arrive; OTHER and the translation stand	evidence fixed (the code cannot arrive; value from what the branch would do); target_translation adds that the test stays; OTHER, confirmed	Both hold. The query at src/share/storage/ob_admin_job_table_storage.cpp:143-144 is an aggregate without GROUP BY, which SQLite answers with one row, a NULL max for an empty table; the callback reads it through sqlite3_column_int64, 0 for NULL (src/share/storage/ob_sqlite_connection.cpp:161), and returns OB_ITER_END (ob_admin_job_table_storage.cpp:147), which query resets to success (ob_sqlite_connection.cpp:401-403), while OB_ENTRY_NOT_EXIST is set only when no row came (ob_sqlite_connection.cpp:405-407). OTHER stays, what the branch would do (a default value), by vocabulary section 3, item 3.
93	evidence-defect: the grep narration says the command finds no other OB_ITER_END outside this file; rerun it also prints the generator text, the header comments and ob_tablet_meta_table_storage.cpp:758; END_OF_DATA stands	evidence-defect: the same, with the same hits named; the conclusion holds	evidence fixed: every hit named; target_translation now names the Ok(()) arm of the match row 94 writes; END_OF_DATA, confirmed	Both hold. Rerun, the command prints outside this file the three ObAdminJobTableStorage callbacks, src/share/inner_table/generate_inner_table_schema.py lines 1684, 1757, 2082 and 2155 (tests of step_query's code in generated scans, which call step_query, not query), src/share/storage/ob_sqlite_connection.h:151 and :175 (comments) and src/share/tablet/ob_tablet_meta_table_storage.cpp:758 (a rename after a query); none is a row callback, so the conclusion holds. The translation's 'arm for a row' now names the Ok(()) arm of the match that row 94 (ret-compare.tsv:2127) writes after its revision.
94	refuted: the chain over codes on ret at src/share/storage/ob_sqlite_connection.cpp:398-414 is written as if / else-if, where the design gives a match; the Escapes also leave out find_job's path to ob_system_package_load_task.cpp:97 and :147; RENAMED stands	no row verdict	target_translation rewritten as the match, this row its second arm; Escapes completed; RENAMED, confirmed	A holds. The chain's tests (OB_SUCC(ret), OB_ITER_END ==, else) are code tests on ret, so it is the match of s2-errors.md 2.3's table (s2-errors.md:112) and RULEBOOK 2.1 (RULEBOOK.md:117); B gives no verdict on it, and the design settles it. ObAdminJobTableStorage::find_job keeps the code through an empty OB_FAIL branch (src/share/storage/ob_admin_job_table_storage.cpp:216), ObAdminJobTableOperator::find_job and ADMIN_JOB_FIND hand it on (src/rootserver/ob_admin_job_table_operator.cpp:151; src/rootserver/ob_admin_job_table_operator.h:105-110), and src/observer/ob_system_package_load_task.cpp:97 and :147 test it. With A's other point, the Escapes also say that the aggregate reads never receive the code: the COUNT(*) calls and get_max_job_id, whose test (ret-compare.tsv:2123) no longer counts among the callers that receive it after row 90's fix; and that the compaction checksum storage is not built (not-translated.tsv:42).
95	refuted: the chain over codes on ret at src/share/storage/ob_sqlite_connection.cpp:629-633 is written as if / else-if, where the design gives a match; the grep narration also leaves out hits; END_OF_DATA stands	evidence-defect: the grep narration leaves out ob_tablet_meta_table_storage.cpp:758 and the header comments; the conclusion holds	target_translation rewritten as the match, this row its first arm; evidence names every hit; END_OF_DATA, confirmed	Both hold. OB_ITER_END == ret and OB_FAIL(ret) are code tests on ret, so the chain is a match (s2-errors.md:112; RULEBOOK.md:117), with an empty Ok(()) arm for the missing else; B gives no verdict on the form. Rerun, grep -n OB_ITER_END over the files git grep -ln ObSQLiteBinder 834bbee1e -- src lists prints the three query callbacks, src/share/tablet/ob_tablet_meta_table_storage.cpp:758, src/share/storage/ob_sqlite_connection.h:151 and :175, and this file's lines 401, 405, 475, 629 and 630; none is a binder, so the conclusion stands.
119	refuted: target_translation writes the chain over codes on hash_ret at src/share/text_analysis/ob_token_stream.cpp:385-395 as if / else-if; s2-errors.md 2.3's table and RULEBOOK 2.1 give it one form, a match	no row verdict	target_translation rewritten as the match, this row its first arm; LOOKUP_OUTCOME, confirmed	Every test of the chain at src/share/text_analysis/ob_token_stream.cpp:385-395 is a code test on hash_ret (OB_HASH_NOT_EXIST ==, OB_SUCCESS ==, else), and s2-errors.md 2.3's table (s2-errors.md:112) and RULEBOOK 2.1 (RULEBOOK.md:117) give such a chain one form, a match, as the ret-compare-001 review settled for the same shape; B gives no verdict on the form, and the design settles it. Classification and evidence unchanged.
121	refuted: target_translation writes the chain over codes on ret at src/sql/code_generator/ob_column_index_provider.cpp:71-80 as if / else-if; s2-errors.md 2.3's table and RULEBOOK 2.1 give it one form, a match; also stale core-manifest line: core-manifest.tsv:912 is now core/storage-tablet/ob_ls_tablet_service.p01; the row's unit is at core-manifest.tsv:952	evidence-defect: the same stale core-manifest line (renumbered by 60892faf9)	target_translation rewritten as the match, this row its first arm; core-manifest line fixed (912 to 952); IGNORED, confirmed	Every test of the chain at src/sql/code_generator/ob_column_index_provider.cpp:71-80 is a code test on ret (OB_HASH_EXIST ==, OB_HASH_NOT_EXIST ==, then OB_FAIL(ret) with an empty body), and s2-errors.md 2.3's table (s2-errors.md:112) and RULEBOOK 2.1 (RULEBOOK.md:117) give such a chain one form, a match, as the ret-compare-001 review settled for the same shape; B gives no verdict on the form, and the design settles it. The empty OB_FAIL(ret) branch is an empty Err(_) arm and the missing else an empty Ok(()) arm. The manifest finding of both holds: in core-manifest.tsv at HEAD 60892faf9, which the working copy matches, core-manifest.tsv:912 is core/storage-tablet/ob_ls_tablet_service.p01; this row's unit, core/sql-ir/ob_column_index_provider (for src/sql/code_generator/ob_column_index_provider.cpp), is at core-manifest.tsv:952. Classification and evidence unchanged.
122	refuted: target_translation writes the chain over codes on ret at src/sql/code_generator/ob_column_index_provider.cpp:71-80 as if / else-if; s2-errors.md 2.3's table and RULEBOOK 2.1 give it one form, a match; also stale core-manifest line: core-manifest.tsv:912 is now core/storage-tablet/ob_ls_tablet_service.p01; the row's unit is at core-manifest.tsv:952	evidence-defect: the same stale core-manifest line (renumbered by 60892faf9)	target_translation rewritten as the match, this row its second arm; core-manifest line fixed (912 to 952); LOOKUP_OUTCOME, confirmed	Every test of the chain at src/sql/code_generator/ob_column_index_provider.cpp:71-80 is a code test on ret (OB_HASH_EXIST ==, OB_HASH_NOT_EXIST ==, then OB_FAIL(ret) with an empty body), and s2-errors.md 2.3's table (s2-errors.md:112) and RULEBOOK 2.1 (RULEBOOK.md:117) give such a chain one form, a match, as the ret-compare-001 review settled for the same shape; B gives no verdict on the form, and the design settles it. The manifest finding of both holds: in core-manifest.tsv at HEAD 60892faf9, which the working copy matches, core-manifest.tsv:912 is core/storage-tablet/ob_ls_tablet_service.p01; this row's unit, core/sql-ir/ob_column_index_provider (for src/sql/code_generator/ob_column_index_provider.cpp), is at core-manifest.tsv:952. Classification and evidence unchanged.
123	evidence-defect: stale core-manifest line: core-manifest.tsv:912 is now core/storage-tablet/ob_ls_tablet_service.p01; the row's unit is at core-manifest.tsv:952; the Escapes miss the second get_idx call in init_part_projector (src/sql/optimizer/ob_table_location.cpp:115); RENAMED stands	evidence-defect: the same second call missing from the Escapes; the same stale core-manifest line	Escapes completed; core-manifest line fixed (912 to 952); RENAMED, confirmed	Both hold. init_part_projector calls get_idx again after add_column (src/sql/optimizer/ob_table_location.cpp:110, :115) and passes a miss on through OB_FAIL; the other callers of RowDesc::get_idx, the 15 calls in src/sql/code_generator/ob_expr_generator_impl.cpp and src/sql/code_generator/ob_static_engine_expr_cg.cpp:1528, were already named. In core-manifest.tsv at HEAD 60892faf9, which the working copy matches, core-manifest.tsv:912 is core/storage-tablet/ob_ls_tablet_service.p01; this row's unit, core/sql-ir/ob_column_index_provider (for src/sql/code_generator/ob_column_index_provider.cpp), is at core-manifest.tsv:952.
124	evidence-defect: stale core-manifest line: core-manifest.tsv:999 is now core/sql-exec/api/query/engine/px/ob_px_basic_info; the row's unit is at core-manifest.tsv:1053	evidence-defect: the same stale core-manifest line (renumbered by 60892faf9)	core-manifest line fixed (999 to 1053); LOOKUP_OUTCOME, confirmed	Both hold. In core-manifest.tsv at HEAD 60892faf9, which the working copy matches, core-manifest.tsv:999 is core/sql-exec/api/query/engine/px/ob_px_basic_info; this row's unit, core/sql-codegen/ob_expr_generator_impl (for src/sql/code_generator/ob_expr_generator_impl.cpp), is at core-manifest.tsv:1053. Nothing else in the row changed.
125	evidence-defect: stale core-manifest line: core-manifest.tsv:999 is now core/sql-exec/api/query/engine/px/ob_px_basic_info; the row's unit is at core-manifest.tsv:1053	evidence-defect: the same stale core-manifest line (renumbered by 60892faf9)	core-manifest line fixed (999 to 1053); LOOKUP_OUTCOME, confirmed	Both hold. In core-manifest.tsv at HEAD 60892faf9, which the working copy matches, core-manifest.tsv:999 is core/sql-exec/api/query/engine/px/ob_px_basic_info; this row's unit, core/sql-codegen/ob_expr_generator_impl (for src/sql/code_generator/ob_expr_generator_impl.cpp), is at core-manifest.tsv:1053. Nothing else in the row changed.
126	evidence-defect: stale core-manifest line: core-manifest.tsv:999 is now core/sql-exec/api/query/engine/px/ob_px_basic_info; the row's unit is at core-manifest.tsv:1053	evidence-defect: the same stale core-manifest line (renumbered by 60892faf9)	core-manifest line fixed (999 to 1053); IGNORED, confirmed	Both hold. In core-manifest.tsv at HEAD 60892faf9, which the working copy matches, core-manifest.tsv:999 is core/sql-exec/api/query/engine/px/ob_px_basic_info; this row's unit, core/sql-codegen/ob_expr_generator_impl (for src/sql/code_generator/ob_expr_generator_impl.cpp), is at core-manifest.tsv:1053. Nothing else in the row changed.
154	refuted: target_translation writes the chain over codes on ret at src/sql/das/iter/ob_das_domain_id_merge_iter.cpp:1008-1020 as if / else-if; s2-errors.md 2.3's table and RULEBOOK 2.1 give it one form, a match	no row verdict	target_translation rewritten as the match, this row its _ (last) arm; END_OF_DATA, confirmed	Every test of the chain at src/sql/das/iter/ob_das_domain_id_merge_iter.cpp:1008-1020 is a code test on ret (OB_ITER_END != with an empty body, then OB_ITER_END ==), and s2-errors.md 2.3's table (s2-errors.md:112) and RULEBOOK 2.1 (RULEBOOK.md:117) give such a chain one form, a match, as the ret-compare-001 review settled for the same shape; B gives no verdict on the form, and the design settles it. The != test is false only for OB_ITER_END, so its empty branch, first in the C++, is the match's last arm. Classification and evidence unchanged.
155	refuted: target_translation writes the chain over codes on ret at src/sql/das/iter/ob_das_domain_id_merge_iter.cpp:1008-1020 as if / else-if; s2-errors.md 2.3's table and RULEBOOK 2.1 give it one form, a match	no row verdict	target_translation rewritten as the match, this row its Err(OB_ITER_END) arm; END_OF_DATA, confirmed	Every test of the chain at src/sql/das/iter/ob_das_domain_id_merge_iter.cpp:1008-1020 is a code test on ret (OB_ITER_END != with an empty body, then OB_ITER_END ==), and s2-errors.md 2.3's table (s2-errors.md:112) and RULEBOOK 2.1 (RULEBOOK.md:117) give such a chain one form, a match, as the ret-compare-001 review settled for the same shape; B gives no verdict on the form, and the design settles it. The redundant second test is the arm's pattern. Classification and evidence unchanged.
163	evidence-defect: wrong producer: the flag's OB_ITER_END (:1118) is in the sampled branch and cannot reach this test in the unsampled one, so the code cannot arrive; the sampled branch never sets count or fills the domain ids, a candidate for the BUG rule; END_OF_DATA stands	evidence-defect: the same wrong producer; no statement is known to bring the code here; the value and the translation stand	evidence fixed (no known producer, value from the code); target_translation adds that the test stays and a BUG(port) line for the sampled branch; END_OF_DATA, confirmed	Both hold on the producer: src/sql/das/iter/ob_das_domain_id_merge_iter.cpp:1169 is in the else that opens at :1120 and closes at :1188, and :1118 in the sampled branch at :1102-1119; the rowkey-domain read's end is reset at :1127-1128 and the loop's other steps in this file set no such code, so the evidence says no statement is known to bring it, B's wording, since the storage rescan (:1319) was not traced. A's BUG point holds on the source and B does not contest it: the count and fill (:1169-1187) sit only in the unsampled branch, so the sampled branch builds its empty domain ids (:1111-1114) and returns without setting count or filling them, while concat_rows runs the same steps after both branches (:606-620); the BUG rule (RULEBOOK.md:330) keeps that behavior and marks it. END_OF_DATA comes from the code (vocabulary section 4, value 8).
164	evidence-defect: the producer lists the flag's OB_ITER_END (:1118), which cannot reach this test; only the empty-batch one (:1181) does; END_OF_DATA stands	evidence-defect: the same; also names the fill's save and restore (:1175-1178)	Producer fixed; END_OF_DATA, confirmed	Both hold: src/sql/das/iter/ob_das_domain_id_merge_iter.cpp:1185 is in the unsampled branch (:1120-1188) and the flag is set in the sampled one (:1102-1119). The producer is now the empty batch's OB_ITER_END (:1181); B's save-and-restore path (:1175-1178) would keep a code that came out of the loop, which no known statement leaves (row 163), and the row says so.
170	evidence-defect: the only producer cited, the flashback-minimum check (ob_ls_tablet_service.cpp:1297-1298), always has a valid flashback snapshot and is renamed at ob_das_scan_iter.cpp:82-83; the producers that set the code whatever the flashback snapshot, ObTablet::check_snapshot_readable (ob_tablet.cpp:5480, through ob_ls_tablet_service.cpp:1305) and the read-table choice (ob_tablet_table_store.cpp:586, :603), are missing; OTHER stands	evidence-defect: the same, citing ObTablet::check_snapshot_readable through check_snapshot_readable_with_cache; OTHER and the translation stand	Producer completed; OTHER, confirmed	Both hold. is_min() tests v_ == SCN_VERSION as is_valid() does (src/share/scn.h:35, :38), so the flashback-minimum code always has a valid snapshot; inner_table_scan also gets the code from check_snapshot_readable_with_cache (src/storage/ls/ob_ls_tablet_service.cpp:1305; src/storage/tablet/ob_tablet.cpp:5480) and from the read-table choice (src/storage/tablet/ob_tablet_table_store.cpp:586, :603), reached through the merge's prepare_read_tables (src/storage/access/ob_multiple_merge.cpp:159), whatever the flashback snapshot; A's second producer is added with B's. ObDASScanIter, the only DAS iterator that calls the storage scan, renames the valid-snapshot case first (src/sql/das/iter/ob_das_scan_iter.cpp:82-83), and index_scan_param is its own param, so here only the pass-on way runs; both skeptics keep OTHER on the branch as the C++ writes it (vocabulary section 4, value 7), and B's note that the vocabulary does not say whether a way that cannot run counts is left for the vocabulary owner.
177	evidence-defect: the only producer cited, the flashback-minimum check (ob_ls_tablet_service.cpp:1297-1298), always has a valid flashback snapshot and is renamed at ob_das_scan_iter.cpp:82-83; the producers that set the code whatever the flashback snapshot, ObTablet::check_snapshot_readable (ob_tablet.cpp:5480, through ob_ls_tablet_service.cpp:1305) and the read-table choice (ob_tablet_table_store.cpp:586, :603), are missing; OTHER stands	evidence-defect: the same, citing ObTablet::check_snapshot_readable through check_snapshot_readable_with_cache; OTHER and the translation stand	Producer completed; OTHER, confirmed	Both hold. is_min() tests v_ == SCN_VERSION as is_valid() does (src/share/scn.h:35, :38), so the flashback-minimum code always has a valid snapshot; inner_table_scan also gets the code from check_snapshot_readable_with_cache (src/storage/ls/ob_ls_tablet_service.cpp:1305; src/storage/tablet/ob_tablet.cpp:5480) and from the read-table choice (src/storage/tablet/ob_tablet_table_store.cpp:586, :603), reached through the merge's prepare_read_tables (src/storage/access/ob_multiple_merge.cpp:159), whatever the flashback snapshot; A's second producer is added with B's. ObDASScanIter, the only DAS iterator that calls the storage scan, renames the flashback-minimum case first (src/sql/das/iter/ob_das_scan_iter.cpp:82-83); OTHER stays on the branch as the C++ writes it (vocabulary section 4, value 7), as both skeptics say.
204	refuted: target_translation writes the chain over codes on ret at src/sql/das/iter/ob_das_hnsw_scan_iter.cpp:2411-2416 as if / else-if; s2-errors.md 2.3's table and RULEBOOK 2.1 give it one form, a match; the first arm writes filter_res = true without the dereference the second arm uses	no row verdict	target_translation rewritten as the match, this row its second arm; END_OF_DATA, confirmed	Every test of the chain at src/sql/das/iter/ob_das_hnsw_scan_iter.cpp:2411-2416 is a code test on ret (OB_SUCC(ret), then ret == OB_ITER_END), and s2-errors.md 2.3's table (s2-errors.md:112) and RULEBOOK 2.1 (RULEBOOK.md:117) give such a chain one form, a match, as the ret-compare-001 review settled for the same shape; B gives no verdict on the form, and the design settles it. A's second point holds too: filter_res is a bool& (src/sql/das/iter/ob_das_hnsw_scan_iter.cpp:2364), a &mut bool, so both arms now write *filter_res. Classification and evidence unchanged.
213	refuted: target_translation writes the chain over codes on ret at src/sql/das/iter/ob_das_hnsw_scan_iter.cpp:3144-3154 as if / else-if; s2-errors.md 2.3's table and RULEBOOK 2.1 give it one form, a match	no row verdict	target_translation rewritten as the match, this row its first arm; END_OF_DATA, confirmed	Every test of the chain at src/sql/das/iter/ob_das_hnsw_scan_iter.cpp:3144-3154 is a code test on ret (ret == OB_ITER_END, then OB_SUCC(ret)), and s2-errors.md 2.3's table (s2-errors.md:112) and RULEBOOK 2.1 (RULEBOOK.md:117) give such a chain one form, a match, as the ret-compare-001 review settled for the same shape; B gives no verdict on the form, and the design settles it. Classification and evidence unchanged.
214	evidence-defect: 'the code could come only from a later step of the same round, such as set_extra_info' is unchecked and the 'no row' sentence contradicts it; set_extra_info and from_obj never set OB_ITER_END, so the code cannot arrive; END_OF_DATA stands	evidence-defect: the same; no statement can set the code here	Producer fixed (no statement leaves the code), the 'no row' sentence dropped; target_translation adds that the test stays; END_OF_DATA, confirmed	Both hold. set_extra_info sets only OB_ERR_UNEXPECTED (src/observer/vector_index/ob_plugin_vector_index_adaptor.cpp:344, :346, :348) or from_obj's code, and from_obj only OB_INVALID_ARGUMENT or OB_ALLOCATE_MEMORY_FAILED (src/observer/vector_index/ob_vector_index_util.cpp:5762, :5780, :5789); the reads' end is reset in the same round (src/sql/das/iter/ob_das_hnsw_scan_iter.cpp:3144-3146), and set_vector's result is not stored in ret. END_OF_DATA comes from the code (vocabulary section 4, value 8).
215	evidence-defect: 'the read is of the row for one key' is wrong: rowkey_vid_iter_ is walked over the pre-filter's key ranges or over a batch of lookup keys; the code is the end of that walk; END_OF_DATA stands	no row verdict	evidence fixed; END_OF_DATA, confirmed	A holds: the callers read rowkey_vid_iter_ in a loop over the pre-filter's ranges (src/sql/das/iter/ob_das_hnsw_scan_iter.cpp:1505-1513) and over a batch of keys set before one scan (ob_das_hnsw_scan_iter.cpp:1819, :1846, :1853, :1858-1862).
216	evidence-defect: the callers named leave out calc_dis_by_vid (ob_das_hnsw_scan_iter.cpp:471), which passes the code to save_distance_expr_result's renames to OB_ERR_DEFENSIVE_CHECK; END_OF_DATA stands	evidence-defect: the same missing consumer	Code's branch completed; END_OF_DATA, confirmed	Both hold: get_rowkey_from_vid_rowkey_table is called at src/sql/das/iter/ob_das_hnsw_scan_iter.cpp:471, :2262 and :3120; calc_dis_by_vid hands the code to both save_distance_expr_result functions (ob_das_hnsw_scan_iter.cpp:508-511, :654-657), which rename OB_ITER_END to OB_ERR_DEFENSIVE_CHECK (ret-compare.tsv:2214, :2218).
224	refuted: target_translation writes the chain over codes on ret at src/sql/das/iter/ob_das_index_merge_iter.cpp:653-663 as if / else-if; s2-errors.md 2.3's table and RULEBOOK 2.1 give it one form, a match	no row verdict	target_translation rewritten as the match, this row its second arm; END_OF_DATA, confirmed	Every test of the chain at src/sql/das/iter/ob_das_index_merge_iter.cpp:653-663 is a code test on ret (OB_SUCC(ret), OB_ITER_END ==, empty else), and s2-errors.md 2.3's table (s2-errors.md:112) and RULEBOOK 2.1 (RULEBOOK.md:117) give such a chain one form, a match, as the ret-compare-001 review settled for the same shape; B gives no verdict on the form, and the design settles it. Classification and evidence unchanged.
226	evidence-defect: the producer leaves out process_ivf_scan_pre's OB_ITER_END, returned without gen_rowkeys_itr: ObDASIvfScanIter's for an empty pre-filter and ObDASIvfPQScanIter's for an empty pre-filter or from its brute-force loop; END_OF_DATA stands	no row verdict	Producer completed; END_OF_DATA, confirmed	A holds: process_ivf_scan skips gen_rowkeys_itr when process_ivf_scan_pre fails (src/sql/das/iter/ob_das_ivf_scan_iter.cpp:389, :392); get_rowkey_pre_filter keeps OB_ITER_END when no rowkey came (ob_das_ivf_scan_iter.cpp:963-966), which ObDASIvfScanIter::process_ivf_scan_pre returns from its first branch (ob_das_ivf_scan_iter.cpp:1417; its reset at :1463-1465 is in the else), and ObDASIvfPQScanIter::process_ivf_scan_pre returns it (ob_das_ivf_scan_iter.cpp:2479, :2518), as it does its brute-force loop's (ob_das_ivf_scan_iter.cpp:2465-2474).
227	evidence-defect: the producer leaves out process_ivf_scan_pre's OB_ITER_END, returned without gen_rowkeys_itr: ObDASIvfScanIter's for an empty pre-filter and ObDASIvfPQScanIter's for an empty pre-filter or from its brute-force loop; END_OF_DATA stands	no row verdict	Producer completed; END_OF_DATA, confirmed	A holds: process_ivf_scan skips gen_rowkeys_itr when process_ivf_scan_pre fails (src/sql/das/iter/ob_das_ivf_scan_iter.cpp:389, :392); get_rowkey_pre_filter keeps OB_ITER_END when no rowkey came (ob_das_ivf_scan_iter.cpp:963-966), which ObDASIvfScanIter::process_ivf_scan_pre returns from its first branch (ob_das_ivf_scan_iter.cpp:1417; its reset at :1463-1465 is in the else), and ObDASIvfPQScanIter::process_ivf_scan_pre returns it (ob_das_ivf_scan_iter.cpp:2479, :2518), as it does its brute-force loop's (ob_das_ivf_scan_iter.cpp:2465-2474).
245	evidence-defect: where the code goes is incomplete: three callers, and in the two brute-force loops an empty last vectorized batch skips the heap's result, which ObDASIvfScanIter then resets to success and the PQ version returns as the end; a BUG(port) line under the BUG rule; END_OF_DATA stands	evidence-defect: incomplete consumer: the PQ caller returns the code without resetting it, through process_ivf_scan to inner_get_next_row(s)	Consumers completed; target_translation adds a BUG(port) line for both brute-force loops; END_OF_DATA, confirmed	Both hold, and B's consumer path is A's PQ case. get_pre_filter_rowkey_batch returns an empty last vectorized batch's OB_ITER_END (src/sql/das/iter/ob_das_ivf_scan_iter.cpp:1039-1047); in the brute-force loops taken for an empty centroid table (ob_das_ivf_scan_iter.cpp:1434-1441, :2465-2472) it ends the loop, and the if (OB_FAIL(ret)) after each loop skips saving the heap's nearest rowkeys (ob_das_ivf_scan_iter.cpp:1442-1443, :2473-2474); get_rowkey_brute_post resets its own ends (ob_das_ivf_scan_iter.cpp:2190, :2220). The row-by-row read resets the end (ob_das_ivf_scan_iter.cpp:1031), so the vectorized and row paths give different rows for the same data, a defect the BUG rule (RULEBOOK.md:330) keeps and marks; B does not contest the BUG line.
251	evidence-defect: the producer names only the pre-filter loop; the brute-force loop also brings OB_ITER_END here, after dropping the heap's result; the BUG(port) line as for row 245; END_OF_DATA stands	no row verdict	Producer and Code's branch completed; target_translation points to row 245's BUG(port) line; END_OF_DATA, confirmed	A holds: after the brute-force loop (src/sql/das/iter/ob_das_ivf_scan_iter.cpp:1434-1441) the code skips the heap step and go_brute = true (ob_das_ivf_scan_iter.cpp:1442-1445), keeps the pre-filter loop from running (ob_das_ivf_scan_iter.cpp:1455) and is reset here (ob_das_ivf_scan_iter.cpp:1463-1465), so the function returns success with no saved rowkeys. The marker sits above the heap step, where the result is lost, not at this test.
256	no row verdict	evidence-defect: 'the loop over the nearest centers goes on' cites the loop's closing brace (ob_das_ivf_scan_iter.cpp:2073); the loop is the for at :1964	citation fixed (2073 to 1964); END_OF_DATA, confirmed	B holds: src/sql/das/iter/ob_das_ivf_scan_iter.cpp:2073 is the closing brace of the loop over near_cid_vec_, whose for is at :1964 (vocabulary section 11: cite the line that holds the construct).
268	evidence-defect: 'the test catches it when it comes from the loop's other steps' is unchecked; to_obj and ObIvfPreFilter::add set no OB_ITER_END and the read's end is reset, so the code cannot arrive; END_OF_DATA stands	evidence-defect: the same; no statement can set the code here	Producer fixed (no statement leaves the code); target_translation adds that the test stays; END_OF_DATA, confirmed	Both hold: the read's end is reset at src/sql/das/iter/ob_das_ivf_scan_iter.cpp:2810; to_obj sets only OB_ERR_UNEXPECTED (src/oblib/common/datum/ob_datum.h:901, :916), ObIvfPreFilter::add only OB_ERR_UNEXPECTED or OB_ALLOCATE_MEMORY_FAILED through CROARING_TRY_CATCH (ob_das_ivf_scan_iter.cpp:3075-3084; src/share/roaringbitmap/ob_rb_memory_mgr.h:30-38), and the third call, ObObj::hash, which neither skeptic checked, goes to per-type functions that never name the code (grep -c OB_ITER_END src/oblib/common/object/ob_obj_funcs.h prints 0).
277	evidence-defect: cross-list conflict (vocabulary section 7, item 6): the tmp-ret rows for ob_das_ivf_scan_iter.h:54 and :58 (tmp-ret-006.tsv rows 55-56) give the same macro_rules! as confirmed with no marker, while rows 275-277 carry a TODO(port) marker; report to the orchestrator; END_OF_DATA stands	no row verdict; overall: accepts the unknown question rows 275-277 raise and suggests a vocabulary Q5	no change: the row stays unknown with the conservative translation, its TODO(port) marker and the question; conflict reported to the orchestrator; END_OF_DATA, unknown	The skeptics disagree and the design does not settle the form: RULEBOOK 2.3's function-like macro row (RULEBOOK.md:183) gives each macro an #[inline] fn or a lowercase macro_rules!, and IVF_GET_NEXT_ROWS_BEGIN opens a while loop that IVF_GET_NEXT_ROWS_END closes (src/sql/das/iter/ob_das_ivf_scan_iter.h:38, :52), which no macro_rules! can expand to alone; merging the pair into one macro that takes the body is a mapping no rule gives, so the UNKNOWN rule (RULEBOOK 2.10) applies and the row keeps its marker. The conflict A names is real, since the marker is a line of the Rust: tmp-ret-006.tsv rows 55-56 should take the same marker, or the vocabulary owner answers the question for both lists.
278	evidence-defect: the only producer cited, the flashback-minimum check (ob_ls_tablet_service.cpp:1297-1298), always has a valid flashback snapshot and is renamed at ob_das_scan_iter.cpp:82-83; the producers that set the code whatever the flashback snapshot, ObTablet::check_snapshot_readable (ob_tablet.cpp:5480, through ob_ls_tablet_service.cpp:1305) and the read-table choice (ob_tablet_table_store.cpp:586, :603), are missing; OTHER stands	evidence-defect: the same, citing ObTablet::check_snapshot_readable through check_snapshot_readable_with_cache; OTHER and the translation stand	Producer completed; OTHER, confirmed	Both hold. is_min() tests v_ == SCN_VERSION as is_valid() does (src/share/scn.h:35, :38), so the flashback-minimum code always has a valid snapshot; inner_table_scan also gets the code from check_snapshot_readable_with_cache (src/storage/ls/ob_ls_tablet_service.cpp:1305; src/storage/tablet/ob_tablet.cpp:5480) and from the read-table choice (src/storage/tablet/ob_tablet_table_store.cpp:586, :603), reached through the merge's prepare_read_tables (src/storage/access/ob_multiple_merge.cpp:159), whatever the flashback snapshot; A's second producer is added with B's. ObDASScanIter, the only DAS iterator that calls the storage scan, renames the flashback-minimum case first (src/sql/das/iter/ob_das_scan_iter.cpp:82-83); OTHER stays on the branch as the C++ writes it (vocabulary section 4, value 7), as both skeptics say.
286	refuted: target_translation writes the chain over codes on ret at src/sql/das/iter/ob_das_merge_iter.cpp:505-521 as if / else-if; s2-errors.md 2.3's table and RULEBOOK 2.1 give it one form, a match	no row verdict	target_translation rewritten as the match, this row its second arm; END_OF_DATA, confirmed	Every test of the chain at src/sql/das/iter/ob_das_merge_iter.cpp:505-521 is a code test on ret (OB_SUCC(ret), OB_ITER_END ==, empty else), and s2-errors.md 2.3's table (s2-errors.md:112) and RULEBOOK 2.1 (RULEBOOK.md:117) give such a chain one form, a match, as the ret-compare-001 review settled for the same shape; B gives no verdict on the form, and the design settles it. Classification and evidence unchanged.
288	refuted: target_translation writes the chain over codes on ret at src/sql/das/iter/ob_das_merge_iter.cpp:566-585 as if / else-if; s2-errors.md 2.3's table and RULEBOOK 2.1 give it one form, a match	no row verdict	target_translation rewritten as the match, this row its second arm; END_OF_DATA, confirmed	Every test of the chain at src/sql/das/iter/ob_das_merge_iter.cpp:566-585 is a code test on ret (OB_SUCC(ret), OB_ITER_END ==, empty else), and s2-errors.md 2.3's table (s2-errors.md:112) and RULEBOOK 2.1 (RULEBOOK.md:117) give such a chain one form, a match, as the ret-compare-001 review settled for the same shape; B gives no verdict on the form, and the design settles it. Classification and evidence unchanged.
292	refuted: target_translation writes the chain over codes on ret at src/sql/das/iter/ob_das_merge_iter.cpp:689-703 as if / else-if; s2-errors.md 2.3's table and RULEBOOK 2.1 give it one form, a match	no row verdict	target_translation rewritten as the match, this row its second arm; END_OF_DATA, confirmed	Every test of the chain at src/sql/das/iter/ob_das_merge_iter.cpp:689-703 is a code test on ret (OB_SUCC(ret), OB_ITER_END ==, empty else), and s2-errors.md 2.3's table (s2-errors.md:112) and RULEBOOK 2.1 (RULEBOOK.md:117) give such a chain one form, a match, as the ret-compare-001 review settled for the same shape; B gives no verdict on the form, and the design settles it. Classification and evidence unchanged.
294	evidence-defect: the only producer cited, the flashback-minimum check (ob_ls_tablet_service.cpp:1297-1298), always has a valid flashback snapshot, so the 'otherwise' way on which OTHER rests had no producer; the producers that set the code whatever the flashback snapshot, ObTablet::check_snapshot_readable (ob_tablet.cpp:5480, through ob_ls_tablet_service.cpp:1305) and the read-table choice (ob_tablet_table_store.cpp:586, :603), are missing; OTHER stands	evidence-defect: the same, citing ObTablet::check_snapshot_readable through check_snapshot_readable_with_cache; OTHER and the translation stand	Producer completed; both ways through the branch now have a producer; OTHER, confirmed	Both hold. is_min() tests v_ == SCN_VERSION as is_valid() does (src/share/scn.h:35, :38), so the flashback-minimum code always has a valid snapshot; inner_table_scan also gets the code from check_snapshot_readable_with_cache (src/storage/ls/ob_ls_tablet_service.cpp:1305; src/storage/tablet/ob_tablet.cpp:5480) and from the read-table choice (src/storage/tablet/ob_tablet_table_store.cpp:586, :603), reached through the merge's prepare_read_tables (src/storage/access/ob_multiple_merge.cpp:159), whatever the flashback snapshot; A's second producer is added with B's. With them, a flashback query the check rejects takes the rename and a scan without a valid flashback snapshot hands the code on, so OTHER rests on both ways.
296	evidence-defect: the only producer cited, the flashback-minimum check (ob_ls_tablet_service.cpp:1297-1298), always has a valid flashback snapshot, so the 'otherwise' way on which OTHER rests had no producer; the producers that set the code whatever the flashback snapshot, ObTablet::check_snapshot_readable (ob_tablet.cpp:5480, through ob_ls_tablet_service.cpp:1305) and the read-table choice (ob_tablet_table_store.cpp:586, :603), are missing; OTHER stands	evidence-defect: the same, citing ObTablet::check_snapshot_readable through check_snapshot_readable_with_cache; OTHER and the translation stand	Producer completed; both ways through the branch now have a producer; OTHER, confirmed	Both hold. is_min() tests v_ == SCN_VERSION as is_valid() does (src/share/scn.h:35, :38), so the flashback-minimum code always has a valid snapshot; inner_table_scan also gets the code from check_snapshot_readable_with_cache (src/storage/ls/ob_ls_tablet_service.cpp:1305; src/storage/tablet/ob_tablet.cpp:5480) and from the read-table choice (src/storage/tablet/ob_tablet_table_store.cpp:586, :603), reached through the merge's prepare_read_tables (src/storage/access/ob_multiple_merge.cpp:159), whatever the flashback snapshot; A's second producer is added with B's. With them, a flashback query the check rejects takes the rename and a scan without a valid flashback snapshot hands the code on, so OTHER rests on both ways.
