file	symbol	source_construct	classification	target_translation	evidence	status
src/share/schema/ob_schema_mgr.cpp	ObSchemaMgr::add_database	line 960: other variable hash_ret != OB_HASH_EXIST	IGNORED	if hash_ret.is_err() && !matches!(hash_ret, Err(OB_HASH_EXIST)) { ret = Err(OB_ERR_UNEXPECTED); } with hash_ret a local ObResult (s2-errors.md 2.2 rule 5): OB_SUCCESS != hash_ret is hash_ret.is_err() and the other comparison its own matches! (s2-errors.md 2.3's table); the function is in the local-ret form (s2-errors.md 2.3). The unread drop or overwrite of hash_ret stays as the C++ writes it, and nothing replaces the test with ok() or let _ = (s2-errors.md 2.4 rule 1; 2.12 items 2 and 3). The test stays although the code cannot arrive, since RULEBOOK section 0's list of statements a translation may remove does not name it. The ObPointerHashMap port (core-manifest.tsv:117) keeps set_refactored's C++ codes, OB_HASH_EXIST only with overwrite 0 (s2-errors.md 2.4 rule 2). Core unit (core-manifest.tsv:315): this form where the core keeps the function (RULEBOOK section 0).	sweep: ret-compare.tsv:2034 (data row 2033). Producer: database_name_map_.set_refactored(database_name_wrapper, new_db_schema, over_write) at src/share/schema/ob_schema_mgr.cpp:959, with over_write = 1 (ob_schema_mgr.cpp:958), on the DatabaseNameMap, an ObPointerHashMap (src/share/schema/ob_schema_mgr.h:321, :579); ObPointerHashMap::set_refactored (src/oblib/lib/hash/ob_pointer_hashmap.h:585, :543) takes its code from the sub maps' find_set_pos (ob_pointer_hashmap.h:553, :807, :162), whose only statement that sets OB_HASH_EXIST runs when overwrite is 0 (ob_pointer_hashmap.h:407-408); with overwrite 1 a present key's value is overwritten, so no statement of the producer sets OB_HASH_EXIST here. Holder: the local hash_ret (ob_schema_mgr.cpp:959), read only by this test. Code's branch, as it would run: the test is false, so ret = OB_ERR_UNEXPECTED (ob_schema_mgr.cpp:961) is skipped and hash_ret dies unread; ret stays OB_SUCCESS, set before this block (ob_schema_mgr.cpp:955), and is returned (ob_schema_mgr.cpp:965), so the code would be dropped. Any other failure becomes OB_ERR_UNEXPECTED. Value IGNORED, from what the branch would do, since the producer cannot set the code (vocabulary section 3, item 3).	confirmed
src/share/schema/ob_schema_mgr.cpp	ObSchemaMgr::del_database	line 1005: other variable hash_ret != OB_HASH_NOT_EXIST	LOOKUP_OUTCOME	if hash_ret.is_err() { ret = if !matches!(hash_ret, Err(OB_HASH_NOT_EXIST)) { hash_ret } else { ret }; } with hash_ret a local ObResult (s2-errors.md 2.2 rule 5): OB_SUCCESS != hash_ret is hash_ret.is_err() (s2-errors.md 2.3's table), and the ternary is an if expression written as the C++ writes it, since s2-errors.md 2.4 rule 4 turns only the 'a unless a is success, then b' merges into and; the function is in the local-ret form (s2-errors.md 2.3). The ObPointerHashMap port (core-manifest.tsv:117) keeps answering OB_HASH_NOT_EXIST from erase_refactored for a missing key, and OB_NOT_INIT for a map never created, never an Option or a bool, until parity (s2-errors.md 2.4 rules 1 and 2). Core unit (core-manifest.tsv:315): this form where the core keeps the function (RULEBOOK section 0).	sweep: ret-compare.tsv:2035 (data row 2034). Producer: database_name_map_.erase_refactored(database_name_wrapper) at src/share/schema/ob_schema_mgr.cpp:1001, keyed by name case mode and database name (ob_schema_mgr.cpp:999-1000), on the DatabaseNameMap, an ObPointerHashMap (src/share/schema/ob_schema_mgr.h:321, :579); ObPointerHashMap::erase_refactored (src/oblib/lib/hash/ob_pointer_hashmap.h:693, :669) answers OB_NOT_INIT for a map never created (ob_pointer_hashmap.h:673-675) and otherwise asks each sub map in turn (ob_pointer_hashmap.h:679), whose erase_refactored stores the erased marker with overwrite 1 (ob_pointer_hashmap.h:279) and gets OB_HASH_NOT_EXIST from find_set_pos when the key is absent (ob_pointer_hashmap.h:164-167). Holder: the local hash_ret (ob_schema_mgr.cpp:1001). Code's branch: ret keeps its value, OB_SUCCESS on this path (the else at ob_schema_mgr.cpp:998), instead of taking hash_ret (ob_schema_mgr.cpp:1005), under the comment that incremental schema refresh reports no error here and leaves the fix to the rebuild (ob_schema_mgr.cpp:1003-1004). The count check after it runs for every code and only logs (ob_schema_mgr.cpp:1009-1010); the same count mismatch makes check_schema_meta_consistent clear is_consistent_ (ob_schema_mgr.cpp:1778-1779), and rebuild_schema_meta_if_not_consistent then rebuilds the name maps (ob_schema_mgr.cpp:1815-1818). The code never leaves the function (ob_schema_mgr.cpp:1019); any other code replaces ret.	confirmed
src/share/schema/ob_schema_mgr.cpp	ObSchemaMgr::add_table	line 1336: other variable hash_ret != OB_HASH_EXIST	IGNORED	if hash_ret.is_err() && !matches!(hash_ret, Err(OB_HASH_EXIST)) { ret = Err(OB_ERR_UNEXPECTED); } else { .. } with hash_ret a local ObResult (s2-errors.md 2.2 rule 5): OB_SUCCESS != hash_ret is hash_ret.is_err() and the other comparison its own matches! (s2-errors.md 2.3's table); the else keeps the name-map inserts in the C++ order and the function the local-ret form (s2-errors.md 2.3). The unread drop or overwrite of hash_ret stays as the C++ writes it, and nothing replaces the test with ok() or let _ = (s2-errors.md 2.4 rule 1; 2.12 items 2 and 3). The test stays although the code cannot arrive, since RULEBOOK section 0's list of statements a translation may remove does not name it. The ObPointerHashMap port (core-manifest.tsv:117) keeps set_refactored's C++ codes, OB_HASH_EXIST only with overwrite 0 (s2-errors.md 2.4 rule 2). Core unit (core-manifest.tsv:315): this form where the core keeps the function (RULEBOOK section 0).	sweep: ret-compare.tsv:2036 (data row 2035). Producer: table_id_map_.set_refactored(new_table_schema->get_table_id(), new_table_schema, over_write) at src/share/schema/ob_schema_mgr.cpp:1328, with over_write = 1 (ob_schema_mgr.cpp:1327), on the TableIdMap, an ObPointerHashMap keyed by table id (src/share/schema/ob_schema_mgr.h:322, :584); ObPointerHashMap::set_refactored (src/oblib/lib/hash/ob_pointer_hashmap.h:585, :543) takes its code from the sub maps' find_set_pos (ob_pointer_hashmap.h:553, :807, :162), whose only statement that sets OB_HASH_EXIST runs when overwrite is 0 (ob_pointer_hashmap.h:407-408); with overwrite 1 a present key's value is overwritten, so no statement of the producer sets OB_HASH_EXIST here. Holder: the local hash_ret (ob_schema_mgr.cpp:1328). Code's branch, as it would run: the test is false, so the else runs as after a successful insert (ob_schema_mgr.cpp:1338-1383): the next set_refactored overwrites hash_ret before any read (ob_schema_mgr.cpp:1344, :1356, :1366, :1379), or hash_ret dies unread for an aux LOB table (ob_schema_mgr.cpp:1372-1373) and when generate_origin_index_name fails (ob_schema_mgr.cpp:1361); ret stays OB_SUCCESS, so the code would be dropped. Any other failure becomes OB_ERR_UNEXPECTED (ob_schema_mgr.cpp:1337). Value IGNORED, from what the branch would do, since the producer cannot set the code (vocabulary section 3, item 3).	confirmed
src/share/schema/ob_schema_mgr.cpp	ObSchemaMgr::add_table	line 1346: other variable hash_ret != OB_HASH_EXIST	IGNORED	if hash_ret.is_err() && !matches!(hash_ret, Err(OB_HASH_EXIST)) { ret = Err(OB_ERR_UNEXPECTED); } with hash_ret a local ObResult (s2-errors.md 2.2 rule 5): OB_SUCCESS != hash_ret is hash_ret.is_err() and the other comparison its own matches! (s2-errors.md 2.3's table); the function is in the local-ret form (s2-errors.md 2.3). The unread drop or overwrite of hash_ret stays as the C++ writes it, and nothing replaces the test with ok() or let _ = (s2-errors.md 2.4 rule 1; 2.12 items 2 and 3). The test stays although the code cannot arrive, since RULEBOOK section 0's list of statements a translation may remove does not name it. The ObPointerHashMap port (core-manifest.tsv:117) keeps set_refactored's C++ codes, OB_HASH_EXIST only with overwrite 0 (s2-errors.md 2.4 rule 2). Core unit (core-manifest.tsv:315): this form where the core keeps the function (RULEBOOK section 0).	sweep: ret-compare.tsv:2037 (data row 2036). Producer: hidden_table_name_map_.set_refactored(table_name_wrapper, new_table_schema, over_write) at src/share/schema/ob_schema_mgr.cpp:1344, with over_write = 1 (ob_schema_mgr.cpp:1327), on the TableNameMap of hidden tables, an ObPointerHashMap (src/share/schema/ob_schema_mgr.h:324, :596); ObPointerHashMap::set_refactored (src/oblib/lib/hash/ob_pointer_hashmap.h:585, :543) takes its code from the sub maps' find_set_pos (ob_pointer_hashmap.h:553, :807, :162), whose only statement that sets OB_HASH_EXIST runs when overwrite is 0 (ob_pointer_hashmap.h:407-408); with overwrite 1 a present key's value is overwritten, so no statement of the producer sets OB_HASH_EXIST here. Holder: the local hash_ret (ob_schema_mgr.cpp:1328), assigned again here and not read after this test. Code's branch, as it would run: the test is false, so ret = OB_ERR_UNEXPECTED (ob_schema_mgr.cpp:1347) is skipped and hash_ret dies unread; ret stays OB_SUCCESS, so the foreign key and constraint steps under OB_SUCC(ret) run as after a successful insert (ob_schema_mgr.cpp:1384, :1404) and the code would be dropped. Any other failure becomes OB_ERR_UNEXPECTED. Value IGNORED, from what the branch would do, since the producer cannot set the code (vocabulary section 3, item 3).	confirmed
src/share/schema/ob_schema_mgr.cpp	ObSchemaMgr::add_table	line 1357: other variable hash_ret != OB_HASH_EXIST	IGNORED	if hash_ret.is_err() && !matches!(hash_ret, Err(OB_HASH_EXIST)) { ret = Err(OB_ERR_UNEXPECTED); } with hash_ret a local ObResult (s2-errors.md 2.2 rule 5): OB_SUCCESS != hash_ret is hash_ret.is_err() and the other comparison its own matches! (s2-errors.md 2.3's table); the function is in the local-ret form (s2-errors.md 2.3). The unread drop or overwrite of hash_ret stays as the C++ writes it, and nothing replaces the test with ok() or let _ = (s2-errors.md 2.4 rule 1; 2.12 items 2 and 3). The test stays although the code cannot arrive, since RULEBOOK section 0's list of statements a translation may remove does not name it. The ObPointerHashMap port (core-manifest.tsv:117) keeps set_refactored's C++ codes, OB_HASH_EXIST only with overwrite 0 (s2-errors.md 2.4 rule 2). Core unit (core-manifest.tsv:315): this form where the core keeps the function (RULEBOOK section 0).	sweep: ret-compare.tsv:2038 (data row 2037). Producer: index_name_map.set_refactored(index_name_wrapper, new_table_schema, over_write), for an index in the recycle bin, at src/share/schema/ob_schema_mgr.cpp:1356, with over_write = 1 (ob_schema_mgr.cpp:1327), on the IndexNameMap that get_index_name_map_ picks (ob_schema_mgr.cpp:1351; src/share/schema/ob_schema_mgr.h:325, :558-565), an ObPointerHashMap; ObPointerHashMap::set_refactored (src/oblib/lib/hash/ob_pointer_hashmap.h:585, :543) takes its code from the sub maps' find_set_pos (ob_pointer_hashmap.h:553, :807, :162), whose only statement that sets OB_HASH_EXIST runs when overwrite is 0 (ob_pointer_hashmap.h:407-408); with overwrite 1 a present key's value is overwritten, so no statement of the producer sets OB_HASH_EXIST here. Holder: the local hash_ret (ob_schema_mgr.cpp:1328), assigned again here and not read after this test. Code's branch, as it would run: the test is false, so ret = OB_ERR_UNEXPECTED (ob_schema_mgr.cpp:1358) is skipped and hash_ret dies unread; ret stays OB_SUCCESS, so the foreign key and constraint steps under OB_SUCC(ret) run as after a successful insert (ob_schema_mgr.cpp:1384, :1404) and the code would be dropped. Any other failure becomes OB_ERR_UNEXPECTED. Value IGNORED, from what the branch would do, since the producer cannot set the code (vocabulary section 3, item 3).	confirmed
src/share/schema/ob_schema_mgr.cpp	ObSchemaMgr::add_table	line 1367: other variable hash_ret != OB_HASH_EXIST	IGNORED	if hash_ret.is_err() && !matches!(hash_ret, Err(OB_HASH_EXIST)) { ret = Err(OB_ERR_UNEXPECTED); } with hash_ret a local ObResult (s2-errors.md 2.2 rule 5): OB_SUCCESS != hash_ret is hash_ret.is_err() and the other comparison its own matches! (s2-errors.md 2.3's table); the function is in the local-ret form (s2-errors.md 2.3). The unread drop or overwrite of hash_ret stays as the C++ writes it, and nothing replaces the test with ok() or let _ = (s2-errors.md 2.4 rule 1; 2.12 items 2 and 3). The test stays although the code cannot arrive, since RULEBOOK section 0's list of statements a translation may remove does not name it. The ObPointerHashMap port (core-manifest.tsv:117) keeps set_refactored's C++ codes, OB_HASH_EXIST only with overwrite 0 (s2-errors.md 2.4 rule 2). Core unit (core-manifest.tsv:315): this form where the core keeps the function (RULEBOOK section 0).	sweep: ret-compare.tsv:2039 (data row 2038). Producer: index_name_map.set_refactored(cutted_index_name_wrapper, new_table_schema, over_write), for an index outside the recycle bin, at src/share/schema/ob_schema_mgr.cpp:1366, with over_write = 1 (ob_schema_mgr.cpp:1327), on the IndexNameMap that get_index_name_map_ picks (ob_schema_mgr.cpp:1351; src/share/schema/ob_schema_mgr.h:325, :558-565), an ObPointerHashMap; ObPointerHashMap::set_refactored (src/oblib/lib/hash/ob_pointer_hashmap.h:585, :543) takes its code from the sub maps' find_set_pos (ob_pointer_hashmap.h:553, :807, :162), whose only statement that sets OB_HASH_EXIST runs when overwrite is 0 (ob_pointer_hashmap.h:407-408); with overwrite 1 a present key's value is overwritten, so no statement of the producer sets OB_HASH_EXIST here. Holder: the local hash_ret (ob_schema_mgr.cpp:1328), assigned again here and not read after this test. Code's branch, as it would run: the test is false, so ret = OB_ERR_UNEXPECTED (ob_schema_mgr.cpp:1368) is skipped and hash_ret dies unread; ret stays OB_SUCCESS, so the foreign key and constraint steps under OB_SUCC(ret) run as after a successful insert (ob_schema_mgr.cpp:1384, :1404) and the code would be dropped. Any other failure becomes OB_ERR_UNEXPECTED. Value IGNORED, from what the branch would do, since the producer cannot set the code (vocabulary section 3, item 3).	confirmed
src/share/schema/ob_schema_mgr.cpp	ObSchemaMgr::add_table	line 1380: other variable hash_ret != OB_HASH_EXIST	IGNORED	if hash_ret.is_err() && !matches!(hash_ret, Err(OB_HASH_EXIST)) { ret = Err(OB_ERR_UNEXPECTED); } with hash_ret a local ObResult (s2-errors.md 2.2 rule 5): OB_SUCCESS != hash_ret is hash_ret.is_err() and the other comparison its own matches! (s2-errors.md 2.3's table); the function is in the local-ret form (s2-errors.md 2.3). The unread drop or overwrite of hash_ret stays as the C++ writes it, and nothing replaces the test with ok() or let _ = (s2-errors.md 2.4 rule 1; 2.12 items 2 and 3). The test stays although the code cannot arrive, since RULEBOOK section 0's list of statements a translation may remove does not name it. The ObPointerHashMap port (core-manifest.tsv:117) keeps set_refactored's C++ codes, OB_HASH_EXIST only with overwrite 0 (s2-errors.md 2.4 rule 2). Core unit (core-manifest.tsv:315): this form where the core keeps the function (RULEBOOK section 0).	sweep: ret-compare.tsv:2040 (data row 2039). Producer: table_name_map_.set_refactored(table_name_wrapper, new_table_schema, over_write) at src/share/schema/ob_schema_mgr.cpp:1379, with over_write = 1 (ob_schema_mgr.cpp:1327), on the TableNameMap, an ObPointerHashMap (src/share/schema/ob_schema_mgr.h:324, :585); ObPointerHashMap::set_refactored (src/oblib/lib/hash/ob_pointer_hashmap.h:585, :543) takes its code from the sub maps' find_set_pos (ob_pointer_hashmap.h:553, :807, :162), whose only statement that sets OB_HASH_EXIST runs when overwrite is 0 (ob_pointer_hashmap.h:407-408); with overwrite 1 a present key's value is overwritten, so no statement of the producer sets OB_HASH_EXIST here. Holder: the local hash_ret (ob_schema_mgr.cpp:1328), assigned again here and not read after this test. Code's branch, as it would run: the test is false, so ret = OB_ERR_UNEXPECTED (ob_schema_mgr.cpp:1381) is skipped and hash_ret dies unread; ret stays OB_SUCCESS, so the foreign key and constraint steps under OB_SUCC(ret) run as after a successful insert (ob_schema_mgr.cpp:1384, :1404) and the code would be dropped. Any other failure becomes OB_ERR_UNEXPECTED. Value IGNORED, from what the branch would do, since the producer cannot set the code (vocabulary section 3, item 3).	confirmed
src/share/schema/ob_schema_mgr.cpp	ObSchemaMgr::add_foreign_keys_in_table	line 1451: other variable hash_ret == OB_HASH_EXIST	LOOKUP_OUTCOME	if hash_ret.is_err() { ret = if matches!(hash_ret, Err(OB_HASH_EXIST)) { Ok(()) } else { Err(OB_ERR_UNEXPECTED) }; log_error!(ret, ..); } with hash_ret a local ObResult (s2-errors.md 2.2 rule 5): OB_SUCCESS != hash_ret is hash_ret.is_err() (s2-errors.md 2.3's table), the ternary is an if expression written as the C++ writes it, since s2-errors.md 2.4 rule 4 turns only the 'a unless a is success, then b' merges into and, and the log takes the ret in scope on the C++ line, which the ternary has just set (s2-errors.md 2.5 rule 1); the loop keeps its OB_SUCC(ret) condition and the function the local-ret form (s2-errors.md 2.3). The ObPointerHashMap port (core-manifest.tsv:117) keeps answering OB_HASH_EXIST from set_refactored with overwrite 0, never an Option or a bool, until parity (s2-errors.md 2.4 rules 1 and 2). Core unit (core-manifest.tsv:315): this form where the core keeps the function (RULEBOOK section 0).	sweep: ret-compare.tsv:2041 (data row 2040). Producer: foreign_key_name_map_.set_refactored(foreign_key_name_wrapper, .., over_write) at src/share/schema/ob_schema_mgr.cpp:1447, on the ForeignKeyNameMap, an ObPointerHashMap keyed by database id and foreign key name (src/share/schema/ob_schema_mgr.h:326, :592; ob_schema_mgr.cpp:1445-1446). over_write is the parameter (ob_schema_mgr.cpp:1437): add_table passes 1 (ob_schema_mgr.cpp:1398) and rebuild_table_hashmap its over_write = 0 (ob_schema_mgr.cpp:2818, :2933), and git grep -n add_foreign_keys_in_table 834bbee1e -- src finds no other call; with 0, ObPointerHashMap::set_refactored (src/oblib/lib/hash/ob_pointer_hashmap.h:585, :543) gets OB_HASH_EXIST from the sub maps' find_set_pos when the key is already present and overwrite is 0 (ob_pointer_hashmap.h:553, :807, :407-408). Holder: the local hash_ret (ob_schema_mgr.cpp:1447). Code's branch: ret = OB_SUCCESS through the ternary (ob_schema_mgr.cpp:1451; reset.tsv:1100) and a LOG_ERROR 'build fk name hashmap failed' (ob_schema_mgr.cpp:1452-1454); the loop goes on to the next foreign key (ob_schema_mgr.cpp:1444), so a name already in the map keeps its first entry and the code never leaves the function (ob_schema_mgr.cpp:1459). Any other failure becomes OB_ERR_UNEXPECTED and ends the loop.	confirmed
src/share/schema/ob_schema_mgr.cpp	ObSchemaMgr::delete_given_fk_from_mgr	line 1474: other variable hash_ret == OB_HASH_NOT_EXIST	LOOKUP_OUTCOME	The if / else-if chain over codes on hash_ret at src/share/schema/ob_schema_mgr.cpp:1474-1482 is match hash_ret { Err(OB_HASH_NOT_EXIST) => { self.is_consistent_ = false; } Err(_) => { ret = Err(OB_ERR_UNEXPECTED); } Ok(()) => {} } (s2-errors.md 2.3's table; RULEBOOK 2.1), the last arm empty since the C++ chain has no else; this row is its first arm, with hash_ret a local ObResult (s2-errors.md 2.2 rule 5), in the local-ret form (s2-errors.md 2.3). The ObPointerHashMap port (core-manifest.tsv:117) keeps answering OB_HASH_NOT_EXIST from erase_refactored for a missing key, and OB_NOT_INIT for a map never created, never an Option or a bool, until parity (s2-errors.md 2.4 rules 1 and 2). Core unit (core-manifest.tsv:315): this form where the core keeps the function (RULEBOOK section 0).	sweep: ret-compare.tsv:2042 (data row 2041). Producer: foreign_key_name_map_.erase_refactored(foreign_key_name_wrapper) at src/share/schema/ob_schema_mgr.cpp:1473, on the ForeignKeyNameMap, an ObPointerHashMap keyed by database id and foreign key name (src/share/schema/ob_schema_mgr.h:326, :592; ob_schema_mgr.cpp:1471-1472); ObPointerHashMap::erase_refactored (src/oblib/lib/hash/ob_pointer_hashmap.h:693, :669) answers OB_NOT_INIT for a map never created (ob_pointer_hashmap.h:673-675) and otherwise asks each sub map in turn (ob_pointer_hashmap.h:679), whose erase_refactored stores the erased marker with overwrite 1 (ob_pointer_hashmap.h:279) and gets OB_HASH_NOT_EXIST from find_set_pos when the key is absent (ob_pointer_hashmap.h:164-167). Holder: the local hash_ret (ob_schema_mgr.cpp:1473). Code's branch: is_consistent_ = false (ob_schema_mgr.cpp:1479), under the comment that schema refresh may run out of version order, so the foreign key map must be rebuilt (ob_schema_mgr.cpp:1475-1478); ret stays OB_SUCCESS and is returned (ob_schema_mgr.cpp:1485). check_schema_meta_consistent returns the flag (ob_schema_mgr.cpp:1806), and rebuild_schema_meta_if_not_consistent rebuilds the maps when it is false (ob_schema_mgr.cpp:1815-1818). Any other failure becomes OB_ERR_UNEXPECTED (ob_schema_mgr.cpp:1480-1481). The code never leaves the function.	confirmed
src/share/schema/ob_schema_mgr.cpp	ObSchemaMgr::add_constraints_in_table	line 1620: other variable hash_ret == OB_HASH_EXIST	LOOKUP_OUTCOME	if hash_ret.is_err() { ret = if matches!(hash_ret, Err(OB_HASH_EXIST)) { Ok(()) } else { Err(OB_ERR_UNEXPECTED) }; log_error!(ret, ..); } with hash_ret a local ObResult (s2-errors.md 2.2 rule 5): OB_SUCCESS != hash_ret is hash_ret.is_err() (s2-errors.md 2.3's table), the ternary is an if expression written as the C++ writes it, since s2-errors.md 2.4 rule 4 turns only the 'a unless a is success, then b' merges into and, and the log takes the ret in scope on the C++ line, which the ternary has just set (s2-errors.md 2.5 rule 1); the loop keeps its OB_SUCC(ret) condition and the function the local-ret form (s2-errors.md 2.3). The ObPointerHashMap port (core-manifest.tsv:117) keeps answering OB_HASH_EXIST from set_refactored with overwrite 0, never an Option or a bool, until parity (s2-errors.md 2.4 rules 1 and 2). Core unit (core-manifest.tsv:315): this form where the core keeps the function (RULEBOOK section 0).	sweep: ret-compare.tsv:2043 (data row 2042). Producer: constraint_name_map_.set_refactored(constraint_name_wrapper, .., over_write) at src/share/schema/ob_schema_mgr.cpp:1616, on the ConstraintNameMap, an ObPointerHashMap keyed by database id and constraint name (src/share/schema/ob_schema_mgr.h:327, :593; ob_schema_mgr.cpp:1614-1615). over_write is the parameter (ob_schema_mgr.cpp:1600): add_table passes 1 (ob_schema_mgr.cpp:1419) and rebuild_table_hashmap its over_write = 0 (ob_schema_mgr.cpp:2818, :2941), and git grep -n add_constraints_in_table 834bbee1e -- src finds no other call; with 0, ObPointerHashMap::set_refactored (src/oblib/lib/hash/ob_pointer_hashmap.h:585, :543) gets OB_HASH_EXIST from the sub maps' find_set_pos when the key is already present and overwrite is 0 (ob_pointer_hashmap.h:553, :807, :407-408). Holder: the local hash_ret (ob_schema_mgr.cpp:1616). Code's branch: ret = OB_SUCCESS through the ternary (ob_schema_mgr.cpp:1620; reset.tsv:1101) and a LOG_ERROR 'build cst name hashmap failed' (ob_schema_mgr.cpp:1621-1625); the loop goes on to the next constraint (ob_schema_mgr.cpp:1613), so a name already in the map keeps its first entry and the code never leaves the function (ob_schema_mgr.cpp:1631). Any other failure becomes OB_ERR_UNEXPECTED and ends the loop.	confirmed
src/share/schema/ob_schema_mgr.cpp	ObSchemaMgr::delete_given_cst_from_mgr	line 1646: other variable hash_ret == OB_HASH_NOT_EXIST	LOOKUP_OUTCOME	The if / else-if chain over codes on hash_ret at src/share/schema/ob_schema_mgr.cpp:1646-1654 is match hash_ret { Err(OB_HASH_NOT_EXIST) => { self.is_consistent_ = false; } Err(_) => { ret = Err(OB_ERR_UNEXPECTED); } Ok(()) => {} } (s2-errors.md 2.3's table; RULEBOOK 2.1), the last arm empty since the C++ chain has no else; this row is its first arm, with hash_ret a local ObResult (s2-errors.md 2.2 rule 5), in the local-ret form (s2-errors.md 2.3). The ObPointerHashMap port (core-manifest.tsv:117) keeps answering OB_HASH_NOT_EXIST from erase_refactored for a missing key, and OB_NOT_INIT for a map never created, never an Option or a bool, until parity (s2-errors.md 2.4 rules 1 and 2). Core unit (core-manifest.tsv:315): this form where the core keeps the function (RULEBOOK section 0).	sweep: ret-compare.tsv:2044 (data row 2043). Producer: constraint_name_map_.erase_refactored(constraint_name_wrapper) at src/share/schema/ob_schema_mgr.cpp:1645, on the ConstraintNameMap, an ObPointerHashMap keyed by database id and constraint name (src/share/schema/ob_schema_mgr.h:327, :593; ob_schema_mgr.cpp:1643-1644); ObPointerHashMap::erase_refactored (src/oblib/lib/hash/ob_pointer_hashmap.h:693, :669) answers OB_NOT_INIT for a map never created (ob_pointer_hashmap.h:673-675) and otherwise asks each sub map in turn (ob_pointer_hashmap.h:679), whose erase_refactored stores the erased marker with overwrite 1 (ob_pointer_hashmap.h:279) and gets OB_HASH_NOT_EXIST from find_set_pos when the key is absent (ob_pointer_hashmap.h:164-167). Holder: the local hash_ret (ob_schema_mgr.cpp:1645). Code's branch: is_consistent_ = false (ob_schema_mgr.cpp:1651), under the comment that schema refresh may run out of version order, so the constraint map must be rebuilt (ob_schema_mgr.cpp:1647-1650); ret stays OB_SUCCESS and is returned (ob_schema_mgr.cpp:1657). check_schema_meta_consistent returns the flag (ob_schema_mgr.cpp:1806), and rebuild_schema_meta_if_not_consistent rebuilds the maps when it is false (ob_schema_mgr.cpp:1815-1818). Any other failure becomes OB_ERR_UNEXPECTED (ob_schema_mgr.cpp:1652-1653). The code never leaves the function.	confirmed
src/share/schema/ob_schema_mgr.cpp	ObSchemaMgr::del_table	line 1912: other variable hash_ret != OB_HASH_NOT_EXIST	LOOKUP_OUTCOME	if hash_ret.is_err() { ret = if !matches!(hash_ret, Err(OB_HASH_NOT_EXIST)) { hash_ret } else { ret }; } with hash_ret a local ObResult (s2-errors.md 2.2 rule 5): OB_SUCCESS != hash_ret is hash_ret.is_err() (s2-errors.md 2.3's table), and the ternary is an if expression written as the C++ writes it, since s2-errors.md 2.4 rule 4 turns only the 'a unless a is success, then b' merges into and; the function is in the local-ret form (s2-errors.md 2.3). The ObPointerHashMap port (core-manifest.tsv:117) keeps answering OB_HASH_NOT_EXIST from erase_refactored for a missing key, and OB_NOT_INIT for a map never created, never an Option or a bool, until parity (s2-errors.md 2.4 rules 1 and 2). Core unit (core-manifest.tsv:316): this form where the core keeps the function (RULEBOOK section 0).	sweep: ret-compare.tsv:2045 (data row 2044). Producer: table_id_map_.erase_refactored(schema_to_del->get_table_id()) at src/share/schema/ob_schema_mgr.cpp:1905, on the TableIdMap, an ObPointerHashMap keyed by table id (src/share/schema/ob_schema_mgr.h:322, :584); ObPointerHashMap::erase_refactored (src/oblib/lib/hash/ob_pointer_hashmap.h:693, :669) answers OB_NOT_INIT for a map never created (ob_pointer_hashmap.h:673-675) and otherwise asks each sub map in turn (ob_pointer_hashmap.h:679), whose erase_refactored stores the erased marker with overwrite 1 (ob_pointer_hashmap.h:279) and gets OB_HASH_NOT_EXIST from find_set_pos when the key is absent (ob_pointer_hashmap.h:164-167). Holder: the local hash_ret (ob_schema_mgr.cpp:1905). Code's branch: ret keeps OB_SUCCESS, which it holds on this path (inside if (OB_SUCC(ret)) at ob_schema_mgr.cpp:1904), instead of taking hash_ret (ob_schema_mgr.cpp:1912), under the comment that incremental schema refresh reports no error here and leaves the fix to the rebuild (ob_schema_mgr.cpp:1910-1911); the LOG_WARN before it runs for every failure (ob_schema_mgr.cpp:1907), and the name-map erases of the else are skipped (ob_schema_mgr.cpp:1913). The table-count check after the erases runs for every code and only logs (ob_schema_mgr.cpp:1977, :1985); the same counts make check_schema_meta_consistent clear is_consistent_ (ob_schema_mgr.cpp:1785, :1793), and rebuild_schema_meta_if_not_consistent then rebuilds the name maps (ob_schema_mgr.cpp:1815-1818). The code never leaves the function; any other code replaces ret.	confirmed
src/share/schema/ob_schema_mgr.cpp	ObSchemaMgr::del_table	line 1923: other variable hash_ret != OB_HASH_NOT_EXIST	LOOKUP_OUTCOME	if hash_ret.is_err() { ret = if !matches!(hash_ret, Err(OB_HASH_NOT_EXIST)) { hash_ret } else { ret }; } with hash_ret a local ObResult (s2-errors.md 2.2 rule 5): OB_SUCCESS != hash_ret is hash_ret.is_err() (s2-errors.md 2.3's table), and the ternary is an if expression written as the C++ writes it, since s2-errors.md 2.4 rule 4 turns only the 'a unless a is success, then b' merges into and; the function is in the local-ret form (s2-errors.md 2.3). The ObPointerHashMap port (core-manifest.tsv:117) keeps answering OB_HASH_NOT_EXIST from erase_refactored for a missing key, and OB_NOT_INIT for a map never created, never an Option or a bool, until parity (s2-errors.md 2.4 rules 1 and 2). Core unit (core-manifest.tsv:316): this form where the core keeps the function (RULEBOOK section 0).	sweep: ret-compare.tsv:2046 (data row 2045). Producer: hidden_table_name_map_.erase_refactored(table_schema_wrapper), for a hidden table, at src/share/schema/ob_schema_mgr.cpp:1920, on the TableNameMap of hidden tables, an ObPointerHashMap (src/share/schema/ob_schema_mgr.h:324, :596); ObPointerHashMap::erase_refactored (src/oblib/lib/hash/ob_pointer_hashmap.h:693, :669) answers OB_NOT_INIT for a map never created (ob_pointer_hashmap.h:673-675) and otherwise asks each sub map in turn (ob_pointer_hashmap.h:679), whose erase_refactored stores the erased marker with overwrite 1 (ob_pointer_hashmap.h:279) and gets OB_HASH_NOT_EXIST from find_set_pos when the key is absent (ob_pointer_hashmap.h:164-167). Holder: the local hash_ret (ob_schema_mgr.cpp:1920). Code's branch: ret keeps OB_SUCCESS, which it holds on this path (the else of the table id erase at ob_schema_mgr.cpp:1913), instead of taking hash_ret (ob_schema_mgr.cpp:1923), under the comment that incremental schema refresh reports no error here and leaves the fix to the rebuild (ob_schema_mgr.cpp:1922). The table-count check after the erases runs for every code and only logs (ob_schema_mgr.cpp:1977, :1985); the same counts make check_schema_meta_consistent clear is_consistent_ (ob_schema_mgr.cpp:1785, :1793), and rebuild_schema_meta_if_not_consistent then rebuilds the name maps (ob_schema_mgr.cpp:1815-1818). The code never leaves the function; any other code replaces ret.	confirmed
src/share/schema/ob_schema_mgr.cpp	ObSchemaMgr::del_table	line 1935: other variable hash_ret != OB_HASH_NOT_EXIST	LOOKUP_OUTCOME	if hash_ret.is_err() { ret = if !matches!(hash_ret, Err(OB_HASH_NOT_EXIST)) { hash_ret } else { ret }; } with hash_ret a local ObResult (s2-errors.md 2.2 rule 5): OB_SUCCESS != hash_ret is hash_ret.is_err() (s2-errors.md 2.3's table), and the ternary is an if expression written as the C++ writes it, since s2-errors.md 2.4 rule 4 turns only the 'a unless a is success, then b' merges into and; the function is in the local-ret form (s2-errors.md 2.3). The ObPointerHashMap port (core-manifest.tsv:117) keeps answering OB_HASH_NOT_EXIST from erase_refactored for a missing key, and OB_NOT_INIT for a map never created, never an Option or a bool, until parity (s2-errors.md 2.4 rules 1 and 2). Core unit (core-manifest.tsv:316): this form where the core keeps the function (RULEBOOK section 0).	sweep: ret-compare.tsv:2047 (data row 2046). Producer: index_name_map.erase_refactored(index_schema_wrapper), for an index in the recycle bin, at src/share/schema/ob_schema_mgr.cpp:1932, on the IndexNameMap that get_index_name_map_ picks (ob_schema_mgr.cpp:1927; src/share/schema/ob_schema_mgr.h:325, :558-565), an ObPointerHashMap; ObPointerHashMap::erase_refactored (src/oblib/lib/hash/ob_pointer_hashmap.h:693, :669) answers OB_NOT_INIT for a map never created (ob_pointer_hashmap.h:673-675) and otherwise asks each sub map in turn (ob_pointer_hashmap.h:679), whose erase_refactored stores the erased marker with overwrite 1 (ob_pointer_hashmap.h:279) and gets OB_HASH_NOT_EXIST from find_set_pos when the key is absent (ob_pointer_hashmap.h:164-167). Holder: the local hash_ret (ob_schema_mgr.cpp:1932). Code's branch: ret keeps OB_SUCCESS, which it holds on this path (the else of the table id erase at ob_schema_mgr.cpp:1913), instead of taking hash_ret (ob_schema_mgr.cpp:1935), under the comment that incremental schema refresh reports no error here and leaves the fix to the rebuild (ob_schema_mgr.cpp:1934). The table-count check after the erases runs for every code and only logs (ob_schema_mgr.cpp:1977, :1985); the same counts make check_schema_meta_consistent clear is_consistent_ (ob_schema_mgr.cpp:1785, :1793), and rebuild_schema_meta_if_not_consistent then rebuilds the name maps (ob_schema_mgr.cpp:1815-1818). The code never leaves the function; any other code replaces ret.	confirmed
src/share/schema/ob_schema_mgr.cpp	ObSchemaMgr::del_table	line 1948: other variable hash_ret != OB_HASH_NOT_EXIST	LOOKUP_OUTCOME	if hash_ret.is_err() { ret = if !matches!(hash_ret, Err(OB_HASH_NOT_EXIST)) { hash_ret } else { ret }; } with hash_ret a local ObResult (s2-errors.md 2.2 rule 5): OB_SUCCESS != hash_ret is hash_ret.is_err() (s2-errors.md 2.3's table), and the ternary is an if expression written as the C++ writes it, since s2-errors.md 2.4 rule 4 turns only the 'a unless a is success, then b' merges into and; the function is in the local-ret form (s2-errors.md 2.3). The ObPointerHashMap port (core-manifest.tsv:117) keeps answering OB_HASH_NOT_EXIST from erase_refactored for a missing key, and OB_NOT_INIT for a map never created, never an Option or a bool, until parity (s2-errors.md 2.4 rules 1 and 2). Core unit (core-manifest.tsv:316): this form where the core keeps the function (RULEBOOK section 0).	sweep: ret-compare.tsv:2048 (data row 2047). Producer: index_name_map.erase_refactored(cutted_index_name_wrapper), for an index outside the recycle bin, at src/share/schema/ob_schema_mgr.cpp:1944, on the IndexNameMap that get_index_name_map_ picks (ob_schema_mgr.cpp:1927; src/share/schema/ob_schema_mgr.h:325, :558-565), an ObPointerHashMap; ObPointerHashMap::erase_refactored (src/oblib/lib/hash/ob_pointer_hashmap.h:693, :669) answers OB_NOT_INIT for a map never created (ob_pointer_hashmap.h:673-675) and otherwise asks each sub map in turn (ob_pointer_hashmap.h:679), whose erase_refactored stores the erased marker with overwrite 1 (ob_pointer_hashmap.h:279) and gets OB_HASH_NOT_EXIST from find_set_pos when the key is absent (ob_pointer_hashmap.h:164-167). Holder: the local hash_ret, declared OB_SUCCESS (ob_schema_mgr.cpp:1940) and assigned at ob_schema_mgr.cpp:1944. Code's branch: ret keeps OB_SUCCESS, which it holds on this path (the else of generate_origin_index_name at ob_schema_mgr.cpp:1938-1939), instead of taking hash_ret (ob_schema_mgr.cpp:1948), under the comment that incremental schema refresh reports no error here and leaves the fix to the rebuild (ob_schema_mgr.cpp:1946-1947). The table-count check after the erases runs for every code and only logs (ob_schema_mgr.cpp:1977, :1985); the same counts make check_schema_meta_consistent clear is_consistent_ (ob_schema_mgr.cpp:1785, :1793), and rebuild_schema_meta_if_not_consistent then rebuilds the name maps (ob_schema_mgr.cpp:1815-1818). The code never leaves the function; any other code replaces ret.	confirmed
src/share/schema/ob_schema_mgr.cpp	ObSchemaMgr::del_table	line 1963: other variable hash_ret != OB_HASH_NOT_EXIST	LOOKUP_OUTCOME	if hash_ret.is_err() { ret = if !matches!(hash_ret, Err(OB_HASH_NOT_EXIST)) { hash_ret } else { ret }; } with hash_ret a local ObResult (s2-errors.md 2.2 rule 5): OB_SUCCESS != hash_ret is hash_ret.is_err() (s2-errors.md 2.3's table), and the ternary is an if expression written as the C++ writes it, since s2-errors.md 2.4 rule 4 turns only the 'a unless a is success, then b' merges into and; the function is in the local-ret form (s2-errors.md 2.3). The ObPointerHashMap port (core-manifest.tsv:117) keeps answering OB_HASH_NOT_EXIST from erase_refactored for a missing key, and OB_NOT_INIT for a map never created, never an Option or a bool, until parity (s2-errors.md 2.4 rules 1 and 2). Core unit (core-manifest.tsv:316): this form where the core keeps the function (RULEBOOK section 0).	sweep: ret-compare.tsv:2049 (data row 2048). Producer: table_name_map_.erase_refactored(table_schema_wrapper) at src/share/schema/ob_schema_mgr.cpp:1959, on the TableNameMap, an ObPointerHashMap (src/share/schema/ob_schema_mgr.h:324, :585); ObPointerHashMap::erase_refactored (src/oblib/lib/hash/ob_pointer_hashmap.h:693, :669) answers OB_NOT_INIT for a map never created (ob_pointer_hashmap.h:673-675) and otherwise asks each sub map in turn (ob_pointer_hashmap.h:679), whose erase_refactored stores the erased marker with overwrite 1 (ob_pointer_hashmap.h:279) and gets OB_HASH_NOT_EXIST from find_set_pos when the key is absent (ob_pointer_hashmap.h:164-167). Holder: the local hash_ret (ob_schema_mgr.cpp:1959). Code's branch: ret keeps OB_SUCCESS, which it holds on this path (the else of the table id erase at ob_schema_mgr.cpp:1913), instead of taking hash_ret (ob_schema_mgr.cpp:1963), under the comment that incremental schema refresh reports no error here and leaves the fix to the rebuild (ob_schema_mgr.cpp:1961-1962); with ret still OB_SUCCESS, delete_foreign_keys_in_table and delete_constraints_in_table run next (ob_schema_mgr.cpp:1965-1972), as after a successful erase. The table-count check after the erases runs for every code and only logs (ob_schema_mgr.cpp:1977, :1985); the same counts make check_schema_meta_consistent clear is_consistent_ (ob_schema_mgr.cpp:1785, :1793), and rebuild_schema_meta_if_not_consistent then rebuilds the name maps (ob_schema_mgr.cpp:1815-1818). The code never leaves the function; any other code replaces ret.	confirmed
src/share/schema/ob_schema_mgr.cpp	ObSchemaMgr::get_table_schema	line 2117: other variable hash_ret == OB_HASH_NOT_EXIST	LOOKUP_OUTCOME	} else if matches!(hash_ret, Err(OB_HASH_NOT_EXIST)) && 0 != session_id && OB_INVALID_ID != session_id { .. }, the second arm of the if chain on the local hash_ret, an ObResult (s2-errors.md 2.2 rule 5), whose first arm OB_SUCCESS == hash_ret is hash_ret.is_ok() (s2-errors.md 2.3's table); the arm keeps the second lookup with session id 0 and its hash_ret.is_ok() test as the C++ writes them, in the local-ret form (s2-errors.md 2.3). The ObPointerHashMap port (core-manifest.tsv:117) keeps answering OB_HASH_NOT_EXIST from get_refactored for a missing key, and OB_NOT_INIT for a map never created, never an Option or a bool, until parity (s2-errors.md 2.4 rules 1 and 2). Core unit (core-manifest.tsv:316): this form where the core keeps the function (RULEBOOK section 0).	sweep: ret-compare.tsv:2050 (data row 2049). Producer: table_name_map_.get_refactored(table_name_wrapper, tmp_schema) at src/share/schema/ob_schema_mgr.cpp:2110, keyed by database id, session id, name case mode and table name (ob_schema_mgr.cpp:2109), on the TableNameMap, an ObPointerHashMap (src/share/schema/ob_schema_mgr.h:324, :585); ObPointerHashMap::get_refactored (src/oblib/lib/hash/ob_pointer_hashmap.h:596) answers OB_NOT_INIT for a map never created (ob_pointer_hashmap.h:601) and otherwise each sub map's code (ob_pointer_hashmap.h:605), OB_HASH_NOT_EXIST when placement_hash_search finds no such key (ob_pointer_hashmap.h:361, :366, :377). Holder: the local hash_ret (ob_schema_mgr.cpp:2110). Code's branch: with a session id that is neither 0 nor OB_INVALID_ID the first lookup was for a temporary table, so the name is looked up again with session id 0, as a normal table (ob_schema_mgr.cpp:2118-2121), and table_schema is set on a hit (ob_schema_mgr.cpp:2122-2127); otherwise, and after a second miss, table_schema keeps the NULL set at the start (ob_schema_mgr.cpp:2094) and ret stays OB_SUCCESS, so a missing name is answered with a null schema and the code never leaves the function (ob_schema_mgr.cpp:2133).	confirmed
src/share/schema/ob_schema_mgr.cpp	ObSchemaMgr::get_index_schema	line 2209: ret == OB_SCHEMA_ERROR	IGNORED	} else if ob_fail!(ret = ObSimpleTableSchemaV2::get_index_name(table_name, &mut cutted_index_name)) { if matches!(ret, Err(OB_SCHEMA_ERROR)) { ret = Ok(()); } } else { .. } on the local ret, an ObResult, in the local-ret form (s2-errors.md 2.3); the reset stays where the C++ has it, never replaced by ok() or let _ = (s2-errors.md 2.4 rule 1; 2.12 items 2 and 3). Core unit (core-manifest.tsv:316): this form where the core keeps the function (RULEBOOK section 0).	sweep: ret-compare.tsv:2051 (data row 2050). Producer: ObSimpleTableSchemaV2::get_index_name(table_name, cutted_index_name) at src/share/schema/ob_schema_mgr.cpp:2208, the static parser of the '__idx_<data table id>_<name>' form, which sets OB_SCHEMA_ERROR when the prefix is missing (src/share/schema/ob_table_schema.cpp:5130-5131), when only digits follow it (ob_table_schema.cpp:5140-5141), when no '_' follows the digits (ob_table_schema.cpp:5142-5143) and when nothing follows the '_' (ob_table_schema.cpp:5146-5147). Holder: the local ret (ob_schema_mgr.cpp:2179). Code's branch: ret = OB_SUCCESS (ob_schema_mgr.cpp:2212; reset.tsv:1102), commented that a name not in the prefixed index format returns an empty table schema pointer and no error (ob_schema_mgr.cpp:2210-2211); table_schema keeps the NULL set at the start (ob_schema_mgr.cpp:2180) and nothing else runs. OB_SCHEMA_ERROR is not a code of value 9's list, so the reset makes the value IGNORED.	confirmed
src/share/schema/ob_schema_mgr.cpp	ObSchemaMgr::deep_copy_index_name_map	line 2280: ret == OB_HASH_EXIST	LOOKUP_OUTCOME	if ob_fail!(ret = index_name_cache.set_refactored(&index_name_wrapper, index_name_info, overwrite)) { if matches!(ret, Err(OB_HASH_EXIST)) { .. } } on the local ret, an ObResult, in the local-ret form (s2-errors.md 2.3); the inner body keeps the get of the entry already present and the FLOG_ERROR as the C++ writes them, and the code stays in ret, reported as in C++ with no ok() or is_ok() swallowing it (s2-errors.md 2.4 rule 1; 2.12 item 2). The ObPointerHashMap port (core-manifest.tsv:117) keeps answering OB_HASH_EXIST from set_refactored with overwrite 0, never an Option or a bool, until parity (s2-errors.md 2.4 rules 1 and 2). Core unit (core-manifest.tsv:316): this form where the core keeps the function (RULEBOOK section 0).	sweep: ret-compare.tsv:2052 (data row 2051). Producer: index_name_cache.set_refactored(index_name_wrapper, index_name_info, overwrite) at src/share/schema/ob_schema_mgr.cpp:2278, with overwrite = 0 (ob_schema_mgr.cpp:2274), on the caller's ObIndexNameMap, an ObPointerHashMap (src/share/schema/ob_schema_struct.h:6309) keyed by database id, data table id and index name (ob_schema_mgr.cpp:2275-2277); ObPointerHashMap::set_refactored (src/oblib/lib/hash/ob_pointer_hashmap.h:585, :543) gets OB_HASH_EXIST from the sub maps' find_set_pos when the key is already present and overwrite is 0 (ob_pointer_hashmap.h:553, :807, :407-408). Holder: the local ret (ob_schema_mgr.cpp:2236). Code's branch: the entry already in the cache is fetched with get (ob_schema_mgr.cpp:2281) and both are logged as 'duplicated index info exist' (ob_schema_mgr.cpp:2283-2284); ret keeps OB_HASH_EXIST, which ends both loops through their OB_SUCC(ret) conditions (ob_schema_mgr.cpp:2245, :2249) and is returned (ob_schema_mgr.cpp:2291). Escapes: ObSchemaGetterGuard::deep_copy_index_name_map passes it on (src/share/schema/ob_schema_getter_guard.cpp:3838-3839, :3841); git grep -n deep_copy_index_name_map 834bbee1e -- src finds no call of the guard's function, so no caller tests the code.	confirmed
src/share/schema/ob_schema_mgr.cpp	ObSchemaMgr::deal_with_db_rename	line 2607: other variable hash_ret != OB_HASH_NOT_EXIST	LOOKUP_OUTCOME	if hash_ret.is_err() { ret = if !matches!(hash_ret, Err(OB_HASH_NOT_EXIST)) { hash_ret } else { ret }; } with hash_ret a local ObResult (s2-errors.md 2.2 rule 5): OB_SUCCESS != hash_ret is hash_ret.is_err() (s2-errors.md 2.3's table), and the ternary is an if expression written as the C++ writes it, since s2-errors.md 2.4 rule 4 turns only the 'a unless a is success, then b' merges into and; the function is in the local-ret form (s2-errors.md 2.3). The ObPointerHashMap port (core-manifest.tsv:117) keeps answering OB_HASH_NOT_EXIST from erase_refactored for a missing key, and OB_NOT_INIT for a map never created, never an Option or a bool, until parity (s2-errors.md 2.4 rules 1 and 2). Core unit (core-manifest.tsv:316): this form where the core keeps the function (RULEBOOK section 0).	sweep: ret-compare.tsv:2053 (data row 2052). Producer: database_name_map_.erase_refactored(db_name_wrapper), keyed by the old database's name case mode and name (ob_schema_mgr.cpp:2601-2602), at src/share/schema/ob_schema_mgr.cpp:2603, on the DatabaseNameMap, an ObPointerHashMap (src/share/schema/ob_schema_mgr.h:321, :579); ObPointerHashMap::erase_refactored (src/oblib/lib/hash/ob_pointer_hashmap.h:693, :669) answers OB_NOT_INIT for a map never created (ob_pointer_hashmap.h:673-675) and otherwise asks each sub map in turn (ob_pointer_hashmap.h:679), whose erase_refactored stores the erased marker with overwrite 1 (ob_pointer_hashmap.h:279) and gets OB_HASH_NOT_EXIST from find_set_pos when the key is absent (ob_pointer_hashmap.h:164-167). Holder: the local hash_ret (ob_schema_mgr.cpp:2603). Code's branch: ret keeps OB_SUCCESS, which it holds on this path (the else of ob_schema_mgr.cpp:2598), instead of taking hash_ret (ob_schema_mgr.cpp:2607), under the comment that incremental schema refresh reports no error here and leaves the fix to the rebuild (ob_schema_mgr.cpp:2605-2606); the old name is already absent, which is what the erase was for. The code never leaves the function; any other code replaces ret and is returned to add_database (ob_schema_mgr.cpp:953).	confirmed
src/share/schema/ob_schema_mgr.cpp	ObSchemaMgr::deal_with_change_table_state	line 2636: other variable hash_ret != OB_HASH_NOT_EXIST	LOOKUP_OUTCOME	if hash_ret.is_err() { ret = if !matches!(hash_ret, Err(OB_HASH_NOT_EXIST)) { hash_ret } else { ret }; } with hash_ret a local ObResult (s2-errors.md 2.2 rule 5): OB_SUCCESS != hash_ret is hash_ret.is_err() (s2-errors.md 2.3's table), and the ternary is an if expression written as the C++ writes it, since s2-errors.md 2.4 rule 4 turns only the 'a unless a is success, then b' merges into and; the function is in the local-ret form (s2-errors.md 2.3). The ObPointerHashMap port (core-manifest.tsv:117) keeps answering OB_HASH_NOT_EXIST from erase_refactored for a missing key, and OB_NOT_INIT for a map never created, never an Option or a bool, until parity (s2-errors.md 2.4 rules 1 and 2). Core unit (core-manifest.tsv:316): this form where the core keeps the function (RULEBOOK section 0).	sweep: ret-compare.tsv:2054 (data row 2053). Producer: hidden_table_name_map_.erase_refactored(table_name_wrapper), when a hidden table becomes a normal one (ob_schema_mgr.cpp:2627-2629), at src/share/schema/ob_schema_mgr.cpp:2634, on the TableNameMap of hidden tables, an ObPointerHashMap (src/share/schema/ob_schema_mgr.h:324, :596); ObPointerHashMap::erase_refactored (src/oblib/lib/hash/ob_pointer_hashmap.h:693, :669) answers OB_NOT_INIT for a map never created (ob_pointer_hashmap.h:673-675) and otherwise asks each sub map in turn (ob_pointer_hashmap.h:679), whose erase_refactored stores the erased marker with overwrite 1 (ob_pointer_hashmap.h:279) and gets OB_HASH_NOT_EXIST from find_set_pos when the key is absent (ob_pointer_hashmap.h:164-167). Holder: the local hash_ret (ob_schema_mgr.cpp:2634). Code's branch: ret keeps OB_SUCCESS, which it holds on this path (the else of the OB_FAIL(ret) test at ob_schema_mgr.cpp:2626), instead of taking hash_ret (ob_schema_mgr.cpp:2636); the old name is already absent, which is what the erase was for. The code never leaves the function; any other code replaces ret and is returned to add_table (ob_schema_mgr.cpp:1318).	confirmed
src/share/schema/ob_schema_mgr.cpp	ObSchemaMgr::deal_with_change_table_state	line 2651: other variable hash_ret != OB_HASH_NOT_EXIST	LOOKUP_OUTCOME	if hash_ret.is_err() { ret = if !matches!(hash_ret, Err(OB_HASH_NOT_EXIST)) { hash_ret } else { ret }; } with hash_ret a local ObResult (s2-errors.md 2.2 rule 5): OB_SUCCESS != hash_ret is hash_ret.is_err() (s2-errors.md 2.3's table), and the ternary is an if expression written as the C++ writes it, since s2-errors.md 2.4 rule 4 turns only the 'a unless a is success, then b' merges into and; the function is in the local-ret form (s2-errors.md 2.3). The ObPointerHashMap port (core-manifest.tsv:117) keeps answering OB_HASH_NOT_EXIST from erase_refactored for a missing key, and OB_NOT_INIT for a map never created, never an Option or a bool, until parity (s2-errors.md 2.4 rules 1 and 2). Core unit (core-manifest.tsv:316): this form where the core keeps the function (RULEBOOK section 0).	sweep: ret-compare.tsv:2055 (data row 2054). Producer: index_name_map.erase_refactored(index_name_wrapper), when an index in the recycle bin becomes hidden (ob_schema_mgr.cpp:2638-2644), at src/share/schema/ob_schema_mgr.cpp:2648, on the IndexNameMap that get_index_name_map_ picks (ob_schema_mgr.cpp:2643; src/share/schema/ob_schema_mgr.h:325, :558-565), an ObPointerHashMap; ObPointerHashMap::erase_refactored (src/oblib/lib/hash/ob_pointer_hashmap.h:693, :669) answers OB_NOT_INIT for a map never created (ob_pointer_hashmap.h:673-675) and otherwise asks each sub map in turn (ob_pointer_hashmap.h:679), whose erase_refactored stores the erased marker with overwrite 1 (ob_pointer_hashmap.h:279) and gets OB_HASH_NOT_EXIST from find_set_pos when the key is absent (ob_pointer_hashmap.h:164-167). Holder: the local hash_ret (ob_schema_mgr.cpp:2648). Code's branch: ret keeps OB_SUCCESS, which it holds on this path (the else of the OB_FAIL(ret) test at ob_schema_mgr.cpp:2626), instead of taking hash_ret (ob_schema_mgr.cpp:2651), commented as fault tolerance for incremental schema refresh (ob_schema_mgr.cpp:2650); the old name is already absent, which is what the erase was for. The code never leaves the function; any other code replaces ret and is returned to add_table (ob_schema_mgr.cpp:1318).	confirmed
src/share/schema/ob_schema_mgr.cpp	ObSchemaMgr::deal_with_change_table_state	line 2663: other variable hash_ret != OB_HASH_NOT_EXIST	LOOKUP_OUTCOME	if hash_ret.is_err() { ret = if !matches!(hash_ret, Err(OB_HASH_NOT_EXIST)) { hash_ret } else { ret }; } with hash_ret a local ObResult (s2-errors.md 2.2 rule 5): OB_SUCCESS != hash_ret is hash_ret.is_err() (s2-errors.md 2.3's table), and the ternary is an if expression written as the C++ writes it, since s2-errors.md 2.4 rule 4 turns only the 'a unless a is success, then b' merges into and; the function is in the local-ret form (s2-errors.md 2.3). The ObPointerHashMap port (core-manifest.tsv:117) keeps answering OB_HASH_NOT_EXIST from erase_refactored for a missing key, and OB_NOT_INIT for a map never created, never an Option or a bool, until parity (s2-errors.md 2.4 rules 1 and 2). Core unit (core-manifest.tsv:316): this form where the core keeps the function (RULEBOOK section 0).	sweep: ret-compare.tsv:2056 (data row 2055). Producer: index_name_map.erase_refactored(cutted_index_name_wrapper), when an index outside the recycle bin becomes hidden (ob_schema_mgr.cpp:2638-2641, :2653), at src/share/schema/ob_schema_mgr.cpp:2660, on the IndexNameMap that get_index_name_map_ picks (ob_schema_mgr.cpp:2643; src/share/schema/ob_schema_mgr.h:325, :558-565), an ObPointerHashMap; ObPointerHashMap::erase_refactored (src/oblib/lib/hash/ob_pointer_hashmap.h:693, :669) answers OB_NOT_INIT for a map never created (ob_pointer_hashmap.h:673-675) and otherwise asks each sub map in turn (ob_pointer_hashmap.h:679), whose erase_refactored stores the erased marker with overwrite 1 (ob_pointer_hashmap.h:279) and gets OB_HASH_NOT_EXIST from find_set_pos when the key is absent (ob_pointer_hashmap.h:164-167). Holder: the local hash_ret (ob_schema_mgr.cpp:2660). Code's branch: ret keeps OB_SUCCESS, which it holds on this path (the else of get_index_name at ob_schema_mgr.cpp:2655-2656), instead of taking hash_ret (ob_schema_mgr.cpp:2663), commented as fault tolerance for incremental schema refresh (ob_schema_mgr.cpp:2662); the old name is already absent, which is what the erase was for. The code never leaves the function; any other code replaces ret and is returned to add_table (ob_schema_mgr.cpp:1318).	confirmed
src/share/schema/ob_schema_mgr.cpp	ObSchemaMgr::deal_with_change_table_state	line 2677: other variable hash_ret != OB_HASH_NOT_EXIST	LOOKUP_OUTCOME	if hash_ret.is_err() { ret = if !matches!(hash_ret, Err(OB_HASH_NOT_EXIST)) { hash_ret } else { ret }; } with hash_ret a local ObResult (s2-errors.md 2.2 rule 5): OB_SUCCESS != hash_ret is hash_ret.is_err() (s2-errors.md 2.3's table), and the ternary is an if expression written as the C++ writes it, since s2-errors.md 2.4 rule 4 turns only the 'a unless a is success, then b' merges into and; the function is in the local-ret form (s2-errors.md 2.3). The ObPointerHashMap port (core-manifest.tsv:117) keeps answering OB_HASH_NOT_EXIST from erase_refactored for a missing key, and OB_NOT_INIT for a map never created, never an Option or a bool, until parity (s2-errors.md 2.4 rules 1 and 2). Core unit (core-manifest.tsv:316): this form where the core keeps the function (RULEBOOK section 0).	sweep: ret-compare.tsv:2057 (data row 2056). Producer: table_name_map_.erase_refactored(table_name_wrapper), when a normal table becomes hidden (ob_schema_mgr.cpp:2638-2640, :2669), at src/share/schema/ob_schema_mgr.cpp:2674, on the TableNameMap, an ObPointerHashMap (src/share/schema/ob_schema_mgr.h:324, :585); ObPointerHashMap::erase_refactored (src/oblib/lib/hash/ob_pointer_hashmap.h:693, :669) answers OB_NOT_INIT for a map never created (ob_pointer_hashmap.h:673-675) and otherwise asks each sub map in turn (ob_pointer_hashmap.h:679), whose erase_refactored stores the erased marker with overwrite 1 (ob_pointer_hashmap.h:279) and gets OB_HASH_NOT_EXIST from find_set_pos when the key is absent (ob_pointer_hashmap.h:164-167). Holder: the local hash_ret (ob_schema_mgr.cpp:2674). Code's branch: ret keeps OB_SUCCESS, which it holds on this path (the else of the OB_FAIL(ret) test at ob_schema_mgr.cpp:2626), instead of taking hash_ret (ob_schema_mgr.cpp:2677), commented as fault tolerance for incremental schema refresh (ob_schema_mgr.cpp:2676); the old name is already absent, which is what the erase was for. The code never leaves the function; any other code replaces ret and is returned to add_table (ob_schema_mgr.cpp:1318).	confirmed
src/share/schema/ob_schema_mgr.cpp	ObSchemaMgr::deal_with_table_rename	line 2725: other variable hash_ret != OB_HASH_NOT_EXIST	LOOKUP_OUTCOME	if hash_ret.is_err() { ret = if !matches!(hash_ret, Err(OB_HASH_NOT_EXIST)) { hash_ret } else { ret }; } with hash_ret a local ObResult (s2-errors.md 2.2 rule 5): OB_SUCCESS != hash_ret is hash_ret.is_err() (s2-errors.md 2.3's table), and the ternary is an if expression written as the C++ writes it, since s2-errors.md 2.4 rule 4 turns only the 'a unless a is success, then b' merges into and; the function is in the local-ret form (s2-errors.md 2.3). The ObPointerHashMap port (core-manifest.tsv:117) keeps answering OB_HASH_NOT_EXIST from erase_refactored for a missing key, and OB_NOT_INIT for a map never created, never an Option or a bool, until parity (s2-errors.md 2.4 rules 1 and 2). Core unit (core-manifest.tsv:316): this form where the core keeps the function (RULEBOOK section 0).	sweep: ret-compare.tsv:2058 (data row 2057). Producer: index_name_map.erase_refactored(index_name_wrapper), the old name of a renamed index in the recycle bin, at src/share/schema/ob_schema_mgr.cpp:2722, on the IndexNameMap that get_index_name_map_ picks (ob_schema_mgr.cpp:2717; src/share/schema/ob_schema_mgr.h:325, :558-565), an ObPointerHashMap; ObPointerHashMap::erase_refactored (src/oblib/lib/hash/ob_pointer_hashmap.h:693, :669) answers OB_NOT_INIT for a map never created (ob_pointer_hashmap.h:673-675) and otherwise asks each sub map in turn (ob_pointer_hashmap.h:679), whose erase_refactored stores the erased marker with overwrite 1 (ob_pointer_hashmap.h:279) and gets OB_HASH_NOT_EXIST from find_set_pos when the key is absent (ob_pointer_hashmap.h:164-167). Holder: the local hash_ret (ob_schema_mgr.cpp:2722). Code's branch: ret keeps OB_SUCCESS, which it holds on this path (the else of ob_schema_mgr.cpp:2708), instead of taking hash_ret (ob_schema_mgr.cpp:2725), under the comment that incremental schema refresh reports no error here and leaves the fix to the rebuild (ob_schema_mgr.cpp:2724); the old name is already absent, which is what the erase was for. The code never leaves the function; any other code replaces ret and is returned to add_table (ob_schema_mgr.cpp:1317).	confirmed
src/share/schema/ob_schema_mgr.cpp	ObSchemaMgr::deal_with_table_rename	line 2738: other variable hash_ret != OB_HASH_NOT_EXIST	LOOKUP_OUTCOME	if hash_ret.is_err() { ret = if !matches!(hash_ret, Err(OB_HASH_NOT_EXIST)) { hash_ret } else { ret }; } with hash_ret a local ObResult (s2-errors.md 2.2 rule 5): OB_SUCCESS != hash_ret is hash_ret.is_err() (s2-errors.md 2.3's table), and the ternary is an if expression written as the C++ writes it, since s2-errors.md 2.4 rule 4 turns only the 'a unless a is success, then b' merges into and; the function is in the local-ret form (s2-errors.md 2.3). The ObPointerHashMap port (core-manifest.tsv:117) keeps answering OB_HASH_NOT_EXIST from erase_refactored for a missing key, and OB_NOT_INIT for a map never created, never an Option or a bool, until parity (s2-errors.md 2.4 rules 1 and 2). Core unit (core-manifest.tsv:316): this form where the core keeps the function (RULEBOOK section 0).	sweep: ret-compare.tsv:2059 (data row 2058). Producer: index_name_map.erase_refactored(cutted_index_name_wrapper), the old name of a renamed index outside the recycle bin, at src/share/schema/ob_schema_mgr.cpp:2734, on the IndexNameMap that get_index_name_map_ picks (ob_schema_mgr.cpp:2717; src/share/schema/ob_schema_mgr.h:325, :558-565), an ObPointerHashMap; ObPointerHashMap::erase_refactored (src/oblib/lib/hash/ob_pointer_hashmap.h:693, :669) answers OB_NOT_INIT for a map never created (ob_pointer_hashmap.h:673-675) and otherwise asks each sub map in turn (ob_pointer_hashmap.h:679), whose erase_refactored stores the erased marker with overwrite 1 (ob_pointer_hashmap.h:279) and gets OB_HASH_NOT_EXIST from find_set_pos when the key is absent (ob_pointer_hashmap.h:164-167). Holder: the local hash_ret (ob_schema_mgr.cpp:2734). Code's branch: ret keeps OB_SUCCESS, which it holds on this path (the else of get_index_name at ob_schema_mgr.cpp:2729-2730), instead of taking hash_ret (ob_schema_mgr.cpp:2738), under the comment that incremental schema refresh reports no error here and leaves the fix to the rebuild (ob_schema_mgr.cpp:2736-2737); the old name is already absent, which is what the erase was for. The code never leaves the function; any other code replaces ret and is returned to add_table (ob_schema_mgr.cpp:1317).	confirmed
src/share/schema/ob_schema_mgr.cpp	ObSchemaMgr::deal_with_table_rename	line 2761: other variable hash_ret != OB_HASH_NOT_EXIST	LOOKUP_OUTCOME	if hash_ret.is_err() { ret = if !matches!(hash_ret, Err(OB_HASH_NOT_EXIST)) { hash_ret } else { ret }; } with hash_ret a local ObResult (s2-errors.md 2.2 rule 5): OB_SUCCESS != hash_ret is hash_ret.is_err() (s2-errors.md 2.3's table), and the ternary is an if expression written as the C++ writes it, since s2-errors.md 2.4 rule 4 turns only the 'a unless a is success, then b' merges into and; the function is in the local-ret form (s2-errors.md 2.3). The ObPointerHashMap port (core-manifest.tsv:117) keeps answering OB_HASH_NOT_EXIST from erase_refactored for a missing key, and OB_NOT_INIT for a map never created, never an Option or a bool, until parity (s2-errors.md 2.4 rules 1 and 2). Core unit (core-manifest.tsv:316): this form where the core keeps the function (RULEBOOK section 0).	sweep: ret-compare.tsv:2060 (data row 2059). Producer: table_name_map_.erase_refactored(table_name_wrapper), the old name of a renamed table, at src/share/schema/ob_schema_mgr.cpp:2757, on the TableNameMap, an ObPointerHashMap (src/share/schema/ob_schema_mgr.h:324, :585); ObPointerHashMap::erase_refactored (src/oblib/lib/hash/ob_pointer_hashmap.h:693, :669) answers OB_NOT_INIT for a map never created (ob_pointer_hashmap.h:673-675) and otherwise asks each sub map in turn (ob_pointer_hashmap.h:679), whose erase_refactored stores the erased marker with overwrite 1 (ob_pointer_hashmap.h:279) and gets OB_HASH_NOT_EXIST from find_set_pos when the key is absent (ob_pointer_hashmap.h:164-167). Holder: the local hash_ret (ob_schema_mgr.cpp:2757). Code's branch: ret keeps OB_SUCCESS, which it holds on this path (inside if (OB_SUCC(ret)) at ob_schema_mgr.cpp:2752), instead of taking hash_ret (ob_schema_mgr.cpp:2761), under the comment that incremental schema refresh reports no error here and leaves the fix to the rebuild (ob_schema_mgr.cpp:2759-2760); the old name is already absent, which is what the erase was for. The code never leaves the function; any other code replaces ret and is returned to add_table (ob_schema_mgr.cpp:1317).	confirmed
src/share/schema/ob_schema_mgr.cpp	ObSchemaMgr::rebuild_db_hashmap	line 2791: other variable hash_ret == OB_HASH_EXIST	LOOKUP_OUTCOME	if hash_ret.is_err() { ret = if matches!(hash_ret, Err(OB_HASH_EXIST)) { Ok(()) } else { Err(OB_ERR_UNEXPECTED) }; log_error!(ret, ..); } with hash_ret a local ObResult (s2-errors.md 2.2 rule 5): OB_SUCCESS != hash_ret is hash_ret.is_err() (s2-errors.md 2.3's table), the ternary is an if expression written as the C++ writes it, since s2-errors.md 2.4 rule 4 turns only the 'a unless a is success, then b' merges into and, and the log takes the ret in scope on the C++ line, which the ternary has just set (s2-errors.md 2.5 rule 1); the loop keeps its OB_SUCC(ret) condition and the function the local-ret form (s2-errors.md 2.3). The ObPointerHashMap port (core-manifest.tsv:117) keeps answering OB_HASH_EXIST from set_refactored with overwrite 0, never an Option or a bool, until parity (s2-errors.md 2.4 rules 1 and 2). Core unit (core-manifest.tsv:316): this form where the core keeps the function (RULEBOOK section 0).	sweep: ret-compare.tsv:2061 (data row 2060). Producer: database_name_map_.set_refactored(db_name_wrapper, database_schema, over_write) at src/share/schema/ob_schema_mgr.cpp:2787, with over_write = 0 (ob_schema_mgr.cpp:2778), on the DatabaseNameMap, an ObPointerHashMap (src/share/schema/ob_schema_mgr.h:321, :579) that the rebuild has just cleared (ob_schema_mgr.cpp:2777); ObPointerHashMap::set_refactored (src/oblib/lib/hash/ob_pointer_hashmap.h:585, :543) gets OB_HASH_EXIST from the sub maps' find_set_pos when the key is already present and overwrite is 0 (ob_pointer_hashmap.h:553, :807, :407-408). Here that is a second database with the same name. Holder: the local hash_ret (ob_schema_mgr.cpp:2787). Code's branch: ret = OB_SUCCESS through the ternary (ob_schema_mgr.cpp:2791; reset.tsv:1103) and a LOG_ERROR 'build database name hashmap failed' (ob_schema_mgr.cpp:2792); the loop goes on (ob_schema_mgr.cpp:2779-2780), the name keeps its first database and the code never leaves the function (ob_schema_mgr.cpp:2797). Any other failure becomes OB_ERR_UNEXPECTED. The one caller, rebuild_schema_meta_if_not_consistent (ob_schema_mgr.cpp:1818; git grep -n rebuild_db_hashmap 834bbee1e -- src), checks the counts again after the rebuild and answers OB_DUPLICATE_OBJECT_NAME_EXIST when they still differ (ob_schema_mgr.cpp:1836-1837).	confirmed
src/share/schema/ob_schema_mgr.cpp	ObSchemaMgr::rebuild_table_hashmap	line 2845: other variable hash_ret == OB_HASH_EXIST	LOOKUP_OUTCOME	if hash_ret.is_err() { ret = if matches!(hash_ret, Err(OB_HASH_EXIST)) { Ok(()) } else { Err(OB_ERR_UNEXPECTED) }; tmp_ret = <the get_refactored call>; log_error!(ret, ..); } with hash_ret and tmp_ret local ObResults (s2-errors.md 2.2 rule 5; 2.4 rule 4): OB_SUCCESS != hash_ret is hash_ret.is_err() (s2-errors.md 2.3's table), the ternary is an if expression written as the C++ writes it, since s2-errors.md 2.4 rule 4 turns only the 'a unless a is success, then b' merges into and, and the log takes the ret in scope on the C++ line, which the ternary has just set (s2-errors.md 2.5 rule 1); the loop keeps its OB_SUCC(ret) condition and the function the local-ret form (s2-errors.md 2.3). The ObPointerHashMap port (core-manifest.tsv:117) keeps answering OB_HASH_EXIST from set_refactored with overwrite 0, never an Option or a bool, until parity (s2-errors.md 2.4 rules 1 and 2). Core unit (core-manifest.tsv:316): this form where the core keeps the function (RULEBOOK section 0).	sweep: ret-compare.tsv:2062 (data row 2061). Producer: hidden_table_name_map_.set_refactored(table_name_wrapper, table_schema, over_write) at src/share/schema/ob_schema_mgr.cpp:2842, with over_write = 0 (ob_schema_mgr.cpp:2818), under the comment that OB_HASH_EXIST is not expected in the rebuild (ob_schema_mgr.cpp:2817), on the TableNameMap of hidden tables, an ObPointerHashMap (src/share/schema/ob_schema_mgr.h:324, :596), that the rebuild has just cleared (ob_schema_mgr.cpp:2809-2815); ObPointerHashMap::set_refactored (src/oblib/lib/hash/ob_pointer_hashmap.h:585, :543) gets OB_HASH_EXIST from the sub maps' find_set_pos when the key is already present and overwrite is 0 (ob_pointer_hashmap.h:553, :807, :407-408). Holder: the local hash_ret (ob_schema_mgr.cpp:2832), assigned again at ob_schema_mgr.cpp:2842. Code's branch: ret = OB_SUCCESS through the ternary (ob_schema_mgr.cpp:2845; reset.tsv:1104); tmp_ret, the local declared at ob_schema_mgr.cpp:2819 (tmp-ret.tsv:1382), takes the code of a get_refactored that fetches the schema already under that name (ob_schema_mgr.cpp:2846; tmp-ret.tsv:1383) and is read only by the LOG_ERROR 'build hidden table name hashmap failed' (ob_schema_mgr.cpp:2847-2858); the loop goes on to the next table (ob_schema_mgr.cpp:2822-2824) and the name keeps its first table. The code never leaves the function (ob_schema_mgr.cpp:2952); any other failure becomes OB_ERR_UNEXPECTED and ends the loop. The one caller, rebuild_schema_meta_if_not_consistent (ob_schema_mgr.cpp:1817; git grep -n rebuild_table_hashmap 834bbee1e -- src), checks the counts again after the rebuild and answers OB_DUPLICATE_OBJECT_NAME_EXIST when they still differ (ob_schema_mgr.cpp:1836-1837).	confirmed
src/share/schema/ob_schema_mgr.cpp	ObSchemaMgr::rebuild_table_hashmap	line 2873: other variable hash_ret == OB_HASH_EXIST	LOOKUP_OUTCOME	if hash_ret.is_err() { ret = if matches!(hash_ret, Err(OB_HASH_EXIST)) { Ok(()) } else { Err(OB_ERR_UNEXPECTED) }; tmp_ret = <the get_refactored call>; log_error!(ret, ..); } with hash_ret and tmp_ret local ObResults (s2-errors.md 2.2 rule 5; 2.4 rule 4): OB_SUCCESS != hash_ret is hash_ret.is_err() (s2-errors.md 2.3's table), the ternary is an if expression written as the C++ writes it, since s2-errors.md 2.4 rule 4 turns only the 'a unless a is success, then b' merges into and, and the log takes the ret in scope on the C++ line, which the ternary has just set (s2-errors.md 2.5 rule 1); the loop keeps its OB_SUCC(ret) condition and the function the local-ret form (s2-errors.md 2.3). The ObPointerHashMap port (core-manifest.tsv:117) keeps answering OB_HASH_EXIST from set_refactored with overwrite 0, never an Option or a bool, until parity (s2-errors.md 2.4 rules 1 and 2). Core unit (core-manifest.tsv:316): this form where the core keeps the function (RULEBOOK section 0).	sweep: ret-compare.tsv:2063 (data row 2062). Producer: index_name_map.set_refactored(index_name_wrapper, table_schema, over_write), for an index in the recycle bin, at src/share/schema/ob_schema_mgr.cpp:2871, with over_write = 0 (ob_schema_mgr.cpp:2818), under the comment that OB_HASH_EXIST is not expected in the rebuild (ob_schema_mgr.cpp:2817), on the IndexNameMap that get_index_name_map_ picks (ob_schema_mgr.cpp:2866; src/share/schema/ob_schema_mgr.h:325, :558-565), an ObPointerHashMap, that the rebuild has just cleared (ob_schema_mgr.cpp:2809-2815); ObPointerHashMap::set_refactored (src/oblib/lib/hash/ob_pointer_hashmap.h:585, :543) gets OB_HASH_EXIST from the sub maps' find_set_pos when the key is already present and overwrite is 0 (ob_pointer_hashmap.h:553, :807, :407-408). Holder: the local hash_ret (ob_schema_mgr.cpp:2832), assigned again at ob_schema_mgr.cpp:2871. Code's branch: ret = OB_SUCCESS through the ternary (ob_schema_mgr.cpp:2873; reset.tsv:1105); tmp_ret, the local declared at ob_schema_mgr.cpp:2819 (tmp-ret.tsv:1382), takes the code of a get_refactored that fetches the schema already under that name (ob_schema_mgr.cpp:2874; tmp-ret.tsv:1384) and is read only by the LOG_ERROR 'build index name hashmap failed' (ob_schema_mgr.cpp:2875-2882); the loop goes on to the next table (ob_schema_mgr.cpp:2822-2824) and the name keeps its first index. The code never leaves the function (ob_schema_mgr.cpp:2952); any other failure becomes OB_ERR_UNEXPECTED and ends the loop. The one caller, rebuild_schema_meta_if_not_consistent (ob_schema_mgr.cpp:1817; git grep -n rebuild_table_hashmap 834bbee1e -- src), checks the counts again after the rebuild and answers OB_DUPLICATE_OBJECT_NAME_EXIST when they still differ (ob_schema_mgr.cpp:1836-1837).	confirmed
src/share/schema/ob_schema_mgr.cpp	ObSchemaMgr::rebuild_table_hashmap	line 2892: other variable hash_ret == OB_HASH_EXIST	LOOKUP_OUTCOME	if hash_ret.is_err() { ret = if matches!(hash_ret, Err(OB_HASH_EXIST)) { Ok(()) } else { Err(OB_ERR_UNEXPECTED) }; tmp_ret = <the get_refactored call>; log_error!(ret, ..); } with hash_ret and tmp_ret local ObResults (s2-errors.md 2.2 rule 5; 2.4 rule 4): OB_SUCCESS != hash_ret is hash_ret.is_err() (s2-errors.md 2.3's table), the ternary is an if expression written as the C++ writes it, since s2-errors.md 2.4 rule 4 turns only the 'a unless a is success, then b' merges into and, and the log takes the ret in scope on the C++ line, which the ternary has just set (s2-errors.md 2.5 rule 1); the loop keeps its OB_SUCC(ret) condition and the function the local-ret form (s2-errors.md 2.3). The ObPointerHashMap port (core-manifest.tsv:117) keeps answering OB_HASH_EXIST from set_refactored with overwrite 0, never an Option or a bool, until parity (s2-errors.md 2.4 rules 1 and 2). Core unit (core-manifest.tsv:316): this form where the core keeps the function (RULEBOOK section 0).	sweep: ret-compare.tsv:2064 (data row 2063). Producer: index_name_map.set_refactored(cutted_index_name_wrapper, table_schema, over_write), for an index outside the recycle bin, at src/share/schema/ob_schema_mgr.cpp:2890, with over_write = 0 (ob_schema_mgr.cpp:2818), under the comment that OB_HASH_EXIST is not expected in the rebuild (ob_schema_mgr.cpp:2817), on the IndexNameMap that get_index_name_map_ picks (ob_schema_mgr.cpp:2866; src/share/schema/ob_schema_mgr.h:325, :558-565), an ObPointerHashMap, that the rebuild has just cleared (ob_schema_mgr.cpp:2809-2815); ObPointerHashMap::set_refactored (src/oblib/lib/hash/ob_pointer_hashmap.h:585, :543) gets OB_HASH_EXIST from the sub maps' find_set_pos when the key is already present and overwrite is 0 (ob_pointer_hashmap.h:553, :807, :407-408). Holder: the local hash_ret (ob_schema_mgr.cpp:2832), assigned again at ob_schema_mgr.cpp:2890. Code's branch: ret = OB_SUCCESS through the ternary (ob_schema_mgr.cpp:2892; reset.tsv:1106); tmp_ret, the local declared at ob_schema_mgr.cpp:2819 (tmp-ret.tsv:1382), takes the code of a get_refactored that fetches the schema already under that name (ob_schema_mgr.cpp:2893; tmp-ret.tsv:1385) and is read only by the LOG_ERROR 'build index name hashmap failed' (ob_schema_mgr.cpp:2894-2901); the loop goes on to the next table (ob_schema_mgr.cpp:2822-2824) and the name keeps its first index. The code never leaves the function (ob_schema_mgr.cpp:2952); any other failure becomes OB_ERR_UNEXPECTED and ends the loop. The one caller, rebuild_schema_meta_if_not_consistent (ob_schema_mgr.cpp:1817; git grep -n rebuild_table_hashmap 834bbee1e -- src), checks the counts again after the rebuild and answers OB_DUPLICATE_OBJECT_NAME_EXIST when they still differ (ob_schema_mgr.cpp:1836-1837).	confirmed
src/share/schema/ob_schema_mgr.cpp	ObSchemaMgr::rebuild_table_hashmap	line 2917: other variable hash_ret == OB_HASH_EXIST	LOOKUP_OUTCOME	if hash_ret.is_err() { ret = if matches!(hash_ret, Err(OB_HASH_EXIST)) { Ok(()) } else { Err(OB_ERR_UNEXPECTED) }; tmp_ret = <the get_refactored call>; log_error!(ret, ..); } with hash_ret and tmp_ret local ObResults (s2-errors.md 2.2 rule 5; 2.4 rule 4): OB_SUCCESS != hash_ret is hash_ret.is_err() (s2-errors.md 2.3's table), the ternary is an if expression written as the C++ writes it, since s2-errors.md 2.4 rule 4 turns only the 'a unless a is success, then b' merges into and, and the log takes the ret in scope on the C++ line, which the ternary has just set (s2-errors.md 2.5 rule 1); the loop keeps its OB_SUCC(ret) condition and the function the local-ret form (s2-errors.md 2.3). The ObPointerHashMap port (core-manifest.tsv:117) keeps answering OB_HASH_EXIST from set_refactored with overwrite 0, never an Option or a bool, until parity (s2-errors.md 2.4 rules 1 and 2). Core unit (core-manifest.tsv:316): this form where the core keeps the function (RULEBOOK section 0).	sweep: ret-compare.tsv:2065 (data row 2064). Producer: table_name_map_.set_refactored(table_name_wrapper, table_schema, over_write) at src/share/schema/ob_schema_mgr.cpp:2915, with over_write = 0 (ob_schema_mgr.cpp:2818), under the comment that OB_HASH_EXIST is not expected in the rebuild (ob_schema_mgr.cpp:2817), on the TableNameMap, an ObPointerHashMap (src/share/schema/ob_schema_mgr.h:324, :585), that the rebuild has just cleared (ob_schema_mgr.cpp:2809-2815); ObPointerHashMap::set_refactored (src/oblib/lib/hash/ob_pointer_hashmap.h:585, :543) gets OB_HASH_EXIST from the sub maps' find_set_pos when the key is already present and overwrite is 0 (ob_pointer_hashmap.h:553, :807, :407-408). Holder: the local hash_ret (ob_schema_mgr.cpp:2832), assigned again at ob_schema_mgr.cpp:2915. Code's branch: ret = OB_SUCCESS through the ternary (ob_schema_mgr.cpp:2917; reset.tsv:1107); tmp_ret, the local declared at ob_schema_mgr.cpp:2819 (tmp-ret.tsv:1382), takes the code of a get_refactored that fetches the schema already under that name (ob_schema_mgr.cpp:2918; tmp-ret.tsv:1386) and is read only by the LOG_ERROR 'build table name hashmap failed' (ob_schema_mgr.cpp:2919-2930); with ret OB_SUCCESS the table's foreign keys and constraints are still added (ob_schema_mgr.cpp:2932-2945), as after a successful insert, and the loop goes on, the name keeping its first table. The code never leaves the function (ob_schema_mgr.cpp:2952); any other failure becomes OB_ERR_UNEXPECTED and ends the loop. The one caller, rebuild_schema_meta_if_not_consistent (ob_schema_mgr.cpp:1817; git grep -n rebuild_table_hashmap 834bbee1e -- src), checks the counts again after the rebuild and answers OB_DUPLICATE_OBJECT_NAME_EXIST when they still differ (ob_schema_mgr.cpp:1836-1837).	confirmed
src/share/schema/ob_schema_mgr_cache.cpp	ObSchemaMgrCache::check_schema_mgr_exist	line 179: ret == OB_ENTRY_NOT_EXIST	LOOKUP_OUTCOME	} else if ob_fail!(ret = self.get(schema_version, &mut schema_mgr, &mut handle)) { if matches!(ret, Err(OB_ENTRY_NOT_EXIST)) { *is_exist = false; ret = Ok(()); } else { } } on the local ret, an ObResult, in the local-ret form (s2-errors.md 2.3); the reset and the empty else stay where the C++ has them (s2-errors.md 2.3, 2.4 rule 1). ObSchemaMgrCache::get keeps answering OB_ENTRY_NOT_EXIST when no cached manager has the version, never an Option or a bool, until parity (s2-errors.md 2.4 rule 1). Core unit (core-manifest.tsv:275): this form where the core keeps the function (RULEBOOK section 0).	sweep: ret-compare.tsv:2066 (data row 2065). Producer: get(schema_version, schema_mgr, handle) at src/share/schema/ob_schema_mgr_cache.cpp:178, ObSchemaMgrCache::get, which looks through the cached items for the manager of that schema version under the read lock (ob_schema_mgr_cache.cpp:208-230) and sets OB_ENTRY_NOT_EXIST when none has it (ob_schema_mgr_cache.cpp:231-232). Holder: the local ret (ob_schema_mgr_cache.cpp:170). Code's branch: is_exist = false (ob_schema_mgr_cache.cpp:180) and ret = OB_SUCCESS (ob_schema_mgr_cache.cpp:181; reset.tsv:1108), so the answer leaves through is_exist and the code never leaves the function; any other code passes on through the empty else (ob_schema_mgr_cache.cpp:182-183). The one caller (src/share/schema/ob_multi_version_schema_service.cpp:1354; git grep -n check_schema_mgr_exist 834bbee1e -- src) skips adding the manager when is_exist is true (ob_multi_version_schema_service.cpp:1355-1357).	confirmed
src/share/schema/ob_schema_struct.cpp	ObSysTableChecker::init_sys_table_name_map	line 291: ret == OB_HASH_NOT_EXIST	LOOKUP_OUTCOME	ret = <the sys_table_name_map_.get_refactored call>; then the if / else-if chain over codes on ret at src/share/schema/ob_schema_struct.cpp:291-313 is match ret { Err(OB_HASH_NOT_EXIST) => { <the new array, its push_back and the set_refactored> } Ok(()) => { <the checks of value and its push_back> } _ => {} } (s2-errors.md 2.3's table; RULEBOOK 2.1), the last arm empty like the C++ else (s2-errors.md 2.3: empty branches stay); this row is its first arm, on the local ret, an ObResult, in the local-ret form (s2-errors.md 2.3); the arm keeps the new array, its push_back and the set_refactored in the C++ order (RULEBOOK section 0, 'Keep the control flow'). The ObHashMap port keeps answering OB_HASH_NOT_EXIST from get_refactored for a missing key, and OB_NOT_INIT for a map never created, never an Option or a bool, until parity (s2-errors.md 2.4 rules 1 and 2). Core unit (core-manifest.tsv:283): this form where the core keeps the function (RULEBOOK section 0).	sweep: ret-compare.tsv:2067 (data row 2066). Producer: sys_table_name_map_.get_refactored(key, value) at src/share/schema/ob_schema_struct.cpp:290, keyed by the hash of database id, name case mode and table name (ob_schema_struct.cpp:287-288), on a common::hash::ObHashMap<uint64_t, TableNameWrapperArray*> (src/share/schema/ob_schema_struct.h:5415); ObHashMap::get_refactored returns the table's code (src/oblib/lib/hash/ob_hashmap.h:233), OB_HASH_NOT_EXIST when no node of the bucket matches the key (src/oblib/lib/hash/ob_hashtable.h:1009) and OB_NOT_INIT for a map never created (ob_hashtable.h:1135). Holder: the local ret (ob_schema_struct.cpp:267). Code's branch: the first table with this name key: a TableNameWrapperArray is allocated (ob_schema_struct.cpp:293-297), the table is pushed onto it (ob_schema_struct.cpp:298) and the array is stored under the key (ob_schema_struct.cpp:299), the calls overwriting ret; a hit appends to the existing array instead (ob_schema_struct.cpp:303-311), and any other code falls to the empty else (ob_schema_struct.cpp:312-313) and ends both loops (ob_schema_struct.cpp:279, :281). The code never leaves the function.	confirmed
src/share/schema/ob_schema_struct.cpp	ObSysTableChecker::check_runtime_space_table_id	line 351: ret == OB_HASH_EXIST; ret == OB_HASH_NOT_EXIST	LOOKUP_OUTCOME	ret = self.runtime_space_table_id_map_.exist_refactored(&pure_table_id); if matches!(ret, Err(OB_HASH_EXIST | OB_HASH_NOT_EXIST)) { *is_runtime_space_table = matches!(ret, Err(OB_HASH_EXIST)); ret = Ok(()); } else { ret = ret.and(Err(OB_ERR_UNEXPECTED)); } on the local ret, an ObResult: the || of two == tests on one holder is one matches! (s2-errors.md 2.3's table), and OB_SUCCESS == ret ? OB_ERR_UNEXPECTED : ret is the 'ret unless ret is success, then OB_ERR_UNEXPECTED' merge that s2-errors.md 2.4 rule 4 writes with and; local-ret form (s2-errors.md 2.3). The ObHashSet port keeps answering OB_HASH_EXIST and OB_HASH_NOT_EXIST from exist_refactored, and OB_NOT_INIT for a set never created, never an Option or a bool, until parity (s2-errors.md 2.4 rules 1 and 2). Core unit (core-manifest.tsv:283): this form where the core keeps the function (RULEBOOK section 0).	sweep: ret-compare.tsv:2068 (data row 2067). Producer: runtime_space_table_id_map_.exist_refactored(pure_table_id) at src/share/schema/ob_schema_struct.cpp:350, on the common::hash::ObHashSet<uint64_t> of runtime-space table ids (src/share/schema/ob_schema_struct.h:5414), filled with set_refactored (ob_schema_struct.cpp:256); ObHashSet::exist_refactored turns a hit into OB_HASH_EXIST (src/oblib/lib/hash/ob_hashset.h:162-163) and otherwise returns get_refactored's code (ob_hashset.h:161): OB_HASH_NOT_EXIST for a miss (src/oblib/lib/hash/ob_hashtable.h:1009), OB_NOT_INIT for a set never created (ob_hashtable.h:1135). Holder: the local ret (ob_schema_struct.cpp:342). Code's branch: for both codes is_runtime_space_table is set to whether the id was found (ob_schema_struct.cpp:352, ret-compare.tsv:2069) and ret is reset (ob_schema_struct.cpp:353; reset.tsv:1110), so the answer leaves through the out-parameter and neither code leaves the function; any other code is kept, and a success, which exist_refactored never returns, becomes OB_ERR_UNEXPECTED (ob_schema_struct.cpp:355; tmp-ret.tsv:1400).	confirmed
src/share/schema/ob_schema_struct.cpp	ObSysTableChecker::check_runtime_space_table_id	line 352: ret == OB_HASH_EXIST	LOOKUP_OUTCOME	*is_runtime_space_table = matches!(ret, Err(OB_HASH_EXIST)); a comparison used as a value is the matches! in its place (vocabulary section 5, last clause), on the local ret, an ObResult, inside the arm of ret-compare.tsv:2068; local-ret form (s2-errors.md 2.3). The ObHashSet port keeps answering OB_HASH_EXIST from exist_refactored for a hit, never an Option or a bool, until parity (s2-errors.md 2.4 rules 1 and 2). Core unit (core-manifest.tsv:283): this form where the core keeps the function (RULEBOOK section 0).	sweep: ret-compare.tsv:2069 (data row 2068). Producer: runtime_space_table_id_map_.exist_refactored(pure_table_id) at src/share/schema/ob_schema_struct.cpp:350 (as for ret-compare.tsv:2068), on the common::hash::ObHashSet<uint64_t> (src/share/schema/ob_schema_struct.h:5414); ObHashSet::exist_refactored turns a hit into OB_HASH_EXIST (src/oblib/lib/hash/ob_hashset.h:162-163). Holder: the local ret (ob_schema_struct.cpp:342). Code's branch: the comparison is the value stored in the out-parameter is_runtime_space_table (ob_schema_struct.cpp:352), true when the table id is in the set; ret is reset on the next line (ob_schema_struct.cpp:353; reset.tsv:1110), so the code never leaves the function and the caller reads the answer from the flag.	confirmed
src/share/schema/ob_schema_struct.cpp	ObSysTableChecker::check_sys_table_name	line 380: ret != OB_HASH_NOT_EXIST	LOOKUP_OUTCOME	if ob_fail!(ret = <the sys_table_name_map_.get_refactored call>) { if !matches!(ret, Err(OB_HASH_NOT_EXIST)) { } else { *is_system_table = false; ret = Ok(()); } } else if .. on the local ret, an ObResult, in the local-ret form (s2-errors.md 2.3); the empty branch stays (s2-errors.md 2.3) and the reset stays where the C++ has it (s2-errors.md 2.4 rule 1). The ObHashMap port keeps answering OB_HASH_NOT_EXIST from get_refactored for a missing key, and OB_NOT_INIT for a map never created, never an Option or a bool, until parity (s2-errors.md 2.4 rules 1 and 2). Core unit (core-manifest.tsv:283): this form where the core keeps the function (RULEBOOK section 0).	sweep: ret-compare.tsv:2070 (data row 2069). Producer: sys_table_name_map_.get_refactored(key, value) at src/share/schema/ob_schema_struct.cpp:379, keyed by the hash of database id, name case mode and table name (ob_schema_struct.cpp:376-377), on the common::hash::ObHashMap<uint64_t, TableNameWrapperArray*> (src/share/schema/ob_schema_struct.h:5415); ObHashMap::get_refactored returns the table's code (src/oblib/lib/hash/ob_hashmap.h:233), OB_HASH_NOT_EXIST when no node of the bucket matches the key (src/oblib/lib/hash/ob_hashtable.h:1009) and OB_NOT_INIT for a map never created (ob_hashtable.h:1135). Holder: the local ret (ob_schema_struct.cpp:366). Code's branch: the else sets is_system_table = false and ret = OB_SUCCESS (ob_schema_struct.cpp:382-383; reset.tsv:1111): a name with no entry is not a system table's; any other code passes on through the empty branch (ob_schema_struct.cpp:380-381) and is returned (ob_schema_struct.cpp:394). The trace log after the chain runs for every code (ob_schema_struct.cpp:392). The code never leaves the function.	confirmed
src/share/schema/ob_schema_struct.cpp	ObSysVariableSchema::add_sysvar_schema	line 881: ret != OB_SYS_VARS_MAYBE_DIFF_VERSION	RENAMED	} else if ob_fail!(ret = share::ObSysVarMeta::calc_sys_var_store_idx(var_id, &mut var_idx)) { if !matches!(ret, Err(OB_SYS_VARS_MAYBE_DIFF_VERSION)) { } else { ret = Err(OB_ERR_SYS_VARIABLE_UNKNOWN); log_info!(..); } } on the local ret, an ObResult, in the local-ret form (s2-errors.md 2.3): the rename stays at the same place, never map_err or if let Err (s2-errors.md 2.4 rule 3; 2.15 item 7), the empty branch stays (s2-errors.md 2.3), and the INFO log takes no ret (RULEBOOK 2.1, the log row). Core unit (core-manifest.tsv:283): this form where the core keeps the function (RULEBOOK section 0).	sweep: ret-compare.tsv:2071 (data row 2070). Producer: ObSysVarMeta::calc_sys_var_store_idx(var_id, var_idx) at src/share/schema/ob_schema_struct.cpp:880, which sets OB_SYS_VARS_MAYBE_DIFF_VERSION when the variable id has no store index in this build (src/share/system_variable/ob_sys_var_meta.cpp:2248-2250), in the file that gen_ob_sys_variables.py writes (src/share/system_variable/gen_ob_sys_variables.py:762). Holder: the local ret (ob_schema_struct.cpp:873). Code's branch: ret = OB_ERR_SYS_VARIABLE_UNKNOWN (ob_schema_struct.cpp:883), the code an unknown name gets (ob_schema_struct.cpp:878-879), and an INFO log that the variable may come from a different version (ob_schema_struct.cpp:884), though the comment at ob_schema_struct.cpp:881 speaks of ignoring the error; OB_SYS_VARS_MAYBE_DIFF_VERSION never leaves the function. Escapes: ObSchemaRetrieveUtils::retrieve_system_variable turns OB_ERR_SYS_VARIABLE_UNKNOWN into OB_VERSION_NOT_MATCH (src/observer/schema/ob_schema_retrieve_utils.ipp:1883-1885); ObSysVariableSchema::assign records it in error_ret_ (ob_schema_struct.cpp:766, :771-772); the deserializer and load_default_system_variable (ob_schema_struct.cpp:823, :937), ObDDLService::modify_system_variable (src/rootserver/ob_ddl_service.cpp:18828) and ObRuntimeDDLService::init_system_variables (src/rootserver/ob_runtime_ddl_service.cpp:318) pass it on; git grep -n 'add_sysvar_schema(' 834bbee1e -- src finds no other call.	confirmed
src/share/schema/ob_schema_struct.cpp	ObPartitionSchema::get_partition_by_part_id	line 2712: ret == OB_ENTRY_NOT_EXIST	LOOKUP_OUTCOME	} else if ob_fail!(ret = self.get_partition_index_by_id(part_id, check_partition_mode, &mut partition_index)) { if matches!(ret, Err(OB_ENTRY_NOT_EXIST)) { ret = Ok(()); } else { } } on the local ret, an ObResult, in the local-ret form (s2-errors.md 2.3); the reset and the empty else stay where the C++ has them (s2-errors.md 2.3, 2.4 rule 1). get_partition_index_by_id keeps answering OB_ENTRY_NOT_EXIST for an id with no partition, never an Option or a bool, until parity (s2-errors.md 2.4 rule 1). Core unit (core-manifest.tsv:283): this form where the core keeps the function (RULEBOOK section 0).	sweep: ret-compare.tsv:2072 (data row 2071). Producer: get_partition_index_by_id(part_id, check_partition_mode, partition_index) at src/share/schema/ob_schema_struct.cpp:2709, which looks the partition id up among the table's partitions and sets OB_ENTRY_NOT_EXIST for a non-partitioned table whose object id differs (ob_schema_struct.cpp:2851-2852), for an id outside the continuous range of hash-like partitions (ob_schema_struct.cpp:2864-2865), and, through get_partition_index_loop (ob_schema_struct.cpp:2873), when no normal or hidden partition has the id (ob_schema_struct.cpp:2775-2777). Holder: the local ret (ob_schema_struct.cpp:2699). Code's branch: ret = OB_SUCCESS (ob_schema_struct.cpp:2713; reset.tsv:1112); partition keeps the NULL set at the start (ob_schema_struct.cpp:2701), commented 'partition maybe null' (ob_schema_struct.cpp:2724), so a missing id is answered with a null partition and the code never leaves the function; any other code passes on through the empty else (ob_schema_struct.cpp:2714-2715).	confirmed
src/share/schema/ob_schema_struct.cpp	find_partition_by_name	line 2936: ret == OB_ITER_END	RENAMED	if ob_fail!(ret = iter.next_partition_info(&mut tmp_info)) { if matches!(ret, Err(OB_ITER_END)) { ret = Err(OB_UNKNOWN_PARTITION); } else { } } on the local ret, an ObResult, in the local-ret form (s2-errors.md 2.3): the rename stays at the same place, never map_err or if let Err (s2-errors.md 2.4 rule 3; 2.15 item 7), and the empty else stays (s2-errors.md 2.3). ObPartitionSchemaIter::next_partition_info keeps ending with Err(OB_ITER_END), never an Option or a bool, until parity (s2-errors.md 2.4 rule 1). Core unit (core-manifest.tsv:283): this form where the core keeps the function (RULEBOOK section 0).	sweep: ret-compare.tsv:2073 (data row 2072). Producer: iter.next_partition_info(tmp_info) at src/share/schema/ob_schema_struct.cpp:2935; ObPartitionSchemaIter::next_partition_info (src/share/schema/ob_partition_schema_iter.cpp:153) passes on the OB_ITER_END of its partition and subpartition iterators (ob_partition_schema_iter.cpp:176-177, :200-203), which ObPartIterator::next sets once every partition was returned (ob_partition_schema_iter.cpp:43-44). Holder: the local ret (ob_schema_struct.cpp:2927). Code's branch: ret = OB_UNKNOWN_PARTITION (ob_schema_struct.cpp:2937): the walk ended without a partition of that name; the loop stops through its OB_SUCC(ret) condition (ob_schema_struct.cpp:2932) and the new code is returned (ob_schema_struct.cpp:2954), so OB_ITER_END never leaves the function. Escapes: get_partition_by_name, get_subpartition_by_name, get_partition_and_prev_by_name and get_other_part_by_name pass OB_UNKNOWN_PARTITION on (ob_schema_struct.cpp:2966, :2983, :3008, :3049); git grep -n 'find_partition_by_name(' 834bbee1e -- src finds no other call.	confirmed
src/share/schema/ob_schema_struct.cpp	ObPartitionSchema::get_subpartition_by_sub_part_id	line 3093: ret == OB_ITER_END	RENAMED	if ob_fail!(ret = iter.next_partition_info(&mut info)) { if matches!(ret, Err(OB_ITER_END)) { ret = Err(OB_UNKNOWN_SUBPARTITION); } else { } } on the local ret, an ObResult, in the local-ret form (s2-errors.md 2.3): the rename stays at the same place, never map_err or if let Err (s2-errors.md 2.4 rule 3; 2.15 item 7), and the empty else stays (s2-errors.md 2.3). ObPartitionSchemaIter::next_partition_info keeps ending with Err(OB_ITER_END), never an Option or a bool, until parity (s2-errors.md 2.4 rule 1). Core unit (core-manifest.tsv:283): this form where the core keeps the function (RULEBOOK section 0).	sweep: ret-compare.tsv:2074 (data row 2073). Producer: iter.next_partition_info(info) at src/share/schema/ob_schema_struct.cpp:3092; ObPartitionSchemaIter::next_partition_info (src/share/schema/ob_partition_schema_iter.cpp:153) passes on the OB_ITER_END of its partition and subpartition iterators (ob_partition_schema_iter.cpp:176-177, :200-203), which ObPartIterator::next sets once every partition was returned (ob_partition_schema_iter.cpp:43-44). Holder: the local ret (ob_schema_struct.cpp:3081). Code's branch: ret = OB_UNKNOWN_SUBPARTITION (ob_schema_struct.cpp:3095), commented that a missing subpartition takes the same code as a missing partition (ob_schema_struct.cpp:3094); the loop stops (ob_schema_struct.cpp:3091) and the new code is returned (ob_schema_struct.cpp:3107), so OB_ITER_END never leaves the function. Escapes: the one caller, ObExprCalcPartitionBase::calc_part_and_subpart_and_tablet_id (src/sql/engine/expr/ob_expr_calc_partition_id.cpp:363; git grep -n 'get_subpartition_by_sub_part_id(' 834bbee1e -- src), passes it on through an empty branch.	confirmed
src/share/schema/ob_schema_struct.cpp	ObPartitionSchema::check_partition_duplicate_with_name	line 3122: ret == OB_ITER_END	END_OF_DATA	if ob_fail!(ret = iter.next_partition_info(&mut info)) { if matches!(ret, Err(OB_ITER_END)) { ret = Ok(()); break; } else { } } on the local ret, an ObResult, in the local-ret form (s2-errors.md 2.3); the reset, the break and the empty else stay where the C++ has them (s2-errors.md 2.3, 2.4 rule 1). ObPartitionSchemaIter::next_partition_info keeps ending with Err(OB_ITER_END), never an Option or a bool, until parity (s2-errors.md 2.4 rule 1; ARCHITECTURE.md section 17 default 6). Core unit (core-manifest.tsv:283): this form where the core keeps the function (RULEBOOK section 0).	sweep: ret-compare.tsv:2075 (data row 2074). Producer: iter.next_partition_info(info) at src/share/schema/ob_schema_struct.cpp:3121; ObPartitionSchemaIter::next_partition_info (src/share/schema/ob_partition_schema_iter.cpp:153) passes on the OB_ITER_END of its partition and subpartition iterators (ob_partition_schema_iter.cpp:176-177, :200-203), which ObPartIterator::next sets once every partition was returned (ob_partition_schema_iter.cpp:43-44). Holder: the local ret (ob_schema_struct.cpp:3112). Code's branch: ret = OB_SUCCESS and break (ob_schema_struct.cpp:3123-3124; reset.tsv:1113): every partition was compared with the name and none matched, so the duplicate check succeeds; any other code passes on through the empty else (ob_schema_struct.cpp:3125-3126).	confirmed
src/share/schema/ob_server_schema_service.cpp	#define REPLAY_OP	line 249: other variable hash_ret != OB_HASH_NOT_EXIST	LOOKUP_OUTCOME	In the macro's Rust form (RULEBOOK 2.3, the function-like macro row): REPLAY_OP evaluates key twice on its delete path (ob_server_schema_service.cpp:248, :253) and its uses pass sets of different ObHashSet types (src/share/schema/ob_server_schema_service.h:547, :561-574), so it is a lowercase macro_rules! replay_op!, whose block keeps its own local ret as the C++ statement expression does and ends with it (s2-errors.md 2.3). The test is if hash_ret.is_err() && !matches!(hash_ret, Err(OB_HASH_NOT_EXIST)) { ret = Err(OB_ERR_UNEXPECTED); log_warn!(ret, ..); } else if is_exist { .. } with hash_ret an ObResult local of the block (s2-errors.md 2.2 rule 5): OB_SUCCESS != hash_ret is hash_ret.is_err() and the other comparison its own matches! (s2-errors.md 2.3's table). Its C++ initial -1, a value no catalog code has, is never read, since both paths assign hash_ret first (ob_server_schema_service.cpp:248, :260), so the initializer is ObError::from_code(-1), the conversion s2-errors.md 2.4 rule 8 gives a value from outside the catalog. The ObHashSet port keeps answering OB_HASH_NOT_EXIST from erase_refactored for a missing key, and OB_NOT_INIT for a set never created, never an Option or a bool, until parity (s2-errors.md 2.4 rules 1 and 2). Core unit (core-manifest.tsv:344): this form where the core keeps the function (RULEBOOK section 0).	sweep: ret-compare.tsv:2076 (data row 2075). Producer: new_keys.erase_refactored(key) in the macro body at src/share/schema/ob_server_schema_service.cpp:248; at every use new_keys is one of AllSchemaKeys's new-key sets, an ObHashSet<SchemaKey> (ob_server_schema_service.cpp:323, :402, :481, :570, :646, :724, :801, :878, :960, :1038, :1125, :1216, :1292, :1389, :1468, :1544, :3384; git grep -n 'REPLAY_OP(' 834bbee1e -- src lists the uses; src/share/schema/ob_server_schema_service.h:576); ObHashSet::erase_refactored returns the table's code (src/oblib/lib/hash/ob_hashset.h:198), OB_HASH_NOT_EXIST when no node of the bucket matches the key (src/oblib/lib/hash/ob_hashtable.h:1379-1380) and OB_NOT_INIT for a set never created (ob_hashtable.h:1369). Holder: hash_ret, a local of the macro's block (ob_server_schema_service.cpp:246), which holds only codes once assigned; grep -cE 'OB_[A-Z0-9_]+, -1,' src/share/ob_errno.def counts 0 codes of value -1. Code's branch: the else-if: when is_exist, the key goes into del_keys (ob_server_schema_service.cpp:252-253), whose set_refactored overwrites hash_ret; otherwise hash_ret is not read again. The block's ret stays OB_SUCCESS (ob_server_schema_service.cpp:245, :266), so the key missing from the new keys only means the object was not created in this increment, and the code never leaves the macro; any other failure becomes OB_ERR_UNEXPECTED with a WARN log (ob_server_schema_service.cpp:250-251). The uses test the block's value with OB_FAIL (for example ob_server_schema_service.cpp:322).	confirmed
src/share/schema/ob_server_schema_service.cpp	ObServerSchemaService::get_increment_user_keys	line 353: other variable hash_ret != OB_HASH_NOT_EXIST	LOOKUP_OUTCOME	if hash_ret.is_err() && !matches!(hash_ret, Err(OB_HASH_NOT_EXIST)) { ret = Err(OB_ERR_UNEXPECTED); } else { .. } with hash_ret a local ObResult (s2-errors.md 2.2 rule 5): OB_SUCCESS != hash_ret is hash_ret.is_err() and the other comparison its own matches! (s2-errors.md 2.3's table); the else keeps the schema lookup and the insert into the deleted-keys set in the C++ order, and the function the local-ret form (s2-errors.md 2.3). The ObHashSet port keeps answering OB_HASH_NOT_EXIST from erase_refactored for a missing key, and OB_NOT_INIT for a set never created, never an Option or a bool, until parity (s2-errors.md 2.4 rules 1 and 2). Core unit (core-manifest.tsv:344): this form where the core keeps the function (RULEBOOK section 0).	sweep: ret-compare.tsv:2077 (data row 2076). Producer: schema_keys.new_user_keys_.erase_refactored(..) at src/share/schema/ob_server_schema_service.cpp:352, on an ObHashSet<SchemaKey> (src/share/schema/ob_server_schema_service.h:579, typedef at :547); ObHashSet::erase_refactored returns the table's code (src/oblib/lib/hash/ob_hashset.h:198), OB_HASH_NOT_EXIST when no node of the bucket matches the key (src/oblib/lib/hash/ob_hashtable.h:1379-1380) and OB_NOT_INIT for a set never created (ob_hashtable.h:1369). Holder: the local hash_ret, declared OB_SUCCESS (ob_server_schema_service.cpp:344). Code's branch: the else (ob_server_schema_service.cpp:355-364): the drop names a user that is not among this refresh's new keys, so nothing is taken back from them; the object is looked up in the old schema manager (ob_server_schema_service.cpp:357) and, when it is there, its key goes into the deleted-keys set (ob_server_schema_service.cpp:359), whose set_refactored_1 overwrites hash_ret; otherwise hash_ret is not read again. ret stays OB_SUCCESS, so the code never leaves the function; any other failure becomes OB_ERR_UNEXPECTED (ob_server_schema_service.cpp:354).	confirmed
src/share/schema/ob_server_schema_service.cpp	ObServerSchemaService::get_increment_database_keys	line 432: other variable hash_ret != OB_HASH_NOT_EXIST	LOOKUP_OUTCOME	if hash_ret.is_err() && !matches!(hash_ret, Err(OB_HASH_NOT_EXIST)) { ret = Err(OB_ERR_UNEXPECTED); } else { .. } with hash_ret a local ObResult (s2-errors.md 2.2 rule 5): OB_SUCCESS != hash_ret is hash_ret.is_err() and the other comparison its own matches! (s2-errors.md 2.3's table); the else keeps the schema lookup and the insert into the deleted-keys set in the C++ order, and the function the local-ret form (s2-errors.md 2.3). The ObHashSet port keeps answering OB_HASH_NOT_EXIST from erase_refactored for a missing key, and OB_NOT_INIT for a set never created, never an Option or a bool, until parity (s2-errors.md 2.4 rules 1 and 2). Core unit (core-manifest.tsv:344): this form where the core keeps the function (RULEBOOK section 0).	sweep: ret-compare.tsv:2078 (data row 2077). Producer: schema_keys.new_database_keys_.erase_refactored(..) at src/share/schema/ob_server_schema_service.cpp:431, on an ObHashSet<SchemaKey> (src/share/schema/ob_server_schema_service.h:582, typedef at :547); ObHashSet::erase_refactored returns the table's code (src/oblib/lib/hash/ob_hashset.h:198), OB_HASH_NOT_EXIST when no node of the bucket matches the key (src/oblib/lib/hash/ob_hashtable.h:1379-1380) and OB_NOT_INIT for a set never created (ob_hashtable.h:1369). Holder: the local hash_ret, declared OB_SUCCESS (ob_server_schema_service.cpp:423). Code's branch: the else (ob_server_schema_service.cpp:434-443): the drop names a database that is not among this refresh's new keys, so nothing is taken back from them; the object is looked up in the old schema manager (ob_server_schema_service.cpp:436) and, when it is there, its key goes into the deleted-keys set (ob_server_schema_service.cpp:438), whose set_refactored_1 overwrites hash_ret; otherwise hash_ret is not read again. ret stays OB_SUCCESS, so the code never leaves the function; any other failure becomes OB_ERR_UNEXPECTED (ob_server_schema_service.cpp:433).	confirmed
src/share/schema/ob_server_schema_service.cpp	ObServerSchemaService::get_increment_table_keys	line 515: other variable hash_ret != OB_HASH_NOT_EXIST	LOOKUP_OUTCOME	if hash_ret.is_err() && !matches!(hash_ret, Err(OB_HASH_NOT_EXIST)) { ret = Err(OB_ERR_UNEXPECTED); } else { .. } with hash_ret a local ObResult (s2-errors.md 2.2 rule 5): OB_SUCCESS != hash_ret is hash_ret.is_err() and the other comparison its own matches! (s2-errors.md 2.3's table); the else keeps the schema lookup and the insert into the deleted-keys set in the C++ order, and the function the local-ret form (s2-errors.md 2.3). The ObHashSet port keeps answering OB_HASH_NOT_EXIST from erase_refactored for a missing key, and OB_NOT_INIT for a set never created, never an Option or a bool, until parity (s2-errors.md 2.4 rules 1 and 2). Core unit (core-manifest.tsv:344): this form where the core keeps the function (RULEBOOK section 0).	sweep: ret-compare.tsv:2079 (data row 2078). Producer: schema_keys.new_table_keys_.erase_refactored(..) at src/share/schema/ob_server_schema_service.cpp:514, on an ObHashSet<SchemaKey> (src/share/schema/ob_server_schema_service.h:585, typedef at :547); ObHashSet::erase_refactored returns the table's code (src/oblib/lib/hash/ob_hashset.h:198), OB_HASH_NOT_EXIST when no node of the bucket matches the key (src/oblib/lib/hash/ob_hashtable.h:1379-1380) and OB_NOT_INIT for a set never created (ob_hashtable.h:1369). Holder: the local hash_ret, declared OB_SUCCESS (ob_server_schema_service.cpp:504). Code's branch: the else (ob_server_schema_service.cpp:517-526): the drop names a table that is not among this refresh's new keys, so nothing is taken back from them; the object is looked up in the old schema manager (ob_server_schema_service.cpp:519) and, when it is there, its key goes into the deleted-keys set (ob_server_schema_service.cpp:521), whose set_refactored_1 overwrites hash_ret; otherwise hash_ret is not read again. ret stays OB_SUCCESS, so the code never leaves the function; any other failure becomes OB_ERR_UNEXPECTED (ob_server_schema_service.cpp:516).	confirmed
src/share/schema/ob_server_schema_service.cpp	ObServerSchemaService::get_increment_outline_keys	line 597: other variable hash_ret != OB_HASH_NOT_EXIST	LOOKUP_OUTCOME	if hash_ret.is_err() && !matches!(hash_ret, Err(OB_HASH_NOT_EXIST)) { ret = Err(OB_ERR_UNEXPECTED); } else { .. } with hash_ret a local ObResult (s2-errors.md 2.2 rule 5): OB_SUCCESS != hash_ret is hash_ret.is_err() and the other comparison its own matches! (s2-errors.md 2.3's table); the else keeps the schema lookup and the insert into the deleted-keys set in the C++ order, and the function the local-ret form (s2-errors.md 2.3). The ObHashSet port keeps answering OB_HASH_NOT_EXIST from erase_refactored for a missing key, and OB_NOT_INIT for a set never created, never an Option or a bool, until parity (s2-errors.md 2.4 rules 1 and 2). Core unit (core-manifest.tsv:344): this form where the core keeps the function (RULEBOOK section 0).	sweep: ret-compare.tsv:2080 (data row 2079). Producer: schema_keys.new_outline_keys_.erase_refactored(..) at src/share/schema/ob_server_schema_service.cpp:596, on an ObHashSet<SchemaKey> (src/share/schema/ob_server_schema_service.h:588, typedef at :547); ObHashSet::erase_refactored returns the table's code (src/oblib/lib/hash/ob_hashset.h:198), OB_HASH_NOT_EXIST when no node of the bucket matches the key (src/oblib/lib/hash/ob_hashtable.h:1379-1380) and OB_NOT_INIT for a set never created (ob_hashtable.h:1369). Holder: the local hash_ret, declared OB_SUCCESS (ob_server_schema_service.cpp:590). Code's branch: the else (ob_server_schema_service.cpp:599-608): the drop names an outline that is not among this refresh's new keys, so nothing is taken back from them; the object is looked up in the old schema manager (ob_server_schema_service.cpp:601) and, when it is there, its key goes into the deleted-keys set (ob_server_schema_service.cpp:603), whose set_refactored_1 overwrites hash_ret; otherwise hash_ret is not read again. ret stays OB_SUCCESS, so the code never leaves the function; any other failure becomes OB_ERR_UNEXPECTED (ob_server_schema_service.cpp:598).	confirmed
src/share/schema/ob_server_schema_service.cpp	ObServerSchemaService::get_increment_routine_keys	line 675: other variable hash_ret != OB_HASH_NOT_EXIST	LOOKUP_OUTCOME	if hash_ret.is_err() && !matches!(hash_ret, Err(OB_HASH_NOT_EXIST)) { ret = Err(OB_ERR_UNEXPECTED); } else { .. } with hash_ret a local ObResult (s2-errors.md 2.2 rule 5): OB_SUCCESS != hash_ret is hash_ret.is_err() and the other comparison its own matches! (s2-errors.md 2.3's table); the else keeps the schema lookup and the insert into the deleted-keys set in the C++ order, and the function the local-ret form (s2-errors.md 2.3). The ObHashSet port keeps answering OB_HASH_NOT_EXIST from erase_refactored for a missing key, and OB_NOT_INIT for a set never created, never an Option or a bool, until parity (s2-errors.md 2.4 rules 1 and 2). Core unit (core-manifest.tsv:344): this form where the core keeps the function (RULEBOOK section 0).	sweep: ret-compare.tsv:2081 (data row 2080). Producer: schema_keys.new_routine_keys_.erase_refactored(..) at src/share/schema/ob_server_schema_service.cpp:674, on an ObHashSet<SchemaKey> (src/share/schema/ob_server_schema_service.h:591, typedef at :547); ObHashSet::erase_refactored returns the table's code (src/oblib/lib/hash/ob_hashset.h:198), OB_HASH_NOT_EXIST when no node of the bucket matches the key (src/oblib/lib/hash/ob_hashtable.h:1379-1380) and OB_NOT_INIT for a set never created (ob_hashtable.h:1369). Holder: the local hash_ret, declared OB_SUCCESS (ob_server_schema_service.cpp:667). Code's branch: the else (ob_server_schema_service.cpp:677-686): the drop names a routine that is not among this refresh's new keys, so nothing is taken back from them; the object is looked up in the old schema manager (ob_server_schema_service.cpp:679) and, when it is there, its key goes into the deleted-keys set (ob_server_schema_service.cpp:681), whose set_refactored_1 overwrites hash_ret; otherwise hash_ret is not read again. ret stays OB_SUCCESS, so the code never leaves the function; any other failure becomes OB_ERR_UNEXPECTED (ob_server_schema_service.cpp:676).	confirmed
src/share/schema/ob_server_schema_service.cpp	ObServerSchemaService::get_increment_package_keys	line 753: other variable hash_ret != OB_HASH_NOT_EXIST	LOOKUP_OUTCOME	if hash_ret.is_err() && !matches!(hash_ret, Err(OB_HASH_NOT_EXIST)) { ret = Err(OB_ERR_UNEXPECTED); } else { .. } with hash_ret a local ObResult (s2-errors.md 2.2 rule 5): OB_SUCCESS != hash_ret is hash_ret.is_err() and the other comparison its own matches! (s2-errors.md 2.3's table); the else keeps the schema lookup and the insert into the deleted-keys set in the C++ order, and the function the local-ret form (s2-errors.md 2.3). The ObHashSet port keeps answering OB_HASH_NOT_EXIST from erase_refactored for a missing key, and OB_NOT_INIT for a set never created, never an Option or a bool, until parity (s2-errors.md 2.4 rules 1 and 2). Core unit (core-manifest.tsv:344): this form where the core keeps the function (RULEBOOK section 0).	sweep: ret-compare.tsv:2082 (data row 2081). Producer: schema_keys.new_package_keys_.erase_refactored(..) at src/share/schema/ob_server_schema_service.cpp:752, on an ObHashSet<SchemaKey> (src/share/schema/ob_server_schema_service.h:594, typedef at :547); ObHashSet::erase_refactored returns the table's code (src/oblib/lib/hash/ob_hashset.h:198), OB_HASH_NOT_EXIST when no node of the bucket matches the key (src/oblib/lib/hash/ob_hashtable.h:1379-1380) and OB_NOT_INIT for a set never created (ob_hashtable.h:1369). Holder: the local hash_ret, declared OB_SUCCESS (ob_server_schema_service.cpp:745). Code's branch: the else (ob_server_schema_service.cpp:755-764): the drop names a package that is not among this refresh's new keys, so nothing is taken back from them; the object is looked up in the old schema manager (ob_server_schema_service.cpp:757) and, when it is there, its key goes into the deleted-keys set (ob_server_schema_service.cpp:759), whose set_refactored_1 overwrites hash_ret; otherwise hash_ret is not read again. ret stays OB_SUCCESS, so the code never leaves the function; any other failure becomes OB_ERR_UNEXPECTED (ob_server_schema_service.cpp:754).	confirmed
src/share/schema/ob_server_schema_service.cpp	ObServerSchemaService::get_increment_trigger_keys	line 830: other variable hash_ret != OB_HASH_NOT_EXIST	LOOKUP_OUTCOME	if hash_ret.is_err() && !matches!(hash_ret, Err(OB_HASH_NOT_EXIST)) { ret = Err(OB_ERR_UNEXPECTED); } else { .. } with hash_ret a local ObResult (s2-errors.md 2.2 rule 5): OB_SUCCESS != hash_ret is hash_ret.is_err() and the other comparison its own matches! (s2-errors.md 2.3's table); the else keeps the schema lookup and the insert into the deleted-keys set in the C++ order, and the function the local-ret form (s2-errors.md 2.3). The ObHashSet port keeps answering OB_HASH_NOT_EXIST from erase_refactored for a missing key, and OB_NOT_INIT for a set never created, never an Option or a bool, until parity (s2-errors.md 2.4 rules 1 and 2). Core unit (core-manifest.tsv:344): this form where the core keeps the function (RULEBOOK section 0).	sweep: ret-compare.tsv:2083 (data row 2082). Producer: schema_keys.new_trigger_keys_.erase_refactored(..) at src/share/schema/ob_server_schema_service.cpp:829, on an ObHashSet<SchemaKey> (src/share/schema/ob_server_schema_service.h:597, typedef at :547); ObHashSet::erase_refactored returns the table's code (src/oblib/lib/hash/ob_hashset.h:198), OB_HASH_NOT_EXIST when no node of the bucket matches the key (src/oblib/lib/hash/ob_hashtable.h:1379-1380) and OB_NOT_INIT for a set never created (ob_hashtable.h:1369). Holder: the local hash_ret, declared OB_SUCCESS (ob_server_schema_service.cpp:822). Code's branch: the else (ob_server_schema_service.cpp:832-841): the drop names a trigger that is not among this refresh's new keys, so nothing is taken back from them; the object is looked up in the old schema manager (ob_server_schema_service.cpp:834) and, when it is there, its key goes into the deleted-keys set (ob_server_schema_service.cpp:836), whose set_refactored_1 overwrites hash_ret; otherwise hash_ret is not read again. ret stays OB_SUCCESS, so the code never leaves the function; any other failure becomes OB_ERR_UNEXPECTED (ob_server_schema_service.cpp:831).	confirmed
src/share/schema/ob_server_schema_service.cpp	ObServerSchemaService::get_increment_db_priv_keys	line 908: other variable hash_ret != OB_HASH_NOT_EXIST	LOOKUP_OUTCOME	if hash_ret.is_err() && !matches!(hash_ret, Err(OB_HASH_NOT_EXIST)) { ret = Err(OB_ERR_UNEXPECTED); } else { .. } with hash_ret a local ObResult (s2-errors.md 2.2 rule 5): OB_SUCCESS != hash_ret is hash_ret.is_err() and the other comparison its own matches! (s2-errors.md 2.3's table); the else keeps the schema lookup and the insert into the deleted-keys set in the C++ order, and the function the local-ret form (s2-errors.md 2.3). The ObHashSet port keeps answering OB_HASH_NOT_EXIST from erase_refactored for a missing key, and OB_NOT_INIT for a set never created, never an Option or a bool, until parity (s2-errors.md 2.4 rules 1 and 2). Core unit (core-manifest.tsv:344): this form where the core keeps the function (RULEBOOK section 0).	sweep: ret-compare.tsv:2084 (data row 2083). Producer: schema_keys.new_db_priv_keys_.erase_refactored(..) at src/share/schema/ob_server_schema_service.cpp:907, on an ObHashSet<SchemaKey> (src/share/schema/ob_server_schema_service.h:600, typedef at :561); ObHashSet::erase_refactored returns the table's code (src/oblib/lib/hash/ob_hashset.h:198), OB_HASH_NOT_EXIST when no node of the bucket matches the key (src/oblib/lib/hash/ob_hashtable.h:1379-1380) and OB_NOT_INIT for a set never created (ob_hashtable.h:1369). Holder: the local hash_ret, declared OB_SUCCESS (ob_server_schema_service.cpp:900). Code's branch: the else (ob_server_schema_service.cpp:910-920): the drop names a database privilege that is not among this refresh's new keys, so nothing is taken back from them; the object is looked up in the old schema manager (ob_server_schema_service.cpp:912) and, when it is there, its key goes into the deleted-keys set (ob_server_schema_service.cpp:915), whose set_refactored_1 overwrites hash_ret; otherwise hash_ret is not read again. ret stays OB_SUCCESS, so the code never leaves the function; any other failure becomes OB_ERR_UNEXPECTED (ob_server_schema_service.cpp:909).	confirmed
src/share/schema/ob_server_schema_service.cpp	ObServerSchemaService::get_increment_sys_priv_keys	line 988: other variable hash_ret != OB_HASH_NOT_EXIST	LOOKUP_OUTCOME	if hash_ret.is_err() && !matches!(hash_ret, Err(OB_HASH_NOT_EXIST)) { ret = Err(OB_ERR_UNEXPECTED); } else { .. } with hash_ret a local ObResult (s2-errors.md 2.2 rule 5): OB_SUCCESS != hash_ret is hash_ret.is_err() and the other comparison its own matches! (s2-errors.md 2.3's table); the else keeps the schema lookup and the insert into the deleted-keys set in the C++ order, and the function the local-ret form (s2-errors.md 2.3). The ObHashSet port keeps answering OB_HASH_NOT_EXIST from erase_refactored for a missing key, and OB_NOT_INIT for a set never created, never an Option or a bool, until parity (s2-errors.md 2.4 rules 1 and 2). Core unit (core-manifest.tsv:344): this form where the core keeps the function (RULEBOOK section 0).	sweep: ret-compare.tsv:2085 (data row 2084). Producer: schema_keys.new_sys_priv_keys_.erase_refactored(..) at src/share/schema/ob_server_schema_service.cpp:987, on an ObHashSet<SchemaKey> (src/share/schema/ob_server_schema_service.h:620, typedef at :569); ObHashSet::erase_refactored returns the table's code (src/oblib/lib/hash/ob_hashset.h:198), OB_HASH_NOT_EXIST when no node of the bucket matches the key (src/oblib/lib/hash/ob_hashtable.h:1379-1380) and OB_NOT_INIT for a set never created (ob_hashtable.h:1369). Holder: the local hash_ret, declared OB_SUCCESS (ob_server_schema_service.cpp:981). Code's branch: the else (ob_server_schema_service.cpp:990-1000): the drop names a system privilege that is not among this refresh's new keys, so nothing is taken back from them; the object is looked up in the old schema manager (ob_server_schema_service.cpp:992) and, when it is there, its key goes into the deleted-keys set (ob_server_schema_service.cpp:995), whose set_refactored_1 overwrites hash_ret; otherwise hash_ret is not read again. ret stays OB_SUCCESS, so the code never leaves the function; any other failure becomes OB_ERR_UNEXPECTED (ob_server_schema_service.cpp:989).	confirmed
src/share/schema/ob_server_schema_service.cpp	ObServerSchemaService::get_increment_table_priv_keys	line 1070: other variable hash_ret != OB_HASH_NOT_EXIST	LOOKUP_OUTCOME	if hash_ret.is_err() && !matches!(hash_ret, Err(OB_HASH_NOT_EXIST)) { ret = Err(OB_ERR_UNEXPECTED); } else { .. } with hash_ret a local ObResult (s2-errors.md 2.2 rule 5): OB_SUCCESS != hash_ret is hash_ret.is_err() and the other comparison its own matches! (s2-errors.md 2.3's table); the else keeps the schema lookup and the insert into the deleted-keys set in the C++ order, and the function the local-ret form (s2-errors.md 2.3). The ObHashSet port keeps answering OB_HASH_NOT_EXIST from erase_refactored for a missing key, and OB_NOT_INIT for a set never created, never an Option or a bool, until parity (s2-errors.md 2.4 rules 1 and 2). Core unit (core-manifest.tsv:344): this form where the core keeps the function (RULEBOOK section 0).	sweep: ret-compare.tsv:2086 (data row 2085). Producer: schema_keys.new_table_priv_keys_.erase_refactored(..) at src/share/schema/ob_server_schema_service.cpp:1069, on an ObHashSet<SchemaKey> (src/share/schema/ob_server_schema_service.h:603, typedef at :563); ObHashSet::erase_refactored returns the table's code (src/oblib/lib/hash/ob_hashset.h:198), OB_HASH_NOT_EXIST when no node of the bucket matches the key (src/oblib/lib/hash/ob_hashtable.h:1379-1380) and OB_NOT_INIT for a set never created (ob_hashtable.h:1369). Holder: the local hash_ret, declared OB_SUCCESS (ob_server_schema_service.cpp:1061). Code's branch: the else (ob_server_schema_service.cpp:1072-1082): the drop names a table privilege that is not among this refresh's new keys, so nothing is taken back from them; the object is looked up in the old schema manager (ob_server_schema_service.cpp:1074) and, when it is there, its key goes into the deleted-keys set (ob_server_schema_service.cpp:1077), whose set_refactored_1 overwrites hash_ret; otherwise hash_ret is not read again. ret stays OB_SUCCESS, so the code never leaves the function; any other failure becomes OB_ERR_UNEXPECTED (ob_server_schema_service.cpp:1071).	confirmed
src/share/schema/ob_server_schema_service.cpp	ObServerSchemaService::get_increment_routine_priv_keys	line 1159: other variable hash_ret != OB_HASH_NOT_EXIST	LOOKUP_OUTCOME	if hash_ret.is_err() && !matches!(hash_ret, Err(OB_HASH_NOT_EXIST)) { ret = Err(OB_ERR_UNEXPECTED); } else { .. } with hash_ret a local ObResult (s2-errors.md 2.2 rule 5): OB_SUCCESS != hash_ret is hash_ret.is_err() and the other comparison its own matches! (s2-errors.md 2.3's table); the else keeps the schema lookup and the insert into the deleted-keys set in the C++ order, and the function the local-ret form (s2-errors.md 2.3). The ObHashSet port keeps answering OB_HASH_NOT_EXIST from erase_refactored for a missing key, and OB_NOT_INIT for a set never created, never an Option or a bool, until parity (s2-errors.md 2.4 rules 1 and 2). Core unit (core-manifest.tsv:344): this form where the core keeps the function (RULEBOOK section 0).	sweep: ret-compare.tsv:2087 (data row 2086). Producer: schema_keys.new_routine_priv_keys_.erase_refactored(..) at src/share/schema/ob_server_schema_service.cpp:1158, on an ObHashSet<SchemaKey> (src/share/schema/ob_server_schema_service.h:606, typedef at :565); ObHashSet::erase_refactored returns the table's code (src/oblib/lib/hash/ob_hashset.h:198), OB_HASH_NOT_EXIST when no node of the bucket matches the key (src/oblib/lib/hash/ob_hashtable.h:1379-1380) and OB_NOT_INIT for a set never created (ob_hashtable.h:1369). Holder: the local hash_ret, declared OB_SUCCESS (ob_server_schema_service.cpp:1149). Code's branch: the else (ob_server_schema_service.cpp:1161-1171): the drop names a routine privilege that is not among this refresh's new keys, so nothing is taken back from them; the object is looked up in the old schema manager (ob_server_schema_service.cpp:1163) and, when it is there, its key goes into the deleted-keys set (ob_server_schema_service.cpp:1166), whose set_refactored_1 overwrites hash_ret; otherwise hash_ret is not read again. ret stays OB_SUCCESS, so the code never leaves the function; any other failure becomes OB_ERR_UNEXPECTED (ob_server_schema_service.cpp:1160).	confirmed
src/share/schema/ob_server_schema_service.cpp	ObServerSchemaService::get_increment_column_priv_keys	line 1246: other variable hash_ret != OB_HASH_NOT_EXIST	LOOKUP_OUTCOME	if hash_ret.is_err() && !matches!(hash_ret, Err(OB_HASH_NOT_EXIST)) { ret = Err(OB_ERR_UNEXPECTED); } else { .. } with hash_ret a local ObResult (s2-errors.md 2.2 rule 5): OB_SUCCESS != hash_ret is hash_ret.is_err() and the other comparison its own matches! (s2-errors.md 2.3's table); the else keeps the schema lookup and the insert into the deleted-keys set in the C++ order, and the function the local-ret form (s2-errors.md 2.3). The ObHashSet port keeps answering OB_HASH_NOT_EXIST from erase_refactored for a missing key, and OB_NOT_INIT for a set never created, never an Option or a bool, until parity (s2-errors.md 2.4 rules 1 and 2). Core unit (core-manifest.tsv:344): this form where the core keeps the function (RULEBOOK section 0).	sweep: ret-compare.tsv:2088 (data row 2087). Producer: schema_keys.new_column_priv_keys_.erase_refactored(column_priv_key) at src/share/schema/ob_server_schema_service.cpp:1245, on an ObHashSet<SchemaKey> (src/share/schema/ob_server_schema_service.h:609, typedef at :567); ObHashSet::erase_refactored returns the table's code (src/oblib/lib/hash/ob_hashset.h:198), OB_HASH_NOT_EXIST when no node of the bucket matches the key (src/oblib/lib/hash/ob_hashtable.h:1379-1380) and OB_NOT_INIT for a set never created (ob_hashtable.h:1369). Holder: the local hash_ret, declared OB_SUCCESS (ob_server_schema_service.cpp:1237). Code's branch: the else (ob_server_schema_service.cpp:1248-1255): the drop names a column privilege that is not among this refresh's new keys, so nothing is taken back from them; when the privilege, looked up in the old schema manager before the erase (ob_server_schema_service.cpp:1243), is there, its key goes into the deleted-keys set (ob_server_schema_service.cpp:1250), whose set_refactored_1 overwrites hash_ret; otherwise hash_ret is not read again. ret stays OB_SUCCESS, so the code never leaves the function; any other failure becomes OB_ERR_UNEXPECTED (ob_server_schema_service.cpp:1247).	confirmed
src/share/schema/ob_server_schema_service.cpp	ObServerSchemaService::get_increment_obj_priv_keys	line 1328: other variable hash_ret != OB_HASH_NOT_EXIST	LOOKUP_OUTCOME	if hash_ret.is_err() && !matches!(hash_ret, Err(OB_HASH_NOT_EXIST)) { ret = Err(OB_ERR_UNEXPECTED); } else { .. } with hash_ret a local ObResult (s2-errors.md 2.2 rule 5): OB_SUCCESS != hash_ret is hash_ret.is_err() and the other comparison its own matches! (s2-errors.md 2.3's table); the else keeps the schema lookup and the insert into the deleted-keys set in the C++ order, and the function the local-ret form (s2-errors.md 2.3). The ObHashSet port keeps answering OB_HASH_NOT_EXIST from erase_refactored for a missing key, and OB_NOT_INIT for a set never created, never an Option or a bool, until parity (s2-errors.md 2.4 rules 1 and 2). Core unit (core-manifest.tsv:344): this form where the core keeps the function (RULEBOOK section 0).	sweep: ret-compare.tsv:2089 (data row 2088). Producer: schema_keys.new_obj_priv_keys_.erase_refactored(..) at src/share/schema/ob_server_schema_service.cpp:1327, on an ObHashSet<SchemaKey> (src/share/schema/ob_server_schema_service.h:624, typedef at :571); ObHashSet::erase_refactored returns the table's code (src/oblib/lib/hash/ob_hashset.h:198), OB_HASH_NOT_EXIST when no node of the bucket matches the key (src/oblib/lib/hash/ob_hashtable.h:1379-1380) and OB_NOT_INIT for a set never created (ob_hashtable.h:1369). Holder: the local hash_ret, declared OB_SUCCESS (ob_server_schema_service.cpp:1317). Code's branch: the else (ob_server_schema_service.cpp:1330-1341): the drop names an object privilege that is not among this refresh's new keys, so nothing is taken back from them; the object is looked up in the old schema manager (ob_server_schema_service.cpp:1332) and, when it is there, its key goes into the deleted-keys set (ob_server_schema_service.cpp:1336), whose set_refactored_1 overwrites hash_ret; otherwise hash_ret is not read again. ret stays OB_SUCCESS, so the code never leaves the function; any other failure becomes OB_ERR_UNEXPECTED (ob_server_schema_service.cpp:1329).	confirmed
src/share/schema/ob_server_schema_service.cpp	ObServerSchemaService::get_increment_mock_fk_parent_table_keys	line 1416: other variable hash_ret != OB_HASH_NOT_EXIST	LOOKUP_OUTCOME	if hash_ret.is_err() && !matches!(hash_ret, Err(OB_HASH_NOT_EXIST)) { ret = Err(OB_ERR_UNEXPECTED); } else { .. } with hash_ret a local ObResult (s2-errors.md 2.2 rule 5): OB_SUCCESS != hash_ret is hash_ret.is_err() and the other comparison its own matches! (s2-errors.md 2.3's table); the else keeps the schema lookup and the insert into the deleted-keys set in the C++ order, and the function the local-ret form (s2-errors.md 2.3). The ObHashSet port keeps answering OB_HASH_NOT_EXIST from erase_refactored for a missing key, and OB_NOT_INIT for a set never created, never an Option or a bool, until parity (s2-errors.md 2.4 rules 1 and 2). Core unit (core-manifest.tsv:344): this form where the core keeps the function (RULEBOOK section 0).	sweep: ret-compare.tsv:2090 (data row 2089). Producer: schema_keys.new_mock_fk_parent_table_keys_.erase_refactored(..) at src/share/schema/ob_server_schema_service.cpp:1415, on an ObHashSet<SchemaKey> (src/share/schema/ob_server_schema_service.h:632, typedef at :547); ObHashSet::erase_refactored returns the table's code (src/oblib/lib/hash/ob_hashset.h:198), OB_HASH_NOT_EXIST when no node of the bucket matches the key (src/oblib/lib/hash/ob_hashtable.h:1379-1380) and OB_NOT_INIT for a set never created (ob_hashtable.h:1369). Holder: the local hash_ret, declared OB_SUCCESS (ob_server_schema_service.cpp:1408). Code's branch: the else (ob_server_schema_service.cpp:1418-1429): the drop names a mock foreign key parent table that is not among this refresh's new keys, so nothing is taken back from them; the object is looked up in the old schema manager (ob_server_schema_service.cpp:1420) and, when it is there, its key goes into the deleted-keys set (ob_server_schema_service.cpp:1424), whose set_refactored_1 overwrites hash_ret; otherwise hash_ret is not read again. ret stays OB_SUCCESS, so the code never leaves the function; any other failure becomes OB_ERR_UNEXPECTED (ob_server_schema_service.cpp:1417).	confirmed
src/share/schema/ob_server_schema_service.cpp	ObServerSchemaService::get_increment_ai_model_keys	line 1496: other variable hash_ret != OB_HASH_NOT_EXIST	LOOKUP_OUTCOME	if hash_ret.is_err() && !matches!(hash_ret, Err(OB_HASH_NOT_EXIST)) { ret = Err(OB_ERR_UNEXPECTED); } else { .. } with hash_ret a local ObResult (s2-errors.md 2.2 rule 5): OB_SUCCESS != hash_ret is hash_ret.is_err() and the other comparison its own matches! (s2-errors.md 2.3's table); the else keeps the schema lookup and the insert into the deleted-keys set in the C++ order, and the function the local-ret form (s2-errors.md 2.3). The ObHashSet port keeps answering OB_HASH_NOT_EXIST from erase_refactored for a missing key, and OB_NOT_INIT for a set never created, never an Option or a bool, until parity (s2-errors.md 2.4 rules 1 and 2). Core unit (core-manifest.tsv:344): this form where the core keeps the function (RULEBOOK section 0).	sweep: ret-compare.tsv:2091 (data row 2090). Producer: schema_keys.new_ai_model_keys_.erase_refactored(..) at src/share/schema/ob_server_schema_service.cpp:1495, on an ObHashSet<SchemaKey> (src/share/schema/ob_server_schema_service.h:636, typedef at :547); ObHashSet::erase_refactored returns the table's code (src/oblib/lib/hash/ob_hashset.h:198), OB_HASH_NOT_EXIST when no node of the bucket matches the key (src/oblib/lib/hash/ob_hashtable.h:1379-1380) and OB_NOT_INIT for a set never created (ob_hashtable.h:1369). Holder: the local hash_ret, declared OB_SUCCESS (ob_server_schema_service.cpp:1488). Code's branch: the else (ob_server_schema_service.cpp:1498-1507): the drop names an AI model that is not among this refresh's new keys, so nothing is taken back from them; the object is looked up in the old schema manager (ob_server_schema_service.cpp:1500) and, when it is there, its key goes into the deleted-keys set (ob_server_schema_service.cpp:1502), whose set_refactored_1 overwrites hash_ret; otherwise hash_ret is not read again. ret stays OB_SUCCESS, so the code never leaves the function; any other failure becomes OB_ERR_UNEXPECTED (ob_server_schema_service.cpp:1497).	confirmed
src/share/schema/ob_server_schema_service.cpp	ObServerSchemaService::get_increment_obj_mysql_priv_keys	line 3328: other variable hash_ret != OB_HASH_NOT_EXIST	LOOKUP_OUTCOME	if hash_ret.is_err() && !matches!(hash_ret, Err(OB_HASH_NOT_EXIST)) { ret = Err(OB_ERR_UNEXPECTED); } else { .. } with hash_ret a local ObResult (s2-errors.md 2.2 rule 5): OB_SUCCESS != hash_ret is hash_ret.is_err() and the other comparison its own matches! (s2-errors.md 2.3's table); the else keeps the schema lookup and the insert into the deleted-keys set in the C++ order, and the function the local-ret form (s2-errors.md 2.3). The ObHashSet port keeps answering OB_HASH_NOT_EXIST from erase_refactored for a missing key, and OB_NOT_INIT for a set never created, never an Option or a bool, until parity (s2-errors.md 2.4 rules 1 and 2). Core unit (core-manifest.tsv:345): this form where the core keeps the function (RULEBOOK section 0).	sweep: ret-compare.tsv:2092 (data row 2091). Producer: schema_keys.new_obj_mysql_priv_keys_.erase_refactored(..) at src/share/schema/ob_server_schema_service.cpp:3327, on an ObHashSet<SchemaKey> (src/share/schema/ob_server_schema_service.h:628, typedef at :573); ObHashSet::erase_refactored returns the table's code (src/oblib/lib/hash/ob_hashset.h:198), OB_HASH_NOT_EXIST when no node of the bucket matches the key (src/oblib/lib/hash/ob_hashtable.h:1379-1380) and OB_NOT_INIT for a set never created (ob_hashtable.h:1369). Holder: the local hash_ret, declared OB_SUCCESS (ob_server_schema_service.cpp:3319). Code's branch: the else (ob_server_schema_service.cpp:3330-3340): the drop names a MySQL object privilege that is not among this refresh's new keys, so nothing is taken back from them; the object is looked up in the old schema manager (ob_server_schema_service.cpp:3332) and, when it is there, its key goes into the deleted-keys set (ob_server_schema_service.cpp:3335), whose set_refactored_1 overwrites hash_ret; otherwise hash_ret is not read again. ret stays OB_SUCCESS, so the code never leaves the function; any other failure becomes OB_ERR_UNEXPECTED (ob_server_schema_service.cpp:3329).	confirmed
src/share/schema/ob_sys_variable_mgr.cpp	ObSysVariableMgr::get_sys_variable_schema	line 184: ret == OB_HASH_NOT_EXIST	LOOKUP_OUTCOME	if ob_fail!(ret = self.sys_variable_map_.get_refactored(&hash_wrap, &mut tmp_schema)) { if matches!(ret, Err(OB_HASH_NOT_EXIST)) { ret = Ok(()); } } else { .. } on the local ret, an ObResult, in the local-ret form (s2-errors.md 2.3); the reset stays where the C++ has it, never replaced by ok() or let _ = (s2-errors.md 2.4 rule 1; 2.12 item 2). The ObPointerHashMap port (core-manifest.tsv:117) keeps answering OB_HASH_NOT_EXIST from get_refactored for a missing key, and OB_NOT_INIT for a map never created, never an Option or a bool, until parity (s2-errors.md 2.4 rules 1 and 2). Core unit (core-manifest.tsv:294): this form where the core keeps the function (RULEBOOK section 0).	sweep: ret-compare.tsv:2093 (data row 2092). Producer: sys_variable_map_.get_refactored(hash_wrap, tmp_schema) at src/share/schema/ob_sys_variable_mgr.cpp:183, on the ObSysVariableMap, an ObPointerHashMap (src/share/schema/ob_sys_variable_mgr.h:110, :146); ObPointerHashMap::get_refactored (src/oblib/lib/hash/ob_pointer_hashmap.h:596) answers OB_NOT_INIT for a map never created (ob_pointer_hashmap.h:601) and otherwise each sub map's code (ob_pointer_hashmap.h:605), OB_HASH_NOT_EXIST when placement_hash_search finds no such key (ob_pointer_hashmap.h:361, :366, :377). Holder: the local ret (ob_sys_variable_mgr.cpp:176). Code's branch: ret = OB_SUCCESS (ob_sys_variable_mgr.cpp:185; reset.tsv:1117); sys_variable_schema keeps the NULL set at the start (ob_sys_variable_mgr.cpp:177), so a missing entry is answered with a null schema and the code never leaves the function (ob_sys_variable_mgr.cpp:191); any other code is returned.	confirmed
src/share/schema/ob_table_schema.cpp	ObSimpleTableSchemaV2::get_part_ids_by_subpart_ids	line 892: tmp_ret == OB_HASH_EXIST	LOOKUP_OUTCOME	With tmp_ret = <the exist_refactored call> its own ObResult local (s2-errors.md 2.4 rule 4), the if / else-if chain over codes on tmp_ret at src/share/schema/ob_table_schema.cpp:892-900 is match tmp_ret { Err(OB_HASH_EXIST) => { if ob_fail!(ret = part_ids.push_back(..)) { } else { found = true; *subpart_cnt_in_parts += subpart_num; } } Err(OB_HASH_NOT_EXIST) => {} _ => { ret = tmp_ret; } } (s2-errors.md 2.3's table; RULEBOOK 2.1): the C++'s second test, OB_HASH_NOT_EXIST != tmp_ret, is false only for OB_HASH_NOT_EXIST, so it becomes the empty Err(OB_HASH_NOT_EXIST) arm and the _ arm after it, which takes Ok(()) too, as the C++ test does, OB_UNLIKELY dropped (RULEBOOK 2.3); this row is the first arm, in the local-ret form (s2-errors.md 2.3); the copy ret = tmp_ret is written as the C++ writes it (s2-errors.md 2.4 rule 4). The ObHashSet port keeps answering OB_HASH_EXIST and OB_HASH_NOT_EXIST from exist_refactored, never an Option or a bool, until parity (s2-errors.md 2.4 rules 1 and 2). Core unit (core-manifest.tsv:305): this form where the core keeps the function (RULEBOOK section 0).	sweep: ret-compare.tsv:2094 (data row 2093). Producer: subpart_hashset.exist_refactored(..) at src/share/schema/ob_table_schema.cpp:891, on the local ObHashSet<int64_t> of the wanted ids (ob_table_schema.cpp:864), created and filled before the walk (ob_table_schema.cpp:871, :874); ObHashSet::exist_refactored turns a hit into OB_HASH_EXIST (src/oblib/lib/hash/ob_hashset.h:162-163) and otherwise returns get_refactored's code (ob_hashset.h:161), OB_HASH_NOT_EXIST for a miss (src/oblib/lib/hash/ob_hashtable.h:1009). Holder: tmp_ret, a local of the loop body (ob_table_schema.cpp:891; tmp-ret.tsv:1417). Code's branch: the partition that holds the subpartition is pushed onto part_ids (ob_table_schema.cpp:893), and found ends the inner loop while its subpartitions are counted (ob_table_schema.cpp:895-896); tmp_ret is not read again, so the code never leaves the function. The miss is ret-compare.tsv:2095, and any other code is copied into ret (ob_table_schema.cpp:899; tmp-ret.tsv:1418).	confirmed
src/share/schema/ob_table_schema.cpp	ObSimpleTableSchemaV2::get_part_ids_by_subpart_ids	line 898: tmp_ret != OB_HASH_NOT_EXIST	LOOKUP_OUTCOME	The same match tmp_ret { .. } as ret-compare.tsv:2094, for the if / else-if chain over codes on tmp_ret at src/share/schema/ob_table_schema.cpp:892-900 (s2-errors.md 2.3's table; RULEBOOK 2.1); this row, OB_HASH_NOT_EXIST != tmp_ret, is its Err(OB_HASH_NOT_EXIST) => {} and _ => { ret = tmp_ret; } arms: the test is false only for OB_HASH_NOT_EXIST, which gets the empty arm, and every other value, Ok(()) included, gets the copy, as in C++; OB_UNLIKELY dropped (RULEBOOK 2.3), tmp_ret its own ObResult local (s2-errors.md 2.4 rule 4), in the local-ret form (s2-errors.md 2.3); the copy ret = tmp_ret is written as the C++ writes it (s2-errors.md 2.4 rule 4), and nothing replaces the test with ok() or let _ = (s2-errors.md 2.12 items 2 and 3). The ObHashSet port keeps answering OB_HASH_EXIST and OB_HASH_NOT_EXIST from exist_refactored, never an Option or a bool, until parity (s2-errors.md 2.4 rules 1 and 2). Core unit (core-manifest.tsv:305): this form where the core keeps the function (RULEBOOK section 0).	sweep: ret-compare.tsv:2095 (data row 2094). Producer: subpart_hashset.exist_refactored(..) at src/share/schema/ob_table_schema.cpp:891 (as for ret-compare.tsv:2094); OB_HASH_NOT_EXIST when the id is not among the wanted ones (src/oblib/lib/hash/ob_hashtable.h:1009; ob_hashset.h:161). Holder: tmp_ret, a local of the loop body (ob_table_schema.cpp:891; tmp-ret.tsv:1417). Code's branch: the comparison is false and nothing runs: tmp_ret dies unread at the end of the loop body and the walk goes on (ob_table_schema.cpp:887); any other failure is copied into ret (ob_table_schema.cpp:899; tmp-ret.tsv:1418) and ends the loops. The code never leaves the function.	confirmed
src/share/schema/ob_table_schema.cpp	ObSimpleTableSchemaV2::get_part_idx_by_part_id	line 938: tmp_ret == OB_HASH_EXIST	LOOKUP_OUTCOME	With tmp_ret = <the exist_refactored call> its own ObResult local (s2-errors.md 2.4 rule 4), the if / else-if chain over codes on tmp_ret at src/share/schema/ob_table_schema.cpp:938-943 is match tmp_ret { Err(OB_HASH_EXIST) => { oz!(ret = part_idx.push_back(i)); oz!(ret = subpart_idx.push_back(OB_INVALID_ID)); } Err(OB_HASH_NOT_EXIST) => {} _ => { ret = tmp_ret; } } (s2-errors.md 2.3's table; RULEBOOK 2.1): the C++'s second test, OB_HASH_NOT_EXIST != tmp_ret, is false only for OB_HASH_NOT_EXIST, so it becomes the empty Err(OB_HASH_NOT_EXIST) arm and the _ arm after it, which takes Ok(()) too, as the C++ test does, OB_UNLIKELY dropped (RULEBOOK 2.3); this row is the first arm, in the local-ret form (s2-errors.md 2.3); the copy ret = tmp_ret is written as the C++ writes it (s2-errors.md 2.4 rule 4). The ObHashSet port keeps answering OB_HASH_EXIST and OB_HASH_NOT_EXIST from exist_refactored, never an Option or a bool, until parity (s2-errors.md 2.4 rules 1 and 2). Core unit (core-manifest.tsv:305): this form where the core keeps the function (RULEBOOK section 0).	sweep: ret-compare.tsv:2096 (data row 2095). Producer: id_hashset.exist_refactored(..) at src/share/schema/ob_table_schema.cpp:937, on the local ObHashSet<int64_t> of the wanted ids (ob_table_schema.cpp:919), created and filled before the walk (ob_table_schema.cpp:927, :930); ObHashSet::exist_refactored turns a hit into OB_HASH_EXIST (src/oblib/lib/hash/ob_hashset.h:162-163) and otherwise returns get_refactored's code (ob_hashset.h:161), OB_HASH_NOT_EXIST for a miss (src/oblib/lib/hash/ob_hashtable.h:1009). Holder: tmp_ret, a local of the loop body (ob_table_schema.cpp:937; tmp-ret.tsv:1420). Code's branch: the partition's index is appended to part_idx, and OB_INVALID_ID to subpart_idx, each through OZ (ob_table_schema.cpp:939-940), for a table partitioned on one level; tmp_ret is not read again, so the code never leaves the function. The miss is ret-compare.tsv:2097, and any other code is copied into ret (ob_table_schema.cpp:942; tmp-ret.tsv:1421).	confirmed
src/share/schema/ob_table_schema.cpp	ObSimpleTableSchemaV2::get_part_idx_by_part_id	line 941: tmp_ret != OB_HASH_NOT_EXIST	LOOKUP_OUTCOME	The same match tmp_ret { .. } as ret-compare.tsv:2096, for the if / else-if chain over codes on tmp_ret at src/share/schema/ob_table_schema.cpp:938-943 (s2-errors.md 2.3's table; RULEBOOK 2.1); this row, OB_HASH_NOT_EXIST != tmp_ret, is its Err(OB_HASH_NOT_EXIST) => {} and _ => { ret = tmp_ret; } arms: the test is false only for OB_HASH_NOT_EXIST, which gets the empty arm, and every other value, Ok(()) included, gets the copy, as in C++; OB_UNLIKELY dropped (RULEBOOK 2.3), tmp_ret its own ObResult local (s2-errors.md 2.4 rule 4), in the local-ret form (s2-errors.md 2.3); the copy ret = tmp_ret is written as the C++ writes it (s2-errors.md 2.4 rule 4), and nothing replaces the test with ok() or let _ = (s2-errors.md 2.12 items 2 and 3). The ObHashSet port keeps answering OB_HASH_EXIST and OB_HASH_NOT_EXIST from exist_refactored, never an Option or a bool, until parity (s2-errors.md 2.4 rules 1 and 2). Core unit (core-manifest.tsv:305): this form where the core keeps the function (RULEBOOK section 0).	sweep: ret-compare.tsv:2097 (data row 2096). Producer: id_hashset.exist_refactored(..) at src/share/schema/ob_table_schema.cpp:937 (as for ret-compare.tsv:2096); OB_HASH_NOT_EXIST when the id is not among the wanted ones (src/oblib/lib/hash/ob_hashtable.h:1009; ob_hashset.h:161). Holder: tmp_ret, a local of the loop body (ob_table_schema.cpp:937; tmp-ret.tsv:1420). Code's branch: the comparison is false and nothing runs: tmp_ret dies unread at the end of the loop body and the walk goes on (ob_table_schema.cpp:933); any other failure is copied into ret (ob_table_schema.cpp:942; tmp-ret.tsv:1421) and ends the loops. The code never leaves the function.	confirmed
src/share/schema/ob_table_schema.cpp	ObSimpleTableSchemaV2::get_part_idx_by_part_id	line 955: tmp_ret == OB_HASH_EXIST	LOOKUP_OUTCOME	With tmp_ret = <the exist_refactored call> its own ObResult local (s2-errors.md 2.4 rule 4), the if / else-if chain over codes on tmp_ret at src/share/schema/ob_table_schema.cpp:955-960 is match tmp_ret { Err(OB_HASH_EXIST) => { oz!(ret = part_idx.push_back(i)); oz!(ret = subpart_idx.push_back(j)); } Err(OB_HASH_NOT_EXIST) => {} _ => { ret = tmp_ret; } } (s2-errors.md 2.3's table; RULEBOOK 2.1): the C++'s second test, OB_HASH_NOT_EXIST != tmp_ret, is false only for OB_HASH_NOT_EXIST, so it becomes the empty Err(OB_HASH_NOT_EXIST) arm and the _ arm after it, which takes Ok(()) too, as the C++ test does, OB_UNLIKELY dropped (RULEBOOK 2.3); this row is the first arm, in the local-ret form (s2-errors.md 2.3); the copy ret = tmp_ret is written as the C++ writes it (s2-errors.md 2.4 rule 4). The ObHashSet port keeps answering OB_HASH_EXIST and OB_HASH_NOT_EXIST from exist_refactored, never an Option or a bool, until parity (s2-errors.md 2.4 rules 1 and 2). Core unit (core-manifest.tsv:305): this form where the core keeps the function (RULEBOOK section 0).	sweep: ret-compare.tsv:2098 (data row 2097). Producer: id_hashset.exist_refactored(..) at src/share/schema/ob_table_schema.cpp:954, on the local ObHashSet<int64_t> of the wanted ids (ob_table_schema.cpp:919), created and filled before the walk (ob_table_schema.cpp:927, :930); ObHashSet::exist_refactored turns a hit into OB_HASH_EXIST (src/oblib/lib/hash/ob_hashset.h:162-163) and otherwise returns get_refactored's code (ob_hashset.h:161), OB_HASH_NOT_EXIST for a miss (src/oblib/lib/hash/ob_hashtable.h:1009). Holder: tmp_ret, a local of the loop body (ob_table_schema.cpp:954; tmp-ret.tsv:1422). Code's branch: the partition and subpartition indexes are appended, each through OZ (ob_table_schema.cpp:956-957), for a table partitioned on two levels; tmp_ret is not read again, so the code never leaves the function. The miss is ret-compare.tsv:2099, and any other code is copied into ret (ob_table_schema.cpp:959; tmp-ret.tsv:1423).	confirmed
src/share/schema/ob_table_schema.cpp	ObSimpleTableSchemaV2::get_part_idx_by_part_id	line 958: tmp_ret != OB_HASH_NOT_EXIST	LOOKUP_OUTCOME	The same match tmp_ret { .. } as ret-compare.tsv:2098, for the if / else-if chain over codes on tmp_ret at src/share/schema/ob_table_schema.cpp:955-960 (s2-errors.md 2.3's table; RULEBOOK 2.1); this row, OB_HASH_NOT_EXIST != tmp_ret, is its Err(OB_HASH_NOT_EXIST) => {} and _ => { ret = tmp_ret; } arms: the test is false only for OB_HASH_NOT_EXIST, which gets the empty arm, and every other value, Ok(()) included, gets the copy, as in C++; OB_UNLIKELY dropped (RULEBOOK 2.3), tmp_ret its own ObResult local (s2-errors.md 2.4 rule 4), in the local-ret form (s2-errors.md 2.3); the copy ret = tmp_ret is written as the C++ writes it (s2-errors.md 2.4 rule 4), and nothing replaces the test with ok() or let _ = (s2-errors.md 2.12 items 2 and 3). The ObHashSet port keeps answering OB_HASH_EXIST and OB_HASH_NOT_EXIST from exist_refactored, never an Option or a bool, until parity (s2-errors.md 2.4 rules 1 and 2). Core unit (core-manifest.tsv:305): this form where the core keeps the function (RULEBOOK section 0).	sweep: ret-compare.tsv:2099 (data row 2098). Producer: id_hashset.exist_refactored(..) at src/share/schema/ob_table_schema.cpp:954 (as for ret-compare.tsv:2098); OB_HASH_NOT_EXIST when the id is not among the wanted ones (src/oblib/lib/hash/ob_hashtable.h:1009; ob_hashset.h:161). Holder: tmp_ret, a local of the loop body (ob_table_schema.cpp:954; tmp-ret.tsv:1422). Code's branch: the comparison is false and nothing runs: tmp_ret dies unread at the end of the loop body and the walk goes on (ob_table_schema.cpp:950); any other failure is copied into ret (ob_table_schema.cpp:959; tmp-ret.tsv:1423) and ends the loops. The code never leaves the function.	confirmed
src/share/schema/ob_table_schema.cpp	ObSimpleTableSchemaV2::get_tablet_id_by_object_id	line 1084: ret == OB_ITER_END	RENAMED	if ob_fail!(ret = iter.next_partition_info(&mut info)) { if matches!(ret, Err(OB_ITER_END)) { ret = Err(OB_ENTRY_NOT_EXIST); } else { } } else if .. on the local ret, an ObResult, in the local-ret form (s2-errors.md 2.3): the rename stays at the same place, never map_err or if let Err (s2-errors.md 2.4 rule 3; 2.15 item 7), and the empty else stays (s2-errors.md 2.3). ObPartitionSchemaIter::next_partition_info keeps ending with Err(OB_ITER_END), never an Option or a bool, until parity (s2-errors.md 2.4 rule 1; ARCHITECTURE.md section 17 default 6). Core unit (core-manifest.tsv:305): this form where the core keeps the function (RULEBOOK section 0).	sweep: ret-compare.tsv:2100 (data row 2099). Producer: iter.next_partition_info(info) at src/share/schema/ob_table_schema.cpp:1083; ObPartitionSchemaIter::next_partition_info (src/share/schema/ob_partition_schema_iter.cpp:153) passes on the OB_ITER_END of its partition and subpartition iterators (ob_partition_schema_iter.cpp:176-177, :200-203), which ObPartIterator::next sets once every partition was returned (ob_partition_schema_iter.cpp:43-44). Holder: the local ret (ob_table_schema.cpp:1077). Code's branch: ret = OB_ENTRY_NOT_EXIST (ob_table_schema.cpp:1085): no partition has the object id; the loop stops (ob_table_schema.cpp:1082), the tablet id check after it is skipped (ob_table_schema.cpp:1093) and the new code is returned (ob_table_schema.cpp:1096), so OB_ITER_END never leaves the function. Escapes: the one caller, ObTableLockService::get_process_tablets_ (src/storage/tablelock/ob_table_lock_service.cpp:1584; git grep -n 'get_tablet_id_by_object_id(' 834bbee1e -- src), passes it on through an empty branch.	confirmed
src/share/schema/ob_table_schema.cpp	ObSimpleTableSchemaV2::check_if_tablet_exists	line 1108: ret != OB_ITER_END	END_OF_DATA	if ob_fail!(ret = iter.next_partition_info(&mut info)) { if !matches!(ret, Err(OB_ITER_END)) { } } else if .. with its empty body (s2-errors.md 2.3: empty branches stay), on the local ret, an ObResult, in the local-ret form (s2-errors.md 2.3). ObPartitionSchemaIter::next_partition_info keeps ending with Err(OB_ITER_END), never an Option or a bool, until parity (s2-errors.md 2.4 rule 1; ARCHITECTURE.md section 17 default 6). Core unit (core-manifest.tsv:305): this form where the core keeps the function (RULEBOOK section 0).	sweep: ret-compare.tsv:2101 (data row 2100). Producer: iter.next_partition_info(info) at src/share/schema/ob_table_schema.cpp:1107; ObPartitionSchemaIter::next_partition_info (src/share/schema/ob_partition_schema_iter.cpp:153) passes on the OB_ITER_END of its partition and subpartition iterators (ob_partition_schema_iter.cpp:176-177, :200-203), which ObPartIterator::next sets once every partition was returned (ob_partition_schema_iter.cpp:43-44). Holder: the local ret (ob_table_schema.cpp:1101). Code's branch: the body is empty for every code; the loop stops through its OB_SUCC(ret) condition (ob_table_schema.cpp:1106), and OB_ITER_END, every partition walked without the tablet id, is reset after the loop (ob_table_schema.cpp:1114-1115, ret-compare.tsv:2102; reset.tsv:1118), so exists keeps false; any other code is returned (ob_table_schema.cpp:1117).	confirmed
src/share/schema/ob_table_schema.cpp	ObSimpleTableSchemaV2::check_if_tablet_exists	line 1114: ret == OB_ITER_END	END_OF_DATA	if matches!(ret, Err(OB_ITER_END)) { ret = Ok(()); } after the loop, on the local ret, an ObResult, in the local-ret form (s2-errors.md 2.3); the reset stays where the C++ has it (s2-errors.md 2.4 rule 1). ObPartitionSchemaIter::next_partition_info keeps ending with Err(OB_ITER_END), never an Option or a bool, until parity (s2-errors.md 2.4 rule 1; ARCHITECTURE.md section 17 default 6). Core unit (core-manifest.tsv:305): this form where the core keeps the function (RULEBOOK section 0).	sweep: ret-compare.tsv:2102 (data row 2101). Producer: iter.next_partition_info(info) in the loop (src/share/schema/ob_table_schema.cpp:1107, ret-compare.tsv:2101); ObPartitionSchemaIter::next_partition_info (src/share/schema/ob_partition_schema_iter.cpp:153) passes on the OB_ITER_END of its partition and subpartition iterators (ob_partition_schema_iter.cpp:176-177, :200-203), which ObPartIterator::next sets once every partition was returned (ob_partition_schema_iter.cpp:43-44). Holder: the local ret (ob_table_schema.cpp:1101). Code's branch: ret = OB_SUCCESS (ob_table_schema.cpp:1115; reset.tsv:1118): the walk ended without the tablet, so exists keeps the false set at the start (ob_table_schema.cpp:1105) and the check succeeds; any other code is returned (ob_table_schema.cpp:1117).	confirmed
src/share/schema/ob_table_schema.cpp	ObTableSchema::alter_mysql_table_columns	line 1855: ret == OB_ERR_COLUMN_DUPLICATE	IGNORED	} else if ObColumnCheckMode::CHECK_MODE_ONLINE == check_mode && ob_fail!(ret = self.check_column_can_be_altered_online(src_col, &columns[i])) { if matches!(ret, Err(OB_ERR_COLUMN_DUPLICATE)) { ret = Ok(()); } else { } } on the local ret, an ObResult, in the local-ret form (s2-errors.md 2.3); the reset and the empty else stay where the C++ has them, never replaced by ok() or let _ = (s2-errors.md 2.4 rule 1; 2.12 items 2 and 3). Core unit (core-manifest.tsv:305): this form where the core keeps the function (RULEBOOK section 0).	sweep: ret-compare.tsv:2103 (data row 2102). Producer: check_column_can_be_altered_online(src_col, &columns.at(i)) at src/share/schema/ob_table_schema.cpp:1854, which sets OB_ERR_COLUMN_DUPLICATE, with its user message, when another column of the table already has the new name (ob_table_schema.cpp:4122-4126). Holder: the local ret (ob_table_schema.cpp:1844). Code's branch: ret = OB_SUCCESS (ob_table_schema.cpp:1860; reset.tsv:1119), under the comment that renaming a to b and b to a in one statement meets this check midway and that a duplicate among the final names is reported later (ob_table_schema.cpp:1856-1859), which add_col_to_name_hash_array does (ob_table_schema.cpp:1887, ret-compare.tsv:2109); the user message the producer recorded is left as it is. Any other code passes on through the empty else (ob_table_schema.cpp:1861-1862). OB_ERR_COLUMN_DUPLICATE is not a code of value 9's list, so the reset makes the value IGNORED.	confirmed
src/share/schema/ob_table_schema.cpp	ObTableSchema::alter_mysql_table_columns	line 1865: ret == OB_ERR_COLUMN_DUPLICATE	IGNORED	} else if ObColumnCheckMode::CHECK_MODE_OFFLINE == check_mode && ob_fail!(ret = self.check_column_can_be_altered_offline(src_col, &columns[i])) { if matches!(ret, Err(OB_ERR_COLUMN_DUPLICATE)) { ret = Ok(()); } else { } } on the local ret, an ObResult, in the local-ret form (s2-errors.md 2.3); the reset and the empty else stay where the C++ has them, never replaced by ok() or let _ = (s2-errors.md 2.4 rule 1; 2.12 items 2 and 3). Core unit (core-manifest.tsv:305): this form where the core keeps the function (RULEBOOK section 0).	sweep: ret-compare.tsv:2104 (data row 2103). Producer: check_column_can_be_altered_offline(src_col, &columns.at(i)) at src/share/schema/ob_table_schema.cpp:1864, which sets OB_ERR_COLUMN_DUPLICATE, with its user message, when another column of the table already has the new name (ob_table_schema.cpp:4024-4028). Holder: the local ret (ob_table_schema.cpp:1844). Code's branch: ret = OB_SUCCESS (ob_table_schema.cpp:1866; reset.tsv:1120), as for the online check above it (ob_table_schema.cpp:1856-1860, ret-compare.tsv:2103): a duplicate among the final names is reported later by add_col_to_name_hash_array (ob_table_schema.cpp:1887, ret-compare.tsv:2109); the user message the producer recorded is left as it is. Any other code passes on through the empty else (ob_table_schema.cpp:1867-1868). OB_ERR_COLUMN_DUPLICATE is not a code of value 9's list, so the reset makes the value IGNORED.	confirmed
src/share/schema/ob_table_schema.cpp	ObTableSchema::reorder_column	line 1926: ret == OB_ITER_END	END_OF_DATA	if ob_fail!(ret = iter.next(&mut column)) { if matches!(ret, Err(OB_ITER_END)) { ret = Ok(()); break; } else { } } else if .. on the local ret, an ObResult, in the local-ret form (s2-errors.md 2.3); the reset, the break and the empty else stay where the C++ has them (s2-errors.md 2.3, 2.4 rule 1). ObColumnIterByPrevNextID::next keeps ending with Err(OB_ITER_END), never an Option or a bool, until parity (s2-errors.md 2.4 rule 1; ARCHITECTURE.md section 17 default 6). Core unit (core-manifest.tsv:305): this form where the core keeps the function (RULEBOOK section 0).	sweep: ret-compare.tsv:2105 (data row 2104). Producer: iter.next(column) at src/share/schema/ob_table_schema.cpp:1925; ObColumnIterByPrevNextID::next (src/share/schema/ob_table_schema.cpp:6520) walks the columns by their prev/next ids and sets OB_ITER_END once the walk has ended (ob_table_schema.cpp:6524-6525) or the chain of ids runs out (ob_table_schema.cpp:6531-6532, :6540-6541, :6546-6547). Holder: the local ret (ob_table_schema.cpp:1899). Code's branch: ret = OB_SUCCESS and break (ob_table_schema.cpp:1927-1928; reset.tsv:1121): the walk found no visible column to put the column before, so target_column_id keeps -1 (ob_table_schema.cpp:1906) and the lookup after the loop answers OB_ERR_UNEXPECTED (ob_table_schema.cpp:1939-1940); any other code passes on through the empty else (ob_table_schema.cpp:1929-1930).	confirmed
src/share/schema/ob_table_schema.cpp	ObTableSchema::generate_new_column_id_map	line 2730: ret == OB_ITER_END	END_OF_DATA	if ob_fail!(ret = iter.next(&mut column)) { if matches!(ret, Err(OB_ITER_END)) { ret = Ok(()); break; } else { } } else if .. on the local ret, an ObResult, in the local-ret form (s2-errors.md 2.3); the reset, the break and the empty else stay where the C++ has them (s2-errors.md 2.3, 2.4 rule 1). ObColumnIterByPrevNextID::next keeps ending with Err(OB_ITER_END), never an Option or a bool, until parity (s2-errors.md 2.4 rule 1; ARCHITECTURE.md section 17 default 6). Core unit (core-manifest.tsv:306): this form where the core keeps the function (RULEBOOK section 0).	sweep: ret-compare.tsv:2106 (data row 2105). Producer: iter.next(column) at src/share/schema/ob_table_schema.cpp:2729; ObColumnIterByPrevNextID::next (src/share/schema/ob_table_schema.cpp:6520) walks the columns by their prev/next ids and sets OB_ITER_END once the walk has ended (ob_table_schema.cpp:6524-6525) or the chain of ids runs out (ob_table_schema.cpp:6531-6532, :6540-6541, :6546-6547). Holder: the local ret (ob_table_schema.cpp:2724). Code's branch: ret = OB_SUCCESS and break (ob_table_schema.cpp:2731-2732; reset.tsv:1122): every column has its entry in column_id_map (ob_table_schema.cpp:2744), and the function succeeds; any other code passes on through the empty else (ob_table_schema.cpp:2733-2734).	confirmed
src/share/schema/ob_table_schema.cpp	ObTableSchema::add_col_to_id_hash_array	line 3093: other variable hash_ret == OB_HASH_FULL	RETRY	} else if ob_fail!(hash_ret = self.id_hash_array_.set_refactored(ObColumnIdKey(column.get_column_id()), column)) { if matches!(hash_ret, Err(OB_HASH_FULL)) { .. } else { ret = Err(OB_SCHEMA_ERROR); log_warn!(ret, ..); } } — OB_SUCCESS != (hash_ret = x) is ob_fail!(hash_ret = x) (s2-errors.md 2.3's table), hash_ret a local ObResult (s2-errors.md 2.2 rule 5); the arm keeps the larger array, the copy of every entry, the second insert and the swap in the C++ order (RULEBOOK section 0, 'Keep the control flow'; s2-errors.md 2.4 rule 1); local-ret form (s2-errors.md 2.3). The ObPointerHashArray port (core-manifest.tsv:117) keeps answering OB_HASH_FULL for a full array (s2-errors.md 2.4 rule 2). Core unit (core-manifest.tsv:306): this form where the core keeps the function (RULEBOOK section 0).	sweep: ret-compare.tsv:2107 (data row 2106). Producer: id_hash_array_->set_refactored(ObColumnIdKey(column->get_column_id()), column) at src/share/schema/ob_table_schema.cpp:3092, assigned to hash_ret in the else-if condition, on the table's IdHashArray, an ObPointerHashArray of fixed capacity (src/share/schema/ob_table_schema.h:120-121, :1622); ObPointerHashArray::set_refactored (src/oblib/lib/hash/ob_pointer_hashmap.h:148, :122) gets OB_HASH_FULL from find_set_pos when the array holds its maximum count and the key is new (ob_pointer_hashmap.h:168, :177) or when its probe tried every cell (ob_pointer_hashmap.h:418-420). Holder: the local hash_ret (ob_table_schema.cpp:3070). Code's branch: an array sized for twice the current count is allocated (ob_table_schema.cpp:3094-3096), every entry is copied into it (ob_table_schema.cpp:3104-3108), the insert is made again into it (ob_table_schema.cpp:3110-3111), and it replaces the old array (ob_table_schema.cpp:3116-3117): the set is repeated after the array grows. If the second insert fails, ret = OB_SCHEMA_ERROR (ob_table_schema.cpp:3112), the failure of that step; the code itself is never reported. Any other failure of the first insert becomes OB_SCHEMA_ERROR (ob_table_schema.cpp:3121-3122).	confirmed
src/share/schema/ob_table_schema.cpp	ObTableSchema::add_col_to_name_hash_array	line 3180: other variable hash_ret == OB_HASH_FULL	RETRY	} else if ob_fail!(hash_ret = self.name_hash_array_.set_refactored(column_name_key, column)) { match hash_ret { Err(OB_HASH_FULL) => { <the larger array, the copy of every entry, the second insert and the swap> } Err(OB_HASH_EXIST) => { ret = Err(OB_ERR_COLUMN_DUPLICATE); log_warn!(ret, ..); } _ => { ret = hash_ret; log_warn!(ret, ..); } } } — OB_SUCCESS != (hash_ret = x) is ob_fail!(hash_ret = x), and the if / else-if chain over codes on hash_ret in its branch (src/share/schema/ob_table_schema.cpp:3180-3211) is a match (s2-errors.md 2.3's table; RULEBOOK 2.1); this row is its first arm, hash_ret a local ObResult (s2-errors.md 2.2 rule 5); the arm keeps the larger array, the copy of every entry, the second insert and the swap in the C++ order (RULEBOOK section 0, 'Keep the control flow'; s2-errors.md 2.4 rule 1); local-ret form (s2-errors.md 2.3). The ObPointerHashArray port (core-manifest.tsv:117) keeps answering OB_HASH_FULL for a full array (s2-errors.md 2.4 rule 2). Core unit (core-manifest.tsv:306): this form where the core keeps the function (RULEBOOK section 0).	sweep: ret-compare.tsv:2108 (data row 2107). Producer: name_hash_array_->set_refactored(column_name_key, column) at src/share/schema/ob_table_schema.cpp:3179, assigned to hash_ret in the else-if condition, on the table's NameHashArray, an ObPointerHashArray keyed by column name (src/share/schema/ob_table_schema.h:122-123, :1623); ObPointerHashArray::set_refactored (src/oblib/lib/hash/ob_pointer_hashmap.h:148, :122) gets OB_HASH_FULL from find_set_pos when the array holds its maximum count and the key is new (ob_pointer_hashmap.h:168, :177) or when its probe tried every cell (ob_pointer_hashmap.h:418-420). Holder: the local hash_ret (ob_table_schema.cpp:3156). Code's branch: an array sized for twice the current count is allocated (ob_table_schema.cpp:3181-3182), every entry is copied into it (ob_table_schema.cpp:3190-3194), the insert is made again into it (ob_table_schema.cpp:3196), and it replaces the old array (ob_table_schema.cpp:3200-3201): the set is repeated after the array grows. If the second insert fails, ret = OB_SCHEMA_ERROR (ob_table_schema.cpp:3197), the failure of that step; the code itself is never reported. OB_HASH_EXIST is ret-compare.tsv:2109.	confirmed
src/share/schema/ob_table_schema.cpp	ObTableSchema::add_col_to_name_hash_array	line 3205: other variable hash_ret == OB_HASH_EXIST	RENAMED	The same match hash_ret { .. } as ret-compare.tsv:2108, for the if / else-if chain over codes on hash_ret under ob_fail!(hash_ret = <the set_refactored call>) (src/share/schema/ob_table_schema.cpp:3179-3211; s2-errors.md 2.3's table; RULEBOOK 2.1); this row is its second arm, Err(OB_HASH_EXIST) => { ret = Err(OB_ERR_COLUMN_DUPLICATE); log_warn!(ret, ..); }, and the C++ else is the _ => { ret = hash_ret; log_warn!(ret, ..); } arm after it; hash_ret a local ObResult (s2-errors.md 2.2 rule 5), in the local-ret form (s2-errors.md 2.3): the rename stays at the same place, never map_err or if let Err (s2-errors.md 2.4 rule 3; 2.15 item 7). The ObPointerHashArray port (core-manifest.tsv:117) keeps answering OB_HASH_EXIST from set_refactored with overwrite 0 (s2-errors.md 2.4 rule 2). Core unit (core-manifest.tsv:306): this form where the core keeps the function (RULEBOOK section 0).	sweep: ret-compare.tsv:2109 (data row 2108). Producer: name_hash_array_->set_refactored(column_name_key, column) at src/share/schema/ob_table_schema.cpp:3179, whose overwrite defaults to 0 (src/oblib/lib/hash/ob_pointer_hashmap.h:148), on the NameHashArray (src/share/schema/ob_table_schema.h:122-123, :1623); find_set_pos sets OB_HASH_EXIST when the name is already present and overwrite is 0 (ob_pointer_hashmap.h:130, :162, :407-408). Holder: the local hash_ret (ob_table_schema.cpp:3156). Code's branch: ret = OB_ERR_COLUMN_DUPLICATE and a WARN log 'duplicate column name' (ob_table_schema.cpp:3206-3207), with no user message; the function returns the new code (ob_table_schema.cpp:3214), never OB_HASH_EXIST. Escapes: alter_column, alter_mysql_table_columns and convert_column_udt_set_ids pass it on (ob_table_schema.cpp:1830, :1887, :6943), and so does the ObTableSchema::add_column template (src/share/schema/ob_table_schema.h:2163); git grep -n 'add_col_to_name_hash_array(' 834bbee1e -- src finds no other call. alter_mysql_table_columns counts on it to report a duplicate among the final names (ob_table_schema.cpp:1858-1859).	confirmed
src/share/schema/ob_table_schema.cpp	ObTableSchema::has_add_column_instant	line 4444: ret == OB_ITER_END	END_OF_DATA	if ob_fail!(ret = iter.next(&mut col)) { if matches!(ret, Err(OB_ITER_END)) { ret = Ok(()); break; } else { } } else if .. on the local ret, an ObResult, in the local-ret form (s2-errors.md 2.3); the reset, the break and the empty else stay where the C++ has them (s2-errors.md 2.3, 2.4 rule 1). ObColumnIterByPrevNextID::next keeps ending with Err(OB_ITER_END), never an Option or a bool, until parity (s2-errors.md 2.4 rule 1; ARCHITECTURE.md section 17 default 6). Core unit (core-manifest.tsv:306): this form where the core keeps the function (RULEBOOK section 0).	sweep: ret-compare.tsv:2110 (data row 2109). Producer: iter.next(col) at src/share/schema/ob_table_schema.cpp:4443; ObColumnIterByPrevNextID::next (src/share/schema/ob_table_schema.cpp:6520) walks the columns by their prev/next ids and sets OB_ITER_END once the walk has ended (ob_table_schema.cpp:6524-6525) or the chain of ids runs out (ob_table_schema.cpp:6531-6532, :6540-6541, :6546-6547). Holder: the local ret (ob_table_schema.cpp:4437). Code's branch: ret = OB_SUCCESS and break (ob_table_schema.cpp:4445-4446; reset.tsv:1124): every column was walked in order without a column id lower than one before it, so add_column_instant keeps the false set at the start (ob_table_schema.cpp:4438, :4453-4455); any other code passes on through the empty else (ob_table_schema.cpp:4447-4448).	confirmed
src/share/schema/ob_table_schema.cpp	ObTableSchema::check_functional_index_columns_depend	line 5047: ret == OB_HASH_NOT_EXIST	LOOKUP_OUTCOME	The if / else-if chain over codes on ret at ob_table_schema.cpp:5047-5053 is match ret { Err(OB_HASH_NOT_EXIST) => { ret = Ok(()); } Err(OB_HASH_EXIST) => { *has_func_idx_col_deps = true; ret = Ok(()); } _ => {} } (s2-errors.md 2.3's table; RULEBOOK 2.1), inside } else if ob_fail!(ret = deps_gen_columns.exist_refactored(..)) {; this row is its first arm, on the local ret, an ObResult, in the local-ret form (s2-errors.md 2.3); the resets stay where the C++ has them (s2-errors.md 2.4 rule 1). The ObHashSet port keeps answering OB_HASH_EXIST and OB_HASH_NOT_EXIST from exist_refactored, never an Option or a bool, until parity (s2-errors.md 2.4 rules 1 and 2). Core unit (core-manifest.tsv:307): this form where the core keeps the function (RULEBOOK section 0).	sweep: ret-compare.tsv:2111 (data row 2110). Producer: deps_gen_columns.exist_refactored(index_col->get_column_name()) at src/share/schema/ob_table_schema.cpp:5046, on the local ObHashSet<ObString> of the generated columns that depend on the data column (ob_table_schema.cpp:5017), created and filled before this loop (ob_table_schema.cpp:5020, :5031); ObHashSet::exist_refactored turns a hit into OB_HASH_EXIST (src/oblib/lib/hash/ob_hashset.h:162-163) and otherwise returns get_refactored's code (ob_hashset.h:161), OB_HASH_NOT_EXIST for a miss (src/oblib/lib/hash/ob_hashtable.h:1009). Holder: the local ret (ob_table_schema.cpp:5014). Code's branch: ret = OB_SUCCESS (ob_table_schema.cpp:5048; reset.tsv:1125): this index column does not depend on the data column, and the loops go on (ob_table_schema.cpp:5035, :5042); the code never leaves the function. The hit is ret-compare.tsv:2112.	confirmed
src/share/schema/ob_table_schema.cpp	ObTableSchema::check_functional_index_columns_depend	line 5049: ret == OB_HASH_EXIST	LOOKUP_OUTCOME	The if / else-if chain over codes on ret at ob_table_schema.cpp:5047-5053 is match ret { Err(OB_HASH_NOT_EXIST) => { ret = Ok(()); } Err(OB_HASH_EXIST) => { *has_func_idx_col_deps = true; ret = Ok(()); } _ => {} } (s2-errors.md 2.3's table; RULEBOOK 2.1), inside } else if ob_fail!(ret = deps_gen_columns.exist_refactored(..)) {; this row is its second arm, on the local ret, an ObResult, in the local-ret form (s2-errors.md 2.3); the resets stay where the C++ has them (s2-errors.md 2.4 rule 1). The ObHashSet port keeps answering OB_HASH_EXIST and OB_HASH_NOT_EXIST from exist_refactored, never an Option or a bool, until parity (s2-errors.md 2.4 rules 1 and 2). Core unit (core-manifest.tsv:307): this form where the core keeps the function (RULEBOOK section 0).	sweep: ret-compare.tsv:2112 (data row 2111). Producer: deps_gen_columns.exist_refactored(index_col->get_column_name()) at src/share/schema/ob_table_schema.cpp:5046, on the local ObHashSet<ObString> of the generated columns that depend on the data column (ob_table_schema.cpp:5017), created and filled before this loop (ob_table_schema.cpp:5020, :5031); ObHashSet::exist_refactored turns a hit into OB_HASH_EXIST (src/oblib/lib/hash/ob_hashset.h:162-163) and otherwise returns get_refactored's code (ob_hashset.h:161), OB_HASH_NOT_EXIST for a miss (src/oblib/lib/hash/ob_hashtable.h:1009). Holder: the local ret (ob_table_schema.cpp:5014). Code's branch: has_func_idx_col_deps = true and ret = OB_SUCCESS (ob_table_schema.cpp:5050-5051; reset.tsv:1126): an index uses a functional-index column built on the data column; the flag ends both loops (ob_table_schema.cpp:5035, :5042) and the answer leaves through it, so the code never leaves the function. Any other code passes on through the empty else (ob_table_schema.cpp:5052-5053).	confirmed
src/share/schema/ob_table_schema.cpp	ObTableSchema::check_prefix_index_columns_depend	line 5099: call result deps_gen_columns.exist_refactored(index_col->get_column_n... == OB_HASH_EXIST	LOOKUP_OUTCOME	} else if matches!(deps_gen_columns.exist_refactored(index_col.get_column_name()), Err(OB_HASH_EXIST)) { *has_prefix_idx_col_deps = true; } else { } — a call's result compared directly is tested in place, the callee returning an ObResult (vocabulary section 6, the call row; s2-errors.md 2.2 rule 1), and every other result of the call is dropped there as in C++ (s2-errors.md 2.4 rule 1); the empty else stays (s2-errors.md 2.3); local-ret form (s2-errors.md 2.3). The ObHashSet port keeps answering OB_HASH_EXIST from exist_refactored, never an Option or a bool, until parity (s2-errors.md 2.4 rules 1 and 2). Core unit (core-manifest.tsv:307): this form where the core keeps the function (RULEBOOK section 0).	sweep: ret-compare.tsv:2113 (data row 2112). Producer: deps_gen_columns.exist_refactored(index_col->get_column_name()) at src/share/schema/ob_table_schema.cpp:5099, on the local ObHashSet<ObString> of the prefix-index columns that depend on the data column (ob_table_schema.cpp:5068), created and filled before this loop (ob_table_schema.cpp:5071, :5083); ObHashSet::exist_refactored turns a hit into OB_HASH_EXIST (src/oblib/lib/hash/ob_hashset.h:162-163). Holder: none; the call's result is compared in the condition and not stored (ob_table_schema.cpp:5099). Code's branch: has_prefix_idx_col_deps = true (ob_table_schema.cpp:5100), which ends both loops (ob_table_schema.cpp:5088, :5095), so the answer leaves through the flag; OB_HASH_NOT_EXIST, and any other code the call returns, falls to the empty else and is dropped (ob_table_schema.cpp:5101), unlike check_functional_index_columns_depend, which passes other codes on (ob_table_schema.cpp:5046-5053).	confirmed
src/share/schema/ob_table_sql_service.cpp	ObTableSqlService::drop_table	line 758: ret != OB_TABLE_NOT_EXIST	LOOKUP_OUTCOME	ret = <the update_data_table_schema_version call>; if !matches!(ret, Err(OB_TABLE_NOT_EXIST)) { ret = Err(OB_ERR_UNEXPECTED); log_error!(ret, ..); } else { ret = Ok(()); log_error!(ret, ..); } as the C++ writes it, on the local ret, an ObResult, in the local-ret form (s2-errors.md 2.3); each log takes the ret in scope on its C++ line (s2-errors.md 2.5 rule 1). update_data_table_schema_version keeps answering OB_TABLE_NOT_EXIST when neither a table nor a mock foreign key parent table has the id, never an Option or a bool, until parity (s2-errors.md 2.4 rule 1). Core unit (core-manifest.tsv:332): this form where the core keeps the function (RULEBOOK section 0).	sweep: ret-compare.tsv:2114 (data row 2113). Producer: update_data_table_schema_version(sql_client, table_schema.get_data_table_id(), ..) at src/share/schema/ob_table_sql_service.cpp:757, which reads the data table's schema from the inner tables by id (ob_table_sql_service.cpp:2933-2934) through the ObSchemaService interface (src/share/schema/ob_ddl_sql_service.h:63; src/share/schema/ob_schema_service.h:779), whose one implementation, ObSchemaServiceSQLImpl (src/observer/schema/ob_schema_service_sql_impl.h:64; git grep -n 'public ObSchemaService' 834bbee1e -- src), sets OB_TABLE_NOT_EXIST when the read returns no table (src/observer/schema/ob_schema_service_sql_impl.cpp:855-858), and then tries a mock foreign key parent table with the id (ob_table_sql_service.cpp:2974-2977, ret-compare.tsv:2117), whose read sets OB_TABLE_NOT_EXIST too when none has it (ob_schema_service_sql_impl.cpp:961-962). Holder: the local ret (ob_table_sql_service.cpp:673). Code's branch: the else sets ret = OB_SUCCESS with a LOG_ERROR that the data table's schema version update is skipped (ob_table_sql_service.cpp:762-763; reset.tsv:1127): when a lonely LOB aux table is dropped by force its data table is already gone, so the update is expected to find no table (ob_table_sql_service.cpp:750-755); every other result, success included, becomes OB_ERR_UNEXPECTED (ob_table_sql_service.cpp:758-760). The code never leaves the function.	confirmed
src/share/schema/ob_table_sql_service.cpp	ObTableSqlService::drop_table	line 802: call result drop_table_set->exist_refactored(update_table_id) == OB_HASH_EXIST	LOOKUP_OUTCOME	} else if <drop_table_set is not null> && matches!(drop_table_set.exist_refactored(&update_table_id), Err(OB_HASH_EXIST)) { } — a call's result compared directly is tested in place, the callee returning an ObResult (vocabulary section 6, the call row; s2-errors.md 2.2 rule 1), the empty branch kept (s2-errors.md 2.3), and any other result of the call dropped there as in C++ (s2-errors.md 2.4 rule 1); local-ret form (s2-errors.md 2.3). The ObHashSet port keeps answering OB_HASH_EXIST from exist_refactored, never an Option or a bool, until parity (s2-errors.md 2.4 rules 1 and 2). Core unit (core-manifest.tsv:332): this form where the core keeps the function (RULEBOOK section 0).	sweep: ret-compare.tsv:2115 (data row 2114). Producer: drop_table_set->exist_refactored(update_table_id) at src/share/schema/ob_table_sql_service.cpp:802, on the caller's DropTableIdHashSet, an ObHashSet<uint64_t> of the tables dropped together (src/share/schema/ob_schema_struct.h:5486; ob_table_sql_service.cpp:671); ObHashSet::exist_refactored turns a hit into OB_HASH_EXIST (src/oblib/lib/hash/ob_hashset.h:162-163). Holder: none; the call's result is compared in the condition and not stored. Code's branch: the empty arm, commented that the table at the other end of the foreign key is being dropped too, so its schema version needs no update (ob_table_sql_service.cpp:803), so the else-if chain skips the update at ob_table_sql_service.cpp:806; every other result of the call, errors included, falls to the next arm (ob_table_sql_service.cpp:804). The code never leaves the function.	confirmed
src/share/schema/ob_table_sql_service.cpp	ObTableSqlService::check_table_history_matched_	line 1782: ret == OB_ITER_END	END_OF_DATA	} else if ob_fail!(ret = result.next()) { if matches!(ret, Err(OB_ITER_END)) { ret = Ok(()); } else { } } else { ret = Err(OB_STATE_NOT_MATCH); } on the local ret, an ObResult, in the local-ret form (s2-errors.md 2.3); the reset and the empty else stay where the C++ has them (s2-errors.md 2.3, 2.4 rule 1). The result's next keeps ending with Err(OB_ITER_END), never an Option or a bool, until parity (s2-errors.md 2.4 rules 1 and 2; ARCHITECTURE.md section 17 default 6). Core unit (core-manifest.tsv:332): this form where the core keeps the function (RULEBOOK section 0).	sweep: ret-compare.tsv:2116 (data row 2115). Producer: result->next() at src/share/schema/ob_table_sql_service.cpp:1781, on the result of an EXCEPT query that returns the history row's columns that the table row lacks (ob_table_sql_service.cpp:1773-1778); ObMySQLResult::next is pure virtual (src/oblib/common/mysqlclient/ob_mysql_result.h:1560), and ObInnerSQLResult::next, its one implementation (src/observer/ob_inner_sql_result.h:42; git grep -n 'public common::sqlclient::ObMySQLResult' 834bbee1e -- src), answers OB_ITER_END once iter_end_ is set and passes on the result set's OB_ITER_END after the last row (src/observer/ob_inner_sql_result.cpp:207-208, :216). Here the empty result means the history row matches the table row, not the end of a walk over rows. Holder: the local ret (ob_table_sql_service.cpp:1735). Code's branch: ret = OB_SUCCESS (ob_table_sql_service.cpp:1783; reset.tsv:1128): no difference was found, so the check passes; a row means the two differ and gives OB_STATE_NOT_MATCH (ob_table_sql_service.cpp:1786-1787); any other code passes on through the empty else (ob_table_sql_service.cpp:1784-1785).	confirmed
src/share/schema/ob_table_sql_service.cpp	ObTableSqlService::update_data_table_schema_version	line 2974: ret == OB_TABLE_NOT_EXIST	LOOKUP_OUTCOME	The if / else-if chain over codes on ret at src/share/schema/ob_table_sql_service.cpp:2936-2980 is match ret { Ok(()) => { <the table's version update, its history row and the operation log> } Err(OB_TABLE_NOT_EXIST) => { <the mock foreign key parent table read and its version update> } _ => {} } (s2-errors.md 2.3's table; RULEBOOK 2.1), the last arm empty since the C++ chain has no else; this row is its second arm, on the local ret, an ObResult, in the local-ret form (s2-errors.md 2.3); the arm keeps the mock foreign key parent table read and its schema version update in the C++ order, each overwriting ret (RULEBOOK section 0, 'Keep the control flow'). The inner-table reads keep answering OB_TABLE_NOT_EXIST for an id with no row, never an Option or a bool, until parity (s2-errors.md 2.4 rule 1). Core unit (core-manifest.tsv:333): this form where the core keeps the function (RULEBOOK section 0).	sweep: ret-compare.tsv:2117 (data row 2116). Producer: schema_service_.get_table_schema_from_inner_table(schema_status, data_table_id, sql_client, table_schema) at src/share/schema/ob_table_sql_service.cpp:2933, which goes through the ObSchemaService interface (src/share/schema/ob_ddl_sql_service.h:63; src/share/schema/ob_schema_service.h:779), whose one implementation, ObSchemaServiceSQLImpl (src/observer/schema/ob_schema_service_sql_impl.h:64; git grep -n 'public ObSchemaService' 834bbee1e -- src), sets OB_TABLE_NOT_EXIST when the read returns no table (src/observer/schema/ob_schema_service_sql_impl.cpp:855-858). Holder: the local ret (ob_table_sql_service.cpp:2920). Code's branch: the id may name a mock foreign key parent table, so that table is read by the same id (ob_table_sql_service.cpp:2976-2977) and its schema version updated (ob_table_sql_service.cpp:2978), each call overwriting ret; when no mock table has the id either, that read sets OB_TABLE_NOT_EXIST again (src/observer/schema/ob_schema_service_sql_impl.cpp:961-962), and it is returned (ob_table_sql_service.cpp:2981). Escapes: git grep -n 'update_data_table_schema_version(' 834bbee1e -- src lists the definition, the declaration and 25 calls; drop_table's forced drop of a lonely LOB aux table tests the code (ob_table_sql_service.cpp:757-758, ret-compare.tsv:2114), the call for a foreign key across databases keeps it in tmp_ret for a log (ob_table_sql_service.cpp:797-799), and the others take it through OB_FAIL, FAILEDx or OZ; git grep -n OB_TABLE_NOT_EXIST 834bbee1e -- src/share/schema/ob_table_sql_service.cpp finds only this test and the one at ob_table_sql_service.cpp:758.	confirmed
src/share/schema/ob_trigger_mgr.cpp	ObTriggerMgr::add_trigger	line 217: ret == OB_HASH_NOT_EXIST	LOOKUP_OUTCOME	oz!(ret = <the erase_refactored call>, ..); ret = if matches!(ret, Err(OB_HASH_NOT_EXIST)) { Ok(()) } else { ret }; the check macro in its RULEBOOK 2.1 form, and the ternary is an if expression written as the C++ writes it, since s2-errors.md 2.4 rule 4 turns only the 'a unless a is success, then b' merges into and (vocabulary section 5, last clause), on the local ret, an ObResult, in the local-ret form (s2-errors.md 2.3). The ObPointerHashMap port (core-manifest.tsv:117) keeps answering OB_HASH_NOT_EXIST from erase_refactored for a missing key, and OB_NOT_INIT for a map never created, never an Option or a bool, until parity (s2-errors.md 2.4 rules 1 and 2). Core unit (core-manifest.tsv:296): this form where the core keeps the function (RULEBOOK section 0).	sweep: ret-compare.tsv:2118 (data row 2117). Producer: OZ (trigger_id_map_.erase_refactored(trigger_id), trigger_id) at src/share/schema/ob_trigger_mgr.cpp:216; OZ runs the call only while ret is OB_SUCCESS and logs a failure (src/oblib/lib/ob_check_macros.h:104-113); the map is the TriggerIdMap, an ObPointerHashMap (src/share/schema/ob_trigger_mgr.h:222-223, :264); ObPointerHashMap::erase_refactored (src/oblib/lib/hash/ob_pointer_hashmap.h:693, :669) answers OB_NOT_INIT for a map never created (ob_pointer_hashmap.h:673-675) and otherwise asks each sub map in turn (ob_pointer_hashmap.h:679), whose erase_refactored stores the erased marker with overwrite 1 (ob_pointer_hashmap.h:279) and gets OB_HASH_NOT_EXIST from find_set_pos when the key is absent (ob_pointer_hashmap.h:164-167). Holder: the local ret (ob_trigger_mgr.cpp:196). Code's branch: the ternary sets ret = OB_SUCCESS (ob_trigger_mgr.cpp:217; reset.tsv:1129), so a replaced trigger whose id was not in the map does not stop add_trigger, and the name erase and the two inserts run next (ob_trigger_mgr.cpp:218, :223-224); the code never leaves the function.	confirmed
src/share/schema/ob_trigger_mgr.cpp	ObTriggerMgr::add_trigger	line 219: ret == OB_HASH_NOT_EXIST	LOOKUP_OUTCOME	oz!(ret = <the erase_refactored call>, ..); ret = if matches!(ret, Err(OB_HASH_NOT_EXIST)) { Ok(()) } else { ret }; the check macro in its RULEBOOK 2.1 form, and the ternary is an if expression written as the C++ writes it, since s2-errors.md 2.4 rule 4 turns only the 'a unless a is success, then b' merges into and (vocabulary section 5, last clause), on the local ret, an ObResult, in the local-ret form (s2-errors.md 2.3). The ObPointerHashMap port (core-manifest.tsv:117) keeps answering OB_HASH_NOT_EXIST from erase_refactored for a missing key, and OB_NOT_INIT for a map never created, never an Option or a bool, until parity (s2-errors.md 2.4 rules 1 and 2). Core unit (core-manifest.tsv:296): this form where the core keeps the function (RULEBOOK section 0).	sweep: ret-compare.tsv:2119 (data row 2118). Producer: OZ (trigger_name_map_.erase_refactored(name_wrapper), name_wrapper) at src/share/schema/ob_trigger_mgr.cpp:218; OZ runs the call only while ret is OB_SUCCESS and logs a failure (src/oblib/lib/ob_check_macros.h:104-113); the map is the TriggerNameMap, an ObPointerHashMap keyed by database id and trigger name (src/share/schema/ob_trigger_mgr.h:224-225, :265); ObPointerHashMap::erase_refactored (src/oblib/lib/hash/ob_pointer_hashmap.h:693, :669) answers OB_NOT_INIT for a map never created (ob_pointer_hashmap.h:673-675) and otherwise asks each sub map in turn (ob_pointer_hashmap.h:679), whose erase_refactored stores the erased marker with overwrite 1 (ob_pointer_hashmap.h:279) and gets OB_HASH_NOT_EXIST from find_set_pos when the key is absent (ob_pointer_hashmap.h:164-167). Holder: the local ret (ob_trigger_mgr.cpp:196). Code's branch: the ternary sets ret = OB_SUCCESS (ob_trigger_mgr.cpp:219; reset.tsv:1130), so the replaced trigger's old name being absent does not stop add_trigger, and the id and name inserts run next (ob_trigger_mgr.cpp:223-224); the code never leaves the function.	confirmed
src/share/schema/ob_trigger_mgr.cpp	ObTriggerMgr::del_trigger	line 246: ret == OB_HASH_NOT_EXIST	LOOKUP_OUTCOME	oz!(ret = <the erase_refactored call>, ..); ret = if matches!(ret, Err(OB_HASH_NOT_EXIST)) { Ok(()) } else { ret }; the check macro in its RULEBOOK 2.1 form, and the ternary is an if expression written as the C++ writes it, since s2-errors.md 2.4 rule 4 turns only the 'a unless a is success, then b' merges into and (vocabulary section 5, last clause), on the local ret, an ObResult, in the local-ret form (s2-errors.md 2.3). The ObPointerHashMap port (core-manifest.tsv:117) keeps answering OB_HASH_NOT_EXIST from erase_refactored for a missing key, and OB_NOT_INIT for a map never created, never an Option or a bool, until parity (s2-errors.md 2.4 rules 1 and 2). Core unit (core-manifest.tsv:296): this form where the core keeps the function (RULEBOOK section 0).	sweep: ret-compare.tsv:2120 (data row 2119). Producer: OZ (trigger_id_map_.erase_refactored(raw_trigger_id)) at src/share/schema/ob_trigger_mgr.cpp:245; OZ runs the call only while ret is OB_SUCCESS and logs a failure (src/oblib/lib/ob_check_macros.h:104-113); the map is the TriggerIdMap, an ObPointerHashMap (src/share/schema/ob_trigger_mgr.h:222-223, :264); ObPointerHashMap::erase_refactored (src/oblib/lib/hash/ob_pointer_hashmap.h:693, :669) answers OB_NOT_INIT for a map never created (ob_pointer_hashmap.h:673-675) and otherwise asks each sub map in turn (ob_pointer_hashmap.h:679), whose erase_refactored stores the erased marker with overwrite 1 (ob_pointer_hashmap.h:279) and gets OB_HASH_NOT_EXIST from find_set_pos when the key is absent (ob_pointer_hashmap.h:164-167). Holder: the local ret (ob_trigger_mgr.cpp:231). Code's branch: the ternary sets ret = OB_SUCCESS (ob_trigger_mgr.cpp:246; reset.tsv:1131), so a deleted trigger whose id was not in the map does not stop del_trigger, and the name erase runs next (ob_trigger_mgr.cpp:247); the code never leaves the function.	confirmed
src/share/schema/ob_trigger_mgr.cpp	ObTriggerMgr::del_trigger	line 248: ret == OB_HASH_NOT_EXIST	LOOKUP_OUTCOME	oz!(ret = <the erase_refactored call>, ..); ret = if matches!(ret, Err(OB_HASH_NOT_EXIST)) { Ok(()) } else { ret }; the check macro in its RULEBOOK 2.1 form, and the ternary is an if expression written as the C++ writes it, since s2-errors.md 2.4 rule 4 turns only the 'a unless a is success, then b' merges into and (vocabulary section 5, last clause), on the local ret, an ObResult, in the local-ret form (s2-errors.md 2.3). The ObPointerHashMap port (core-manifest.tsv:117) keeps answering OB_HASH_NOT_EXIST from erase_refactored for a missing key, and OB_NOT_INIT for a map never created, never an Option or a bool, until parity (s2-errors.md 2.4 rules 1 and 2). Core unit (core-manifest.tsv:296): this form where the core keeps the function (RULEBOOK section 0).	sweep: ret-compare.tsv:2121 (data row 2120). Producer: OZ (trigger_name_map_.erase_refactored(name_wrapper)) at src/share/schema/ob_trigger_mgr.cpp:247; OZ runs the call only while ret is OB_SUCCESS and logs a failure (src/oblib/lib/ob_check_macros.h:104-113); the map is the TriggerNameMap, an ObPointerHashMap keyed by database id and trigger name (src/share/schema/ob_trigger_mgr.h:224-225, :265); ObPointerHashMap::erase_refactored (src/oblib/lib/hash/ob_pointer_hashmap.h:693, :669) answers OB_NOT_INIT for a map never created (ob_pointer_hashmap.h:673-675) and otherwise asks each sub map in turn (ob_pointer_hashmap.h:679), whose erase_refactored stores the erased marker with overwrite 1 (ob_pointer_hashmap.h:279) and gets OB_HASH_NOT_EXIST from find_set_pos when the key is absent (ob_pointer_hashmap.h:164-167). Holder: the local ret (ob_trigger_mgr.cpp:231). Code's branch: the ternary sets ret = OB_SUCCESS (ob_trigger_mgr.cpp:248; reset.tsv:1132), so a deleted trigger whose name was not in the map still gives success (ob_trigger_mgr.cpp:250); the code never leaves the function.	confirmed
src/share/schema/ob_trigger_mgr.cpp	ObTriggerMgr::try_rebuild_trigger_hashmap	line 278: other variable hash_ret == OB_HASH_EXIST	LOOKUP_OUTCOME	if hash_ret.is_err() { ret = if matches!(hash_ret, Err(OB_HASH_EXIST)) { Ok(()) } else { hash_ret }; log_error!(ret, ..); } with hash_ret a local ObResult (s2-errors.md 2.2 rule 5): OB_SUCCESS != hash_ret is hash_ret.is_err() (s2-errors.md 2.3's table), the ternary is an if expression written as the C++ writes it, since s2-errors.md 2.4 rule 4 turns only the 'a unless a is success, then b' merges into and (vocabulary section 5, last clause), and the log takes the ret in scope on the C++ line, which the ternary has just set (s2-errors.md 2.5 rule 1); the loop keeps its OB_SUCC(ret) condition and the function the local-ret form (s2-errors.md 2.3). The ObPointerHashMap port (core-manifest.tsv:117) keeps answering OB_HASH_EXIST from set_refactored with overwrite 0, never an Option or a bool, until parity (s2-errors.md 2.4 rules 1 and 2). Core unit (core-manifest.tsv:296): this form where the core keeps the function (RULEBOOK section 0).	sweep: ret-compare.tsv:2122 (data row 2121). Producer: trigger_name_map_.set_refactored(name_wrapper, trigger_info, over_write) at src/share/schema/ob_trigger_mgr.cpp:276, with over_write = 0 (ob_trigger_mgr.cpp:262), on the TriggerNameMap, an ObPointerHashMap (src/share/schema/ob_trigger_mgr.h:224-225, :265) that the rebuild has just cleared (ob_trigger_mgr.cpp:266); ObPointerHashMap::set_refactored (src/oblib/lib/hash/ob_pointer_hashmap.h:585, :543) gets OB_HASH_EXIST from the sub maps' find_set_pos when the key is already present and overwrite is 0 (ob_pointer_hashmap.h:553, :807, :407-408), here a second trigger with the same database and name. Holder: the local hash_ret (ob_trigger_mgr.cpp:276). Code's branch: ret = OB_SUCCESS through the ternary (ob_trigger_mgr.cpp:278; reset.tsv:1133) and a LOG_ERROR 'build trigger name map failed' (ob_trigger_mgr.cpp:279-281); the loop goes on (ob_trigger_mgr.cpp:267-268) and the name keeps its first trigger. The count check after the loop, which every path reaches, answers OB_DUPLICATE_OBJECT_NAME_EXIST when the name map is short (ob_trigger_mgr.cpp:287-290), so the duplicate is reported under that code and OB_HASH_EXIST never leaves the function; any other failure of the insert is kept in ret.	confirmed
src/share/storage/ob_admin_job_table_storage.cpp	ObAdminJobTableStorage::get_max_job_id	line 153: ret == OB_ENTRY_NOT_EXIST	OTHER	} else if ob_fail!(ret = <the guard's query call>) { if matches!(ret, Err(OB_ENTRY_NOT_EXIST)) { ret = Ok(()); *max_job_id = 0; } else { } } as the C++ writes it (RULEBOOK section 0, 'Keep the control flow'; s2-errors.md 2.4 rule 1), on the local ret, an ObResult, in the local-ret form (s2-errors.md 2.3), the empty else kept (s2-errors.md 2.3). ObSQLiteConnection::query keeps answering OB_ENTRY_NOT_EXIST for an empty result, never an Option or a bool, until parity (s2-errors.md 2.4 rule 1). The test stays although the code cannot arrive, since RULEBOOK section 0's list of statements a translation may remove does not name it.	sweep: ret-compare.tsv:2123 (data row 2122). Producer: guard->query(select_sql, nullptr, row_processor) at src/share/storage/ob_admin_job_table_storage.cpp:152; ObSQLiteConnection::query (src/share/storage/ob_sqlite_connection.cpp:378) walks the rows with step_query, which answers OB_ITER_END at SQLITE_DONE (ob_sqlite_connection.cpp:474-475), and turns that end into OB_ENTRY_NOT_EXIST only when no row came (ob_sqlite_connection.cpp:405-407, ret-compare.tsv:2127). The query is SELECT max(job_id) over the whole table (ob_admin_job_table_storage.cpp:143-144), an aggregate read and not a lookup by key, id or name, so value 9's test (b) does not hold. It is also an aggregate query without GROUP BY, which SQLite answers with exactly one row, NULL for an empty table: step_query returns that row, the callback reads it with get_int64, which reads NULL as 0 through sqlite3_column_int64 (ob_sqlite_connection.cpp:161), and returns OB_ITER_END (ob_admin_job_table_storage.cpp:146-147), which query resets to success (ob_sqlite_connection.cpp:401-403, ret-compare.tsv:2126). No run of this query makes query answer OB_ENTRY_NOT_EXIST, so the code cannot arrive here, and a table with no job gets max_job_id = 0 from the callback. Holder: the local ret (ob_admin_job_table_storage.cpp:138). Code's branch, as it would run: ret = OB_SUCCESS (ob_admin_job_table_storage.cpp:154; reset.tsv:1134) and max_job_id = 0 (ob_admin_job_table_storage.cpp:155) in place of the -1 set at the start (ob_admin_job_table_storage.cpp:139): a default value; any other code passes on through the empty else (ob_admin_job_table_storage.cpp:156-157). Value OTHER, from what the branch would do, since the producer cannot set the code (vocabulary section 3, item 3). The code never leaves the function.	confirmed
src/share/storage/ob_column_checksum_error_info_table_storage.cpp	ObColumnChecksumErrorInfoTableStorage::get	line 228: ret != OB_ENTRY_NOT_EXIST	LOOKUP_OUTCOME	} else if ob_fail!(ret = <the guard's query call>) { if !matches!(ret, Err(OB_ENTRY_NOT_EXIST)) { } else { ret = Ok(()); } } on the local ret, an ObResult, in the local-ret form (s2-errors.md 2.3); the empty branch stays (s2-errors.md 2.3) and the reset stays where the C++ has it, never replaced by ok() or let _ = (s2-errors.md 2.4 rule 1; 2.12 item 2). ObSQLiteConnection::query keeps answering OB_ENTRY_NOT_EXIST for an empty result, never an Option or a bool, until parity (s2-errors.md 2.4 rule 1).	sweep: ret-compare.tsv:2124 (data row 2123). Producer: guard->query(select_sql, binder, row_processor) at src/share/storage/ob_column_checksum_error_info_table_storage.cpp:227, a read of __all_column_checksum_error_info by its key columns, frozen_scn, index_type, the two table ids and the two tablet ids (ob_column_checksum_error_info_table_storage.cpp:181-184); ObSQLiteConnection::query (src/share/storage/ob_sqlite_connection.cpp:378) walks the rows with step_query, which answers OB_ITER_END at SQLITE_DONE (ob_sqlite_connection.cpp:474-475), and turns that end into OB_ENTRY_NOT_EXIST when no row came (ob_sqlite_connection.cpp:405-407, ret-compare.tsv:2127). Holder: the local ret (ob_column_checksum_error_info_table_storage.cpp:173). Code's branch: the else sets ret = OB_SUCCESS, commented that no rows is acceptable (ob_column_checksum_error_info_table_storage.cpp:229-230; reset.tsv:1135), so error_infos keeps the reset at the start (ob_column_checksum_error_info_table_storage.cpp:174); any other code passes on through the empty branch (ob_column_checksum_error_info_table_storage.cpp:228). The code never leaves the function.	confirmed
src/share/storage/ob_merge_info_table_storage.cpp	ObMergeInfoTableStorage::get	line 153: ret != OB_ENTRY_NOT_EXIST	PASSED_ON	} else if ob_fail!(ret = <the guard's query call>) { if !matches!(ret, Err(OB_ENTRY_NOT_EXIST)) { } } with its empty body (s2-errors.md 2.3: empty branches stay), on the local ret, an ObResult, in the local-ret form (s2-errors.md 2.3); the code is returned as in C++, with no ok(), unwrap_or* or is_ok() swallowing it (s2-errors.md 2.12 item 2). ObSQLiteConnection::query keeps answering OB_ENTRY_NOT_EXIST for an empty result, never an Option or a bool, until parity (s2-errors.md 2.4 rule 1).	sweep: ret-compare.tsv:2125 (data row 2124). Producer: guard->query(select_sql, nullptr, row_processor) at src/share/storage/ob_merge_info_table_storage.cpp:152, which reads the one row of __all_merge_info with LIMIT 1 (ob_merge_info_table_storage.cpp:120-124), not a lookup by key, id or name, so value 9's test (b) does not hold; ObSQLiteConnection::query (src/share/storage/ob_sqlite_connection.cpp:378) walks the rows with step_query, which answers OB_ITER_END at SQLITE_DONE (ob_sqlite_connection.cpp:474-475), and turns that end into OB_ENTRY_NOT_EXIST when no row came (ob_sqlite_connection.cpp:405-407, ret-compare.tsv:2127). Holder: the local ret (ob_merge_info_table_storage.cpp:115). Code's branch: the comparison is false and the body is empty for every code (ob_merge_info_table_storage.cpp:153-154), so OB_ENTRY_NOT_EXIST, no merge info row yet, stays in ret and is returned (ob_merge_info_table_storage.cpp:157), global_merge_info keeping its reset (ob_merge_info_table_storage.cpp:116). Escapes: the one caller, ObGlobalMergeTableOperator::load_global_merge_info, reaches get through the private static storage_ (src/share/ob_global_merge_table_operator.h:56; grep -n 'storage_.get(' src/share/ob_global_merge_table_operator.cpp finds only line 53) and turns the code into success, commented 'Return empty info' (src/share/ob_global_merge_table_operator.cpp:53-56, ret-compare.tsv:1843-1844).	confirmed
src/share/storage/ob_sqlite_connection.cpp	ObSQLiteConnection::query	line 401: ret == OB_ITER_END	END_OF_DATA	ret = row_processor(&mut reader); if matches!(ret, Err(OB_ITER_END)) { ret = Ok(()); break; } inside the Ok(()) arm of the match on ret that ret-compare.tsv:2127 writes, on the local ret, an ObResult, in the local-ret form (s2-errors.md 2.3); the reset and the break stay where the C++ has them (s2-errors.md 2.4 rule 1). The row callbacks keep stopping the walk with Err(OB_ITER_END), never an Option or a bool, until parity (s2-errors.md 2.4 rule 1; ARCHITECTURE.md section 17 default 6).	sweep: ret-compare.tsv:2126 (data row 2125). Producer: row_processor(reader) at src/share/storage/ob_sqlite_connection.cpp:400, the caller's callback, a std::function parameter (ob_sqlite_connection.cpp:381); the callbacks that return OB_ITER_END are ObAdminJobTableStorage's, which read one row and stop the walk (src/share/storage/ob_admin_job_table_storage.cpp:145-148, :179-181, :209-211); grep -n OB_ITER_END over the files git grep -ln 'ObSQLiteConnectionGuard\|ObSQLiteConnection\b' 834bbee1e -- src lists finds, outside this file, those three callbacks, the text the inner-table generator writes (src/share/inner_table/generate_inner_table_schema.py lines 1684, 1757, 2082 and 2155, tests of step_query's code in generated scans that call prepare_query and step_query, not query), the header's comments (src/share/storage/ob_sqlite_connection.h:151, :175) and a rename after a query (src/share/tablet/ob_tablet_meta_table_storage.cpp:758), none of them a row callback, so here the code stops the walk early, not because the rows ran out. Holder: the local ret (ob_sqlite_connection.cpp:383). Code's branch: ret = OB_SUCCESS and break (ob_sqlite_connection.cpp:402-403; reset.tsv:1137): the query ends with success after the rows the callback wanted; any other callback code ends the loop through its OB_SUCC(ret) condition (ob_sqlite_connection.cpp:396) and is returned. The code never leaves the function.	confirmed
src/share/storage/ob_sqlite_connection.cpp	ObSQLiteConnection::query	line 405: ret == OB_ITER_END	RENAMED	After ret = self.step_query(stmt, &mut reader), the if / else-if chain over codes on ret at src/share/storage/ob_sqlite_connection.cpp:398-414 is match ret { Ok(()) => { has_row = true; ret = row_processor(&mut reader); if matches!(ret, Err(OB_ITER_END)) { ret = Ok(()); break; } } Err(OB_ITER_END) => { if !has_row { ret = Err(OB_ENTRY_NOT_EXIST); } else { ret = Ok(()); } break; } _ => { break; } } (s2-errors.md 2.3's table; RULEBOOK 2.1); this row is its second arm, on the local ret, an ObResult, in the local-ret form (s2-errors.md 2.3): the rename stays at the same place, never map_err or if let Err (s2-errors.md 2.4 rule 3; 2.15 item 7), and the breaks stay (RULEBOOK section 0, 'Keep the control flow'). step_query keeps ending with Err(OB_ITER_END), never an Option or a bool, until parity (s2-errors.md 2.4 rule 1).	sweep: ret-compare.tsv:2127 (data row 2126). Producer: step_query(stmt, reader) at src/share/storage/ob_sqlite_connection.cpp:397, which answers OB_ITER_END when sqlite3_step reports SQLITE_DONE (ob_sqlite_connection.cpp:474-475), the end of the result rows. Holder: the local ret (ob_sqlite_connection.cpp:383). Code's branch: when no row came, ret = OB_ENTRY_NOT_EXIST (ob_sqlite_connection.cpp:406-407); after at least one row, ret = OB_SUCCESS (ob_sqlite_connection.cpp:408-409; reset.tsv:1138); then break (ob_sqlite_connection.cpp:411). OB_ITER_END never leaves the function. Escapes: ObSQLiteConnection::query is called by the SQLite-backed table storages; those in this batch test OB_ENTRY_NOT_EXIST right after the call (ret-compare.tsv:2124-2125, :2134-2135, :2138-2145), and so does src/share/config/ob_config_storage.cpp:144. ObAdminJobTableStorage::find_job passes it on through an empty OB_FAIL branch (src/share/storage/ob_admin_job_table_storage.cpp:216), through ObAdminJobTableOperator::find_job and the ADMIN_JOB_FIND macro (src/rootserver/ob_admin_job_table_operator.cpp:151; src/rootserver/ob_admin_job_table_operator.h:105-110), to src/observer/ob_system_package_load_task.cpp:97 and :147, which test it. An aggregate query without GROUP BY always returns one row, so the aggregate reads never receive it: get_max_job_id's, whose test is ret-compare.tsv:2123, and the COUNT(*) queries (src/share/storage/ob_admin_job_table_storage.cpp:186, src/share/tablet/ob_tablet_meta_table_storage.cpp:450, src/share/ob_column_checksum_error_operator.cpp:144). The calls in src/share/storage/ob_tablet_compaction_checksum_table_storage.cpp are not built (not-translated.tsv:42).	confirmed
src/share/storage/ob_sqlite_connection.cpp	ObSQLiteConnection::step_execute	line 629: ret == OB_ITER_END	END_OF_DATA	ret = binder(&mut sqlite_binder); then the if / else-if chain over codes on ret at src/share/storage/ob_sqlite_connection.cpp:629-633 is match ret { Err(OB_ITER_END) => { return Err(OB_ITER_END); } Err(_) => { return ret; } Ok(()) => {} } (s2-errors.md 2.3's table; RULEBOOK 2.1), the last arm empty since the C++ chain has no else; this row is its first arm, with the early returns where the C++ has them (RULEBOOK section 0, 'Keep the control flow'), on the local ret, an ObResult, in the local-ret form (s2-errors.md 2.3). The test stays although no binder returns the code today, since RULEBOOK section 0's list of statements a translation may remove does not name it; step_execute keeps the contract its header gives, OB_ITER_END when done (s2-errors.md 2.4 rule 1).	sweep: ret-compare.tsv:2128 (data row 2127). Producer: binder(sqlite_binder) at src/share/storage/ob_sqlite_connection.cpp:628, the caller's callback, a std::function parameter (ob_sqlite_connection.cpp:612), whose OB_ITER_END the header describes as 'when done' (src/share/storage/ob_sqlite_connection.h:175). No binder in src returns it: grep -n OB_ITER_END over the files that build ObSQLiteBinder callbacks (git grep -ln ObSQLiteBinder 834bbee1e -- src) finds the row callbacks for query (src/share/storage/ob_admin_job_table_storage.cpp:147, :181, :211), a rename after a query (src/share/tablet/ob_tablet_meta_table_storage.cpp:758), the header's comments (src/share/storage/ob_sqlite_connection.h:151, :175) and this file's own lines (ob_sqlite_connection.cpp:401, :405, :475, :629, :630), none of them a binder. Holder: the local ret (ob_sqlite_connection.cpp:615). Code's branch, as it would run: return OB_ITER_END (ob_sqlite_connection.cpp:630), the code handed on unchanged before the statement is stepped. Escapes: execute returns it (ob_sqlite_connection.cpp:506), and the batch writers take step_execute's code through ret or OB_FAIL (src/share/tablet/ob_tablet_meta_table_storage.cpp:230, :302; src/share/ob_tablet_local_checksum_operator.cpp:517, :559; src/share/storage/ob_column_checksum_error_info_table_storage.cpp:141; src/share/storage/ob_deadlock_event_history_table_storage.cpp:164). The value is END_OF_DATA from the code itself (vocabulary section 4, value 8: whatever produced it).	confirmed
src/share/storage/ob_tablet_compaction_checksum_table_storage.cpp	ObTabletCompactionChecksumTableStorage::batch_get	line 153: ret != OB_ENTRY_NOT_EXIST [not built]	NOT_TRANSLATED	none: dead (not-translated.tsv:42)	not-translated.tsv:42 lists src/share/storage/ob_tablet_compaction_checksum_table_storage.cpp (unit src/share/storage/ob_tablet_compaction_checksum_table_storage) with reason dead: not compiled by the reference build.	confirmed
src/share/storage/ob_tablet_compaction_checksum_table_storage.cpp	ObTabletCompactionChecksumTableStorage::range_get	line 241: ret != OB_ENTRY_NOT_EXIST [not built]	NOT_TRANSLATED	none: dead (not-translated.tsv:42)	not-translated.tsv:42 lists src/share/storage/ob_tablet_compaction_checksum_table_storage.cpp (unit src/share/storage/ob_tablet_compaction_checksum_table_storage) with reason dead: not compiled by the reference build.	confirmed
src/share/storage/ob_tablet_compaction_checksum_table_storage.cpp	ObTabletCompactionChecksumTableStorage::get_min_compaction_scn	line 278: ret != OB_ENTRY_NOT_EXIST [not built]	NOT_TRANSLATED	none: dead (not-translated.tsv:42)	not-translated.tsv:42 lists src/share/storage/ob_tablet_compaction_checksum_table_storage.cpp (unit src/share/storage/ob_tablet_compaction_checksum_table_storage) with reason dead: not compiled by the reference build.	confirmed
src/share/storage/ob_tablet_compaction_checksum_table_storage.cpp	ObTabletCompactionChecksumTableStorage::get_max_row_count	line 317: ret != OB_ENTRY_NOT_EXIST [not built]	NOT_TRANSLATED	none: dead (not-translated.tsv:42)	not-translated.tsv:42 lists src/share/storage/ob_tablet_compaction_checksum_table_storage.cpp (unit src/share/storage/ob_tablet_compaction_checksum_table_storage) with reason dead: not compiled by the reference build.	confirmed
src/share/storage/ob_tablet_compaction_checksum_table_storage.cpp	ObTabletCompactionChecksumTableStorage::batch_check_checksum	line 371: ret != OB_ENTRY_NOT_EXIST [not built]	NOT_TRANSLATED	none: dead (not-translated.tsv:42)	not-translated.tsv:42 lists src/share/storage/ob_tablet_compaction_checksum_table_storage.cpp (unit src/share/storage/ob_tablet_compaction_checksum_table_storage) with reason dead: not compiled by the reference build.	confirmed
src/share/storage/ob_tablet_local_checksum_table_storage.cpp	ObTabletLocalChecksumTableStorage::batch_get	line 159: ret != OB_ENTRY_NOT_EXIST	LOOKUP_OUTCOME	} else if ob_fail!(ret = <the guard's query call>) { if !matches!(ret, Err(OB_ENTRY_NOT_EXIST)) { } else { ret = Ok(()); } } on the local ret, an ObResult, in the local-ret form (s2-errors.md 2.3); the empty branch stays (s2-errors.md 2.3) and the reset stays where the C++ has it, never replaced by ok() or let _ = (s2-errors.md 2.4 rule 1; 2.12 item 2). ObSQLiteConnection::query keeps answering OB_ENTRY_NOT_EXIST for an empty result, never an Option or a bool, until parity (s2-errors.md 2.4 rule 1).	sweep: ret-compare.tsv:2134 (data row 2133). Producer: guard->query(sql.ptr(), nullptr, row_processor) at src/share/storage/ob_tablet_local_checksum_table_storage.cpp:158, a read of __all_tablet_local_checksum by the given tablet ids, WHERE tablet_id IN (..) with an optional compaction_scn filter (ob_tablet_local_checksum_table_storage.cpp:87-92, :98-101, :106-110); ObSQLiteConnection::query (src/share/storage/ob_sqlite_connection.cpp:378) walks the rows with step_query, which answers OB_ITER_END at SQLITE_DONE (ob_sqlite_connection.cpp:474-475), and turns that end into OB_ENTRY_NOT_EXIST when no row came (ob_sqlite_connection.cpp:405-407, ret-compare.tsv:2127). Holder: the local ret (ob_tablet_local_checksum_table_storage.cpp:78). Code's branch: the else sets ret = OB_SUCCESS, commented that no rows is acceptable (ob_tablet_local_checksum_table_storage.cpp:160-161; reset.tsv:1144), so items keeps the reset at the start (ob_tablet_local_checksum_table_storage.cpp:79); any other code passes on through the empty branch (ob_tablet_local_checksum_table_storage.cpp:159). The code never leaves the function.	confirmed
src/share/storage/ob_tablet_local_checksum_table_storage.cpp	ObTabletLocalChecksumTableStorage::get_row_count	line 199: ret != OB_ENTRY_NOT_EXIST	LOOKUP_OUTCOME	} else if ob_fail!(ret = <the guard's query call>) { if !matches!(ret, Err(OB_ENTRY_NOT_EXIST)) { } else { ret = Ok(()); } } on the local ret, an ObResult, in the local-ret form (s2-errors.md 2.3); the empty branch stays (s2-errors.md 2.3) and the reset stays where the C++ has it, never replaced by ok() or let _ = (s2-errors.md 2.4 rule 1; 2.12 item 2). ObSQLiteConnection::query keeps answering OB_ENTRY_NOT_EXIST for an empty result, never an Option or a bool, until parity (s2-errors.md 2.4 rule 1).	sweep: ret-compare.tsv:2135 (data row 2134). Producer: guard->query(select_sql, binder, row_processor) at src/share/storage/ob_tablet_local_checksum_table_storage.cpp:198, a read of __all_tablet_local_checksum WHERE tablet_id = ? (ob_tablet_local_checksum_table_storage.cpp:178-180, :183); ObSQLiteConnection::query (src/share/storage/ob_sqlite_connection.cpp:378) walks the rows with step_query, which answers OB_ITER_END at SQLITE_DONE (ob_sqlite_connection.cpp:474-475), and turns that end into OB_ENTRY_NOT_EXIST when no row came (ob_sqlite_connection.cpp:405-407, ret-compare.tsv:2127). Holder: the local ret (ob_tablet_local_checksum_table_storage.cpp:173). Code's branch: the else sets ret = OB_SUCCESS, commented that no rows is acceptable (ob_tablet_local_checksum_table_storage.cpp:200-201; reset.tsv:1145), so row_count keeps the 0 set at the start (ob_tablet_local_checksum_table_storage.cpp:174); any other code passes on through the empty branch (ob_tablet_local_checksum_table_storage.cpp:199). The code never leaves the function.	confirmed
src/share/system_variable/ob_sys_var_meta.cpp	ObSysVarMeta::find_sys_var_id_by_name	line 2224: ret == OB_SEARCH_NOT_FOUND [generated]	LOOKUP_OUTCOME	The test is written in gen_ob_sys_variables.py's Rust back end, a module in migration/scripts/gen/ beside the unchanged script whose output is checked in under rust/ob-schema/src/generated/, never in the generated output by hand (s6-storage.md 6.1, 6.2 rules 2 and 3; RULEBOOK 2.9, last item; vocabulary finding F2). The generated find_sys_var_id_by_name keeps its local ret, an ObResult (s2-errors.md 2.2 rule 5), and writes if matches!(ret, Err(OB_SEARCH_NOT_FOUND)) { if is_from_sys_table { log_info!(..); } else { log_warn!(ret, ..); } }, OB_UNLIKELY dropped (RULEBOOK 2.3), the WARN log taking the ret in scope (s2-errors.md 2.5 rule 1); the function still returns sys_var_id, SYS_VAR_INVALID for a missing name, and the search keeps setting OB_SEARCH_NOT_FOUND where the C++ does (s2-errors.md 2.4 rule 1).	sweep: ret-compare.tsv:2136 (data row 2135). Producer: the by-name binary search of find_sys_var_id_by_name itself: lower_bound over the names sorted by name (src/share/system_variable/ob_sys_var_meta.cpp:2205-2208), then ret = OB_SEARCH_NOT_FOUND when the position is past the end (ob_sys_var_meta.cpp:2216-2217) or the name there differs (ob_sys_var_meta.cpp:2218-2220); gen_ob_sys_variables.py writes this function from its template (the script's lines 726-750). Holder: the local ret (ob_sys_var_meta.cpp:2203), used only to carry the outcome to this test. Code's branch: an INFO log that a newly added variable is not known yet when the name comes from the system table, a WARN log 'sys var name not found' otherwise (ob_sys_var_meta.cpp:2225-2231); the function returns sys_var_id, still SYS_VAR_INVALID (ob_sys_var_meta.cpp:2204, :2233), and ret dies unread, so the code never leaves the function and callers see a missing name as SYS_VAR_INVALID (for example src/share/schema/ob_schema_struct.cpp:876-879).	confirmed
src/share/tablet/ob_tablet_mapping_operator.cpp	ObTabletMappingTableOperator::construct_results_	line 345: ret == OB_ITER_END	END_OF_DATA	if matches!(ret, Err(OB_ITER_END)) { ret = Ok(()); } else { if ret.is_ok() { ret = Err(OB_ERR_UNEXPECTED); } } after the loop, on the local ret, an ObResult, in the local-ret form (s2-errors.md 2.3); the reset stays where the C++ has it (s2-errors.md 2.4 rule 1), and the inner success test is tmp-ret.tsv:1432's row. The result's next keeps ending with Err(OB_ITER_END), never an Option or a bool, until parity (s2-errors.md 2.4 rules 1 and 2; ARCHITECTURE.md section 17 default 6).	sweep: ret-compare.tsv:2137 (data row 2136). Producer: res.next() in the loop condition (src/share/tablet/ob_tablet_mapping_operator.cpp:331); ObMySQLResult::next is pure virtual (src/oblib/common/mysqlclient/ob_mysql_result.h:1560), and ObInnerSQLResult::next, its one implementation (src/observer/ob_inner_sql_result.h:42; git grep -n 'public common::sqlclient::ObMySQLResult' 834bbee1e -- src), answers OB_ITER_END once iter_end_ is set and passes on the result set's OB_ITER_END after the last row (src/observer/ob_inner_sql_result.cpp:207-208, :216). Holder: the local ret (ob_tablet_mapping_operator.cpp:330). Code's branch: ret = OB_SUCCESS (ob_tablet_mapping_operator.cpp:346; reset.tsv:1146): every row of the mapping result is in infos; any other failure is returned, and a success, with which the loop cannot end, becomes OB_ERR_UNEXPECTED (ob_tablet_mapping_operator.cpp:348-349; tmp-ret.tsv:1432).	confirmed
src/share/tablet/ob_tablet_meta_table_storage.cpp	ObTabletMetaTableStorage::batch_get	line 150: ret != OB_ENTRY_NOT_EXIST	LOOKUP_OUTCOME	} else if ob_fail!(ret = <the guard's query call>) { if !matches!(ret, Err(OB_ENTRY_NOT_EXIST)) { } else { ret = Ok(()); } } on the local ret, an ObResult, in the local-ret form (s2-errors.md 2.3); the empty branch stays (s2-errors.md 2.3) and the reset stays where the C++ has it, never replaced by ok() or let _ = (s2-errors.md 2.4 rule 1; 2.12 item 2). ObSQLiteConnection::query keeps answering OB_ENTRY_NOT_EXIST for an empty result, never an Option or a bool, until parity (s2-errors.md 2.4 rule 1).	sweep: ret-compare.tsv:2138 (data row 2137). Producer: guard->query(sql.ptr(), nullptr, row_processor) at src/share/tablet/ob_tablet_meta_table_storage.cpp:149, a read of __all_tablet_meta_table by the given tablet ids, WHERE tablet_id IN (..) (ob_tablet_meta_table_storage.cpp:113-130); ObSQLiteConnection::query (src/share/storage/ob_sqlite_connection.cpp:378) walks the rows with step_query, which answers OB_ITER_END at SQLITE_DONE (ob_sqlite_connection.cpp:474-475), and turns that end into OB_ENTRY_NOT_EXIST when no row came (ob_sqlite_connection.cpp:405-407, ret-compare.tsv:2127). Holder: the local ret (ob_tablet_meta_table_storage.cpp:104). Code's branch: the else sets ret = OB_SUCCESS, commented that no rows is acceptable (ob_tablet_meta_table_storage.cpp:151-152; reset.tsv:1147), so tablet_infos keeps the reset at the start (ob_tablet_meta_table_storage.cpp:105); any other code passes on through the empty branch (ob_tablet_meta_table_storage.cpp:150). The code never leaves the function.	confirmed
src/share/tablet/ob_tablet_meta_table_storage.cpp	ObTabletMetaTableStorage::get_data_size	line 345: ret != OB_ENTRY_NOT_EXIST	LOOKUP_OUTCOME	} else if ob_fail!(ret = <the guard's query call>) { if !matches!(ret, Err(OB_ENTRY_NOT_EXIST)) { } else { ret = Ok(()); } } on the local ret, an ObResult, in the local-ret form (s2-errors.md 2.3); the empty branch stays (s2-errors.md 2.3) and the reset stays where the C++ has it, never replaced by ok() or let _ = (s2-errors.md 2.4 rule 1; 2.12 item 2). ObSQLiteConnection::query keeps answering OB_ENTRY_NOT_EXIST for an empty result, never an Option or a bool, until parity (s2-errors.md 2.4 rule 1).	sweep: ret-compare.tsv:2139 (data row 2138). Producer: guard->query(select_sql, binder, row_processor) at src/share/tablet/ob_tablet_meta_table_storage.cpp:344, a read of __all_tablet_meta_table WHERE tablet_id = ? (ob_tablet_meta_table_storage.cpp:324-326); ObSQLiteConnection::query (src/share/storage/ob_sqlite_connection.cpp:378) walks the rows with step_query, which answers OB_ITER_END at SQLITE_DONE (ob_sqlite_connection.cpp:474-475), and turns that end into OB_ENTRY_NOT_EXIST when no row came (ob_sqlite_connection.cpp:405-407, ret-compare.tsv:2127). Holder: the local ret (ob_tablet_meta_table_storage.cpp:318). Code's branch: the else sets ret = OB_SUCCESS, commented that no rows is acceptable and data_size remains 0 (ob_tablet_meta_table_storage.cpp:346-347; reset.tsv:1148), so data_size keeps the 0 set at the start (ob_tablet_meta_table_storage.cpp:319); any other code passes on through the empty branch (ob_tablet_meta_table_storage.cpp:345). The code never leaves the function.	confirmed
src/share/tablet/ob_tablet_meta_table_storage.cpp	ObTabletMetaTableStorage::get_report_scn_and_status	line 384: ret != OB_ENTRY_NOT_EXIST	LOOKUP_OUTCOME	} else if ob_fail!(ret = <the guard's query call>) { if !matches!(ret, Err(OB_ENTRY_NOT_EXIST)) { } else { ret = Err(OB_ENTRY_NOT_EXIST); } } as the C++ writes it, the else storing the code the holder already holds, on the local ret, an ObResult, in the local-ret form (s2-errors.md 2.3); the empty branch stays (s2-errors.md 2.3), and the code is returned as in C++, with no ok() or is_ok() swallowing it (s2-errors.md 2.4 rule 1; 2.12 item 2). ObSQLiteConnection::query keeps answering OB_ENTRY_NOT_EXIST for an empty result, never an Option or a bool, until parity (s2-errors.md 2.4 rule 1).	sweep: ret-compare.tsv:2140 (data row 2139). Producer: guard->query(select_sql, binder, row_processor) at src/share/tablet/ob_tablet_meta_table_storage.cpp:383, a read of __all_tablet_meta_table WHERE tablet_id = ? (ob_tablet_meta_table_storage.cpp:365-367); ObSQLiteConnection::query (src/share/storage/ob_sqlite_connection.cpp:378) walks the rows with step_query, which answers OB_ITER_END at SQLITE_DONE (ob_sqlite_connection.cpp:474-475), and turns that end into OB_ENTRY_NOT_EXIST when no row came (ob_sqlite_connection.cpp:405-407, ret-compare.tsv:2127). Holder: the local ret (ob_tablet_meta_table_storage.cpp:358). Code's branch: the else sets ret = OB_ENTRY_NOT_EXIST, the code it already holds, commented 'No rows found' (ob_tablet_meta_table_storage.cpp:385-386), so the code is returned with report_scn and status at the 0 set at the start (ob_tablet_meta_table_storage.cpp:359-360); any other code passes on through the empty branch (ob_tablet_meta_table_storage.cpp:384). Escapes: get_max_report_scn_and_status returns it (src/share/tablet/ob_tablet_meta_table_storage.h:77-82) to ObTabletMetaTableCompactionOperator::get_status, which passes it on through an empty branch (src/share/ob_tablet_meta_table_compaction_operator.cpp:45-49, ret-compare.tsv:1890); git grep -n get_max_report_scn_and_status 834bbee1e -- src finds no other call.	confirmed
src/share/tablet/ob_tablet_meta_table_storage.cpp	ObTabletMetaTableStorage::get_min_compaction_scn	line 417: ret != OB_ENTRY_NOT_EXIST	IGNORED	} else if ob_fail!(ret = <the guard's query call>) { if !matches!(ret, Err(OB_ENTRY_NOT_EXIST)) { } else { ret = Ok(()); } } on the local ret, an ObResult, in the local-ret form (s2-errors.md 2.3); the empty branch stays (s2-errors.md 2.3) and the reset stays where the C++ has it, never replaced by ok() or let _ = (s2-errors.md 2.4 rule 1; 2.12 item 2). ObSQLiteConnection::query keeps answering OB_ENTRY_NOT_EXIST for an empty result, never an Option or a bool, until parity (s2-errors.md 2.4 rule 1).	sweep: ret-compare.tsv:2141 (data row 2140). Producer: guard->query(select_sql, binder, row_processor) at src/share/tablet/ob_tablet_meta_table_storage.cpp:416, which reads the smallest compaction_scn of the whole table, ORDER BY compaction_scn ASC LIMIT 1 (ob_tablet_meta_table_storage.cpp:401-402), not a lookup by key, id or name, so value 9's test (b) does not hold; ObSQLiteConnection::query (src/share/storage/ob_sqlite_connection.cpp:378) walks the rows with step_query, which answers OB_ITER_END at SQLITE_DONE (ob_sqlite_connection.cpp:474-475), and turns that end into OB_ENTRY_NOT_EXIST when no row came (ob_sqlite_connection.cpp:405-407, ret-compare.tsv:2127). Holder: the local ret (ob_tablet_meta_table_storage.cpp:395). Code's branch: the else sets ret = OB_SUCCESS and nothing else, commented that no rows is acceptable and min_compaction_scn remains UINT64_MAX (ob_tablet_meta_table_storage.cpp:418-419; reset.tsv:1149), the value set at the start (ob_tablet_meta_table_storage.cpp:396); any other code passes on through the empty branch (ob_tablet_meta_table_storage.cpp:417). The code never leaves the function.	confirmed
src/share/tablet/ob_tablet_meta_table_storage.cpp	ObTabletMetaTableStorage::get_tablet_ids	line 660: ret != OB_ENTRY_NOT_EXIST	IGNORED	} else if ob_fail!(ret = <the guard's query call>) { if !matches!(ret, Err(OB_ENTRY_NOT_EXIST)) { } else { ret = Ok(()); } } on the local ret, an ObResult, in the local-ret form (s2-errors.md 2.3); the empty branch stays (s2-errors.md 2.3) and the reset stays where the C++ has it, never replaced by ok() or let _ = (s2-errors.md 2.4 rule 1; 2.12 item 2). ObSQLiteConnection::query keeps answering OB_ENTRY_NOT_EXIST for an empty result, never an Option or a bool, until parity (s2-errors.md 2.4 rule 1).	sweep: ret-compare.tsv:2142 (data row 2141). Producer: guard->query(select_sql, binder, row_processor) at src/share/tablet/ob_tablet_meta_table_storage.cpp:659, which reads the next tablet ids after a start id, WHERE tablet_id > ? ORDER BY tablet_id ASC LIMIT ? (ob_tablet_meta_table_storage.cpp:637-641), a range read and not a lookup by key, id or name, so value 9's test (b) does not hold; ObSQLiteConnection::query (src/share/storage/ob_sqlite_connection.cpp:378) walks the rows with step_query, which answers OB_ITER_END at SQLITE_DONE (ob_sqlite_connection.cpp:474-475), and turns that end into OB_ENTRY_NOT_EXIST when no row came (ob_sqlite_connection.cpp:405-407, ret-compare.tsv:2127). Holder: the local ret (ob_tablet_meta_table_storage.cpp:631). Code's branch: the else sets ret = OB_SUCCESS and nothing else, commented that no rows is acceptable (ob_tablet_meta_table_storage.cpp:661-662; reset.tsv:1150), so tablet_ids keeps the reset at the start (ob_tablet_meta_table_storage.cpp:632); any other code passes on through the empty branch (ob_tablet_meta_table_storage.cpp:660). The code never leaves the function.	confirmed
src/share/tablet/ob_tablet_meta_table_storage.cpp	ObTabletMetaTableStorage::get_tablet_ids_with_report_scn_before	line 713: ret != OB_ENTRY_NOT_EXIST	LOOKUP_OUTCOME	} else if ob_fail!(ret = <the guard's query call>) { if !matches!(ret, Err(OB_ENTRY_NOT_EXIST)) { } else { ret = Ok(()); } } on the local ret, an ObResult, in the local-ret form (s2-errors.md 2.3); the empty branch stays (s2-errors.md 2.3) and the reset stays where the C++ has it, never replaced by ok() or let _ = (s2-errors.md 2.4 rule 1; 2.12 item 2). ObSQLiteConnection::query keeps answering OB_ENTRY_NOT_EXIST for an empty result, never an Option or a bool, until parity (s2-errors.md 2.4 rule 1).	sweep: ret-compare.tsv:2143 (data row 2142). Producer: guard->query(sql.ptr(), nullptr, row_processor) at src/share/tablet/ob_tablet_meta_table_storage.cpp:712, a read of __all_tablet_meta_table by the given tablet ids, WHERE tablet_id IN (..) AND report_scn < the bound (ob_tablet_meta_table_storage.cpp:684-696); ObSQLiteConnection::query (src/share/storage/ob_sqlite_connection.cpp:378) walks the rows with step_query, which answers OB_ITER_END at SQLITE_DONE (ob_sqlite_connection.cpp:474-475), and turns that end into OB_ENTRY_NOT_EXIST when no row came (ob_sqlite_connection.cpp:405-407, ret-compare.tsv:2127). Holder: the local ret (ob_tablet_meta_table_storage.cpp:674). Code's branch: the else sets ret = OB_SUCCESS, commented that no rows is acceptable (ob_tablet_meta_table_storage.cpp:714-715; reset.tsv:1151), so result_tablet_ids keeps the reset at the start (ob_tablet_meta_table_storage.cpp:675); any other code passes on through the empty branch (ob_tablet_meta_table_storage.cpp:713). The code never leaves the function.	confirmed
src/share/tablet/ob_tablet_meta_table_storage.cpp	ObTabletMetaTableStorage::get_max_tablet_id_in_range	line 757: ret == OB_ENTRY_NOT_EXIST	RENAMED	} else if ob_fail!(ret = <the guard's query call>) { if matches!(ret, Err(OB_ENTRY_NOT_EXIST)) { ret = Err(OB_ITER_END); } else { } } on the local ret, an ObResult, in the local-ret form (s2-errors.md 2.3): the rename stays at the same place, never map_err or if let Err (s2-errors.md 2.4 rule 3; 2.15 item 7), and the empty else stays (s2-errors.md 2.3). ObSQLiteConnection::query keeps answering OB_ENTRY_NOT_EXIST for an empty result, never an Option or a bool, until parity (s2-errors.md 2.4 rule 1).	sweep: ret-compare.tsv:2144 (data row 2143). Producer: guard->query(select_sql, binder, row_processor) at src/share/tablet/ob_tablet_meta_table_storage.cpp:756, which reads the tablet id batch_size places after a start id, WHERE tablet_id > ? ORDER BY tablet_id ASC LIMIT 1 OFFSET ? (ob_tablet_meta_table_storage.cpp:735-739, :742-743); ObSQLiteConnection::query (src/share/storage/ob_sqlite_connection.cpp:378) walks the rows with step_query, which answers OB_ITER_END at SQLITE_DONE (ob_sqlite_connection.cpp:474-475), and turns that end into OB_ENTRY_NOT_EXIST when no row came (ob_sqlite_connection.cpp:405-407, ret-compare.tsv:2127). Holder: the local ret (ob_tablet_meta_table_storage.cpp:727). Code's branch: ret = OB_ITER_END, commented 'No more tablets' (ob_tablet_meta_table_storage.cpp:758): fewer than batch_size tablets are left, and max_tablet_id keeps its reset (ob_tablet_meta_table_storage.cpp:728); OB_ENTRY_NOT_EXIST never leaves the function. Escapes: ObTabletMetaTableCompactionOperator::inner_get_max_tablet_id_in_range passes the new code on (src/share/ob_tablet_meta_table_compaction_operator.cpp:414-415, ret-compare.tsv:1892), and its one caller, inner_range_scan_for_compaction, turns it into success with max_tablet_id INT64_MAX, a scan to the end (ob_tablet_meta_table_compaction_operator.cpp:381-386, ret-compare.tsv:1891; git grep -n 'get_max_tablet_id_in_range(' 834bbee1e -- src).	confirmed
src/share/tablet/ob_tablet_meta_table_storage.cpp	ObTabletMetaTableStorage::range_scan_for_compaction	line 802: ret != OB_ENTRY_NOT_EXIST	IGNORED	} else if ob_fail!(ret = <the guard's query call>) { if !matches!(ret, Err(OB_ENTRY_NOT_EXIST)) { } else { ret = Ok(()); } } on the local ret, an ObResult, in the local-ret form (s2-errors.md 2.3); the empty branch stays (s2-errors.md 2.3) and the reset stays where the C++ has it, never replaced by ok() or let _ = (s2-errors.md 2.4 rule 1; 2.12 item 2). ObSQLiteConnection::query keeps answering OB_ENTRY_NOT_EXIST for an empty result, never an Option or a bool, until parity (s2-errors.md 2.4 rule 1).	sweep: ret-compare.tsv:2145 (data row 2144). Producer: guard->query(sql.ptr(), nullptr, row_processor) at src/share/tablet/ob_tablet_meta_table_storage.cpp:801, which reads the tablets in (start, end], WHERE tablet_id > %ld AND tablet_id <= %ld with an optional report_scn filter, ORDER BY tablet_id (ob_tablet_meta_table_storage.cpp:778-785), a range read and not a lookup by key, id or name, so value 9's test (b) does not hold; ObSQLiteConnection::query (src/share/storage/ob_sqlite_connection.cpp:378) walks the rows with step_query, which answers OB_ITER_END at SQLITE_DONE (ob_sqlite_connection.cpp:474-475), and turns that end into OB_ENTRY_NOT_EXIST when no row came (ob_sqlite_connection.cpp:405-407, ret-compare.tsv:2127). Holder: the local ret (ob_tablet_meta_table_storage.cpp:772). Code's branch: the else sets ret = OB_SUCCESS and nothing else, commented that no rows is acceptable (ob_tablet_meta_table_storage.cpp:803-804; reset.tsv:1152), so tablet_infos keeps the reset at the start (ob_tablet_meta_table_storage.cpp:773); any other code passes on through the empty branch (ob_tablet_meta_table_storage.cpp:802). The code never leaves the function.	confirmed
src/share/tablet/ob_tablet_table_iterator.cpp	ObTabletMetaIterator::next	line 73: ret != OB_ITER_END	END_OF_DATA	} else if ob_fail!(ret = self.prefetch()) { if !matches!(ret, Err(OB_ITER_END)) { } self.prefetch_tablet_idx_ = -1; } else { .. } with its empty body (s2-errors.md 2.3: empty branches stay), on the local ret, an ObResult, in the local-ret form (s2-errors.md 2.3); the reset of prefetch_tablet_idx_ after the test runs for every code, as in C++. prefetch keeps ending with Err(OB_ITER_END), never an Option or a bool, until parity (s2-errors.md 2.4 rule 1; ARCHITECTURE.md section 17 default 6).	sweep: ret-compare.tsv:2146 (data row 2145). Producer: prefetch() at src/share/tablet/ob_tablet_table_iterator.cpp:72, pure virtual in ObTabletMetaIterator (src/share/tablet/ob_tablet_table_iterator.h:37) with one override, ObCompactionTabletMetaIterator::prefetch (ob_tablet_table_iterator.h:45, :59; git grep -n 'public ObTabletMetaIterator' 834bbee1e -- src), which sets OB_ITER_END when a batch comes back empty (ob_tablet_table_iterator.cpp:153-155) or passes range_scan_for_compaction's on (ob_tablet_table_iterator.cpp:142, :149, ret-compare.tsv:2148). Holder: the local ret (ob_tablet_table_iterator.cpp:56). Code's branch: the body is empty; prefetch_tablet_idx_ = -1 follows for every code (ob_tablet_table_iterator.cpp:75), which makes the next call answer OB_ITER_END at once (ob_tablet_table_iterator.cpp:59-60), and the loop stops (ob_tablet_table_iterator.cpp:63) with the code returned (ob_tablet_table_iterator.cpp:81). Consumer: ObCompactionTabletMetaIterator::next passes it on (ob_tablet_table_iterator.cpp:111-112, ret-compare.tsv:2147).	confirmed
src/share/tablet/ob_tablet_table_iterator.cpp	ObCompactionTabletMetaIterator::next	line 112: ret != OB_ITER_END	END_OF_DATA	if ob_fail!(ret = ObTabletMetaIterator::next(self, tablet_info)) { if !matches!(ret, Err(OB_ITER_END)) { } } else if .. with its empty body (s2-errors.md 2.3: empty branches stay), inside the do-while written as loop { ..; if !(ret.is_ok() && !tablet_info.is_valid()) { break; } } (s2-errors.md Example 5), on the local ret, an ObResult, in the local-ret form (s2-errors.md 2.3). The iterator keeps ending with Err(OB_ITER_END), never an Option or a bool, until parity (s2-errors.md 2.4 rule 1; ARCHITECTURE.md section 17 default 6).	sweep: ret-compare.tsv:2147 (data row 2146). Producer: ObTabletMetaIterator::next(tablet_info) at src/share/tablet/ob_tablet_table_iterator.cpp:111, the base iterator, which answers OB_ITER_END once prefetch reported the end (ob_tablet_table_iterator.cpp:59-60, :72-75, ret-compare.tsv:2146). Holder: the local ret (ob_tablet_table_iterator.cpp:109). Code's branch: the body is empty; the do-while stops through its OB_SUCC(ret) condition (ob_tablet_table_iterator.cpp:117) and the code is returned (ob_tablet_table_iterator.cpp:118). Consumer: the one user, ObMajorMergeProgressChecker, loops on next and turns OB_ITER_END into success when the walk ends (src/rootserver/freeze/ob_major_merge_progress_checker.cpp:978, :986-990, ret-compare.tsv:1428; git grep -n ObCompactionTabletMetaIterator 834bbee1e -- src).	confirmed
src/share/tablet/ob_tablet_table_iterator.cpp	ObCompactionTabletMetaIterator::prefetch	line 149: ret != OB_ITER_END	END_OF_DATA	if ob_fail!(ret = ObTabletMetaTableCompactionOperator::range_scan_for_compaction(..)) { if !matches!(ret, Err(OB_ITER_END)) { } else { self.prefetch_tablet_idx_ = -1; } } else if .. on the local ret, an ObResult, in the local-ret form (s2-errors.md 2.3); the empty branch stays (s2-errors.md 2.3), and the else keeps its assignment as the C++ writes it (s2-errors.md 2.4 rule 1). The operator keeps ending with Err(OB_ITER_END), never an Option or a bool, until parity (s2-errors.md 2.4 rule 1; ARCHITECTURE.md section 17 default 6).	sweep: ret-compare.tsv:2148 (data row 2147). Producer: ObTabletMetaTableCompactionOperator::range_scan_for_compaction(..) at src/share/tablet/ob_tablet_table_iterator.cpp:142, which sets OB_ITER_END when the start tablet id is already INT64_MAX (src/share/ob_tablet_meta_table_compaction_operator.cpp:337-338) or when no batch in the rest of the range has a tablet (ob_tablet_meta_table_compaction_operator.cpp:356-357). Holder: the local ret (ob_tablet_table_iterator.cpp:139). Code's branch: prefetch_tablet_idx_ = -1 (ob_tablet_table_iterator.cpp:151), which marks the iterator finished, and the code is returned (ob_tablet_table_iterator.cpp:161); any other code passes on through the empty branch (ob_tablet_table_iterator.cpp:149-150). Consumer: ObTabletMetaIterator::next, which ends the walk (ob_tablet_table_iterator.cpp:72-75, ret-compare.tsv:2146).	confirmed
src/share/text_analysis/ob_token_stream.cpp	ObTokenStopWordNormalizer::get_next	line 195: ret != OB_ITER_END	END_OF_DATA	if ob_fail!(ret = self.in_stream_.get_next(next_token, token_freq)) { if !matches!(ret, Err(OB_ITER_END)) { } } else if .. with its empty body (s2-errors.md 2.3: empty branches stay), OB_UNLIKELY dropped (RULEBOOK 2.3), on the local ret, an ObResult, in the local-ret form (s2-errors.md 2.3). The token streams keep ending with Err(OB_ITER_END), never an Option or a bool, until parity (s2-errors.md 2.4 rule 1; ARCHITECTURE.md section 17 default 6).	sweep: ret-compare.tsv:2149 (data row 2148). Producer: in_stream_->get_next(next_token, token_freq) at src/share/text_analysis/ob_token_stream.cpp:194; in_stream_ is the stage before it in the analyzer's pipeline (src/share/text_analysis/ob_token_stream.h:105; src/share/text_analysis/ob_text_analyzer.cpp:84-115), an ObITokenStream whose get_next is pure virtual (ob_token_stream.h:33); the whitespace tokenizer, the one ObTextTokenizer (ob_token_stream.h:67; git grep -n 'public ObTextTokenizer' 834bbee1e -- src), sets OB_ITER_END once the document is used up (src/share/text_analysis/ob_token_stream.cpp:93-94, :103-105, :120-121), the normalizers pass their input's OB_ITER_END on, and the grouping normalizer answers it once its map is walked (ob_token_stream.cpp:357-358). Holder: the local ret (ob_token_stream.cpp:185). Code's branch: the body is empty; the loop stops through its OB_SUCC(ret) condition (ob_token_stream.cpp:192) and the code is returned (ob_token_stream.cpp:202). Consumer: the next stage of the pipeline, or the English full-text parser, which passes it on (src/storage/fts/ob_beng_ft_parser.cpp:47-48, ret-compare.tsv:5164).	confirmed
src/share/text_analysis/ob_token_stream.cpp	ObBasicEnglishNormalizer::get_next	line 255: ret != OB_ITER_END	END_OF_DATA	if ob_fail!(ret = self.in_stream_.get_next(&mut tmp_datum, token_freq)) { if !matches!(ret, Err(OB_ITER_END)) { } } else { .. } with its empty body (s2-errors.md 2.3: empty branches stay), OB_UNLIKELY dropped (RULEBOOK 2.3), on the local ret, an ObResult, in the local-ret form (s2-errors.md 2.3). The token streams keep ending with Err(OB_ITER_END), never an Option or a bool, until parity (s2-errors.md 2.4 rule 1; ARCHITECTURE.md section 17 default 6).	sweep: ret-compare.tsv:2150 (data row 2149). Producer: in_stream_->get_next(tmp_datum, token_freq) at src/share/text_analysis/ob_token_stream.cpp:254; in_stream_ is the stage before it in the analyzer's pipeline (src/share/text_analysis/ob_token_stream.h:105; src/share/text_analysis/ob_text_analyzer.cpp:84-115), an ObITokenStream whose get_next is pure virtual (ob_token_stream.h:33); the whitespace tokenizer, the one ObTextTokenizer (ob_token_stream.h:67; git grep -n 'public ObTextTokenizer' 834bbee1e -- src), sets OB_ITER_END once the document is used up (src/share/text_analysis/ob_token_stream.cpp:93-94, :103-105, :120-121), the normalizers pass their input's OB_ITER_END on, and the grouping normalizer answers it once its map is walked (ob_token_stream.cpp:357-358). Holder: the local ret (ob_token_stream.cpp:241). Code's branch: the body is empty; the loop stops through its OB_SUCC(ret) condition (ob_token_stream.cpp:252) and the code is returned. Consumer: the next stage of the pipeline, or the English full-text parser, which passes it on (src/storage/fts/ob_beng_ft_parser.cpp:47-48, ret-compare.tsv:5164).	confirmed
src/share/text_analysis/ob_token_stream.cpp	ObTextTokenGroupNormalizer::build_grouping_map	line 380: ret != OB_ITER_END	END_OF_DATA	if ob_fail!(ret = self.in_stream_.get_next(&mut token, &mut curr_token_freq)) { if !matches!(ret, Err(OB_ITER_END)) { } } else { .. } with its empty body (s2-errors.md 2.3: empty branches stay), OB_UNLIKELY dropped (RULEBOOK 2.3), on the local ret, an ObResult, in the local-ret form (s2-errors.md 2.3). The token streams keep ending with Err(OB_ITER_END), never an Option or a bool, until parity (s2-errors.md 2.4 rule 1; ARCHITECTURE.md section 17 default 6).	sweep: ret-compare.tsv:2151 (data row 2150). Producer: in_stream_->get_next(token, curr_token_freq) at src/share/text_analysis/ob_token_stream.cpp:379; in_stream_ is the stage before it in the analyzer's pipeline (src/share/text_analysis/ob_token_stream.h:105; src/share/text_analysis/ob_text_analyzer.cpp:84-115), an ObITokenStream whose get_next is pure virtual (ob_token_stream.h:33); the whitespace tokenizer, the one ObTextTokenizer (ob_token_stream.h:67; git grep -n 'public ObTextTokenizer' 834bbee1e -- src), sets OB_ITER_END once the document is used up (src/share/text_analysis/ob_token_stream.cpp:93-94, :103-105, :120-121), the normalizers pass their input's OB_ITER_END on, and the grouping normalizer answers it once its map is walked (ob_token_stream.cpp:357-358). Holder: the local ret (ob_token_stream.cpp:370). Code's branch: the body is empty; the loop stops through its OB_SUCC(ret) condition (ob_token_stream.cpp:376), and the test after it resets the code and opens the grouped map for reading (ob_token_stream.cpp:399-404, ret-compare.tsv:2153).	confirmed
src/share/text_analysis/ob_token_stream.cpp	ObTextTokenGroupNormalizer::build_grouping_map	line 385: other variable hash_ret == OB_HASH_NOT_EXIST	LOOKUP_OUTCOME	With hash_ret = <the grouping_map_.get_refactored call> a local ObResult (s2-errors.md 2.2 rule 5), the if / else-if chain over codes on hash_ret at src/share/text_analysis/ob_token_stream.cpp:385-395 is match hash_ret { Err(OB_HASH_NOT_EXIST) => { <copy the token string, insert it with its frequency> } Ok(()) => { <add the frequency in place> } _ => { ret = hash_ret; } } (s2-errors.md 2.3's table; RULEBOOK 2.1); this row is its first arm, in the local-ret form (s2-errors.md 2.3); the arm keeps the string copy and the insert in the C++ order, and ret = hash_ret is written as the C++ writes it (s2-errors.md 2.4 rule 4). The ObHashMap port keeps answering OB_HASH_NOT_EXIST from get_refactored for a missing key, never an Option or a bool, until parity (s2-errors.md 2.4 rules 1 and 2).	sweep: ret-compare.tsv:2152 (data row 2151). Producer: grouping_map_.get_refactored(token_string, grouped_token_freq) at src/share/text_analysis/ob_token_stream.cpp:384, on the normalizer's common::hash::ObHashMap<ObString, int64_t> (src/share/text_analysis/ob_token_stream.h:153) created at init (ob_token_stream.cpp:340); ObHashMap::get_refactored returns the table's code (src/oblib/lib/hash/ob_hashmap.h:233), OB_HASH_NOT_EXIST when no node of the bucket matches the key (src/oblib/lib/hash/ob_hashtable.h:1009). Holder: the local hash_ret (ob_token_stream.cpp:384), not read after this chain. Code's branch: the first time a token is seen, its string is copied into token_allocator_ (ob_token_stream.cpp:387) and inserted with its frequency (ob_token_stream.cpp:388), each call overwriting ret; a hit adds the frequency in place (ob_token_stream.cpp:390-392), and any other code is copied into ret (ob_token_stream.cpp:393-394). The code never leaves the function.	confirmed
src/share/text_analysis/ob_token_stream.cpp	ObTextTokenGroupNormalizer::build_grouping_map	line 399: ret != OB_ITER_END	END_OF_DATA	if !matches!(ret, Err(OB_ITER_END)) { } else { ret = Ok(()); self.map_end_iter_ = ..; self.map_iter_ = ..; self.in_stream_iter_end_ = true; } after the loop, OB_UNLIKELY dropped (RULEBOOK 2.3), on the local ret, an ObResult, in the local-ret form (s2-errors.md 2.3); the empty branch stays (s2-errors.md 2.3), and the reset and the three assignments stay in the C++ order (s2-errors.md 2.4 rule 1). The token streams keep ending with Err(OB_ITER_END), never an Option or a bool, until parity (s2-errors.md 2.4 rule 1; ARCHITECTURE.md section 17 default 6).	sweep: ret-compare.tsv:2153 (data row 2152). Producer: in_stream_->get_next(token, curr_token_freq) in the loop (src/share/text_analysis/ob_token_stream.cpp:379, ret-compare.tsv:2151); in_stream_ is the stage before it in the analyzer's pipeline (src/share/text_analysis/ob_token_stream.h:105; src/share/text_analysis/ob_text_analyzer.cpp:84-115), an ObITokenStream whose get_next is pure virtual (ob_token_stream.h:33); the whitespace tokenizer, the one ObTextTokenizer (ob_token_stream.h:67; git grep -n 'public ObTextTokenizer' 834bbee1e -- src), sets OB_ITER_END once the document is used up (src/share/text_analysis/ob_token_stream.cpp:93-94, :103-105, :120-121), the normalizers pass their input's OB_ITER_END on, and the grouping normalizer answers it once its map is walked (ob_token_stream.cpp:357-358). Holder: the local ret (ob_token_stream.cpp:370). Code's branch: the input is used up, so ret = OB_SUCCESS (ob_token_stream.cpp:401; reset.tsv:1153), the map's begin and end become the read position (ob_token_stream.cpp:402-403) and in_stream_iter_end_ = true (ob_token_stream.cpp:404), which get_next checks before building the map again (ob_token_stream.cpp:353); any other code passes on through the empty branch (ob_token_stream.cpp:399-400). The code never leaves the function.	confirmed
src/sql/code_generator/ob_column_index_provider.cpp	RowDesc::add_column	line 71: ret == OB_HASH_EXIST	IGNORED	ret = <the expr_idx_map_.get_refactored call>; then the if / else-if chain over codes on ret at src/sql/code_generator/ob_column_index_provider.cpp:71-80 is match ret { Err(OB_HASH_EXIST) => { ret = Ok(()); } Err(OB_HASH_NOT_EXIST) => { if ob_fail!(ret = <the expr_idx_map_.set_refactored call>) { } else { ret = Ok(()); } } Err(_) => {} Ok(()) => {} } (s2-errors.md 2.3's table; RULEBOOK 2.1), the C++'s empty OB_FAIL(ret) branch the empty Err(_) arm and its missing else the empty Ok(()) arm (s2-errors.md 2.3: empty branches stay); this row is its first arm, on the local ret, an ObResult, in the local-ret form (s2-errors.md 2.3); the reset stays where the C++ has it, never replaced by ok() or let _ = (s2-errors.md 2.4 rule 1; 2.12 items 2 and 3). The test stays although the code cannot arrive, since RULEBOOK section 0's list of statements a translation may remove does not name it. expr_idx_map_ is keyed by the expression's address, so its port is the IdHashMap keyed by ExprId, which keeps ObHashMap's method names, arguments and codes, OB_HASH_NOT_EXIST from get_refactored among them (s4-sql-front.md 2.1 rule 4; s2-errors.md 2.4 rule 2 and Example 4). Core unit (core-manifest.tsv:952): this form where the core keeps the function (RULEBOOK section 0).	sweep: ret-compare.tsv:2154 (data row 2153). Producer: expr_idx_map_.get_refactored(reinterpret_cast<int64_t>(raw_expr), idx) at src/sql/code_generator/ob_column_index_provider.cpp:70, on RowDesc's ExprIdxMap, an ObHashMap keyed by the expression's address (src/sql/code_generator/ob_column_index_provider.h:48-49); no statement of ObHashMap::get_refactored sets OB_HASH_EXIST: it returns pair.init's code (src/oblib/lib/hash/ob_hashmap.h:230), the table's get_refactored code (ob_hashmap.h:233), which is OB_SUCCESS for a hit, OB_HASH_NOT_EXIST for a miss (src/oblib/lib/hash/ob_hashtable.h:1009) or OB_NOT_INIT (ob_hashtable.h:1135), or copy_assign's (ob_hashmap.h:234). A hit returns OB_SUCCESS and falls through every arm, so an expression added twice keeps its first index while exprs_ holds it twice (ob_column_index_provider.cpp:67). Holder: the local ret (ob_column_index_provider.cpp:63). Code's branch, as it would run: ret = OB_SUCCESS (ob_column_index_provider.cpp:72; reset.tsv:1154) and nothing else. Value IGNORED, from what the branch would do, since the producer cannot set the code (vocabulary section 3, item 3).	confirmed
src/sql/code_generator/ob_column_index_provider.cpp	RowDesc::add_column	line 73: ret == OB_HASH_NOT_EXIST	LOOKUP_OUTCOME	The same match ret { .. } as ret-compare.tsv:2154, for the if / else-if chain over codes on ret at src/sql/code_generator/ob_column_index_provider.cpp:71-80 (s2-errors.md 2.3's table; RULEBOOK 2.1); this row is its second arm, Err(OB_HASH_NOT_EXIST) => { if ob_fail!(ret = <the expr_idx_map_.set_refactored call>) { } else { ret = Ok(()); } }, on the local ret, an ObResult, in the local-ret form (s2-errors.md 2.3); the reset stays where the C++ has it (s2-errors.md 2.4 rule 1). expr_idx_map_ is keyed by the expression's address, so its port is the IdHashMap keyed by ExprId, which keeps ObHashMap's method names, arguments and codes, OB_HASH_NOT_EXIST from get_refactored among them (s4-sql-front.md 2.1 rule 4; s2-errors.md 2.4 rule 2 and Example 4). Core unit (core-manifest.tsv:952): this form where the core keeps the function (RULEBOOK section 0).	sweep: ret-compare.tsv:2155 (data row 2154). Producer: expr_idx_map_.get_refactored(reinterpret_cast<int64_t>(raw_expr), idx) at src/sql/code_generator/ob_column_index_provider.cpp:70, on RowDesc's ExprIdxMap, an ObHashMap keyed by the expression's address (src/sql/code_generator/ob_column_index_provider.h:48-49); ObHashMap::get_refactored returns the table's code (src/oblib/lib/hash/ob_hashmap.h:233), OB_HASH_NOT_EXIST when no node matches the key (src/oblib/lib/hash/ob_hashtable.h:1009). Holder: the local ret (ob_column_index_provider.cpp:63). Code's branch: the expression is new to the row, so its position in exprs_ is stored under its address (ob_column_index_provider.cpp:74-75), overwriting ret, and ret is reset after a successful insert (ob_column_index_provider.cpp:77; reset.tsv:1155); the code never leaves the function.	confirmed
src/sql/code_generator/ob_column_index_provider.cpp	RowDesc::get_idx	line 121: ret == OB_HASH_NOT_EXIST	RENAMED	As s2-errors.md 2.4 Example 4 writes this function: if ob_fail!(ret = self.expr_idx_map_.get_refactored(&raw_expr, idx, 0)) { if matches!(ret, Err(OB_HASH_NOT_EXIST)) { ret = Err(OB_ENTRY_NOT_EXIST); } } on the local ret, an ObResult, in the local-ret form (s2-errors.md 2.3): the rename stays at the same place, never map_err or if let Err (s2-errors.md 2.4 rule 3); the address key becomes the ExprId of the IdHashMap, which keeps ObHashMap's codes and signature with the C++ default timeout 0 passed explicitly (s4-sql-front.md 2.1 rule 4), and idx keeps OB_INVALID_INDEX on a miss because the out-parameter stays &mut (s2-errors.md 2.2 rule 2). Core unit (core-manifest.tsv:952): this form where the core keeps the function (RULEBOOK section 0).	sweep: ret-compare.tsv:2156 (data row 2155). Producer: expr_idx_map_.get_refactored(reinterpret_cast<int64_t>(raw_expr), idx) at src/sql/code_generator/ob_column_index_provider.cpp:120, on the ExprIdxMap, an ObHashMap keyed by the expression's address (src/sql/code_generator/ob_column_index_provider.h:48-49); ObHashMap::get_refactored returns the table's code (src/oblib/lib/hash/ob_hashmap.h:233), OB_HASH_NOT_EXIST when no node matches the key (src/oblib/lib/hash/ob_hashtable.h:1009). Holder: the local ret (ob_column_index_provider.cpp:119). Code's branch: ret = OB_ENTRY_NOT_EXIST (ob_column_index_provider.cpp:122), returned with idx at OB_INVALID_INDEX (ob_column_index_provider.cpp:118, :125); OB_HASH_NOT_EXIST never leaves the function. Escapes: ObExprGeneratorImpl calls get_idx 15 times through its RowDesc & member and a local RowDesc (src/sql/code_generator/ob_expr_generator_impl.h:148; git grep -n 'column_idx_provider_.get_idx(\|row_desc.get_idx(' 834bbee1e -- src/sql/code_generator/ob_expr_generator_impl.cpp): two reset OB_ENTRY_NOT_EXIST (ob_expr_generator_impl.cpp:203, :426; ret-compare.tsv:2157-2158), one compares the call with OB_SUCCESS (ob_expr_generator_impl.cpp:258), and the rest pass it on through OB_FAIL; ObTableLocation::PartProjector::init_part_projector resets it at its first call and builds the generated column's expression (src/sql/optimizer/ob_table_location.cpp:92-94, ret-compare.tsv:3805-3806), and passes it on through OB_FAIL at its second call, after add_column (ob_table_location.cpp:110, :115); ObStaticEngineExprCG passes it on through OZ (src/sql/code_generator/ob_static_engine_expr_cg.cpp:1528).	confirmed
src/sql/code_generator/ob_expr_generator_impl.cpp	ObExprGeneratorImpl::infix_visit_child	line 203: ret == OB_ENTRY_NOT_EXIST	LOOKUP_OUTCOME	if ob_fail!(ret = self.column_idx_provider_.get_idx(col_ref, &mut idx)) { if matches!(ret, Err(OB_ENTRY_NOT_EXIST)) { ret = Ok(()); idx = OB_INVALID_INDEX; } else { } } on the local ret, an ObResult, in the local-ret form (s2-errors.md 2.3); the reset and the empty else stay where the C++ has them (s2-errors.md 2.3, 2.4 rule 1). RowDesc::get_idx keeps answering OB_ENTRY_NOT_EXIST for an expression not in the row, never an Option or a bool, until parity (s2-errors.md 2.4 rules 1 and 3; Example 4). Core unit (core-manifest.tsv:1053): this form where the core keeps the function (RULEBOOK section 0).	sweep: ret-compare.tsv:2157 (data row 2156). Producer: column_idx_provider_.get_idx(col_ref, idx) at src/sql/code_generator/ob_expr_generator_impl.cpp:202, on the generator's RowDesc & member (src/sql/code_generator/ob_expr_generator_impl.h:148); RowDesc::get_idx looks the expression up in its map by address and renames the map's OB_HASH_NOT_EXIST to OB_ENTRY_NOT_EXIST (src/sql/code_generator/ob_column_index_provider.cpp:120-122, ret-compare.tsv:2156), a lookup by key renamed on the way. Holder: the local ret (ob_expr_generator_impl.cpp:186). Code's branch: ret = OB_SUCCESS and idx = OB_INVALID_INDEX (ob_expr_generator_impl.cpp:204-205; reset.tsv:1156): the generated column is not a column of the row, so its dependant expression is visited in its place (ob_expr_generator_impl.cpp:209-214); any other code passes on through the empty else (ob_expr_generator_impl.cpp:206-207). The code never leaves the function.	confirmed
src/sql/code_generator/ob_expr_generator_impl.cpp	ObExprGeneratorImpl::visit	line 426: ret == OB_ENTRY_NOT_EXIST	LOOKUP_OUTCOME	if ob_fail!(ret = self.column_idx_provider_.get_idx(expr, &mut col_idx)) { if matches!(ret, Err(OB_ENTRY_NOT_EXIST)) { ret = Ok(()); col_idx = OB_INVALID_INDEX; } else { } } on the local ret, an ObResult, in the local-ret form (s2-errors.md 2.3); the reset and the empty else stay where the C++ has them (s2-errors.md 2.3, 2.4 rule 1). RowDesc::get_idx keeps answering OB_ENTRY_NOT_EXIST for an expression not in the row, never an Option or a bool, until parity (s2-errors.md 2.4 rules 1 and 3; Example 4). Core unit (core-manifest.tsv:1053): this form where the core keeps the function (RULEBOOK section 0).	sweep: ret-compare.tsv:2158 (data row 2157). Producer: column_idx_provider_.get_idx(&expr, col_idx) at src/sql/code_generator/ob_expr_generator_impl.cpp:425, on the generator's RowDesc & member (src/sql/code_generator/ob_expr_generator_impl.h:148); RowDesc::get_idx looks the expression up in its map by address and renames the map's OB_HASH_NOT_EXIST to OB_ENTRY_NOT_EXIST (src/sql/code_generator/ob_column_index_provider.cpp:120-122, ret-compare.tsv:2156), a lookup by key renamed on the way. Holder: the local ret (ob_expr_generator_impl.cpp:421). Code's branch: ret = OB_SUCCESS and col_idx = OB_INVALID_INDEX (ob_expr_generator_impl.cpp:427-428; reset.tsv:1157): the column is not in the row, so the chain after it, which every successful lookup also reaches, does not emit it as a column (ob_expr_generator_impl.cpp:436), leaves a generated column to infix_visit_child (ob_expr_generator_impl.cpp:440-441) and answers OB_ERR_UNEXPECTED for any other column (ob_expr_generator_impl.cpp:442-445); any other code passes on through the empty else (ob_expr_generator_impl.cpp:429-430). The code never leaves the function.	confirmed
src/sql/code_generator/ob_expr_generator_impl.cpp	ObExprGeneratorImpl::visit	line 1486: ret == OB_HASH_EXIST	IGNORED	} else if ob_fail!(ret = row_desc.add_column(e)) { if matches!(ret, Err(OB_HASH_EXIST)) { ret = Ok(()); } else { } } on the local ret, an ObResult, in the local-ret form (s2-errors.md 2.3); the reset and the empty else stay where the C++ has them, never replaced by ok() or let _ = (s2-errors.md 2.4 rule 1; 2.12 items 2 and 3). The test stays although the code cannot arrive, since RULEBOOK section 0's list of statements a translation may remove does not name it. Core unit (core-manifest.tsv:1053): this form where the core keeps the function (RULEBOOK section 0).	sweep: ret-compare.tsv:2159 (data row 2158). Producer: row_desc.add_column(e) at src/sql/code_generator/ob_expr_generator_impl.cpp:1485, on a local RowDesc (ob_expr_generator_impl.cpp:1474); RowDesc::add_column answers an expression already in its map with OB_SUCCESS (src/sql/code_generator/ob_column_index_provider.cpp:71-72, ret-compare.tsv:2154), calls set_refactored only after get_refactored found the key absent (ob_column_index_provider.cpp:73-74), and otherwise returns push_back's, the map's or add_flag's codes (ob_column_index_provider.cpp:67, :79, :82-83), so no statement lets OB_HASH_EXIST reach this test. Holder: the local ret (ob_expr_generator_impl.cpp:1356). Code's branch, as it would run: ret = OB_SUCCESS (ob_expr_generator_impl.cpp:1488; reset.tsv:1158), under a FIXME that duplicate sort columns are harmless (ob_expr_generator_impl.cpp:1487); a duplicate already comes back as OB_SUCCESS from add_column, so the loop goes on either way. Value IGNORED, from what the branch would do, since the producer cannot set the code (vocabulary section 3, item 3).	confirmed
src/sql/das/iter/ob_das_cache_lookup_iter.cpp	ObDASCacheLookupIter::inner_get_next_row	line 189: ret != OB_ITER_END	END_OF_DATA	if ob_fail!(ret = self.index_table_iter_.get_next_row()) { if !matches!(ret, Err(OB_ITER_END)) { } else { self.index_end_ = true; ret = Ok(()); } } else if .. , OB_UNLIKELY dropped (RULEBOOK 2.3), on the local ret, an ObResult, in the local-ret form (s2-errors.md 2.3); the empty branch stays (s2-errors.md 2.3) and the flag and reset stay in the C++ order (s2-errors.md 2.4 rule 1). The DAS iterators keep ending with Err(OB_ITER_END), get_next_rows setting the last batch's count, never an Option or a bool, until parity (s2-errors.md 2.4 rule 1; ARCHITECTURE.md section 17 default 6).	sweep: ret-compare.tsv:2160 (data row 2159). Producer: index_table_iter_->get_next_row() at src/sql/das/iter/ob_das_cache_lookup_iter.cpp:188; index_table_iter_ and data_table_iter_ are ObDASIter pointers of the lookup base (src/sql/das/iter/ob_das_lookup_iter.h:117-118); ObDASIter::get_next_row and get_next_rows call the pure virtual inner_get_next_row and inner_get_next_rows (src/sql/das/iter/ob_das_iter.cpp:108, :120; src/sql/das/iter/ob_das_iter.h:138-139), and at the leaves ObDASScanIter passes on the storage scan iterator's OB_ITER_END (src/sql/das/iter/ob_das_scan_iter.cpp:124-125, :137-138), which ObTableScanIterator answers once its rows are exhausted (src/storage/access/ob_table_scan_iterator.cpp:604, :611, :634, :642). Holder: the local ret (ob_das_cache_lookup_iter.cpp:177). Code's branch: index_end_ = true and ret = OB_SUCCESS (ob_das_cache_lookup_iter.cpp:191-192; reset.tsv:1160): the index scan is used up, so the loop stops (ob_das_cache_lookup_iter.cpp:186) and the state moves to the lookup of the rowkeys gathered, or to FINISHED when there are none (ob_das_cache_lookup_iter.cpp:201-206), which answers OB_ITER_END to the caller (ob_das_cache_lookup_iter.cpp:240-241); any other code passes on through the empty branch (ob_das_cache_lookup_iter.cpp:189). The code itself never leaves the function.	confirmed
src/sql/das/iter/ob_das_cache_lookup_iter.cpp	ObDASCacheLookupIter::inner_get_next_row	line 222: ret == OB_ITER_END	END_OF_DATA	if ob_fail!(ret = self.data_table_iter_.get_next_row()) { if matches!(ret, Err(OB_ITER_END)) { ret = Ok(()); if ob_fail!(ret = self.check_index_lookup()) { } else { self.state_ = INDEX_SCAN; } } else { } } else { .. }, OB_LIKELY dropped (RULEBOOK 2.3), on the local ret, an ObResult, in the local-ret form (s2-errors.md 2.3); the reset, the check and the state change stay in the C++ order, and the empty else stays (s2-errors.md 2.3, 2.4 rule 1). The DAS iterators keep ending with Err(OB_ITER_END), get_next_rows setting the last batch's count, never an Option or a bool, until parity (s2-errors.md 2.4 rule 1; ARCHITECTURE.md section 17 default 6).	sweep: ret-compare.tsv:2161 (data row 2160). Producer: data_table_iter_->get_next_row() at src/sql/das/iter/ob_das_cache_lookup_iter.cpp:221; index_table_iter_ and data_table_iter_ are ObDASIter pointers of the lookup base (src/sql/das/iter/ob_das_lookup_iter.h:117-118); ObDASIter::get_next_row and get_next_rows call the pure virtual inner_get_next_row and inner_get_next_rows (src/sql/das/iter/ob_das_iter.cpp:108, :120; src/sql/das/iter/ob_das_iter.h:138-139), and at the leaves ObDASScanIter passes on the storage scan iterator's OB_ITER_END (src/sql/das/iter/ob_das_scan_iter.cpp:124-125, :137-138), which ObTableScanIterator answers once its rows are exhausted (src/storage/access/ob_table_scan_iterator.cpp:604, :611, :634, :642). Holder: the local ret (ob_das_cache_lookup_iter.cpp:177). Code's branch: ret = OB_SUCCESS (ob_das_cache_lookup_iter.cpp:223; reset.tsv:1161), check_index_lookup verifies the batch (ob_das_cache_lookup_iter.cpp:224) and the state goes back to INDEX_SCAN for the next batch of rowkeys (ob_das_cache_lookup_iter.cpp:226): the rows of this lookup batch are all out; any other code passes on through the empty else (ob_das_cache_lookup_iter.cpp:228-229). The code itself never leaves the function.	confirmed
src/sql/das/iter/ob_das_cache_lookup_iter.cpp	ObDASCacheLookupIter::inner_get_next_rows	line 271: ret != OB_ITER_END	END_OF_DATA	if ob_fail!(ret = self.index_table_iter_.get_next_rows(&mut storage_count, index_capacity)) { if !matches!(ret, Err(OB_ITER_END)) { } else { if storage_count == 0 { self.index_end_ = true; } ret = Ok(()); } }, OB_UNLIKELY dropped (RULEBOOK 2.3), on the local ret, an ObResult, in the local-ret form (s2-errors.md 2.3); the empty branch stays (s2-errors.md 2.3), and the flag and reset stay in the C++ order (s2-errors.md 2.4 rule 1). The DAS iterators keep ending with Err(OB_ITER_END), get_next_rows setting the last batch's count, never an Option or a bool, until parity (s2-errors.md 2.4 rule 1; ARCHITECTURE.md section 17 default 6).	sweep: ret-compare.tsv:2162 (data row 2161). Producer: index_table_iter_->get_next_rows(storage_count, index_capacity) at src/sql/das/iter/ob_das_cache_lookup_iter.cpp:270; index_table_iter_ and data_table_iter_ are ObDASIter pointers of the lookup base (src/sql/das/iter/ob_das_lookup_iter.h:117-118); ObDASIter::get_next_row and get_next_rows call the pure virtual inner_get_next_row and inner_get_next_rows (src/sql/das/iter/ob_das_iter.cpp:108, :120; src/sql/das/iter/ob_das_iter.h:138-139), and at the leaves ObDASScanIter passes on the storage scan iterator's OB_ITER_END (src/sql/das/iter/ob_das_scan_iter.cpp:124-125, :137-138), which ObTableScanIterator answers once its rows are exhausted (src/storage/access/ob_table_scan_iterator.cpp:604, :611, :634, :642). Holder: the local ret (ob_das_cache_lookup_iter.cpp:256). Code's branch: index_end_ = true when the last batch is empty and ret = OB_SUCCESS (ob_das_cache_lookup_iter.cpp:273-276; reset.tsv:1162); a non-empty last batch is still added to the lookup (ob_das_cache_lookup_iter.cpp:279-285), and the state moves on as in the row form (ob_das_cache_lookup_iter.cpp:288-294); any other code passes on through the empty branch (ob_das_cache_lookup_iter.cpp:271). The code itself never leaves the function.	confirmed
src/sql/das/iter/ob_das_cache_lookup_iter.cpp	ObDASCacheLookupIter::inner_get_next_rows	line 310: ret == OB_ITER_END	END_OF_DATA	if ob_fail!(ret = self.data_table_iter_.get_next_rows(count, capacity)) { if matches!(ret, Err(OB_ITER_END)) { ret = Ok(()); if *count > 0 { .. } else { .. } } else { } } else { .. }, OB_LIKELY dropped (RULEBOOK 2.3), on the local ret, an ObResult, in the local-ret form (s2-errors.md 2.3); the reset and both arms stay in the C++ order, and the empty else stays (s2-errors.md 2.3, 2.4 rule 1). The DAS iterators keep ending with Err(OB_ITER_END), get_next_rows setting the last batch's count, never an Option or a bool, until parity (s2-errors.md 2.4 rule 1; ARCHITECTURE.md section 17 default 6).	sweep: ret-compare.tsv:2163 (data row 2162). Producer: data_table_iter_->get_next_rows(count, capacity) at src/sql/das/iter/ob_das_cache_lookup_iter.cpp:309; index_table_iter_ and data_table_iter_ are ObDASIter pointers of the lookup base (src/sql/das/iter/ob_das_lookup_iter.h:117-118); ObDASIter::get_next_row and get_next_rows call the pure virtual inner_get_next_row and inner_get_next_rows (src/sql/das/iter/ob_das_iter.cpp:108, :120; src/sql/das/iter/ob_das_iter.h:138-139), and at the leaves ObDASScanIter passes on the storage scan iterator's OB_ITER_END (src/sql/das/iter/ob_das_scan_iter.cpp:124-125, :137-138), which ObTableScanIterator answers once its rows are exhausted (src/storage/access/ob_table_scan_iterator.cpp:604, :611, :634, :642). Holder: the local ret (ob_das_cache_lookup_iter.cpp:256). Code's branch: ret = OB_SUCCESS (ob_das_cache_lookup_iter.cpp:311; reset.tsv:1163); a last batch with rows is returned as a batch (ob_das_cache_lookup_iter.cpp:312-314), and an empty one runs check_index_lookup and sends the state back to INDEX_SCAN (ob_das_cache_lookup_iter.cpp:315-319); any other code passes on through the empty else (ob_das_cache_lookup_iter.cpp:321-322). The code itself never leaves the function.	confirmed
src/sql/das/iter/ob_das_domain_id_merge_iter.cpp	ObDASDomainIdMergeIter::inner_get_next_row	line 277: ret != OB_ITER_END	END_OF_DATA	if ob_fail!(ret = self.multi_get_row()) { if !matches!(ret, Err(OB_ITER_END)) { } } with its empty body (s2-errors.md 2.3: empty branches stay), OB_UNLIKELY dropped where the C++ has it (RULEBOOK 2.3), on the local ret, an ObResult, in the local-ret form (s2-errors.md 2.3). The DAS iterators keep ending with Err(OB_ITER_END), get_next_rows setting the last batch's count, never an Option or a bool, until parity (s2-errors.md 2.4 rule 1; ARCHITECTURE.md section 17 default 6).	sweep: ret-compare.tsv:2164 (data row 2163). Producer: multi_get_row() at src/sql/das/iter/ob_das_domain_id_merge_iter.cpp:276, which ends with the data table iterator's OB_ITER_END (ob_das_domain_id_merge_iter.cpp:1007, :1009); data_table_iter_ and the rowkey_domain_iters_ are ObDASScanIter pointers (src/sql/das/iter/ob_das_domain_id_merge_iter.h:170-171); ObDASScanIter passes on the storage scan iterator's OB_ITER_END (src/sql/das/iter/ob_das_scan_iter.cpp:124-125, :137-138), which ObTableScanIterator answers once its rows are exhausted (src/storage/access/ob_table_scan_iterator.cpp:604, :611, :634, :642). Holder: the local ret (ob_das_domain_id_merge_iter.cpp:272). Code's branch: the body is empty for every code, and the code is returned (ob_das_domain_id_merge_iter.cpp:289). Consumer: ObDASIter::get_next_row and get_next_rows return it unchanged to the parent iterator or the DAS scan operator (src/sql/das/iter/ob_das_iter.cpp:108, :120).	confirmed
src/sql/das/iter/ob_das_domain_id_merge_iter.cpp	ObDASDomainIdMergeIter::inner_get_next_row	line 282: ret != OB_ITER_END	END_OF_DATA	if ob_fail!(ret = self.concat_row()) { if !matches!(ret, Err(OB_ITER_END)) { } } with its empty body (s2-errors.md 2.3: empty branches stay), OB_UNLIKELY dropped where the C++ has it (RULEBOOK 2.3), on the local ret, an ObResult, in the local-ret form (s2-errors.md 2.3). The DAS iterators keep ending with Err(OB_ITER_END), get_next_rows setting the last batch's count, never an Option or a bool, until parity (s2-errors.md 2.4 rule 1; ARCHITECTURE.md section 17 default 6).	sweep: ret-compare.tsv:2165 (data row 2164). Producer: concat_row() at src/sql/das/iter/ob_das_domain_id_merge_iter.cpp:281, which ends with the data table iterator's OB_ITER_END (ob_das_domain_id_merge_iter.cpp:502-503, :523, :525); data_table_iter_ and the rowkey_domain_iters_ are ObDASScanIter pointers (src/sql/das/iter/ob_das_domain_id_merge_iter.h:170-171); ObDASScanIter passes on the storage scan iterator's OB_ITER_END (src/sql/das/iter/ob_das_scan_iter.cpp:124-125, :137-138), which ObTableScanIterator answers once its rows are exhausted (src/storage/access/ob_table_scan_iterator.cpp:604, :611, :634, :642). Holder: the local ret (ob_das_domain_id_merge_iter.cpp:272). Code's branch: the body is empty for every code, and the code is returned (ob_das_domain_id_merge_iter.cpp:289). Consumer: ObDASIter::get_next_row and get_next_rows return it unchanged to the parent iterator or the DAS scan operator (src/sql/das/iter/ob_das_iter.cpp:108, :120).	confirmed
src/sql/das/iter/ob_das_domain_id_merge_iter.cpp	ObDASDomainIdMergeIter::inner_get_next_row	line 286: ret != OB_ITER_END	END_OF_DATA	if ob_fail!(ret = self.sorted_merge_join_row()) { if !matches!(ret, Err(OB_ITER_END)) { } } with its empty body (s2-errors.md 2.3: empty branches stay), OB_UNLIKELY dropped where the C++ has it (RULEBOOK 2.3), on the local ret, an ObResult, in the local-ret form (s2-errors.md 2.3). The DAS iterators keep ending with Err(OB_ITER_END), get_next_rows setting the last batch's count, never an Option or a bool, until parity (s2-errors.md 2.4 rule 1; ARCHITECTURE.md section 17 default 6).	sweep: ret-compare.tsv:2166 (data row 2165). Producer: sorted_merge_join_row() at src/sql/das/iter/ob_das_domain_id_merge_iter.cpp:285, which ends with the data table iterator's OB_ITER_END (ob_das_domain_id_merge_iter.cpp:635-636); data_table_iter_ and the rowkey_domain_iters_ are ObDASScanIter pointers (src/sql/das/iter/ob_das_domain_id_merge_iter.h:170-171); ObDASScanIter passes on the storage scan iterator's OB_ITER_END (src/sql/das/iter/ob_das_scan_iter.cpp:124-125, :137-138), which ObTableScanIterator answers once its rows are exhausted (src/storage/access/ob_table_scan_iterator.cpp:604, :611, :634, :642). Holder: the local ret (ob_das_domain_id_merge_iter.cpp:272). Code's branch: the body is empty for every code, and the code is returned (ob_das_domain_id_merge_iter.cpp:289). Consumer: ObDASIter::get_next_row and get_next_rows return it unchanged to the parent iterator or the DAS scan operator (src/sql/das/iter/ob_das_iter.cpp:108, :120).	confirmed
src/sql/das/iter/ob_das_domain_id_merge_iter.cpp	ObDASDomainIdMergeIter::concat_row	line 503: ret == OB_ITER_END	END_OF_DATA	if ob_fail!(ret = self.data_table_iter_.get_next_row()) { if matches!(ret, Err(OB_ITER_END)) && self.is_no_sample_ { let tmp_ret = ret; ret = Ok(()); for .. { .. } if ret.is_ok() { ret = tmp_ret; } } else if !matches!(ret, Err(OB_ITER_END)) { } } else { .. } on the local ret, an ObResult, in the local-ret form (s2-errors.md 2.3): the first test is the matches! of this row joined with && as the C++ joins them (s2-errors.md 2.3's table), tmp_ret is its own ObResult local (s2-errors.md 2.4 rule 4), and the save, reset, check loop and restore stay in the C++ order (s2-errors.md 2.4 rule 1). The DAS iterators keep ending with Err(OB_ITER_END), get_next_rows setting the last batch's count, never an Option or a bool, until parity (s2-errors.md 2.4 rule 1; ARCHITECTURE.md section 17 default 6).	sweep: ret-compare.tsv:2167 (data row 2166). Producer: data_table_iter_->get_next_row() at src/sql/das/iter/ob_das_domain_id_merge_iter.cpp:502; data_table_iter_ and the rowkey_domain_iters_ are ObDASScanIter pointers (src/sql/das/iter/ob_das_domain_id_merge_iter.h:170-171); ObDASScanIter passes on the storage scan iterator's OB_ITER_END (src/sql/das/iter/ob_das_scan_iter.cpp:124-125, :137-138), which ObTableScanIterator answers once its rows are exhausted (src/storage/access/ob_table_scan_iterator.cpp:604, :611, :634, :642). Holder: the local ret (ob_das_domain_id_merge_iter.cpp:500). Code's branch, for a scan without sampling: the code is saved in tmp_ret and ret reset (ob_das_domain_id_merge_iter.cpp:504-505; tmp-ret.tsv:1440; reset.tsv:1164), each rowkey-domain iterator is read once more to check that it has ended too (ob_das_domain_id_merge_iter.cpp:506-513), a row left there giving OB_ERR_UNEXPECTED (ob_das_domain_id_merge_iter.cpp:514-518), a check that fails only on a mismatch; then OB_ITER_END is restored (ob_das_domain_id_merge_iter.cpp:522-523; tmp-ret.tsv:1441) and returned, so one way still reports the code and the value is not RENAMED. With sampling the next arm passes the code on (ret-compare.tsv:2169). Consumer: ObDASIter::get_next_row and get_next_rows return it unchanged to the parent iterator or the DAS scan operator (src/sql/das/iter/ob_das_iter.cpp:108, :120).	confirmed
src/sql/das/iter/ob_das_domain_id_merge_iter.cpp	ObDASDomainIdMergeIter::concat_row	line 510: ret != OB_ITER_END	END_OF_DATA	} else if ob_fail!(ret = self.rowkey_domain_iters_[i].get_next_row()) { if !matches!(ret, Err(OB_ITER_END)) { } else { ret = Ok(()); } } else { .. } , OB_UNLIKELY dropped (RULEBOOK 2.3), on the local ret, an ObResult, in the local-ret form (s2-errors.md 2.3); the empty branch and the reset stay where the C++ has them (s2-errors.md 2.3, 2.4 rule 1). The DAS iterators keep ending with Err(OB_ITER_END), get_next_rows setting the last batch's count, never an Option or a bool, until parity (s2-errors.md 2.4 rule 1; ARCHITECTURE.md section 17 default 6).	sweep: ret-compare.tsv:2168 (data row 2167). Producer: rowkey_domain_iters_.at(i)->get_next_row() at src/sql/das/iter/ob_das_domain_id_merge_iter.cpp:509; data_table_iter_ and the rowkey_domain_iters_ are ObDASScanIter pointers (src/sql/das/iter/ob_das_domain_id_merge_iter.h:170-171); ObDASScanIter passes on the storage scan iterator's OB_ITER_END (src/sql/das/iter/ob_das_scan_iter.cpp:124-125, :137-138), which ObTableScanIterator answers once its rows are exhausted (src/storage/access/ob_table_scan_iterator.cpp:604, :611, :634, :642). Holder: the local ret (ob_das_domain_id_merge_iter.cpp:500). Code's branch: ret = OB_SUCCESS (ob_das_domain_id_merge_iter.cpp:512; reset.tsv:1165): the rowkey-domain table has ended with the data table, as expected, and the loop goes on to the next one (ob_das_domain_id_merge_iter.cpp:506); any other code passes on through the empty branch (ob_das_domain_id_merge_iter.cpp:510-511). The code never leaves the function.	confirmed
src/sql/das/iter/ob_das_domain_id_merge_iter.cpp	ObDASDomainIdMergeIter::concat_row	line 525: ret != OB_ITER_END	END_OF_DATA	} else if !matches!(ret, Err(OB_ITER_END)) { } with its empty body (s2-errors.md 2.3: empty branches stay), OB_UNLIKELY dropped where the C++ has it (RULEBOOK 2.3), on the local ret, an ObResult, in the local-ret form (s2-errors.md 2.3). The DAS iterators keep ending with Err(OB_ITER_END), get_next_rows setting the last batch's count, never an Option or a bool, until parity (s2-errors.md 2.4 rule 1; ARCHITECTURE.md section 17 default 6).	sweep: ret-compare.tsv:2169 (data row 2168). Producer: data_table_iter_->get_next_row() at src/sql/das/iter/ob_das_domain_id_merge_iter.cpp:502 (as for ret-compare.tsv:2167); data_table_iter_ and the rowkey_domain_iters_ are ObDASScanIter pointers (src/sql/das/iter/ob_das_domain_id_merge_iter.h:170-171); ObDASScanIter passes on the storage scan iterator's OB_ITER_END (src/sql/das/iter/ob_das_scan_iter.cpp:124-125, :137-138), which ObTableScanIterator answers once its rows are exhausted (src/storage/access/ob_table_scan_iterator.cpp:604, :611, :634, :642). Holder: the local ret (ob_das_domain_id_merge_iter.cpp:500). Code's branch: this arm runs for OB_ITER_END when the scan samples (is_no_sample_ false, ob_das_domain_id_merge_iter.cpp:503); the body is empty, so the code is returned (ob_das_domain_id_merge_iter.cpp:545) without the rowkey-domain check. Consumer: inner_get_next_row passes it on (ob_das_domain_id_merge_iter.cpp:281-282, ret-compare.tsv:2165).	confirmed
src/sql/das/iter/ob_das_domain_id_merge_iter.cpp	ObDASDomainIdMergeIter::concat_rows	line 556: ret != OB_ITER_END	END_OF_DATA	if ob_fail!(ret = self.data_table_iter_.get_next_rows(&mut data_row_cnt, capacity)) { if !matches!(ret, Err(OB_ITER_END)) { } } with its empty body (s2-errors.md 2.3: empty branches stay), OB_UNLIKELY dropped where the C++ has it (RULEBOOK 2.3), on the local ret, an ObResult, in the local-ret form (s2-errors.md 2.3). The DAS iterators keep ending with Err(OB_ITER_END), get_next_rows setting the last batch's count, never an Option or a bool, until parity (s2-errors.md 2.4 rule 1; ARCHITECTURE.md section 17 default 6).	sweep: ret-compare.tsv:2170 (data row 2169). Producer: data_table_iter_->get_next_rows(data_row_cnt, capacity) at src/sql/das/iter/ob_das_domain_id_merge_iter.cpp:555; data_table_iter_ and the rowkey_domain_iters_ are ObDASScanIter pointers (src/sql/das/iter/ob_das_domain_id_merge_iter.h:170-171); ObDASScanIter passes on the storage scan iterator's OB_ITER_END (src/sql/das/iter/ob_das_scan_iter.cpp:124-125, :137-138), which ObTableScanIterator answers once its rows are exhausted (src/storage/access/ob_table_scan_iterator.cpp:604, :611, :634, :642). Holder: the local ret (ob_das_domain_id_merge_iter.cpp:550). Code's branch: the body is empty; the test after it lets OB_ITER_END through to the domain-id step (ob_das_domain_id_merge_iter.cpp:559-562, ret-compare.tsv:2171).	confirmed
src/sql/das/iter/ob_das_domain_id_merge_iter.cpp	ObDASDomainIdMergeIter::concat_rows	line 559: ret != OB_ITER_END	END_OF_DATA	if ret.is_err() && !matches!(ret, Err(OB_ITER_END)) { } else { let expect_iter_end = matches!(ret, Err(OB_ITER_END)); ret = Ok(()); .. } on the local ret, an ObResult, in the local-ret form (s2-errors.md 2.3): OB_FAIL(ret) is ret.is_err() and the other comparison its own matches! (s2-errors.md 2.3's table); the empty branch stays (s2-errors.md 2.3). The DAS iterators keep ending with Err(OB_ITER_END), get_next_rows setting the last batch's count, never an Option or a bool, until parity (s2-errors.md 2.4 rule 1; ARCHITECTURE.md section 17 default 6).	sweep: ret-compare.tsv:2171 (data row 2170). Producer: data_table_iter_->get_next_rows(data_row_cnt, capacity) at src/sql/das/iter/ob_das_domain_id_merge_iter.cpp:555; data_table_iter_ and the rowkey_domain_iters_ are ObDASScanIter pointers (src/sql/das/iter/ob_das_domain_id_merge_iter.h:170-171); ObDASScanIter passes on the storage scan iterator's OB_ITER_END (src/sql/das/iter/ob_das_scan_iter.cpp:124-125, :137-138), which ObTableScanIterator answers once its rows are exhausted (src/storage/access/ob_table_scan_iterator.cpp:604, :611, :634, :642). Holder: the local ret (ob_das_domain_id_merge_iter.cpp:550). Code's branch: the else: the end is remembered in expect_iter_end (ob_das_domain_id_merge_iter.cpp:561, ret-compare.tsv:2172), ret is reset (ob_das_domain_id_merge_iter.cpp:562; reset.tsv:1166), and the domain ids of the last batch are read, the end coming back from the rowkey-domain iterators or from the flag (ob_das_domain_id_merge_iter.cpp:582, :587, :607). Any other code passes on through the empty branch (ob_das_domain_id_merge_iter.cpp:559).	confirmed
src/sql/das/iter/ob_das_domain_id_merge_iter.cpp	ObDASDomainIdMergeIter::concat_rows	line 561: ret == OB_ITER_END	END_OF_DATA	let expect_iter_end: bool = matches!(ret, Err(OB_ITER_END)); a comparison used as a value is the matches! in its place (vocabulary section 5, last clause), on the local ret, an ObResult, in the local-ret form (s2-errors.md 2.3). The DAS iterators keep ending with Err(OB_ITER_END), get_next_rows setting the last batch's count, never an Option or a bool, until parity (s2-errors.md 2.4 rule 1; ARCHITECTURE.md section 17 default 6).	sweep: ret-compare.tsv:2172 (data row 2171). Producer: data_table_iter_->get_next_rows(data_row_cnt, capacity) at src/sql/das/iter/ob_das_domain_id_merge_iter.cpp:555; data_table_iter_ and the rowkey_domain_iters_ are ObDASScanIter pointers (src/sql/das/iter/ob_das_domain_id_merge_iter.h:170-171); ObDASScanIter passes on the storage scan iterator's OB_ITER_END (src/sql/das/iter/ob_das_scan_iter.cpp:124-125, :137-138), which ObTableScanIterator answers once its rows are exhausted (src/storage/access/ob_table_scan_iterator.cpp:604, :611, :634, :642). Holder: the local ret (ob_das_domain_id_merge_iter.cpp:550). Code's branch: the comparison is the value of expect_iter_end (ob_das_domain_id_merge_iter.cpp:561), which sizes the reads of the rowkey-domain iterators (ob_das_domain_id_merge_iter.cpp:565, :585), gives back OB_ITER_END for a sampled scan (ob_das_domain_id_merge_iter.cpp:582; reset.tsv:1167) and checks that the rowkey-domain iterator ended too (ob_das_domain_id_merge_iter.cpp:607-608, ret-compare.tsv:2176); ret is reset on the next line (ob_das_domain_id_merge_iter.cpp:562).	confirmed
src/sql/das/iter/ob_das_domain_id_merge_iter.cpp	ObDASDomainIdMergeIter::concat_rows	line 588: ret != OB_ITER_END	END_OF_DATA	if ob_fail!(ret = self.rowkey_domain_iters_[i].get_next_rows(&mut rowkey_domain_row_cnt, real_cap)) { if !matches!(ret, Err(OB_ITER_END)) { } } with its empty body (s2-errors.md 2.3: empty branches stay), OB_UNLIKELY dropped where the C++ has it (RULEBOOK 2.3), on the local ret, an ObResult, in the local-ret form (s2-errors.md 2.3). The DAS iterators keep ending with Err(OB_ITER_END), get_next_rows setting the last batch's count, never an Option or a bool, until parity (s2-errors.md 2.4 rule 1; ARCHITECTURE.md section 17 default 6).	sweep: ret-compare.tsv:2173 (data row 2172). Producer: rowkey_domain_iters_.at(i)->get_next_rows(rowkey_domain_row_cnt, real_cap) at src/sql/das/iter/ob_das_domain_id_merge_iter.cpp:587; data_table_iter_ and the rowkey_domain_iters_ are ObDASScanIter pointers (src/sql/das/iter/ob_das_domain_id_merge_iter.h:170-171); ObDASScanIter passes on the storage scan iterator's OB_ITER_END (src/sql/das/iter/ob_das_scan_iter.cpp:124-125, :137-138), which ObTableScanIterator answers once its rows are exhausted (src/storage/access/ob_table_scan_iterator.cpp:604, :611, :634, :642). Holder: the local ret (ob_das_domain_id_merge_iter.cpp:550). Code's branch: the body is empty; the test after it lets OB_ITER_END through to the collection of the batch's domain ids (ob_das_domain_id_merge_iter.cpp:591-602, ret-compare.tsv:2174), and the reading loop stops (ob_das_domain_id_merge_iter.cpp:585).	confirmed
src/sql/das/iter/ob_das_domain_id_merge_iter.cpp	ObDASDomainIdMergeIter::concat_rows	line 591: ret != OB_ITER_END	END_OF_DATA	if ret.is_err() && !matches!(ret, Err(OB_ITER_END)) { } else if rowkey_domain_row_cnt > 0 { let tmp_ret = ret; if ob_fail!(ret = self.get_domain_ids(..)) { } else { ret = tmp_ret; } } on the local ret, an ObResult, in the local-ret form (s2-errors.md 2.3): OB_FAIL(ret) is ret.is_err() and the other comparison its own matches! (s2-errors.md 2.3's table); tmp_ret is its own ObResult local (s2-errors.md 2.4 rule 4), and the save and restore stay as the C++ writes them. The DAS iterators keep ending with Err(OB_ITER_END), get_next_rows setting the last batch's count, never an Option or a bool, until parity (s2-errors.md 2.4 rule 1; ARCHITECTURE.md section 17 default 6).	sweep: ret-compare.tsv:2174 (data row 2173). Producer: rowkey_domain_iters_.at(i)->get_next_rows(rowkey_domain_row_cnt, real_cap) at src/sql/das/iter/ob_das_domain_id_merge_iter.cpp:587; data_table_iter_ and the rowkey_domain_iters_ are ObDASScanIter pointers (src/sql/das/iter/ob_das_domain_id_merge_iter.h:170-171); ObDASScanIter passes on the storage scan iterator's OB_ITER_END (src/sql/das/iter/ob_das_scan_iter.cpp:124-125, :137-138), which ObTableScanIterator answers once its rows are exhausted (src/storage/access/ob_table_scan_iterator.cpp:604, :611, :634, :642). Holder: the local ret (ob_das_domain_id_merge_iter.cpp:550). Code's branch: a last batch with rows has its domain ids collected with the code saved in tmp_ret and restored after (ob_das_domain_id_merge_iter.cpp:592-601; tmp-ret.tsv:1444-1445), so OB_ITER_END stays in ret, ends the reading loop (ob_das_domain_id_merge_iter.cpp:585) and reaches the checks after it (ob_das_domain_id_merge_iter.cpp:606-607); any other code passes on through the empty branch (ob_das_domain_id_merge_iter.cpp:591).	confirmed
src/sql/das/iter/ob_das_domain_id_merge_iter.cpp	ObDASDomainIdMergeIter::concat_rows	line 606: ret != OB_ITER_END	END_OF_DATA	if ret.is_err() && !matches!(ret, Err(OB_ITER_END)) { } else if expect_iter_end && !matches!(ret, Err(OB_ITER_END)) { .. } else if .. on the local ret, an ObResult, in the local-ret form (s2-errors.md 2.3): OB_FAIL(ret) is ret.is_err() and each other comparison its own matches! (s2-errors.md 2.3's table); the empty branch stays (s2-errors.md 2.3). The DAS iterators keep ending with Err(OB_ITER_END), get_next_rows setting the last batch's count, never an Option or a bool, until parity (s2-errors.md 2.4 rule 1; ARCHITECTURE.md section 17 default 6).	sweep: ret-compare.tsv:2175 (data row 2174). Producer: the rowkey-domain iterator's get_next_rows (src/sql/das/iter/ob_das_domain_id_merge_iter.cpp:587), or the flag's OB_ITER_END for a sampled scan (ob_das_domain_id_merge_iter.cpp:582); data_table_iter_ and the rowkey_domain_iters_ are ObDASScanIter pointers (src/sql/das/iter/ob_das_domain_id_merge_iter.h:170-171); ObDASScanIter passes on the storage scan iterator's OB_ITER_END (src/sql/das/iter/ob_das_scan_iter.cpp:124-125, :137-138), which ObTableScanIterator answers once its rows are exhausted (src/storage/access/ob_table_scan_iterator.cpp:604, :611, :634, :642). Holder: the local ret (ob_das_domain_id_merge_iter.cpp:550). Code's branch: the chain goes on for OB_ITER_END: the end check (ob_das_domain_id_merge_iter.cpp:607, ret-compare.tsv:2176), the count check that answers OB_ERR_UNEXPECTED only on a mismatch (ob_das_domain_id_merge_iter.cpp:609-610), and the fill with the code saved and restored (ob_das_domain_id_merge_iter.cpp:611-619; tmp-ret.tsv:1446-1447); any other code passes on through the empty branch (ob_das_domain_id_merge_iter.cpp:606).	confirmed
src/sql/das/iter/ob_das_domain_id_merge_iter.cpp	ObDASDomainIdMergeIter::concat_rows	line 607: ret != OB_ITER_END	END_OF_DATA	} else if expect_iter_end && !matches!(ret, Err(OB_ITER_END)) { ret = Err(OB_ERR_UNEXPECTED); } else if .. on the local ret, an ObResult, in the local-ret form (s2-errors.md 2.3): the && keeps its two terms as the C++ joins them (s2-errors.md 2.3's table). The DAS iterators keep ending with Err(OB_ITER_END), get_next_rows setting the last batch's count, never an Option or a bool, until parity (s2-errors.md 2.4 rule 1; ARCHITECTURE.md section 17 default 6).	sweep: ret-compare.tsv:2176 (data row 2175). Producer: the rowkey-domain iterator's get_next_rows (src/sql/das/iter/ob_das_domain_id_merge_iter.cpp:587) or the flag's OB_ITER_END (ob_das_domain_id_merge_iter.cpp:582); data_table_iter_ and the rowkey_domain_iters_ are ObDASScanIter pointers (src/sql/das/iter/ob_das_domain_id_merge_iter.h:170-171); ObDASScanIter passes on the storage scan iterator's OB_ITER_END (src/sql/das/iter/ob_das_scan_iter.cpp:124-125, :137-138), which ObTableScanIterator answers once its rows are exhausted (src/storage/access/ob_table_scan_iterator.cpp:604, :611, :634, :642). Holder: the local ret (ob_das_domain_id_merge_iter.cpp:550). Code's branch: the comparison is false for OB_ITER_END, so the chain goes on to the count check and the fill (ob_das_domain_id_merge_iter.cpp:609-619) with the code kept; OB_ERR_UNEXPECTED (ob_das_domain_id_merge_iter.cpp:608) is for a rowkey-domain iterator that did not end when the data table did.	confirmed
src/sql/das/iter/ob_das_domain_id_merge_iter.cpp	ObDASDomainIdMergeIter::concat_rows	line 622: ret == OB_ITER_END	END_OF_DATA	if matches!(ret, Err(OB_ITER_END)) && i < self.rowkey_domain_iters_.count() - 1 { ret = Ok(()); } on the local ret, an ObResult, in the local-ret form (s2-errors.md 2.3); the && keeps its two terms (s2-errors.md 2.3's table) and the reset stays where the C++ has it (s2-errors.md 2.4 rule 1). The DAS iterators keep ending with Err(OB_ITER_END), get_next_rows setting the last batch's count, never an Option or a bool, until parity (s2-errors.md 2.4 rule 1; ARCHITECTURE.md section 17 default 6).	sweep: ret-compare.tsv:2177 (data row 2176). Producer: the rowkey-domain iterator's get_next_rows or the flag, kept through the fill (src/sql/das/iter/ob_das_domain_id_merge_iter.cpp:587, :582, :614-617); data_table_iter_ and the rowkey_domain_iters_ are ObDASScanIter pointers (src/sql/das/iter/ob_das_domain_id_merge_iter.h:170-171); ObDASScanIter passes on the storage scan iterator's OB_ITER_END (src/sql/das/iter/ob_das_scan_iter.cpp:124-125, :137-138), which ObTableScanIterator answers once its rows are exhausted (src/storage/access/ob_table_scan_iterator.cpp:604, :611, :634, :642). Holder: the local ret (ob_das_domain_id_merge_iter.cpp:550). Code's branch: ret = OB_SUCCESS for every rowkey-domain iterator but the last (ob_das_domain_id_merge_iter.cpp:623; reset.tsv:1168), commented 'recover ret from iter end when not last one' (ob_das_domain_id_merge_iter.cpp:621), so the loop goes on and only the last iterator's OB_ITER_END is returned (ob_das_domain_id_merge_iter.cpp:627). Consumer: ObDASIter::get_next_row and get_next_rows return it unchanged to the parent iterator or the DAS scan operator (src/sql/das/iter/ob_das_iter.cpp:108, :120).	confirmed
src/sql/das/iter/ob_das_domain_id_merge_iter.cpp	ObDASDomainIdMergeIter::sorted_merge_join_row	line 635: ret != OB_ITER_END	END_OF_DATA	if ob_fail!(ret = self.data_table_iter_.get_next_row()) && !matches!(ret, Err(OB_ITER_END)) { } else if .. — the two terms as the C++ joins them (s2-errors.md 2.3's table), on the local ret, an ObResult, in the local-ret form (s2-errors.md 2.3); the empty branch stays (s2-errors.md 2.3). The DAS iterators keep ending with Err(OB_ITER_END), get_next_rows setting the last batch's count, never an Option or a bool, until parity (s2-errors.md 2.4 rule 1; ARCHITECTURE.md section 17 default 6).	sweep: ret-compare.tsv:2178 (data row 2177). Producer: data_table_iter_->get_next_row() at src/sql/das/iter/ob_das_domain_id_merge_iter.cpp:635; data_table_iter_ and the rowkey_domain_iters_ are ObDASScanIter pointers (src/sql/das/iter/ob_das_domain_id_merge_iter.h:170-171); ObDASScanIter passes on the storage scan iterator's OB_ITER_END (src/sql/das/iter/ob_das_scan_iter.cpp:124-125, :137-138), which ObTableScanIterator answers once its rows are exhausted (src/storage/access/ob_table_scan_iterator.cpp:604, :611, :634, :642). Holder: the local ret (ob_das_domain_id_merge_iter.cpp:632). Code's branch: the condition is false for OB_ITER_END, so the next arm drains the rowkey-domain iterators and the code is returned (ob_das_domain_id_merge_iter.cpp:636-643, ret-compare.tsv:2179).	confirmed
src/sql/das/iter/ob_das_domain_id_merge_iter.cpp	ObDASDomainIdMergeIter::sorted_merge_join_row	line 636: ret == OB_ITER_END	END_OF_DATA	} else if matches!(ret, Err(OB_ITER_END)) { if self.is_no_sample_ { for .. { while ob_succ!(ret = self.rowkey_domain_iters_[i].get_next_row()) {} if !matches!(ret, Err(OB_ITER_END)) { } } } } on the local ret, an ObResult, in the local-ret form (s2-errors.md 2.3); the drain loop and its empty test stay as the C++ writes them (RULEBOOK section 0, 'Keep the control flow'). The DAS iterators keep ending with Err(OB_ITER_END), get_next_rows setting the last batch's count, never an Option or a bool, until parity (s2-errors.md 2.4 rule 1; ARCHITECTURE.md section 17 default 6).	sweep: ret-compare.tsv:2179 (data row 2178). Producer: data_table_iter_->get_next_row() at src/sql/das/iter/ob_das_domain_id_merge_iter.cpp:635; data_table_iter_ and the rowkey_domain_iters_ are ObDASScanIter pointers (src/sql/das/iter/ob_das_domain_id_merge_iter.h:170-171); ObDASScanIter passes on the storage scan iterator's OB_ITER_END (src/sql/das/iter/ob_das_scan_iter.cpp:124-125, :137-138), which ObTableScanIterator answers once its rows are exhausted (src/storage/access/ob_table_scan_iterator.cpp:604, :611, :634, :642). Holder: the local ret (ob_das_domain_id_merge_iter.cpp:632). Code's branch: for a scan without sampling, each rowkey-domain iterator is read to its end (ob_das_domain_id_merge_iter.cpp:637-642), each drain leaving that iterator's OB_ITER_END in ret, which is returned (ob_das_domain_id_merge_iter.cpp:663). Consumer: ObDASIter::get_next_row and get_next_rows return it unchanged to the parent iterator or the DAS scan operator (src/sql/das/iter/ob_das_iter.cpp:108, :120).	confirmed
src/sql/das/iter/ob_das_domain_id_merge_iter.cpp	ObDASDomainIdMergeIter::sorted_merge_join_row	line 640: ret != OB_ITER_END	END_OF_DATA	if !matches!(ret, Err(OB_ITER_END)) { } after the drain loop with its empty body (s2-errors.md 2.3: empty branches stay), OB_UNLIKELY dropped where the C++ has it (RULEBOOK 2.3), on the local ret, an ObResult, in the local-ret form (s2-errors.md 2.3). The DAS iterators keep ending with Err(OB_ITER_END), get_next_rows setting the last batch's count, never an Option or a bool, until parity (s2-errors.md 2.4 rule 1; ARCHITECTURE.md section 17 default 6).	sweep: ret-compare.tsv:2180 (data row 2179). Producer: rowkey_domain_iters_.at(i)->get_next_row() in the drain loop at src/sql/das/iter/ob_das_domain_id_merge_iter.cpp:639; data_table_iter_ and the rowkey_domain_iters_ are ObDASScanIter pointers (src/sql/das/iter/ob_das_domain_id_merge_iter.h:170-171); ObDASScanIter passes on the storage scan iterator's OB_ITER_END (src/sql/das/iter/ob_das_scan_iter.cpp:124-125, :137-138), which ObTableScanIterator answers once its rows are exhausted (src/storage/access/ob_table_scan_iterator.cpp:604, :611, :634, :642). Holder: the local ret (ob_das_domain_id_merge_iter.cpp:632). Code's branch: the body is empty; the loop goes on to the next iterator (ob_das_domain_id_merge_iter.cpp:638) and the code is returned (ob_das_domain_id_merge_iter.cpp:663).	confirmed
src/sql/das/iter/ob_das_domain_id_merge_iter.cpp	ObDASDomainIdMergeIter::sorted_merge_join_row	line 656: ret == OB_ITER_END	RENAMED	if ret.is_err() { if matches!(ret, Err(OB_ITER_END)) { ret = Err(OB_ERR_UNEXPECTED); } } else if .. on the local ret, an ObResult, in the local-ret form (s2-errors.md 2.3): the rename stays at the same place, never map_err or if let Err (s2-errors.md 2.4 rule 3; 2.15 item 7). The DAS iterators keep ending with Err(OB_ITER_END), get_next_rows setting the last batch's count, never an Option or a bool, until parity (s2-errors.md 2.4 rule 1; ARCHITECTURE.md section 17 default 6).	sweep: ret-compare.tsv:2181 (data row 2180). Producer: rowkey_domain_iters_.at(i)->get_next_row() at src/sql/das/iter/ob_das_domain_id_merge_iter.cpp:650, in the loop that looks for the data row's rowkey (ob_das_domain_id_merge_iter.cpp:648-654); data_table_iter_ and the rowkey_domain_iters_ are ObDASScanIter pointers (src/sql/das/iter/ob_das_domain_id_merge_iter.h:170-171); ObDASScanIter passes on the storage scan iterator's OB_ITER_END (src/sql/das/iter/ob_das_scan_iter.cpp:124-125, :137-138), which ObTableScanIterator answers once its rows are exhausted (src/storage/access/ob_table_scan_iterator.cpp:604, :611, :634, :642). Holder: the local ret (ob_das_domain_id_merge_iter.cpp:632). Code's branch: ret = OB_ERR_UNEXPECTED (ob_das_domain_id_merge_iter.cpp:657): the rowkey-domain table ended without the data row's rowkey; the loop stops (ob_das_domain_id_merge_iter.cpp:646) and the new code is returned (ob_das_domain_id_merge_iter.cpp:663), never OB_ITER_END. Escapes: inner_get_next_row passes it on (ob_das_domain_id_merge_iter.cpp:285-286, ret-compare.tsv:2166), and so does ObDASIter::get_next_row (src/sql/das/iter/ob_das_iter.cpp:108).	confirmed
src/sql/das/iter/ob_das_domain_id_merge_iter.cpp	ObDASDomainIdMergeIter::sorted_merge_join_rows	line 674: ret != OB_ITER_END	END_OF_DATA	if ob_fail!(ret = self.data_table_iter_.get_next_rows(&mut data_table_cnt, capacity)) && !matches!(ret, Err(OB_ITER_END)) { } else if .. — the two terms as the C++ joins them (s2-errors.md 2.3's table), on the local ret, an ObResult, in the local-ret form (s2-errors.md 2.3); the empty branch stays (s2-errors.md 2.3). The DAS iterators keep ending with Err(OB_ITER_END), get_next_rows setting the last batch's count, never an Option or a bool, until parity (s2-errors.md 2.4 rule 1; ARCHITECTURE.md section 17 default 6).	sweep: ret-compare.tsv:2182 (data row 2181). Producer: data_table_iter_->get_next_rows(data_table_cnt, capacity) at src/sql/das/iter/ob_das_domain_id_merge_iter.cpp:674; data_table_iter_ and the rowkey_domain_iters_ are ObDASScanIter pointers (src/sql/das/iter/ob_das_domain_id_merge_iter.h:170-171); ObDASScanIter passes on the storage scan iterator's OB_ITER_END (src/sql/das/iter/ob_das_scan_iter.cpp:124-125, :137-138), which ObTableScanIterator answers once its rows are exhausted (src/storage/access/ob_table_scan_iterator.cpp:604, :611, :634, :642). Holder: the local ret (ob_das_domain_id_merge_iter.cpp:668). Code's branch: the condition is false for OB_ITER_END, so the next arms handle it: an empty last batch sets count = 0 (ob_das_domain_id_merge_iter.cpp:675-676, ret-compare.tsv:2183), and a last batch with rows sets is_iter_end (ob_das_domain_id_merge_iter.cpp:679, ret-compare.tsv:2184).	confirmed
src/sql/das/iter/ob_das_domain_id_merge_iter.cpp	ObDASDomainIdMergeIter::sorted_merge_join_rows	line 675: ret == OB_ITER_END	END_OF_DATA	} else if 0 == data_table_cnt && matches!(ret, Err(OB_ITER_END)) { *count = 0; } on the local ret, an ObResult, in the local-ret form (s2-errors.md 2.3), the && as the C++ joins it (s2-errors.md 2.3's table). The DAS iterators keep ending with Err(OB_ITER_END), get_next_rows setting the last batch's count, never an Option or a bool, until parity (s2-errors.md 2.4 rule 1; ARCHITECTURE.md section 17 default 6).	sweep: ret-compare.tsv:2183 (data row 2182). Producer: data_table_iter_->get_next_rows(data_table_cnt, capacity) at src/sql/das/iter/ob_das_domain_id_merge_iter.cpp:674; data_table_iter_ and the rowkey_domain_iters_ are ObDASScanIter pointers (src/sql/das/iter/ob_das_domain_id_merge_iter.h:170-171); ObDASScanIter passes on the storage scan iterator's OB_ITER_END (src/sql/das/iter/ob_das_scan_iter.cpp:124-125, :137-138), which ObTableScanIterator answers once its rows are exhausted (src/storage/access/ob_table_scan_iterator.cpp:604, :611, :634, :642). Holder: the local ret (ob_das_domain_id_merge_iter.cpp:668). Code's branch: count = 0 (ob_das_domain_id_merge_iter.cpp:676) and the code is returned as the end of the rows (ob_das_domain_id_merge_iter.cpp:739). Consumer: ObDASIter::get_next_row and get_next_rows return it unchanged to the parent iterator or the DAS scan operator (src/sql/das/iter/ob_das_iter.cpp:108, :120).	confirmed
src/sql/das/iter/ob_das_domain_id_merge_iter.cpp	ObDASDomainIdMergeIter::sorted_merge_join_rows	line 679: ret == OB_ITER_END	END_OF_DATA	} else if matches!(ret, Err(OB_ITER_END)) && false_it!(is_iter_end = true) { } else if .. on the local ret, an ObResult, in the local-ret form (s2-errors.md 2.3): FALSE_IT is false_it! (RULEBOOK 2.1), so the flag is set and the chain goes on as in C++. The DAS iterators keep ending with Err(OB_ITER_END), get_next_rows setting the last batch's count, never an Option or a bool, until parity (s2-errors.md 2.4 rule 1; ARCHITECTURE.md section 17 default 6).	sweep: ret-compare.tsv:2184 (data row 2183). Producer: data_table_iter_->get_next_rows(data_table_cnt, capacity) at src/sql/das/iter/ob_das_domain_id_merge_iter.cpp:674; data_table_iter_ and the rowkey_domain_iters_ are ObDASScanIter pointers (src/sql/das/iter/ob_das_domain_id_merge_iter.h:170-171); ObDASScanIter passes on the storage scan iterator's OB_ITER_END (src/sql/das/iter/ob_das_scan_iter.cpp:124-125, :137-138), which ObTableScanIterator answers once its rows are exhausted (src/storage/access/ob_table_scan_iterator.cpp:604, :611, :634, :642). Holder: the local ret (ob_das_domain_id_merge_iter.cpp:668). Code's branch: is_iter_end = true (ob_das_domain_id_merge_iter.cpp:679) and the chain goes on to fill the last batch's domain ids, whose calls overwrite ret; the end is given back from the flag once the batch is filled (ob_das_domain_id_merge_iter.cpp:734-736) and returned (ob_das_domain_id_merge_iter.cpp:739). Consumer: ObDASIter::get_next_row and get_next_rows return it unchanged to the parent iterator or the DAS scan operator (src/sql/das/iter/ob_das_iter.cpp:108, :120).	confirmed
src/sql/das/iter/ob_das_domain_id_merge_iter.cpp	ObDASDomainIdMergeIter::sorted_merge_join_rows	line 692: ret != OB_ITER_END	END_OF_DATA	if ob_fail!(ret = self.rowkey_domain_iters_[i].get_next_rows(&mut rowkey_domain_cnt, batch_size)) && !matches!(ret, Err(OB_ITER_END)) { } else if .. — the two terms as the C++ joins them (s2-errors.md 2.3's table), on the local ret, an ObResult, in the local-ret form (s2-errors.md 2.3); the empty branch stays (s2-errors.md 2.3). The DAS iterators keep ending with Err(OB_ITER_END), get_next_rows setting the last batch's count, never an Option or a bool, until parity (s2-errors.md 2.4 rule 1; ARCHITECTURE.md section 17 default 6).	sweep: ret-compare.tsv:2185 (data row 2184). Producer: rowkey_domain_iters_.at(i)->get_next_rows(rowkey_domain_cnt, batch_size) at src/sql/das/iter/ob_das_domain_id_merge_iter.cpp:692; data_table_iter_ and the rowkey_domain_iters_ are ObDASScanIter pointers (src/sql/das/iter/ob_das_domain_id_merge_iter.h:170-171); ObDASScanIter passes on the storage scan iterator's OB_ITER_END (src/sql/das/iter/ob_das_scan_iter.cpp:124-125, :137-138), which ObTableScanIterator answers once its rows are exhausted (src/storage/access/ob_table_scan_iterator.cpp:604, :611, :634, :642). Holder: the local ret (ob_das_domain_id_merge_iter.cpp:668). Code's branch: the condition is false for OB_ITER_END, so the next arm checks that the rowkey-domain table may end here (ob_das_domain_id_merge_iter.cpp:693-694, ret-compare.tsv:2186) and, when it may, the batch's rowkeys and domain ids are read (ob_das_domain_id_merge_iter.cpp:695-696).	confirmed
src/sql/das/iter/ob_das_domain_id_merge_iter.cpp	ObDASDomainIdMergeIter::sorted_merge_join_rows	line 693: ret == OB_ITER_END	RENAMED	} else if matches!(ret, Err(OB_ITER_END)) && (!is_iter_end || 0 == rowkey_domain_cnt) { ret = Err(OB_ERR_UNEXPECTED); } else if .. , OB_UNLIKELY dropped (RULEBOOK 2.3), on the local ret, an ObResult, in the local-ret form (s2-errors.md 2.3): the rename stays at the same place, never map_err or if let Err (s2-errors.md 2.4 rule 3; 2.15 item 7). The DAS iterators keep ending with Err(OB_ITER_END), get_next_rows setting the last batch's count, never an Option or a bool, until parity (s2-errors.md 2.4 rule 1; ARCHITECTURE.md section 17 default 6).	sweep: ret-compare.tsv:2186 (data row 2185). Producer: rowkey_domain_iters_.at(i)->get_next_rows(rowkey_domain_cnt, batch_size) at src/sql/das/iter/ob_das_domain_id_merge_iter.cpp:692; data_table_iter_ and the rowkey_domain_iters_ are ObDASScanIter pointers (src/sql/das/iter/ob_das_domain_id_merge_iter.h:170-171); ObDASScanIter passes on the storage scan iterator's OB_ITER_END (src/sql/das/iter/ob_das_scan_iter.cpp:124-125, :137-138), which ObTableScanIterator answers once its rows are exhausted (src/storage/access/ob_table_scan_iterator.cpp:604, :611, :634, :642). Holder: the local ret (ob_das_domain_id_merge_iter.cpp:668). Code's branch, the rest of the && and the body: when the rowkey-domain table ends while the data table has not, or ends with no row, ret = OB_ERR_UNEXPECTED (ob_das_domain_id_merge_iter.cpp:693-694); otherwise the arm is skipped and the next call overwrites ret (ob_das_domain_id_merge_iter.cpp:695), the data table's end coming back from is_iter_end (ob_das_domain_id_merge_iter.cpp:736). No way through the branch reports this OB_ITER_END. Escapes: the new code stops the loops (ob_das_domain_id_merge_iter.cpp:683, :688) and is returned (ob_das_domain_id_merge_iter.cpp:739) to inner_get_next_rows, which passes it on.	confirmed
src/sql/das/iter/ob_das_domain_id_merge_iter.cpp	ObDASDomainIdMergeIter::multi_get_row	line 1008: ret != OB_ITER_END	END_OF_DATA	if ob_fail!(ret = self.data_table_iter_.get_next_row()) { match ret { Err(OB_ITER_END) => { if self.is_no_sample_ { for .. { while ob_succ!(ret = self.rowkey_domain_iters_[i].get_next_row()) {} if !matches!(ret, Err(OB_ITER_END)) { } } } } _ => {} } } else if .. — the if / else-if chain over codes on ret at src/sql/das/iter/ob_das_domain_id_merge_iter.cpp:1008-1020 is a match (s2-errors.md 2.3's table; RULEBOOK 2.1); this row, OB_ITER_END != ret with its empty body, is the _ => {} arm: its test is false only for OB_ITER_END, so the empty branch the C++ writes first is the match's last arm, and it stays empty (s2-errors.md 2.3: empty branches stay). On the local ret, an ObResult, in the local-ret form (s2-errors.md 2.3). The DAS iterators keep ending with Err(OB_ITER_END), get_next_rows setting the last batch's count, never an Option or a bool, until parity (s2-errors.md 2.4 rule 1; ARCHITECTURE.md section 17 default 6).	sweep: ret-compare.tsv:2187 (data row 2186). Producer: data_table_iter_->get_next_row() at src/sql/das/iter/ob_das_domain_id_merge_iter.cpp:1007; data_table_iter_ and the rowkey_domain_iters_ are ObDASScanIter pointers (src/sql/das/iter/ob_das_domain_id_merge_iter.h:170-171); ObDASScanIter passes on the storage scan iterator's OB_ITER_END (src/sql/das/iter/ob_das_scan_iter.cpp:124-125, :137-138), which ObTableScanIterator answers once its rows are exhausted (src/storage/access/ob_table_scan_iterator.cpp:604, :611, :634, :642). Holder: the local ret (ob_das_domain_id_merge_iter.cpp:1004). Code's branch: the comparison is false, so the next arm drains the rowkey-domain iterators and the code is returned (ob_das_domain_id_merge_iter.cpp:1009-1019, ret-compare.tsv:2188).	confirmed
src/sql/das/iter/ob_das_domain_id_merge_iter.cpp	ObDASDomainIdMergeIter::multi_get_row	line 1009: ret == OB_ITER_END	END_OF_DATA	The same match ret { .. } as ret-compare.tsv:2187, for the if / else-if chain over codes on ret at src/sql/das/iter/ob_das_domain_id_merge_iter.cpp:1008-1020 inside the failure branch of ob_fail!(ret = self.data_table_iter_.get_next_row()) (s2-errors.md 2.3's table; RULEBOOK 2.1); this row is its Err(OB_ITER_END) arm, { if self.is_no_sample_ { for .. { while ob_succ!(ret = self.rowkey_domain_iters_[i].get_next_row()) {} if !matches!(ret, Err(OB_ITER_END)) { } } } }, on the local ret, an ObResult, in the local-ret form (s2-errors.md 2.3); the C++'s second test, which the first already made redundant, is the arm's pattern, and the drain stays as the C++ writes it (RULEBOOK section 0, 'Keep the control flow'). The DAS iterators keep ending with Err(OB_ITER_END), get_next_rows setting the last batch's count, never an Option or a bool, until parity (s2-errors.md 2.4 rule 1; ARCHITECTURE.md section 17 default 6).	sweep: ret-compare.tsv:2188 (data row 2187). Producer: data_table_iter_->get_next_row() at src/sql/das/iter/ob_das_domain_id_merge_iter.cpp:1007; data_table_iter_ and the rowkey_domain_iters_ are ObDASScanIter pointers (src/sql/das/iter/ob_das_domain_id_merge_iter.h:170-171); ObDASScanIter passes on the storage scan iterator's OB_ITER_END (src/sql/das/iter/ob_das_scan_iter.cpp:124-125, :137-138), which ObTableScanIterator answers once its rows are exhausted (src/storage/access/ob_table_scan_iterator.cpp:604, :611, :634, :642). Holder: the local ret (ob_das_domain_id_merge_iter.cpp:1004). Code's branch: for a scan without sampling, each rowkey-domain iterator is read to its end (ob_das_domain_id_merge_iter.cpp:1010-1018), the last drain leaving its OB_ITER_END in ret, which is returned (ob_das_domain_id_merge_iter.cpp:1071). Consumer: ObDASIter::get_next_row and get_next_rows return it unchanged to the parent iterator or the DAS scan operator (src/sql/das/iter/ob_das_iter.cpp:108, :120).	confirmed
src/sql/das/iter/ob_das_domain_id_merge_iter.cpp	ObDASDomainIdMergeIter::multi_get_row	line 1016: ret != OB_ITER_END	END_OF_DATA	if !matches!(ret, Err(OB_ITER_END)) { } after the drain loop with its empty body (s2-errors.md 2.3: empty branches stay), OB_UNLIKELY dropped where the C++ has it (RULEBOOK 2.3), on the local ret, an ObResult, in the local-ret form (s2-errors.md 2.3). The DAS iterators keep ending with Err(OB_ITER_END), get_next_rows setting the last batch's count, never an Option or a bool, until parity (s2-errors.md 2.4 rule 1; ARCHITECTURE.md section 17 default 6).	sweep: ret-compare.tsv:2189 (data row 2188). Producer: rowkey_domain_iters_.at(i)->get_next_row() in the drain loop at src/sql/das/iter/ob_das_domain_id_merge_iter.cpp:1012; data_table_iter_ and the rowkey_domain_iters_ are ObDASScanIter pointers (src/sql/das/iter/ob_das_domain_id_merge_iter.h:170-171); ObDASScanIter passes on the storage scan iterator's OB_ITER_END (src/sql/das/iter/ob_das_scan_iter.cpp:124-125, :137-138), which ObTableScanIterator answers once its rows are exhausted (src/storage/access/ob_table_scan_iterator.cpp:604, :611, :634, :642). Holder: the local ret (ob_das_domain_id_merge_iter.cpp:1004). Code's branch: the body is empty; the loop goes on to the next iterator (ob_das_domain_id_merge_iter.cpp:1011) and the code is returned (ob_das_domain_id_merge_iter.cpp:1071).	confirmed
src/sql/das/iter/ob_das_domain_id_merge_iter.cpp	ObDASDomainIdMergeIter::multi_get_row	line 1034: ret == OB_ITER_END	END_OF_DATA	if ob_fail!(ret = self.rowkey_domain_iters_[i].get_next_row()) { if matches!(ret, Err(OB_ITER_END)) { ret = Ok(()); break; } else { } } else if .. on the local ret, an ObResult, in the local-ret form (s2-errors.md 2.3); the reset, the break and the empty else stay where the C++ has them (s2-errors.md 2.3, 2.4 rule 1). The DAS iterators keep ending with Err(OB_ITER_END), get_next_rows setting the last batch's count, never an Option or a bool, until parity (s2-errors.md 2.4 rule 1; ARCHITECTURE.md section 17 default 6).	sweep: ret-compare.tsv:2190 (data row 2189). Producer: rowkey_domain_iters_.at(i)->get_next_row() at src/sql/das/iter/ob_das_domain_id_merge_iter.cpp:1033, after the iterator's range was reset to the data row's rowkey (ob_das_domain_id_merge_iter.cpp:1028); data_table_iter_ and the rowkey_domain_iters_ are ObDASScanIter pointers (src/sql/das/iter/ob_das_domain_id_merge_iter.h:170-171); ObDASScanIter passes on the storage scan iterator's OB_ITER_END (src/sql/das/iter/ob_das_scan_iter.cpp:124-125, :137-138), which ObTableScanIterator answers once its rows are exhausted (src/storage/access/ob_table_scan_iterator.cpp:604, :611, :634, :642). Holder: the local ret (ob_das_domain_id_merge_iter.cpp:1004). Code's branch: ret = OB_SUCCESS and break (ob_das_domain_id_merge_iter.cpp:1035-1036; reset.tsv:1169): the rowkey is not in the rowkey-domain table, so is_found stays false and an embedded-vector domain gets a null domain id while any other gives OB_ERR_UNEXPECTED (ob_das_domain_id_merge_iter.cpp:1052-1060); any other code passes on through the empty else (ob_das_domain_id_merge_iter.cpp:1037-1038). The code never leaves the function.	confirmed
src/sql/das/iter/ob_das_domain_id_merge_iter.cpp	ObDASDomainIdMergeIter::multi_get_row	line 1045: ret == OB_ITER_END	RENAMED	if ret.is_err() { if matches!(ret, Err(OB_ITER_END)) { ret = Err(OB_ERR_UNEXPECTED); } } else { .. } on the local ret, an ObResult, in the local-ret form (s2-errors.md 2.3): the rename stays at the same place, never map_err or if let Err (s2-errors.md 2.4 rule 3; 2.15 item 7). The DAS iterators keep ending with Err(OB_ITER_END), get_next_rows setting the last batch's count, never an Option or a bool, until parity (s2-errors.md 2.4 rule 1; ARCHITECTURE.md section 17 default 6).	sweep: ret-compare.tsv:2191 (data row 2190). Producer: the loop above (src/sql/das/iter/ob_das_domain_id_merge_iter.cpp:1031-1042) turns the rowkey-domain iterator's own OB_ITER_END into success and breaks (ob_das_domain_id_merge_iter.cpp:1034-1036, ret-compare.tsv:2190), so here the code could come only from reset_rowkey_domain_iter_scan_range or get_rowkey (ob_das_domain_id_merge_iter.cpp:1028, :1039); either way the branch reports another code. Holder: the local ret (ob_das_domain_id_merge_iter.cpp:1004). Code's branch: ret = OB_ERR_UNEXPECTED (ob_das_domain_id_merge_iter.cpp:1046), never OB_ITER_END; the loop stops (ob_das_domain_id_merge_iter.cpp:1023). Escapes: the new code is returned (ob_das_domain_id_merge_iter.cpp:1071) to inner_get_next_row, which passes it on (ob_das_domain_id_merge_iter.cpp:276-277, ret-compare.tsv:2164).	confirmed
src/sql/das/iter/ob_das_domain_id_merge_iter.cpp	ObDASDomainIdMergeIter::multi_get_rows	line 1082: ret != OB_ITER_END	END_OF_DATA	if ob_fail!(ret = self.data_table_iter_.get_next_rows(&mut data_row_cnt, capacity)) { if !matches!(ret, Err(OB_ITER_END)) { } } with its empty body (s2-errors.md 2.3: empty branches stay), OB_UNLIKELY dropped where the C++ has it (RULEBOOK 2.3), on the local ret, an ObResult, in the local-ret form (s2-errors.md 2.3). The DAS iterators keep ending with Err(OB_ITER_END), get_next_rows setting the last batch's count, never an Option or a bool, until parity (s2-errors.md 2.4 rule 1; ARCHITECTURE.md section 17 default 6).	sweep: ret-compare.tsv:2192 (data row 2191). Producer: data_table_iter_->get_next_rows(data_row_cnt, capacity) at src/sql/das/iter/ob_das_domain_id_merge_iter.cpp:1081; data_table_iter_ and the rowkey_domain_iters_ are ObDASScanIter pointers (src/sql/das/iter/ob_das_domain_id_merge_iter.h:170-171); ObDASScanIter passes on the storage scan iterator's OB_ITER_END (src/sql/das/iter/ob_das_scan_iter.cpp:124-125, :137-138), which ObTableScanIterator answers once its rows are exhausted (src/storage/access/ob_table_scan_iterator.cpp:604, :611, :634, :642). Holder: the local ret (ob_das_domain_id_merge_iter.cpp:1076). Code's branch: the body is empty; the test after it lets OB_ITER_END through to the domain-id step (ob_das_domain_id_merge_iter.cpp:1086-1089, ret-compare.tsv:2193).	confirmed
src/sql/das/iter/ob_das_domain_id_merge_iter.cpp	ObDASDomainIdMergeIter::multi_get_rows	line 1086: ret != OB_ITER_END	END_OF_DATA	if ret.is_err() && !matches!(ret, Err(OB_ITER_END)) { } else { let expect_iter_end = matches!(ret, Err(OB_ITER_END)); ret = Ok(()); .. } on the local ret, an ObResult, in the local-ret form (s2-errors.md 2.3): OB_FAIL(ret) is ret.is_err() and the other comparison its own matches! (s2-errors.md 2.3's table); the empty branch stays (s2-errors.md 2.3). The DAS iterators keep ending with Err(OB_ITER_END), get_next_rows setting the last batch's count, never an Option or a bool, until parity (s2-errors.md 2.4 rule 1; ARCHITECTURE.md section 17 default 6).	sweep: ret-compare.tsv:2193 (data row 2192). Producer: data_table_iter_->get_next_rows(data_row_cnt, capacity) at src/sql/das/iter/ob_das_domain_id_merge_iter.cpp:1081; data_table_iter_ and the rowkey_domain_iters_ are ObDASScanIter pointers (src/sql/das/iter/ob_das_domain_id_merge_iter.h:170-171); ObDASScanIter passes on the storage scan iterator's OB_ITER_END (src/sql/das/iter/ob_das_scan_iter.cpp:124-125, :137-138), which ObTableScanIterator answers once its rows are exhausted (src/storage/access/ob_table_scan_iterator.cpp:604, :611, :634, :642). Holder: the local ret (ob_das_domain_id_merge_iter.cpp:1076). Code's branch: the end is remembered in expect_iter_end (ob_das_domain_id_merge_iter.cpp:1088, ret-compare.tsv:2194), ret is reset (ob_das_domain_id_merge_iter.cpp:1089; reset.tsv:1170), and the last batch's domain ids are looked up; OB_ITER_END comes back from the flag for a sampled scan (ob_das_domain_id_merge_iter.cpp:1118) or after an empty batch (ob_das_domain_id_merge_iter.cpp:1180-1181). Any other code passes on through the empty branch (ob_das_domain_id_merge_iter.cpp:1086).	confirmed
src/sql/das/iter/ob_das_domain_id_merge_iter.cpp	ObDASDomainIdMergeIter::multi_get_rows	line 1088: ret == OB_ITER_END	END_OF_DATA	let expect_iter_end: bool = matches!(ret, Err(OB_ITER_END)); a comparison used as a value is the matches! in its place (vocabulary section 5, last clause), on the local ret, an ObResult, in the local-ret form (s2-errors.md 2.3). The DAS iterators keep ending with Err(OB_ITER_END), get_next_rows setting the last batch's count, never an Option or a bool, until parity (s2-errors.md 2.4 rule 1; ARCHITECTURE.md section 17 default 6).	sweep: ret-compare.tsv:2194 (data row 2193). Producer: data_table_iter_->get_next_rows(data_row_cnt, capacity) at src/sql/das/iter/ob_das_domain_id_merge_iter.cpp:1081; data_table_iter_ and the rowkey_domain_iters_ are ObDASScanIter pointers (src/sql/das/iter/ob_das_domain_id_merge_iter.h:170-171); ObDASScanIter passes on the storage scan iterator's OB_ITER_END (src/sql/das/iter/ob_das_scan_iter.cpp:124-125, :137-138), which ObTableScanIterator answers once its rows are exhausted (src/storage/access/ob_table_scan_iterator.cpp:604, :611, :634, :642). Holder: the local ret (ob_das_domain_id_merge_iter.cpp:1076). Code's branch: the comparison is the value of expect_iter_end (ob_das_domain_id_merge_iter.cpp:1088), which gives back OB_ITER_END for a sampled scan (ob_das_domain_id_merge_iter.cpp:1117-1118; reset.tsv:1171); ret is reset on the next line (ob_das_domain_id_merge_iter.cpp:1089).	confirmed
src/sql/das/iter/ob_das_domain_id_merge_iter.cpp	ObDASDomainIdMergeIter::multi_get_rows	line 1127: ret == OB_ITER_END	END_OF_DATA	} else if ob_fail!(ret = self.rowkey_domain_iters_[i].get_next_row()) { if matches!(ret, Err(OB_ITER_END)) { ret = Ok(()); } else { } } else if .. on the local ret, an ObResult, in the local-ret form (s2-errors.md 2.3); the reset and the empty else stay where the C++ has them (s2-errors.md 2.3, 2.4 rule 1). The DAS iterators keep ending with Err(OB_ITER_END), get_next_rows setting the last batch's count, never an Option or a bool, until parity (s2-errors.md 2.4 rule 1; ARCHITECTURE.md section 17 default 6).	sweep: ret-compare.tsv:2195 (data row 2194). Producer: rowkey_domain_iters_.at(i)->get_next_row() at src/sql/das/iter/ob_das_domain_id_merge_iter.cpp:1126, after the iterator's range was reset to the data row's rowkey (ob_das_domain_id_merge_iter.cpp:1125); data_table_iter_ and the rowkey_domain_iters_ are ObDASScanIter pointers (src/sql/das/iter/ob_das_domain_id_merge_iter.h:170-171); ObDASScanIter passes on the storage scan iterator's OB_ITER_END (src/sql/das/iter/ob_das_scan_iter.cpp:124-125, :137-138), which ObTableScanIterator answers once its rows are exhausted (src/storage/access/ob_table_scan_iterator.cpp:604, :611, :634, :642). Holder: the local ret (ob_das_domain_id_merge_iter.cpp:1076). Code's branch: ret = OB_SUCCESS (ob_das_domain_id_merge_iter.cpp:1128; reset.tsv:1172): no rowkey-domain row for this data row, so is_found stays false and an embedded-vector domain gets an empty domain id while any other gives OB_ERR_UNEXPECTED (ob_das_domain_id_merge_iter.cpp:1154-1164); any other code passes on through the empty else (ob_das_domain_id_merge_iter.cpp:1129-1130). The code never leaves the function.	confirmed
src/sql/das/iter/ob_das_domain_id_merge_iter.cpp	ObDASDomainIdMergeIter::multi_get_rows	line 1169: ret != OB_ITER_END	END_OF_DATA	if ret.is_err() && !matches!(ret, Err(OB_ITER_END)) { } else if data_row_cnt != domain_ids.count() { .. } else { .. } on the local ret, an ObResult, in the local-ret form (s2-errors.md 2.3): OB_FAIL(ret) is ret.is_err() and the other comparison its own matches! (s2-errors.md 2.3's table), OB_UNLIKELY dropped (RULEBOOK 2.3); the empty branch stays (s2-errors.md 2.3). The DAS iterators keep ending with Err(OB_ITER_END), get_next_rows setting the last batch's count, never an Option or a bool, until parity (s2-errors.md 2.4 rule 1; ARCHITECTURE.md section 17 default 6). The test stays whether or not the code can arrive, since RULEBOOK section 0's list of statements a translation may remove does not name it. The chain stays inside the unsampled branch where the C++ has it, and the sampled branch (src/sql/das/iter/ob_das_domain_id_merge_iter.cpp:1102-1119) is kept as the C++ writes it, with // BUG(port): multi_get_rows' sampled branch never sets count or fills the domain ids it builds, unlike concat_rows; repro: a vectorized scan with a SAMPLE clause whose domain id merge runs in multi-get mode, as for a hybrid vector index whose sync interval is not immediate (src/sql/das/iter/ob_das_domain_id_merge_iter.cpp:1102-1119) on the line above that branch's last statement (ob_das_domain_id_merge_iter.cpp:1117), under the BUG rule (RULEBOOK 2.10).	sweep: ret-compare.tsv:2196 (data row 2195). Producer: no statement is known to bring OB_ITER_END to this test. It sits in the unsampled branch of the loop over the rowkey-domain iterators (src/sql/das/iter/ob_das_domain_id_merge_iter.cpp:1120-1188), where the rowkey-domain read's own end is reset (ob_das_domain_id_merge_iter.cpp:1126-1128, ret-compare.tsv:2195) and the loop's other steps in this file set no such code (grep -n OB_ITER_END src/sql/das/iter/ob_das_domain_id_merge_iter.cpp finds none in reset_rowkey_domain_iter_scan_range, get_rowkey, get_domain_id or get_domain_id_count; the storage rescan that the range reset calls, ob_das_domain_id_merge_iter.cpp:1319, is not traced). The flag's OB_ITER_END (ob_das_domain_id_merge_iter.cpp:1118, ret-compare.tsv:2194) is set in the sampled branch (ob_das_domain_id_merge_iter.cpp:1102-1119), the other arm of the chain that opens at ob_das_domain_id_merge_iter.cpp:1101, and cannot reach this test. Holder: the local ret (ob_das_domain_id_merge_iter.cpp:1076). Code's branch, as it would run: the chain goes on for OB_ITER_END: the count check that answers OB_ERR_UNEXPECTED only on a mismatch (ob_das_domain_id_merge_iter.cpp:1170-1171), then count is set and the batch filled with the code saved and restored (ob_das_domain_id_merge_iter.cpp:1173-1179; tmp-ret.tsv:1448-1449), or OB_ITER_END set again for an empty batch (ob_das_domain_id_merge_iter.cpp:1180-1181); any other code passes on through the empty branch (ob_das_domain_id_merge_iter.cpp:1169). Value END_OF_DATA from the code itself (vocabulary section 4, value 8). Because this chain and the reset after it (src/sql/das/iter/ob_das_domain_id_merge_iter.cpp:1169-1187) sit only in the unsampled branch, the sampled branch never sets count or fills the domain ids it builds (ob_das_domain_id_merge_iter.cpp:1111-1114) and returns with count as the caller left it, at the first iterator when the flag's OB_ITER_END ends the loop, while concat_rows runs its count and fill after both branches (ob_das_domain_id_merge_iter.cpp:606-620).	confirmed
src/sql/das/iter/ob_das_domain_id_merge_iter.cpp	ObDASDomainIdMergeIter::multi_get_rows	line 1185: ret == OB_ITER_END	END_OF_DATA	if matches!(ret, Err(OB_ITER_END)) && i < self.rowkey_domain_iters_.count() - 1 { ret = Ok(()); } on the local ret, an ObResult, in the local-ret form (s2-errors.md 2.3); the && keeps its two terms (s2-errors.md 2.3's table) and the reset stays where the C++ has it (s2-errors.md 2.4 rule 1). The DAS iterators keep ending with Err(OB_ITER_END), get_next_rows setting the last batch's count, never an Option or a bool, until parity (s2-errors.md 2.4 rule 1; ARCHITECTURE.md section 17 default 6).	sweep: ret-compare.tsv:2197 (data row 2196). Producer: the OB_ITER_END set for an empty batch (src/sql/das/iter/ob_das_domain_id_merge_iter.cpp:1181), the only one known to reach this test: the save and restore around the fill (ob_das_domain_id_merge_iter.cpp:1175-1178) would keep one that came out of the loop, but no statement of the loop is known to leave it (ret-compare.tsv:2196), and the flag's OB_ITER_END (ob_das_domain_id_merge_iter.cpp:1118) is set in the sampled branch (ob_das_domain_id_merge_iter.cpp:1102-1119), while this test sits in the unsampled one (ob_das_domain_id_merge_iter.cpp:1120-1188). Holder: the local ret (ob_das_domain_id_merge_iter.cpp:1076). Code's branch: ret = OB_SUCCESS for every rowkey-domain iterator but the last (ob_das_domain_id_merge_iter.cpp:1186; reset.tsv:1173), commented 'recover ret from iter end when not last one' (ob_das_domain_id_merge_iter.cpp:1184), so only the last iterator's OB_ITER_END is returned (ob_das_domain_id_merge_iter.cpp:1192). Consumer: ObDASIter::get_next_row and get_next_rows return it unchanged to the parent iterator or the DAS scan operator (src/sql/das/iter/ob_das_iter.cpp:108, :120).	confirmed
src/sql/das/iter/ob_das_func_data_iter.cpp	ObDASFuncDataIter::inner_get_next_row	line 253: ret != OB_ITER_END	END_OF_DATA	} else if <main_lookup_iter_ is set> && ob_fail!(ret = self.main_lookup_iter_.get_next_row()) { if !matches!(ret, Err(OB_ITER_END)) { } else { ret = Ok(()); } } on the local ret, an ObResult, in the local-ret form (s2-errors.md 2.3); the empty branch and the reset stay where the C++ has them (s2-errors.md 2.3, 2.4 rule 1). The DAS iterators keep ending with Err(OB_ITER_END), get_next_rows setting the last batch's count, never an Option or a bool, until parity (s2-errors.md 2.4 rule 1; ARCHITECTURE.md section 17 default 6).	sweep: ret-compare.tsv:2198 (data row 2197). Producer: main_lookup_iter_->get_next_row() at src/sql/das/iter/ob_das_func_data_iter.cpp:252; main_lookup_iter_ and the tr_merge_iters_ are ObDASIter pointers (src/sql/das/iter/ob_das_func_data_iter.h:149, :153); ObDASIter::get_next_row and get_next_rows call the pure virtual inner_get_next_row and inner_get_next_rows (src/sql/das/iter/ob_das_iter.cpp:108, :120; src/sql/das/iter/ob_das_iter.h:138-139). Holder: the local ret (ob_das_func_data_iter.cpp:245). Code's branch: ret = OB_SUCCESS (ob_das_func_data_iter.cpp:255; reset.tsv:1174): the main table's end is not this iterator's end, which comes from the text-retrieval iterators read next (ob_das_func_data_iter.cpp:259-270, ret-compare.tsv:2199); any other code passes on through the empty branch (ob_das_func_data_iter.cpp:253). The code never leaves the function.	confirmed
src/sql/das/iter/ob_das_func_data_iter.cpp	ObDASFuncDataIter::inner_get_next_row	line 261: ret != OB_ITER_END	END_OF_DATA	if ob_fail!(ret = self.tr_merge_iters_[i].get_next_row()) { if !matches!(ret, Err(OB_ITER_END)) { } else { ret = Ok(()); iter_end = true; } } on the local ret, an ObResult, in the local-ret form (s2-errors.md 2.3); the reset and the flag stay in the C++ order, and so does the later if ret.is_ok() && iter_end { ret = Err(OB_ITER_END); } (s2-errors.md 2.4 rule 1). The DAS iterators keep ending with Err(OB_ITER_END), get_next_rows setting the last batch's count, never an Option or a bool, until parity (s2-errors.md 2.4 rule 1; ARCHITECTURE.md section 17 default 6).	sweep: ret-compare.tsv:2199 (data row 2198). Producer: tr_merge_iters_[i]->get_next_row() at src/sql/das/iter/ob_das_func_data_iter.cpp:260; main_lookup_iter_ and the tr_merge_iters_ are ObDASIter pointers (src/sql/das/iter/ob_das_func_data_iter.h:149, :153); ObDASIter::get_next_row and get_next_rows call the pure virtual inner_get_next_row and inner_get_next_rows (src/sql/das/iter/ob_das_iter.cpp:108, :120; src/sql/das/iter/ob_das_iter.h:138-139). Holder: the local ret (ob_das_func_data_iter.cpp:245). Code's branch: ret = OB_SUCCESS and iter_end = true (ob_das_func_data_iter.cpp:263-264; reset.tsv:1175), so every text-retrieval iterator is still read, and OB_ITER_END is set again after the loop (ob_das_func_data_iter.cpp:268-269) and returned. Consumer: ObDASIter::get_next_row and get_next_rows return it unchanged to the parent iterator or the DAS scan operator (src/sql/das/iter/ob_das_iter.cpp:108, :120).	confirmed
src/sql/das/iter/ob_das_func_data_iter.cpp	ObDASFuncDataIter::inner_get_next_rows	line 286: ret != OB_ITER_END	END_OF_DATA	if ob_fail!(ret = self.main_lookup_iter_.get_next_rows(&mut main_lookup_count, capacity)) { if !matches!(ret, Err(OB_ITER_END)) { } } with its empty body (s2-errors.md 2.3: empty branches stay), OB_UNLIKELY dropped where the C++ has it (RULEBOOK 2.3), on the local ret, an ObResult, in the local-ret form (s2-errors.md 2.3). The DAS iterators keep ending with Err(OB_ITER_END), get_next_rows setting the last batch's count, never an Option or a bool, until parity (s2-errors.md 2.4 rule 1; ARCHITECTURE.md section 17 default 6).	sweep: ret-compare.tsv:2200 (data row 2199). Producer: main_lookup_iter_->get_next_rows(main_lookup_count, capacity) at src/sql/das/iter/ob_das_func_data_iter.cpp:285; main_lookup_iter_ and the tr_merge_iters_ are ObDASIter pointers (src/sql/das/iter/ob_das_func_data_iter.h:149, :153); ObDASIter::get_next_row and get_next_rows call the pure virtual inner_get_next_row and inner_get_next_rows (src/sql/das/iter/ob_das_iter.cpp:108, :120; src/sql/das/iter/ob_das_iter.h:138-139). Holder: the local ret (ob_das_func_data_iter.cpp:276). Code's branch: the body is empty; the loop stops through its OB_SUCC(ret) condition (ob_das_func_data_iter.cpp:284) and the test after it resets the code (ob_das_func_data_iter.cpp:290-291, ret-compare.tsv:2201).	confirmed
src/sql/das/iter/ob_das_func_data_iter.cpp	ObDASFuncDataIter::inner_get_next_rows	line 290: ret == OB_ITER_END	END_OF_DATA	if matches!(ret, Err(OB_ITER_END)) { ret = Ok(()); } on the local ret, an ObResult, in the local-ret form (s2-errors.md 2.3); the reset stays where the C++ has it (s2-errors.md 2.4 rule 1). The DAS iterators keep ending with Err(OB_ITER_END), get_next_rows setting the last batch's count, never an Option or a bool, until parity (s2-errors.md 2.4 rule 1; ARCHITECTURE.md section 17 default 6).	sweep: ret-compare.tsv:2201 (data row 2200). Producer: main_lookup_iter_->get_next_rows(main_lookup_count, capacity) in the loop at src/sql/das/iter/ob_das_func_data_iter.cpp:285; main_lookup_iter_ and the tr_merge_iters_ are ObDASIter pointers (src/sql/das/iter/ob_das_func_data_iter.h:149, :153); ObDASIter::get_next_row and get_next_rows call the pure virtual inner_get_next_row and inner_get_next_rows (src/sql/das/iter/ob_das_iter.cpp:108, :120; src/sql/das/iter/ob_das_iter.h:138-139). Holder: the local ret (ob_das_func_data_iter.cpp:276). Code's branch: ret = OB_SUCCESS (ob_das_func_data_iter.cpp:291; reset.tsv:1176): the main table's last batch is counted in main_lookup_count and checked against the text-retrieval batch (ob_das_func_data_iter.cpp:294, :319), and the end is given when that batch is empty (ob_das_func_data_iter.cpp:324-325). The code never leaves the function.	confirmed
src/sql/das/iter/ob_das_func_data_iter.cpp	ObDASFuncDataIter::inner_get_next_rows	line 303: ret != OB_ITER_END	END_OF_DATA	if ob_fail!(ret = self.tr_merge_iters_[i].get_next_rows(&mut tr_merge_count, tr_merge_capacity)) { if !matches!(ret, Err(OB_ITER_END)) { } else { ret = Ok(()); } } on the local ret, an ObResult, in the local-ret form (s2-errors.md 2.3); the empty branch and the reset stay where the C++ has them (s2-errors.md 2.3, 2.4 rule 1). The DAS iterators keep ending with Err(OB_ITER_END), get_next_rows setting the last batch's count, never an Option or a bool, until parity (s2-errors.md 2.4 rule 1; ARCHITECTURE.md section 17 default 6).	sweep: ret-compare.tsv:2202 (data row 2201). Producer: tr_merge_iters_[i]->get_next_rows(tr_merge_count, tr_merge_capacity) at src/sql/das/iter/ob_das_func_data_iter.cpp:302; main_lookup_iter_ and the tr_merge_iters_ are ObDASIter pointers (src/sql/das/iter/ob_das_func_data_iter.h:149, :153); ObDASIter::get_next_row and get_next_rows call the pure virtual inner_get_next_row and inner_get_next_rows (src/sql/das/iter/ob_das_iter.cpp:108, :120; src/sql/das/iter/ob_das_iter.h:138-139). Holder: the local ret (ob_das_func_data_iter.cpp:276). Code's branch: ret = OB_SUCCESS (ob_das_func_data_iter.cpp:305; reset.tsv:1177); the count checks answer OB_ERR_UNEXPECTED only on a mismatch (ob_das_func_data_iter.cpp:309-314, :319-320), and an empty last batch gives OB_ITER_END to the caller (ob_das_func_data_iter.cpp:324-325); any other code passes on through the empty branch (ob_das_func_data_iter.cpp:303). The code itself never leaves the function.	confirmed
src/sql/das/iter/ob_das_functional_lookup_iter.cpp	ObDASFuncLookupIter::do_table_scan	line 121: ret == OB_SNAPSHOT_DISCARDED	OTHER	} else if ob_fail!(ret = self.index_table_iter_.do_table_scan()) { if matches!(ret, Err(OB_SNAPSHOT_DISCARDED)) && index_scan_param.fb_snapshot_.is_valid() { ret = Err(OB_INVALID_QUERY_TIMESTAMP); } else if !matches!(ret, Err(OB_TRY_LOCK_ROW_CONFLICT)) { } } as the C++ writes it (RULEBOOK section 0, 'Keep the control flow'; s2-errors.md 2.4 rule 1), on the local ret, an ObResult, in the local-ret form (s2-errors.md 2.3); the && keeps its two terms (s2-errors.md 2.3's table).	sweep: ret-compare.tsv:2203 (data row 2202). Producer: index_table_iter_->do_table_scan() at src/sql/das/iter/ob_das_functional_lookup_iter.cpp:120; index_table_iter_ is an ObDASScanIter (ob_das_functional_lookup_iter.cpp:113-114), and the storage table scan behind it, ObITabletScan::table_scan (src/data_plane/api/data_plane/access/ob_tablet_scan.h:514), implemented for tables by ObAccessService::table_scan (src/storage/tx_storage/ob_access_service.cpp:335, :373), reaches ObLSTabletService::inner_table_scan (src/storage/ls/ob_ls_tablet_service.cpp:479), which sets OB_SNAPSHOT_DISCARDED for a flashback snapshot at its minimum (ob_ls_tablet_service.cpp:1297-1298), a snapshot that is always valid, since is_min() tests the same version as is_valid() (src/share/scn.h:35, :38). inner_table_scan also gets the code, whatever the flashback snapshot, from check_snapshot_readable_with_cache (src/storage/ls/ob_ls_tablet_service.cpp:1305), whose ObTablet::check_snapshot_readable sets it for a read snapshot older than the tablet's DDL snapshot (src/storage/tablet/ob_tablet.cpp:5415, :5424, :5462, :5480), and from the table store's choice of read tables (src/storage/tablet/ob_tablet_table_store.cpp:586, :603), reached when the scan's merge prepares its read tables (src/storage/access/ob_multiple_merge.cpp:159, :278). ObDASScanIter, the only iterator in src/sql/das/iter that calls the storage table scan (grep -rn -e 'tsc_service_->table_scan' -e 'table_rescan(' src/sql/das/iter), already turns the code into OB_INVALID_QUERY_TIMESTAMP when its scan param has a valid flashback snapshot (src/sql/das/iter/ob_das_scan_iter.cpp:82-83, ret-compare.tsv:2327), and index_scan_param is that same param (src/sql/das/iter/ob_das_functional_lookup_iter.cpp:115; src/sql/das/iter/ob_das_scan_iter.h:65), so the code reaches this test only without one, from the check or the read-table choice, and the rename arm cannot run here; the value follows the branch as the C++ writes it (vocabulary section 4, value 7, last sentences). Holder: the local ret (ob_das_functional_lookup_iter.cpp:111). Code's branch: with a valid flashback snapshot, ret = OB_INVALID_QUERY_TIMESTAMP (ob_das_functional_lookup_iter.cpp:122); without one the arm is skipped and the next test hands the code on (ob_das_functional_lookup_iter.cpp:123-124, ret-compare.tsv:2204). One way through the branch still reports the compared code, so the value is not RENAMED (vocabulary section 4, value 7, last sentences), and a rename is more than a log, so not PASSED_ON: OTHER, as for the reviewed row at src/logservice/ob_log_handler.cpp:518. Escapes: the code or its rename is returned (ob_das_functional_lookup_iter.cpp:126) to the caller of do_table_scan.	confirmed
src/sql/das/iter/ob_das_functional_lookup_iter.cpp	ObDASFuncLookupIter::do_table_scan	line 123: ret != OB_TRY_LOCK_ROW_CONFLICT	PASSED_ON	} else if !matches!(ret, Err(OB_TRY_LOCK_ROW_CONFLICT)) { } with its empty body (s2-errors.md 2.3: empty branches stay), on the local ret, an ObResult, in the local-ret form (s2-errors.md 2.3); the code is returned as in C++, with no ok() or is_ok() swallowing it (s2-errors.md 2.12 item 2).	sweep: ret-compare.tsv:2204 (data row 2203). Producer: index_table_iter_->do_table_scan() at src/sql/das/iter/ob_das_functional_lookup_iter.cpp:120, an ObDASScanIter (ob_das_functional_lookup_iter.cpp:113-114) that passes on the storage table scan's codes other than its own flashback rename (src/sql/das/iter/ob_das_scan_iter.cpp:81-85). The table scan path ignores for_update_ and leaves row locks to the upper layer (src/storage/ls/ob_ls_tablet_service.cpp:1280-1281), and no statement of inner_table_scan sets OB_TRY_LOCK_ROW_CONFLICT (ob_ls_tablet_service.cpp:1275-1317); the value does not depend on where the code comes from, since the branch hands it on unchanged. Holder: the local ret (ob_das_functional_lookup_iter.cpp:111). Code's branch: the comparison is false and nothing runs, so OB_TRY_LOCK_ROW_CONFLICT is returned (ob_das_functional_lookup_iter.cpp:126); the other codes get the same empty body. Escapes: the caller of do_table_scan receives it unchanged.	confirmed
src/sql/das/iter/ob_das_functional_lookup_iter.cpp	ObDASFuncLookupIter::inner_get_next_row	line 157: ret != OB_ITER_END	END_OF_DATA	} else if ob_fail!(ret = ObDASLocalLookupIter::inner_get_next_row(self)) { if !matches!(ret, Err(OB_ITER_END)) { } } with its empty body (s2-errors.md 2.3: empty branches stay), OB_UNLIKELY dropped where the C++ has it (RULEBOOK 2.3), on the local ret, an ObResult, in the local-ret form (s2-errors.md 2.3). The DAS iterators keep ending with Err(OB_ITER_END), get_next_rows setting the last batch's count, never an Option or a bool, until parity (s2-errors.md 2.4 rule 1; ARCHITECTURE.md section 17 default 6).	sweep: ret-compare.tsv:2205 (data row 2204). Producer: ObDASLocalLookupIter::inner_get_next_row() at src/sql/das/iter/ob_das_functional_lookup_iter.cpp:156, the lookup state machine, which answers OB_ITER_END in its FINISHED state (src/sql/das/iter/ob_das_lookup_iter.cpp:155-156); an empty key range gives the same code at once (ob_das_functional_lookup_iter.cpp:154-155). Holder: the local ret (ob_das_functional_lookup_iter.cpp:146). Code's branch: the body is empty; the row count check after it (ob_das_functional_lookup_iter.cpp:163, ret-compare.tsv:2206) and the return follow (ob_das_functional_lookup_iter.cpp:167). Consumer: ObDASIter::get_next_row and get_next_rows return it unchanged to the parent iterator or the DAS scan operator (src/sql/das/iter/ob_das_iter.cpp:108, :120).	confirmed
src/sql/das/iter/ob_das_functional_lookup_iter.cpp	ObDASFuncLookupIter::inner_get_next_row	line 163: ret == OB_ITER_END	END_OF_DATA	if matches!(ret, Err(OB_ITER_END)) && !(self.index_scan_rowsize_ == self.data_scan_read_rowsize_) { ret = Err(OB_ERR_UNEXPECTED); log_warn!(ret, ..); } on the local ret, an ObResult, in the local-ret form (s2-errors.md 2.3); the && keeps its two terms (s2-errors.md 2.3's table) and the log takes the ret the assignment has just set (s2-errors.md 2.5 rule 1). The DAS iterators keep ending with Err(OB_ITER_END), get_next_rows setting the last batch's count, never an Option or a bool, until parity (s2-errors.md 2.4 rule 1; ARCHITECTURE.md section 17 default 6).	sweep: ret-compare.tsv:2206 (data row 2205). Producer: the lookup state machine's OB_ITER_END or the empty key range's (src/sql/das/iter/ob_das_functional_lookup_iter.cpp:154-156; src/sql/das/iter/ob_das_lookup_iter.cpp:155-156). Holder: the local ret (ob_das_functional_lookup_iter.cpp:146). Code's branch: a count check that answers OB_ERR_UNEXPECTED only when the rows read differ from the key ranges (ob_das_functional_lookup_iter.cpp:163-165); when they match the code is returned (ob_das_functional_lookup_iter.cpp:167), so one way still reports it and the value is END_OF_DATA, not RENAMED. Consumer: ObDASIter::get_next_row and get_next_rows return it unchanged to the parent iterator or the DAS scan operator (src/sql/das/iter/ob_das_iter.cpp:108, :120).	confirmed
src/sql/das/iter/ob_das_functional_lookup_iter.cpp	ObDASFuncLookupIter::inner_get_next_rows	line 183: ret != OB_ITER_END	END_OF_DATA	} else if ob_fail!(ret = ObDASLookupIter::inner_get_next_rows(self, count, capacity)) { if !matches!(ret, Err(OB_ITER_END)) { } } with its empty body (s2-errors.md 2.3: empty branches stay), OB_UNLIKELY dropped where the C++ has it (RULEBOOK 2.3), on the local ret, an ObResult, in the local-ret form (s2-errors.md 2.3). The DAS iterators keep ending with Err(OB_ITER_END), get_next_rows setting the last batch's count, never an Option or a bool, until parity (s2-errors.md 2.4 rule 1; ARCHITECTURE.md section 17 default 6).	sweep: ret-compare.tsv:2207 (data row 2206). Producer: ObDASLookupIter::inner_get_next_rows(count, capacity) at src/sql/das/iter/ob_das_functional_lookup_iter.cpp:182, which answers OB_ITER_END in its FINISHED state (src/sql/das/iter/ob_das_lookup_iter.cpp:245-246); an empty key range gives the same code at once (ob_das_functional_lookup_iter.cpp:180-181). Holder: the local ret (ob_das_functional_lookup_iter.cpp:172). Code's branch: the body is empty; the count and the check after it follow (ob_das_functional_lookup_iter.cpp:186-192, ret-compare.tsv:2208-2209).	confirmed
src/sql/das/iter/ob_das_functional_lookup_iter.cpp	ObDASFuncLookupIter::inner_get_next_rows	line 186: ret == OB_ITER_END	END_OF_DATA	if ret.is_ok() || matches!(ret, Err(OB_ITER_END)) { self.data_scan_read_rowsize_ += *count; } on the local ret, an ObResult, in the local-ret form (s2-errors.md 2.3): OB_SUCC(ret) is ret.is_ok() and the other comparison its own matches! (s2-errors.md 2.3's table). The DAS iterators keep ending with Err(OB_ITER_END), get_next_rows setting the last batch's count, never an Option or a bool, until parity (s2-errors.md 2.4 rule 1; ARCHITECTURE.md section 17 default 6).	sweep: ret-compare.tsv:2208 (data row 2207). Producer: ObDASLookupIter::inner_get_next_rows(count, capacity) at src/sql/das/iter/ob_das_functional_lookup_iter.cpp:182 (as for ret-compare.tsv:2207). Holder: the local ret (ob_das_functional_lookup_iter.cpp:172). Code's branch: the last batch's rows are counted too (ob_das_functional_lookup_iter.cpp:187), for the check that follows (ob_das_functional_lookup_iter.cpp:189, ret-compare.tsv:2209); the code stays in ret.	confirmed
src/sql/das/iter/ob_das_functional_lookup_iter.cpp	ObDASFuncLookupIter::inner_get_next_rows	line 189: ret == OB_ITER_END	END_OF_DATA	if matches!(ret, Err(OB_ITER_END)) && !(self.index_scan_rowsize_ == self.data_scan_read_rowsize_) { ret = Err(OB_ERR_UNEXPECTED); log_warn!(ret, ..); } on the local ret, an ObResult, in the local-ret form (s2-errors.md 2.3); the && keeps its two terms (s2-errors.md 2.3's table) and the log takes the ret the assignment has just set (s2-errors.md 2.5 rule 1). The DAS iterators keep ending with Err(OB_ITER_END), get_next_rows setting the last batch's count, never an Option or a bool, until parity (s2-errors.md 2.4 rule 1; ARCHITECTURE.md section 17 default 6).	sweep: ret-compare.tsv:2209 (data row 2208). Producer: ObDASLookupIter::inner_get_next_rows or the empty key range (src/sql/das/iter/ob_das_functional_lookup_iter.cpp:180-182; src/sql/das/iter/ob_das_lookup_iter.cpp:245-246). Holder: the local ret (ob_das_functional_lookup_iter.cpp:172). Code's branch: a count check that answers OB_ERR_UNEXPECTED only when the rows read differ from the key ranges (ob_das_functional_lookup_iter.cpp:189-191); when they match the code is returned (ob_das_functional_lookup_iter.cpp:193), so one way still reports it and the value is END_OF_DATA, not RENAMED. Consumer: ObDASIter::get_next_row and get_next_rows return it unchanged to the parent iterator or the DAS scan operator (src/sql/das/iter/ob_das_iter.cpp:108, :120).	confirmed
src/sql/das/iter/ob_das_functional_lookup_iter.cpp	ObDASFuncLookupIter::do_index_lookup	line 260: ret == OB_SNAPSHOT_DISCARDED	OTHER	if ob_fail!(ret = self.data_table_iter_.do_table_scan()) { if matches!(ret, Err(OB_SNAPSHOT_DISCARDED)) && self.lookup_param_.fb_snapshot_.is_valid() { ret = Err(OB_INVALID_QUERY_TIMESTAMP); } else if !matches!(ret, Err(OB_TRY_LOCK_ROW_CONFLICT)) { } } as the C++ writes it (RULEBOOK section 0, 'Keep the control flow'; s2-errors.md 2.4 rule 1), on the local ret, an ObResult, in the local-ret form (s2-errors.md 2.3); the && keeps its two terms (s2-errors.md 2.3's table).	sweep: ret-compare.tsv:2210 (data row 2209). Producer: data_table_iter_->do_table_scan() at src/sql/das/iter/ob_das_functional_lookup_iter.cpp:259, the functional data iterator, whose do_table_scan passes on the scans of its main lookup and text-retrieval iterators (src/sql/das/iter/ob_das_func_data_iter.cpp:80, :85); at the scan iterators the storage table scan behind it, ObITabletScan::table_scan (src/data_plane/api/data_plane/access/ob_tablet_scan.h:514), implemented for tables by ObAccessService::table_scan (src/storage/tx_storage/ob_access_service.cpp:335, :373), reaches ObLSTabletService::inner_table_scan (src/storage/ls/ob_ls_tablet_service.cpp:479), which sets OB_SNAPSHOT_DISCARDED for a flashback snapshot at its minimum (ob_ls_tablet_service.cpp:1297-1298), a snapshot that is always valid, since is_min() tests the same version as is_valid() (src/share/scn.h:35, :38), so ObDASScanIter, the only iterator in src/sql/das/iter that calls the storage table scan (grep -rn -e 'tsc_service_->table_scan' -e 'table_rescan(' src/sql/das/iter), renames it for its own scan param before it comes here (src/sql/das/iter/ob_das_scan_iter.cpp:82-83, ret-compare.tsv:2327). inner_table_scan also gets the code, whatever the flashback snapshot, from check_snapshot_readable_with_cache (src/storage/ls/ob_ls_tablet_service.cpp:1305), whose ObTablet::check_snapshot_readable sets it for a read snapshot older than the tablet's DDL snapshot (src/storage/tablet/ob_tablet.cpp:5415, :5424, :5462, :5480), and from the table store's choice of read tables (src/storage/tablet/ob_tablet_table_store.cpp:586, :603), reached when the scan's merge prepares its read tables (src/storage/access/ob_multiple_merge.cpp:159, :278). The code that reaches this test comes from these. Holder: the local ret of do_index_lookup (ob_das_functional_lookup_iter.cpp:218). Code's branch: when lookup_param_ has a valid flashback snapshot, ret = OB_INVALID_QUERY_TIMESTAMP (ob_das_functional_lookup_iter.cpp:261); otherwise the arm is skipped and the next test hands the code on (ob_das_functional_lookup_iter.cpp:262-263, ret-compare.tsv:2211). One way through the branch still reports the compared code, so the value is not RENAMED (vocabulary section 4, value 7, last sentences), and a rename is more than a log, so not PASSED_ON: OTHER, as for the reviewed row at src/logservice/ob_log_handler.cpp:518. Escapes: the code or its rename is returned (ob_das_functional_lookup_iter.cpp:267) to the lookup state machine's DO_LOOKUP step, which passes it on (src/sql/das/iter/ob_das_lookup_iter.cpp:130).	confirmed
src/sql/das/iter/ob_das_functional_lookup_iter.cpp	ObDASFuncLookupIter::do_index_lookup	line 262: ret != OB_TRY_LOCK_ROW_CONFLICT	PASSED_ON	} else if !matches!(ret, Err(OB_TRY_LOCK_ROW_CONFLICT)) { } with its empty body (s2-errors.md 2.3: empty branches stay), on the local ret, an ObResult, in the local-ret form (s2-errors.md 2.3); the code is returned as in C++, with no ok() or is_ok() swallowing it (s2-errors.md 2.12 item 2).	sweep: ret-compare.tsv:2211 (data row 2210). Producer: data_table_iter_->do_table_scan() at src/sql/das/iter/ob_das_functional_lookup_iter.cpp:259, which passes on its iterators' scan codes (src/sql/das/iter/ob_das_func_data_iter.cpp:80, :85). The table scan path ignores for_update_ and leaves row locks to the upper layer (src/storage/ls/ob_ls_tablet_service.cpp:1280-1281), and no statement of inner_table_scan sets OB_TRY_LOCK_ROW_CONFLICT (ob_ls_tablet_service.cpp:1275-1317); the value does not depend on where the code comes from, since the branch hands it on unchanged. Holder: the local ret of do_index_lookup (ob_das_functional_lookup_iter.cpp:218). Code's branch: the comparison is false and nothing runs, so the code is returned (ob_das_functional_lookup_iter.cpp:267); the other codes get the same empty body. Escapes: the lookup state machine's DO_LOOKUP step passes it on (src/sql/das/iter/ob_das_lookup_iter.cpp:130).	confirmed
src/sql/das/iter/ob_das_group_fold_iter.cpp	ObDASGroupFoldIter::inner_get_next_rows	line 257: ret == OB_ITER_END	END_OF_DATA	if ob_fail!(ret = self.iter_tree_.get_next_rows(&mut storage_count, capacity)) { if matches!(ret, Err(OB_ITER_END)) { if storage_count > 0 { ret = Ok(()); } else { self.available_group_idx_ = INT64_MAX; } } else { } } on the local ret, an ObResult, in the local-ret form (s2-errors.md 2.3); the reset, the flag and the empty else stay where the C++ has them (s2-errors.md 2.3, 2.4 rule 1). The DAS iterators keep ending with Err(OB_ITER_END), get_next_rows setting the last batch's count, never an Option or a bool, until parity (s2-errors.md 2.4 rule 1; ARCHITECTURE.md section 17 default 6).	sweep: ret-compare.tsv:2212 (data row 2211). Producer: iter_tree_->get_next_rows(storage_count, capacity) at src/sql/das/iter/ob_das_group_fold_iter.cpp:256; iter_tree_ is an ObDASIter (src/sql/das/iter/ob_das_group_fold_iter.h:132); ObDASIter::get_next_row and get_next_rows call the pure virtual inner_get_next_row and inner_get_next_rows (src/sql/das/iter/ob_das_iter.cpp:108, :120; src/sql/das/iter/ob_das_iter.h:138-139). Holder: the local ret (ob_das_group_fold_iter.cpp:235). Code's branch: with rows in the last batch, ret = OB_SUCCESS (ob_das_group_fold_iter.cpp:259; reset.tsv:1178) and they are split by group; with none, available_group_idx_ = INT64_MAX, so no later call returns rows (ob_das_group_fold_iter.cpp:261-262), and the code ends the loop (ob_das_group_fold_iter.cpp:255) and is returned with count 0 (ob_das_group_fold_iter.cpp:309-311). Consumer: ObDASIter::get_next_row and get_next_rows return it unchanged to the parent iterator or the DAS scan operator (src/sql/das/iter/ob_das_iter.cpp:108, :120).	confirmed
src/sql/das/iter/ob_das_group_fold_iter.cpp	ObDASGroupFoldIter::inner_get_next_row	line 327: ret != OB_ITER_END	END_OF_DATA	if ob_fail!(ret = self.iter_tree_.get_next_row()) { if !matches!(ret, Err(OB_ITER_END)) { } else { self.available_group_idx_ = INT64_MAX; } } else if .. on the local ret, an ObResult, in the local-ret form (s2-errors.md 2.3); the empty branch stays (s2-errors.md 2.3). The DAS iterators keep ending with Err(OB_ITER_END), get_next_rows setting the last batch's count, never an Option or a bool, until parity (s2-errors.md 2.4 rule 1; ARCHITECTURE.md section 17 default 6).	sweep: ret-compare.tsv:2213 (data row 2212). Producer: iter_tree_->get_next_row() at src/sql/das/iter/ob_das_group_fold_iter.cpp:326; iter_tree_ is an ObDASIter (src/sql/das/iter/ob_das_group_fold_iter.h:132); ObDASIter::get_next_row and get_next_rows call the pure virtual inner_get_next_row and inner_get_next_rows (src/sql/das/iter/ob_das_iter.cpp:108, :120; src/sql/das/iter/ob_das_iter.h:138-139). Holder: the local ret (ob_das_group_fold_iter.cpp:316). Code's branch: available_group_idx_ = INT64_MAX (ob_das_group_fold_iter.cpp:329), so later calls answer OB_ITER_END at once (ob_das_group_fold_iter.cpp:317-318); the loop stops (ob_das_group_fold_iter.cpp:325) and the code is returned. Consumer: ObDASIter::get_next_row and get_next_rows return it unchanged to the parent iterator or the DAS scan operator (src/sql/das/iter/ob_das_iter.cpp:108, :120).	confirmed
src/sql/das/iter/ob_das_hnsw_scan_iter.cpp	ObDASHNSWScanIter::save_distance_expr_result	line 509: ret == OB_ITER_END	RENAMED	if ob_fail!(ret = self.calc_dis_by_vid(row.get_cell(1), &mut dis_value)) { if matches!(ret, Err(OB_ITER_END)) { ret = Err(OB_ERR_DEFENSIVE_CHECK); } } on the local ret, an ObResult, in the local-ret form (s2-errors.md 2.3): the rename stays at the same place, never map_err or if let Err (s2-errors.md 2.4 rule 3; 2.15 item 7).	sweep: ret-compare.tsv:2214 (data row 2213). Producer: calc_dis_by_vid(..) at src/sql/das/iter/ob_das_hnsw_scan_iter.cpp:508, which reads the rowkey for the vid and the vector for the rowkey (ob_das_hnsw_scan_iter.cpp:471-472), each a point read on an auxiliary table that answers OB_ITER_END when no row has the key (ob_das_hnsw_scan_iter.cpp:3195-3196, :3226-3227, ret-compare.tsv:2249-2250). Holder: the local ret (ob_das_hnsw_scan_iter.cpp:501). Code's branch: ret = OB_ERR_DEFENSIVE_CHECK (ob_das_hnsw_scan_iter.cpp:511), commented that the rowkey or vector for the vid was not found (ob_das_hnsw_scan_iter.cpp:510); OB_ITER_END never leaves the function. Escapes: the new code stops the distance step and is returned to the row getter, which passes it on (ob_das_hnsw_scan_iter.cpp:550-551).	confirmed
src/sql/das/iter/ob_das_hnsw_scan_iter.cpp	ObDASHNSWScanIter::inner_get_next_row	line 533: ret != OB_ITER_END	END_OF_DATA	if ob_fail!(ret = self.process_adaptor_state(false)) { if !matches!(ret, Err(OB_ITER_END)) { } } with its empty body (s2-errors.md 2.3: empty branches stay), OB_UNLIKELY dropped where the C++ has it (RULEBOOK 2.3), on the local ret, an ObResult, in the local-ret form (s2-errors.md 2.3). The DAS iterators keep ending with Err(OB_ITER_END), get_next_rows setting the last batch's count, never an Option or a bool, until parity (s2-errors.md 2.4 rule 1; ARCHITECTURE.md section 17 default 6).	sweep: ret-compare.tsv:2215 (data row 2214). Producer: process_adaptor_state(false) at src/sql/das/iter/ob_das_hnsw_scan_iter.cpp:532, which builds the result vid iterator from the auxiliary table scans (ob_das_hnsw_scan_iter.cpp:813-843) and passes on their codes; the auxiliary table iterators are ObDASScanIter pointers and inv_idx_scan_iter_ and func_lookup_iter_ ObDASIter pointers (src/sql/das/iter/ob_das_hnsw_scan_iter.h:517-526); ObDASScanIter passes on the storage scan iterator's OB_ITER_END (src/sql/das/iter/ob_das_scan_iter.cpp:124-125, :137-138), which ObTableScanIterator answers once its rows are exhausted (src/storage/access/ob_table_scan_iterator.cpp:604, :611, :634, :642). Holder: the local ret (ob_das_hnsw_scan_iter.cpp:528). Code's branch: the body is empty; the next test skips the row step and the code is returned (ob_das_hnsw_scan_iter.cpp:539, :577). Consumer: ObDASIter::get_next_row and get_next_rows return it unchanged to the parent iterator or the DAS scan operator (src/sql/das/iter/ob_das_iter.cpp:108, :120).	confirmed
src/sql/das/iter/ob_das_hnsw_scan_iter.cpp	ObDASHNSWScanIter::inner_get_next_row	line 543: ret != OB_ITER_END	END_OF_DATA	} else if ob_fail!(ret = self.adaptor_vid_iter_.get_next_row(&mut row, ..)) { if !matches!(ret, Err(OB_ITER_END)) { } } else if .. with its empty body (s2-errors.md 2.3: empty branches stay), OB_UNLIKELY dropped where the C++ has it (RULEBOOK 2.3), on the local ret, an ObResult, in the local-ret form (s2-errors.md 2.3). The vid iterator keeps ending with Err(OB_ITER_END), never an Option or a bool, until parity (s2-errors.md 2.4 rule 1; ARCHITECTURE.md section 17 default 6).	sweep: ret-compare.tsv:2216 (data row 2215). Producer: adaptor_vid_iter_->get_next_row(row, ..) at src/sql/das/iter/ob_das_hnsw_scan_iter.cpp:542, an ObVectorQueryVidIterator (src/sql/das/iter/ob_das_hnsw_scan_iter.h:571), whose get_next_row answers OB_ITER_END once every result vid was returned (src/observer/vector_index/ob_plugin_vector_index_util.cpp:240, :279). Holder: the local ret (ob_das_hnsw_scan_iter.cpp:528). Code's branch: the body is empty and the code is returned (ob_das_hnsw_scan_iter.cpp:577). Consumer: ObDASIter::get_next_row and get_next_rows return it unchanged to the parent iterator or the DAS scan operator (src/sql/das/iter/ob_das_iter.cpp:108, :120).	confirmed
src/sql/das/iter/ob_das_hnsw_scan_iter.cpp	ObDASHNSWScanIter::inner_get_next_rows	line 597: ret != OB_ITER_END	END_OF_DATA	} else if ob_fail!(ret = self.adaptor_vid_iter_.get_next_rows(&mut row, count, ..)) { if !matches!(ret, Err(OB_ITER_END)) { } } else if .. with its empty body (s2-errors.md 2.3: empty branches stay), OB_UNLIKELY dropped where the C++ has it (RULEBOOK 2.3), on the local ret, an ObResult, in the local-ret form (s2-errors.md 2.3). The vid iterator keeps ending with Err(OB_ITER_END), never an Option or a bool, until parity (s2-errors.md 2.4 rule 1; ARCHITECTURE.md section 17 default 6).	sweep: ret-compare.tsv:2217 (data row 2216). Producer: adaptor_vid_iter_->get_next_rows(row, count, ..) at src/sql/das/iter/ob_das_hnsw_scan_iter.cpp:596, an ObVectorQueryVidIterator (src/sql/das/iter/ob_das_hnsw_scan_iter.h:571), whose get_next_rows answers OB_ITER_END once every result vid was returned (src/observer/vector_index/ob_plugin_vector_index_util.cpp:289, :343). Holder: the local ret (ob_das_hnsw_scan_iter.cpp:582). Code's branch: the body is empty and the code is returned. Consumer: ObDASIter::get_next_row and get_next_rows return it unchanged to the parent iterator or the DAS scan operator (src/sql/das/iter/ob_das_iter.cpp:108, :120).	confirmed
src/sql/das/iter/ob_das_hnsw_scan_iter.cpp	ObDASHNSWScanIter::save_distance_expr_result	line 655: ret == OB_ITER_END	RENAMED	if ob_fail!(ret = self.calc_dis_by_vid(vid_obj, &mut dis_value)) { if matches!(ret, Err(OB_ITER_END)) { ret = Err(OB_ERR_DEFENSIVE_CHECK); } } on the local ret, an ObResult, in the local-ret form (s2-errors.md 2.3): the rename stays at the same place, never map_err or if let Err (s2-errors.md 2.4 rule 3; 2.15 item 7).	sweep: ret-compare.tsv:2218 (data row 2217). Producer: calc_dis_by_vid(..) at src/sql/das/iter/ob_das_hnsw_scan_iter.cpp:654, which reads the rowkey for the vid and the vector for the rowkey (ob_das_hnsw_scan_iter.cpp:471-472), each a point read on an auxiliary table that answers OB_ITER_END when no row has the key (ob_das_hnsw_scan_iter.cpp:3195-3196, :3226-3227, ret-compare.tsv:2249-2250). Holder: the local ret (ob_das_hnsw_scan_iter.cpp:641). Code's branch: ret = OB_ERR_DEFENSIVE_CHECK (ob_das_hnsw_scan_iter.cpp:657), commented that the rowkey or vector for the vid was not found (ob_das_hnsw_scan_iter.cpp:656); OB_ITER_END never leaves the function. Escapes: the new code stops the loop over the batch (ob_das_hnsw_scan_iter.cpp:648) and is returned to the batch getter.	confirmed
src/sql/das/iter/ob_das_hnsw_scan_iter.cpp	ObDASHNSWScanIter::process_adaptor_state	line 822: ret == OB_VECTOR_INDEX_ADAPTIVE_NEED_RETRY	RETRY	if need_force_switch_path || ob_fail!(ret = self.inner_process_adaptor_state(is_vectorized)) { if matches!(ret, Err(OB_VECTOR_INDEX_ADAPTIVE_NEED_RETRY)) && self.can_retry_ { ret = Ok(()); .. } else { log_warn!(ret, ..); } } — the reset, the path switch, the scan or rescan of the index iterator and the second inner_process_adaptor_state stay in the C++ order (RULEBOOK section 0, 'Keep the control flow'), on the local ret, an ObResult, in the local-ret form (s2-errors.md 2.3).	sweep: ret-compare.tsv:2219 (data row 2218). Producer: check_need_force_switch_run_path sets the code before the call (src/sql/das/iter/ob_das_hnsw_scan_iter.cpp:817-819), and inner_process_adaptor_state returns it from the filter-path checks, for example check_pre_filter_need_retry (ob_das_hnsw_scan_iter.cpp:720-735) and check_iter_filter_need_retry (ob_das_hnsw_scan_iter.cpp:700-714). Holder: the local ret (ob_das_hnsw_scan_iter.cpp:815). Code's branch: when a retry is allowed (can_retry_, ob_das_hnsw_scan_iter.cpp:816), ret = OB_SUCCESS (ob_das_hnsw_scan_iter.cpp:823; reset.tsv:1197), the filter path is reset (ob_das_hnsw_scan_iter.cpp:824), the index iterator is scanned or rescanned (ob_das_hnsw_scan_iter.cpp:827-832), and inner_process_adaptor_state runs again (ob_das_hnsw_scan_iter.cpp:834-835): the operation that produced the code is repeated on the other path. Otherwise the code is logged and returned (ob_das_hnsw_scan_iter.cpp:837-842).	confirmed
src/sql/das/iter/ob_das_hnsw_scan_iter.cpp	ObDASHNSWScanIter::build_brute_force_result_iterator_bq	line 1255: ret == OB_HASH_NOT_EXIST	LOOKUP_OUTCOME	if ob_fail!(ret = added_vids.get_refactored(vid, &mut exists)) { if matches!(ret, Err(OB_HASH_NOT_EXIST)) { ret = Ok(()); exists = false; } else { } } on the local ret, an ObResult, in the local-ret form (s2-errors.md 2.3); the reset and the empty else stay where the C++ has them (s2-errors.md 2.3, 2.4 rule 1). The ObHashMap port keeps answering OB_HASH_NOT_EXIST from get_refactored for a missing key, never an Option or a bool, until parity (s2-errors.md 2.4 rules 1 and 2).	sweep: ret-compare.tsv:2220 (data row 2219). Producer: added_vids.get_refactored(vid, exists) at src/sql/das/iter/ob_das_hnsw_scan_iter.cpp:1254, on the local hash map of the vids already taken from the brute-force heap, filled just before (ob_das_hnsw_scan_iter.cpp:1247); ObHashMap::get_refactored returns the table's code (src/oblib/lib/hash/ob_hashmap.h:233), OB_HASH_NOT_EXIST when no node matches the key (src/oblib/lib/hash/ob_hashtable.h:1009). Holder: the local ret of build_brute_force_result_iterator_bq (INIT_SUCC at ob_das_hnsw_scan_iter.cpp:1212). Code's branch: ret = OB_SUCCESS and exists = false (ob_das_hnsw_scan_iter.cpp:1256-1257; reset.tsv:1198), so the vid from the snapshot heap is added to the result (ob_das_hnsw_scan_iter.cpp:1262-1263); any other code passes on through the empty else (ob_das_hnsw_scan_iter.cpp:1258-1259). The code never leaves the function.	confirmed
src/sql/das/iter/ob_das_hnsw_scan_iter.cpp	ObDASHNSWScanIter::process_adaptor_state_pre_filter	line 1395: ret != OB_SCHEMA_EAGAIN	PASSED_ON	} else if ob_fail!(ret = service.query_need_refresh_memdata(adaptor, ..)) { if !matches!(ret, Err(OB_SCHEMA_EAGAIN)) { } } with its empty body (s2-errors.md 2.3: empty branches stay), on the local ret, an ObResult, in the local-ret form (s2-errors.md 2.3); the code is returned as in C++, with no ok() or is_ok() swallowing it (s2-errors.md 2.12 item 2).	sweep: ret-compare.tsv:2221 (data row 2220). Producer: service->query_need_refresh_memdata(..) at src/sql/das/iter/ob_das_hnsw_scan_iter.cpp:1393, through the ObIVectorIndexService interface (src/query/api/query/vector/ob_vector_index_service.h:30), implemented by ObPluginVectorIndexService (src/observer/vector_index/ob_plugin_vector_index_service.cpp:1572, :1576), whose helper answers OB_SCHEMA_EAGAIN, commented 'sql retry', once the index's in-memory data is loaded (src/observer/vector_index/ob_plugin_vector_index_utils.cpp:827-837). Holder: the local ret (ob_das_hnsw_scan_iter.cpp:1350). Code's branch: the comparison is false and nothing runs, so the code is returned (ob_das_hnsw_scan_iter.cpp:1400); the other codes get the same empty body. Escapes: process_adaptor_state_hnsw passes it on through an empty branch (ob_das_hnsw_scan_iter.cpp:890-891, :899); inner_process_adaptor_state passes it on through an empty branch (ob_das_hnsw_scan_iter.cpp:850-851, :856); process_adaptor_state retries only on OB_VECTOR_INDEX_ADAPTIVE_NEED_RETRY (ob_das_hnsw_scan_iter.cpp:822) and logs and returns every other code (ob_das_hnsw_scan_iter.cpp:837-842); inner_get_next_row and inner_get_next_rows return it (ob_das_hnsw_scan_iter.cpp:532, :577 and ob_das_hnsw_scan_iter.cpp:587, :636); grep -n OB_SCHEMA_EAGAIN src/sql/das/iter/*.cpp finds only this test and ob_das_hnsw_scan_iter.cpp:2810; the query retry controller retries the statement on the code (src/sql/ob_query_retry_ctrl.cpp:835).	confirmed
src/sql/das/iter/ob_das_hnsw_scan_iter.cpp	ObDASHNSWScanIter::process_adaptor_state_pre_filter_with_rowkey	line 1511: ret != OB_ITER_END	END_OF_DATA	if ob_fail!(ret = self.get_vid_from_rowkey_vid_table(&mut vid)) { if !matches!(ret, Err(OB_ITER_END)) { } index_end = true; } else if .. with its empty body (s2-errors.md 2.3: empty branches stay), OB_UNLIKELY dropped where the C++ has it (RULEBOOK 2.3), on the local ret, an ObResult, in the local-ret form (s2-errors.md 2.3). The DAS iterators keep ending with Err(OB_ITER_END), get_next_rows setting the last batch's count, never an Option or a bool, until parity (s2-errors.md 2.4 rule 1; ARCHITECTURE.md section 17 default 6).	sweep: ret-compare.tsv:2222 (data row 2221). Producer: get_vid_from_rowkey_vid_table(vid) at src/sql/das/iter/ob_das_hnsw_scan_iter.cpp:1510, which reads rowkey_vid_iter_ and passes on its OB_ITER_END (ob_das_hnsw_scan_iter.cpp:3174-3175, ret-compare.tsv:2248); the auxiliary table iterators are ObDASScanIter pointers and inv_idx_scan_iter_ and func_lookup_iter_ ObDASIter pointers (src/sql/das/iter/ob_das_hnsw_scan_iter.h:517-526); ObDASScanIter passes on the storage scan iterator's OB_ITER_END (src/sql/das/iter/ob_das_scan_iter.cpp:124-125, :137-138), which ObTableScanIterator answers once its rows are exhausted (src/storage/access/ob_table_scan_iterator.cpp:604, :611, :634, :642). Holder: the local ret of process_adaptor_state_pre_filter_with_rowkey (ob_das_hnsw_scan_iter.cpp:1483). Code's branch: the body is empty; index_end = true follows for every failure (ob_das_hnsw_scan_iter.cpp:1513). The loop stops through index_end and OB_SUCC(ret), and OB_ITER_END is reset at the end of the function (ob_das_hnsw_scan_iter.cpp:1589-1591, ret-compare.tsv:2225; reset.tsv:1200).	confirmed
src/sql/das/iter/ob_das_hnsw_scan_iter.cpp	ObDASHNSWScanIter::process_adaptor_state_pre_filter_with_rowkey	line 1541: ret != OB_ITER_END	END_OF_DATA	if ob_fail!(ret = self.rowkey_vid_iter_.get_next_rows(&mut scan_row_cnt, batch_row_count)) { if !matches!(ret, Err(OB_ITER_END)) { } index_end = true; } with its empty body (s2-errors.md 2.3: empty branches stay), OB_UNLIKELY dropped where the C++ has it (RULEBOOK 2.3), on the local ret, an ObResult, in the local-ret form (s2-errors.md 2.3). The DAS iterators keep ending with Err(OB_ITER_END), get_next_rows setting the last batch's count, never an Option or a bool, until parity (s2-errors.md 2.4 rule 1; ARCHITECTURE.md section 17 default 6).	sweep: ret-compare.tsv:2223 (data row 2222). Producer: rowkey_vid_iter_->get_next_rows(scan_row_cnt, batch_row_count) at src/sql/das/iter/ob_das_hnsw_scan_iter.cpp:1540; the auxiliary table iterators are ObDASScanIter pointers and inv_idx_scan_iter_ and func_lookup_iter_ ObDASIter pointers (src/sql/das/iter/ob_das_hnsw_scan_iter.h:517-526); ObDASScanIter passes on the storage scan iterator's OB_ITER_END (src/sql/das/iter/ob_das_scan_iter.cpp:124-125, :137-138), which ObTableScanIterator answers once its rows are exhausted (src/storage/access/ob_table_scan_iterator.cpp:604, :611, :634, :642). Holder: the local ret of process_adaptor_state_pre_filter_with_rowkey (ob_das_hnsw_scan_iter.cpp:1483). Code's branch: the body is empty; index_end = true follows (ob_das_hnsw_scan_iter.cpp:1543), and the next test keeps the last batch (ob_das_hnsw_scan_iter.cpp:1546-1550, ret-compare.tsv:2224). The loop stops through index_end and OB_SUCC(ret), and OB_ITER_END is reset at the end of the function (ob_das_hnsw_scan_iter.cpp:1589-1591, ret-compare.tsv:2225; reset.tsv:1200).	confirmed
src/sql/das/iter/ob_das_hnsw_scan_iter.cpp	ObDASHNSWScanIter::process_adaptor_state_pre_filter_with_rowkey	line 1546: ret != OB_ITER_END	END_OF_DATA	if ret.is_err() && !matches!(ret, Err(OB_ITER_END)) { } else if scan_row_cnt > 0 { .. ret = Ok(()); } on the local ret, an ObResult, in the local-ret form (s2-errors.md 2.3): OB_FAIL(ret) is ret.is_err() and the other comparison its own matches! (s2-errors.md 2.3's table); the empty branch and the reset stay (s2-errors.md 2.3, 2.4 rule 1). The DAS iterators keep ending with Err(OB_ITER_END), get_next_rows setting the last batch's count, never an Option or a bool, until parity (s2-errors.md 2.4 rule 1; ARCHITECTURE.md section 17 default 6).	sweep: ret-compare.tsv:2224 (data row 2223). Producer: rowkey_vid_iter_->get_next_rows(scan_row_cnt, batch_row_count) at src/sql/das/iter/ob_das_hnsw_scan_iter.cpp:1540; the auxiliary table iterators are ObDASScanIter pointers and inv_idx_scan_iter_ and func_lookup_iter_ ObDASIter pointers (src/sql/das/iter/ob_das_hnsw_scan_iter.h:517-526); ObDASScanIter passes on the storage scan iterator's OB_ITER_END (src/sql/das/iter/ob_das_scan_iter.cpp:124-125, :137-138), which ObTableScanIterator answers once its rows are exhausted (src/storage/access/ob_table_scan_iterator.cpp:604, :611, :634, :642). Holder: the local ret of process_adaptor_state_pre_filter_with_rowkey (ob_das_hnsw_scan_iter.cpp:1483). Code's branch: a last batch with rows is counted and ret reset (ob_das_hnsw_scan_iter.cpp:1547-1549; reset.tsv:1199) so its vids are added (ob_das_hnsw_scan_iter.cpp:1552); an empty one keeps the code, and index_end stops the loop. The loop stops through index_end and OB_SUCC(ret), and OB_ITER_END is reset at the end of the function (ob_das_hnsw_scan_iter.cpp:1589-1591, ret-compare.tsv:2225; reset.tsv:1200).	confirmed
src/sql/das/iter/ob_das_hnsw_scan_iter.cpp	ObDASHNSWScanIter::process_adaptor_state_pre_filter_with_rowkey	line 1589: ret != OB_ITER_END	END_OF_DATA	if !matches!(ret, Err(OB_ITER_END)) && ret.is_err() { } else { ret = Ok(()); } on the local ret, an ObResult, in the local-ret form (s2-errors.md 2.3): each comparison its own test, OB_SUCCESS != ret being ret.is_err() (s2-errors.md 2.3's table); the empty branch and the reset stay (s2-errors.md 2.3, 2.4 rule 1). The DAS iterators keep ending with Err(OB_ITER_END), get_next_rows setting the last batch's count, never an Option or a bool, until parity (s2-errors.md 2.4 rule 1; ARCHITECTURE.md section 17 default 6).	sweep: ret-compare.tsv:2225 (data row 2224). Producer: the pre-filter loop's reads of the rowkey-vid table (src/sql/das/iter/ob_das_hnsw_scan_iter.cpp:1510, :1540, ret-compare.tsv:2222-2223). Holder: the local ret of process_adaptor_state_pre_filter_with_rowkey (ob_das_hnsw_scan_iter.cpp:1483). Code's branch: ret = OB_SUCCESS (ob_das_hnsw_scan_iter.cpp:1591; reset.tsv:1200): the pre-filter table was read to its end; any other code passes on through the empty branch (ob_das_hnsw_scan_iter.cpp:1589-1590). The code never leaves the function (ob_das_hnsw_scan_iter.cpp:1594).	confirmed
src/sql/das/iter/ob_das_hnsw_scan_iter.cpp	ObDASHNSWScanIter::get_vid_from_idx_filter	line 1816: ret == OB_ITER_END	END_OF_DATA	if ob_fail!(ret = self.inv_idx_scan_iter_.get_next_row()) { ret = if matches!(ret, Err(OB_ITER_END)) { Ok(()) } else { ret }; index_end = true; } else if .. — the ternary is an if expression written as the C++ writes it (vocabulary section 5, last clause), on the local ret, an ObResult, in the local-ret form (s2-errors.md 2.3). The DAS iterators keep ending with Err(OB_ITER_END), get_next_rows setting the last batch's count, never an Option or a bool, until parity (s2-errors.md 2.4 rule 1; ARCHITECTURE.md section 17 default 6).	sweep: ret-compare.tsv:2226 (data row 2225). Producer: inv_idx_scan_iter_->get_next_row() at src/sql/das/iter/ob_das_hnsw_scan_iter.cpp:1815; inv_idx_scan_iter_ is the pre-filter index iterator, an ObDASIter (src/sql/das/iter/ob_das_hnsw_scan_iter.h:517); ObDASIter::get_next_row and get_next_rows call the pure virtual inner_get_next_row and inner_get_next_rows (src/sql/das/iter/ob_das_iter.cpp:108, :120; src/sql/das/iter/ob_das_iter.h:138-139), and at the leaves ObDASScanIter passes on the storage scan iterator's OB_ITER_END (src/sql/das/iter/ob_das_scan_iter.cpp:124-125, :137-138), which ObTableScanIterator answers once its rows are exhausted (src/storage/access/ob_table_scan_iterator.cpp:604, :611, :634, :642). Holder: the local ret of get_vid_from_idx_filter (ob_das_hnsw_scan_iter.cpp:1796). Code's branch: ret = OB_SUCCESS through the ternary (ob_das_hnsw_scan_iter.cpp:1816; reset.tsv:1201) and index_end = true (ob_das_hnsw_scan_iter.cpp:1817): the pre-filter index is used up, the rowkeys gathered so far are looked up and the loop ends (ob_das_hnsw_scan_iter.cpp:1809, :1853). The code never leaves the function.	confirmed
src/sql/das/iter/ob_das_hnsw_scan_iter.cpp	ObDASHNSWScanIter::get_vid_from_idx_filter	line 1827: ret != OB_ITER_END	END_OF_DATA	if ob_fail!(ret = self.inv_idx_scan_iter_.get_next_rows(&mut scan_row_cnt, batch_row_count)) { if !matches!(ret, Err(OB_ITER_END)) { } index_end = true; } with its empty body (s2-errors.md 2.3: empty branches stay), OB_UNLIKELY dropped where the C++ has it (RULEBOOK 2.3), on the local ret, an ObResult, in the local-ret form (s2-errors.md 2.3). The DAS iterators keep ending with Err(OB_ITER_END), get_next_rows setting the last batch's count, never an Option or a bool, until parity (s2-errors.md 2.4 rule 1; ARCHITECTURE.md section 17 default 6).	sweep: ret-compare.tsv:2227 (data row 2226). Producer: inv_idx_scan_iter_->get_next_rows(scan_row_cnt, batch_row_count) at src/sql/das/iter/ob_das_hnsw_scan_iter.cpp:1826; inv_idx_scan_iter_ is the pre-filter index iterator, an ObDASIter (src/sql/das/iter/ob_das_hnsw_scan_iter.h:517); ObDASIter::get_next_row and get_next_rows call the pure virtual inner_get_next_row and inner_get_next_rows (src/sql/das/iter/ob_das_iter.cpp:108, :120; src/sql/das/iter/ob_das_iter.h:138-139), and at the leaves ObDASScanIter passes on the storage scan iterator's OB_ITER_END (src/sql/das/iter/ob_das_scan_iter.cpp:124-125, :137-138), which ObTableScanIterator answers once its rows are exhausted (src/storage/access/ob_table_scan_iterator.cpp:604, :611, :634, :642). Holder: the local ret of get_vid_from_idx_filter (ob_das_hnsw_scan_iter.cpp:1796). Code's branch: the body is empty; index_end = true follows (ob_das_hnsw_scan_iter.cpp:1829), and the next test keeps the last batch (ob_das_hnsw_scan_iter.cpp:1832-1836, ret-compare.tsv:2228).	confirmed
src/sql/das/iter/ob_das_hnsw_scan_iter.cpp	ObDASHNSWScanIter::get_vid_from_idx_filter	line 1832: ret != OB_ITER_END	END_OF_DATA	if ret.is_err() && !matches!(ret, Err(OB_ITER_END)) { } else if scan_row_cnt > 0 { .. ret = Ok(()); } on the local ret, an ObResult, in the local-ret form (s2-errors.md 2.3): OB_FAIL(ret) is ret.is_err() and the other comparison its own matches! (s2-errors.md 2.3's table); the empty branch and the reset stay (s2-errors.md 2.3, 2.4 rule 1). The DAS iterators keep ending with Err(OB_ITER_END), get_next_rows setting the last batch's count, never an Option or a bool, until parity (s2-errors.md 2.4 rule 1; ARCHITECTURE.md section 17 default 6).	sweep: ret-compare.tsv:2228 (data row 2227). Producer: inv_idx_scan_iter_->get_next_rows(scan_row_cnt, batch_row_count) at src/sql/das/iter/ob_das_hnsw_scan_iter.cpp:1826; inv_idx_scan_iter_ is the pre-filter index iterator, an ObDASIter (src/sql/das/iter/ob_das_hnsw_scan_iter.h:517); ObDASIter::get_next_row and get_next_rows call the pure virtual inner_get_next_row and inner_get_next_rows (src/sql/das/iter/ob_das_iter.cpp:108, :120; src/sql/das/iter/ob_das_iter.h:138-139), and at the leaves ObDASScanIter passes on the storage scan iterator's OB_ITER_END (src/sql/das/iter/ob_das_scan_iter.cpp:124-125, :137-138), which ObTableScanIterator answers once its rows are exhausted (src/storage/access/ob_table_scan_iterator.cpp:604, :611, :634, :642). Holder: the local ret of get_vid_from_idx_filter (ob_das_hnsw_scan_iter.cpp:1796). Code's branch: a last batch with rows is counted and ret reset (ob_das_hnsw_scan_iter.cpp:1833-1835; reset.tsv:1202) so its rowkeys are set for the lookup (ob_das_hnsw_scan_iter.cpp:1840-1849); an empty one keeps the code, which the loop's end hands through the iterator reuse unchanged (ob_das_hnsw_scan_iter.cpp:1944-1948; tmp-ret.tsv:1475-1476) to the caller, which resets it (ob_das_hnsw_scan_iter.cpp:2133-2135, ret-compare.tsv:2235).	confirmed
src/sql/das/iter/ob_das_hnsw_scan_iter.cpp	ObDASHNSWScanIter::get_vid_from_idx_filter	line 1862: ret != OB_ITER_END	END_OF_DATA	} else if ob_fail!(ret = self.get_vid_from_rowkey_vid_table(&mut vid)) { if !matches!(ret, Err(OB_ITER_END)) { } } else if .. with its empty body (s2-errors.md 2.3: empty branches stay), OB_UNLIKELY dropped where the C++ has it (RULEBOOK 2.3), on the local ret, an ObResult, in the local-ret form (s2-errors.md 2.3). The DAS iterators keep ending with Err(OB_ITER_END), get_next_rows setting the last batch's count, never an Option or a bool, until parity (s2-errors.md 2.4 rule 1; ARCHITECTURE.md section 17 default 6).	sweep: ret-compare.tsv:2229 (data row 2228). Producer: get_vid_from_rowkey_vid_table(vid) at src/sql/das/iter/ob_das_hnsw_scan_iter.cpp:1861, which reads rowkey_vid_iter_ and passes on its OB_ITER_END (ob_das_hnsw_scan_iter.cpp:3174-3175, ret-compare.tsv:2248); the auxiliary table iterators are ObDASScanIter pointers and inv_idx_scan_iter_ and func_lookup_iter_ ObDASIter pointers (src/sql/das/iter/ob_das_hnsw_scan_iter.h:517-526); ObDASScanIter passes on the storage scan iterator's OB_ITER_END (src/sql/das/iter/ob_das_scan_iter.cpp:124-125, :137-138), which ObTableScanIterator answers once its rows are exhausted (src/storage/access/ob_table_scan_iterator.cpp:604, :611, :634, :642). Holder: the local ret of get_vid_from_idx_filter (ob_das_hnsw_scan_iter.cpp:1796). Code's branch: the body is empty; the loop over the batch stops through its OB_SUCC(ret) condition (ob_das_hnsw_scan_iter.cpp:1858) and the code goes to the reuse at the end and on to the caller, which resets it (ob_das_hnsw_scan_iter.cpp:1944-1948, :2133-2135, ret-compare.tsv:2235).	confirmed
src/sql/das/iter/ob_das_hnsw_scan_iter.cpp	ObDASHNSWScanIter::get_vid_from_idx_filter	line 1888: ret != OB_ITER_END	END_OF_DATA	if ob_fail!(ret = self.rowkey_vid_iter_.get_next_rows(&mut scan_row_cnt, batch_row_count)) { if !matches!(ret, Err(OB_ITER_END)) { } } with its empty body (s2-errors.md 2.3: empty branches stay), OB_UNLIKELY dropped where the C++ has it (RULEBOOK 2.3), on the local ret, an ObResult, in the local-ret form (s2-errors.md 2.3). The DAS iterators keep ending with Err(OB_ITER_END), get_next_rows setting the last batch's count, never an Option or a bool, until parity (s2-errors.md 2.4 rule 1; ARCHITECTURE.md section 17 default 6).	sweep: ret-compare.tsv:2230 (data row 2229). Producer: rowkey_vid_iter_->get_next_rows(scan_row_cnt, batch_row_count) at src/sql/das/iter/ob_das_hnsw_scan_iter.cpp:1887; the auxiliary table iterators are ObDASScanIter pointers and inv_idx_scan_iter_ and func_lookup_iter_ ObDASIter pointers (src/sql/das/iter/ob_das_hnsw_scan_iter.h:517-526); ObDASScanIter passes on the storage scan iterator's OB_ITER_END (src/sql/das/iter/ob_das_scan_iter.cpp:124-125, :137-138), which ObTableScanIterator answers once its rows are exhausted (src/storage/access/ob_table_scan_iterator.cpp:604, :611, :634, :642). Holder: the local ret of get_vid_from_idx_filter (ob_das_hnsw_scan_iter.cpp:1796). Code's branch: the body is empty; the next test keeps the last batch (ob_das_hnsw_scan_iter.cpp:1892-1899, ret-compare.tsv:2231).	confirmed
src/sql/das/iter/ob_das_hnsw_scan_iter.cpp	ObDASHNSWScanIter::get_vid_from_idx_filter	line 1892: ret != OB_ITER_END	END_OF_DATA	if ret.is_err() && !matches!(ret, Err(OB_ITER_END)) { } else if scan_row_cnt > 0 { if .. { ret = Ok(()); } else { ret = Err(OB_ERR_UNEXPECTED); log_warn!(ret, ..); } } on the local ret, an ObResult, in the local-ret form (s2-errors.md 2.3): OB_FAIL(ret) is ret.is_err() and the other comparison its own matches! (s2-errors.md 2.3's table); the arms stay as the C++ writes them (s2-errors.md 2.4 rule 1). The DAS iterators keep ending with Err(OB_ITER_END), get_next_rows setting the last batch's count, never an Option or a bool, until parity (s2-errors.md 2.4 rule 1; ARCHITECTURE.md section 17 default 6).	sweep: ret-compare.tsv:2231 (data row 2230). Producer: rowkey_vid_iter_->get_next_rows(scan_row_cnt, batch_row_count) at src/sql/das/iter/ob_das_hnsw_scan_iter.cpp:1887; the auxiliary table iterators are ObDASScanIter pointers and inv_idx_scan_iter_ and func_lookup_iter_ ObDASIter pointers (src/sql/das/iter/ob_das_hnsw_scan_iter.h:517-526); ObDASScanIter passes on the storage scan iterator's OB_ITER_END (src/sql/das/iter/ob_das_scan_iter.cpp:124-125, :137-138), which ObTableScanIterator answers once its rows are exhausted (src/storage/access/ob_table_scan_iterator.cpp:604, :611, :634, :642). Holder: the local ret of get_vid_from_idx_filter (ob_das_hnsw_scan_iter.cpp:1796). Code's branch: a last batch with rows resets ret (ob_das_hnsw_scan_iter.cpp:1894-1895; reset.tsv:1203) unless its relevance count differs, a check that answers OB_ERR_UNEXPECTED only on a mismatch (ob_das_hnsw_scan_iter.cpp:1896-1898); an empty one keeps the code, which goes on to the caller's reset (ob_das_hnsw_scan_iter.cpp:2133-2135).	confirmed
src/sql/das/iter/ob_das_hnsw_scan_iter.cpp	ObDASHNSWScanIter::get_pk_increment_from_idx_filter	line 1997: ret == OB_ITER_END	END_OF_DATA	if ob_fail!(ret = self.inv_idx_scan_iter_.get_next_row()) { ret = if matches!(ret, Err(OB_ITER_END)) { Ok(()) } else { ret }; index_end = true; } else if .. — the ternary is an if expression written as the C++ writes it (vocabulary section 5, last clause), on the local ret, an ObResult, in the local-ret form (s2-errors.md 2.3). The DAS iterators keep ending with Err(OB_ITER_END), get_next_rows setting the last batch's count, never an Option or a bool, until parity (s2-errors.md 2.4 rule 1; ARCHITECTURE.md section 17 default 6).	sweep: ret-compare.tsv:2232 (data row 2231). Producer: inv_idx_scan_iter_->get_next_row() at src/sql/das/iter/ob_das_hnsw_scan_iter.cpp:1996; inv_idx_scan_iter_ is the pre-filter index iterator, an ObDASIter (src/sql/das/iter/ob_das_hnsw_scan_iter.h:517); ObDASIter::get_next_row and get_next_rows call the pure virtual inner_get_next_row and inner_get_next_rows (src/sql/das/iter/ob_das_iter.cpp:108, :120; src/sql/das/iter/ob_das_iter.h:138-139), and at the leaves ObDASScanIter passes on the storage scan iterator's OB_ITER_END (src/sql/das/iter/ob_das_scan_iter.cpp:124-125, :137-138), which ObTableScanIterator answers once its rows are exhausted (src/storage/access/ob_table_scan_iterator.cpp:604, :611, :634, :642). Holder: the local ret of get_pk_increment_from_idx_filter (ob_das_hnsw_scan_iter.cpp:1980). Code's branch: ret = OB_SUCCESS through the ternary (ob_das_hnsw_scan_iter.cpp:1997; reset.tsv:1205) and index_end = true (ob_das_hnsw_scan_iter.cpp:1998): the pre-filter index is used up and the loop ends (ob_das_hnsw_scan_iter.cpp:1990). The code never leaves the function.	confirmed
src/sql/das/iter/ob_das_hnsw_scan_iter.cpp	ObDASHNSWScanIter::get_pk_increment_from_idx_filter	line 2033: ret != OB_ITER_END	END_OF_DATA	if ob_fail!(ret = self.inv_idx_scan_iter_.get_next_rows(&mut scan_row_cnt, batch_row_count)) { if !matches!(ret, Err(OB_ITER_END)) { } index_end = true; } with its empty body (s2-errors.md 2.3: empty branches stay), OB_UNLIKELY dropped where the C++ has it (RULEBOOK 2.3), on the local ret, an ObResult, in the local-ret form (s2-errors.md 2.3). The DAS iterators keep ending with Err(OB_ITER_END), get_next_rows setting the last batch's count, never an Option or a bool, until parity (s2-errors.md 2.4 rule 1; ARCHITECTURE.md section 17 default 6).	sweep: ret-compare.tsv:2233 (data row 2232). Producer: inv_idx_scan_iter_->get_next_rows(scan_row_cnt, batch_row_count) at src/sql/das/iter/ob_das_hnsw_scan_iter.cpp:2032; inv_idx_scan_iter_ is the pre-filter index iterator, an ObDASIter (src/sql/das/iter/ob_das_hnsw_scan_iter.h:517); ObDASIter::get_next_row and get_next_rows call the pure virtual inner_get_next_row and inner_get_next_rows (src/sql/das/iter/ob_das_iter.cpp:108, :120; src/sql/das/iter/ob_das_iter.h:138-139), and at the leaves ObDASScanIter passes on the storage scan iterator's OB_ITER_END (src/sql/das/iter/ob_das_scan_iter.cpp:124-125, :137-138), which ObTableScanIterator answers once its rows are exhausted (src/storage/access/ob_table_scan_iterator.cpp:604, :611, :634, :642). Holder: the local ret of get_pk_increment_from_idx_filter (ob_das_hnsw_scan_iter.cpp:1980). Code's branch: the body is empty; index_end = true follows (ob_das_hnsw_scan_iter.cpp:2035), and the next test keeps the last batch (ob_das_hnsw_scan_iter.cpp:2038-2041, ret-compare.tsv:2234).	confirmed
src/sql/das/iter/ob_das_hnsw_scan_iter.cpp	ObDASHNSWScanIter::get_pk_increment_from_idx_filter	line 2038: ret != OB_ITER_END	END_OF_DATA	if ret.is_err() && !matches!(ret, Err(OB_ITER_END)) { } else if scan_row_cnt > 0 { ret = Ok(()); } on the local ret, an ObResult, in the local-ret form (s2-errors.md 2.3): OB_FAIL(ret) is ret.is_err() and the other comparison its own matches! (s2-errors.md 2.3's table); the empty branch and the reset stay (s2-errors.md 2.3, 2.4 rule 1). The DAS iterators keep ending with Err(OB_ITER_END), get_next_rows setting the last batch's count, never an Option or a bool, until parity (s2-errors.md 2.4 rule 1; ARCHITECTURE.md section 17 default 6).	sweep: ret-compare.tsv:2234 (data row 2233). Producer: inv_idx_scan_iter_->get_next_rows(scan_row_cnt, batch_row_count) at src/sql/das/iter/ob_das_hnsw_scan_iter.cpp:2032; inv_idx_scan_iter_ is the pre-filter index iterator, an ObDASIter (src/sql/das/iter/ob_das_hnsw_scan_iter.h:517); ObDASIter::get_next_row and get_next_rows call the pure virtual inner_get_next_row and inner_get_next_rows (src/sql/das/iter/ob_das_iter.cpp:108, :120; src/sql/das/iter/ob_das_iter.h:138-139), and at the leaves ObDASScanIter passes on the storage scan iterator's OB_ITER_END (src/sql/das/iter/ob_das_scan_iter.cpp:124-125, :137-138), which ObTableScanIterator answers once its rows are exhausted (src/storage/access/ob_table_scan_iterator.cpp:604, :611, :634, :642). Holder: the local ret of get_pk_increment_from_idx_filter (ob_das_hnsw_scan_iter.cpp:1980). Code's branch: a last batch with rows resets ret (ob_das_hnsw_scan_iter.cpp:2039-2040; reset.tsv:1206) so its vids are used (ob_das_hnsw_scan_iter.cpp:2043); an empty one keeps the code, which the caller resets (ob_das_hnsw_scan_iter.cpp:2129, :2133-2135, ret-compare.tsv:2235).	confirmed
src/sql/das/iter/ob_das_hnsw_scan_iter.cpp	ObDASHNSWScanIter::process_adaptor_state_pre_filter_with_idx_filter	line 2133: ret != OB_ITER_END	END_OF_DATA	if ret.is_err() && !matches!(ret, Err(OB_ITER_END)) { } else { ret = Ok(()); } on the local ret, an ObResult, in the local-ret form (s2-errors.md 2.3): OB_FAIL(ret) is ret.is_err() and the other comparison its own matches! (s2-errors.md 2.3's table); the empty branch and the reset stay (s2-errors.md 2.3, 2.4 rule 1). The DAS iterators keep ending with Err(OB_ITER_END), get_next_rows setting the last batch's count, never an Option or a bool, until parity (s2-errors.md 2.4 rule 1; ARCHITECTURE.md section 17 default 6).	sweep: ret-compare.tsv:2235 (data row 2234). Producer: get_vid_from_idx_filter or get_pk_increment_from_idx_filter at src/sql/das/iter/ob_das_hnsw_scan_iter.cpp:2127, :2129, which hand on the pre-filter scans' OB_ITER_END (ob_das_hnsw_scan_iter.cpp:1832, :2038, ret-compare.tsv:2228, :2234). Holder: the local ret of process_adaptor_state_pre_filter_with_idx_filter (ob_das_hnsw_scan_iter.cpp:2108). Code's branch: ret = OB_SUCCESS (ob_das_hnsw_scan_iter.cpp:2135; reset.tsv:1207): the pre-filter was read to its end; any other code passes on through the empty branch (ob_das_hnsw_scan_iter.cpp:2133-2134). The code never leaves the function (ob_das_hnsw_scan_iter.cpp:2138).	confirmed
src/sql/das/iter/ob_das_hnsw_scan_iter.cpp	ObDASHNSWScanIter::set_rowkey_by_vid	line 2264: ret != OB_ITER_END	END_OF_DATA	if ob_fail!(ret = self.get_rowkey_from_vid_rowkey_table(.., &vid_row, &mut rowkey)) { if !matches!(ret, Err(OB_ITER_END)) { } } with its empty body (s2-errors.md 2.3: empty branches stay), OB_UNLIKELY dropped where the C++ has it (RULEBOOK 2.3), on the local ret, an ObResult, in the local-ret form (s2-errors.md 2.3). The DAS iterators keep ending with Err(OB_ITER_END), get_next_rows setting the last batch's count, never an Option or a bool, until parity (s2-errors.md 2.4 rule 1; ARCHITECTURE.md section 17 default 6).	sweep: ret-compare.tsv:2236 (data row 2235). Producer: get_rowkey_from_vid_rowkey_table(..) at src/sql/das/iter/ob_das_hnsw_scan_iter.cpp:2262, a point read of the vid-rowkey table by the vid that passes on vid_rowkey_iter_'s OB_ITER_END when no row has it (ob_das_hnsw_scan_iter.cpp:3195-3196, ret-compare.tsv:2249); the auxiliary table iterators are ObDASScanIter pointers and inv_idx_scan_iter_ and func_lookup_iter_ ObDASIter pointers (src/sql/das/iter/ob_das_hnsw_scan_iter.h:517-526); ObDASScanIter passes on the storage scan iterator's OB_ITER_END (src/sql/das/iter/ob_das_scan_iter.cpp:124-125, :137-138), which ObTableScanIterator answers once its rows are exhausted (src/storage/access/ob_table_scan_iterator.cpp:604, :611, :634, :642). Holder: the local ret of set_rowkey_by_vid (ob_das_hnsw_scan_iter.cpp:2245). Code's branch: the body is empty, under the comment that the code is kept so the data table is not searched with a wrong rowkey (ob_das_hnsw_scan_iter.cpp:2263); FAILEDx skips the lookup key (ob_das_hnsw_scan_iter.cpp:2272) and the code is returned. Consumer: filter_by_index_back turns it into success, leaving the row filtered out (ob_das_hnsw_scan_iter.cpp:2482-2485, ret-compare.tsv:2239).	confirmed
src/sql/das/iter/ob_das_hnsw_scan_iter.cpp	ObDASHNSWScanIter::filter_func_lookup_iter	line 2413: ret == OB_ITER_END	END_OF_DATA	The if / else-if chain over codes on ret at src/sql/das/iter/ob_das_hnsw_scan_iter.cpp:2411-2416 is match ret { Ok(()) => { *filter_res = true; } Err(OB_ITER_END) => { ret = Ok(()); *filter_res = false; } _ => {} } (s2-errors.md 2.3's table; RULEBOOK 2.1), the last arm empty since the C++ chain has no else; filter_res is the bool& out-parameter (ob_das_hnsw_scan_iter.cpp:2364), a &mut bool, so both arms write *filter_res (RULEBOOK 2.1, the output-parameter row); this row is its second arm, on the local ret, an ObResult, in the local-ret form (s2-errors.md 2.3); the assignments stay as the C++ writes them (s2-errors.md 2.4 rule 1). The DAS iterators keep ending with Err(OB_ITER_END), get_next_rows setting the last batch's count, never an Option or a bool, until parity (s2-errors.md 2.4 rule 1; ARCHITECTURE.md section 17 default 6).	sweep: ret-compare.tsv:2237 (data row 2236). Producer: func_lookup_iter_->get_next_rows(scan_row_cnt, 1) or get_next_row() at src/sql/das/iter/ob_das_hnsw_scan_iter.cpp:2406, :2408; func_lookup_iter_ is an ObDASIter (src/sql/das/iter/ob_das_hnsw_scan_iter.h:526), the functional lookup that applies the filter to one row, whose end here means the row did not pass, not the end of a walk; ObDASIter::get_next_row and get_next_rows call the pure virtual inner_get_next_row and inner_get_next_rows (src/sql/das/iter/ob_das_iter.cpp:108, :120; src/sql/das/iter/ob_das_iter.h:138-139). Holder: the local ret of filter_func_lookup_iter (INIT_SUCC at ob_das_hnsw_scan_iter.cpp:2366). Code's branch: ret = OB_SUCCESS and filter_res = false (ob_das_hnsw_scan_iter.cpp:2414-2415; reset.tsv:1208). The code never leaves the function (ob_das_hnsw_scan_iter.cpp:2417).	confirmed
src/sql/das/iter/ob_das_hnsw_scan_iter.cpp	ObDASHNSWScanIter::add_one_relevance	line 2427: ret == OB_HASH_NOT_EXIST	LOOKUP_OUTCOME	} else if ob_fail!(ret = self.rel_map_.get_refactored(vid, &mut val)) { if matches!(ret, Err(OB_HASH_NOT_EXIST)) { ret = Ok(()); if ob_fail!(ret = self.rel_map_.set_refactored(vid, rel_record)) { } } } else { .. } on the local ret, an ObResult, in the local-ret form (s2-errors.md 2.3); the reset and the insert stay in the C++ order (s2-errors.md 2.4 rule 1). The ObHashMap port keeps answering OB_HASH_NOT_EXIST from get_refactored for a missing key, never an Option or a bool, until parity (s2-errors.md 2.4 rules 1 and 2).	sweep: ret-compare.tsv:2238 (data row 2237). Producer: rel_map_.get_refactored(vid, val) at src/sql/das/iter/ob_das_hnsw_scan_iter.cpp:2426, on the iterator's common::hash::ObHashMap<int64_t, double*> (src/sql/das/iter/ob_das_hnsw_scan_iter.h:594); ObHashMap::get_refactored returns the table's code (src/oblib/lib/hash/ob_hashmap.h:233), OB_HASH_NOT_EXIST when no node matches the key (src/oblib/lib/hash/ob_hashtable.h:1009). Holder: the local ret (INIT_SUCC at ob_das_hnsw_scan_iter.cpp:2422). Code's branch: the vid has no relevance record yet, so ret = OB_SUCCESS (ob_das_hnsw_scan_iter.cpp:2428; reset.tsv:1209) and the record is stored under it (ob_das_hnsw_scan_iter.cpp:2429); the code never leaves the function.	confirmed
src/sql/das/iter/ob_das_hnsw_scan_iter.cpp	ObDASHNSWScanIter::filter_by_index_back	line 2483: ret != OB_ITER_END	END_OF_DATA	if ob_fail!(ret = self.set_rowkey_by_vid(row)) { if !matches!(ret, Err(OB_ITER_END)) { } else { ret = Ok(()); } } else if .. on the local ret, an ObResult, in the local-ret form (s2-errors.md 2.3); the empty branch and the reset stay (s2-errors.md 2.3, 2.4 rule 1). The DAS iterators keep ending with Err(OB_ITER_END), get_next_rows setting the last batch's count, never an Option or a bool, until parity (s2-errors.md 2.4 rule 1; ARCHITECTURE.md section 17 default 6).	sweep: ret-compare.tsv:2239 (data row 2238). Producer: set_rowkey_by_vid(row) at src/sql/das/iter/ob_das_hnsw_scan_iter.cpp:2482, which passes on the vid-rowkey point read's OB_ITER_END when no row has the vid (ob_das_hnsw_scan_iter.cpp:2262-2264, ret-compare.tsv:2236); the auxiliary table iterators are ObDASScanIter pointers and inv_idx_scan_iter_ and func_lookup_iter_ ObDASIter pointers (src/sql/das/iter/ob_das_hnsw_scan_iter.h:517-526); ObDASScanIter passes on the storage scan iterator's OB_ITER_END (src/sql/das/iter/ob_das_scan_iter.cpp:124-125, :137-138), which ObTableScanIterator answers once its rows are exhausted (src/storage/access/ob_table_scan_iterator.cpp:604, :611, :634, :642). Holder: the local ret (INIT_SUCC at ob_das_hnsw_scan_iter.cpp:2478). Code's branch: ret = OB_SUCCESS (ob_das_hnsw_scan_iter.cpp:2485; reset.tsv:1210): filter_res keeps the false its caller passed (ob_das_hnsw_scan_iter.cpp:2567), so the data table is not read (ob_das_hnsw_scan_iter.cpp:2496) and the vid is left out; any other code passes on through the empty branch. The code never leaves the function.	confirmed
src/sql/das/iter/ob_das_hnsw_scan_iter.cpp	ObDASHNSWScanIter::filter_by_index_back	line 2504: ret != OB_ITER_END	END_OF_DATA	} else if ob_fail!(ret = self.get_single_row_from_data_filter_iter(is_vectorized)) { if !matches!(ret, Err(OB_ITER_END)) { } else { ret = Ok(()); *filter_res = false; } } else { .. } on the local ret, an ObResult, in the local-ret form (s2-errors.md 2.3); the empty branch, the reset and the assignment stay (s2-errors.md 2.3, 2.4 rule 1). The DAS iterators keep ending with Err(OB_ITER_END), get_next_rows setting the last batch's count, never an Option or a bool, until parity (s2-errors.md 2.4 rule 1; ARCHITECTURE.md section 17 default 6).	sweep: ret-compare.tsv:2240 (data row 2239). Producer: get_single_row_from_data_filter_iter(is_vectorized) at src/sql/das/iter/ob_das_hnsw_scan_iter.cpp:2503, a read of data_filter_iter_ for the row with the vid's rowkey; the auxiliary table iterators are ObDASScanIter pointers and inv_idx_scan_iter_ and func_lookup_iter_ ObDASIter pointers (src/sql/das/iter/ob_das_hnsw_scan_iter.h:517-526); ObDASScanIter passes on the storage scan iterator's OB_ITER_END (src/sql/das/iter/ob_das_scan_iter.cpp:124-125, :137-138), which ObTableScanIterator answers once its rows are exhausted (src/storage/access/ob_table_scan_iterator.cpp:604, :611, :634, :642); the end here means the row does not pass the filter. Holder: the local ret (INIT_SUCC at ob_das_hnsw_scan_iter.cpp:2478). Code's branch: ret = OB_SUCCESS and filter_res = false (ob_das_hnsw_scan_iter.cpp:2506-2507; reset.tsv:1211); any other code passes on through the empty branch (ob_das_hnsw_scan_iter.cpp:2504). The code never leaves the function.	confirmed
src/sql/das/iter/ob_das_hnsw_scan_iter.cpp	ObDASHNSWScanIter::post_query_vid_with_filter	line 2569: ret != OB_ITER_END	END_OF_DATA	if ob_fail!(ret = self.tmp_adaptor_vid_iter_.get_next_row(&mut row, .., true)) { if !matches!(ret, Err(OB_ITER_END)) { } else { ret = Ok(()); } } else if .. on the local ret, an ObResult, in the local-ret form (s2-errors.md 2.3), OB_UNLIKELY dropped (RULEBOOK 2.3); the empty branch and the reset stay (s2-errors.md 2.3, 2.4 rule 1). The vid iterator keeps ending with Err(OB_ITER_END), never an Option or a bool, until parity (s2-errors.md 2.4 rule 1).	sweep: ret-compare.tsv:2241 (data row 2240). Producer: tmp_adaptor_vid_iter_->get_next_row(row, ..) at src/sql/das/iter/ob_das_hnsw_scan_iter.cpp:2568, an ObVectorQueryVidIterator (src/sql/das/iter/ob_das_hnsw_scan_iter.h:572), whose get_next_row answers OB_ITER_END once every vid was returned (src/observer/vector_index/ob_plugin_vector_index_util.cpp:240, :279). Holder: the local ret of post_query_vid_with_filter (ob_das_hnsw_scan_iter.cpp:2533). Code's branch: ret = OB_SUCCESS (ob_das_hnsw_scan_iter.cpp:2571; reset.tsv:1212), and the loop over the unfiltered vids goes on to its bound (ob_das_hnsw_scan_iter.cpp:2565); any other code passes on through the empty branch (ob_das_hnsw_scan_iter.cpp:2569). The code never leaves the function.	confirmed
src/sql/das/iter/ob_das_hnsw_scan_iter.cpp	ObDASHNSWScanIter::call_pva_interface	line 2810: ret != OB_SCHEMA_EAGAIN	PASSED_ON	} else if ob_fail!(ret = service.query_need_refresh_memdata(&adaptor, ..)) { if !matches!(ret, Err(OB_SCHEMA_EAGAIN)) { } } with its empty body (s2-errors.md 2.3: empty branches stay), on the local ret, an ObResult, in the local-ret form (s2-errors.md 2.3); the code is returned as in C++, with no ok() or is_ok() swallowing it (s2-errors.md 2.12 item 2).	sweep: ret-compare.tsv:2242 (data row 2241). Producer: service->query_need_refresh_memdata(..) at src/sql/das/iter/ob_das_hnsw_scan_iter.cpp:2808, through the ObIVectorIndexService interface (src/query/api/query/vector/ob_vector_index_service.h:30), implemented by ObPluginVectorIndexService (src/observer/vector_index/ob_plugin_vector_index_service.cpp:1572, :1576), whose helper answers OB_SCHEMA_EAGAIN, commented 'sql retry', once the index's in-memory data is loaded (src/observer/vector_index/ob_plugin_vector_index_utils.cpp:827-837). Holder: the local ret (ob_das_hnsw_scan_iter.cpp:2761). Code's branch: the comparison is false and nothing runs, so the code leaves the switch (ob_das_hnsw_scan_iter.cpp:2813) and is returned; the other codes get the same empty body. Escapes: process_adaptor_state_post_filter_once stops its state loop and returns it (ob_das_hnsw_scan_iter.cpp:2684, :2686, :2693); process_adaptor_state_post_filter returns it (ob_das_hnsw_scan_iter.cpp:2222, :2224, :2240), and so does process_adaptor_state_pre_filter, from its direct call and from its call of process_adaptor_state_post_filter (ob_das_hnsw_scan_iter.cpp:1368, :1374, :1400); process_adaptor_state_hnsw passes it on through empty branches (ob_das_hnsw_scan_iter.cpp:890-891, :894-895, :899); inner_process_adaptor_state passes it on through an empty branch (ob_das_hnsw_scan_iter.cpp:850-851, :856); process_adaptor_state retries only on OB_VECTOR_INDEX_ADAPTIVE_NEED_RETRY (ob_das_hnsw_scan_iter.cpp:822) and logs and returns every other code (ob_das_hnsw_scan_iter.cpp:837-842); inner_get_next_row and inner_get_next_rows return it (ob_das_hnsw_scan_iter.cpp:532, :577 and ob_das_hnsw_scan_iter.cpp:587, :636); grep -n OB_SCHEMA_EAGAIN src/sql/das/iter/*.cpp finds only this test and ob_das_hnsw_scan_iter.cpp:1395; the query retry controller retries the statement on the code (src/sql/ob_query_retry_ctrl.cpp:835).	confirmed
src/sql/das/iter/ob_das_hnsw_scan_iter.cpp	ObDASHNSWScanIter::prepare_complete_vector_data	line 3121: ret != OB_ITER_END	END_OF_DATA	if ob_fail!(ret = self.get_rowkey_from_vid_rowkey_table(.., &vid, &mut rowkey)) { if !matches!(ret, Err(OB_ITER_END)) { } } with its empty body (s2-errors.md 2.3: empty branches stay), OB_UNLIKELY dropped where the C++ has it (RULEBOOK 2.3), on the local ret, an ObResult, in the local-ret form (s2-errors.md 2.3). The DAS iterators keep ending with Err(OB_ITER_END), get_next_rows setting the last batch's count, never an Option or a bool, until parity (s2-errors.md 2.4 rule 1; ARCHITECTURE.md section 17 default 6).	sweep: ret-compare.tsv:2243 (data row 2242). Producer: get_rowkey_from_vid_rowkey_table(..) at src/sql/das/iter/ob_das_hnsw_scan_iter.cpp:3120, a point read that passes on vid_rowkey_iter_'s OB_ITER_END (ob_das_hnsw_scan_iter.cpp:3195-3196, ret-compare.tsv:2249); the auxiliary table iterators are ObDASScanIter pointers and inv_idx_scan_iter_ and func_lookup_iter_ ObDASIter pointers (src/sql/das/iter/ob_das_hnsw_scan_iter.h:517-526); ObDASScanIter passes on the storage scan iterator's OB_ITER_END (src/sql/das/iter/ob_das_scan_iter.cpp:124-125, :137-138), which ObTableScanIterator answers once its rows are exhausted (src/storage/access/ob_table_scan_iterator.cpp:604, :611, :634, :642). The code means the auxiliary table has no row for this vid or rowkey, not the end of a walk. Holder: the local ret of prepare_complete_vector_data (ob_das_hnsw_scan_iter.cpp:3103). Code's branch: the body is empty; the vector read is skipped (ob_das_hnsw_scan_iter.cpp:3129) and the test after it gives the vid a null vector and resets the code (ob_das_hnsw_scan_iter.cpp:3144-3146, ret-compare.tsv:2246).	confirmed
src/sql/das/iter/ob_das_hnsw_scan_iter.cpp	ObDASHNSWScanIter::prepare_complete_vector_data	line 3133: ret != OB_ITER_END	END_OF_DATA	if ob_fail!(ret = self.get_vector_from_embedded_table(.., rowkey, &vid, &mut vector)) { if !matches!(ret, Err(OB_ITER_END)) { } } with its empty body (s2-errors.md 2.3: empty branches stay), OB_UNLIKELY dropped where the C++ has it (RULEBOOK 2.3), on the local ret, an ObResult, in the local-ret form (s2-errors.md 2.3). The DAS iterators keep ending with Err(OB_ITER_END), get_next_rows setting the last batch's count, never an Option or a bool, until parity (s2-errors.md 2.4 rule 1; ARCHITECTURE.md section 17 default 6).	sweep: ret-compare.tsv:2244 (data row 2243). Producer: get_vector_from_embedded_table(..) at src/sql/das/iter/ob_das_hnsw_scan_iter.cpp:3132, a point read that passes on embedded_table_iter_'s OB_ITER_END (ob_das_hnsw_scan_iter.cpp:3226-3227, ret-compare.tsv:2250); the auxiliary table iterators are ObDASScanIter pointers and inv_idx_scan_iter_ and func_lookup_iter_ ObDASIter pointers (src/sql/das/iter/ob_das_hnsw_scan_iter.h:517-526); ObDASScanIter passes on the storage scan iterator's OB_ITER_END (src/sql/das/iter/ob_das_scan_iter.cpp:124-125, :137-138), which ObTableScanIterator answers once its rows are exhausted (src/storage/access/ob_table_scan_iterator.cpp:604, :611, :634, :642). The code means the auxiliary table has no row for this vid or rowkey, not the end of a walk. Holder: the local ret of prepare_complete_vector_data (ob_das_hnsw_scan_iter.cpp:3103). Code's branch: the body is empty; the test after it gives the vid a null vector and resets the code (ob_das_hnsw_scan_iter.cpp:3144-3146, ret-compare.tsv:2246).	confirmed
src/sql/das/iter/ob_das_hnsw_scan_iter.cpp	ObDASHNSWScanIter::prepare_complete_vector_data	line 3138: ret != OB_ITER_END	END_OF_DATA	if ob_fail!(ret = self.get_vector_from_com_aux_vec_table(.., rowkey, &mut vector)) { if !matches!(ret, Err(OB_ITER_END)) { } } with its empty body (s2-errors.md 2.3: empty branches stay), OB_UNLIKELY dropped where the C++ has it (RULEBOOK 2.3), on the local ret, an ObResult, in the local-ret form (s2-errors.md 2.3). The DAS iterators keep ending with Err(OB_ITER_END), get_next_rows setting the last batch's count, never an Option or a bool, until parity (s2-errors.md 2.4 rule 1; ARCHITECTURE.md section 17 default 6).	sweep: ret-compare.tsv:2245 (data row 2244). Producer: get_vector_from_com_aux_vec_table(..) at src/sql/das/iter/ob_das_hnsw_scan_iter.cpp:3137, a point read that passes on the com-aux-vec scan's OB_ITER_END (ob_das_hnsw_scan_iter.cpp:3244-3245, :3281-3282, ret-compare.tsv:2251-2252); the auxiliary table iterators are ObDASScanIter pointers and inv_idx_scan_iter_ and func_lookup_iter_ ObDASIter pointers (src/sql/das/iter/ob_das_hnsw_scan_iter.h:517-526); ObDASScanIter passes on the storage scan iterator's OB_ITER_END (src/sql/das/iter/ob_das_scan_iter.cpp:124-125, :137-138), which ObTableScanIterator answers once its rows are exhausted (src/storage/access/ob_table_scan_iterator.cpp:604, :611, :634, :642). The code means the auxiliary table has no row for this vid or rowkey, not the end of a walk. Holder: the local ret of prepare_complete_vector_data (ob_das_hnsw_scan_iter.cpp:3103). Code's branch: the body is empty; the test after it gives the vid a null vector and resets the code (ob_das_hnsw_scan_iter.cpp:3144-3146, ret-compare.tsv:2246).	confirmed
src/sql/das/iter/ob_das_hnsw_scan_iter.cpp	ObDASHNSWScanIter::prepare_complete_vector_data	line 3144: ret == OB_ITER_END	END_OF_DATA	The if / else-if chain over codes on ret at src/sql/das/iter/ob_das_hnsw_scan_iter.cpp:3144-3154 is match ret { Err(OB_ITER_END) => { ada_ctx.set_vector(i, None, 0); ret = Ok(()); } Ok(()) => { <set_vector, and set_extra_info when there are extra columns> } _ => {} } (s2-errors.md 2.3's table; RULEBOOK 2.1), the last arm empty since the C++ chain has no else; this row is its first arm, on the local ret, an ObResult, in the local-ret form (s2-errors.md 2.3); the assignment and the reset stay in the C++ order (s2-errors.md 2.4 rule 1). The DAS iterators keep ending with Err(OB_ITER_END), get_next_rows setting the last batch's count, never an Option or a bool, until parity (s2-errors.md 2.4 rule 1; ARCHITECTURE.md section 17 default 6).	sweep: ret-compare.tsv:2246 (data row 2245). Producer: the point reads of the vid-rowkey, embedded or com-aux-vec table (src/sql/das/iter/ob_das_hnsw_scan_iter.cpp:3120, :3132, :3137, ret-compare.tsv:2243-2245). The code means the auxiliary table has no row for this vid or rowkey, not the end of a walk. Holder: the local ret of prepare_complete_vector_data (ob_das_hnsw_scan_iter.cpp:3103). Code's branch: the vid gets a null vector (ob_das_hnsw_scan_iter.cpp:3145) and ret = OB_SUCCESS (ob_das_hnsw_scan_iter.cpp:3146; reset.tsv:1213), and the loop goes on to the next vid (ob_das_hnsw_scan_iter.cpp:3115). The code never leaves the function.	confirmed
src/sql/das/iter/ob_das_hnsw_scan_iter.cpp	ObDASHNSWScanIter::prepare_complete_vector_data	line 3159: ret == OB_ITER_END	END_OF_DATA	if matches!(ret, Err(OB_ITER_END)) { ret = Ok(()); } after the loop on the local ret, an ObResult, in the local-ret form (s2-errors.md 2.3). The test stays although the code cannot arrive, since RULEBOOK section 0's list of statements a translation may remove does not name it; the reset stays where the C++ has it although the loop already resets the code for each vid (s2-errors.md 2.4 rule 1). The DAS iterators keep ending with Err(OB_ITER_END), get_next_rows setting the last batch's count, never an Option or a bool, until parity (s2-errors.md 2.4 rule 1; ARCHITECTURE.md section 17 default 6).	sweep: ret-compare.tsv:2247 (data row 2246). Producer: no statement leaves OB_ITER_END in ret after the loop. The point reads' OB_ITER_END is reset in the same round (src/sql/das/iter/ob_das_hnsw_scan_iter.cpp:3144-3146, ret-compare.tsv:2246); the round's one later step that writes ret, set_extra_info (ob_das_hnsw_scan_iter.cpp:3151), sets only OB_ERR_UNEXPECTED (src/observer/vector_index/ob_plugin_vector_index_adaptor.cpp:344, :346, :348) or the code of ObVecExtraInfoObj::from_obj (ob_plugin_vector_index_adaptor.cpp:353), which sets only OB_INVALID_ARGUMENT or OB_ALLOCATE_MEMORY_FAILED (src/observer/vector_index/ob_vector_index_util.cpp:5762, :5780, :5789); before the loop ret is OB_SUCCESS or OB_ERR_UNEXPECTED (src/sql/das/iter/ob_das_hnsw_scan_iter.cpp:3103, :3110). Holder: the local ret of prepare_complete_vector_data (ob_das_hnsw_scan_iter.cpp:3103). Code's branch, as it would run: ret = OB_SUCCESS (ob_das_hnsw_scan_iter.cpp:3160; reset.tsv:1214). The code never leaves the function (ob_das_hnsw_scan_iter.cpp:3163). Value END_OF_DATA from the code itself (vocabulary section 4, value 8).	confirmed
src/sql/das/iter/ob_das_hnsw_scan_iter.cpp	ObDASHNSWScanIter::get_vid_from_rowkey_vid_table	line 3175: ret != OB_ITER_END	END_OF_DATA	if ob_fail!(ret = self.rowkey_vid_iter_.get_next_row()) { if !matches!(ret, Err(OB_ITER_END)) { } } with its empty body (s2-errors.md 2.3: empty branches stay), OB_UNLIKELY dropped where the C++ has it (RULEBOOK 2.3), on the local ret, an ObResult, in the local-ret form (s2-errors.md 2.3). The DAS iterators keep ending with Err(OB_ITER_END), get_next_rows setting the last batch's count, never an Option or a bool, until parity (s2-errors.md 2.4 rule 1; ARCHITECTURE.md section 17 default 6).	sweep: ret-compare.tsv:2248 (data row 2247). Producer: rowkey_vid_iter_->get_next_row() at src/sql/das/iter/ob_das_hnsw_scan_iter.cpp:3174; the auxiliary table iterators are ObDASScanIter pointers and inv_idx_scan_iter_ and func_lookup_iter_ ObDASIter pointers (src/sql/das/iter/ob_das_hnsw_scan_iter.h:517-526); ObDASScanIter passes on the storage scan iterator's OB_ITER_END (src/sql/das/iter/ob_das_scan_iter.cpp:124-125, :137-138), which ObTableScanIterator answers once its rows are exhausted (src/storage/access/ob_table_scan_iterator.cpp:604, :611, :634, :642); rowkey_vid_iter_ is walked over the pre-filter's key ranges (src/sql/das/iter/ob_das_hnsw_scan_iter.cpp:1505-1513) or over a batch of lookup keys set before one scan (ob_das_hnsw_scan_iter.cpp:1819, :1846, :1853, :1858-1862), so the code is the end of that walk. Holder: the local ret of get_vid_from_rowkey_vid_table (ob_das_hnsw_scan_iter.cpp:3168). Code's branch: the body is empty and the code is returned; the pre-filter loops that call this function end their scan on it (ob_das_hnsw_scan_iter.cpp:1510-1513, :1861-1862, ret-compare.tsv:2222, :2229).	confirmed
src/sql/das/iter/ob_das_hnsw_scan_iter.cpp	ObDASHNSWScanIter::get_rowkey_from_vid_rowkey_table	line 3196: ret != OB_ITER_END	END_OF_DATA	} else if ob_fail!(ret = self.vid_rowkey_iter_.get_next_row()) { if !matches!(ret, Err(OB_ITER_END)) { } } with its empty body (s2-errors.md 2.3: empty branches stay), OB_UNLIKELY dropped where the C++ has it (RULEBOOK 2.3), on the local ret, an ObResult, in the local-ret form (s2-errors.md 2.3). The DAS iterators keep ending with Err(OB_ITER_END), get_next_rows setting the last batch's count, never an Option or a bool, until parity (s2-errors.md 2.4 rule 1; ARCHITECTURE.md section 17 default 6).	sweep: ret-compare.tsv:2249 (data row 2248). Producer: vid_rowkey_iter_->get_next_row(), after the lookup key was set to the vid (ob_das_hnsw_scan_iter.cpp:3192-3193) at src/sql/das/iter/ob_das_hnsw_scan_iter.cpp:3195; the auxiliary table iterators are ObDASScanIter pointers and inv_idx_scan_iter_ and func_lookup_iter_ ObDASIter pointers (src/sql/das/iter/ob_das_hnsw_scan_iter.h:517-526); ObDASScanIter passes on the storage scan iterator's OB_ITER_END (src/sql/das/iter/ob_das_scan_iter.cpp:124-125, :137-138), which ObTableScanIterator answers once its rows are exhausted (src/storage/access/ob_table_scan_iterator.cpp:604, :611, :634, :642); the read is of the row for one key, so the code means the key has no row. Holder: the local ret of get_rowkey_from_vid_rowkey_table (ob_das_hnsw_scan_iter.cpp:3190). Code's branch: the body is empty and the code is returned; the reuse of the iterator after it saves the code in tmp_ret and restores it (ob_das_hnsw_scan_iter.cpp:3201-3205; tmp-ret.tsv:1477-1478), set_rowkey_by_vid and prepare_complete_vector_data treat it as a missing row (ob_das_hnsw_scan_iter.cpp:2264, :3121, ret-compare.tsv:2236, :2243), and calc_dis_by_vid passes it on (ob_das_hnsw_scan_iter.cpp:471) to the two save_distance_expr_result functions, which rename it to OB_ERR_DEFENSIVE_CHECK (ob_das_hnsw_scan_iter.cpp:508-511, :654-657; ret-compare.tsv:2214, :2218).	confirmed
src/sql/das/iter/ob_das_hnsw_scan_iter.cpp	ObDASHNSWScanIter::get_vector_from_embedded_table	line 3227: ret != OB_ITER_END	END_OF_DATA	} else if ob_fail!(ret = self.embedded_table_iter_.get_next_row()) { if !matches!(ret, Err(OB_ITER_END)) { } } with its empty body (s2-errors.md 2.3: empty branches stay), OB_UNLIKELY dropped where the C++ has it (RULEBOOK 2.3), on the local ret, an ObResult, in the local-ret form (s2-errors.md 2.3). The DAS iterators keep ending with Err(OB_ITER_END), get_next_rows setting the last batch's count, never an Option or a bool, until parity (s2-errors.md 2.4 rule 1; ARCHITECTURE.md section 17 default 6).	sweep: ret-compare.tsv:2250 (data row 2249). Producer: embedded_table_iter_->get_next_row(), after the lookup key was set (ob_das_hnsw_scan_iter.cpp:3223-3224) at src/sql/das/iter/ob_das_hnsw_scan_iter.cpp:3226; the auxiliary table iterators are ObDASScanIter pointers and inv_idx_scan_iter_ and func_lookup_iter_ ObDASIter pointers (src/sql/das/iter/ob_das_hnsw_scan_iter.h:517-526); ObDASScanIter passes on the storage scan iterator's OB_ITER_END (src/sql/das/iter/ob_das_scan_iter.cpp:124-125, :137-138), which ObTableScanIterator answers once its rows are exhausted (src/storage/access/ob_table_scan_iterator.cpp:604, :611, :634, :642); the read is of the row for one key, so the code means the key has no row. Holder: the local ret of get_vector_from_embedded_table (ob_das_hnsw_scan_iter.cpp:3212). Code's branch: the body is empty and the code is returned; calc_dis_by_vid's caller renames it (ob_das_hnsw_scan_iter.cpp:472, :509-511, ret-compare.tsv:2214), and prepare_complete_vector_data treats it as a missing vector (ob_das_hnsw_scan_iter.cpp:3133, ret-compare.tsv:2244).	confirmed
src/sql/das/iter/ob_das_hnsw_scan_iter.cpp	ObDASHNSWScanIter::get_vector_from_com_aux_vec_table	line 3245: ret != OB_ITER_END	END_OF_DATA	} else if ob_fail!(ret = self.get_vector_from_com_aux_vec_table(allocator, vector)) { if !matches!(ret, Err(OB_ITER_END)) { } } with its empty body (s2-errors.md 2.3: empty branches stay), OB_UNLIKELY dropped where the C++ has it (RULEBOOK 2.3), on the local ret, an ObResult, in the local-ret form (s2-errors.md 2.3). The DAS iterators keep ending with Err(OB_ITER_END), get_next_rows setting the last batch's count, never an Option or a bool, until parity (s2-errors.md 2.4 rule 1; ARCHITECTURE.md section 17 default 6).	sweep: ret-compare.tsv:2251 (data row 2250). Producer: the inner get_vector_from_com_aux_vec_table(allocator, vector), after the lookup key was set (ob_das_hnsw_scan_iter.cpp:3242-3243), which passes on the table scan's OB_ITER_END (ob_das_hnsw_scan_iter.cpp:3281-3282, ret-compare.tsv:2252) at src/sql/das/iter/ob_das_hnsw_scan_iter.cpp:3244; the auxiliary table iterators are ObDASScanIter pointers and inv_idx_scan_iter_ and func_lookup_iter_ ObDASIter pointers (src/sql/das/iter/ob_das_hnsw_scan_iter.h:517-526); ObDASScanIter passes on the storage scan iterator's OB_ITER_END (src/sql/das/iter/ob_das_scan_iter.cpp:124-125, :137-138), which ObTableScanIterator answers once its rows are exhausted (src/storage/access/ob_table_scan_iterator.cpp:604, :611, :634, :642); the read is of the row for one key, so the code means the key has no row. Holder: the local ret of get_vector_from_com_aux_vec_table (ob_das_hnsw_scan_iter.cpp:3237). Code's branch: the body is empty and the code is returned; prepare_complete_vector_data treats it as a missing vector (ob_das_hnsw_scan_iter.cpp:3137-3138, ret-compare.tsv:2245).	confirmed
src/sql/das/iter/ob_das_hnsw_scan_iter.cpp	ObDASHNSWScanIter::get_vector_from_com_aux_vec_table	line 3282: ret != OB_ITER_END	END_OF_DATA	} else if ob_fail!(ret = data_plane::table_scan_next_datum_row(table_scan_iter, &mut datum_row)) { if !matches!(ret, Err(OB_ITER_END)) { } } else if .. with its empty body (s2-errors.md 2.3: empty branches stay), OB_UNLIKELY dropped where the C++ has it (RULEBOOK 2.3), on the local ret, an ObResult, in the local-ret form (s2-errors.md 2.3). The DAS iterators keep ending with Err(OB_ITER_END), get_next_rows setting the last batch's count, never an Option or a bool, until parity (s2-errors.md 2.4 rule 1; ARCHITECTURE.md section 17 default 6).	sweep: ret-compare.tsv:2252 (data row 2251). Producer: data_plane::table_scan_next_datum_row(table_scan_iter, datum_row) at src/sql/das/iter/ob_das_hnsw_scan_iter.cpp:3281, on the com-aux-vec iterator's storage scan (ob_das_hnsw_scan_iter.cpp:3257), which calls ObTableScanIterator::get_next_row (src/storage/access/ob_table_scan_iterator.cpp:712), OB_ITER_END once no row is left (ob_table_scan_iterator.cpp:604, :611); the read is of the row for one rowkey, so the code means the rowkey has no row. Holder: the local ret of the inner get_vector_from_com_aux_vec_table (ob_das_hnsw_scan_iter.cpp:3254). Code's branch: the body is empty and the code is returned; the outer overload passes it on (ob_das_hnsw_scan_iter.cpp:3244-3245, ret-compare.tsv:2251).	confirmed
src/sql/das/iter/ob_das_index_merge_iter.cpp	ObDASIndexMergeIter::inner_get_next_row	line 510: ret != OB_ITER_END	END_OF_DATA	if ob_fail!(ret = self.union_get_next_row()) { if !matches!(ret, Err(OB_ITER_END)) { } } with its empty body (s2-errors.md 2.3: empty branches stay), OB_UNLIKELY dropped where the C++ has it (RULEBOOK 2.3), on the local ret, an ObResult, in the local-ret form (s2-errors.md 2.3). The DAS iterators keep ending with Err(OB_ITER_END), get_next_rows setting the last batch's count, never an Option or a bool, until parity (s2-errors.md 2.4 rule 1; ARCHITECTURE.md section 17 default 6).	sweep: ret-compare.tsv:2253 (data row 2252). Producer: union_get_next_row() at src/sql/das/iter/ob_das_index_merge_iter.cpp:509, which answers OB_ITER_END when no child has a row left (ob_das_index_merge_iter.cpp:594-596). Holder: the local ret (ob_das_index_merge_iter.cpp:507). Code's branch: the body is empty and the code is returned (ob_das_index_merge_iter.cpp:513). Consumer: ObDASIter::get_next_row and get_next_rows return it unchanged to the parent iterator or the DAS scan operator (src/sql/das/iter/ob_das_iter.cpp:108, :120).	confirmed
src/sql/das/iter/ob_das_index_merge_iter.cpp	ObDASIndexMergeIter::inner_get_next_rows	line 521: ret != OB_ITER_END	END_OF_DATA	if ob_fail!(ret = self.union_get_next_rows(count, capacity)) { if !matches!(ret, Err(OB_ITER_END)) { } } with its empty body (s2-errors.md 2.3: empty branches stay), OB_UNLIKELY dropped where the C++ has it (RULEBOOK 2.3), on the local ret, an ObResult, in the local-ret form (s2-errors.md 2.3). The DAS iterators keep ending with Err(OB_ITER_END), get_next_rows setting the last batch's count, never an Option or a bool, until parity (s2-errors.md 2.4 rule 1; ARCHITECTURE.md section 17 default 6).	sweep: ret-compare.tsv:2254 (data row 2253). Producer: union_get_next_rows(count, capacity) at src/sql/das/iter/ob_das_index_merge_iter.cpp:520, which answers OB_ITER_END when no child has a row left and no row was gathered (ob_das_index_merge_iter.cpp:671-673, :712-713). Holder: the local ret (ob_das_index_merge_iter.cpp:518). Code's branch: the body is empty and the code is returned (ob_das_index_merge_iter.cpp:527). Consumer: ObDASIter::get_next_row and get_next_rows return it unchanged to the parent iterator or the DAS scan operator (src/sql/das/iter/ob_das_iter.cpp:108, :120).	confirmed
src/sql/das/iter/ob_das_index_merge_iter.cpp	ObDASIndexMergeIter::union_get_next_row	line 579: ret == OB_ITER_END	END_OF_DATA	} else if ob_fail!(ret = child_iter.get_next_row()) { if matches!(ret, Err(OB_ITER_END)) { child_store.iter_end_ = true; ret = Ok(()); } else { } } else if .. on the local ret, an ObResult, in the local-ret form (s2-errors.md 2.3); the flag, the reset and the empty else stay in the C++ order (s2-errors.md 2.3, 2.4 rule 1). The DAS iterators keep ending with Err(OB_ITER_END), get_next_rows setting the last batch's count, never an Option or a bool, until parity (s2-errors.md 2.4 rule 1; ARCHITECTURE.md section 17 default 6).	sweep: ret-compare.tsv:2255 (data row 2254). Producer: child_iter->get_next_row() at src/sql/das/iter/ob_das_index_merge_iter.cpp:578; the child iterators are ObDASIter pointers (src/sql/das/iter/ob_das_index_merge_iter.h:206); ObDASIter::get_next_row and get_next_rows call the pure virtual inner_get_next_row and inner_get_next_rows (src/sql/das/iter/ob_das_iter.cpp:108, :120; src/sql/das/iter/ob_das_iter.h:138-139). Holder: the local ret (ob_das_index_merge_iter.cpp:567). Code's branch: child_store.iter_end_ = true and ret = OB_SUCCESS (ob_das_index_merge_iter.cpp:580-581; reset.tsv:1215): this child is used up and is not read again (ob_das_index_merge_iter.cpp:574); the merge goes on with the other children, and OB_ITER_END is set again once none has a row (ob_das_index_merge_iter.cpp:594-596). The code itself never leaves the function.	confirmed
src/sql/das/iter/ob_das_index_merge_iter.cpp	ObDASIndexMergeIter::union_get_next_rows	line 650: ret == OB_ITER_END	END_OF_DATA	ret = child_iter.get_next_rows(&mut child_rows_cnt, capacity); if matches!(ret, Err(OB_ITER_END)) && child_rows_cnt > 0 { ret = Ok(()); } on the local ret, an ObResult, in the local-ret form (s2-errors.md 2.3); the && keeps its two terms (s2-errors.md 2.3's table) and the reset stays where the C++ has it (s2-errors.md 2.4 rule 1). The DAS iterators keep ending with Err(OB_ITER_END), get_next_rows setting the last batch's count, never an Option or a bool, until parity (s2-errors.md 2.4 rule 1; ARCHITECTURE.md section 17 default 6).	sweep: ret-compare.tsv:2256 (data row 2255). Producer: child_iter->get_next_rows(child_rows_cnt, capacity) at src/sql/das/iter/ob_das_index_merge_iter.cpp:649; the child iterators are ObDASIter pointers (src/sql/das/iter/ob_das_index_merge_iter.h:206); ObDASIter::get_next_row and get_next_rows call the pure virtual inner_get_next_row and inner_get_next_rows (src/sql/das/iter/ob_das_iter.cpp:108, :120; src/sql/das/iter/ob_das_iter.h:138-139). Holder: the local ret (ob_das_index_merge_iter.cpp:632). Code's branch: a last batch with rows resets ret (ob_das_index_merge_iter.cpp:651; reset.tsv:1216) so the rows are saved and compared (ob_das_index_merge_iter.cpp:653-658); the child's end is seen on its next call (ob_das_index_merge_iter.cpp:659, ret-compare.tsv:2257). The code never leaves the function here.	confirmed
src/sql/das/iter/ob_das_index_merge_iter.cpp	ObDASIndexMergeIter::union_get_next_rows	line 659: ret == OB_ITER_END	END_OF_DATA	The if / else-if chain over codes on ret at src/sql/das/iter/ob_das_index_merge_iter.cpp:653-663 is match ret { Ok(()) => { <the save, the compare and reset_datum_ptr> } Err(OB_ITER_END) => { child_store.iter_end_ = true; ret = Ok(()); } _ => {} } (s2-errors.md 2.3's table; RULEBOOK 2.1), the last arm empty like the C++ else (s2-errors.md 2.3: empty branches stay); this row is its second arm, on the local ret, an ObResult, in the local-ret form (s2-errors.md 2.3); the flag and the reset stay in the C++ order (s2-errors.md 2.4 rule 1). The DAS iterators keep ending with Err(OB_ITER_END), get_next_rows setting the last batch's count, never an Option or a bool, until parity (s2-errors.md 2.4 rule 1; ARCHITECTURE.md section 17 default 6).	sweep: ret-compare.tsv:2257 (data row 2256). Producer: child_iter->get_next_rows(child_rows_cnt, capacity) at src/sql/das/iter/ob_das_index_merge_iter.cpp:649, an empty last batch; the child iterators are ObDASIter pointers (src/sql/das/iter/ob_das_index_merge_iter.h:206); ObDASIter::get_next_row and get_next_rows call the pure virtual inner_get_next_row and inner_get_next_rows (src/sql/das/iter/ob_das_iter.cpp:108, :120; src/sql/das/iter/ob_das_iter.h:138-139). Holder: the local ret (ob_das_index_merge_iter.cpp:632). Code's branch: child_store.iter_end_ = true and ret = OB_SUCCESS (ob_das_index_merge_iter.cpp:660-661; reset.tsv:1217): this child is used up and the merge goes on with the others, OB_ITER_END being set again once none has a row (ob_das_index_merge_iter.cpp:671-673). The code itself never leaves the function.	confirmed
src/sql/das/iter/ob_das_index_merge_iter.cpp	ObDASIndexMergeIter::union_get_next_rows	line 712: ret == OB_ITER_END	END_OF_DATA	if matches!(ret, Err(OB_ITER_END)) && *count > 0 { ret = Ok(()); } on the local ret, an ObResult, in the local-ret form (s2-errors.md 2.3); the && keeps its two terms (s2-errors.md 2.3's table) and the reset stays where the C++ has it (s2-errors.md 2.4 rule 1). The DAS iterators keep ending with Err(OB_ITER_END), get_next_rows setting the last batch's count, never an Option or a bool, until parity (s2-errors.md 2.4 rule 1; ARCHITECTURE.md section 17 default 6).	sweep: ret-compare.tsv:2258 (data row 2257). Producer: the merge loop's own OB_ITER_END when no child has a row left (src/sql/das/iter/ob_das_index_merge_iter.cpp:671-673). Holder: the local ret (ob_das_index_merge_iter.cpp:632). Code's branch: ret = OB_SUCCESS when rows were gathered before the end (ob_das_index_merge_iter.cpp:713; reset.tsv:1218), so they are returned as a batch (ob_das_index_merge_iter.cpp:715-716) and the end is answered on the next call; with no row the code is returned (ob_das_index_merge_iter.cpp:719). Consumer: ObDASIter::get_next_row and get_next_rows return it unchanged to the parent iterator or the DAS scan operator (src/sql/das/iter/ob_das_iter.cpp:108, :120).	confirmed
src/sql/das/iter/ob_das_ivf_scan_iter.cpp	ObDASIvfBaseScanIter::inner_get_next_row	line 345: ret != OB_ITER_END	END_OF_DATA	} else if <saved_rowkeys_itr_ is null> { if ob_fail!(ret = self.process_ivf_scan(false)) { if !matches!(ret, Err(OB_ITER_END)) { } } } with its empty body (s2-errors.md 2.3: empty branches stay), OB_UNLIKELY dropped where the C++ has it (RULEBOOK 2.3), on the local ret, an ObResult, in the local-ret form (s2-errors.md 2.3). The DAS iterators keep ending with Err(OB_ITER_END), get_next_rows setting the last batch's count, never an Option or a bool, until parity (s2-errors.md 2.4 rule 1; ARCHITECTURE.md section 17 default 6).	sweep: ret-compare.tsv:2259 (data row 2258). Producer: process_ivf_scan(false) at src/sql/das/iter/ob_das_ivf_scan_iter.cpp:344, which answers OB_ITER_END when the scan saved no rowkey (ob_das_ivf_scan_iter.cpp:393-394, :76-77, ret-compare.tsv:2261), or passes on process_ivf_scan_pre's, which skips gen_rowkeys_itr (ob_das_ivf_scan_iter.cpp:389, :392): ObDASIvfScanIter's for an empty pre-filter (ob_das_ivf_scan_iter.cpp:1417, :963-966; the reset at :1463-1465 is in the other branch), and ObDASIvfPQScanIter's for an empty pre-filter (ob_das_ivf_scan_iter.cpp:2479, :2518) or from its brute-force loop (ob_das_ivf_scan_iter.cpp:2465-2474, :2518). Holder: the local ret (ob_das_ivf_scan_iter.cpp:340). Code's branch: the body is empty; the next test skips the row step and the code is returned (ob_das_ivf_scan_iter.cpp:351). Consumer: ObDASIter::get_next_row and get_next_rows return it unchanged to the parent iterator or the DAS scan operator (src/sql/das/iter/ob_das_iter.cpp:108, :120).	confirmed
src/sql/das/iter/ob_das_ivf_scan_iter.cpp	ObDASIvfBaseScanIter::inner_get_next_rows	line 367: ret != OB_ITER_END	END_OF_DATA	} else if <saved_rowkeys_itr_ is null> { if ob_fail!(ret = self.process_ivf_scan(true)) { if !matches!(ret, Err(OB_ITER_END)) { } } } with its empty body (s2-errors.md 2.3: empty branches stay), OB_UNLIKELY dropped where the C++ has it (RULEBOOK 2.3), on the local ret, an ObResult, in the local-ret form (s2-errors.md 2.3). The DAS iterators keep ending with Err(OB_ITER_END), get_next_rows setting the last batch's count, never an Option or a bool, until parity (s2-errors.md 2.4 rule 1; ARCHITECTURE.md section 17 default 6).	sweep: ret-compare.tsv:2260 (data row 2259). Producer: process_ivf_scan(true) at src/sql/das/iter/ob_das_ivf_scan_iter.cpp:366, which answers OB_ITER_END when the scan saved no rowkey (ob_das_ivf_scan_iter.cpp:393-394, :76-77, ret-compare.tsv:2261), or passes on process_ivf_scan_pre's, which skips gen_rowkeys_itr (ob_das_ivf_scan_iter.cpp:389, :392): ObDASIvfScanIter's for an empty pre-filter (ob_das_ivf_scan_iter.cpp:1417, :963-966; the reset at :1463-1465 is in the other branch), and ObDASIvfPQScanIter's for an empty pre-filter (ob_das_ivf_scan_iter.cpp:2479, :2518) or from its brute-force loop (ob_das_ivf_scan_iter.cpp:2465-2474, :2518). Holder: the local ret (ob_das_ivf_scan_iter.cpp:362). Code's branch: the body is empty; the next test skips the batch step and the code is returned (ob_das_ivf_scan_iter.cpp:372). Consumer: ObDASIter::get_next_row and get_next_rows return it unchanged to the parent iterator or the DAS scan operator (src/sql/das/iter/ob_das_iter.cpp:108, :120).	confirmed
src/sql/das/iter/ob_das_ivf_scan_iter.cpp	ObDASIvfBaseScanIter::process_ivf_scan	line 394: ret != OB_ITER_END	END_OF_DATA	} else if ob_fail!(ret = self.gen_rowkeys_itr()) { if !matches!(ret, Err(OB_ITER_END)) { log_warn!(ret, ..); } } on the local ret, an ObResult, in the local-ret form (s2-errors.md 2.3); the log keeps the ret in scope on the C++ line (s2-errors.md 2.5 rule 1). gen_rowkeys_itr keeps answering Err(OB_ITER_END) for an empty result, never an Option or a bool, until parity (s2-errors.md 2.4 rule 1).	sweep: ret-compare.tsv:2261 (data row 2260). Producer: gen_rowkeys_itr() at src/sql/das/iter/ob_das_ivf_scan_iter.cpp:393, which sets OB_ITER_END when the scan saved no rowkey (ob_das_ivf_scan_iter.cpp:74-77). Holder: the local ret (ob_das_ivf_scan_iter.cpp:384). Code's branch: nothing runs for the code, which is exempted from the WARN log the other codes get (ob_das_ivf_scan_iter.cpp:394-395), and it is returned. Consumer: inner_get_next_row and inner_get_next_rows pass it on (ob_das_ivf_scan_iter.cpp:344-345, :366-367, ret-compare.tsv:2259-2260).	confirmed
src/sql/das/iter/ob_das_ivf_scan_iter.cpp	ObDASIvfBaseScanIter::get_next_saved_rowkey	line 503: ret != OB_ITER_END	END_OF_DATA	if ob_fail!(ret = self.saved_rowkeys_itr_.get_next_row()) { if !matches!(ret, Err(OB_ITER_END)) { } } with its empty body (s2-errors.md 2.3: empty branches stay), OB_UNLIKELY dropped where the C++ has it (RULEBOOK 2.3), on the local ret, an ObResult, in the local-ret form (s2-errors.md 2.3). The DAS iterators keep ending with Err(OB_ITER_END), get_next_rows setting the last batch's count, never an Option or a bool, until parity (s2-errors.md 2.4 rule 1; ARCHITECTURE.md section 17 default 6).	sweep: ret-compare.tsv:2262 (data row 2261). Producer: saved_rowkeys_itr_->get_next_row() at src/sql/das/iter/ob_das_ivf_scan_iter.cpp:502; saved_rowkeys_itr_ is an ObVectorQueryRowkeyIterator (src/sql/das/iter/ob_das_ivf_scan_iter.h:367), which answers OB_ITER_END once its saved rowkeys are used up (src/observer/vector_index/ob_plugin_vector_index_util.cpp:105, :108, :119, :132) or passes on its scan iterator's (ob_plugin_vector_index_util.cpp:73, :93). Holder: the local ret (ob_das_ivf_scan_iter.cpp:500). Code's branch: the body is empty and the code is returned to the row getter, which passes it on. Consumer: ObDASIter::get_next_row and get_next_rows return it unchanged to the parent iterator or the DAS scan operator (src/sql/das/iter/ob_das_iter.cpp:108, :120).	confirmed
src/sql/das/iter/ob_das_ivf_scan_iter.cpp	ObDASIvfBaseScanIter::get_next_saved_rowkey	line 509: ret != OB_ITER_END	END_OF_DATA	if ob_fail!(ret = self.saved_rowkeys_itr_.get_next_row(&mut rowkey)) { if !matches!(ret, Err(OB_ITER_END)) { } } else { .. } with its empty body (s2-errors.md 2.3: empty branches stay), OB_UNLIKELY dropped where the C++ has it (RULEBOOK 2.3), on the local ret, an ObResult, in the local-ret form (s2-errors.md 2.3). The DAS iterators keep ending with Err(OB_ITER_END), get_next_rows setting the last batch's count, never an Option or a bool, until parity (s2-errors.md 2.4 rule 1; ARCHITECTURE.md section 17 default 6).	sweep: ret-compare.tsv:2263 (data row 2262). Producer: saved_rowkeys_itr_->get_next_row(rowkey) at src/sql/das/iter/ob_das_ivf_scan_iter.cpp:508; saved_rowkeys_itr_ is an ObVectorQueryRowkeyIterator (src/sql/das/iter/ob_das_ivf_scan_iter.h:367), which answers OB_ITER_END once its saved rowkeys are used up (src/observer/vector_index/ob_plugin_vector_index_util.cpp:105, :108, :119, :132) or passes on its scan iterator's (ob_plugin_vector_index_util.cpp:73, :93). Holder: the local ret (ob_das_ivf_scan_iter.cpp:500). Code's branch: the body is empty and the code is returned to the row getter, which passes it on. Consumer: ObDASIter::get_next_row and get_next_rows return it unchanged to the parent iterator or the DAS scan operator (src/sql/das/iter/ob_das_iter.cpp:108, :120).	confirmed
src/sql/das/iter/ob_das_ivf_scan_iter.cpp	ObDASIvfBaseScanIter::get_next_saved_rowkeys	line 536: ret != OB_ITER_END	END_OF_DATA	if ob_fail!(ret = self.saved_rowkeys_itr_.get_next_rows(count)) { if !matches!(ret, Err(OB_ITER_END)) { } } with its empty body (s2-errors.md 2.3: empty branches stay), OB_UNLIKELY dropped where the C++ has it (RULEBOOK 2.3), on the local ret, an ObResult, in the local-ret form (s2-errors.md 2.3). The DAS iterators keep ending with Err(OB_ITER_END), get_next_rows setting the last batch's count, never an Option or a bool, until parity (s2-errors.md 2.4 rule 1; ARCHITECTURE.md section 17 default 6).	sweep: ret-compare.tsv:2264 (data row 2263). Producer: saved_rowkeys_itr_->get_next_rows(count) at src/sql/das/iter/ob_das_ivf_scan_iter.cpp:535; saved_rowkeys_itr_ is an ObVectorQueryRowkeyIterator (src/sql/das/iter/ob_das_ivf_scan_iter.h:367), which answers OB_ITER_END once its saved rowkeys are used up (src/observer/vector_index/ob_plugin_vector_index_util.cpp:105, :108, :119, :132) or passes on its scan iterator's (ob_plugin_vector_index_util.cpp:73, :93). Holder: the local ret (ob_das_ivf_scan_iter.cpp:533). Code's branch: the body is empty and the code is returned to the batch getter, which passes it on. Consumer: ObDASIter::get_next_row and get_next_rows return it unchanged to the parent iterator or the DAS scan operator (src/sql/das/iter/ob_das_iter.cpp:108, :120).	confirmed
src/sql/das/iter/ob_das_ivf_scan_iter.cpp	ObDASIvfBaseScanIter::get_next_saved_rowkeys	line 542: ret != OB_ITER_END	END_OF_DATA	if ob_fail!(ret = self.saved_rowkeys_itr_.get_next_rows(&mut rowkeys, count)) { if !matches!(ret, Err(OB_ITER_END)) { } } else if .. with its empty body (s2-errors.md 2.3: empty branches stay), OB_UNLIKELY dropped where the C++ has it (RULEBOOK 2.3), on the local ret, an ObResult, in the local-ret form (s2-errors.md 2.3). The DAS iterators keep ending with Err(OB_ITER_END), get_next_rows setting the last batch's count, never an Option or a bool, until parity (s2-errors.md 2.4 rule 1; ARCHITECTURE.md section 17 default 6).	sweep: ret-compare.tsv:2265 (data row 2264). Producer: saved_rowkeys_itr_->get_next_rows(rowkeys, count) at src/sql/das/iter/ob_das_ivf_scan_iter.cpp:541; saved_rowkeys_itr_ is an ObVectorQueryRowkeyIterator (src/sql/das/iter/ob_das_ivf_scan_iter.h:367), which answers OB_ITER_END once its saved rowkeys are used up (src/observer/vector_index/ob_plugin_vector_index_util.cpp:105, :108, :119, :132) or passes on its scan iterator's (ob_plugin_vector_index_util.cpp:73, :93). Holder: the local ret (ob_das_ivf_scan_iter.cpp:533). Code's branch: the body is empty and the code is returned to the batch getter, which passes it on. Consumer: ObDASIter::get_next_row and get_next_rows return it unchanged to the parent iterator or the DAS scan operator (src/sql/das/iter/ob_das_iter.cpp:108, :120).	confirmed
src/sql/das/iter/ob_das_ivf_scan_iter.cpp	ObDASIvfBaseScanIter::try_write_centroid_cache	line 671: ret != OB_ITER_END	END_OF_DATA	if ob_fail!(ret = self.centroid_iter_.get_next_row()) { if !matches!(ret, Err(OB_ITER_END)) { } } else { .. } with its empty body (s2-errors.md 2.3: empty branches stay), OB_UNLIKELY dropped where the C++ has it (RULEBOOK 2.3), on the local ret, an ObResult, in the local-ret form (s2-errors.md 2.3). The DAS iterators keep ending with Err(OB_ITER_END), get_next_rows setting the last batch's count, never an Option or a bool, until parity (s2-errors.md 2.4 rule 1; ARCHITECTURE.md section 17 default 6).	sweep: ret-compare.tsv:2266 (data row 2265). Producer: centroid_iter_->get_next_row() at src/sql/das/iter/ob_das_ivf_scan_iter.cpp:670, the scan of the whole centroid table; the IVF auxiliary iterators are ObDASScanIter pointers and inv_idx_scan_iter_ an ObDASIter pointer (src/sql/das/iter/ob_das_ivf_scan_iter.h:327-330, :361, :526, :567); ObDASScanIter passes on the storage scan iterator's OB_ITER_END (src/sql/das/iter/ob_das_scan_iter.cpp:124-125, :137-138), which ObTableScanIterator answers once its rows are exhausted (src/storage/access/ob_table_scan_iterator.cpp:604, :611, :634, :642). Holder: the local ret (ob_das_ivf_scan_iter.cpp:607). Code's branch: the body is empty; the loop stops through its OB_SUCC(ret) condition (ob_das_ivf_scan_iter.cpp:669), and the next statement turns the end into success in tmp_ret (ob_das_ivf_scan_iter.cpp:692, ret-compare.tsv:2267).	confirmed
src/sql/das/iter/ob_das_ivf_scan_iter.cpp	ObDASIvfBaseScanIter::try_write_centroid_cache	line 692: ret == OB_ITER_END	END_OF_DATA	let tmp_ret: ObResult = if matches!(ret, Err(OB_ITER_END)) { Ok(()) } else { ret }; — the ternary is an if expression written as the C++ writes it (vocabulary section 5, last clause), with tmp_ret its own ObResult local (s2-errors.md 2.4 rule 4); the reuse and ret = tmp_ret follow in the C++ order, on the local ret, an ObResult, in the local-ret form (s2-errors.md 2.3). The DAS iterators keep ending with Err(OB_ITER_END), get_next_rows setting the last batch's count, never an Option or a bool, until parity (s2-errors.md 2.4 rule 1; ARCHITECTURE.md section 17 default 6).	sweep: ret-compare.tsv:2267 (data row 2266). Producer: centroid_iter_->get_next_row() in the loop (src/sql/das/iter/ob_das_ivf_scan_iter.cpp:670, ret-compare.tsv:2266); the IVF auxiliary iterators are ObDASScanIter pointers and inv_idx_scan_iter_ an ObDASIter pointer (src/sql/das/iter/ob_das_ivf_scan_iter.h:327-330, :361, :526, :567); ObDASScanIter passes on the storage scan iterator's OB_ITER_END (src/sql/das/iter/ob_das_scan_iter.cpp:124-125, :137-138), which ObTableScanIterator answers once its rows are exhausted (src/storage/access/ob_table_scan_iterator.cpp:604, :611, :634, :642). Holder: the local ret (ob_das_ivf_scan_iter.cpp:607) and tmp_ret (ob_das_ivf_scan_iter.cpp:692; tmp-ret.tsv:1488). Code's branch: tmp_ret takes OB_SUCCESS for the end, the iterator is reused, and ret = tmp_ret (ob_das_ivf_scan_iter.cpp:692-695; tmp-ret.tsv:1489): the whole centroid table was written to the cache. The code never leaves the function.	confirmed
src/sql/das/iter/ob_das_ivf_scan_iter.cpp	ObDASIvfBaseScanIter::get_centers_cache	line 735: ret == OB_ALLOCATE_MEMORY_FAILED	OUT_OF_MEMORY	Kept as written: } else if ob_fail!(ret = cache_mgr.get_or_create_cache_node(..)) { if matches!(ret, Err(OB_ALLOCATE_MEMORY_FAILED)) { *is_cache_usable = false; ret = Ok(()); } } on the local ret, an ObResult, in the local-ret form (s2-errors.md 2.3), the test and its branch unchanged (s2-errors.md 2.4 rule 9; s3-memory.md 3.5, the row on comparisons with OB_ALLOCATE_MEMORY_FAILED).	sweep: ret-compare.tsv:2268 (data row 2267). Producer: cache_mgr->get_or_create_cache_node(..) at src/sql/das/iter/ob_das_ivf_scan_iter.cpp:733, which creates the centroid cache node through ObIvfCacheMgr::create_cache_obj (src/observer/vector_index/ob_vector_index_ivf_cache_mgr.cpp:179), where -4013 comes from the vector memory context's allocation (ob_vector_index_ivf_cache_mgr.cpp:188-189) and from the IVF cache's memory limit check (ob_vector_index_ivf_cache_mgr.cpp:162-163, :202, :204). -4013 still reaches the holder as a precondition-guard: the IVF cache's logical limit (oom-sites.tsv:28) and the vector module's budget (oom-sites.tsv:29); this site is oom-sites.tsv:83. Holder: the local ret (ob_das_ivf_scan_iter.cpp:722). Code's branch: is_cache_usable = false and ret = OB_SUCCESS (ob_das_ivf_scan_iter.cpp:736-737; reset.tsv:1224): the scan goes on without the centroid cache. The code never leaves the function.	confirmed
src/sql/das/iter/ob_das_ivf_scan_iter.cpp	ObDASIvfBaseScanIter::gen_near_cid_heap_from_table	line 843: ret != OB_ITER_END	END_OF_DATA	if ob_fail!(ret = self.centroid_iter_.get_next_row()) { if !matches!(ret, Err(OB_ITER_END)) { } } else { .. } with its empty body (s2-errors.md 2.3: empty branches stay), OB_UNLIKELY dropped where the C++ has it (RULEBOOK 2.3), on the local ret, an ObResult, in the local-ret form (s2-errors.md 2.3). The DAS iterators keep ending with Err(OB_ITER_END), get_next_rows setting the last batch's count, never an Option or a bool, until parity (s2-errors.md 2.4 rule 1; ARCHITECTURE.md section 17 default 6).	sweep: ret-compare.tsv:2269 (data row 2268). Producer: centroid_iter_->get_next_row() at src/sql/das/iter/ob_das_ivf_scan_iter.cpp:842, the scan of the whole centroid table; the IVF auxiliary iterators are ObDASScanIter pointers and inv_idx_scan_iter_ an ObDASIter pointer (src/sql/das/iter/ob_das_ivf_scan_iter.h:327-330, :361, :526, :567); ObDASScanIter passes on the storage scan iterator's OB_ITER_END (src/sql/das/iter/ob_das_scan_iter.cpp:124-125, :137-138), which ObTableScanIterator answers once its rows are exhausted (src/storage/access/ob_table_scan_iterator.cpp:604, :611, :634, :642). Holder: the local ret (ob_das_ivf_scan_iter.cpp:786). Code's branch: the body is empty; the loop stops through its OB_SUCC(ret) condition (ob_das_ivf_scan_iter.cpp:841), and the test after it reuses the iterator (ob_das_ivf_scan_iter.cpp:861-862, ret-compare.tsv:2270).	confirmed
src/sql/das/iter/ob_das_ivf_scan_iter.cpp	ObDASIvfBaseScanIter::gen_near_cid_heap_from_table	line 861: ret == OB_ITER_END	END_OF_DATA	if matches!(ret, Err(OB_ITER_END)) { if ob_fail!(ret = self.centroid_iter_.reuse()) { } } on the local ret, an ObResult, in the local-ret form (s2-errors.md 2.3); the reuse overwrites ret as in C++ (s2-errors.md 2.4 rule 1). The DAS iterators keep ending with Err(OB_ITER_END), get_next_rows setting the last batch's count, never an Option or a bool, until parity (s2-errors.md 2.4 rule 1; ARCHITECTURE.md section 17 default 6).	sweep: ret-compare.tsv:2270 (data row 2269). Producer: centroid_iter_->get_next_row() in the loop (src/sql/das/iter/ob_das_ivf_scan_iter.cpp:842, ret-compare.tsv:2269); the IVF auxiliary iterators are ObDASScanIter pointers and inv_idx_scan_iter_ an ObDASIter pointer (src/sql/das/iter/ob_das_ivf_scan_iter.h:327-330, :361, :526, :567); ObDASScanIter passes on the storage scan iterator's OB_ITER_END (src/sql/das/iter/ob_das_scan_iter.cpp:124-125, :137-138), which ObTableScanIterator answers once its rows are exhausted (src/storage/access/ob_table_scan_iterator.cpp:604, :611, :634, :642). Holder: the local ret (ob_das_ivf_scan_iter.cpp:786). Code's branch: the iterator is reused, and reuse's code replaces the end (ob_das_ivf_scan_iter.cpp:862): every center is in the heap. The code never leaves the function (ob_das_ivf_scan_iter.cpp:867).	confirmed
src/sql/das/iter/ob_das_ivf_scan_iter.cpp	ObDASIvfBaseScanIter::get_rowkey_pre_filter	line 927: ret != OB_ITER_END	END_OF_DATA	if ob_fail!(ret = self.inv_idx_scan_iter_.get_next_row()) { if !matches!(ret, Err(OB_ITER_END)) { } } else if .. with its empty body (s2-errors.md 2.3: empty branches stay), OB_UNLIKELY dropped where the C++ has it (RULEBOOK 2.3), on the local ret, an ObResult, in the local-ret form (s2-errors.md 2.3). The DAS iterators keep ending with Err(OB_ITER_END), get_next_rows setting the last batch's count, never an Option or a bool, until parity (s2-errors.md 2.4 rule 1; ARCHITECTURE.md section 17 default 6).	sweep: ret-compare.tsv:2271 (data row 2270). Producer: inv_idx_scan_iter_->get_next_row() at src/sql/das/iter/ob_das_ivf_scan_iter.cpp:926; inv_idx_scan_iter_ is the pre-filter index iterator, an ObDASIter (src/sql/das/iter/ob_das_ivf_scan_iter.h:361); ObDASIter::get_next_row and get_next_rows call the pure virtual inner_get_next_row and inner_get_next_rows (src/sql/das/iter/ob_das_iter.cpp:108, :120; src/sql/das/iter/ob_das_iter.h:138-139), and at the leaves ObDASScanIter passes on the storage scan iterator's OB_ITER_END (src/sql/das/iter/ob_das_scan_iter.cpp:124-125, :137-138), which ObTableScanIterator answers once its rows are exhausted (src/storage/access/ob_table_scan_iterator.cpp:604, :611, :634, :642). Holder: the local ret (ob_das_ivf_scan_iter.cpp:920). Code's branch: the body is empty; the loop stops through its OB_SUCC(ret) condition (ob_das_ivf_scan_iter.cpp:922), and the end is reset after it when a rowkey was read (ob_das_ivf_scan_iter.cpp:963-965, ret-compare.tsv:2274-2275).	confirmed
src/sql/das/iter/ob_das_ivf_scan_iter.cpp	ObDASIvfBaseScanIter::get_rowkey_pre_filter	line 938: ret != OB_ITER_END	END_OF_DATA	if ob_fail!(ret = self.inv_idx_scan_iter_.get_next_rows(&mut scan_row_cnt, batch_row_count)) { if !matches!(ret, Err(OB_ITER_END)) { } } with its empty body (s2-errors.md 2.3: empty branches stay), OB_UNLIKELY dropped where the C++ has it (RULEBOOK 2.3), on the local ret, an ObResult, in the local-ret form (s2-errors.md 2.3). The DAS iterators keep ending with Err(OB_ITER_END), get_next_rows setting the last batch's count, never an Option or a bool, until parity (s2-errors.md 2.4 rule 1; ARCHITECTURE.md section 17 default 6).	sweep: ret-compare.tsv:2272 (data row 2271). Producer: inv_idx_scan_iter_->get_next_rows(scan_row_cnt, batch_row_count) at src/sql/das/iter/ob_das_ivf_scan_iter.cpp:937; inv_idx_scan_iter_ is the pre-filter index iterator, an ObDASIter (src/sql/das/iter/ob_das_ivf_scan_iter.h:361); ObDASIter::get_next_row and get_next_rows call the pure virtual inner_get_next_row and inner_get_next_rows (src/sql/das/iter/ob_das_iter.cpp:108, :120; src/sql/das/iter/ob_das_iter.h:138-139), and at the leaves ObDASScanIter passes on the storage scan iterator's OB_ITER_END (src/sql/das/iter/ob_das_scan_iter.cpp:124-125, :137-138), which ObTableScanIterator answers once its rows are exhausted (src/storage/access/ob_table_scan_iterator.cpp:604, :611, :634, :642). Holder: the local ret (ob_das_ivf_scan_iter.cpp:920). Code's branch: the body is empty; the next test keeps the last batch (ob_das_ivf_scan_iter.cpp:943-945, ret-compare.tsv:2273).	confirmed
src/sql/das/iter/ob_das_ivf_scan_iter.cpp	ObDASIvfBaseScanIter::get_rowkey_pre_filter	line 943: ret != OB_ITER_END	END_OF_DATA	if ret.is_err() && !matches!(ret, Err(OB_ITER_END)) { } else if scan_row_cnt > 0 { ret = Ok(()); } on the local ret, an ObResult, in the local-ret form (s2-errors.md 2.3): OB_FAIL(ret) is ret.is_err() and the other comparison its own matches! (s2-errors.md 2.3's table); the empty branch and the reset stay (s2-errors.md 2.3, 2.4 rule 1). The DAS iterators keep ending with Err(OB_ITER_END), get_next_rows setting the last batch's count, never an Option or a bool, until parity (s2-errors.md 2.4 rule 1; ARCHITECTURE.md section 17 default 6).	sweep: ret-compare.tsv:2273 (data row 2272). Producer: inv_idx_scan_iter_->get_next_rows(scan_row_cnt, batch_row_count) at src/sql/das/iter/ob_das_ivf_scan_iter.cpp:937; inv_idx_scan_iter_ is the pre-filter index iterator, an ObDASIter (src/sql/das/iter/ob_das_ivf_scan_iter.h:361); ObDASIter::get_next_row and get_next_rows call the pure virtual inner_get_next_row and inner_get_next_rows (src/sql/das/iter/ob_das_iter.cpp:108, :120; src/sql/das/iter/ob_das_iter.h:138-139), and at the leaves ObDASScanIter passes on the storage scan iterator's OB_ITER_END (src/sql/das/iter/ob_das_scan_iter.cpp:124-125, :137-138), which ObTableScanIterator answers once its rows are exhausted (src/storage/access/ob_table_scan_iterator.cpp:604, :611, :634, :642). Holder: the local ret (ob_das_ivf_scan_iter.cpp:920). Code's branch: a last batch with rows resets ret (ob_das_ivf_scan_iter.cpp:944-945; reset.tsv:1225) so its rowkeys are kept (ob_das_ivf_scan_iter.cpp:948-958); an empty one keeps the code, which stops the loop (ob_das_ivf_scan_iter.cpp:922) and meets the test after it (ob_das_ivf_scan_iter.cpp:963-965).	confirmed
src/sql/das/iter/ob_das_ivf_scan_iter.cpp	ObDASIvfBaseScanIter::get_rowkey_pre_filter	line 963: ret != OB_ITER_END	END_OF_DATA	if ret.is_err() && !matches!(ret, Err(OB_ITER_END)) { } else if matches!(ret, Err(OB_ITER_END)) && rowkey_count > 0 { ret = Ok(()); } on the local ret, an ObResult, in the local-ret form (s2-errors.md 2.3): OB_FAIL(ret) is ret.is_err() and each other comparison its own matches! (s2-errors.md 2.3's table); the empty branch stays (s2-errors.md 2.3). The DAS iterators keep ending with Err(OB_ITER_END), get_next_rows setting the last batch's count, never an Option or a bool, until parity (s2-errors.md 2.4 rule 1; ARCHITECTURE.md section 17 default 6).	sweep: ret-compare.tsv:2274 (data row 2273). Producer: the pre-filter index reads in the loop (src/sql/das/iter/ob_das_ivf_scan_iter.cpp:926, :937; ret-compare.tsv:2271-2272). Holder: the local ret (ob_das_ivf_scan_iter.cpp:920). Code's branch: the chain goes on to the next test, which resets the code when a rowkey was read (ob_das_ivf_scan_iter.cpp:964-965, ret-compare.tsv:2275); any other code passes on through the empty branch (ob_das_ivf_scan_iter.cpp:963).	confirmed
src/sql/das/iter/ob_das_ivf_scan_iter.cpp	ObDASIvfBaseScanIter::get_rowkey_pre_filter	line 964: ret == OB_ITER_END	END_OF_DATA	} else if matches!(ret, Err(OB_ITER_END)) && rowkey_count > 0 { ret = Ok(()); } on the local ret, an ObResult, in the local-ret form (s2-errors.md 2.3); the && keeps its two terms (s2-errors.md 2.3's table) and the reset stays where the C++ has it (s2-errors.md 2.4 rule 1). The DAS iterators keep ending with Err(OB_ITER_END), get_next_rows setting the last batch's count, never an Option or a bool, until parity (s2-errors.md 2.4 rule 1; ARCHITECTURE.md section 17 default 6).	sweep: ret-compare.tsv:2275 (data row 2274). Producer: the pre-filter index reads in the loop (src/sql/das/iter/ob_das_ivf_scan_iter.cpp:926, :937; ret-compare.tsv:2271-2272). Holder: the local ret (ob_das_ivf_scan_iter.cpp:920). Code's branch: ret = OB_SUCCESS when at least one rowkey was read (ob_das_ivf_scan_iter.cpp:965; reset.tsv:1226); an empty pre-filter keeps OB_ITER_END, which is returned (ob_das_ivf_scan_iter.cpp:968) to the pre-filter scan that called it.	confirmed
src/sql/das/iter/ob_das_ivf_scan_iter.cpp	ObDASIvfBaseScanIter::get_pre_filter_rowkey_batch	line 1031: ret == OB_ITER_END	END_OF_DATA	if ob_fail!(ret = self.inv_idx_scan_iter_.get_next_row()) { ret = if matches!(ret, Err(OB_ITER_END)) { Ok(()) } else { ret }; *index_end = true; } else if .. — the ternary is an if expression written as the C++ writes it (vocabulary section 5, last clause), on the local ret, an ObResult, in the local-ret form (s2-errors.md 2.3). The DAS iterators keep ending with Err(OB_ITER_END), get_next_rows setting the last batch's count, never an Option or a bool, until parity (s2-errors.md 2.4 rule 1; ARCHITECTURE.md section 17 default 6).	sweep: ret-compare.tsv:2276 (data row 2275). Producer: inv_idx_scan_iter_->get_next_row() at src/sql/das/iter/ob_das_ivf_scan_iter.cpp:1030; inv_idx_scan_iter_ is the pre-filter index iterator, an ObDASIter (src/sql/das/iter/ob_das_ivf_scan_iter.h:361); ObDASIter::get_next_row and get_next_rows call the pure virtual inner_get_next_row and inner_get_next_rows (src/sql/das/iter/ob_das_iter.cpp:108, :120; src/sql/das/iter/ob_das_iter.h:138-139), and at the leaves ObDASScanIter passes on the storage scan iterator's OB_ITER_END (src/sql/das/iter/ob_das_scan_iter.cpp:124-125, :137-138), which ObTableScanIterator answers once its rows are exhausted (src/storage/access/ob_table_scan_iterator.cpp:604, :611, :634, :642). Holder: the local ret (ob_das_ivf_scan_iter.cpp:1024). Code's branch: ret = OB_SUCCESS through the ternary (ob_das_ivf_scan_iter.cpp:1031; reset.tsv:1227) and index_end = true (ob_das_ivf_scan_iter.cpp:1032): the pre-filter is used up and the caller's loop ends on the flag. The code never leaves the function.	confirmed
src/sql/das/iter/ob_das_ivf_scan_iter.cpp	ObDASIvfBaseScanIter::get_pre_filter_rowkey_batch	line 1040: ret != OB_ITER_END	END_OF_DATA	if ob_fail!(ret = self.inv_idx_scan_iter_.get_next_rows(&mut scan_row_cnt, batch_row_count)) { if !matches!(ret, Err(OB_ITER_END)) { } *index_end = true; } with its empty body (s2-errors.md 2.3: empty branches stay), OB_UNLIKELY dropped where the C++ has it (RULEBOOK 2.3), on the local ret, an ObResult, in the local-ret form (s2-errors.md 2.3). The DAS iterators keep ending with Err(OB_ITER_END), get_next_rows setting the last batch's count, never an Option or a bool, until parity (s2-errors.md 2.4 rule 1; ARCHITECTURE.md section 17 default 6).	sweep: ret-compare.tsv:2277 (data row 2276). Producer: inv_idx_scan_iter_->get_next_rows(scan_row_cnt, batch_row_count) at src/sql/das/iter/ob_das_ivf_scan_iter.cpp:1039; inv_idx_scan_iter_ is the pre-filter index iterator, an ObDASIter (src/sql/das/iter/ob_das_ivf_scan_iter.h:361); ObDASIter::get_next_row and get_next_rows call the pure virtual inner_get_next_row and inner_get_next_rows (src/sql/das/iter/ob_das_iter.cpp:108, :120; src/sql/das/iter/ob_das_iter.h:138-139), and at the leaves ObDASScanIter passes on the storage scan iterator's OB_ITER_END (src/sql/das/iter/ob_das_scan_iter.cpp:124-125, :137-138), which ObTableScanIterator answers once its rows are exhausted (src/storage/access/ob_table_scan_iterator.cpp:604, :611, :634, :642). Holder: the local ret (ob_das_ivf_scan_iter.cpp:1024). Code's branch: the body is empty; index_end = true follows (ob_das_ivf_scan_iter.cpp:1042), and the next test keeps the last batch (ob_das_ivf_scan_iter.cpp:1045-1047, ret-compare.tsv:2278).	confirmed
src/sql/das/iter/ob_das_ivf_scan_iter.cpp	ObDASIvfBaseScanIter::get_pre_filter_rowkey_batch	line 1045: ret != OB_ITER_END	END_OF_DATA	if ret.is_err() && !matches!(ret, Err(OB_ITER_END)) { } else if scan_row_cnt > 0 { ret = Ok(()); } on the local ret, an ObResult, in the local-ret form (s2-errors.md 2.3): OB_FAIL(ret) is ret.is_err() and the other comparison its own matches! (s2-errors.md 2.3's table); the empty branch and the reset stay (s2-errors.md 2.3, 2.4 rule 1). The DAS iterators keep ending with Err(OB_ITER_END), get_next_rows setting the last batch's count, never an Option or a bool, until parity (s2-errors.md 2.4 rule 1; ARCHITECTURE.md section 17 default 6). The callers' loops are kept as the C++ writes them, which drops the brute-force result when the last vectorized batch is empty, under // BUG(port): an empty last pre-filter batch ends the brute-force loop with OB_ITER_END, which skips saving the heap's nearest rowkeys; repro: a vectorized IVF scan with a pre-filter on an index whose centroid table is empty, where the pre-filter's last get_next_rows returns no rows (src/sql/das/iter/ob_das_ivf_scan_iter.cpp:1442) on the line above ObDASIvfScanIter::process_ivf_scan_pre's heap step, and the same marker citing ob_das_ivf_scan_iter.cpp:2473 above ObDASIvfPQScanIter::process_ivf_scan_pre's, under the BUG rule (RULEBOOK 2.10).	sweep: ret-compare.tsv:2278 (data row 2277). Producer: inv_idx_scan_iter_->get_next_rows(scan_row_cnt, batch_row_count) at src/sql/das/iter/ob_das_ivf_scan_iter.cpp:1039; inv_idx_scan_iter_ is the pre-filter index iterator, an ObDASIter (src/sql/das/iter/ob_das_ivf_scan_iter.h:361); ObDASIter::get_next_row and get_next_rows call the pure virtual inner_get_next_row and inner_get_next_rows (src/sql/das/iter/ob_das_iter.cpp:108, :120; src/sql/das/iter/ob_das_iter.h:138-139), and at the leaves ObDASScanIter passes on the storage scan iterator's OB_ITER_END (src/sql/das/iter/ob_das_scan_iter.cpp:124-125, :137-138), which ObTableScanIterator answers once its rows are exhausted (src/storage/access/ob_table_scan_iterator.cpp:604, :611, :634, :642). Holder: the local ret (ob_das_ivf_scan_iter.cpp:1024). Code's branch: a last batch with rows resets ret (ob_das_ivf_scan_iter.cpp:1046-1047; reset.tsv:1228) so its rowkeys are kept; an empty one keeps the code and returns it. Consumers: the three callers (ob_das_ivf_scan_iter.cpp:1435, :1456, :2466). ObDASIvfScanIter::process_ivf_scan_pre resets it after its loops (ob_das_ivf_scan_iter.cpp:1463-1465, ret-compare.tsv:2284); ObDASIvfPQScanIter::process_ivf_scan_pre returns it (ob_das_ivf_scan_iter.cpp:2518) through process_ivf_scan (ob_das_ivf_scan_iter.cpp:389, :392) to inner_get_next_row and inner_get_next_rows, which pass it on as the scan's end (ob_das_ivf_scan_iter.cpp:344-345, :366-367; ret-compare.tsv:2259-2260). In the two brute-force loops, taken when the centroid table is empty (ob_das_ivf_scan_iter.cpp:1428, :2460), the code ends the loop and skips taking the heap's result (ob_das_ivf_scan_iter.cpp:1442-1443, :2473-2474), so the nearest rowkeys of every earlier batch are dropped: ObDASIvfScanIter then returns success with no saved rowkeys and the PQ scan returns its end. The non-vectorized read never gets here, since it resets its own end (ob_das_ivf_scan_iter.cpp:1031, ret-compare.tsv:2276).	confirmed
src/sql/das/iter/ob_das_ivf_scan_iter.cpp	ObDASIvfScanIter::get_rowkeys_to_heap	line 1223: ret != OB_ITER_END	END_OF_DATA	if ob_fail!(ret = cid_vec_scan_iter.get_next_row()) { if !matches!(ret, Err(OB_ITER_END)) { } } else if .. with its empty body (s2-errors.md 2.3: empty branches stay), OB_UNLIKELY dropped where the C++ has it (RULEBOOK 2.3), on the local ret, an ObResult, in the local-ret form (s2-errors.md 2.3). The DAS iterators keep ending with Err(OB_ITER_END), get_next_rows setting the last batch's count, never an Option or a bool, until parity (s2-errors.md 2.4 rule 1; ARCHITECTURE.md section 17 default 6).	sweep: ret-compare.tsv:2279 (data row 2278). Producer: cid_vec_scan_iter->get_next_row() at src/sql/das/iter/ob_das_ivf_scan_iter.cpp:1222, the scan of one center's rows in the cid-vector table; the IVF auxiliary iterators are ObDASScanIter pointers and inv_idx_scan_iter_ an ObDASIter pointer (src/sql/das/iter/ob_das_ivf_scan_iter.h:327-330, :361, :526, :567); ObDASScanIter passes on the storage scan iterator's OB_ITER_END (src/sql/das/iter/ob_das_scan_iter.cpp:124-125, :137-138), which ObTableScanIterator answers once its rows are exhausted (src/storage/access/ob_table_scan_iterator.cpp:604, :611, :634, :642). Holder: the local ret (ob_das_ivf_scan_iter.cpp:1166). Code's branch: the body is empty; the loop stops through its OB_SUCC(ret) condition (ob_das_ivf_scan_iter.cpp:1218), and the test after it resets the code and reuses the iterator (ob_das_ivf_scan_iter.cpp:1248-1250, ret-compare.tsv:2280).	confirmed
src/sql/das/iter/ob_das_ivf_scan_iter.cpp	ObDASIvfScanIter::get_rowkeys_to_heap	line 1248: ret == OB_ITER_END	END_OF_DATA	if matches!(ret, Err(OB_ITER_END)) { ret = Ok(()); if ob_fail!(ret = self.cid_vec_iter_.reuse()) { } } on the local ret, an ObResult, in the local-ret form (s2-errors.md 2.3); the reset and the reuse stay in the C++ order (s2-errors.md 2.4 rule 1). The DAS iterators keep ending with Err(OB_ITER_END), get_next_rows setting the last batch's count, never an Option or a bool, until parity (s2-errors.md 2.4 rule 1; ARCHITECTURE.md section 17 default 6).	sweep: ret-compare.tsv:2280 (data row 2279). Producer: cid_vec_scan_iter->get_next_row() in the loop (src/sql/das/iter/ob_das_ivf_scan_iter.cpp:1222, ret-compare.tsv:2279); the IVF auxiliary iterators are ObDASScanIter pointers and inv_idx_scan_iter_ an ObDASIter pointer (src/sql/das/iter/ob_das_ivf_scan_iter.h:327-330, :361, :526, :567); ObDASScanIter passes on the storage scan iterator's OB_ITER_END (src/sql/das/iter/ob_das_scan_iter.cpp:124-125, :137-138), which ObTableScanIterator answers once its rows are exhausted (src/storage/access/ob_table_scan_iterator.cpp:604, :611, :634, :642). Holder: the local ret (ob_das_ivf_scan_iter.cpp:1166). Code's branch: ret = OB_SUCCESS (ob_das_ivf_scan_iter.cpp:1249; reset.tsv:1229) and the iterator is reused (ob_das_ivf_scan_iter.cpp:1250): every row of the center is in the heap. The code never leaves the function.	confirmed
src/sql/das/iter/ob_das_ivf_scan_iter.cpp	ObDASIvfScanIter::process_ivf_scan_post	line 1315: ret != OB_ENTRY_NOT_EXIST	IGNORED	if ob_fail!(ret = self.get_nearest_probe_center_ids(is_vectorized)) { if !matches!(ret, Err(OB_ENTRY_NOT_EXIST)) { } else { log_info!(..); ret = Ok(()); } } on the local ret, an ObResult, in the local-ret form (s2-errors.md 2.3); the empty branch, the INFO log and the reset stay where the C++ has them, never replaced by ok() or let _ = (s2-errors.md 2.3, 2.4 rule 1; 2.12 items 2 and 3).	sweep: ret-compare.tsv:2281 (data row 2280). Producer: get_nearest_probe_center_ids(is_vectorized) at src/sql/das/iter/ob_das_ivf_scan_iter.cpp:1312; get_nearest_probe_center_ids sets OB_ENTRY_NOT_EXIST when the heap built from the centroid table or its cache holds no center (src/sql/das/iter/ob_das_ivf_scan_iter.cpp:1123, :1126-1127), that is when the centroid table is empty; that is not a lookup by key, id or name, so value 9's test (b) does not hold. Holder: the local ret (ob_das_ivf_scan_iter.cpp:1311). Code's branch: an INFO log that the nearest centers are empty and ret = OB_SUCCESS (ob_das_ivf_scan_iter.cpp:1317-1318; reset.tsv:1230), and nothing else; the scan then goes on with no center (ob_das_ivf_scan_iter.cpp:1321). The code never leaves the function.	confirmed
src/sql/das/iter/ob_das_ivf_scan_iter.cpp	ObDASIvfScanIter::filter_rowkey_by_cid	line 1343: ret == OB_ITER_END	END_OF_DATA	if ob_fail!(ret = self.get_cid_from_rowkey_cid_table(&mut cid)) { ret = if matches!(ret, Err(OB_ITER_END)) { Ok(()) } else { ret }; index_end = true; } else if .. — the ternary is an if expression written as the C++ writes it (vocabulary section 5, last clause), on the local ret, an ObResult, in the local-ret form (s2-errors.md 2.3). The DAS iterators keep ending with Err(OB_ITER_END), get_next_rows setting the last batch's count, never an Option or a bool, until parity (s2-errors.md 2.4 rule 1; ARCHITECTURE.md section 17 default 6).	sweep: ret-compare.tsv:2282 (data row 2281). Producer: get_cid_from_rowkey_cid_table(cid) at src/sql/das/iter/ob_das_ivf_scan_iter.cpp:1342, which reads rowkey_cid_iter_ and passes on its OB_ITER_END (ob_das_ivf_scan_iter.cpp:1481-1482, ret-compare.tsv:2285); the IVF auxiliary iterators are ObDASScanIter pointers and inv_idx_scan_iter_ an ObDASIter pointer (src/sql/das/iter/ob_das_ivf_scan_iter.h:327-330, :361, :526, :567); ObDASScanIter passes on the storage scan iterator's OB_ITER_END (src/sql/das/iter/ob_das_scan_iter.cpp:124-125, :137-138), which ObTableScanIterator answers once its rows are exhausted (src/storage/access/ob_table_scan_iterator.cpp:604, :611, :634, :642). Holder: the local ret (ob_das_ivf_scan_iter.cpp:1332). Code's branch: ret = OB_SUCCESS through the ternary (ob_das_ivf_scan_iter.cpp:1343; reset.tsv:1231) and index_end = true (ob_das_ivf_scan_iter.cpp:1344): the rowkey-cid rows are used up and the loop ends (ob_das_ivf_scan_iter.cpp:1340). The code never leaves the function.	confirmed
src/sql/das/iter/ob_das_ivf_scan_iter.cpp	ObDASIvfScanIter::process_ivf_scan_pre	line 1428: ret == OB_ENTRY_NOT_EXIST	OTHER	if ob_fail!(ret = self.get_nearest_probe_center_ids(is_vectorized)) { if matches!(ret, Err(OB_ENTRY_NOT_EXIST)) { ret = Ok(()); .. } .. } as the C++ writes it (RULEBOOK section 0, 'Keep the control flow'; s2-errors.md 2.4 rule 1), on the local ret, an ObResult, in the local-ret form (s2-errors.md 2.3).	sweep: ret-compare.tsv:2283 (data row 2282). Producer: get_nearest_probe_center_ids(is_vectorized) at src/sql/das/iter/ob_das_ivf_scan_iter.cpp:1427; get_nearest_probe_center_ids sets OB_ENTRY_NOT_EXIST when the heap built from the centroid table or its cache holds no center (src/sql/das/iter/ob_das_ivf_scan_iter.cpp:1123, :1126-1127), that is when the centroid table is empty; that is not a lookup by key, id or name, so value 9's test (b) does not hold. Holder: the local ret (ob_das_ivf_scan_iter.cpp:1411). Code's branch: commented 'cid_center table is empty, just do brute search', ret = OB_SUCCESS (ob_das_ivf_scan_iter.cpp:1429-1430; reset.tsv:1232) and the pre-filter rowkeys are searched by brute force into a heap of their own (ob_das_ivf_scan_iter.cpp:1431-1434): the branch takes another way to do the job, so the value is OTHER. The code never leaves the function.	confirmed
src/sql/das/iter/ob_das_ivf_scan_iter.cpp	ObDASIvfScanIter::process_ivf_scan_pre	line 1463: ret != OB_ITER_END	END_OF_DATA	if ret.is_err() && !matches!(ret, Err(OB_ITER_END)) { } else { ret = Ok(()); } on the local ret, an ObResult, in the local-ret form (s2-errors.md 2.3): each comparison its own test, OB_SUCCESS != ret being ret.is_err() (s2-errors.md 2.3's table); the empty branch and the reset stay (s2-errors.md 2.3, 2.4 rule 1). The DAS iterators keep ending with Err(OB_ITER_END), get_next_rows setting the last batch's count, never an Option or a bool, until parity (s2-errors.md 2.4 rule 1; ARCHITECTURE.md section 17 default 6). The BUG(port) marker that ret-compare.tsv:2278 gives for the brute-force loop sits above its heap step (src/sql/das/iter/ob_das_ivf_scan_iter.cpp:1442), not at this test.	sweep: ret-compare.tsv:2284 (data row 2283). Producer: get_pre_filter_rowkey_batch in either loop, the brute-force loop taken when the centroid table is empty (src/sql/das/iter/ob_das_ivf_scan_iter.cpp:1435) or the pre-filter loop (ob_das_ivf_scan_iter.cpp:1456), which hands on the index scan's OB_ITER_END for an empty last vectorized batch (ob_das_ivf_scan_iter.cpp:1039-1047, ret-compare.tsv:2277-2278). Holder: the local ret (ob_das_ivf_scan_iter.cpp:1411). Code's branch: ret = OB_SUCCESS (ob_das_ivf_scan_iter.cpp:1465; reset.tsv:1233). After the pre-filter loop, the pre-filter was read to its end; after the brute-force loop, the code skipped the heap's result and go_brute = true (ob_das_ivf_scan_iter.cpp:1442-1445), and the code also keeps the pre-filter loop from running (ob_das_ivf_scan_iter.cpp:1455), so the reset returns success with no saved rowkeys, the defect ret-compare.tsv:2278 marks; any other code passes on through the empty branch (ob_das_ivf_scan_iter.cpp:1463). The code never leaves the function (ob_das_ivf_scan_iter.cpp:1469).	confirmed
src/sql/das/iter/ob_das_ivf_scan_iter.cpp	ObDASIvfScanIter::get_cid_from_rowkey_cid_table	line 1482: ret != OB_ITER_END	END_OF_DATA	if ob_fail!(ret = self.rowkey_cid_iter_.get_next_row()) { if !matches!(ret, Err(OB_ITER_END)) { } } else { .. } with its empty body (s2-errors.md 2.3: empty branches stay), OB_UNLIKELY dropped where the C++ has it (RULEBOOK 2.3), on the local ret, an ObResult, in the local-ret form (s2-errors.md 2.3). The DAS iterators keep ending with Err(OB_ITER_END), get_next_rows setting the last batch's count, never an Option or a bool, until parity (s2-errors.md 2.4 rule 1; ARCHITECTURE.md section 17 default 6).	sweep: ret-compare.tsv:2285 (data row 2284). Producer: rowkey_cid_iter_->get_next_row() at src/sql/das/iter/ob_das_ivf_scan_iter.cpp:1481; the IVF auxiliary iterators are ObDASScanIter pointers and inv_idx_scan_iter_ an ObDASIter pointer (src/sql/das/iter/ob_das_ivf_scan_iter.h:327-330, :361, :526, :567); ObDASScanIter passes on the storage scan iterator's OB_ITER_END (src/sql/das/iter/ob_das_scan_iter.cpp:124-125, :137-138), which ObTableScanIterator answers once its rows are exhausted (src/storage/access/ob_table_scan_iterator.cpp:604, :611, :634, :642). Holder: the local ret (ob_das_ivf_scan_iter.cpp:1474). Code's branch: the body is empty and the code is returned; the caller ends its loop on it (ob_das_ivf_scan_iter.cpp:1342-1344, ret-compare.tsv:2282).	confirmed
src/sql/das/iter/ob_das_ivf_scan_iter.cpp	ObDASIvfPQScanIter::calc_distance_between_pq_ids_by_table	line 1709: ret != OB_ITER_END	END_OF_DATA	if ob_fail!(ret = self.pq_centroid_iter_.get_next_row()) { if !matches!(ret, Err(OB_ITER_END)) { } } else { .. } with its empty body (s2-errors.md 2.3: empty branches stay), OB_UNLIKELY dropped where the C++ has it (RULEBOOK 2.3), on the local ret, an ObResult, in the local-ret form (s2-errors.md 2.3). The DAS iterators keep ending with Err(OB_ITER_END), get_next_rows setting the last batch's count, never an Option or a bool, until parity (s2-errors.md 2.4 rule 1; ARCHITECTURE.md section 17 default 6).	sweep: ret-compare.tsv:2286 (data row 2285). Producer: pq_centroid_iter_->get_next_row() at src/sql/das/iter/ob_das_ivf_scan_iter.cpp:1708; the IVF auxiliary iterators are ObDASScanIter pointers and inv_idx_scan_iter_ an ObDASIter pointer (src/sql/das/iter/ob_das_ivf_scan_iter.h:327-330, :361, :526, :567); ObDASScanIter passes on the storage scan iterator's OB_ITER_END (src/sql/das/iter/ob_das_scan_iter.cpp:124-125, :137-138), which ObTableScanIterator answers once its rows are exhausted (src/storage/access/ob_table_scan_iterator.cpp:604, :611, :634, :642). Holder: the local ret (ob_das_ivf_scan_iter.cpp:1637). Code's branch: the body is empty; the loop stops through its OB_SUCC(ret) condition (ob_das_ivf_scan_iter.cpp:1706), and the next statement turns the end into success in tmp_ret (ob_das_ivf_scan_iter.cpp:1731, ret-compare.tsv:2287).	confirmed
src/sql/das/iter/ob_das_ivf_scan_iter.cpp	ObDASIvfPQScanIter::calc_distance_between_pq_ids_by_table	line 1731: ret == OB_ITER_END	END_OF_DATA	let tmp_ret: ObResult = if matches!(ret, Err(OB_ITER_END)) { Ok(()) } else { ret }; — the ternary is an if expression written as the C++ writes it (vocabulary section 5, last clause), with tmp_ret its own ObResult local (s2-errors.md 2.4 rule 4); the reuse and ret = tmp_ret follow in the C++ order, on the local ret, an ObResult, in the local-ret form (s2-errors.md 2.3). The DAS iterators keep ending with Err(OB_ITER_END), get_next_rows setting the last batch's count, never an Option or a bool, until parity (s2-errors.md 2.4 rule 1; ARCHITECTURE.md section 17 default 6).	sweep: ret-compare.tsv:2287 (data row 2286). Producer: pq_centroid_iter_->get_next_row() in the loop (src/sql/das/iter/ob_das_ivf_scan_iter.cpp:1708, ret-compare.tsv:2286); the IVF auxiliary iterators are ObDASScanIter pointers and inv_idx_scan_iter_ an ObDASIter pointer (src/sql/das/iter/ob_das_ivf_scan_iter.h:327-330, :361, :526, :567); ObDASScanIter passes on the storage scan iterator's OB_ITER_END (src/sql/das/iter/ob_das_scan_iter.cpp:124-125, :137-138), which ObTableScanIterator answers once its rows are exhausted (src/storage/access/ob_table_scan_iterator.cpp:604, :611, :634, :642). Holder: the local ret (ob_das_ivf_scan_iter.cpp:1637) and tmp_ret (ob_das_ivf_scan_iter.cpp:1731; tmp-ret.tsv:1494). Code's branch: tmp_ret takes OB_SUCCESS for the end, the iterator is reused, and ret = tmp_ret (ob_das_ivf_scan_iter.cpp:1731-1734; tmp-ret.tsv:1495); the count check after it answers OB_ERR_UNEXPECTED only on a mismatch (ob_das_ivf_scan_iter.cpp:1738). The code never leaves the function.	confirmed
src/sql/das/iter/ob_das_ivf_scan_iter.cpp	ObDASIvfPQScanIter::calc_nearest_limit_rowkeys_in_cids	line 2041: ret != OB_ITER_END	END_OF_DATA	if ob_fail!(ret = cid_vec_scan_iter.get_next_row()) { if !matches!(ret, Err(OB_ITER_END)) { } } else if .. with its empty body (s2-errors.md 2.3: empty branches stay), OB_UNLIKELY dropped where the C++ has it (RULEBOOK 2.3), on the local ret, an ObResult, in the local-ret form (s2-errors.md 2.3). The DAS iterators keep ending with Err(OB_ITER_END), get_next_rows setting the last batch's count, never an Option or a bool, until parity (s2-errors.md 2.4 rule 1; ARCHITECTURE.md section 17 default 6).	sweep: ret-compare.tsv:2288 (data row 2287). Producer: cid_vec_scan_iter->get_next_row() at src/sql/das/iter/ob_das_ivf_scan_iter.cpp:2040, the scan of one center's rows; the IVF auxiliary iterators are ObDASScanIter pointers and inv_idx_scan_iter_ an ObDASIter pointer (src/sql/das/iter/ob_das_ivf_scan_iter.h:327-330, :361, :526, :567); ObDASScanIter passes on the storage scan iterator's OB_ITER_END (src/sql/das/iter/ob_das_scan_iter.cpp:124-125, :137-138), which ObTableScanIterator answers once its rows are exhausted (src/storage/access/ob_table_scan_iterator.cpp:604, :611, :634, :642). Holder: the local ret (ob_das_ivf_scan_iter.cpp:1909). Code's branch: the body is empty; the loop stops, and the test after it resets the code and reuses the iterator (ob_das_ivf_scan_iter.cpp:2066-2068, ret-compare.tsv:2289).	confirmed
src/sql/das/iter/ob_das_ivf_scan_iter.cpp	ObDASIvfPQScanIter::calc_nearest_limit_rowkeys_in_cids	line 2066: ret == OB_ITER_END	END_OF_DATA	if matches!(ret, Err(OB_ITER_END)) { ret = Ok(()); if ob_fail!(ret = self.cid_vec_iter_.reuse()) { } } on the local ret, an ObResult, in the local-ret form (s2-errors.md 2.3); the reset and the reuse stay in the C++ order (s2-errors.md 2.4 rule 1). The DAS iterators keep ending with Err(OB_ITER_END), get_next_rows setting the last batch's count, never an Option or a bool, until parity (s2-errors.md 2.4 rule 1; ARCHITECTURE.md section 17 default 6).	sweep: ret-compare.tsv:2289 (data row 2288). Producer: cid_vec_scan_iter->get_next_row() in the loop (src/sql/das/iter/ob_das_ivf_scan_iter.cpp:2040, ret-compare.tsv:2288); the IVF auxiliary iterators are ObDASScanIter pointers and inv_idx_scan_iter_ an ObDASIter pointer (src/sql/das/iter/ob_das_ivf_scan_iter.h:327-330, :361, :526, :567); ObDASScanIter passes on the storage scan iterator's OB_ITER_END (src/sql/das/iter/ob_das_scan_iter.cpp:124-125, :137-138), which ObTableScanIterator answers once its rows are exhausted (src/storage/access/ob_table_scan_iterator.cpp:604, :611, :634, :642). Holder: the local ret (ob_das_ivf_scan_iter.cpp:1909). Code's branch: ret = OB_SUCCESS (ob_das_ivf_scan_iter.cpp:2067; reset.tsv:1234) and the iterator is reused (ob_das_ivf_scan_iter.cpp:2068), so the loop over the nearest centers goes on (ob_das_ivf_scan_iter.cpp:1964). The code never leaves the function.	confirmed
src/sql/das/iter/ob_das_ivf_scan_iter.cpp	ObDASIvfBaseScanIter::get_rowkey_brute_post	line 2197: ret != OB_ITER_END	END_OF_DATA	if ob_fail!(ret = self.brute_iter_.get_next_row()) { if !matches!(ret, Err(OB_ITER_END)) { } } else if .. with its empty body (s2-errors.md 2.3: empty branches stay), OB_UNLIKELY dropped where the C++ has it (RULEBOOK 2.3), on the local ret, an ObResult, in the local-ret form (s2-errors.md 2.3). The DAS iterators keep ending with Err(OB_ITER_END), get_next_rows setting the last batch's count, never an Option or a bool, until parity (s2-errors.md 2.4 rule 1; ARCHITECTURE.md section 17 default 6).	sweep: ret-compare.tsv:2290 (data row 2289). Producer: brute_iter_->get_next_row() at src/sql/das/iter/ob_das_ivf_scan_iter.cpp:2196, the brute-force scan of the data table; the IVF auxiliary iterators are ObDASScanIter pointers and inv_idx_scan_iter_ an ObDASIter pointer (src/sql/das/iter/ob_das_ivf_scan_iter.h:327-330, :361, :526, :567); ObDASScanIter passes on the storage scan iterator's OB_ITER_END (src/sql/das/iter/ob_das_scan_iter.cpp:124-125, :137-138), which ObTableScanIterator answers once its rows are exhausted (src/storage/access/ob_table_scan_iterator.cpp:604, :611, :634, :642). Holder: the local ret (ob_das_ivf_scan_iter.cpp:2104). Code's branch: the body is empty; the loop stops through its OB_SUCC(ret) condition (ob_das_ivf_scan_iter.cpp:2195), and the next statement turns the end into success in tmp_ret (ob_das_ivf_scan_iter.cpp:2220, ret-compare.tsv:2291).	confirmed
src/sql/das/iter/ob_das_ivf_scan_iter.cpp	ObDASIvfBaseScanIter::get_rowkey_brute_post	line 2220: ret == OB_ITER_END	END_OF_DATA	let tmp_ret: ObResult = if matches!(ret, Err(OB_ITER_END)) { Ok(()) } else { ret }; — the ternary is an if expression written as the C++ writes it (vocabulary section 5, last clause), with tmp_ret its own ObResult local (s2-errors.md 2.4 rule 4); the reuse and ret = tmp_ret follow in the C++ order, on the local ret, an ObResult, in the local-ret form (s2-errors.md 2.3). The DAS iterators keep ending with Err(OB_ITER_END), get_next_rows setting the last batch's count, never an Option or a bool, until parity (s2-errors.md 2.4 rule 1; ARCHITECTURE.md section 17 default 6).	sweep: ret-compare.tsv:2291 (data row 2290). Producer: brute_iter_->get_next_row() in the loop (src/sql/das/iter/ob_das_ivf_scan_iter.cpp:2196, ret-compare.tsv:2290); the IVF auxiliary iterators are ObDASScanIter pointers and inv_idx_scan_iter_ an ObDASIter pointer (src/sql/das/iter/ob_das_ivf_scan_iter.h:327-330, :361, :526, :567); ObDASScanIter passes on the storage scan iterator's OB_ITER_END (src/sql/das/iter/ob_das_scan_iter.cpp:124-125, :137-138), which ObTableScanIterator answers once its rows are exhausted (src/storage/access/ob_table_scan_iterator.cpp:604, :611, :634, :642). Holder: the local ret (ob_das_ivf_scan_iter.cpp:2104) and tmp_ret (ob_das_ivf_scan_iter.cpp:2220; tmp-ret.tsv:1496). Code's branch: tmp_ret takes OB_SUCCESS for the end, the iterator is reused, and ret = tmp_ret (ob_das_ivf_scan_iter.cpp:2220-2223; tmp-ret.tsv:1497): every row is in the heap. The code never leaves the function (ob_das_ivf_scan_iter.cpp:2227).	confirmed
src/sql/das/iter/ob_das_ivf_scan_iter.cpp	ObDASIvfPQScanIter::process_ivf_scan_post	line 2276: ret == OB_ENTRY_NOT_EXIST	OTHER	if ob_fail!(ret = self.get_nearest_probe_centers(is_vectorized)) { if matches!(ret, Err(OB_ENTRY_NOT_EXIST)) { .. } else { .. } } as the C++ writes it (RULEBOOK section 0, 'Keep the control flow'; s2-errors.md 2.4 rule 1), on the local ret, an ObResult, in the local-ret form (s2-errors.md 2.3).	sweep: ret-compare.tsv:2292 (data row 2291). Producer: get_nearest_probe_centers(is_vectorized) at src/sql/das/iter/ob_das_ivf_scan_iter.cpp:2275; get_nearest_probe_centers sets OB_ENTRY_NOT_EXIST when the heap built from the PQ centroid table holds no center (src/sql/das/iter/ob_das_ivf_scan_iter.cpp:2089, :2092-2093), that is when the table is empty; that is not a lookup by key, id or name, so value 9's test (b) does not hold. Holder: the local ret (ob_das_ivf_scan_iter.cpp:2272). Code's branch: with the centroid table empty, the rowkeys are found by a brute-force scan into a heap (ob_das_ivf_scan_iter.cpp:2277-2282), whose calls overwrite ret: the branch takes another way to do the job, so the value is OTHER. The code never leaves the function.	confirmed
src/sql/das/iter/ob_das_ivf_scan_iter.cpp	ObDASIvfPQScanIter::get_cid_from_pq_rowkey_cid_table	line 2304: ret != OB_ITER_END	END_OF_DATA	if ob_fail!(ret = self.rowkey_cid_iter_.get_next_row()) { if !matches!(ret, Err(OB_ITER_END)) { } } else { .. } with its empty body (s2-errors.md 2.3: empty branches stay), OB_UNLIKELY dropped where the C++ has it (RULEBOOK 2.3), on the local ret, an ObResult, in the local-ret form (s2-errors.md 2.3). The DAS iterators keep ending with Err(OB_ITER_END), get_next_rows setting the last batch's count, never an Option or a bool, until parity (s2-errors.md 2.4 rule 1; ARCHITECTURE.md section 17 default 6).	sweep: ret-compare.tsv:2293 (data row 2292). Producer: rowkey_cid_iter_->get_next_row() at src/sql/das/iter/ob_das_ivf_scan_iter.cpp:2303; the IVF auxiliary iterators are ObDASScanIter pointers and inv_idx_scan_iter_ an ObDASIter pointer (src/sql/das/iter/ob_das_ivf_scan_iter.h:327-330, :361, :526, :567); ObDASScanIter passes on the storage scan iterator's OB_ITER_END (src/sql/das/iter/ob_das_scan_iter.cpp:124-125, :137-138), which ObTableScanIterator answers once its rows are exhausted (src/storage/access/ob_table_scan_iterator.cpp:604, :611, :634, :642). Holder: the local ret (ob_das_ivf_scan_iter.cpp:2296). Code's branch: the body is empty and the code is returned (ob_das_ivf_scan_iter.cpp:2311); the caller ends its loop on it (ob_das_ivf_scan_iter.cpp:2409-2411, ret-compare.tsv:2294).	confirmed
src/sql/das/iter/ob_das_ivf_scan_iter.cpp	ObDASIvfPQScanIter::filter_rowkey_by_cid	line 2410: ret == OB_ITER_END	END_OF_DATA	if ob_fail!(ret = self.get_cid_from_pq_rowkey_cid_table(.., &mut cid, &mut pq_center_ids)) { ret = if matches!(ret, Err(OB_ITER_END)) { Ok(()) } else { ret }; index_end = true; } else if .. — the ternary is an if expression written as the C++ writes it (vocabulary section 5, last clause), on the local ret, an ObResult, in the local-ret form (s2-errors.md 2.3). The DAS iterators keep ending with Err(OB_ITER_END), get_next_rows setting the last batch's count, never an Option or a bool, until parity (s2-errors.md 2.4 rule 1; ARCHITECTURE.md section 17 default 6).	sweep: ret-compare.tsv:2294 (data row 2293). Producer: get_cid_from_pq_rowkey_cid_table(..) at src/sql/das/iter/ob_das_ivf_scan_iter.cpp:2409, which reads rowkey_cid_iter_ and passes on its OB_ITER_END (ob_das_ivf_scan_iter.cpp:2303-2304, ret-compare.tsv:2293); the IVF auxiliary iterators are ObDASScanIter pointers and inv_idx_scan_iter_ an ObDASIter pointer (src/sql/das/iter/ob_das_ivf_scan_iter.h:327-330, :361, :526, :567); ObDASScanIter passes on the storage scan iterator's OB_ITER_END (src/sql/das/iter/ob_das_scan_iter.cpp:124-125, :137-138), which ObTableScanIterator answers once its rows are exhausted (src/storage/access/ob_table_scan_iterator.cpp:604, :611, :634, :642). Holder: the local ret (ob_das_ivf_scan_iter.cpp:2386). Code's branch: ret = OB_SUCCESS through the ternary (ob_das_ivf_scan_iter.cpp:2410; reset.tsv:1235) and index_end = true (ob_das_ivf_scan_iter.cpp:2411): the loop ends (ob_das_ivf_scan_iter.cpp:2405) and the iterator is reused with tmp_ret kept (ob_das_ivf_scan_iter.cpp:2415-2417; tmp-ret.tsv:1498-1499). The code never leaves the function.	confirmed
src/sql/das/iter/ob_das_ivf_scan_iter.cpp	ObDASIvfPQScanIter::process_ivf_scan_pre	line 2460: ret == OB_ENTRY_NOT_EXIST	OTHER	if ob_fail!(ret = self.get_nearest_probe_centers(is_vectorized)) { if matches!(ret, Err(OB_ENTRY_NOT_EXIST)) { ret = Ok(()); .. } .. } as the C++ writes it (RULEBOOK section 0, 'Keep the control flow'; s2-errors.md 2.4 rule 1), on the local ret, an ObResult, in the local-ret form (s2-errors.md 2.3).	sweep: ret-compare.tsv:2295 (data row 2294). Producer: get_nearest_probe_centers(is_vectorized) at src/sql/das/iter/ob_das_ivf_scan_iter.cpp:2459; get_nearest_probe_centers sets OB_ENTRY_NOT_EXIST when the heap built from the PQ centroid table holds no center (src/sql/das/iter/ob_das_ivf_scan_iter.cpp:2089, :2092-2093), that is when the table is empty; that is not a lookup by key, id or name, so value 9's test (b) does not hold. Holder: the local ret (ob_das_ivf_scan_iter.cpp:2448). Code's branch: commented 'cid_center table is empty, just do brute search', ret = OB_SUCCESS (ob_das_ivf_scan_iter.cpp:2461-2462; reset.tsv:1236) and the pre-filter rowkeys are searched by brute force (ob_das_ivf_scan_iter.cpp:2463-2467): the branch takes another way to do the job, so the value is OTHER. The code never leaves the function.	confirmed
src/sql/das/iter/ob_das_ivf_scan_iter.cpp	ObDASIvfPQScanIter::try_write_pq_centroid_cache	line 2590: ret != OB_ITER_END	END_OF_DATA	if ob_fail!(ret = self.pq_centroid_iter_.get_next_row()) { if !matches!(ret, Err(OB_ITER_END)) { } } else { .. } with its empty body (s2-errors.md 2.3: empty branches stay), OB_UNLIKELY dropped where the C++ has it (RULEBOOK 2.3), on the local ret, an ObResult, in the local-ret form (s2-errors.md 2.3). The DAS iterators keep ending with Err(OB_ITER_END), get_next_rows setting the last batch's count, never an Option or a bool, until parity (s2-errors.md 2.4 rule 1; ARCHITECTURE.md section 17 default 6).	sweep: ret-compare.tsv:2296 (data row 2295). Producer: pq_centroid_iter_->get_next_row() at src/sql/das/iter/ob_das_ivf_scan_iter.cpp:2589, the scan of the whole PQ centroid table; the IVF auxiliary iterators are ObDASScanIter pointers and inv_idx_scan_iter_ an ObDASIter pointer (src/sql/das/iter/ob_das_ivf_scan_iter.h:327-330, :361, :526, :567); ObDASScanIter passes on the storage scan iterator's OB_ITER_END (src/sql/das/iter/ob_das_scan_iter.cpp:124-125, :137-138), which ObTableScanIterator answers once its rows are exhausted (src/storage/access/ob_table_scan_iterator.cpp:604, :611, :634, :642). Holder: the local ret (ob_das_ivf_scan_iter.cpp:2525). Code's branch: the body is empty; the loop stops through its OB_SUCC(ret) condition (ob_das_ivf_scan_iter.cpp:2588), and the next statement turns the end into success in tmp_ret (ob_das_ivf_scan_iter.cpp:2614, ret-compare.tsv:2297).	confirmed
src/sql/das/iter/ob_das_ivf_scan_iter.cpp	ObDASIvfPQScanIter::try_write_pq_centroid_cache	line 2614: ret == OB_ITER_END	END_OF_DATA	let tmp_ret: ObResult = if matches!(ret, Err(OB_ITER_END)) { Ok(()) } else { ret }; — the ternary is an if expression written as the C++ writes it (vocabulary section 5, last clause), with tmp_ret its own ObResult local (s2-errors.md 2.4 rule 4); the reuse and ret = tmp_ret follow in the C++ order, on the local ret, an ObResult, in the local-ret form (s2-errors.md 2.3). The DAS iterators keep ending with Err(OB_ITER_END), get_next_rows setting the last batch's count, never an Option or a bool, until parity (s2-errors.md 2.4 rule 1; ARCHITECTURE.md section 17 default 6).	sweep: ret-compare.tsv:2297 (data row 2296). Producer: pq_centroid_iter_->get_next_row() in the loop (src/sql/das/iter/ob_das_ivf_scan_iter.cpp:2589, ret-compare.tsv:2296); the IVF auxiliary iterators are ObDASScanIter pointers and inv_idx_scan_iter_ an ObDASIter pointer (src/sql/das/iter/ob_das_ivf_scan_iter.h:327-330, :361, :526, :567); ObDASScanIter passes on the storage scan iterator's OB_ITER_END (src/sql/das/iter/ob_das_scan_iter.cpp:124-125, :137-138), which ObTableScanIterator answers once its rows are exhausted (src/storage/access/ob_table_scan_iterator.cpp:604, :611, :634, :642). Holder: the local ret (ob_das_ivf_scan_iter.cpp:2525) and tmp_ret (ob_das_ivf_scan_iter.cpp:2614; tmp-ret.tsv:1500). Code's branch: tmp_ret takes OB_SUCCESS for the end, the iterator is reused, and ret = tmp_ret (ob_das_ivf_scan_iter.cpp:2614-2617; tmp-ret.tsv:1501): the whole PQ centroid table was written to the cache. The code never leaves the function.	confirmed
src/sql/das/iter/ob_das_ivf_scan_iter.cpp	ObDASIvfPQScanIter::get_pq_precomputetable_cache	line 2656: ret == OB_ALLOCATE_MEMORY_FAILED	OUT_OF_MEMORY	Kept as written: } else if ob_fail!(ret = cache_mgr.get_or_create_cache_node(IvfCacheType::IVF_PQ_PRECOMPUTE_TABLE_CACHE, ..)) { if matches!(ret, Err(OB_ALLOCATE_MEMORY_FAILED)) { *is_cache_usable = false; ret = Ok(()); } } on the local ret, an ObResult, in the local-ret form (s2-errors.md 2.3), the test and its branch unchanged (s2-errors.md 2.4 rule 9; s3-memory.md 3.5, the row on comparisons with OB_ALLOCATE_MEMORY_FAILED).	sweep: ret-compare.tsv:2298 (data row 2297). Producer: cache_mgr->get_or_create_cache_node(IVF_PQ_PRECOMPUTE_TABLE_CACHE, ..) at src/sql/das/iter/ob_das_ivf_scan_iter.cpp:2655, which creates the precompute-table cache node through ObIvfCacheMgr::create_cache_obj (src/observer/vector_index/ob_vector_index_ivf_cache_mgr.cpp:179, :185), where -4013 comes from the vector memory context's allocation (ob_vector_index_ivf_cache_mgr.cpp:188-189) and from the IVF cache's memory limit check (ob_vector_index_ivf_cache_mgr.cpp:162-163, :202, :204). -4013 still reaches the holder as a precondition-guard: the IVF cache's logical limit (oom-sites.tsv:28) and the vector module's budget (oom-sites.tsv:29); this site is oom-sites.tsv:84. Holder: the local ret (ob_das_ivf_scan_iter.cpp:2645). Code's branch: is_cache_usable = false and ret = OB_SUCCESS (ob_das_ivf_scan_iter.cpp:2657-2658; reset.tsv:1237): the scan goes on without the precompute table. The code never leaves the function.	confirmed
src/sql/das/iter/ob_das_ivf_scan_iter.cpp	ObDASIvfPQScanIter::get_pq_precomputetable_cache	line 2664: tmp_ret != OB_EAGAIN	OTHER	let mut tmp_ret: ObResult = self.try_write_pq_precompute_table_cache(..); if ob_fail!(tmp_ret = tmp_ret) { if !matches!(tmp_ret, Err(OB_EAGAIN)) { log_warn!(ret, ..); } else { *is_cache_usable = false; } } else { .. } — OB_TMP_FAIL(tmp_ret) is ob_fail!(tmp_ret = tmp_ret) (RULEBOOK 2.1), tmp_ret its own ObResult local that dies unread (s2-errors.md 2.4 rule 4); the branch as the C++ writes it (RULEBOOK section 0, 'Keep the control flow'), and the WARN log takes the ret in scope on the C++ line (s2-errors.md 2.5 rule 1).	sweep: ret-compare.tsv:2299 (data row 2298). Producer: try_write_pq_precompute_table_cache(*cent_cache, is_vectorized) at src/sql/das/iter/ob_das_ivf_scan_iter.cpp:2662, which answers OB_EAGAIN when the PQ or IVF centroid cache it builds from is not usable yet (ob_das_ivf_scan_iter.cpp:2694-2695, :2701, :2740-2742). Holder: tmp_ret (ob_das_ivf_scan_iter.cpp:2662; tmp-ret.tsv:1502-1503). Code's branch: is_cache_usable = false (ob_das_ivf_scan_iter.cpp:2667): the precompute table is not used for this query and ret is untouched; other codes get a WARN log (ob_das_ivf_scan_iter.cpp:2664-2665). The branch sets a flag and tmp_ret dies unread, so the value is OTHER, not IGNORED. The code never leaves the function.	confirmed
src/sql/das/iter/ob_das_ivf_scan_iter.cpp	ObDASIvfPQScanIter::build_rowkey_hash_set	line 2810: ret == OB_ITER_END	END_OF_DATA	if ob_fail!(ret = self.inv_idx_scan_iter_.get_next_row()) { ret = if matches!(ret, Err(OB_ITER_END)) { Ok(()) } else { ret }; index_end = true; } else { .. } — the ternary is an if expression written as the C++ writes it (vocabulary section 5, last clause), on the local ret, an ObResult, in the local-ret form (s2-errors.md 2.3). The DAS iterators keep ending with Err(OB_ITER_END), get_next_rows setting the last batch's count, never an Option or a bool, until parity (s2-errors.md 2.4 rule 1; ARCHITECTURE.md section 17 default 6).	sweep: ret-compare.tsv:2300 (data row 2299). Producer: inv_idx_scan_iter_->get_next_row() at src/sql/das/iter/ob_das_ivf_scan_iter.cpp:2809; inv_idx_scan_iter_ is the pre-filter index iterator, an ObDASIter (src/sql/das/iter/ob_das_ivf_scan_iter.h:361); ObDASIter::get_next_row and get_next_rows call the pure virtual inner_get_next_row and inner_get_next_rows (src/sql/das/iter/ob_das_iter.cpp:108, :120; src/sql/das/iter/ob_das_iter.h:138-139), and at the leaves ObDASScanIter passes on the storage scan iterator's OB_ITER_END (src/sql/das/iter/ob_das_scan_iter.cpp:124-125, :137-138), which ObTableScanIterator answers once its rows are exhausted (src/storage/access/ob_table_scan_iterator.cpp:604, :611, :634, :642). Holder: the local ret (ob_das_ivf_scan_iter.cpp:2791). Code's branch: ret = OB_SUCCESS through the ternary (ob_das_ivf_scan_iter.cpp:2810; reset.tsv:1238) and index_end = true (ob_das_ivf_scan_iter.cpp:2811): the pre-filter is used up and the loop ends (ob_das_ivf_scan_iter.cpp:2807). The code never leaves the function.	confirmed
src/sql/das/iter/ob_das_ivf_scan_iter.cpp	ObDASIvfPQScanIter::build_rowkey_hash_set	line 2830: ret == OB_ITER_END	END_OF_DATA	if matches!(ret, Err(OB_ITER_END)) { ret = Ok(()); } after the loop on the local ret, an ObResult, in the local-ret form (s2-errors.md 2.3). The test stays although the code cannot arrive, since RULEBOOK section 0's list of statements a translation may remove does not name it; the reset stays where the C++ has it (s2-errors.md 2.4 rule 1). The DAS iterators keep ending with Err(OB_ITER_END), get_next_rows setting the last batch's count, never an Option or a bool, until parity (s2-errors.md 2.4 rule 1; ARCHITECTURE.md section 17 default 6).	sweep: ret-compare.tsv:2301 (data row 2300). Producer: no statement leaves OB_ITER_END in ret here. The pre-filter index read's end is reset in the loop (src/sql/das/iter/ob_das_ivf_scan_iter.cpp:2809-2810, ret-compare.tsv:2300), and the loop's other calls (ob_das_ivf_scan_iter.cpp:2820, :2821, :2825) set no such code: ObDatum::to_obj sets only OB_ERR_UNEXPECTED (src/oblib/common/datum/ob_datum.h:901, :916), ObIvfPreFilter::add only OB_ERR_UNEXPECTED or, through CROARING_TRY_CATCH, OB_ALLOCATE_MEMORY_FAILED (src/sql/das/iter/ob_das_ivf_scan_iter.cpp:3075-3084; src/share/roaringbitmap/ob_rb_memory_mgr.h:30-38), and ObObj::hash (src/oblib/common/object/ob_object.cpp:1822-1826) calls the per-type hash functions of src/oblib/common/object/ob_obj_funcs.h, which never name the code (grep -c OB_ITER_END src/oblib/common/object/ob_obj_funcs.h prints 0). Holder: the local ret (ob_das_ivf_scan_iter.cpp:2791). Code's branch, as it would run: ret = OB_SUCCESS (ob_das_ivf_scan_iter.cpp:2831; reset.tsv:1239). The code never leaves the function (ob_das_ivf_scan_iter.cpp:2874). Value END_OF_DATA from the code itself (vocabulary section 4, value 8).	confirmed
src/sql/das/iter/ob_das_ivf_scan_iter.cpp	ObDASIvfPQScanIter::build_rowkey_hash_set	line 2837: ret != OB_ITER_END	END_OF_DATA	if ob_fail!(ret = self.inv_idx_scan_iter_.get_next_rows(&mut scan_row_cnt, batch_row_count)) { if !matches!(ret, Err(OB_ITER_END)) { } index_end = true; } with its empty body (s2-errors.md 2.3: empty branches stay), OB_UNLIKELY dropped where the C++ has it (RULEBOOK 2.3), on the local ret, an ObResult, in the local-ret form (s2-errors.md 2.3). The DAS iterators keep ending with Err(OB_ITER_END), get_next_rows setting the last batch's count, never an Option or a bool, until parity (s2-errors.md 2.4 rule 1; ARCHITECTURE.md section 17 default 6).	sweep: ret-compare.tsv:2302 (data row 2301). Producer: inv_idx_scan_iter_->get_next_rows(scan_row_cnt, batch_row_count) at src/sql/das/iter/ob_das_ivf_scan_iter.cpp:2836; inv_idx_scan_iter_ is the pre-filter index iterator, an ObDASIter (src/sql/das/iter/ob_das_ivf_scan_iter.h:361); ObDASIter::get_next_row and get_next_rows call the pure virtual inner_get_next_row and inner_get_next_rows (src/sql/das/iter/ob_das_iter.cpp:108, :120; src/sql/das/iter/ob_das_iter.h:138-139), and at the leaves ObDASScanIter passes on the storage scan iterator's OB_ITER_END (src/sql/das/iter/ob_das_scan_iter.cpp:124-125, :137-138), which ObTableScanIterator answers once its rows are exhausted (src/storage/access/ob_table_scan_iterator.cpp:604, :611, :634, :642). Holder: the local ret (ob_das_ivf_scan_iter.cpp:2791). Code's branch: the body is empty; index_end = true follows (ob_das_ivf_scan_iter.cpp:2839), and the next test keeps the last batch (ob_das_ivf_scan_iter.cpp:2841-2843, ret-compare.tsv:2303).	confirmed
src/sql/das/iter/ob_das_ivf_scan_iter.cpp	ObDASIvfPQScanIter::build_rowkey_hash_set	line 2841: ret != OB_ITER_END	END_OF_DATA	if ret.is_err() && !matches!(ret, Err(OB_ITER_END)) { } else if scan_row_cnt > 0 { ret = Ok(()); } on the local ret, an ObResult, in the local-ret form (s2-errors.md 2.3): OB_FAIL(ret) is ret.is_err() and the other comparison its own matches! (s2-errors.md 2.3's table); the empty branch and the reset stay (s2-errors.md 2.3, 2.4 rule 1). The DAS iterators keep ending with Err(OB_ITER_END), get_next_rows setting the last batch's count, never an Option or a bool, until parity (s2-errors.md 2.4 rule 1; ARCHITECTURE.md section 17 default 6).	sweep: ret-compare.tsv:2303 (data row 2302). Producer: inv_idx_scan_iter_->get_next_rows(scan_row_cnt, batch_row_count) at src/sql/das/iter/ob_das_ivf_scan_iter.cpp:2836; inv_idx_scan_iter_ is the pre-filter index iterator, an ObDASIter (src/sql/das/iter/ob_das_ivf_scan_iter.h:361); ObDASIter::get_next_row and get_next_rows call the pure virtual inner_get_next_row and inner_get_next_rows (src/sql/das/iter/ob_das_iter.cpp:108, :120; src/sql/das/iter/ob_das_iter.h:138-139), and at the leaves ObDASScanIter passes on the storage scan iterator's OB_ITER_END (src/sql/das/iter/ob_das_scan_iter.cpp:124-125, :137-138), which ObTableScanIterator answers once its rows are exhausted (src/storage/access/ob_table_scan_iterator.cpp:604, :611, :634, :642). Holder: the local ret (ob_das_ivf_scan_iter.cpp:2791). Code's branch: a last batch with rows resets ret (ob_das_ivf_scan_iter.cpp:2842-2843; reset.tsv:1240) so its rowkeys are hashed into the pre-filter; an empty one keeps the code, which the test after the loop resets (ob_das_ivf_scan_iter.cpp:2869-2870, ret-compare.tsv:2304).	confirmed
src/sql/das/iter/ob_das_ivf_scan_iter.cpp	ObDASIvfPQScanIter::build_rowkey_hash_set	line 2869: ret == OB_ITER_END	END_OF_DATA	if matches!(ret, Err(OB_ITER_END)) { ret = Ok(()); } after the loop on the local ret, an ObResult, in the local-ret form (s2-errors.md 2.3); the reset stays where the C++ has it (s2-errors.md 2.4 rule 1). The DAS iterators keep ending with Err(OB_ITER_END), get_next_rows setting the last batch's count, never an Option or a bool, until parity (s2-errors.md 2.4 rule 1; ARCHITECTURE.md section 17 default 6).	sweep: ret-compare.tsv:2304 (data row 2303). Producer: the pre-filter index reads in the loop (src/sql/das/iter/ob_das_ivf_scan_iter.cpp:2836, ret-compare.tsv:2302-2303). Holder: the local ret (ob_das_ivf_scan_iter.cpp:2791). Code's branch: ret = OB_SUCCESS (ob_das_ivf_scan_iter.cpp:2870; reset.tsv:1241): the pre-filter was read to its end. The code never leaves the function (ob_das_ivf_scan_iter.cpp:2874).	confirmed
src/sql/das/iter/ob_das_ivf_scan_iter.cpp	ObDASIvfSQ8ScanIter::get_real_search_vec_u8	line 2958: ret != OB_ITER_END	END_OF_DATA	if ob_fail!(ret = self.sq_meta_iter_.get_next_row()) { if !matches!(ret, Err(OB_ITER_END)) { } } else { .. } with its empty body (s2-errors.md 2.3: empty branches stay), OB_UNLIKELY dropped where the C++ has it (RULEBOOK 2.3), on the local ret, an ObResult, in the local-ret form (s2-errors.md 2.3). The DAS iterators keep ending with Err(OB_ITER_END), get_next_rows setting the last batch's count, never an Option or a bool, until parity (s2-errors.md 2.4 rule 1; ARCHITECTURE.md section 17 default 6).	sweep: ret-compare.tsv:2305 (data row 2304). Producer: sq_meta_iter_->get_next_row() at src/sql/das/iter/ob_das_ivf_scan_iter.cpp:2957, the scan of the SQ8 meta rows; the IVF auxiliary iterators are ObDASScanIter pointers and inv_idx_scan_iter_ an ObDASIter pointer (src/sql/das/iter/ob_das_ivf_scan_iter.h:327-330, :361, :526, :567); ObDASScanIter passes on the storage scan iterator's OB_ITER_END (src/sql/das/iter/ob_das_scan_iter.cpp:124-125, :137-138), which ObTableScanIterator answers once its rows are exhausted (src/storage/access/ob_table_scan_iterator.cpp:604, :611, :634, :642). Holder: the local ret (ob_das_ivf_scan_iter.cpp:2905). Code's branch: the body is empty; the loop stops through its OB_SUCC(ret) condition (ob_das_ivf_scan_iter.cpp:2956), and the test after it reuses the iterator (ob_das_ivf_scan_iter.cpp:2978-2979, ret-compare.tsv:2306).	confirmed
src/sql/das/iter/ob_das_ivf_scan_iter.cpp	ObDASIvfSQ8ScanIter::get_real_search_vec_u8	line 2978: ret == OB_ITER_END	END_OF_DATA	if matches!(ret, Err(OB_ITER_END)) { if ob_fail!(ret = self.sq_meta_iter_.reuse()) { } } on the local ret, an ObResult, in the local-ret form (s2-errors.md 2.3); the reuse overwrites ret as in C++ (s2-errors.md 2.4 rule 1). The DAS iterators keep ending with Err(OB_ITER_END), get_next_rows setting the last batch's count, never an Option or a bool, until parity (s2-errors.md 2.4 rule 1; ARCHITECTURE.md section 17 default 6).	sweep: ret-compare.tsv:2306 (data row 2305). Producer: sq_meta_iter_->get_next_row() in the loop (src/sql/das/iter/ob_das_ivf_scan_iter.cpp:2957, ret-compare.tsv:2305); the IVF auxiliary iterators are ObDASScanIter pointers and inv_idx_scan_iter_ an ObDASIter pointer (src/sql/das/iter/ob_das_ivf_scan_iter.h:327-330, :361, :526, :567); ObDASScanIter passes on the storage scan iterator's OB_ITER_END (src/sql/das/iter/ob_das_scan_iter.cpp:124-125, :137-138), which ObTableScanIterator answers once its rows are exhausted (src/storage/access/ob_table_scan_iterator.cpp:604, :611, :634, :642). Holder: the local ret (ob_das_ivf_scan_iter.cpp:2905). Code's branch: the iterator is reused and reuse's code replaces the end (ob_das_ivf_scan_iter.cpp:2979), after which the meta vectors read are used (ob_das_ivf_scan_iter.cpp:2984). The code never leaves the function.	confirmed
src/sql/das/iter/ob_das_ivf_scan_iter.cpp	ObDASIvfSQ8ScanIter::process_ivf_scan_post	line 3017: ret != OB_ENTRY_NOT_EXIST	IGNORED	if ob_fail!(ret = self.get_nearest_probe_center_ids(is_vectorized)) { if !matches!(ret, Err(OB_ENTRY_NOT_EXIST)) { } else { log_info!(..); ret = Ok(()); } } on the local ret, an ObResult, in the local-ret form (s2-errors.md 2.3); the empty branch, the INFO log and the reset stay where the C++ has them, never replaced by ok() or let _ = (s2-errors.md 2.3, 2.4 rule 1; 2.12 items 2 and 3).	sweep: ret-compare.tsv:2307 (data row 2306). Producer: get_nearest_probe_center_ids(is_vectorized) at src/sql/das/iter/ob_das_ivf_scan_iter.cpp:3016; get_nearest_probe_center_ids sets OB_ENTRY_NOT_EXIST when the heap built from the centroid table or its cache holds no center (src/sql/das/iter/ob_das_ivf_scan_iter.cpp:1123, :1126-1127), that is when the centroid table is empty; that is not a lookup by key, id or name, so value 9's test (b) does not hold. Holder: the local ret (ob_das_ivf_scan_iter.cpp:3009). Code's branch: an INFO log that the nearest centers are empty and ret = OB_SUCCESS (ob_das_ivf_scan_iter.cpp:3019-3020; reset.tsv:1242), and nothing else; the scan goes on (ob_das_ivf_scan_iter.cpp:3023). The code never leaves the function.	confirmed
src/sql/das/iter/ob_das_ivf_scan_iter.h	#define IVF_GET_NEXT_ROWS_BEGIN	line 40: ret != OB_ITER_END	END_OF_DATA	Status unknown: IVF_GET_NEXT_ROWS_BEGIN opens a while loop that IVF_GET_NEXT_ROWS_END closes (src/sql/das/iter/ob_das_ivf_scan_iter.h:33-60), so neither macro alone has the Rust form of RULEBOOK 2.3's function-like macro row. Conservative translation (RULEBOOK 2.10, the UNKNOWN rule): one lowercase macro_rules! ivf_get_next_rows! taking ret, the iterator, the scan param, the tablet id and the loop body, which expands to BEGIN's statements, the body and END's statements in the C++ order, the caller's ret reached only through the parameter (s2-errors.md 2.3); the uses keep their body where the C++ has it. This row's test in it: if ob_fail!($ret = $iter.get_next_rows(&mut scan_row_cnt, batch_row_count)) { if !matches!($ret, Err(OB_ITER_END)) { log_warn!($ret, ..); } else { index_end = true; } }, under the marker // TODO(port): ret-compare unknown: how is a macro pair that opens a loop in one macro and closes it in the other written in Rust, when RULEBOOK 2.3's function-like macro row gives each macro an #[inline] fn or a lowercase macro_rules!, and a macro_rules! must expand to balanced tokens? (src/sql/das/iter/ob_das_ivf_scan_iter.h:40). The DAS iterators keep ending with Err(OB_ITER_END), get_next_rows setting the last batch's count, never an Option or a bool, until parity (s2-errors.md 2.4 rule 1; ARCHITECTURE.md section 17 default 6).	sweep: ret-compare.tsv:2308 (data row 2307). Producer: iter->get_next_rows(scan_row_cnt, batch_row_count) in BEGIN's body (src/sql/das/iter/ob_das_ivf_scan_iter.h:39); at every use iter is one of the IVF iterator's scan iterators, ObDASScanIter pointers (ob_das_ivf_scan_iter.h:327-330, :526, :567; the uses are src/sql/das/iter/ob_das_ivf_scan_iter.cpp:626, :803, :1175, :1358, :1670, :2001, :2161, :2422, :2546, :2920, listed by git grep -n IVF_GET_NEXT_ROWS_BEGIN 834bbee1e -- src), and ObDASScanIter passes on the storage scan iterator's OB_ITER_END (src/sql/das/iter/ob_das_scan_iter.cpp:124-125, :137-138), which ObTableScanIterator answers once its rows are exhausted (src/storage/access/ob_table_scan_iterator.cpp:604, :611, :634, :642). Holder: the caller's local ret, which the macro uses directly. Code's branch: index_end = true (ob_das_ivf_scan_iter.h:43), so the loop BEGIN opens stops (ob_das_ivf_scan_iter.h:38); other codes are logged (ob_das_ivf_scan_iter.h:40-41). The last batch is kept by the next test (ob_das_ivf_scan_iter.h:46-48, ret-compare.tsv:2309) and the end is reset when END closes the loop (ob_das_ivf_scan_iter.h:53-58, ret-compare.tsv:2310). Question: how is a macro pair that opens a loop in one macro and closes it in the other written in Rust, when RULEBOOK 2.3's function-like macro row gives each macro an #[inline] fn or a lowercase macro_rules!, and a macro_rules! must expand to balanced tokens?	unknown
src/sql/das/iter/ob_das_ivf_scan_iter.h	#define IVF_GET_NEXT_ROWS_BEGIN	line 46: ret != OB_ITER_END	END_OF_DATA	Status unknown: IVF_GET_NEXT_ROWS_BEGIN opens a while loop that IVF_GET_NEXT_ROWS_END closes (src/sql/das/iter/ob_das_ivf_scan_iter.h:33-60), so neither macro alone has the Rust form of RULEBOOK 2.3's function-like macro row. Conservative translation (RULEBOOK 2.10, the UNKNOWN rule): one lowercase macro_rules! ivf_get_next_rows! taking ret, the iterator, the scan param, the tablet id and the loop body, which expands to BEGIN's statements, the body and END's statements in the C++ order, the caller's ret reached only through the parameter (s2-errors.md 2.3); the uses keep their body where the C++ has it. This row's test in it: if $ret.is_err() && !matches!($ret, Err(OB_ITER_END)) { } else if scan_row_cnt > 0 { $ret = Ok(()); }, under the marker // TODO(port): ret-compare unknown: how is a macro pair that opens a loop in one macro and closes it in the other written in Rust, when RULEBOOK 2.3's function-like macro row gives each macro an #[inline] fn or a lowercase macro_rules!, and a macro_rules! must expand to balanced tokens? (src/sql/das/iter/ob_das_ivf_scan_iter.h:46). The DAS iterators keep ending with Err(OB_ITER_END), get_next_rows setting the last batch's count, never an Option or a bool, until parity (s2-errors.md 2.4 rule 1; ARCHITECTURE.md section 17 default 6).	sweep: ret-compare.tsv:2309 (data row 2308). Producer: iter->get_next_rows(scan_row_cnt, batch_row_count) in BEGIN's body (src/sql/das/iter/ob_das_ivf_scan_iter.h:39); at every use iter is one of the IVF iterator's scan iterators, ObDASScanIter pointers (ob_das_ivf_scan_iter.h:327-330, :526, :567; the uses are src/sql/das/iter/ob_das_ivf_scan_iter.cpp:626, :803, :1175, :1358, :1670, :2001, :2161, :2422, :2546, :2920, listed by git grep -n IVF_GET_NEXT_ROWS_BEGIN 834bbee1e -- src), and ObDASScanIter passes on the storage scan iterator's OB_ITER_END (src/sql/das/iter/ob_das_scan_iter.cpp:124-125, :137-138), which ObTableScanIterator answers once its rows are exhausted (src/storage/access/ob_table_scan_iterator.cpp:604, :611, :634, :642). Holder: the caller's local ret, which the macro uses directly. Code's branch: a last batch with rows resets ret (ob_das_ivf_scan_iter.h:47-48; reset.tsv:1243) so the use's body processes it; an empty one keeps the code, and index_end ends the loop, whose close resets it (ob_das_ivf_scan_iter.h:53-58, ret-compare.tsv:2310). Question: how is a macro pair that opens a loop in one macro and closes it in the other written in Rust, when RULEBOOK 2.3's function-like macro row gives each macro an #[inline] fn or a lowercase macro_rules!, and a macro_rules! must expand to balanced tokens?	unknown
src/sql/das/iter/ob_das_ivf_scan_iter.h	#define IVF_GET_NEXT_ROWS_END	line 54: ret == OB_ITER_END	END_OF_DATA	Status unknown: IVF_GET_NEXT_ROWS_BEGIN opens a while loop that IVF_GET_NEXT_ROWS_END closes (src/sql/das/iter/ob_das_ivf_scan_iter.h:33-60), so neither macro alone has the Rust form of RULEBOOK 2.3's function-like macro row. Conservative translation (RULEBOOK 2.10, the UNKNOWN rule): one lowercase macro_rules! ivf_get_next_rows! taking ret, the iterator, the scan param, the tablet id and the loop body, which expands to BEGIN's statements, the body and END's statements in the C++ order, the caller's ret reached only through the parameter (s2-errors.md 2.3); the uses keep their body where the C++ has it. This row's test in it: if index_end { let tmp_ret: ObResult = if matches!($ret, Err(OB_ITER_END)) { Ok(()) } else { $ret }; if ob_fail!($ret = ObDasVecScanUtils::reuse_iter($iter, $scan_param, $tablet_id)) { log_warn!($ret, ..); } else { $ret = tmp_ret; } }, the ternary an if expression and tmp_ret its own ObResult local (s2-errors.md 2.4 rule 4), under the marker // TODO(port): ret-compare unknown: how is a macro pair that opens a loop in one macro and closes it in the other written in Rust, when RULEBOOK 2.3's function-like macro row gives each macro an #[inline] fn or a lowercase macro_rules!, and a macro_rules! must expand to balanced tokens? (src/sql/das/iter/ob_das_ivf_scan_iter.h:54). The DAS iterators keep ending with Err(OB_ITER_END), get_next_rows setting the last batch's count, never an Option or a bool, until parity (s2-errors.md 2.4 rule 1; ARCHITECTURE.md section 17 default 6).	sweep: ret-compare.tsv:2310 (data row 2309). Producer: iter->get_next_rows(scan_row_cnt, batch_row_count) in BEGIN's body (src/sql/das/iter/ob_das_ivf_scan_iter.h:39); at every use iter is one of the IVF iterator's scan iterators, ObDASScanIter pointers (ob_das_ivf_scan_iter.h:327-330, :526, :567; the uses are src/sql/das/iter/ob_das_ivf_scan_iter.cpp:626, :803, :1175, :1358, :1670, :2001, :2161, :2422, :2546, :2920, listed by git grep -n IVF_GET_NEXT_ROWS_BEGIN 834bbee1e -- src), and ObDASScanIter passes on the storage scan iterator's OB_ITER_END (src/sql/das/iter/ob_das_scan_iter.cpp:124-125, :137-138), which ObTableScanIterator answers once its rows are exhausted (src/storage/access/ob_table_scan_iterator.cpp:604, :611, :634, :642). Holder: the caller's local ret, which the macro uses directly. Code's branch: tmp_ret takes OB_SUCCESS for the end (ob_das_ivf_scan_iter.h:54; tmp-ret.tsv:1504), the iterator is reused, and ret = tmp_ret (ob_das_ivf_scan_iter.h:55-58; tmp-ret.tsv:1505): the scan was read to its end and the use goes on with success. Question: how is a macro pair that opens a loop in one macro and closes it in the other written in Rust, when RULEBOOK 2.3's function-like macro row gives each macro an #[inline] fn or a lowercase macro_rules!, and a macro_rules! must expand to balanced tokens?	unknown
src/sql/das/iter/ob_das_local_lookup_iter.cpp	ObDASLocalLookupIter::do_index_lookup	line 228: ret == OB_SNAPSHOT_DISCARDED	OTHER	} else if ob_fail!(ret = self.data_table_iter_.do_table_scan()) { if DAS_ITER_FUNC_DATA == self.data_table_iter_.get_type() { } else if matches!(ret, Err(OB_SNAPSHOT_DISCARDED)) && self.lookup_param_.fb_snapshot_.is_valid() { ret = Err(OB_INVALID_QUERY_TIMESTAMP); } else if !matches!(ret, Err(OB_TRY_LOCK_ROW_CONFLICT)) { } } as the C++ writes it (RULEBOOK section 0, 'Keep the control flow'; s2-errors.md 2.4 rule 1), on the local ret, an ObResult, in the local-ret form (s2-errors.md 2.3); the && keeps its two terms (s2-errors.md 2.3's table).	sweep: ret-compare.tsv:2311 (data row 2310). Producer: data_table_iter_->do_table_scan() at src/sql/das/iter/ob_das_local_lookup_iter.cpp:226, a scan, functional lookup or domain-id merge iterator (ob_das_local_lookup_iter.cpp:218-221; the functional data iterator takes the empty first arm, :227); at the scan iterators the storage table scan behind it, ObITabletScan::table_scan (src/data_plane/api/data_plane/access/ob_tablet_scan.h:514), implemented for tables by ObAccessService::table_scan (src/storage/tx_storage/ob_access_service.cpp:335, :373), reaches ObLSTabletService::inner_table_scan (src/storage/ls/ob_ls_tablet_service.cpp:479), which sets OB_SNAPSHOT_DISCARDED for a flashback snapshot at its minimum (ob_ls_tablet_service.cpp:1297-1298), a snapshot that is always valid, since is_min() tests the same version as is_valid() (src/share/scn.h:35, :38), so ObDASScanIter, the only iterator in src/sql/das/iter that calls the storage table scan (grep -rn -e 'tsc_service_->table_scan' -e 'table_rescan(' src/sql/das/iter), renames it for its own scan param before it comes here (src/sql/das/iter/ob_das_scan_iter.cpp:82-83, ret-compare.tsv:2327). inner_table_scan also gets the code, whatever the flashback snapshot, from check_snapshot_readable_with_cache (src/storage/ls/ob_ls_tablet_service.cpp:1305), whose ObTablet::check_snapshot_readable sets it for a read snapshot older than the tablet's DDL snapshot (src/storage/tablet/ob_tablet.cpp:5415, :5424, :5462, :5480), and from the table store's choice of read tables (src/storage/tablet/ob_tablet_table_store.cpp:586, :603), reached when the scan's merge prepares its read tables (src/storage/access/ob_multiple_merge.cpp:159, :278). The code that reaches this test comes from these. Holder: the local ret (ob_das_local_lookup_iter.cpp:217). Code's branch: when lookup_param_ has a valid flashback snapshot, ret = OB_INVALID_QUERY_TIMESTAMP (ob_das_local_lookup_iter.cpp:229); otherwise the arm is skipped and the next test hands the code on (ob_das_local_lookup_iter.cpp:230-231, ret-compare.tsv:2312). One way through the branch still reports the compared code, so the value is not RENAMED (vocabulary section 4, value 7, last sentences), and a rename is more than a log, so not PASSED_ON: OTHER, as for the reviewed row at src/logservice/ob_log_handler.cpp:518. Escapes: the lookup state machine's DO_LOOKUP step passes the code or its rename on (src/sql/das/iter/ob_das_lookup_iter.cpp:130).	confirmed
src/sql/das/iter/ob_das_local_lookup_iter.cpp	ObDASLocalLookupIter::do_index_lookup	line 230: ret != OB_TRY_LOCK_ROW_CONFLICT	PASSED_ON	} else if !matches!(ret, Err(OB_TRY_LOCK_ROW_CONFLICT)) { } with its empty body (s2-errors.md 2.3: empty branches stay), on the local ret, an ObResult, in the local-ret form (s2-errors.md 2.3); the code is returned as in C++, with no ok() or is_ok() swallowing it (s2-errors.md 2.12 item 2).	sweep: ret-compare.tsv:2312 (data row 2311). Producer: data_table_iter_->do_table_scan() at src/sql/das/iter/ob_das_local_lookup_iter.cpp:226, whose scan iterators pass on the storage table scan's codes (src/sql/das/iter/ob_das_scan_iter.cpp:81-85). The table scan path ignores for_update_ and leaves row locks to the upper layer (src/storage/ls/ob_ls_tablet_service.cpp:1280-1281), and no statement of inner_table_scan sets OB_TRY_LOCK_ROW_CONFLICT (ob_ls_tablet_service.cpp:1275-1317); the value does not depend on where the code comes from, since the branch hands it on unchanged. Holder: the local ret (ob_das_local_lookup_iter.cpp:217). Code's branch: the comparison is false and nothing runs, so the code is returned; the other codes get the same empty body. Escapes: the lookup state machine's DO_LOOKUP step passes it on (src/sql/das/iter/ob_das_lookup_iter.cpp:130).	confirmed
src/sql/das/iter/ob_das_lookup_iter.cpp	ObDASLookupIter::inner_get_next_row	line 108: ret != OB_ITER_END	END_OF_DATA	if ob_fail!(ret = self.index_table_iter_.get_next_row()) { if !matches!(ret, Err(OB_ITER_END)) { } else { self.index_end_ = true; ret = Ok(()); } } else if .. , OB_UNLIKELY dropped (RULEBOOK 2.3), on the local ret, an ObResult, in the local-ret form (s2-errors.md 2.3); the empty branch stays (s2-errors.md 2.3) and the flag and reset stay in the C++ order (s2-errors.md 2.4 rule 1). The DAS iterators keep ending with Err(OB_ITER_END), get_next_rows setting the last batch's count, never an Option or a bool, until parity (s2-errors.md 2.4 rule 1; ARCHITECTURE.md section 17 default 6).	sweep: ret-compare.tsv:2313 (data row 2312). Producer: index_table_iter_->get_next_row() at src/sql/das/iter/ob_das_lookup_iter.cpp:107; index_table_iter_ and data_table_iter_ are ObDASIter pointers (src/sql/das/iter/ob_das_lookup_iter.h:117-118); ObDASIter::get_next_row and get_next_rows call the pure virtual inner_get_next_row and inner_get_next_rows (src/sql/das/iter/ob_das_iter.cpp:108, :120; src/sql/das/iter/ob_das_iter.h:138-139), and at the leaves ObDASScanIter passes on the storage scan iterator's OB_ITER_END (src/sql/das/iter/ob_das_scan_iter.cpp:124-125, :137-138), which ObTableScanIterator answers once its rows are exhausted (src/storage/access/ob_table_scan_iterator.cpp:604, :611, :634, :642). Holder: the local ret (ob_das_lookup_iter.cpp:96). Code's branch: index_end_ = true and ret = OB_SUCCESS (ob_das_lookup_iter.cpp:110-111; reset.tsv:1244): the index scan is used up, so the loop stops (ob_das_lookup_iter.cpp:105) and the state moves to the lookup of the rowkeys gathered, or to FINISHED when there are none (ob_das_lookup_iter.cpp:119-124), which answers OB_ITER_END to the caller (ob_das_lookup_iter.cpp:155-156); any other code passes on through the empty branch (ob_das_lookup_iter.cpp:108). The code itself never leaves the function.	confirmed
src/sql/das/iter/ob_das_lookup_iter.cpp	ObDASLookupIter::inner_get_next_row	line 140: ret == OB_ITER_END	END_OF_DATA	if ob_fail!(ret = self.data_table_iter_.get_next_row()) { if matches!(ret, Err(OB_ITER_END)) { ret = Ok(()); if ob_fail!(ret = self.check_index_lookup()) { } else { self.state_ = INDEX_SCAN; } } else { } } else { .. }, OB_LIKELY dropped (RULEBOOK 2.3), on the local ret, an ObResult, in the local-ret form (s2-errors.md 2.3); the reset, the check and the state change stay in the C++ order, and the empty else stays (s2-errors.md 2.3, 2.4 rule 1). The DAS iterators keep ending with Err(OB_ITER_END), get_next_rows setting the last batch's count, never an Option or a bool, until parity (s2-errors.md 2.4 rule 1; ARCHITECTURE.md section 17 default 6).	sweep: ret-compare.tsv:2314 (data row 2313). Producer: data_table_iter_->get_next_row() at src/sql/das/iter/ob_das_lookup_iter.cpp:139; index_table_iter_ and data_table_iter_ are ObDASIter pointers (src/sql/das/iter/ob_das_lookup_iter.h:117-118); ObDASIter::get_next_row and get_next_rows call the pure virtual inner_get_next_row and inner_get_next_rows (src/sql/das/iter/ob_das_iter.cpp:108, :120; src/sql/das/iter/ob_das_iter.h:138-139), and at the leaves ObDASScanIter passes on the storage scan iterator's OB_ITER_END (src/sql/das/iter/ob_das_scan_iter.cpp:124-125, :137-138), which ObTableScanIterator answers once its rows are exhausted (src/storage/access/ob_table_scan_iterator.cpp:604, :611, :634, :642). Holder: the local ret (ob_das_lookup_iter.cpp:96). Code's branch: ret = OB_SUCCESS (ob_das_lookup_iter.cpp:141; reset.tsv:1245), check_index_lookup verifies the batch (ob_das_lookup_iter.cpp:142) and the state goes back to INDEX_SCAN (ob_das_lookup_iter.cpp:144): the rows of this lookup batch are all out; any other code passes on through the empty else (ob_das_lookup_iter.cpp:146-147). The code itself never leaves the function.	confirmed
src/sql/das/iter/ob_das_lookup_iter.cpp	ObDASLookupIter::inner_get_next_rows	line 187: ret != OB_ITER_END	END_OF_DATA	if ob_fail!(ret = self.index_table_iter_.get_next_rows(&mut storage_count, index_capacity)) { if !matches!(ret, Err(OB_ITER_END)) { } else { if storage_count == 0 { self.index_end_ = true; } ret = Ok(()); } }, OB_UNLIKELY dropped (RULEBOOK 2.3), on the local ret, an ObResult, in the local-ret form (s2-errors.md 2.3); the empty branch stays (s2-errors.md 2.3), and the flag and reset stay in the C++ order (s2-errors.md 2.4 rule 1). The DAS iterators keep ending with Err(OB_ITER_END), get_next_rows setting the last batch's count, never an Option or a bool, until parity (s2-errors.md 2.4 rule 1; ARCHITECTURE.md section 17 default 6).	sweep: ret-compare.tsv:2315 (data row 2314). Producer: index_table_iter_->get_next_rows(storage_count, index_capacity) at src/sql/das/iter/ob_das_lookup_iter.cpp:186; index_table_iter_ and data_table_iter_ are ObDASIter pointers (src/sql/das/iter/ob_das_lookup_iter.h:117-118); ObDASIter::get_next_row and get_next_rows call the pure virtual inner_get_next_row and inner_get_next_rows (src/sql/das/iter/ob_das_iter.cpp:108, :120; src/sql/das/iter/ob_das_iter.h:138-139), and at the leaves ObDASScanIter passes on the storage scan iterator's OB_ITER_END (src/sql/das/iter/ob_das_scan_iter.cpp:124-125, :137-138), which ObTableScanIterator answers once its rows are exhausted (src/storage/access/ob_table_scan_iterator.cpp:604, :611, :634, :642). Holder: the local ret (ob_das_lookup_iter.cpp:171). Code's branch: index_end_ = true when the last batch is empty and ret = OB_SUCCESS (ob_das_lookup_iter.cpp:189-192; reset.tsv:1246); a non-empty last batch is still added to the lookup (ob_das_lookup_iter.cpp:195-199), and the state moves on as in the row form (ob_das_lookup_iter.cpp:203-208), FINISHED answering OB_ITER_END (ob_das_lookup_iter.cpp:245-246); any other code passes on through the empty branch (ob_das_lookup_iter.cpp:187). The code itself never leaves the function.	confirmed
src/sql/das/iter/ob_das_lookup_iter.cpp	ObDASLookupIter::inner_get_next_rows	line 225: ret == OB_ITER_END	END_OF_DATA	if ob_fail!(ret = self.data_table_iter_.get_next_rows(count, capacity)) { if matches!(ret, Err(OB_ITER_END)) { ret = Ok(()); if *count > 0 { .. } else { .. } } else { } } else { .. }, OB_LIKELY dropped (RULEBOOK 2.3), on the local ret, an ObResult, in the local-ret form (s2-errors.md 2.3); the reset and both arms stay in the C++ order, and the empty else stays (s2-errors.md 2.3, 2.4 rule 1). The DAS iterators keep ending with Err(OB_ITER_END), get_next_rows setting the last batch's count, never an Option or a bool, until parity (s2-errors.md 2.4 rule 1; ARCHITECTURE.md section 17 default 6).	sweep: ret-compare.tsv:2316 (data row 2315). Producer: data_table_iter_->get_next_rows(count, capacity) at src/sql/das/iter/ob_das_lookup_iter.cpp:224; index_table_iter_ and data_table_iter_ are ObDASIter pointers (src/sql/das/iter/ob_das_lookup_iter.h:117-118); ObDASIter::get_next_row and get_next_rows call the pure virtual inner_get_next_row and inner_get_next_rows (src/sql/das/iter/ob_das_iter.cpp:108, :120; src/sql/das/iter/ob_das_iter.h:138-139), and at the leaves ObDASScanIter passes on the storage scan iterator's OB_ITER_END (src/sql/das/iter/ob_das_scan_iter.cpp:124-125, :137-138), which ObTableScanIterator answers once its rows are exhausted (src/storage/access/ob_table_scan_iterator.cpp:604, :611, :634, :642). Holder: the local ret (ob_das_lookup_iter.cpp:171). Code's branch: ret = OB_SUCCESS (ob_das_lookup_iter.cpp:226; reset.tsv:1247); a last batch with rows is returned as a batch (ob_das_lookup_iter.cpp:227-229), and an empty one runs check_index_lookup and sends the state back to INDEX_SCAN (ob_das_lookup_iter.cpp:230-233). The code itself never leaves the function.	confirmed
src/sql/das/iter/ob_das_merge_iter.cpp	ObDASMergeIter::inner_get_next_row	line 357: ret != OB_ITER_END	END_OF_DATA	if ob_fail!(ret = (self.get_next_row_)(self)) { if !matches!(ret, Err(OB_ITER_END)) { } } with its empty body (s2-errors.md 2.3: empty branches stay), OB_UNLIKELY dropped where the C++ has it (RULEBOOK 2.3), on the local ret, an ObResult, in the local-ret form (s2-errors.md 2.3). The DAS iterators keep ending with Err(OB_ITER_END), get_next_rows setting the last batch's count, never an Option or a bool, until parity (s2-errors.md 2.4 rule 1; ARCHITECTURE.md section 17 default 6).	sweep: ret-compare.tsv:2317 (data row 2316). Producer: (this->*get_next_row_)() at src/sql/das/iter/ob_das_merge_iter.cpp:356, get_next_seq_row or get_next_sorted_row (ob_das_merge_iter.cpp:149, :158), which answer OB_ITER_END once every task is used up (ob_das_merge_iter.cpp:507-510, :624-625, ret-compare.tsv:2319). Holder: the local ret (ob_das_merge_iter.cpp:354). Code's branch: the body is empty and the code is returned (ob_das_merge_iter.cpp:363). Consumer: ObDASIter::get_next_row and get_next_rows return it unchanged to the parent iterator or the DAS scan operator (src/sql/das/iter/ob_das_iter.cpp:108, :120).	confirmed
src/sql/das/iter/ob_das_merge_iter.cpp	ObDASMergeIter::inner_get_next_rows	line 371: ret != OB_ITER_END	END_OF_DATA	if ob_fail!(ret = (self.get_next_rows_)(self, count, capacity)) { if !matches!(ret, Err(OB_ITER_END)) { } } with its empty body (s2-errors.md 2.3: empty branches stay), OB_UNLIKELY dropped where the C++ has it (RULEBOOK 2.3), on the local ret, an ObResult, in the local-ret form (s2-errors.md 2.3). The DAS iterators keep ending with Err(OB_ITER_END), get_next_rows setting the last batch's count, never an Option or a bool, until parity (s2-errors.md 2.4 rule 1; ARCHITECTURE.md section 17 default 6).	sweep: ret-compare.tsv:2318 (data row 2317). Producer: (this->*get_next_rows_)(count, capacity) at src/sql/das/iter/ob_das_merge_iter.cpp:370, get_next_seq_rows or get_next_sorted_rows (ob_das_merge_iter.cpp:150, :159), which answer OB_ITER_END once every task is used up (ob_das_merge_iter.cpp:534-535, :571-574). Holder: the local ret (ob_das_merge_iter.cpp:368). Code's branch: the body is empty and the code is returned. Consumer: ObDASIter::get_next_row and get_next_rows return it unchanged to the parent iterator or the DAS scan operator (src/sql/das/iter/ob_das_iter.cpp:108, :120).	confirmed
src/sql/das/iter/ob_das_merge_iter.cpp	ObDASMergeIter::get_next_seq_row	line 507: ret == OB_ITER_END	END_OF_DATA	The if / else-if chain over codes on ret at src/sql/das/iter/ob_das_merge_iter.cpp:505-521 is match ret { Ok(()) => { got_row = true; } Err(OB_ITER_END) => { self.seq_task_idx_ += 1; if self.seq_task_idx_ == self.das_tasks_arr_.count() { } else { ret = Ok(()); .. } } _ => {} } (s2-errors.md 2.3's table; RULEBOOK 2.1), the last arm empty like the C++ else (s2-errors.md 2.3: empty branches stay); this row is its second arm, on the local ret, an ObResult, in the local-ret form (s2-errors.md 2.3); the empty branch, the reset and the task switch stay in the C++ order (s2-errors.md 2.3, 2.4 rule 1). The DAS iterators keep ending with Err(OB_ITER_END), get_next_rows setting the last batch's count, never an Option or a bool, until parity (s2-errors.md 2.4 rule 1; ARCHITECTURE.md section 17 default 6).	sweep: ret-compare.tsv:2319 (data row 2318). Producer: scan_op->get_output_result_iter()->get_next_row() at src/sql/das/iter/ob_das_merge_iter.cpp:494; scan_op->get_output_result_iter() is the DAS scan task's result iterator (src/sql/das/ob_das_scan_op.h:310), which ends with OB_ITER_END once the task's rows are exhausted; for a local task it is the scan iterator tree, whose leaves pass on the storage scan's end (ObDASScanIter passes on the storage scan iterator's OB_ITER_END (src/sql/das/iter/ob_das_scan_iter.cpp:124-125, :137-138), which ObTableScanIterator answers once its rows are exhausted (src/storage/access/ob_table_scan_iterator.cpp:604, :611, :634, :642)). Holder: the local ret of get_next_seq_row (ob_das_merge_iter.cpp:478). Code's branch: the next task is taken (ob_das_merge_iter.cpp:508); after the last one the code is kept, commented 'keep the ret = OB_ITER_END' (ob_das_merge_iter.cpp:509-510), otherwise ret = OB_SUCCESS and the next task's scan is read (ob_das_merge_iter.cpp:512-518; reset.tsv:1248). Consumer: ObDASIter::get_next_row and get_next_rows return it unchanged to the parent iterator or the DAS scan operator (src/sql/das/iter/ob_das_iter.cpp:108, :120).	confirmed
src/sql/das/iter/ob_das_merge_iter.cpp	ObDASMergeIter::get_next_seq_rows	line 562: ret == OB_ITER_END	END_OF_DATA	if matches!(ret, Err(OB_ITER_END)) && *count > 0 { ret = Ok(()); } on the local ret, an ObResult, in the local-ret form (s2-errors.md 2.3); the && keeps its two terms (s2-errors.md 2.3's table) and the reset stays where the C++ has it (s2-errors.md 2.4 rule 1). The DAS iterators keep ending with Err(OB_ITER_END), get_next_rows setting the last batch's count, never an Option or a bool, until parity (s2-errors.md 2.4 rule 1; ARCHITECTURE.md section 17 default 6).	sweep: ret-compare.tsv:2320 (data row 2319). Producer: scan_op->get_output_result_iter()->get_next_rows(count, capacity) at src/sql/das/iter/ob_das_merge_iter.cpp:551; scan_op->get_output_result_iter() is the DAS scan task's result iterator (src/sql/das/ob_das_scan_op.h:310), which ends with OB_ITER_END once the task's rows are exhausted; for a local task it is the scan iterator tree, whose leaves pass on the storage scan's end (ObDASScanIter passes on the storage scan iterator's OB_ITER_END (src/sql/das/iter/ob_das_scan_iter.cpp:124-125, :137-138), which ObTableScanIterator answers once its rows are exhausted (src/storage/access/ob_table_scan_iterator.cpp:604, :611, :634, :642)). Holder: the local ret (ob_das_merge_iter.cpp:530). Code's branch: a last batch with rows resets ret (ob_das_merge_iter.cpp:563; reset.tsv:1249) so the batch is returned (ob_das_merge_iter.cpp:566-567); the task's end is seen on its next call (ob_das_merge_iter.cpp:571, ret-compare.tsv:2321).	confirmed
src/sql/das/iter/ob_das_merge_iter.cpp	ObDASMergeIter::get_next_seq_rows	line 571: ret == OB_ITER_END	END_OF_DATA	The if / else-if chain over codes on ret at src/sql/das/iter/ob_das_merge_iter.cpp:566-585 is match ret { Ok(()) => { got_rows = true; .. } Err(OB_ITER_END) => { self.seq_task_idx_ += 1; if self.seq_task_idx_ == self.das_tasks_arr_.count() { } else { ret = Ok(()); .. } } _ => {} } (s2-errors.md 2.3's table; RULEBOOK 2.1), the last arm empty like the C++ else (s2-errors.md 2.3: empty branches stay); this row is its second arm, on the local ret, an ObResult, in the local-ret form (s2-errors.md 2.3); the empty branch, the reset and the task switch stay in the C++ order (s2-errors.md 2.3, 2.4 rule 1). The DAS iterators keep ending with Err(OB_ITER_END), get_next_rows setting the last batch's count, never an Option or a bool, until parity (s2-errors.md 2.4 rule 1; ARCHITECTURE.md section 17 default 6).	sweep: ret-compare.tsv:2321 (data row 2320). Producer: scan_op->get_output_result_iter()->get_next_rows(count, capacity) at src/sql/das/iter/ob_das_merge_iter.cpp:551, an empty last batch; scan_op->get_output_result_iter() is the DAS scan task's result iterator (src/sql/das/ob_das_scan_op.h:310), which ends with OB_ITER_END once the task's rows are exhausted; for a local task it is the scan iterator tree, whose leaves pass on the storage scan's end (ObDASScanIter passes on the storage scan iterator's OB_ITER_END (src/sql/das/iter/ob_das_scan_iter.cpp:124-125, :137-138), which ObTableScanIterator answers once its rows are exhausted (src/storage/access/ob_table_scan_iterator.cpp:604, :611, :634, :642)). Holder: the local ret (ob_das_merge_iter.cpp:530). Code's branch: the next task is taken (ob_das_merge_iter.cpp:572); after the last one the code is kept, commented 'keep the ret = OB_ITER_END' (ob_das_merge_iter.cpp:573-574), otherwise ret = OB_SUCCESS and the next task's scan is read (ob_das_merge_iter.cpp:576-580; reset.tsv:1250). Consumer: ObDASIter::get_next_row and get_next_rows return it unchanged to the parent iterator or the DAS scan operator (src/sql/das/iter/ob_das_iter.cpp:108, :120).	confirmed
src/sql/das/iter/ob_das_merge_iter.cpp	ObDASMergeIter::get_next_sorted_row	line 613: ret == OB_ITER_END	END_OF_DATA	} else if matches!(ret, Err(OB_ITER_END)) { ret = Ok(()); self.merge_state_arr_[i].das_task_iter_end_ = true; } else { } after the ob_succ! arm, on the local ret, an ObResult, in the local-ret form (s2-errors.md 2.3); the reset, the flag and the empty else stay in the C++ order (s2-errors.md 2.3, 2.4 rule 1). The DAS iterators keep ending with Err(OB_ITER_END), get_next_rows setting the last batch's count, never an Option or a bool, until parity (s2-errors.md 2.4 rule 1; ARCHITECTURE.md section 17 default 6).	sweep: ret-compare.tsv:2322 (data row 2321). Producer: scan_op->get_output_result_iter()->get_next_row() at src/sql/das/iter/ob_das_merge_iter.cpp:606; scan_op->get_output_result_iter() is the DAS scan task's result iterator (src/sql/das/ob_das_scan_op.h:310), which ends with OB_ITER_END once the task's rows are exhausted; for a local task it is the scan iterator tree, whose leaves pass on the storage scan's end (ObDASScanIter passes on the storage scan iterator's OB_ITER_END (src/sql/das/iter/ob_das_scan_iter.cpp:124-125, :137-138), which ObTableScanIterator answers once its rows are exhausted (src/storage/access/ob_table_scan_iterator.cpp:604, :611, :634, :642)). Holder: the local ret of get_next_sorted_row (ob_das_merge_iter.cpp:594). Code's branch: ret = OB_SUCCESS and das_task_iter_end_ = true (ob_das_merge_iter.cpp:614-615; reset.tsv:1251): this task is used up and the merge goes on with the others, OB_ITER_END being set once none has a row (ob_das_merge_iter.cpp:624-625). The code itself never leaves the function.	confirmed
src/sql/das/iter/ob_das_merge_iter.cpp	ObDASMergeIter::get_next_sorted_rows	line 659: ret == OB_ITER_END	END_OF_DATA	if matches!(ret, Err(OB_ITER_END)) && *count > 0 { ret = Ok(()); } on the local ret, an ObResult, in the local-ret form (s2-errors.md 2.3); the && keeps its two terms (s2-errors.md 2.3's table) and the reset stays where the C++ has it (s2-errors.md 2.4 rule 1). The DAS iterators keep ending with Err(OB_ITER_END), get_next_rows setting the last batch's count, never an Option or a bool, until parity (s2-errors.md 2.4 rule 1; ARCHITECTURE.md section 17 default 6).	sweep: ret-compare.tsv:2323 (data row 2322). Producer: scan_op->get_output_result_iter()->get_next_rows(count, capacity) at src/sql/das/iter/ob_das_merge_iter.cpp:658, the only task; scan_op->get_output_result_iter() is the DAS scan task's result iterator (src/sql/das/ob_das_scan_op.h:310), which ends with OB_ITER_END once the task's rows are exhausted; for a local task it is the scan iterator tree, whose leaves pass on the storage scan's end (ObDASScanIter passes on the storage scan iterator's OB_ITER_END (src/sql/das/iter/ob_das_scan_iter.cpp:124-125, :137-138), which ObTableScanIterator answers once its rows are exhausted (src/storage/access/ob_table_scan_iterator.cpp:604, :611, :634, :642)). Holder: the local ret (ob_das_merge_iter.cpp:646). Code's branch: a last batch with rows resets ret (ob_das_merge_iter.cpp:660; reset.tsv:1252) so the batch is returned; an empty one keeps the code, which is returned as the end. Consumer: ObDASIter::get_next_row and get_next_rows return it unchanged to the parent iterator or the DAS scan operator (src/sql/das/iter/ob_das_iter.cpp:108, :120).	confirmed
src/sql/das/iter/ob_das_merge_iter.cpp	ObDASMergeIter::get_next_sorted_rows	line 686: ret == OB_ITER_END	END_OF_DATA	if matches!(ret, Err(OB_ITER_END)) && *count > 0 { ret = Ok(()); } on the local ret, an ObResult, in the local-ret form (s2-errors.md 2.3); the && keeps its two terms (s2-errors.md 2.3's table) and the reset stays where the C++ has it (s2-errors.md 2.4 rule 1). The DAS iterators keep ending with Err(OB_ITER_END), get_next_rows setting the last batch's count, never an Option or a bool, until parity (s2-errors.md 2.4 rule 1; ARCHITECTURE.md section 17 default 6).	sweep: ret-compare.tsv:2324 (data row 2323). Producer: scan_op->get_output_result_iter()->get_next_rows(count, capacity) at src/sql/das/iter/ob_das_merge_iter.cpp:685, one of several tasks; scan_op->get_output_result_iter() is the DAS scan task's result iterator (src/sql/das/ob_das_scan_op.h:310), which ends with OB_ITER_END once the task's rows are exhausted; for a local task it is the scan iterator tree, whose leaves pass on the storage scan's end (ObDASScanIter passes on the storage scan iterator's OB_ITER_END (src/sql/das/iter/ob_das_scan_iter.cpp:124-125, :137-138), which ObTableScanIterator answers once its rows are exhausted (src/storage/access/ob_table_scan_iterator.cpp:604, :611, :634, :642)). Holder: the local ret (ob_das_merge_iter.cpp:646). Code's branch: a last batch with rows resets ret (ob_das_merge_iter.cpp:687; reset.tsv:1253) so it is saved and compared (ob_das_merge_iter.cpp:689-698); an empty one reaches the next arm (ob_das_merge_iter.cpp:699, ret-compare.tsv:2325).	confirmed
src/sql/das/iter/ob_das_merge_iter.cpp	ObDASMergeIter::get_next_sorted_rows	line 699: ret == OB_ITER_END	END_OF_DATA	The if / else-if chain over codes on ret at src/sql/das/iter/ob_das_merge_iter.cpp:689-703 is match ret { Ok(()) => { <update_wild_datum_ptr, the save and the compare> } Err(OB_ITER_END) => { ret = Ok(()); self.merge_state_arr_[i].das_task_iter_end_ = true; } _ => {} } (s2-errors.md 2.3's table; RULEBOOK 2.1), the last arm empty like the C++ else (s2-errors.md 2.3: empty branches stay); this row is its second arm, on the local ret, an ObResult, in the local-ret form (s2-errors.md 2.3); the reset and the flag stay in the C++ order (s2-errors.md 2.4 rule 1). The DAS iterators keep ending with Err(OB_ITER_END), get_next_rows setting the last batch's count, never an Option or a bool, until parity (s2-errors.md 2.4 rule 1; ARCHITECTURE.md section 17 default 6).	sweep: ret-compare.tsv:2325 (data row 2324). Producer: scan_op->get_output_result_iter()->get_next_rows(count, capacity) at src/sql/das/iter/ob_das_merge_iter.cpp:685, an empty last batch; scan_op->get_output_result_iter() is the DAS scan task's result iterator (src/sql/das/ob_das_scan_op.h:310), which ends with OB_ITER_END once the task's rows are exhausted; for a local task it is the scan iterator tree, whose leaves pass on the storage scan's end (ObDASScanIter passes on the storage scan iterator's OB_ITER_END (src/sql/das/iter/ob_das_scan_iter.cpp:124-125, :137-138), which ObTableScanIterator answers once its rows are exhausted (src/storage/access/ob_table_scan_iterator.cpp:604, :611, :634, :642)). Holder: the local ret (ob_das_merge_iter.cpp:646). Code's branch: ret = OB_SUCCESS and das_task_iter_end_ = true (ob_das_merge_iter.cpp:700-701; reset.tsv:1254): this task is used up and the merge goes on with the others. The code itself never leaves the function.	confirmed
src/sql/das/iter/ob_das_mvi_lookup_iter.cpp	ObDASMVILookupIter::inner_get_next_row	line 49: ret == OB_ITER_END	END_OF_DATA	if ob_succ!(ret = self.index_table_iter_.get_next_row()) { .. } if matches!(ret, Err(OB_ITER_END)) { self.state_ = FINISHED; } on the local ret, an ObResult, in the local-ret form (s2-errors.md 2.3); the state change stays where the C++ has it (s2-errors.md 2.4 rule 1). The DAS iterators keep ending with Err(OB_ITER_END), get_next_rows setting the last batch's count, never an Option or a bool, until parity (s2-errors.md 2.4 rule 1; ARCHITECTURE.md section 17 default 6).	sweep: ret-compare.tsv:2326 (data row 2325). Producer: index_table_iter_->get_next_row() at src/sql/das/iter/ob_das_mvi_lookup_iter.cpp:39, the multi-value index scan; index_table_iter_ and data_table_iter_ are ObDASIter pointers (src/sql/das/iter/ob_das_lookup_iter.h:117-118); ObDASIter::get_next_row and get_next_rows call the pure virtual inner_get_next_row and inner_get_next_rows (src/sql/das/iter/ob_das_iter.cpp:108, :120; src/sql/das/iter/ob_das_iter.h:138-139), and at the leaves ObDASScanIter passes on the storage scan iterator's OB_ITER_END (src/sql/das/iter/ob_das_scan_iter.cpp:124-125, :137-138), which ObTableScanIterator answers once its rows are exhausted (src/storage/access/ob_table_scan_iterator.cpp:604, :611, :634, :642). Holder: the local ret (ob_das_mvi_lookup_iter.cpp:32). Code's branch: state_ = FINISHED (ob_das_mvi_lookup_iter.cpp:50), so later calls answer OB_ITER_END at once (ob_das_mvi_lookup_iter.cpp:74-75); the code stays in ret, ends the do-while (ob_das_mvi_lookup_iter.cpp:83) and is returned (ob_das_mvi_lookup_iter.cpp:85). Consumer: ObDASIter::get_next_row and get_next_rows return it unchanged to the parent iterator or the DAS scan operator (src/sql/das/iter/ob_das_iter.cpp:108, :120).	confirmed
src/sql/das/iter/ob_das_scan_iter.cpp	ObDASScanIter::do_table_scan	line 82: ret == OB_SNAPSHOT_DISCARDED	OTHER	} else if ob_fail!(ret = self.tsc_service_.table_scan(scan_param, &mut self.result_)) { if matches!(ret, Err(OB_SNAPSHOT_DISCARDED)) && scan_param.fb_snapshot_.is_valid() { ret = Err(OB_INVALID_QUERY_TIMESTAMP); } else if !matches!(ret, Err(OB_TRY_LOCK_ROW_CONFLICT)) { } } as the C++ writes it (RULEBOOK section 0, 'Keep the control flow'; s2-errors.md 2.4 rule 1), on the local ret, an ObResult, in the local-ret form (s2-errors.md 2.3); the && keeps its two terms (s2-errors.md 2.3's table).	sweep: ret-compare.tsv:2327 (data row 2326). Producer: tsc_service_->table_scan(*scan_param_, result_) at src/sql/das/iter/ob_das_scan_iter.cpp:81; tsc_service_ is the ObITabletScan interface (src/sql/das/iter/ob_das_scan_iter.h:88), and the storage table scan behind it, ObITabletScan::table_scan (src/data_plane/api/data_plane/access/ob_tablet_scan.h:514), implemented for tables by ObAccessService::table_scan (src/storage/tx_storage/ob_access_service.cpp:335, :373), reaches ObLSTabletService::inner_table_scan (src/storage/ls/ob_ls_tablet_service.cpp:479), which sets OB_SNAPSHOT_DISCARDED for a flashback snapshot at its minimum (ob_ls_tablet_service.cpp:1297-1298), a snapshot that is always valid, since is_min() tests the same version as is_valid() (src/share/scn.h:35, :38). inner_table_scan also gets the code, whatever the flashback snapshot, from check_snapshot_readable_with_cache (src/storage/ls/ob_ls_tablet_service.cpp:1305), whose ObTablet::check_snapshot_readable sets it for a read snapshot older than the tablet's DDL snapshot (src/storage/tablet/ob_tablet.cpp:5415, :5424, :5462, :5480), and from the table store's choice of read tables (src/storage/tablet/ob_tablet_table_store.cpp:586, :603), reached when the scan's merge prepares its read tables (src/storage/access/ob_multiple_merge.cpp:159, :278). So both ways through the branch run: the flashback-minimum case and a flashback query the check rejects take the rename, and a scan without a valid flashback snapshot hands the code on. Holder: the local ret (ob_das_scan_iter.cpp:76). Code's branch: with a valid flashback snapshot, ret = OB_INVALID_QUERY_TIMESTAMP (ob_das_scan_iter.cpp:83), the error a flashback query too old for the kept history gives; otherwise the arm is skipped and the next test hands the code on (ob_das_scan_iter.cpp:84-85, ret-compare.tsv:2328). One way through the branch still reports the compared code, so the value is not RENAMED (vocabulary section 4, value 7, last sentences), and a rename is more than a log, so not PASSED_ON: OTHER, as for the reviewed row at src/logservice/ob_log_handler.cpp:518. Escapes: the code or its rename is returned (ob_das_scan_iter.cpp:88) to the callers of do_table_scan, among them the functional lookup (src/sql/das/iter/ob_das_functional_lookup_iter.cpp:120, ret-compare.tsv:2203).	confirmed
src/sql/das/iter/ob_das_scan_iter.cpp	ObDASScanIter::do_table_scan	line 84: ret != OB_TRY_LOCK_ROW_CONFLICT	PASSED_ON	} else if !matches!(ret, Err(OB_TRY_LOCK_ROW_CONFLICT)) { } with its empty body (s2-errors.md 2.3: empty branches stay), on the local ret, an ObResult, in the local-ret form (s2-errors.md 2.3); the code is returned as in C++, with no ok() or is_ok() swallowing it (s2-errors.md 2.12 item 2).	sweep: ret-compare.tsv:2328 (data row 2327). Producer: tsc_service_->table_scan(*scan_param_, result_) at src/sql/das/iter/ob_das_scan_iter.cpp:81, the storage table scan (src/data_plane/api/data_plane/access/ob_tablet_scan.h:514; src/storage/tx_storage/ob_access_service.cpp:335). The table scan path ignores for_update_ and leaves row locks to the upper layer (src/storage/ls/ob_ls_tablet_service.cpp:1280-1281), and no statement of inner_table_scan sets OB_TRY_LOCK_ROW_CONFLICT (ob_ls_tablet_service.cpp:1275-1317); the value does not depend on where the code comes from, since the branch hands it on unchanged. Holder: the local ret (ob_das_scan_iter.cpp:76). Code's branch: the comparison is false and nothing runs, so the code is returned (ob_das_scan_iter.cpp:88); the other codes get the same empty body. Escapes: the callers of do_table_scan receive it unchanged.	confirmed
src/sql/das/iter/ob_das_scan_iter.cpp	ObDASScanIter::rescan	line 97: ret == OB_SNAPSHOT_DISCARDED	OTHER	} else if ob_fail!(ret = self.tsc_service_.table_rescan(scan_param, &mut self.result_)) { if matches!(ret, Err(OB_SNAPSHOT_DISCARDED)) && scan_param.fb_snapshot_.is_valid() { ret = Err(OB_INVALID_QUERY_TIMESTAMP); } } else { .. } as the C++ writes it (RULEBOOK section 0, 'Keep the control flow'; s2-errors.md 2.4 rule 1), on the local ret, an ObResult, in the local-ret form (s2-errors.md 2.3); the && keeps its two terms (s2-errors.md 2.3's table).	sweep: ret-compare.tsv:2329 (data row 2328). Producer: tsc_service_->table_rescan(*scan_param_, result_) at src/sql/das/iter/ob_das_scan_iter.cpp:96, implemented for tables by ObAccessService::table_rescan (src/storage/tx_storage/ob_access_service.cpp:383, :419), which reaches ObLSTabletService::table_rescan and inner_table_scan (src/storage/ls/ob_ls_tablet_service.cpp:486, :498), where a flashback snapshot at its minimum gives OB_SNAPSHOT_DISCARDED (ob_ls_tablet_service.cpp:1297-1298), a snapshot that is always valid, since is_min() tests the same version as is_valid() (src/share/scn.h:35, :38). inner_table_scan also gets the code, whatever the flashback snapshot, from check_snapshot_readable_with_cache (src/storage/ls/ob_ls_tablet_service.cpp:1305), whose ObTablet::check_snapshot_readable sets it for a read snapshot older than the tablet's DDL snapshot (src/storage/tablet/ob_tablet.cpp:5415, :5424, :5462, :5480), and from the table store's choice of read tables (src/storage/tablet/ob_tablet_table_store.cpp:586, :603), reached when the scan's merge prepares its read tables (src/storage/access/ob_multiple_merge.cpp:159, :278). So both ways through the branch run: the flashback-minimum case and a flashback query the check rejects take the rename, and a scan without a valid flashback snapshot hands the code on. Holder: the local ret (ob_das_scan_iter.cpp:93). Code's branch: with a valid flashback snapshot, ret = OB_INVALID_QUERY_TIMESTAMP (ob_das_scan_iter.cpp:98); otherwise the code is returned as it is (ob_das_scan_iter.cpp:105). One way through the branch still reports the compared code, so the value is not RENAMED (vocabulary section 4, value 7, last sentences), and a rename is more than a log, so not PASSED_ON: OTHER, as for the reviewed row at src/logservice/ob_log_handler.cpp:518. Escapes: the callers of rescan receive the code or its rename.	confirmed
src/sql/das/iter/ob_das_scan_iter.cpp	ObDASScanIter::inner_get_next_row	line 125: ret != OB_ITER_END	END_OF_DATA	} else if ob_fail!(ret = self.result_.get_next_row()) { if !matches!(ret, Err(OB_ITER_END)) { } } with its empty body (s2-errors.md 2.3: empty branches stay), OB_UNLIKELY dropped where the C++ has it (RULEBOOK 2.3), on the local ret, an ObResult, in the local-ret form (s2-errors.md 2.3). The DAS iterators keep ending with Err(OB_ITER_END), get_next_rows setting the last batch's count, never an Option or a bool, until parity (s2-errors.md 2.4 rule 1; ARCHITECTURE.md section 17 default 6).	sweep: ret-compare.tsv:2330 (data row 2329). Producer: result_->get_next_row() at src/sql/das/iter/ob_das_scan_iter.cpp:124; result_ is the storage scan's common::ObNewRowIterator (src/sql/das/iter/ob_das_scan_iter.h:89), for tables the ObTableScanIterator (src/storage/access/ob_table_scan_iterator.h:50), which answers OB_ITER_END once its rows are exhausted (src/storage/access/ob_table_scan_iterator.cpp:604, :611). Holder: the local ret (ob_das_scan_iter.cpp:120). Code's branch: the body is empty and the code is returned (ob_das_scan_iter.cpp:128). Consumer: ObDASIter::get_next_row and get_next_rows return it unchanged to the parent iterator or the DAS scan operator (src/sql/das/iter/ob_das_iter.cpp:108, :120).	confirmed
src/sql/das/iter/ob_das_scan_iter.cpp	ObDASScanIter::inner_get_next_rows	line 138: ret != OB_ITER_END	END_OF_DATA	} else if ob_fail!(ret = self.result_.get_next_rows(count, capacity)) { if !matches!(ret, Err(OB_ITER_END)) { } } with its empty body (s2-errors.md 2.3: empty branches stay), OB_UNLIKELY dropped where the C++ has it (RULEBOOK 2.3), on the local ret, an ObResult, in the local-ret form (s2-errors.md 2.3). The DAS iterators keep ending with Err(OB_ITER_END), get_next_rows setting the last batch's count, never an Option or a bool, until parity (s2-errors.md 2.4 rule 1; ARCHITECTURE.md section 17 default 6).	sweep: ret-compare.tsv:2331 (data row 2330). Producer: result_->get_next_rows(count, capacity) at src/sql/das/iter/ob_das_scan_iter.cpp:137; result_ is the storage scan's common::ObNewRowIterator (src/sql/das/iter/ob_das_scan_iter.h:89), for tables the ObTableScanIterator (src/storage/access/ob_table_scan_iterator.h:50), which answers OB_ITER_END with the last batch's count once its rows are exhausted (src/storage/access/ob_table_scan_iterator.cpp:634, :642). Holder: the local ret (ob_das_scan_iter.cpp:133). Code's branch: the body is empty; the debug print of the batch and the return follow for every code (ob_das_scan_iter.cpp:141-143). Consumer: ObDASIter::get_next_row and get_next_rows return it unchanged to the parent iterator or the DAS scan operator (src/sql/das/iter/ob_das_iter.cpp:108, :120).	confirmed
