file	symbol	source_construct	classification	target_translation	evidence	status
src/share/ob_ddl_task_executor.h	ObIDDLTask::in_ddl_retry_black_list	line 70: other variable ret_code == OB_SERVER_OUTOF_DISK_SPACE; other variable ret_code == OB_DISK_ERROR; other variable ret_code == OB_NOT_SUPPORTED	CODE_PREDICATE	The static predicate stays in ObIDDLTask and takes ObError (s2-errors.md 2.1 rule 6): fn in_ddl_retry_black_list(ret_code: ObError) -> bool { matches!(ret_code, OB_SERVER_OUTOF_DISK_SPACE | OB_DISK_ERROR | OB_NOT_SUPPORTED | OB_ERR_DATA_TOO_LONG | OB_ERR_TOO_LONG_KEY_LENGTH) }, one pattern for the || chain, the codes in the C++ order (s2-errors.md 2.1 rule 3); this row is its OB_SERVER_OUTOF_DISK_SPACE, OB_DISK_ERROR and OB_NOT_SUPPORTED alternatives. A caller holding a result writes ret.is_err_and(ObIDDLTask::in_ddl_retry_black_list), false for Ok(()) as the C++ is for 0 (s2-errors.md 2.1 rule 6).	sweep: ret-compare.tsv:1734 (data row 1733). Signature: static bool in_ddl_retry_black_list(const int ret_code) (ob_ddl_task_executor.h:68), which returns an || of == tests on ret_code (ob_ddl_task_executor.h:70-71), so it answers false for OB_SUCCESS and true for OB_SERVER_OUTOF_DISK_SPACE, OB_DISK_ERROR and OB_NOT_SUPPORTED. Producer: the caller's argument. Holder: the parameter ret_code, which holds only codes, so an ObError (s2-errors.md 2.1 rule 6). Caller: ObDDLTask::is_error_need_retry answers no retry for a black-listed code before it consults the white list (src/rootserver/ddl_task/ob_ddl_task.h:702-705); git grep -n in_ddl_retry_black_list 834bbee1e -- src finds no other caller.	confirmed
src/share/ob_ddl_task_executor.h	ObIDDLTask::in_ddl_retry_black_list	line 71: other variable ret_code == OB_ERR_DATA_TOO_LONG; other variable ret_code == OB_ERR_TOO_LONG_KEY_LENGTH	CODE_PREDICATE	The static predicate stays in ObIDDLTask and takes ObError (s2-errors.md 2.1 rule 6): fn in_ddl_retry_black_list(ret_code: ObError) -> bool { matches!(ret_code, OB_SERVER_OUTOF_DISK_SPACE | OB_DISK_ERROR | OB_NOT_SUPPORTED | OB_ERR_DATA_TOO_LONG | OB_ERR_TOO_LONG_KEY_LENGTH) }, one pattern for the || chain, the codes in the C++ order (s2-errors.md 2.1 rule 3); this row is its OB_ERR_DATA_TOO_LONG and OB_ERR_TOO_LONG_KEY_LENGTH alternatives. A caller holding a result writes ret.is_err_and(ObIDDLTask::in_ddl_retry_black_list), false for Ok(()) as the C++ is for 0 (s2-errors.md 2.1 rule 6).	sweep: ret-compare.tsv:1735 (data row 1734). Signature: static bool in_ddl_retry_black_list(const int ret_code) (ob_ddl_task_executor.h:68), which returns an || of == tests on ret_code (ob_ddl_task_executor.h:70-71), so it answers false for OB_SUCCESS and true for OB_ERR_DATA_TOO_LONG and OB_ERR_TOO_LONG_KEY_LENGTH. Producer: the caller's argument. Holder: the parameter ret_code, which holds only codes, so an ObError (s2-errors.md 2.1 rule 6). Caller: ObDDLTask::is_error_need_retry answers no retry for a black-listed code before it consults the white list (src/rootserver/ddl_task/ob_ddl_task.h:702-705); git grep -n in_ddl_retry_black_list 834bbee1e -- src finds no other caller.	confirmed
src/share/ob_ddl_task_executor.h	ObIDDLTask::is_ddl_force_no_more_process	line 75: other variable ret_code == OB_STANDBY_DATABASE_READ_ONLY	CODE_PREDICATE	The static predicate stays in ObIDDLTask and takes ObError (s2-errors.md 2.1 rule 6): fn is_ddl_force_no_more_process(ret_code: ObError) -> bool { matches!(ret_code, OB_STANDBY_DATABASE_READ_ONLY) }, the single == test as one pattern (s2-errors.md 2.1 rule 3); this row is its OB_STANDBY_DATABASE_READ_ONLY alternative. A caller holding a result writes ret.is_err_and(ObIDDLTask::is_ddl_force_no_more_process), false for Ok(()) as the C++ is for 0 (s2-errors.md 2.1 rule 6).	sweep: ret-compare.tsv:1736 (data row 1735). Signature: static bool is_ddl_force_no_more_process(const int ret_code) (ob_ddl_task_executor.h:73), which returns one == test on ret_code (ob_ddl_task_executor.h:75), so it answers false for OB_SUCCESS and true for OB_STANDBY_DATABASE_READ_ONLY. Producer: the caller's argument. Holder: the parameter ret_code, which holds only codes, so an ObError (s2-errors.md 2.1 rule 6). Caller: ObDDLScheduler::do_work puts a task that needs a retry back on its queue only when this answers false for the task's process() code (src/rootserver/ddl_task/ob_ddl_scheduler.cpp:963, :966-967); git grep -n is_ddl_force_no_more_process 834bbee1e -- src finds no other caller.	confirmed
src/share/ob_ddl_task_executor.h	ObIDDLTask::is_timeout	line 79: other variable ret_code == OB_TIMEOUT; other variable ret_code == OB_TRANS_STMT_TIMEOUT; other variable ret_code == OB_CONNECT_ERROR	CODE_PREDICATE	The private static predicate stays in ObIDDLTask and takes ObError (s2-errors.md 2.1 rule 6): fn is_timeout(ret_code: ObError) -> bool { matches!(ret_code, OB_TIMEOUT | OB_TRANS_STMT_TIMEOUT | OB_CONNECT_ERROR | OB_WAITQUEUE_TIMEOUT | OB_SESSION_NOT_FOUND | OB_TRANS_TIMEOUT | OB_TRANS_UNKNOWN | OB_GET_LOCATION_TIME_OUT | OB_PACKET_STATUS_UNKNOWN | OB_TRANS_NEED_ROLLBACK | OB_RPC_SEND_ERROR | OB_RPC_CONNECT_ERROR | OB_RPC_POST_ERROR | OB_TRANS_ROLLBACKED | OB_TRANS_KILLED | OB_TRANS_RPC_TIMEOUT | OB_LIBEASY_ERROR | OB_TRANS_CTX_NOT_EXIST | OB_ERR_SESSION_INTERRUPTED) }, one pattern for the || chain, the codes in the C++ order (s2-errors.md 2.1 rule 3); this row is its OB_TIMEOUT, OB_TRANS_STMT_TIMEOUT and OB_CONNECT_ERROR alternatives. The second OB_GET_LOCATION_TIME_OUT test (ob_ddl_task_executor.h:84) repeats the one of :81 and is written once: repeated in the pattern it would be an unreachable alternative naming a catalog code, which the Step 4 gate fails on (s2-errors.md 2.11 rule 6), and leaving it out changes no answer. in_ddl_retry_white_list, whose parameter also becomes ObError, calls it as Self::is_timeout(ret_code) in its || chain; a caller of that holding a result writes ret.is_err_and(ObIDDLTask::in_ddl_retry_white_list), false for Ok(()) as the C++ is for 0 (s2-errors.md 2.1 rule 6).	sweep: ret-compare.tsv:1737 (data row 1736). Signature: static bool is_timeout(const int ret_code) (ob_ddl_task_executor.h:78), under the private: label (ob_ddl_task_executor.h:77), which returns an || of == tests on ret_code (ob_ddl_task_executor.h:79-85), so it answers false for OB_SUCCESS and true for OB_TIMEOUT, OB_TRANS_STMT_TIMEOUT and OB_CONNECT_ERROR. Producer: the caller's argument. Holder: the parameter ret_code, which holds only codes, so an ObError (s2-errors.md 2.1 rule 6). The chain tests OB_GET_LOCATION_TIME_OUT twice (ob_ddl_task_executor.h:81, :84); the second test can only repeat the first one's answer. Caller: in_ddl_retry_white_list, the || of the private predicates (ob_ddl_task_executor.h:62-66); the callers of that are the DDL tasks' retry checks, the vector-index and local-build executors, ObDDLExecutorUtil::wait_ddl_finish (src/sql/engine/cmd/ob_ddl_executor_util.cpp:83) and ObUniqueIndexChecker::check_unique_index (src/storage/ddl/ob_build_index_task.cpp:428) (git grep -n in_ddl_retry_white_list 834bbee1e -- src).	confirmed
src/share/ob_ddl_task_executor.h	ObIDDLTask::is_timeout	line 80: other variable ret_code == OB_WAITQUEUE_TIMEOUT; other variable ret_code == OB_SESSION_NOT_FOUND; other variable ret_code == OB_TRANS_TIMEOUT	CODE_PREDICATE	The private static predicate stays in ObIDDLTask and takes ObError (s2-errors.md 2.1 rule 6): fn is_timeout(ret_code: ObError) -> bool { matches!(ret_code, OB_TIMEOUT | OB_TRANS_STMT_TIMEOUT | OB_CONNECT_ERROR | OB_WAITQUEUE_TIMEOUT | OB_SESSION_NOT_FOUND | OB_TRANS_TIMEOUT | OB_TRANS_UNKNOWN | OB_GET_LOCATION_TIME_OUT | OB_PACKET_STATUS_UNKNOWN | OB_TRANS_NEED_ROLLBACK | OB_RPC_SEND_ERROR | OB_RPC_CONNECT_ERROR | OB_RPC_POST_ERROR | OB_TRANS_ROLLBACKED | OB_TRANS_KILLED | OB_TRANS_RPC_TIMEOUT | OB_LIBEASY_ERROR | OB_TRANS_CTX_NOT_EXIST | OB_ERR_SESSION_INTERRUPTED) }, one pattern for the || chain, the codes in the C++ order (s2-errors.md 2.1 rule 3); this row is its OB_WAITQUEUE_TIMEOUT, OB_SESSION_NOT_FOUND and OB_TRANS_TIMEOUT alternatives. The second OB_GET_LOCATION_TIME_OUT test (ob_ddl_task_executor.h:84) repeats the one of :81 and is written once: repeated in the pattern it would be an unreachable alternative naming a catalog code, which the Step 4 gate fails on (s2-errors.md 2.11 rule 6), and leaving it out changes no answer. in_ddl_retry_white_list, whose parameter also becomes ObError, calls it as Self::is_timeout(ret_code) in its || chain; a caller of that holding a result writes ret.is_err_and(ObIDDLTask::in_ddl_retry_white_list), false for Ok(()) as the C++ is for 0 (s2-errors.md 2.1 rule 6).	sweep: ret-compare.tsv:1738 (data row 1737). Signature: static bool is_timeout(const int ret_code) (ob_ddl_task_executor.h:78), under the private: label (ob_ddl_task_executor.h:77), which returns an || of == tests on ret_code (ob_ddl_task_executor.h:79-85), so it answers false for OB_SUCCESS and true for OB_WAITQUEUE_TIMEOUT, OB_SESSION_NOT_FOUND and OB_TRANS_TIMEOUT. Producer: the caller's argument. Holder: the parameter ret_code, which holds only codes, so an ObError (s2-errors.md 2.1 rule 6). The chain tests OB_GET_LOCATION_TIME_OUT twice (ob_ddl_task_executor.h:81, :84); the second test can only repeat the first one's answer. Caller: in_ddl_retry_white_list, the || of the private predicates (ob_ddl_task_executor.h:62-66); the callers of that are the DDL tasks' retry checks, the vector-index and local-build executors, ObDDLExecutorUtil::wait_ddl_finish (src/sql/engine/cmd/ob_ddl_executor_util.cpp:83) and ObUniqueIndexChecker::check_unique_index (src/storage/ddl/ob_build_index_task.cpp:428) (git grep -n in_ddl_retry_white_list 834bbee1e -- src).	confirmed
src/share/ob_ddl_task_executor.h	ObIDDLTask::is_timeout	line 81: other variable ret_code == OB_TRANS_UNKNOWN; other variable ret_code == OB_GET_LOCATION_TIME_OUT; other variable ret_code == OB_PACKET_STATUS_UNKNOWN	CODE_PREDICATE	The private static predicate stays in ObIDDLTask and takes ObError (s2-errors.md 2.1 rule 6): fn is_timeout(ret_code: ObError) -> bool { matches!(ret_code, OB_TIMEOUT | OB_TRANS_STMT_TIMEOUT | OB_CONNECT_ERROR | OB_WAITQUEUE_TIMEOUT | OB_SESSION_NOT_FOUND | OB_TRANS_TIMEOUT | OB_TRANS_UNKNOWN | OB_GET_LOCATION_TIME_OUT | OB_PACKET_STATUS_UNKNOWN | OB_TRANS_NEED_ROLLBACK | OB_RPC_SEND_ERROR | OB_RPC_CONNECT_ERROR | OB_RPC_POST_ERROR | OB_TRANS_ROLLBACKED | OB_TRANS_KILLED | OB_TRANS_RPC_TIMEOUT | OB_LIBEASY_ERROR | OB_TRANS_CTX_NOT_EXIST | OB_ERR_SESSION_INTERRUPTED) }, one pattern for the || chain, the codes in the C++ order (s2-errors.md 2.1 rule 3); this row is its OB_TRANS_UNKNOWN, OB_GET_LOCATION_TIME_OUT and OB_PACKET_STATUS_UNKNOWN alternatives. The second OB_GET_LOCATION_TIME_OUT test (ob_ddl_task_executor.h:84) repeats the one of :81 and is written once: repeated in the pattern it would be an unreachable alternative naming a catalog code, which the Step 4 gate fails on (s2-errors.md 2.11 rule 6), and leaving it out changes no answer. in_ddl_retry_white_list, whose parameter also becomes ObError, calls it as Self::is_timeout(ret_code) in its || chain; a caller of that holding a result writes ret.is_err_and(ObIDDLTask::in_ddl_retry_white_list), false for Ok(()) as the C++ is for 0 (s2-errors.md 2.1 rule 6).	sweep: ret-compare.tsv:1739 (data row 1738). Signature: static bool is_timeout(const int ret_code) (ob_ddl_task_executor.h:78), under the private: label (ob_ddl_task_executor.h:77), which returns an || of == tests on ret_code (ob_ddl_task_executor.h:79-85), so it answers false for OB_SUCCESS and true for OB_TRANS_UNKNOWN, OB_GET_LOCATION_TIME_OUT and OB_PACKET_STATUS_UNKNOWN. Producer: the caller's argument. Holder: the parameter ret_code, which holds only codes, so an ObError (s2-errors.md 2.1 rule 6). The chain tests OB_GET_LOCATION_TIME_OUT twice (ob_ddl_task_executor.h:81, :84); the second test can only repeat the first one's answer. Caller: in_ddl_retry_white_list, the || of the private predicates (ob_ddl_task_executor.h:62-66); the callers of that are the DDL tasks' retry checks, the vector-index and local-build executors, ObDDLExecutorUtil::wait_ddl_finish (src/sql/engine/cmd/ob_ddl_executor_util.cpp:83) and ObUniqueIndexChecker::check_unique_index (src/storage/ddl/ob_build_index_task.cpp:428) (git grep -n in_ddl_retry_white_list 834bbee1e -- src).	confirmed
src/share/ob_ddl_task_executor.h	ObIDDLTask::is_timeout	line 82: other variable ret_code == OB_TRANS_NEED_ROLLBACK; other variable ret_code == OB_RPC_SEND_ERROR; other variable ret_code == OB_RPC_CONNECT_ERROR	CODE_PREDICATE	The private static predicate stays in ObIDDLTask and takes ObError (s2-errors.md 2.1 rule 6): fn is_timeout(ret_code: ObError) -> bool { matches!(ret_code, OB_TIMEOUT | OB_TRANS_STMT_TIMEOUT | OB_CONNECT_ERROR | OB_WAITQUEUE_TIMEOUT | OB_SESSION_NOT_FOUND | OB_TRANS_TIMEOUT | OB_TRANS_UNKNOWN | OB_GET_LOCATION_TIME_OUT | OB_PACKET_STATUS_UNKNOWN | OB_TRANS_NEED_ROLLBACK | OB_RPC_SEND_ERROR | OB_RPC_CONNECT_ERROR | OB_RPC_POST_ERROR | OB_TRANS_ROLLBACKED | OB_TRANS_KILLED | OB_TRANS_RPC_TIMEOUT | OB_LIBEASY_ERROR | OB_TRANS_CTX_NOT_EXIST | OB_ERR_SESSION_INTERRUPTED) }, one pattern for the || chain, the codes in the C++ order (s2-errors.md 2.1 rule 3); this row is its OB_TRANS_NEED_ROLLBACK, OB_RPC_SEND_ERROR and OB_RPC_CONNECT_ERROR alternatives. The second OB_GET_LOCATION_TIME_OUT test (ob_ddl_task_executor.h:84) repeats the one of :81 and is written once: repeated in the pattern it would be an unreachable alternative naming a catalog code, which the Step 4 gate fails on (s2-errors.md 2.11 rule 6), and leaving it out changes no answer. in_ddl_retry_white_list, whose parameter also becomes ObError, calls it as Self::is_timeout(ret_code) in its || chain; a caller of that holding a result writes ret.is_err_and(ObIDDLTask::in_ddl_retry_white_list), false for Ok(()) as the C++ is for 0 (s2-errors.md 2.1 rule 6).	sweep: ret-compare.tsv:1740 (data row 1739). Signature: static bool is_timeout(const int ret_code) (ob_ddl_task_executor.h:78), under the private: label (ob_ddl_task_executor.h:77), which returns an || of == tests on ret_code (ob_ddl_task_executor.h:79-85), so it answers false for OB_SUCCESS and true for OB_TRANS_NEED_ROLLBACK, OB_RPC_SEND_ERROR and OB_RPC_CONNECT_ERROR. Producer: the caller's argument. Holder: the parameter ret_code, which holds only codes, so an ObError (s2-errors.md 2.1 rule 6). The chain tests OB_GET_LOCATION_TIME_OUT twice (ob_ddl_task_executor.h:81, :84); the second test can only repeat the first one's answer. Caller: in_ddl_retry_white_list, the || of the private predicates (ob_ddl_task_executor.h:62-66); the callers of that are the DDL tasks' retry checks, the vector-index and local-build executors, ObDDLExecutorUtil::wait_ddl_finish (src/sql/engine/cmd/ob_ddl_executor_util.cpp:83) and ObUniqueIndexChecker::check_unique_index (src/storage/ddl/ob_build_index_task.cpp:428) (git grep -n in_ddl_retry_white_list 834bbee1e -- src).	confirmed
src/share/ob_ddl_task_executor.h	ObIDDLTask::is_timeout	line 83: other variable ret_code == OB_RPC_POST_ERROR; other variable ret_code == OB_TRANS_ROLLBACKED; other variable ret_code == OB_TRANS_KILLED	CODE_PREDICATE	The private static predicate stays in ObIDDLTask and takes ObError (s2-errors.md 2.1 rule 6): fn is_timeout(ret_code: ObError) -> bool { matches!(ret_code, OB_TIMEOUT | OB_TRANS_STMT_TIMEOUT | OB_CONNECT_ERROR | OB_WAITQUEUE_TIMEOUT | OB_SESSION_NOT_FOUND | OB_TRANS_TIMEOUT | OB_TRANS_UNKNOWN | OB_GET_LOCATION_TIME_OUT | OB_PACKET_STATUS_UNKNOWN | OB_TRANS_NEED_ROLLBACK | OB_RPC_SEND_ERROR | OB_RPC_CONNECT_ERROR | OB_RPC_POST_ERROR | OB_TRANS_ROLLBACKED | OB_TRANS_KILLED | OB_TRANS_RPC_TIMEOUT | OB_LIBEASY_ERROR | OB_TRANS_CTX_NOT_EXIST | OB_ERR_SESSION_INTERRUPTED) }, one pattern for the || chain, the codes in the C++ order (s2-errors.md 2.1 rule 3); this row is its OB_RPC_POST_ERROR, OB_TRANS_ROLLBACKED and OB_TRANS_KILLED alternatives. The second OB_GET_LOCATION_TIME_OUT test (ob_ddl_task_executor.h:84) repeats the one of :81 and is written once: repeated in the pattern it would be an unreachable alternative naming a catalog code, which the Step 4 gate fails on (s2-errors.md 2.11 rule 6), and leaving it out changes no answer. in_ddl_retry_white_list, whose parameter also becomes ObError, calls it as Self::is_timeout(ret_code) in its || chain; a caller of that holding a result writes ret.is_err_and(ObIDDLTask::in_ddl_retry_white_list), false for Ok(()) as the C++ is for 0 (s2-errors.md 2.1 rule 6).	sweep: ret-compare.tsv:1741 (data row 1740). Signature: static bool is_timeout(const int ret_code) (ob_ddl_task_executor.h:78), under the private: label (ob_ddl_task_executor.h:77), which returns an || of == tests on ret_code (ob_ddl_task_executor.h:79-85), so it answers false for OB_SUCCESS and true for OB_RPC_POST_ERROR, OB_TRANS_ROLLBACKED and OB_TRANS_KILLED. Producer: the caller's argument. Holder: the parameter ret_code, which holds only codes, so an ObError (s2-errors.md 2.1 rule 6). The chain tests OB_GET_LOCATION_TIME_OUT twice (ob_ddl_task_executor.h:81, :84); the second test can only repeat the first one's answer. Caller: in_ddl_retry_white_list, the || of the private predicates (ob_ddl_task_executor.h:62-66); the callers of that are the DDL tasks' retry checks, the vector-index and local-build executors, ObDDLExecutorUtil::wait_ddl_finish (src/sql/engine/cmd/ob_ddl_executor_util.cpp:83) and ObUniqueIndexChecker::check_unique_index (src/storage/ddl/ob_build_index_task.cpp:428) (git grep -n in_ddl_retry_white_list 834bbee1e -- src).	confirmed
src/share/ob_ddl_task_executor.h	ObIDDLTask::is_timeout	line 84: other variable ret_code == OB_GET_LOCATION_TIME_OUT; other variable ret_code == OB_TRANS_RPC_TIMEOUT; other variable ret_code == OB_LIBEASY_ERROR	CODE_PREDICATE	The private static predicate stays in ObIDDLTask and takes ObError (s2-errors.md 2.1 rule 6): fn is_timeout(ret_code: ObError) -> bool { matches!(ret_code, OB_TIMEOUT | OB_TRANS_STMT_TIMEOUT | OB_CONNECT_ERROR | OB_WAITQUEUE_TIMEOUT | OB_SESSION_NOT_FOUND | OB_TRANS_TIMEOUT | OB_TRANS_UNKNOWN | OB_GET_LOCATION_TIME_OUT | OB_PACKET_STATUS_UNKNOWN | OB_TRANS_NEED_ROLLBACK | OB_RPC_SEND_ERROR | OB_RPC_CONNECT_ERROR | OB_RPC_POST_ERROR | OB_TRANS_ROLLBACKED | OB_TRANS_KILLED | OB_TRANS_RPC_TIMEOUT | OB_LIBEASY_ERROR | OB_TRANS_CTX_NOT_EXIST | OB_ERR_SESSION_INTERRUPTED) }, one pattern for the || chain, the codes in the C++ order (s2-errors.md 2.1 rule 3); this row is its OB_TRANS_RPC_TIMEOUT and OB_LIBEASY_ERROR alternatives, and its OB_GET_LOCATION_TIME_OUT term is the repeat below. The second OB_GET_LOCATION_TIME_OUT test (ob_ddl_task_executor.h:84) repeats the one of :81 and is written once: repeated in the pattern it would be an unreachable alternative naming a catalog code, which the Step 4 gate fails on (s2-errors.md 2.11 rule 6), and leaving it out changes no answer. in_ddl_retry_white_list, whose parameter also becomes ObError, calls it as Self::is_timeout(ret_code) in its || chain; a caller of that holding a result writes ret.is_err_and(ObIDDLTask::in_ddl_retry_white_list), false for Ok(()) as the C++ is for 0 (s2-errors.md 2.1 rule 6).	sweep: ret-compare.tsv:1742 (data row 1741). Signature: static bool is_timeout(const int ret_code) (ob_ddl_task_executor.h:78), under the private: label (ob_ddl_task_executor.h:77), which returns an || of == tests on ret_code (ob_ddl_task_executor.h:79-85), so it answers false for OB_SUCCESS and true for this row's three terms, OB_GET_LOCATION_TIME_OUT, OB_TRANS_RPC_TIMEOUT and OB_LIBEASY_ERROR. Producer: the caller's argument. Holder: the parameter ret_code, which holds only codes, so an ObError (s2-errors.md 2.1 rule 6). The chain tests OB_GET_LOCATION_TIME_OUT twice (ob_ddl_task_executor.h:81, :84); the second test can only repeat the first one's answer. Caller: in_ddl_retry_white_list, the || of the private predicates (ob_ddl_task_executor.h:62-66); the callers of that are the DDL tasks' retry checks, the vector-index and local-build executors, ObDDLExecutorUtil::wait_ddl_finish (src/sql/engine/cmd/ob_ddl_executor_util.cpp:83) and ObUniqueIndexChecker::check_unique_index (src/storage/ddl/ob_build_index_task.cpp:428) (git grep -n in_ddl_retry_white_list 834bbee1e -- src).	confirmed
src/share/ob_ddl_task_executor.h	ObIDDLTask::is_timeout	line 85: other variable ret_code == OB_TRANS_CTX_NOT_EXIST; other variable ret_code == OB_ERR_SESSION_INTERRUPTED	CODE_PREDICATE	The private static predicate stays in ObIDDLTask and takes ObError (s2-errors.md 2.1 rule 6): fn is_timeout(ret_code: ObError) -> bool { matches!(ret_code, OB_TIMEOUT | OB_TRANS_STMT_TIMEOUT | OB_CONNECT_ERROR | OB_WAITQUEUE_TIMEOUT | OB_SESSION_NOT_FOUND | OB_TRANS_TIMEOUT | OB_TRANS_UNKNOWN | OB_GET_LOCATION_TIME_OUT | OB_PACKET_STATUS_UNKNOWN | OB_TRANS_NEED_ROLLBACK | OB_RPC_SEND_ERROR | OB_RPC_CONNECT_ERROR | OB_RPC_POST_ERROR | OB_TRANS_ROLLBACKED | OB_TRANS_KILLED | OB_TRANS_RPC_TIMEOUT | OB_LIBEASY_ERROR | OB_TRANS_CTX_NOT_EXIST | OB_ERR_SESSION_INTERRUPTED) }, one pattern for the || chain, the codes in the C++ order (s2-errors.md 2.1 rule 3); this row is its OB_TRANS_CTX_NOT_EXIST and OB_ERR_SESSION_INTERRUPTED alternatives. The second OB_GET_LOCATION_TIME_OUT test (ob_ddl_task_executor.h:84) repeats the one of :81 and is written once: repeated in the pattern it would be an unreachable alternative naming a catalog code, which the Step 4 gate fails on (s2-errors.md 2.11 rule 6), and leaving it out changes no answer. in_ddl_retry_white_list, whose parameter also becomes ObError, calls it as Self::is_timeout(ret_code) in its || chain; a caller of that holding a result writes ret.is_err_and(ObIDDLTask::in_ddl_retry_white_list), false for Ok(()) as the C++ is for 0 (s2-errors.md 2.1 rule 6).	sweep: ret-compare.tsv:1743 (data row 1742). Signature: static bool is_timeout(const int ret_code) (ob_ddl_task_executor.h:78), under the private: label (ob_ddl_task_executor.h:77), which returns an || of == tests on ret_code (ob_ddl_task_executor.h:79-85), so it answers false for OB_SUCCESS and true for OB_TRANS_CTX_NOT_EXIST and OB_ERR_SESSION_INTERRUPTED. Producer: the caller's argument. Holder: the parameter ret_code, which holds only codes, so an ObError (s2-errors.md 2.1 rule 6). The chain tests OB_GET_LOCATION_TIME_OUT twice (ob_ddl_task_executor.h:81, :84); the second test can only repeat the first one's answer. Caller: in_ddl_retry_white_list, the || of the private predicates (ob_ddl_task_executor.h:62-66); the callers of that are the DDL tasks' retry checks, the vector-index and local-build executors, ObDDLExecutorUtil::wait_ddl_finish (src/sql/engine/cmd/ob_ddl_executor_util.cpp:83) and ObUniqueIndexChecker::check_unique_index (src/storage/ddl/ob_build_index_task.cpp:428) (git grep -n in_ddl_retry_white_list 834bbee1e -- src).	confirmed
src/share/ob_ddl_task_executor.h	ObIDDLTask::is_retry	line 88: other variable ret_code == OB_EAGAIN; other variable ret_code == OB_DDL_SCHEMA_VERSION_NOT_MATCH; other variable ret_code == OB_TASK_EXPIRED; other variable ret_code == OB_NEED_RETRY	CODE_PREDICATE	The private static predicate stays in ObIDDLTask and takes ObError (s2-errors.md 2.1 rule 6): fn is_retry(ret_code: ObError) -> bool { matches!(ret_code, OB_EAGAIN | OB_DDL_SCHEMA_VERSION_NOT_MATCH | OB_TASK_EXPIRED | OB_NEED_RETRY | OB_ERR_SHARED_LOCK_CONFLICT | OB_SCHEMA_EAGAIN | OB_DATA_NOT_UPTODATE | OB_ERR_EXCLUSIVE_LOCK_CONFLICT | OB_ERR_EXCLUSIVE_LOCK_CONFLICT_NOWAIT | OB_TRANS_STMT_NEED_RETRY | OB_SCHEMA_NOT_UPTODATE | OB_TRANSACTION_SET_VIOLATION | OB_TRY_LOCK_ROW_CONFLICT | OB_TRANS_CANNOT_SERIALIZE | OB_GTI_NOT_READY | OB_TRANS_WEAK_READ_VERSION_NOT_READY | OB_REPLICA_NOT_READABLE | OB_ERR_INSUFFICIENT_PX_WORKER | OB_EXCEED_MEM_LIMIT | OB_INACTIVE_SQL_CLIENT | OB_INACTIVE_RPC_PROXY | OB_LS_OFFLINE) }, one pattern for the || chain, the codes in the C++ order (s2-errors.md 2.1 rule 3); this row is its OB_EAGAIN, OB_DDL_SCHEMA_VERSION_NOT_MATCH, OB_TASK_EXPIRED and OB_NEED_RETRY alternatives. The second OB_ERR_EXCLUSIVE_LOCK_CONFLICT test on ob_ddl_task_executor.h:90 repeats the first and is written once: repeated in the pattern it would be an unreachable alternative naming a catalog code, which the Step 4 gate fails on (s2-errors.md 2.11 rule 6), and leaving it out changes no answer. in_ddl_retry_white_list, whose parameter also becomes ObError, calls it as Self::is_retry(ret_code) in its || chain; a caller of that holding a result writes ret.is_err_and(ObIDDLTask::in_ddl_retry_white_list), false for Ok(()) as the C++ is for 0 (s2-errors.md 2.1 rule 6).	sweep: ret-compare.tsv:1744 (data row 1743). Signature: static bool is_retry(const int ret_code) (ob_ddl_task_executor.h:87), under the private: label (ob_ddl_task_executor.h:77), which returns an || of == tests on ret_code (ob_ddl_task_executor.h:88-94), so it answers false for OB_SUCCESS and true for OB_EAGAIN, OB_DDL_SCHEMA_VERSION_NOT_MATCH, OB_TASK_EXPIRED and OB_NEED_RETRY. Producer: the caller's argument. Holder: the parameter ret_code, which holds only codes, so an ObError (s2-errors.md 2.1 rule 6). ob_ddl_task_executor.h:90 tests OB_ERR_EXCLUSIVE_LOCK_CONFLICT twice; the second test can only repeat the first one's answer. Caller: in_ddl_retry_white_list, the || of the private predicates (ob_ddl_task_executor.h:62-66); the callers of that are the DDL tasks' retry checks, the vector-index and local-build executors, ObDDLExecutorUtil::wait_ddl_finish (src/sql/engine/cmd/ob_ddl_executor_util.cpp:83) and ObUniqueIndexChecker::check_unique_index (src/storage/ddl/ob_build_index_task.cpp:428) (git grep -n in_ddl_retry_white_list 834bbee1e -- src).	confirmed
src/share/ob_ddl_task_executor.h	ObIDDLTask::is_retry	line 89: other variable ret_code == OB_ERR_SHARED_LOCK_CONFLICT; other variable ret_code == OB_SCHEMA_EAGAIN; other variable ret_code == OB_DATA_NOT_UPTODATE	CODE_PREDICATE	The private static predicate stays in ObIDDLTask and takes ObError (s2-errors.md 2.1 rule 6): fn is_retry(ret_code: ObError) -> bool { matches!(ret_code, OB_EAGAIN | OB_DDL_SCHEMA_VERSION_NOT_MATCH | OB_TASK_EXPIRED | OB_NEED_RETRY | OB_ERR_SHARED_LOCK_CONFLICT | OB_SCHEMA_EAGAIN | OB_DATA_NOT_UPTODATE | OB_ERR_EXCLUSIVE_LOCK_CONFLICT | OB_ERR_EXCLUSIVE_LOCK_CONFLICT_NOWAIT | OB_TRANS_STMT_NEED_RETRY | OB_SCHEMA_NOT_UPTODATE | OB_TRANSACTION_SET_VIOLATION | OB_TRY_LOCK_ROW_CONFLICT | OB_TRANS_CANNOT_SERIALIZE | OB_GTI_NOT_READY | OB_TRANS_WEAK_READ_VERSION_NOT_READY | OB_REPLICA_NOT_READABLE | OB_ERR_INSUFFICIENT_PX_WORKER | OB_EXCEED_MEM_LIMIT | OB_INACTIVE_SQL_CLIENT | OB_INACTIVE_RPC_PROXY | OB_LS_OFFLINE) }, one pattern for the || chain, the codes in the C++ order (s2-errors.md 2.1 rule 3); this row is its OB_ERR_SHARED_LOCK_CONFLICT, OB_SCHEMA_EAGAIN and OB_DATA_NOT_UPTODATE alternatives. The second OB_ERR_EXCLUSIVE_LOCK_CONFLICT test on ob_ddl_task_executor.h:90 repeats the first and is written once: repeated in the pattern it would be an unreachable alternative naming a catalog code, which the Step 4 gate fails on (s2-errors.md 2.11 rule 6), and leaving it out changes no answer. in_ddl_retry_white_list, whose parameter also becomes ObError, calls it as Self::is_retry(ret_code) in its || chain; a caller of that holding a result writes ret.is_err_and(ObIDDLTask::in_ddl_retry_white_list), false for Ok(()) as the C++ is for 0 (s2-errors.md 2.1 rule 6).	sweep: ret-compare.tsv:1745 (data row 1744). Signature: static bool is_retry(const int ret_code) (ob_ddl_task_executor.h:87), under the private: label (ob_ddl_task_executor.h:77), which returns an || of == tests on ret_code (ob_ddl_task_executor.h:88-94), so it answers false for OB_SUCCESS and true for OB_ERR_SHARED_LOCK_CONFLICT, OB_SCHEMA_EAGAIN and OB_DATA_NOT_UPTODATE. Producer: the caller's argument. Holder: the parameter ret_code, which holds only codes, so an ObError (s2-errors.md 2.1 rule 6). ob_ddl_task_executor.h:90 tests OB_ERR_EXCLUSIVE_LOCK_CONFLICT twice; the second test can only repeat the first one's answer. Caller: in_ddl_retry_white_list, the || of the private predicates (ob_ddl_task_executor.h:62-66); the callers of that are the DDL tasks' retry checks, the vector-index and local-build executors, ObDDLExecutorUtil::wait_ddl_finish (src/sql/engine/cmd/ob_ddl_executor_util.cpp:83) and ObUniqueIndexChecker::check_unique_index (src/storage/ddl/ob_build_index_task.cpp:428) (git grep -n in_ddl_retry_white_list 834bbee1e -- src).	confirmed
src/share/ob_ddl_task_executor.h	ObIDDLTask::is_retry	line 90: other variable ret_code == OB_ERR_EXCLUSIVE_LOCK_CONFLICT; other variable ret_code == OB_ERR_EXCLUSIVE_LOCK_CONFLICT	CODE_PREDICATE	The private static predicate stays in ObIDDLTask and takes ObError (s2-errors.md 2.1 rule 6): fn is_retry(ret_code: ObError) -> bool { matches!(ret_code, OB_EAGAIN | OB_DDL_SCHEMA_VERSION_NOT_MATCH | OB_TASK_EXPIRED | OB_NEED_RETRY | OB_ERR_SHARED_LOCK_CONFLICT | OB_SCHEMA_EAGAIN | OB_DATA_NOT_UPTODATE | OB_ERR_EXCLUSIVE_LOCK_CONFLICT | OB_ERR_EXCLUSIVE_LOCK_CONFLICT_NOWAIT | OB_TRANS_STMT_NEED_RETRY | OB_SCHEMA_NOT_UPTODATE | OB_TRANSACTION_SET_VIOLATION | OB_TRY_LOCK_ROW_CONFLICT | OB_TRANS_CANNOT_SERIALIZE | OB_GTI_NOT_READY | OB_TRANS_WEAK_READ_VERSION_NOT_READY | OB_REPLICA_NOT_READABLE | OB_ERR_INSUFFICIENT_PX_WORKER | OB_EXCEED_MEM_LIMIT | OB_INACTIVE_SQL_CLIENT | OB_INACTIVE_RPC_PROXY | OB_LS_OFFLINE) }, one pattern for the || chain, the codes in the C++ order (s2-errors.md 2.1 rule 3); this row is its OB_ERR_EXCLUSIVE_LOCK_CONFLICT alternative, with the repeat below. The second OB_ERR_EXCLUSIVE_LOCK_CONFLICT test on ob_ddl_task_executor.h:90 repeats the first and is written once: repeated in the pattern it would be an unreachable alternative naming a catalog code, which the Step 4 gate fails on (s2-errors.md 2.11 rule 6), and leaving it out changes no answer. in_ddl_retry_white_list, whose parameter also becomes ObError, calls it as Self::is_retry(ret_code) in its || chain; a caller of that holding a result writes ret.is_err_and(ObIDDLTask::in_ddl_retry_white_list), false for Ok(()) as the C++ is for 0 (s2-errors.md 2.1 rule 6).	sweep: ret-compare.tsv:1746 (data row 1745). Signature: static bool is_retry(const int ret_code) (ob_ddl_task_executor.h:87), under the private: label (ob_ddl_task_executor.h:77), which returns an || of == tests on ret_code (ob_ddl_task_executor.h:88-94), so it answers false for OB_SUCCESS and true for OB_ERR_EXCLUSIVE_LOCK_CONFLICT, tested twice on this line. Producer: the caller's argument. Holder: the parameter ret_code, which holds only codes, so an ObError (s2-errors.md 2.1 rule 6). ob_ddl_task_executor.h:90 tests OB_ERR_EXCLUSIVE_LOCK_CONFLICT twice; the second test can only repeat the first one's answer. Caller: in_ddl_retry_white_list, the || of the private predicates (ob_ddl_task_executor.h:62-66); the callers of that are the DDL tasks' retry checks, the vector-index and local-build executors, ObDDLExecutorUtil::wait_ddl_finish (src/sql/engine/cmd/ob_ddl_executor_util.cpp:83) and ObUniqueIndexChecker::check_unique_index (src/storage/ddl/ob_build_index_task.cpp:428) (git grep -n in_ddl_retry_white_list 834bbee1e -- src).	confirmed
src/share/ob_ddl_task_executor.h	ObIDDLTask::is_retry	line 91: other variable ret_code == OB_ERR_EXCLUSIVE_LOCK_CONFLICT_NOWAIT; other variable ret_code == OB_TRANS_STMT_NEED_RETRY; other variable ret_code == OB_SCHEMA_NOT_UPTODATE	CODE_PREDICATE	The private static predicate stays in ObIDDLTask and takes ObError (s2-errors.md 2.1 rule 6): fn is_retry(ret_code: ObError) -> bool { matches!(ret_code, OB_EAGAIN | OB_DDL_SCHEMA_VERSION_NOT_MATCH | OB_TASK_EXPIRED | OB_NEED_RETRY | OB_ERR_SHARED_LOCK_CONFLICT | OB_SCHEMA_EAGAIN | OB_DATA_NOT_UPTODATE | OB_ERR_EXCLUSIVE_LOCK_CONFLICT | OB_ERR_EXCLUSIVE_LOCK_CONFLICT_NOWAIT | OB_TRANS_STMT_NEED_RETRY | OB_SCHEMA_NOT_UPTODATE | OB_TRANSACTION_SET_VIOLATION | OB_TRY_LOCK_ROW_CONFLICT | OB_TRANS_CANNOT_SERIALIZE | OB_GTI_NOT_READY | OB_TRANS_WEAK_READ_VERSION_NOT_READY | OB_REPLICA_NOT_READABLE | OB_ERR_INSUFFICIENT_PX_WORKER | OB_EXCEED_MEM_LIMIT | OB_INACTIVE_SQL_CLIENT | OB_INACTIVE_RPC_PROXY | OB_LS_OFFLINE) }, one pattern for the || chain, the codes in the C++ order (s2-errors.md 2.1 rule 3); this row is its OB_ERR_EXCLUSIVE_LOCK_CONFLICT_NOWAIT, OB_TRANS_STMT_NEED_RETRY and OB_SCHEMA_NOT_UPTODATE alternatives. The second OB_ERR_EXCLUSIVE_LOCK_CONFLICT test on ob_ddl_task_executor.h:90 repeats the first and is written once: repeated in the pattern it would be an unreachable alternative naming a catalog code, which the Step 4 gate fails on (s2-errors.md 2.11 rule 6), and leaving it out changes no answer. in_ddl_retry_white_list, whose parameter also becomes ObError, calls it as Self::is_retry(ret_code) in its || chain; a caller of that holding a result writes ret.is_err_and(ObIDDLTask::in_ddl_retry_white_list), false for Ok(()) as the C++ is for 0 (s2-errors.md 2.1 rule 6).	sweep: ret-compare.tsv:1747 (data row 1746). Signature: static bool is_retry(const int ret_code) (ob_ddl_task_executor.h:87), under the private: label (ob_ddl_task_executor.h:77), which returns an || of == tests on ret_code (ob_ddl_task_executor.h:88-94), so it answers false for OB_SUCCESS and true for OB_ERR_EXCLUSIVE_LOCK_CONFLICT_NOWAIT, OB_TRANS_STMT_NEED_RETRY and OB_SCHEMA_NOT_UPTODATE. Producer: the caller's argument. Holder: the parameter ret_code, which holds only codes, so an ObError (s2-errors.md 2.1 rule 6). ob_ddl_task_executor.h:90 tests OB_ERR_EXCLUSIVE_LOCK_CONFLICT twice; the second test can only repeat the first one's answer. Caller: in_ddl_retry_white_list, the || of the private predicates (ob_ddl_task_executor.h:62-66); the callers of that are the DDL tasks' retry checks, the vector-index and local-build executors, ObDDLExecutorUtil::wait_ddl_finish (src/sql/engine/cmd/ob_ddl_executor_util.cpp:83) and ObUniqueIndexChecker::check_unique_index (src/storage/ddl/ob_build_index_task.cpp:428) (git grep -n in_ddl_retry_white_list 834bbee1e -- src).	confirmed
src/share/ob_ddl_task_executor.h	ObIDDLTask::is_retry	line 92: other variable ret_code == OB_TRANSACTION_SET_VIOLATION; other variable ret_code == OB_TRY_LOCK_ROW_CONFLICT; other variable ret_code == OB_TRANS_CANNOT_SERIALIZE; other variable ret_code == OB_GTI_NOT_READY	CODE_PREDICATE	The private static predicate stays in ObIDDLTask and takes ObError (s2-errors.md 2.1 rule 6): fn is_retry(ret_code: ObError) -> bool { matches!(ret_code, OB_EAGAIN | OB_DDL_SCHEMA_VERSION_NOT_MATCH | OB_TASK_EXPIRED | OB_NEED_RETRY | OB_ERR_SHARED_LOCK_CONFLICT | OB_SCHEMA_EAGAIN | OB_DATA_NOT_UPTODATE | OB_ERR_EXCLUSIVE_LOCK_CONFLICT | OB_ERR_EXCLUSIVE_LOCK_CONFLICT_NOWAIT | OB_TRANS_STMT_NEED_RETRY | OB_SCHEMA_NOT_UPTODATE | OB_TRANSACTION_SET_VIOLATION | OB_TRY_LOCK_ROW_CONFLICT | OB_TRANS_CANNOT_SERIALIZE | OB_GTI_NOT_READY | OB_TRANS_WEAK_READ_VERSION_NOT_READY | OB_REPLICA_NOT_READABLE | OB_ERR_INSUFFICIENT_PX_WORKER | OB_EXCEED_MEM_LIMIT | OB_INACTIVE_SQL_CLIENT | OB_INACTIVE_RPC_PROXY | OB_LS_OFFLINE) }, one pattern for the || chain, the codes in the C++ order (s2-errors.md 2.1 rule 3); this row is its OB_TRANSACTION_SET_VIOLATION, OB_TRY_LOCK_ROW_CONFLICT, OB_TRANS_CANNOT_SERIALIZE and OB_GTI_NOT_READY alternatives. The second OB_ERR_EXCLUSIVE_LOCK_CONFLICT test on ob_ddl_task_executor.h:90 repeats the first and is written once: repeated in the pattern it would be an unreachable alternative naming a catalog code, which the Step 4 gate fails on (s2-errors.md 2.11 rule 6), and leaving it out changes no answer. in_ddl_retry_white_list, whose parameter also becomes ObError, calls it as Self::is_retry(ret_code) in its || chain; a caller of that holding a result writes ret.is_err_and(ObIDDLTask::in_ddl_retry_white_list), false for Ok(()) as the C++ is for 0 (s2-errors.md 2.1 rule 6).	sweep: ret-compare.tsv:1748 (data row 1747). Signature: static bool is_retry(const int ret_code) (ob_ddl_task_executor.h:87), under the private: label (ob_ddl_task_executor.h:77), which returns an || of == tests on ret_code (ob_ddl_task_executor.h:88-94), so it answers false for OB_SUCCESS and true for OB_TRANSACTION_SET_VIOLATION, OB_TRY_LOCK_ROW_CONFLICT, OB_TRANS_CANNOT_SERIALIZE and OB_GTI_NOT_READY. Producer: the caller's argument. Holder: the parameter ret_code, which holds only codes, so an ObError (s2-errors.md 2.1 rule 6). ob_ddl_task_executor.h:90 tests OB_ERR_EXCLUSIVE_LOCK_CONFLICT twice; the second test can only repeat the first one's answer. Caller: in_ddl_retry_white_list, the || of the private predicates (ob_ddl_task_executor.h:62-66); the callers of that are the DDL tasks' retry checks, the vector-index and local-build executors, ObDDLExecutorUtil::wait_ddl_finish (src/sql/engine/cmd/ob_ddl_executor_util.cpp:83) and ObUniqueIndexChecker::check_unique_index (src/storage/ddl/ob_build_index_task.cpp:428) (git grep -n in_ddl_retry_white_list 834bbee1e -- src).	confirmed
src/share/ob_ddl_task_executor.h	ObIDDLTask::is_retry	line 93: other variable ret_code == OB_TRANS_WEAK_READ_VERSION_NOT_READY; other variable ret_code == OB_REPLICA_NOT_READABLE; other variable ret_code == OB_ERR_INSUFFICIENT_PX_WORKER	CODE_PREDICATE	The private static predicate stays in ObIDDLTask and takes ObError (s2-errors.md 2.1 rule 6): fn is_retry(ret_code: ObError) -> bool { matches!(ret_code, OB_EAGAIN | OB_DDL_SCHEMA_VERSION_NOT_MATCH | OB_TASK_EXPIRED | OB_NEED_RETRY | OB_ERR_SHARED_LOCK_CONFLICT | OB_SCHEMA_EAGAIN | OB_DATA_NOT_UPTODATE | OB_ERR_EXCLUSIVE_LOCK_CONFLICT | OB_ERR_EXCLUSIVE_LOCK_CONFLICT_NOWAIT | OB_TRANS_STMT_NEED_RETRY | OB_SCHEMA_NOT_UPTODATE | OB_TRANSACTION_SET_VIOLATION | OB_TRY_LOCK_ROW_CONFLICT | OB_TRANS_CANNOT_SERIALIZE | OB_GTI_NOT_READY | OB_TRANS_WEAK_READ_VERSION_NOT_READY | OB_REPLICA_NOT_READABLE | OB_ERR_INSUFFICIENT_PX_WORKER | OB_EXCEED_MEM_LIMIT | OB_INACTIVE_SQL_CLIENT | OB_INACTIVE_RPC_PROXY | OB_LS_OFFLINE) }, one pattern for the || chain, the codes in the C++ order (s2-errors.md 2.1 rule 3); this row is its OB_TRANS_WEAK_READ_VERSION_NOT_READY, OB_REPLICA_NOT_READABLE and OB_ERR_INSUFFICIENT_PX_WORKER alternatives. The second OB_ERR_EXCLUSIVE_LOCK_CONFLICT test on ob_ddl_task_executor.h:90 repeats the first and is written once: repeated in the pattern it would be an unreachable alternative naming a catalog code, which the Step 4 gate fails on (s2-errors.md 2.11 rule 6), and leaving it out changes no answer. in_ddl_retry_white_list, whose parameter also becomes ObError, calls it as Self::is_retry(ret_code) in its || chain; a caller of that holding a result writes ret.is_err_and(ObIDDLTask::in_ddl_retry_white_list), false for Ok(()) as the C++ is for 0 (s2-errors.md 2.1 rule 6).	sweep: ret-compare.tsv:1749 (data row 1748). Signature: static bool is_retry(const int ret_code) (ob_ddl_task_executor.h:87), under the private: label (ob_ddl_task_executor.h:77), which returns an || of == tests on ret_code (ob_ddl_task_executor.h:88-94), so it answers false for OB_SUCCESS and true for OB_TRANS_WEAK_READ_VERSION_NOT_READY, OB_REPLICA_NOT_READABLE and OB_ERR_INSUFFICIENT_PX_WORKER. Producer: the caller's argument. Holder: the parameter ret_code, which holds only codes, so an ObError (s2-errors.md 2.1 rule 6). ob_ddl_task_executor.h:90 tests OB_ERR_EXCLUSIVE_LOCK_CONFLICT twice; the second test can only repeat the first one's answer. Caller: in_ddl_retry_white_list, the || of the private predicates (ob_ddl_task_executor.h:62-66); the callers of that are the DDL tasks' retry checks, the vector-index and local-build executors, ObDDLExecutorUtil::wait_ddl_finish (src/sql/engine/cmd/ob_ddl_executor_util.cpp:83) and ObUniqueIndexChecker::check_unique_index (src/storage/ddl/ob_build_index_task.cpp:428) (git grep -n in_ddl_retry_white_list 834bbee1e -- src).	confirmed
src/share/ob_ddl_task_executor.h	ObIDDLTask::is_retry	line 94: other variable ret_code == OB_EXCEED_MEM_LIMIT; other variable ret_code == OB_INACTIVE_SQL_CLIENT; other variable ret_code == OB_INACTIVE_RPC_PROXY; other variable ret_code == OB_LS_OFFLINE	CODE_PREDICATE	The private static predicate stays in ObIDDLTask and takes ObError (s2-errors.md 2.1 rule 6): fn is_retry(ret_code: ObError) -> bool { matches!(ret_code, OB_EAGAIN | OB_DDL_SCHEMA_VERSION_NOT_MATCH | OB_TASK_EXPIRED | OB_NEED_RETRY | OB_ERR_SHARED_LOCK_CONFLICT | OB_SCHEMA_EAGAIN | OB_DATA_NOT_UPTODATE | OB_ERR_EXCLUSIVE_LOCK_CONFLICT | OB_ERR_EXCLUSIVE_LOCK_CONFLICT_NOWAIT | OB_TRANS_STMT_NEED_RETRY | OB_SCHEMA_NOT_UPTODATE | OB_TRANSACTION_SET_VIOLATION | OB_TRY_LOCK_ROW_CONFLICT | OB_TRANS_CANNOT_SERIALIZE | OB_GTI_NOT_READY | OB_TRANS_WEAK_READ_VERSION_NOT_READY | OB_REPLICA_NOT_READABLE | OB_ERR_INSUFFICIENT_PX_WORKER | OB_EXCEED_MEM_LIMIT | OB_INACTIVE_SQL_CLIENT | OB_INACTIVE_RPC_PROXY | OB_LS_OFFLINE) }, one pattern for the || chain, the codes in the C++ order (s2-errors.md 2.1 rule 3); this row is its OB_EXCEED_MEM_LIMIT, OB_INACTIVE_SQL_CLIENT, OB_INACTIVE_RPC_PROXY and OB_LS_OFFLINE alternatives. The second OB_ERR_EXCLUSIVE_LOCK_CONFLICT test on ob_ddl_task_executor.h:90 repeats the first and is written once: repeated in the pattern it would be an unreachable alternative naming a catalog code, which the Step 4 gate fails on (s2-errors.md 2.11 rule 6), and leaving it out changes no answer. in_ddl_retry_white_list, whose parameter also becomes ObError, calls it as Self::is_retry(ret_code) in its || chain; a caller of that holding a result writes ret.is_err_and(ObIDDLTask::in_ddl_retry_white_list), false for Ok(()) as the C++ is for 0 (s2-errors.md 2.1 rule 6).	sweep: ret-compare.tsv:1750 (data row 1749). Signature: static bool is_retry(const int ret_code) (ob_ddl_task_executor.h:87), under the private: label (ob_ddl_task_executor.h:77), which returns an || of == tests on ret_code (ob_ddl_task_executor.h:88-94), so it answers false for OB_SUCCESS and true for OB_EXCEED_MEM_LIMIT, OB_INACTIVE_SQL_CLIENT, OB_INACTIVE_RPC_PROXY and OB_LS_OFFLINE. Producer: the caller's argument. Holder: the parameter ret_code, which holds only codes, so an ObError (s2-errors.md 2.1 rule 6). ob_ddl_task_executor.h:90 tests OB_ERR_EXCLUSIVE_LOCK_CONFLICT twice; the second test can only repeat the first one's answer. OB_EXCEED_MEM_LIMIT (-4080) is a plain value here, not an out-of-memory test (vocabulary value 3; s3-memory.md 3.7.6), and value 2 comes first anyway. The same line is sweep: oom-sites.tsv:73 (budget error handled: OB_EXCEED_MEM_LIMIT), whose row must name the same producer and the caller's argument and give the same Rust for this alternative of the pattern. Caller: in_ddl_retry_white_list, the || of the private predicates (ob_ddl_task_executor.h:62-66); the callers of that are the DDL tasks' retry checks, the vector-index and local-build executors, ObDDLExecutorUtil::wait_ddl_finish (src/sql/engine/cmd/ob_ddl_executor_util.cpp:83) and ObUniqueIndexChecker::check_unique_index (src/storage/ddl/ob_build_index_task.cpp:428) (git grep -n in_ddl_retry_white_list 834bbee1e -- src).	confirmed
src/share/ob_ddl_task_executor.h	ObIDDLTask::is_not_exist	line 97: other variable ret_code == OB_LS_NOT_EXIST; other variable ret_code == OB_TABLET_NOT_EXIST; other variable ret_code == OB_RUNTIME_SCHEMA_NOT_READY	CODE_PREDICATE	The private static predicate stays in ObIDDLTask and takes ObError (s2-errors.md 2.1 rule 6): fn is_not_exist(ret_code: ObError) -> bool { matches!(ret_code, OB_LS_NOT_EXIST | OB_TABLET_NOT_EXIST | OB_RUNTIME_SCHEMA_NOT_READY | OB_SERVER_RUNTIME_NOT_READY) }, one pattern for the || chain, the codes in the C++ order (s2-errors.md 2.1 rule 3); this row is its OB_LS_NOT_EXIST, OB_TABLET_NOT_EXIST and OB_RUNTIME_SCHEMA_NOT_READY alternatives. in_ddl_retry_white_list, whose parameter also becomes ObError, calls it as Self::is_not_exist(ret_code) in its || chain; a caller of that holding a result writes ret.is_err_and(ObIDDLTask::in_ddl_retry_white_list), false for Ok(()) as the C++ is for 0 (s2-errors.md 2.1 rule 6).	sweep: ret-compare.tsv:1751 (data row 1750). Signature: static bool is_not_exist(const int ret_code) (ob_ddl_task_executor.h:96), under the private: label (ob_ddl_task_executor.h:77), which returns an || of == tests on ret_code (ob_ddl_task_executor.h:97-98), so it answers false for OB_SUCCESS and true for OB_LS_NOT_EXIST, OB_TABLET_NOT_EXIST and OB_RUNTIME_SCHEMA_NOT_READY. Producer: the caller's argument. Holder: the parameter ret_code, which holds only codes, so an ObError (s2-errors.md 2.1 rule 6). Caller: in_ddl_retry_white_list, the || of the private predicates (ob_ddl_task_executor.h:62-66); the callers of that are the DDL tasks' retry checks, the vector-index and local-build executors, ObDDLExecutorUtil::wait_ddl_finish (src/sql/engine/cmd/ob_ddl_executor_util.cpp:83) and ObUniqueIndexChecker::check_unique_index (src/storage/ddl/ob_build_index_task.cpp:428) (git grep -n in_ddl_retry_white_list 834bbee1e -- src).	confirmed
src/share/ob_ddl_task_executor.h	ObIDDLTask::is_not_exist	line 98: other variable ret_code == OB_SERVER_RUNTIME_NOT_READY	CODE_PREDICATE	The private static predicate stays in ObIDDLTask and takes ObError (s2-errors.md 2.1 rule 6): fn is_not_exist(ret_code: ObError) -> bool { matches!(ret_code, OB_LS_NOT_EXIST | OB_TABLET_NOT_EXIST | OB_RUNTIME_SCHEMA_NOT_READY | OB_SERVER_RUNTIME_NOT_READY) }, one pattern for the || chain, the codes in the C++ order (s2-errors.md 2.1 rule 3); this row is its OB_SERVER_RUNTIME_NOT_READY alternative. in_ddl_retry_white_list, whose parameter also becomes ObError, calls it as Self::is_not_exist(ret_code) in its || chain; a caller of that holding a result writes ret.is_err_and(ObIDDLTask::in_ddl_retry_white_list), false for Ok(()) as the C++ is for 0 (s2-errors.md 2.1 rule 6).	sweep: ret-compare.tsv:1752 (data row 1751). Signature: static bool is_not_exist(const int ret_code) (ob_ddl_task_executor.h:96), under the private: label (ob_ddl_task_executor.h:77), which returns an || of == tests on ret_code (ob_ddl_task_executor.h:97-98), so it answers false for OB_SUCCESS and true for OB_SERVER_RUNTIME_NOT_READY. Producer: the caller's argument. Holder: the parameter ret_code, which holds only codes, so an ObError (s2-errors.md 2.1 rule 6). Caller: in_ddl_retry_white_list, the || of the private predicates (ob_ddl_task_executor.h:62-66); the callers of that are the DDL tasks' retry checks, the vector-index and local-build executors, ObDDLExecutorUtil::wait_ddl_finish (src/sql/engine/cmd/ob_ddl_executor_util.cpp:83) and ObUniqueIndexChecker::check_unique_index (src/storage/ddl/ob_build_index_task.cpp:428) (git grep -n in_ddl_retry_white_list 834bbee1e -- src).	confirmed
src/share/ob_ddl_task_executor.h	ObIDDLTask::is_stop_state	line 101: other variable ret_code == OB_NOT_INIT; other variable ret_code == OB_IN_STOP_STATE	CODE_PREDICATE	The private static predicate stays in ObIDDLTask and takes ObError (s2-errors.md 2.1 rule 6): fn is_stop_state(ret_code: ObError) -> bool { matches!(ret_code, OB_NOT_INIT | OB_IN_STOP_STATE | OB_SERVER_IS_INIT | OB_SERVER_IS_STOPPING | OB_RS_SHUTDOWN | OB_PARTITION_IS_STOPPED | OB_PARTITION_IS_BLOCKED) }, one pattern for the || chain, the codes in the C++ order (s2-errors.md 2.1 rule 3); this row is its OB_NOT_INIT and OB_IN_STOP_STATE alternatives. The OB_NOT_INIT alternative stays: the predicate answers for whatever code a caller passes, and a callee whose Rust constructor replaces init() no longer produces it, so the alternative then never matches (s2-errors.md 2.2 rule 7). in_ddl_retry_white_list, whose parameter also becomes ObError, calls it as Self::is_stop_state(ret_code) in its || chain; a caller of that holding a result writes ret.is_err_and(ObIDDLTask::in_ddl_retry_white_list), false for Ok(()) as the C++ is for 0 (s2-errors.md 2.1 rule 6).	sweep: ret-compare.tsv:1753 (data row 1752). Signature: static bool is_stop_state(const int ret_code) (ob_ddl_task_executor.h:100), under the private: label (ob_ddl_task_executor.h:77), which returns an || of == tests on ret_code (ob_ddl_task_executor.h:101-104), so it answers false for OB_SUCCESS and true for OB_NOT_INIT and OB_IN_STOP_STATE. Producer: the caller's argument. Holder: the parameter ret_code, which holds only codes, so an ObError (s2-errors.md 2.1 rule 6). OB_NOT_INIT is value 4's code, but value 2 comes first; this line is one of the lines s2-errors.md 2.2 rule 7 counts as testing OB_NOT_INIT as an outcome (git grep -nP '(OB_NOT_INIT\s*[!=]=|[!=]=\s*OB_NOT_INIT\b)' 834bbee1e -- src lists it). Caller: in_ddl_retry_white_list, the || of the private predicates (ob_ddl_task_executor.h:62-66); the callers of that are the DDL tasks' retry checks, the vector-index and local-build executors, ObDDLExecutorUtil::wait_ddl_finish (src/sql/engine/cmd/ob_ddl_executor_util.cpp:83) and ObUniqueIndexChecker::check_unique_index (src/storage/ddl/ob_build_index_task.cpp:428) (git grep -n in_ddl_retry_white_list 834bbee1e -- src).	confirmed
src/share/ob_ddl_task_executor.h	ObIDDLTask::is_stop_state	line 102: other variable ret_code == OB_SERVER_IS_INIT; other variable ret_code == OB_SERVER_IS_STOPPING	CODE_PREDICATE	The private static predicate stays in ObIDDLTask and takes ObError (s2-errors.md 2.1 rule 6): fn is_stop_state(ret_code: ObError) -> bool { matches!(ret_code, OB_NOT_INIT | OB_IN_STOP_STATE | OB_SERVER_IS_INIT | OB_SERVER_IS_STOPPING | OB_RS_SHUTDOWN | OB_PARTITION_IS_STOPPED | OB_PARTITION_IS_BLOCKED) }, one pattern for the || chain, the codes in the C++ order (s2-errors.md 2.1 rule 3); this row is its OB_SERVER_IS_INIT and OB_SERVER_IS_STOPPING alternatives. in_ddl_retry_white_list, whose parameter also becomes ObError, calls it as Self::is_stop_state(ret_code) in its || chain; a caller of that holding a result writes ret.is_err_and(ObIDDLTask::in_ddl_retry_white_list), false for Ok(()) as the C++ is for 0 (s2-errors.md 2.1 rule 6).	sweep: ret-compare.tsv:1754 (data row 1753). Signature: static bool is_stop_state(const int ret_code) (ob_ddl_task_executor.h:100), under the private: label (ob_ddl_task_executor.h:77), which returns an || of == tests on ret_code (ob_ddl_task_executor.h:101-104), so it answers false for OB_SUCCESS and true for OB_SERVER_IS_INIT and OB_SERVER_IS_STOPPING. Producer: the caller's argument. Holder: the parameter ret_code, which holds only codes, so an ObError (s2-errors.md 2.1 rule 6). Caller: in_ddl_retry_white_list, the || of the private predicates (ob_ddl_task_executor.h:62-66); the callers of that are the DDL tasks' retry checks, the vector-index and local-build executors, ObDDLExecutorUtil::wait_ddl_finish (src/sql/engine/cmd/ob_ddl_executor_util.cpp:83) and ObUniqueIndexChecker::check_unique_index (src/storage/ddl/ob_build_index_task.cpp:428) (git grep -n in_ddl_retry_white_list 834bbee1e -- src).	confirmed
src/share/ob_ddl_task_executor.h	ObIDDLTask::is_stop_state	line 103: other variable ret_code == OB_RS_SHUTDOWN; other variable ret_code == OB_PARTITION_IS_STOPPED	CODE_PREDICATE	The private static predicate stays in ObIDDLTask and takes ObError (s2-errors.md 2.1 rule 6): fn is_stop_state(ret_code: ObError) -> bool { matches!(ret_code, OB_NOT_INIT | OB_IN_STOP_STATE | OB_SERVER_IS_INIT | OB_SERVER_IS_STOPPING | OB_RS_SHUTDOWN | OB_PARTITION_IS_STOPPED | OB_PARTITION_IS_BLOCKED) }, one pattern for the || chain, the codes in the C++ order (s2-errors.md 2.1 rule 3); this row is its OB_RS_SHUTDOWN and OB_PARTITION_IS_STOPPED alternatives. in_ddl_retry_white_list, whose parameter also becomes ObError, calls it as Self::is_stop_state(ret_code) in its || chain; a caller of that holding a result writes ret.is_err_and(ObIDDLTask::in_ddl_retry_white_list), false for Ok(()) as the C++ is for 0 (s2-errors.md 2.1 rule 6).	sweep: ret-compare.tsv:1755 (data row 1754). Signature: static bool is_stop_state(const int ret_code) (ob_ddl_task_executor.h:100), under the private: label (ob_ddl_task_executor.h:77), which returns an || of == tests on ret_code (ob_ddl_task_executor.h:101-104), so it answers false for OB_SUCCESS and true for OB_RS_SHUTDOWN and OB_PARTITION_IS_STOPPED. Producer: the caller's argument. Holder: the parameter ret_code, which holds only codes, so an ObError (s2-errors.md 2.1 rule 6). Caller: in_ddl_retry_white_list, the || of the private predicates (ob_ddl_task_executor.h:62-66); the callers of that are the DDL tasks' retry checks, the vector-index and local-build executors, ObDDLExecutorUtil::wait_ddl_finish (src/sql/engine/cmd/ob_ddl_executor_util.cpp:83) and ObUniqueIndexChecker::check_unique_index (src/storage/ddl/ob_build_index_task.cpp:428) (git grep -n in_ddl_retry_white_list 834bbee1e -- src).	confirmed
src/share/ob_ddl_task_executor.h	ObIDDLTask::is_stop_state	line 104: other variable ret_code == OB_PARTITION_IS_BLOCKED	CODE_PREDICATE	The private static predicate stays in ObIDDLTask and takes ObError (s2-errors.md 2.1 rule 6): fn is_stop_state(ret_code: ObError) -> bool { matches!(ret_code, OB_NOT_INIT | OB_IN_STOP_STATE | OB_SERVER_IS_INIT | OB_SERVER_IS_STOPPING | OB_RS_SHUTDOWN | OB_PARTITION_IS_STOPPED | OB_PARTITION_IS_BLOCKED) }, one pattern for the || chain, the codes in the C++ order (s2-errors.md 2.1 rule 3); this row is its OB_PARTITION_IS_BLOCKED alternative. in_ddl_retry_white_list, whose parameter also becomes ObError, calls it as Self::is_stop_state(ret_code) in its || chain; a caller of that holding a result writes ret.is_err_and(ObIDDLTask::in_ddl_retry_white_list), false for Ok(()) as the C++ is for 0 (s2-errors.md 2.1 rule 6).	sweep: ret-compare.tsv:1756 (data row 1755). Signature: static bool is_stop_state(const int ret_code) (ob_ddl_task_executor.h:100), under the private: label (ob_ddl_task_executor.h:77), which returns an || of == tests on ret_code (ob_ddl_task_executor.h:101-104), so it answers false for OB_SUCCESS and true for OB_PARTITION_IS_BLOCKED. Producer: the caller's argument. Holder: the parameter ret_code, which holds only codes, so an ObError (s2-errors.md 2.1 rule 6). Caller: in_ddl_retry_white_list, the || of the private predicates (ob_ddl_task_executor.h:62-66); the callers of that are the DDL tasks' retry checks, the vector-index and local-build executors, ObDDLExecutorUtil::wait_ddl_finish (src/sql/engine/cmd/ob_ddl_executor_util.cpp:83) and ObUniqueIndexChecker::check_unique_index (src/storage/ddl/ob_build_index_task.cpp:428) (git grep -n in_ddl_retry_white_list 834bbee1e -- src).	confirmed
src/share/ob_ddl_task_executor.h	ObIDDLTask::is_not_master	line 107: other variable ret_code == OB_STATE_NOT_MATCH; other variable ret_code == OB_NOT_MASTER; other variable ret_code == OB_RS_NOT_MASTER	CODE_PREDICATE	The private static predicate stays in ObIDDLTask and takes ObError (s2-errors.md 2.1 rule 6): fn is_not_master(ret_code: ObError) -> bool { matches!(ret_code, OB_STATE_NOT_MATCH | OB_NOT_MASTER | OB_RS_NOT_MASTER | OB_GTS_NOT_READY) }, one pattern for the || chain, the codes in the C++ order (s2-errors.md 2.1 rule 3); this row is its OB_STATE_NOT_MATCH, OB_NOT_MASTER and OB_RS_NOT_MASTER alternatives. in_ddl_retry_white_list, whose parameter also becomes ObError, calls it as Self::is_not_master(ret_code) in its || chain; a caller of that holding a result writes ret.is_err_and(ObIDDLTask::in_ddl_retry_white_list), false for Ok(()) as the C++ is for 0 (s2-errors.md 2.1 rule 6).	sweep: ret-compare.tsv:1757 (data row 1756). Signature: static bool is_not_master(const int ret_code) (ob_ddl_task_executor.h:106), under the private: label (ob_ddl_task_executor.h:77), which returns an || of == tests on ret_code (ob_ddl_task_executor.h:107-108), so it answers false for OB_SUCCESS and true for OB_STATE_NOT_MATCH, OB_NOT_MASTER and OB_RS_NOT_MASTER. Producer: the caller's argument. Holder: the parameter ret_code, which holds only codes, so an ObError (s2-errors.md 2.1 rule 6). Caller: in_ddl_retry_white_list, the || of the private predicates (ob_ddl_task_executor.h:62-66); the callers of that are the DDL tasks' retry checks, the vector-index and local-build executors, ObDDLExecutorUtil::wait_ddl_finish (src/sql/engine/cmd/ob_ddl_executor_util.cpp:83) and ObUniqueIndexChecker::check_unique_index (src/storage/ddl/ob_build_index_task.cpp:428) (git grep -n in_ddl_retry_white_list 834bbee1e -- src).	confirmed
src/share/ob_ddl_task_executor.h	ObIDDLTask::is_not_master	line 108: other variable ret_code == OB_GTS_NOT_READY	CODE_PREDICATE	The private static predicate stays in ObIDDLTask and takes ObError (s2-errors.md 2.1 rule 6): fn is_not_master(ret_code: ObError) -> bool { matches!(ret_code, OB_STATE_NOT_MATCH | OB_NOT_MASTER | OB_RS_NOT_MASTER | OB_GTS_NOT_READY) }, one pattern for the || chain, the codes in the C++ order (s2-errors.md 2.1 rule 3); this row is its OB_GTS_NOT_READY alternative. in_ddl_retry_white_list, whose parameter also becomes ObError, calls it as Self::is_not_master(ret_code) in its || chain; a caller of that holding a result writes ret.is_err_and(ObIDDLTask::in_ddl_retry_white_list), false for Ok(()) as the C++ is for 0 (s2-errors.md 2.1 rule 6).	sweep: ret-compare.tsv:1758 (data row 1757). Signature: static bool is_not_master(const int ret_code) (ob_ddl_task_executor.h:106), under the private: label (ob_ddl_task_executor.h:77), which returns an || of == tests on ret_code (ob_ddl_task_executor.h:107-108), so it answers false for OB_SUCCESS and true for OB_GTS_NOT_READY. Producer: the caller's argument. Holder: the parameter ret_code, which holds only codes, so an ObError (s2-errors.md 2.1 rule 6). Caller: in_ddl_retry_white_list, the || of the private predicates (ob_ddl_task_executor.h:62-66); the callers of that are the DDL tasks' retry checks, the vector-index and local-build executors, ObDDLExecutorUtil::wait_ddl_finish (src/sql/engine/cmd/ob_ddl_executor_util.cpp:83) and ObUniqueIndexChecker::check_unique_index (src/storage/ddl/ob_build_index_task.cpp:428) (git grep -n in_ddl_retry_white_list 834bbee1e -- src).	confirmed
src/share/ob_ddl_task_executor.h	ObDDLTaskExecutor::push_task	line 172: ret != OB_ENTRY_EXIST	LOOKUP_OUTCOME	if !matches!(ret, Err(OB_ENTRY_EXIST)) { <the WARN log> } on the local ret, an ObResult, inside the failure branch of else if ob_fail!(ret = self.task_queue_.push_task(task)), in the local-ret form (s2-errors.md 2.3); OB_UNLIKELY around the init check becomes the bare condition (RULEBOOK 2.3), and the log call takes ret (s2-errors.md 2.5 rule 1). OB_ENTRY_EXIST stays in ret and is returned as in C++, never an Option or a bool (s2-errors.md 2.4 rule 1). The queue's push_task keeps its rename of the task set's OB_HASH_EXIST to OB_ENTRY_EXIST as the C++ writes it, and the ObHashSet port keeps answering OB_HASH_EXIST (s2-errors.md 2.4 rules 2 and 3); the set's element is the task copy that task_list_ also links, so the set holds it as an Arc or an id, which changes no code.	sweep: ret-compare.tsv:1759 (data row 1758). Producer: task_queue_.push_task(task) at ob_ddl_task_executor.h:171, ObDDLTaskQueue::push_task (src/share/ob_ddl_task_executor.cpp:80), which inserts the task copy into task_set_, an ObHashSet of task pointers (ob_ddl_task_executor.h:132-137) whose hash and equality go through the pointed-to task: hash_func<const ObIDDLTask *> and equal_to<const ObIDDLTask *> (ob_ddl_task_executor.h:134-135) take the const-pointer specializations (src/oblib/lib/hash/ob_hashutils.h:721-726, :765-770), and turns set_refactored's OB_HASH_EXIST into OB_ENTRY_EXIST (src/share/ob_ddl_task_executor.cpp:103-105): an equal task is already queued. Holder: the local ret (ob_ddl_task_executor.h:167). Code's branch: for OB_ENTRY_EXIST the WARN log (ob_ddl_task_executor.h:173) is skipped; the code stays in ret, the else-if chain ends and the function returns it (ob_ddl_task_executor.h:177); every other code is logged and returned the same way. Escapes: nowhere: git grep -nw ObDDLTaskExecutor 834bbee1e -- src finds only the class's own declaration and definitions in src/share/ob_ddl_task_executor.h and src/share/ob_ddl_task_executor.cpp, so no object of the class exists and the template push_task is never instantiated.	confirmed
src/share/ob_debug_sync.cpp	ObDSEventControl::locate	line 499: ret != OB_ENTRY_NOT_EXIST	LOOKUP_OUTCOME	if !matches!(ret, Err(OB_ENTRY_NOT_EXIST)) {} else { ret = Ok(()); .. } on the local ret, an ObResult, inside the failure branch of else if ob_fail!(ret = self.find(name, e)), in the local-ret form (s2-errors.md 2.3); the empty branch stays (s2-errors.md 2.3), and the else keeps, in the C++ order, the reset, the event taken from the free list, OB_SIZE_OVERFLOW when the list is empty and OB_ERR_UNEXPECTED when used_ refuses the event (s2-errors.md 2.4 rule 1). find keeps answering OB_ENTRY_NOT_EXIST for a name no used event has, never an Option or a bool (s2-errors.md 2.4 rule 1). The test stays under the callers' guard on cond_ (vocabulary section 5, Locks).	sweep: ret-compare.tsv:1760 (data row 1759). Producer: find(name, e) at ob_debug_sync.cpp:498, ObDSEventControl::find, which sets OB_ENTRY_NOT_EXIST before it walks the used_ list (ob_debug_sync.cpp:479) and resets it when an event has the name (ob_debug_sync.cpp:482-484): a lookup by name. Holder: the local ret (ob_debug_sync.cpp:494). Code's branch: the else resets ret (ob_debug_sync.cpp:501) and creates the missing event: alloc_event takes one from the free list (ob_debug_sync.cpp:502, :455-458), OB_SIZE_OVERFLOW when that list is empty (ob_debug_sync.cpp:503-504), then the event gets the name and goes on used_ (ob_debug_sync.cpp:506-507), OB_ERR_UNEXPECTED if that fails (ob_debug_sync.cpp:508); those two codes are failures of the branch's own steps, not renames (vocabulary value 7). Any other code of find passes through the empty branch (ob_debug_sync.cpp:499-500) and is returned (ob_debug_sync.cpp:516). Consumer: locate is private (src/share/ob_debug_sync.h:164, :171); grep -n 'locate(' src/share/ob_debug_sync.cpp finds only its definition and the calls in signal and wait (ob_debug_sync.cpp:528, :582), both made under an ObThreadCondGuard on cond_ (ob_debug_sync.cpp:523, :576), which pass locate's code on; the missing name itself never leaves locate.	confirmed
src/share/ob_debug_sync.cpp	ObDebugSync::execute	line 886: ret == OB_ENTRY_NOT_EXIST	LOOKUP_OUTCOME	if { ret = local_actions.fetch_action(sync_point, &mut action); ret.is_ok() } { .. } else if matches!(ret, Err(OB_ENTRY_NOT_EXIST)) { ret = Ok(()); } else { } as the C++ writes the chain, the first condition a test on an assignment (s2-errors.md 2.3's table) with its OB_UNLIKELY dropped (RULEBOOK 2.3), on the local ret, an ObResult, in the local-ret form (s2-errors.md 2.3); the reset and the empty else stay (s2-errors.md 2.3, 2.4 rule 1). fetch_action keeps answering OB_ENTRY_NOT_EXIST for a sync point with no action, never an Option or a bool (s2-errors.md 2.4 rule 1).	sweep: ret-compare.tsv:1761 (data row 1760). Producer: local_actions->fetch_action(sync_point, action) at ob_debug_sync.cpp:883, ObDSActionArray::fetch_action on the thread's own action array (ob_debug_sync.cpp:869), which starts at OB_ENTRY_NOT_EXIST (ob_debug_sync.cpp:107) and sets OB_SUCCESS only when an action is registered in the slot of the sync point (ob_debug_sync.cpp:111-119): a lookup by the sync point's id. Holder: the local ret (ob_debug_sync.cpp:868), assigned inside the test at ob_debug_sync.cpp:883. Code's branch: ret = OB_SUCCESS (ob_debug_sync.cpp:887), so execute goes on to the global actions (ob_debug_sync.cpp:891-892); the code never leaves the site. The only other code fetch_action sets, OB_INVALID_ARGUMENT for a sync point out of range (ob_debug_sync.cpp:108-109), cannot arrive, because execute rejects such a point first (ob_debug_sync.cpp:872-874); it would take the empty else (ob_debug_sync.cpp:888-889), stay in ret, skip the rest (ob_debug_sync.cpp:891, :903) and be returned.	confirmed
src/share/ob_debug_sync.cpp	ObDebugSync::execute	line 897: ret == OB_ENTRY_NOT_EXIST	LOOKUP_OUTCOME	if { ret = self.global_actions_.fetch_action(sync_point, &mut action); ret.is_ok() } { .. } else if matches!(ret, Err(OB_ENTRY_NOT_EXIST)) { ret = Ok(()); } else { } as the C++ writes the chain, the first condition a test on an assignment (s2-errors.md 2.3's table) with its OB_UNLIKELY dropped (RULEBOOK 2.3), on the local ret, an ObResult, in the local-ret form (s2-errors.md 2.3), inside the scope of the guard on lock_, where the C++ has it (vocabulary section 5, Locks); the reset and the empty else stay (s2-errors.md 2.3, 2.4 rule 1). fetch_action keeps answering OB_ENTRY_NOT_EXIST for a sync point with no action, never an Option or a bool (s2-errors.md 2.4 rule 1).	sweep: ret-compare.tsv:1762 (data row 1761). Producer: global_actions_.fetch_action(sync_point, action) at ob_debug_sync.cpp:894-895, under the ObSpinLockGuard on lock_ (ob_debug_sync.cpp:893); ObDSActionArray::fetch_action starts at OB_ENTRY_NOT_EXIST (ob_debug_sync.cpp:107) and sets OB_SUCCESS only when an action is registered in the slot of the sync point (ob_debug_sync.cpp:111-119): a lookup by the sync point's id. Holder: the local ret (ob_debug_sync.cpp:868), assigned inside the test at ob_debug_sync.cpp:894. Code's branch: ret = OB_SUCCESS (ob_debug_sync.cpp:898), so execute finds no action to run (ob_debug_sync.cpp:903) and returns success; the code never leaves the site. The only other code fetch_action sets, OB_INVALID_ARGUMENT (ob_debug_sync.cpp:108-109), cannot arrive after execute's range check (ob_debug_sync.cpp:872-874); it would take the empty else (ob_debug_sync.cpp:899-900) and stay in ret.	confirmed
src/share/ob_define.h	is_schema_error	line 75: switch (err) case OB_ERR_BAD_DATABASE	CODE_PREDICATE	It becomes the ObError method is_schema_error(self) -> bool in ob-errno, under its C++ name, the code being self (s2-errors.md 2.1 rule 6), not a function of the ob_define.rs that manifest.tsv:100 names for the file (finding F3): let mut ret = false; match self { OB_ERR_BAD_DATABASE | OB_DATABASE_EXIST | OB_TABLE_NOT_EXIST | OB_ERR_TABLE_EXIST | OB_ERR_BAD_FIELD_ERROR | OB_ERR_COLUMN_DUPLICATE | OB_ERR_USER_EXIST | OB_ERR_USER_NOT_EXIST | OB_ERR_NO_PRIVILEGE | OB_ERR_NO_DB_PRIVILEGE | OB_ERR_NO_TABLE_PRIVILEGE | OB_SCHEMA_ERROR | OB_ERR_SP_ALREADY_EXISTS | OB_ERR_SP_DOES_NOT_EXIST | OB_OBJECT_NAME_NOT_EXIST | OB_OBJECT_NAME_EXIST | OB_SCHEMA_EAGAIN | OB_SCHEMA_NOT_UPTODATE | OB_ERR_PARALLEL_DDL_CONFLICT | OB_NO_PARTITION_FOR_GIVEN_VALUE_SCHEMA_ERROR | OB_DDL_RESOURCE_NOT_ENOUGH => { ret = true; } _ => {} } ret, the empty case labels that fall through joined into one pattern (RULEBOOK 2.3, the switch fallthrough row) and default: break an empty arm. A caller holding a result writes ret.is_err_and(ObError::is_schema_error), false for Ok(()) as the C++ is for 0 (RULEBOOK 2.1; s2-errors.md 2.1 rule 6). This row is its OB_ERR_BAD_DATABASE alternative.	sweep: ret-compare.tsv:1763 (data row 1762). Signature: inline bool is_schema_error(int err) (src/share/ob_define.h:71). Producer: the caller's argument. Holder: the parameter err, which holds only codes and becomes self (s2-errors.md 2.1 rule 6). Code's branch: case OB_ERR_BAD_DATABASE (src/share/ob_define.h:75) is one of the empty labels of src/share/ob_define.h:75-95, which fall through to ret = true (:96) and break (:97); the function returns ret (:101). Answer for OB_SUCCESS: false, since ret starts false (:73) and the default case only breaks (:98-99).	confirmed
src/share/ob_define.h	is_schema_error	line 76: switch (err) case OB_DATABASE_EXIST	CODE_PREDICATE	It becomes the ObError method is_schema_error(self) -> bool in ob-errno, under its C++ name, the code being self (s2-errors.md 2.1 rule 6), not a function of the ob_define.rs that manifest.tsv:100 names for the file (finding F3): let mut ret = false; match self { OB_ERR_BAD_DATABASE | OB_DATABASE_EXIST | OB_TABLE_NOT_EXIST | OB_ERR_TABLE_EXIST | OB_ERR_BAD_FIELD_ERROR | OB_ERR_COLUMN_DUPLICATE | OB_ERR_USER_EXIST | OB_ERR_USER_NOT_EXIST | OB_ERR_NO_PRIVILEGE | OB_ERR_NO_DB_PRIVILEGE | OB_ERR_NO_TABLE_PRIVILEGE | OB_SCHEMA_ERROR | OB_ERR_SP_ALREADY_EXISTS | OB_ERR_SP_DOES_NOT_EXIST | OB_OBJECT_NAME_NOT_EXIST | OB_OBJECT_NAME_EXIST | OB_SCHEMA_EAGAIN | OB_SCHEMA_NOT_UPTODATE | OB_ERR_PARALLEL_DDL_CONFLICT | OB_NO_PARTITION_FOR_GIVEN_VALUE_SCHEMA_ERROR | OB_DDL_RESOURCE_NOT_ENOUGH => { ret = true; } _ => {} } ret, the empty case labels that fall through joined into one pattern (RULEBOOK 2.3, the switch fallthrough row) and default: break an empty arm. A caller holding a result writes ret.is_err_and(ObError::is_schema_error), false for Ok(()) as the C++ is for 0 (RULEBOOK 2.1; s2-errors.md 2.1 rule 6). This row is its OB_DATABASE_EXIST alternative.	sweep: ret-compare.tsv:1764 (data row 1763). Signature: inline bool is_schema_error(int err) (src/share/ob_define.h:71). Producer: the caller's argument. Holder: the parameter err, which holds only codes and becomes self (s2-errors.md 2.1 rule 6). Code's branch: case OB_DATABASE_EXIST (src/share/ob_define.h:76) is one of the empty labels of src/share/ob_define.h:75-95, which fall through to ret = true (:96) and break (:97); the function returns ret (:101). Answer for OB_SUCCESS: false, since ret starts false (:73) and the default case only breaks (:98-99). Value 9 lists the code's name, but value 2 comes first.	confirmed
src/share/ob_define.h	is_schema_error	line 77: switch (err) case OB_TABLE_NOT_EXIST	CODE_PREDICATE	It becomes the ObError method is_schema_error(self) -> bool in ob-errno, under its C++ name, the code being self (s2-errors.md 2.1 rule 6), not a function of the ob_define.rs that manifest.tsv:100 names for the file (finding F3): let mut ret = false; match self { OB_ERR_BAD_DATABASE | OB_DATABASE_EXIST | OB_TABLE_NOT_EXIST | OB_ERR_TABLE_EXIST | OB_ERR_BAD_FIELD_ERROR | OB_ERR_COLUMN_DUPLICATE | OB_ERR_USER_EXIST | OB_ERR_USER_NOT_EXIST | OB_ERR_NO_PRIVILEGE | OB_ERR_NO_DB_PRIVILEGE | OB_ERR_NO_TABLE_PRIVILEGE | OB_SCHEMA_ERROR | OB_ERR_SP_ALREADY_EXISTS | OB_ERR_SP_DOES_NOT_EXIST | OB_OBJECT_NAME_NOT_EXIST | OB_OBJECT_NAME_EXIST | OB_SCHEMA_EAGAIN | OB_SCHEMA_NOT_UPTODATE | OB_ERR_PARALLEL_DDL_CONFLICT | OB_NO_PARTITION_FOR_GIVEN_VALUE_SCHEMA_ERROR | OB_DDL_RESOURCE_NOT_ENOUGH => { ret = true; } _ => {} } ret, the empty case labels that fall through joined into one pattern (RULEBOOK 2.3, the switch fallthrough row) and default: break an empty arm. A caller holding a result writes ret.is_err_and(ObError::is_schema_error), false for Ok(()) as the C++ is for 0 (RULEBOOK 2.1; s2-errors.md 2.1 rule 6). This row is its OB_TABLE_NOT_EXIST alternative.	sweep: ret-compare.tsv:1765 (data row 1764). Signature: inline bool is_schema_error(int err) (src/share/ob_define.h:71). Producer: the caller's argument. Holder: the parameter err, which holds only codes and becomes self (s2-errors.md 2.1 rule 6). Code's branch: case OB_TABLE_NOT_EXIST (src/share/ob_define.h:77) is one of the empty labels of src/share/ob_define.h:75-95, which fall through to ret = true (:96) and break (:97); the function returns ret (:101). Answer for OB_SUCCESS: false, since ret starts false (:73) and the default case only breaks (:98-99). Value 9 lists the code's name, but value 2 comes first.	confirmed
src/share/ob_define.h	is_schema_error	line 78: switch (err) case OB_ERR_TABLE_EXIST	CODE_PREDICATE	It becomes the ObError method is_schema_error(self) -> bool in ob-errno, under its C++ name, the code being self (s2-errors.md 2.1 rule 6), not a function of the ob_define.rs that manifest.tsv:100 names for the file (finding F3): let mut ret = false; match self { OB_ERR_BAD_DATABASE | OB_DATABASE_EXIST | OB_TABLE_NOT_EXIST | OB_ERR_TABLE_EXIST | OB_ERR_BAD_FIELD_ERROR | OB_ERR_COLUMN_DUPLICATE | OB_ERR_USER_EXIST | OB_ERR_USER_NOT_EXIST | OB_ERR_NO_PRIVILEGE | OB_ERR_NO_DB_PRIVILEGE | OB_ERR_NO_TABLE_PRIVILEGE | OB_SCHEMA_ERROR | OB_ERR_SP_ALREADY_EXISTS | OB_ERR_SP_DOES_NOT_EXIST | OB_OBJECT_NAME_NOT_EXIST | OB_OBJECT_NAME_EXIST | OB_SCHEMA_EAGAIN | OB_SCHEMA_NOT_UPTODATE | OB_ERR_PARALLEL_DDL_CONFLICT | OB_NO_PARTITION_FOR_GIVEN_VALUE_SCHEMA_ERROR | OB_DDL_RESOURCE_NOT_ENOUGH => { ret = true; } _ => {} } ret, the empty case labels that fall through joined into one pattern (RULEBOOK 2.3, the switch fallthrough row) and default: break an empty arm. A caller holding a result writes ret.is_err_and(ObError::is_schema_error), false for Ok(()) as the C++ is for 0 (RULEBOOK 2.1; s2-errors.md 2.1 rule 6). This row is its OB_ERR_TABLE_EXIST alternative.	sweep: ret-compare.tsv:1766 (data row 1765). Signature: inline bool is_schema_error(int err) (src/share/ob_define.h:71). Producer: the caller's argument. Holder: the parameter err, which holds only codes and becomes self (s2-errors.md 2.1 rule 6). Code's branch: case OB_ERR_TABLE_EXIST (src/share/ob_define.h:78) is one of the empty labels of src/share/ob_define.h:75-95, which fall through to ret = true (:96) and break (:97); the function returns ret (:101). Answer for OB_SUCCESS: false, since ret starts false (:73) and the default case only breaks (:98-99). Value 9 lists the code's name, but value 2 comes first.	confirmed
src/share/ob_define.h	is_schema_error	line 79: switch (err) case OB_ERR_BAD_FIELD_ERROR	CODE_PREDICATE	It becomes the ObError method is_schema_error(self) -> bool in ob-errno, under its C++ name, the code being self (s2-errors.md 2.1 rule 6), not a function of the ob_define.rs that manifest.tsv:100 names for the file (finding F3): let mut ret = false; match self { OB_ERR_BAD_DATABASE | OB_DATABASE_EXIST | OB_TABLE_NOT_EXIST | OB_ERR_TABLE_EXIST | OB_ERR_BAD_FIELD_ERROR | OB_ERR_COLUMN_DUPLICATE | OB_ERR_USER_EXIST | OB_ERR_USER_NOT_EXIST | OB_ERR_NO_PRIVILEGE | OB_ERR_NO_DB_PRIVILEGE | OB_ERR_NO_TABLE_PRIVILEGE | OB_SCHEMA_ERROR | OB_ERR_SP_ALREADY_EXISTS | OB_ERR_SP_DOES_NOT_EXIST | OB_OBJECT_NAME_NOT_EXIST | OB_OBJECT_NAME_EXIST | OB_SCHEMA_EAGAIN | OB_SCHEMA_NOT_UPTODATE | OB_ERR_PARALLEL_DDL_CONFLICT | OB_NO_PARTITION_FOR_GIVEN_VALUE_SCHEMA_ERROR | OB_DDL_RESOURCE_NOT_ENOUGH => { ret = true; } _ => {} } ret, the empty case labels that fall through joined into one pattern (RULEBOOK 2.3, the switch fallthrough row) and default: break an empty arm. A caller holding a result writes ret.is_err_and(ObError::is_schema_error), false for Ok(()) as the C++ is for 0 (RULEBOOK 2.1; s2-errors.md 2.1 rule 6). This row is its OB_ERR_BAD_FIELD_ERROR alternative.	sweep: ret-compare.tsv:1767 (data row 1766). Signature: inline bool is_schema_error(int err) (src/share/ob_define.h:71). Producer: the caller's argument. Holder: the parameter err, which holds only codes and becomes self (s2-errors.md 2.1 rule 6). Code's branch: case OB_ERR_BAD_FIELD_ERROR (src/share/ob_define.h:79) is one of the empty labels of src/share/ob_define.h:75-95, which fall through to ret = true (:96) and break (:97); the function returns ret (:101). Answer for OB_SUCCESS: false, since ret starts false (:73) and the default case only breaks (:98-99).	confirmed
src/share/ob_define.h	is_schema_error	line 80: switch (err) case OB_ERR_COLUMN_DUPLICATE	CODE_PREDICATE	It becomes the ObError method is_schema_error(self) -> bool in ob-errno, under its C++ name, the code being self (s2-errors.md 2.1 rule 6), not a function of the ob_define.rs that manifest.tsv:100 names for the file (finding F3): let mut ret = false; match self { OB_ERR_BAD_DATABASE | OB_DATABASE_EXIST | OB_TABLE_NOT_EXIST | OB_ERR_TABLE_EXIST | OB_ERR_BAD_FIELD_ERROR | OB_ERR_COLUMN_DUPLICATE | OB_ERR_USER_EXIST | OB_ERR_USER_NOT_EXIST | OB_ERR_NO_PRIVILEGE | OB_ERR_NO_DB_PRIVILEGE | OB_ERR_NO_TABLE_PRIVILEGE | OB_SCHEMA_ERROR | OB_ERR_SP_ALREADY_EXISTS | OB_ERR_SP_DOES_NOT_EXIST | OB_OBJECT_NAME_NOT_EXIST | OB_OBJECT_NAME_EXIST | OB_SCHEMA_EAGAIN | OB_SCHEMA_NOT_UPTODATE | OB_ERR_PARALLEL_DDL_CONFLICT | OB_NO_PARTITION_FOR_GIVEN_VALUE_SCHEMA_ERROR | OB_DDL_RESOURCE_NOT_ENOUGH => { ret = true; } _ => {} } ret, the empty case labels that fall through joined into one pattern (RULEBOOK 2.3, the switch fallthrough row) and default: break an empty arm. A caller holding a result writes ret.is_err_and(ObError::is_schema_error), false for Ok(()) as the C++ is for 0 (RULEBOOK 2.1; s2-errors.md 2.1 rule 6). This row is its OB_ERR_COLUMN_DUPLICATE alternative.	sweep: ret-compare.tsv:1768 (data row 1767). Signature: inline bool is_schema_error(int err) (src/share/ob_define.h:71). Producer: the caller's argument. Holder: the parameter err, which holds only codes and becomes self (s2-errors.md 2.1 rule 6). Code's branch: case OB_ERR_COLUMN_DUPLICATE (src/share/ob_define.h:80) is one of the empty labels of src/share/ob_define.h:75-95, which fall through to ret = true (:96) and break (:97); the function returns ret (:101). Answer for OB_SUCCESS: false, since ret starts false (:73) and the default case only breaks (:98-99).	confirmed
src/share/ob_define.h	is_schema_error	line 81: switch (err) case OB_ERR_USER_EXIST	CODE_PREDICATE	It becomes the ObError method is_schema_error(self) -> bool in ob-errno, under its C++ name, the code being self (s2-errors.md 2.1 rule 6), not a function of the ob_define.rs that manifest.tsv:100 names for the file (finding F3): let mut ret = false; match self { OB_ERR_BAD_DATABASE | OB_DATABASE_EXIST | OB_TABLE_NOT_EXIST | OB_ERR_TABLE_EXIST | OB_ERR_BAD_FIELD_ERROR | OB_ERR_COLUMN_DUPLICATE | OB_ERR_USER_EXIST | OB_ERR_USER_NOT_EXIST | OB_ERR_NO_PRIVILEGE | OB_ERR_NO_DB_PRIVILEGE | OB_ERR_NO_TABLE_PRIVILEGE | OB_SCHEMA_ERROR | OB_ERR_SP_ALREADY_EXISTS | OB_ERR_SP_DOES_NOT_EXIST | OB_OBJECT_NAME_NOT_EXIST | OB_OBJECT_NAME_EXIST | OB_SCHEMA_EAGAIN | OB_SCHEMA_NOT_UPTODATE | OB_ERR_PARALLEL_DDL_CONFLICT | OB_NO_PARTITION_FOR_GIVEN_VALUE_SCHEMA_ERROR | OB_DDL_RESOURCE_NOT_ENOUGH => { ret = true; } _ => {} } ret, the empty case labels that fall through joined into one pattern (RULEBOOK 2.3, the switch fallthrough row) and default: break an empty arm. A caller holding a result writes ret.is_err_and(ObError::is_schema_error), false for Ok(()) as the C++ is for 0 (RULEBOOK 2.1; s2-errors.md 2.1 rule 6). This row is its OB_ERR_USER_EXIST alternative.	sweep: ret-compare.tsv:1769 (data row 1768). Signature: inline bool is_schema_error(int err) (src/share/ob_define.h:71). Producer: the caller's argument. Holder: the parameter err, which holds only codes and becomes self (s2-errors.md 2.1 rule 6). Code's branch: case OB_ERR_USER_EXIST (src/share/ob_define.h:81) is one of the empty labels of src/share/ob_define.h:75-95, which fall through to ret = true (:96) and break (:97); the function returns ret (:101). Answer for OB_SUCCESS: false, since ret starts false (:73) and the default case only breaks (:98-99). Value 9 lists the code's name, but value 2 comes first.	confirmed
src/share/ob_define.h	is_schema_error	line 82: switch (err) case OB_ERR_USER_NOT_EXIST	CODE_PREDICATE	It becomes the ObError method is_schema_error(self) -> bool in ob-errno, under its C++ name, the code being self (s2-errors.md 2.1 rule 6), not a function of the ob_define.rs that manifest.tsv:100 names for the file (finding F3): let mut ret = false; match self { OB_ERR_BAD_DATABASE | OB_DATABASE_EXIST | OB_TABLE_NOT_EXIST | OB_ERR_TABLE_EXIST | OB_ERR_BAD_FIELD_ERROR | OB_ERR_COLUMN_DUPLICATE | OB_ERR_USER_EXIST | OB_ERR_USER_NOT_EXIST | OB_ERR_NO_PRIVILEGE | OB_ERR_NO_DB_PRIVILEGE | OB_ERR_NO_TABLE_PRIVILEGE | OB_SCHEMA_ERROR | OB_ERR_SP_ALREADY_EXISTS | OB_ERR_SP_DOES_NOT_EXIST | OB_OBJECT_NAME_NOT_EXIST | OB_OBJECT_NAME_EXIST | OB_SCHEMA_EAGAIN | OB_SCHEMA_NOT_UPTODATE | OB_ERR_PARALLEL_DDL_CONFLICT | OB_NO_PARTITION_FOR_GIVEN_VALUE_SCHEMA_ERROR | OB_DDL_RESOURCE_NOT_ENOUGH => { ret = true; } _ => {} } ret, the empty case labels that fall through joined into one pattern (RULEBOOK 2.3, the switch fallthrough row) and default: break an empty arm. A caller holding a result writes ret.is_err_and(ObError::is_schema_error), false for Ok(()) as the C++ is for 0 (RULEBOOK 2.1; s2-errors.md 2.1 rule 6). This row is its OB_ERR_USER_NOT_EXIST alternative.	sweep: ret-compare.tsv:1770 (data row 1769). Signature: inline bool is_schema_error(int err) (src/share/ob_define.h:71). Producer: the caller's argument. Holder: the parameter err, which holds only codes and becomes self (s2-errors.md 2.1 rule 6). Code's branch: case OB_ERR_USER_NOT_EXIST (src/share/ob_define.h:82) is one of the empty labels of src/share/ob_define.h:75-95, which fall through to ret = true (:96) and break (:97); the function returns ret (:101). Answer for OB_SUCCESS: false, since ret starts false (:73) and the default case only breaks (:98-99). Value 9 lists the code's name, but value 2 comes first.	confirmed
src/share/ob_define.h	is_schema_error	line 83: switch (err) case OB_ERR_NO_PRIVILEGE	CODE_PREDICATE	It becomes the ObError method is_schema_error(self) -> bool in ob-errno, under its C++ name, the code being self (s2-errors.md 2.1 rule 6), not a function of the ob_define.rs that manifest.tsv:100 names for the file (finding F3): let mut ret = false; match self { OB_ERR_BAD_DATABASE | OB_DATABASE_EXIST | OB_TABLE_NOT_EXIST | OB_ERR_TABLE_EXIST | OB_ERR_BAD_FIELD_ERROR | OB_ERR_COLUMN_DUPLICATE | OB_ERR_USER_EXIST | OB_ERR_USER_NOT_EXIST | OB_ERR_NO_PRIVILEGE | OB_ERR_NO_DB_PRIVILEGE | OB_ERR_NO_TABLE_PRIVILEGE | OB_SCHEMA_ERROR | OB_ERR_SP_ALREADY_EXISTS | OB_ERR_SP_DOES_NOT_EXIST | OB_OBJECT_NAME_NOT_EXIST | OB_OBJECT_NAME_EXIST | OB_SCHEMA_EAGAIN | OB_SCHEMA_NOT_UPTODATE | OB_ERR_PARALLEL_DDL_CONFLICT | OB_NO_PARTITION_FOR_GIVEN_VALUE_SCHEMA_ERROR | OB_DDL_RESOURCE_NOT_ENOUGH => { ret = true; } _ => {} } ret, the empty case labels that fall through joined into one pattern (RULEBOOK 2.3, the switch fallthrough row) and default: break an empty arm. A caller holding a result writes ret.is_err_and(ObError::is_schema_error), false for Ok(()) as the C++ is for 0 (RULEBOOK 2.1; s2-errors.md 2.1 rule 6). This row is its OB_ERR_NO_PRIVILEGE alternative.	sweep: ret-compare.tsv:1771 (data row 1770). Signature: inline bool is_schema_error(int err) (src/share/ob_define.h:71). Producer: the caller's argument. Holder: the parameter err, which holds only codes and becomes self (s2-errors.md 2.1 rule 6). Code's branch: case OB_ERR_NO_PRIVILEGE (src/share/ob_define.h:83) is one of the empty labels of src/share/ob_define.h:75-95, which fall through to ret = true (:96) and break (:97); the function returns ret (:101). Answer for OB_SUCCESS: false, since ret starts false (:73) and the default case only breaks (:98-99).	confirmed
src/share/ob_define.h	is_schema_error	line 84: switch (err) case OB_ERR_NO_DB_PRIVILEGE	CODE_PREDICATE	It becomes the ObError method is_schema_error(self) -> bool in ob-errno, under its C++ name, the code being self (s2-errors.md 2.1 rule 6), not a function of the ob_define.rs that manifest.tsv:100 names for the file (finding F3): let mut ret = false; match self { OB_ERR_BAD_DATABASE | OB_DATABASE_EXIST | OB_TABLE_NOT_EXIST | OB_ERR_TABLE_EXIST | OB_ERR_BAD_FIELD_ERROR | OB_ERR_COLUMN_DUPLICATE | OB_ERR_USER_EXIST | OB_ERR_USER_NOT_EXIST | OB_ERR_NO_PRIVILEGE | OB_ERR_NO_DB_PRIVILEGE | OB_ERR_NO_TABLE_PRIVILEGE | OB_SCHEMA_ERROR | OB_ERR_SP_ALREADY_EXISTS | OB_ERR_SP_DOES_NOT_EXIST | OB_OBJECT_NAME_NOT_EXIST | OB_OBJECT_NAME_EXIST | OB_SCHEMA_EAGAIN | OB_SCHEMA_NOT_UPTODATE | OB_ERR_PARALLEL_DDL_CONFLICT | OB_NO_PARTITION_FOR_GIVEN_VALUE_SCHEMA_ERROR | OB_DDL_RESOURCE_NOT_ENOUGH => { ret = true; } _ => {} } ret, the empty case labels that fall through joined into one pattern (RULEBOOK 2.3, the switch fallthrough row) and default: break an empty arm. A caller holding a result writes ret.is_err_and(ObError::is_schema_error), false for Ok(()) as the C++ is for 0 (RULEBOOK 2.1; s2-errors.md 2.1 rule 6). This row is its OB_ERR_NO_DB_PRIVILEGE alternative.	sweep: ret-compare.tsv:1772 (data row 1771). Signature: inline bool is_schema_error(int err) (src/share/ob_define.h:71). Producer: the caller's argument. Holder: the parameter err, which holds only codes and becomes self (s2-errors.md 2.1 rule 6). Code's branch: case OB_ERR_NO_DB_PRIVILEGE (src/share/ob_define.h:84) is one of the empty labels of src/share/ob_define.h:75-95, which fall through to ret = true (:96) and break (:97); the function returns ret (:101). Answer for OB_SUCCESS: false, since ret starts false (:73) and the default case only breaks (:98-99).	confirmed
src/share/ob_define.h	is_schema_error	line 85: switch (err) case OB_ERR_NO_TABLE_PRIVILEGE	CODE_PREDICATE	It becomes the ObError method is_schema_error(self) -> bool in ob-errno, under its C++ name, the code being self (s2-errors.md 2.1 rule 6), not a function of the ob_define.rs that manifest.tsv:100 names for the file (finding F3): let mut ret = false; match self { OB_ERR_BAD_DATABASE | OB_DATABASE_EXIST | OB_TABLE_NOT_EXIST | OB_ERR_TABLE_EXIST | OB_ERR_BAD_FIELD_ERROR | OB_ERR_COLUMN_DUPLICATE | OB_ERR_USER_EXIST | OB_ERR_USER_NOT_EXIST | OB_ERR_NO_PRIVILEGE | OB_ERR_NO_DB_PRIVILEGE | OB_ERR_NO_TABLE_PRIVILEGE | OB_SCHEMA_ERROR | OB_ERR_SP_ALREADY_EXISTS | OB_ERR_SP_DOES_NOT_EXIST | OB_OBJECT_NAME_NOT_EXIST | OB_OBJECT_NAME_EXIST | OB_SCHEMA_EAGAIN | OB_SCHEMA_NOT_UPTODATE | OB_ERR_PARALLEL_DDL_CONFLICT | OB_NO_PARTITION_FOR_GIVEN_VALUE_SCHEMA_ERROR | OB_DDL_RESOURCE_NOT_ENOUGH => { ret = true; } _ => {} } ret, the empty case labels that fall through joined into one pattern (RULEBOOK 2.3, the switch fallthrough row) and default: break an empty arm. A caller holding a result writes ret.is_err_and(ObError::is_schema_error), false for Ok(()) as the C++ is for 0 (RULEBOOK 2.1; s2-errors.md 2.1 rule 6). This row is its OB_ERR_NO_TABLE_PRIVILEGE alternative.	sweep: ret-compare.tsv:1773 (data row 1772). Signature: inline bool is_schema_error(int err) (src/share/ob_define.h:71). Producer: the caller's argument. Holder: the parameter err, which holds only codes and becomes self (s2-errors.md 2.1 rule 6). Code's branch: case OB_ERR_NO_TABLE_PRIVILEGE (src/share/ob_define.h:85) is one of the empty labels of src/share/ob_define.h:75-95, which fall through to ret = true (:96) and break (:97); the function returns ret (:101). Answer for OB_SUCCESS: false, since ret starts false (:73) and the default case only breaks (:98-99).	confirmed
src/share/ob_define.h	is_schema_error	line 86: switch (err) case OB_SCHEMA_ERROR	CODE_PREDICATE	It becomes the ObError method is_schema_error(self) -> bool in ob-errno, under its C++ name, the code being self (s2-errors.md 2.1 rule 6), not a function of the ob_define.rs that manifest.tsv:100 names for the file (finding F3): let mut ret = false; match self { OB_ERR_BAD_DATABASE | OB_DATABASE_EXIST | OB_TABLE_NOT_EXIST | OB_ERR_TABLE_EXIST | OB_ERR_BAD_FIELD_ERROR | OB_ERR_COLUMN_DUPLICATE | OB_ERR_USER_EXIST | OB_ERR_USER_NOT_EXIST | OB_ERR_NO_PRIVILEGE | OB_ERR_NO_DB_PRIVILEGE | OB_ERR_NO_TABLE_PRIVILEGE | OB_SCHEMA_ERROR | OB_ERR_SP_ALREADY_EXISTS | OB_ERR_SP_DOES_NOT_EXIST | OB_OBJECT_NAME_NOT_EXIST | OB_OBJECT_NAME_EXIST | OB_SCHEMA_EAGAIN | OB_SCHEMA_NOT_UPTODATE | OB_ERR_PARALLEL_DDL_CONFLICT | OB_NO_PARTITION_FOR_GIVEN_VALUE_SCHEMA_ERROR | OB_DDL_RESOURCE_NOT_ENOUGH => { ret = true; } _ => {} } ret, the empty case labels that fall through joined into one pattern (RULEBOOK 2.3, the switch fallthrough row) and default: break an empty arm. A caller holding a result writes ret.is_err_and(ObError::is_schema_error), false for Ok(()) as the C++ is for 0 (RULEBOOK 2.1; s2-errors.md 2.1 rule 6). This row is its OB_SCHEMA_ERROR alternative.	sweep: ret-compare.tsv:1774 (data row 1773). Signature: inline bool is_schema_error(int err) (src/share/ob_define.h:71). Producer: the caller's argument. Holder: the parameter err, which holds only codes and becomes self (s2-errors.md 2.1 rule 6). Code's branch: case OB_SCHEMA_ERROR (src/share/ob_define.h:86) is one of the empty labels of src/share/ob_define.h:75-95, which fall through to ret = true (:96) and break (:97); the function returns ret (:101). Answer for OB_SUCCESS: false, since ret starts false (:73) and the default case only breaks (:98-99).	confirmed
src/share/ob_define.h	is_schema_error	line 87: switch (err) case OB_ERR_SP_ALREADY_EXISTS	CODE_PREDICATE	It becomes the ObError method is_schema_error(self) -> bool in ob-errno, under its C++ name, the code being self (s2-errors.md 2.1 rule 6), not a function of the ob_define.rs that manifest.tsv:100 names for the file (finding F3): let mut ret = false; match self { OB_ERR_BAD_DATABASE | OB_DATABASE_EXIST | OB_TABLE_NOT_EXIST | OB_ERR_TABLE_EXIST | OB_ERR_BAD_FIELD_ERROR | OB_ERR_COLUMN_DUPLICATE | OB_ERR_USER_EXIST | OB_ERR_USER_NOT_EXIST | OB_ERR_NO_PRIVILEGE | OB_ERR_NO_DB_PRIVILEGE | OB_ERR_NO_TABLE_PRIVILEGE | OB_SCHEMA_ERROR | OB_ERR_SP_ALREADY_EXISTS | OB_ERR_SP_DOES_NOT_EXIST | OB_OBJECT_NAME_NOT_EXIST | OB_OBJECT_NAME_EXIST | OB_SCHEMA_EAGAIN | OB_SCHEMA_NOT_UPTODATE | OB_ERR_PARALLEL_DDL_CONFLICT | OB_NO_PARTITION_FOR_GIVEN_VALUE_SCHEMA_ERROR | OB_DDL_RESOURCE_NOT_ENOUGH => { ret = true; } _ => {} } ret, the empty case labels that fall through joined into one pattern (RULEBOOK 2.3, the switch fallthrough row) and default: break an empty arm. A caller holding a result writes ret.is_err_and(ObError::is_schema_error), false for Ok(()) as the C++ is for 0 (RULEBOOK 2.1; s2-errors.md 2.1 rule 6). This row is its OB_ERR_SP_ALREADY_EXISTS alternative.	sweep: ret-compare.tsv:1775 (data row 1774). Signature: inline bool is_schema_error(int err) (src/share/ob_define.h:71). Producer: the caller's argument. Holder: the parameter err, which holds only codes and becomes self (s2-errors.md 2.1 rule 6). Code's branch: case OB_ERR_SP_ALREADY_EXISTS (src/share/ob_define.h:87) is one of the empty labels of src/share/ob_define.h:75-95, which fall through to ret = true (:96) and break (:97); the function returns ret (:101). Answer for OB_SUCCESS: false, since ret starts false (:73) and the default case only breaks (:98-99). Value 9 lists the code's name, but value 2 comes first.	confirmed
src/share/ob_define.h	is_schema_error	line 88: switch (err) case OB_ERR_SP_DOES_NOT_EXIST	CODE_PREDICATE	It becomes the ObError method is_schema_error(self) -> bool in ob-errno, under its C++ name, the code being self (s2-errors.md 2.1 rule 6), not a function of the ob_define.rs that manifest.tsv:100 names for the file (finding F3): let mut ret = false; match self { OB_ERR_BAD_DATABASE | OB_DATABASE_EXIST | OB_TABLE_NOT_EXIST | OB_ERR_TABLE_EXIST | OB_ERR_BAD_FIELD_ERROR | OB_ERR_COLUMN_DUPLICATE | OB_ERR_USER_EXIST | OB_ERR_USER_NOT_EXIST | OB_ERR_NO_PRIVILEGE | OB_ERR_NO_DB_PRIVILEGE | OB_ERR_NO_TABLE_PRIVILEGE | OB_SCHEMA_ERROR | OB_ERR_SP_ALREADY_EXISTS | OB_ERR_SP_DOES_NOT_EXIST | OB_OBJECT_NAME_NOT_EXIST | OB_OBJECT_NAME_EXIST | OB_SCHEMA_EAGAIN | OB_SCHEMA_NOT_UPTODATE | OB_ERR_PARALLEL_DDL_CONFLICT | OB_NO_PARTITION_FOR_GIVEN_VALUE_SCHEMA_ERROR | OB_DDL_RESOURCE_NOT_ENOUGH => { ret = true; } _ => {} } ret, the empty case labels that fall through joined into one pattern (RULEBOOK 2.3, the switch fallthrough row) and default: break an empty arm. A caller holding a result writes ret.is_err_and(ObError::is_schema_error), false for Ok(()) as the C++ is for 0 (RULEBOOK 2.1; s2-errors.md 2.1 rule 6). This row is its OB_ERR_SP_DOES_NOT_EXIST alternative.	sweep: ret-compare.tsv:1776 (data row 1775). Signature: inline bool is_schema_error(int err) (src/share/ob_define.h:71). Producer: the caller's argument. Holder: the parameter err, which holds only codes and becomes self (s2-errors.md 2.1 rule 6). Code's branch: case OB_ERR_SP_DOES_NOT_EXIST (src/share/ob_define.h:88) is one of the empty labels of src/share/ob_define.h:75-95, which fall through to ret = true (:96) and break (:97); the function returns ret (:101). Answer for OB_SUCCESS: false, since ret starts false (:73) and the default case only breaks (:98-99). Value 9 lists the code's name, but value 2 comes first.	confirmed
src/share/ob_define.h	is_schema_error	line 89: switch (err) case OB_OBJECT_NAME_NOT_EXIST	CODE_PREDICATE	It becomes the ObError method is_schema_error(self) -> bool in ob-errno, under its C++ name, the code being self (s2-errors.md 2.1 rule 6), not a function of the ob_define.rs that manifest.tsv:100 names for the file (finding F3): let mut ret = false; match self { OB_ERR_BAD_DATABASE | OB_DATABASE_EXIST | OB_TABLE_NOT_EXIST | OB_ERR_TABLE_EXIST | OB_ERR_BAD_FIELD_ERROR | OB_ERR_COLUMN_DUPLICATE | OB_ERR_USER_EXIST | OB_ERR_USER_NOT_EXIST | OB_ERR_NO_PRIVILEGE | OB_ERR_NO_DB_PRIVILEGE | OB_ERR_NO_TABLE_PRIVILEGE | OB_SCHEMA_ERROR | OB_ERR_SP_ALREADY_EXISTS | OB_ERR_SP_DOES_NOT_EXIST | OB_OBJECT_NAME_NOT_EXIST | OB_OBJECT_NAME_EXIST | OB_SCHEMA_EAGAIN | OB_SCHEMA_NOT_UPTODATE | OB_ERR_PARALLEL_DDL_CONFLICT | OB_NO_PARTITION_FOR_GIVEN_VALUE_SCHEMA_ERROR | OB_DDL_RESOURCE_NOT_ENOUGH => { ret = true; } _ => {} } ret, the empty case labels that fall through joined into one pattern (RULEBOOK 2.3, the switch fallthrough row) and default: break an empty arm. A caller holding a result writes ret.is_err_and(ObError::is_schema_error), false for Ok(()) as the C++ is for 0 (RULEBOOK 2.1; s2-errors.md 2.1 rule 6). This row is its OB_OBJECT_NAME_NOT_EXIST alternative.	sweep: ret-compare.tsv:1777 (data row 1776). Signature: inline bool is_schema_error(int err) (src/share/ob_define.h:71). Producer: the caller's argument. Holder: the parameter err, which holds only codes and becomes self (s2-errors.md 2.1 rule 6). Code's branch: case OB_OBJECT_NAME_NOT_EXIST (src/share/ob_define.h:89) is one of the empty labels of src/share/ob_define.h:75-95, which fall through to ret = true (:96) and break (:97); the function returns ret (:101). Answer for OB_SUCCESS: false, since ret starts false (:73) and the default case only breaks (:98-99). Value 9 lists the code's name, but value 2 comes first.	confirmed
src/share/ob_define.h	is_schema_error	line 90: switch (err) case OB_OBJECT_NAME_EXIST	CODE_PREDICATE	It becomes the ObError method is_schema_error(self) -> bool in ob-errno, under its C++ name, the code being self (s2-errors.md 2.1 rule 6), not a function of the ob_define.rs that manifest.tsv:100 names for the file (finding F3): let mut ret = false; match self { OB_ERR_BAD_DATABASE | OB_DATABASE_EXIST | OB_TABLE_NOT_EXIST | OB_ERR_TABLE_EXIST | OB_ERR_BAD_FIELD_ERROR | OB_ERR_COLUMN_DUPLICATE | OB_ERR_USER_EXIST | OB_ERR_USER_NOT_EXIST | OB_ERR_NO_PRIVILEGE | OB_ERR_NO_DB_PRIVILEGE | OB_ERR_NO_TABLE_PRIVILEGE | OB_SCHEMA_ERROR | OB_ERR_SP_ALREADY_EXISTS | OB_ERR_SP_DOES_NOT_EXIST | OB_OBJECT_NAME_NOT_EXIST | OB_OBJECT_NAME_EXIST | OB_SCHEMA_EAGAIN | OB_SCHEMA_NOT_UPTODATE | OB_ERR_PARALLEL_DDL_CONFLICT | OB_NO_PARTITION_FOR_GIVEN_VALUE_SCHEMA_ERROR | OB_DDL_RESOURCE_NOT_ENOUGH => { ret = true; } _ => {} } ret, the empty case labels that fall through joined into one pattern (RULEBOOK 2.3, the switch fallthrough row) and default: break an empty arm. A caller holding a result writes ret.is_err_and(ObError::is_schema_error), false for Ok(()) as the C++ is for 0 (RULEBOOK 2.1; s2-errors.md 2.1 rule 6). This row is its OB_OBJECT_NAME_EXIST alternative.	sweep: ret-compare.tsv:1778 (data row 1777). Signature: inline bool is_schema_error(int err) (src/share/ob_define.h:71). Producer: the caller's argument. Holder: the parameter err, which holds only codes and becomes self (s2-errors.md 2.1 rule 6). Code's branch: case OB_OBJECT_NAME_EXIST (src/share/ob_define.h:90) is one of the empty labels of src/share/ob_define.h:75-95, which fall through to ret = true (:96) and break (:97); the function returns ret (:101). Answer for OB_SUCCESS: false, since ret starts false (:73) and the default case only breaks (:98-99). Value 9 lists the code's name, but value 2 comes first.	confirmed
src/share/ob_define.h	is_schema_error	line 91: switch (err) case OB_SCHEMA_EAGAIN	CODE_PREDICATE	It becomes the ObError method is_schema_error(self) -> bool in ob-errno, under its C++ name, the code being self (s2-errors.md 2.1 rule 6), not a function of the ob_define.rs that manifest.tsv:100 names for the file (finding F3): let mut ret = false; match self { OB_ERR_BAD_DATABASE | OB_DATABASE_EXIST | OB_TABLE_NOT_EXIST | OB_ERR_TABLE_EXIST | OB_ERR_BAD_FIELD_ERROR | OB_ERR_COLUMN_DUPLICATE | OB_ERR_USER_EXIST | OB_ERR_USER_NOT_EXIST | OB_ERR_NO_PRIVILEGE | OB_ERR_NO_DB_PRIVILEGE | OB_ERR_NO_TABLE_PRIVILEGE | OB_SCHEMA_ERROR | OB_ERR_SP_ALREADY_EXISTS | OB_ERR_SP_DOES_NOT_EXIST | OB_OBJECT_NAME_NOT_EXIST | OB_OBJECT_NAME_EXIST | OB_SCHEMA_EAGAIN | OB_SCHEMA_NOT_UPTODATE | OB_ERR_PARALLEL_DDL_CONFLICT | OB_NO_PARTITION_FOR_GIVEN_VALUE_SCHEMA_ERROR | OB_DDL_RESOURCE_NOT_ENOUGH => { ret = true; } _ => {} } ret, the empty case labels that fall through joined into one pattern (RULEBOOK 2.3, the switch fallthrough row) and default: break an empty arm. A caller holding a result writes ret.is_err_and(ObError::is_schema_error), false for Ok(()) as the C++ is for 0 (RULEBOOK 2.1; s2-errors.md 2.1 rule 6). This row is its OB_SCHEMA_EAGAIN alternative.	sweep: ret-compare.tsv:1779 (data row 1778). Signature: inline bool is_schema_error(int err) (src/share/ob_define.h:71). Producer: the caller's argument. Holder: the parameter err, which holds only codes and becomes self (s2-errors.md 2.1 rule 6). Code's branch: case OB_SCHEMA_EAGAIN (src/share/ob_define.h:91) is one of the empty labels of src/share/ob_define.h:75-95, which fall through to ret = true (:96) and break (:97); the function returns ret (:101). Answer for OB_SUCCESS: false, since ret starts false (:73) and the default case only breaks (:98-99).	confirmed
src/share/ob_define.h	is_schema_error	line 92: switch (err) case OB_SCHEMA_NOT_UPTODATE	CODE_PREDICATE	It becomes the ObError method is_schema_error(self) -> bool in ob-errno, under its C++ name, the code being self (s2-errors.md 2.1 rule 6), not a function of the ob_define.rs that manifest.tsv:100 names for the file (finding F3): let mut ret = false; match self { OB_ERR_BAD_DATABASE | OB_DATABASE_EXIST | OB_TABLE_NOT_EXIST | OB_ERR_TABLE_EXIST | OB_ERR_BAD_FIELD_ERROR | OB_ERR_COLUMN_DUPLICATE | OB_ERR_USER_EXIST | OB_ERR_USER_NOT_EXIST | OB_ERR_NO_PRIVILEGE | OB_ERR_NO_DB_PRIVILEGE | OB_ERR_NO_TABLE_PRIVILEGE | OB_SCHEMA_ERROR | OB_ERR_SP_ALREADY_EXISTS | OB_ERR_SP_DOES_NOT_EXIST | OB_OBJECT_NAME_NOT_EXIST | OB_OBJECT_NAME_EXIST | OB_SCHEMA_EAGAIN | OB_SCHEMA_NOT_UPTODATE | OB_ERR_PARALLEL_DDL_CONFLICT | OB_NO_PARTITION_FOR_GIVEN_VALUE_SCHEMA_ERROR | OB_DDL_RESOURCE_NOT_ENOUGH => { ret = true; } _ => {} } ret, the empty case labels that fall through joined into one pattern (RULEBOOK 2.3, the switch fallthrough row) and default: break an empty arm. A caller holding a result writes ret.is_err_and(ObError::is_schema_error), false for Ok(()) as the C++ is for 0 (RULEBOOK 2.1; s2-errors.md 2.1 rule 6). This row is its OB_SCHEMA_NOT_UPTODATE alternative.	sweep: ret-compare.tsv:1780 (data row 1779). Signature: inline bool is_schema_error(int err) (src/share/ob_define.h:71). Producer: the caller's argument. Holder: the parameter err, which holds only codes and becomes self (s2-errors.md 2.1 rule 6). Code's branch: case OB_SCHEMA_NOT_UPTODATE (src/share/ob_define.h:92) is one of the empty labels of src/share/ob_define.h:75-95, which fall through to ret = true (:96) and break (:97); the function returns ret (:101). Answer for OB_SUCCESS: false, since ret starts false (:73) and the default case only breaks (:98-99).	confirmed
src/share/ob_define.h	is_schema_error	line 93: switch (err) case OB_ERR_PARALLEL_DDL_CONFLICT	CODE_PREDICATE	It becomes the ObError method is_schema_error(self) -> bool in ob-errno, under its C++ name, the code being self (s2-errors.md 2.1 rule 6), not a function of the ob_define.rs that manifest.tsv:100 names for the file (finding F3): let mut ret = false; match self { OB_ERR_BAD_DATABASE | OB_DATABASE_EXIST | OB_TABLE_NOT_EXIST | OB_ERR_TABLE_EXIST | OB_ERR_BAD_FIELD_ERROR | OB_ERR_COLUMN_DUPLICATE | OB_ERR_USER_EXIST | OB_ERR_USER_NOT_EXIST | OB_ERR_NO_PRIVILEGE | OB_ERR_NO_DB_PRIVILEGE | OB_ERR_NO_TABLE_PRIVILEGE | OB_SCHEMA_ERROR | OB_ERR_SP_ALREADY_EXISTS | OB_ERR_SP_DOES_NOT_EXIST | OB_OBJECT_NAME_NOT_EXIST | OB_OBJECT_NAME_EXIST | OB_SCHEMA_EAGAIN | OB_SCHEMA_NOT_UPTODATE | OB_ERR_PARALLEL_DDL_CONFLICT | OB_NO_PARTITION_FOR_GIVEN_VALUE_SCHEMA_ERROR | OB_DDL_RESOURCE_NOT_ENOUGH => { ret = true; } _ => {} } ret, the empty case labels that fall through joined into one pattern (RULEBOOK 2.3, the switch fallthrough row) and default: break an empty arm. A caller holding a result writes ret.is_err_and(ObError::is_schema_error), false for Ok(()) as the C++ is for 0 (RULEBOOK 2.1; s2-errors.md 2.1 rule 6). This row is its OB_ERR_PARALLEL_DDL_CONFLICT alternative.	sweep: ret-compare.tsv:1781 (data row 1780). Signature: inline bool is_schema_error(int err) (src/share/ob_define.h:71). Producer: the caller's argument. Holder: the parameter err, which holds only codes and becomes self (s2-errors.md 2.1 rule 6). Code's branch: case OB_ERR_PARALLEL_DDL_CONFLICT (src/share/ob_define.h:93) is one of the empty labels of src/share/ob_define.h:75-95, which fall through to ret = true (:96) and break (:97); the function returns ret (:101). Answer for OB_SUCCESS: false, since ret starts false (:73) and the default case only breaks (:98-99).	confirmed
src/share/ob_define.h	is_schema_error	line 94: switch (err) case OB_NO_PARTITION_FOR_GIVEN_VALUE_SCHEMA_ERROR	CODE_PREDICATE	It becomes the ObError method is_schema_error(self) -> bool in ob-errno, under its C++ name, the code being self (s2-errors.md 2.1 rule 6), not a function of the ob_define.rs that manifest.tsv:100 names for the file (finding F3): let mut ret = false; match self { OB_ERR_BAD_DATABASE | OB_DATABASE_EXIST | OB_TABLE_NOT_EXIST | OB_ERR_TABLE_EXIST | OB_ERR_BAD_FIELD_ERROR | OB_ERR_COLUMN_DUPLICATE | OB_ERR_USER_EXIST | OB_ERR_USER_NOT_EXIST | OB_ERR_NO_PRIVILEGE | OB_ERR_NO_DB_PRIVILEGE | OB_ERR_NO_TABLE_PRIVILEGE | OB_SCHEMA_ERROR | OB_ERR_SP_ALREADY_EXISTS | OB_ERR_SP_DOES_NOT_EXIST | OB_OBJECT_NAME_NOT_EXIST | OB_OBJECT_NAME_EXIST | OB_SCHEMA_EAGAIN | OB_SCHEMA_NOT_UPTODATE | OB_ERR_PARALLEL_DDL_CONFLICT | OB_NO_PARTITION_FOR_GIVEN_VALUE_SCHEMA_ERROR | OB_DDL_RESOURCE_NOT_ENOUGH => { ret = true; } _ => {} } ret, the empty case labels that fall through joined into one pattern (RULEBOOK 2.3, the switch fallthrough row) and default: break an empty arm. A caller holding a result writes ret.is_err_and(ObError::is_schema_error), false for Ok(()) as the C++ is for 0 (RULEBOOK 2.1; s2-errors.md 2.1 rule 6). This row is its OB_NO_PARTITION_FOR_GIVEN_VALUE_SCHEMA_ERROR alternative.	sweep: ret-compare.tsv:1782 (data row 1781). Signature: inline bool is_schema_error(int err) (src/share/ob_define.h:71). Producer: the caller's argument. Holder: the parameter err, which holds only codes and becomes self (s2-errors.md 2.1 rule 6). Code's branch: case OB_NO_PARTITION_FOR_GIVEN_VALUE_SCHEMA_ERROR (src/share/ob_define.h:94) is one of the empty labels of src/share/ob_define.h:75-95, which fall through to ret = true (:96) and break (:97); the function returns ret (:101). Answer for OB_SUCCESS: false, since ret starts false (:73) and the default case only breaks (:98-99).	confirmed
src/share/ob_define.h	is_schema_error	line 95: switch (err) case OB_DDL_RESOURCE_NOT_ENOUGH	CODE_PREDICATE	It becomes the ObError method is_schema_error(self) -> bool in ob-errno, under its C++ name, the code being self (s2-errors.md 2.1 rule 6), not a function of the ob_define.rs that manifest.tsv:100 names for the file (finding F3): let mut ret = false; match self { OB_ERR_BAD_DATABASE | OB_DATABASE_EXIST | OB_TABLE_NOT_EXIST | OB_ERR_TABLE_EXIST | OB_ERR_BAD_FIELD_ERROR | OB_ERR_COLUMN_DUPLICATE | OB_ERR_USER_EXIST | OB_ERR_USER_NOT_EXIST | OB_ERR_NO_PRIVILEGE | OB_ERR_NO_DB_PRIVILEGE | OB_ERR_NO_TABLE_PRIVILEGE | OB_SCHEMA_ERROR | OB_ERR_SP_ALREADY_EXISTS | OB_ERR_SP_DOES_NOT_EXIST | OB_OBJECT_NAME_NOT_EXIST | OB_OBJECT_NAME_EXIST | OB_SCHEMA_EAGAIN | OB_SCHEMA_NOT_UPTODATE | OB_ERR_PARALLEL_DDL_CONFLICT | OB_NO_PARTITION_FOR_GIVEN_VALUE_SCHEMA_ERROR | OB_DDL_RESOURCE_NOT_ENOUGH => { ret = true; } _ => {} } ret, the empty case labels that fall through joined into one pattern (RULEBOOK 2.3, the switch fallthrough row) and default: break an empty arm. A caller holding a result writes ret.is_err_and(ObError::is_schema_error), false for Ok(()) as the C++ is for 0 (RULEBOOK 2.1; s2-errors.md 2.1 rule 6). This row is its OB_DDL_RESOURCE_NOT_ENOUGH alternative.	sweep: ret-compare.tsv:1783 (data row 1782). Signature: inline bool is_schema_error(int err) (src/share/ob_define.h:71). Producer: the caller's argument. Holder: the parameter err, which holds only codes and becomes self (s2-errors.md 2.1 rule 6). Code's branch: case OB_DDL_RESOURCE_NOT_ENOUGH (src/share/ob_define.h:95) is one of the empty labels of src/share/ob_define.h:75-95, which fall through to ret = true (:96) and break (:97); the function returns ret (:101). Answer for OB_SUCCESS: false, since ret starts false (:73) and the default case only breaks (:98-99).	confirmed
src/share/ob_define.h	is_duplicate_key_err	line 107: other variable err == OB_ERR_PRIMARY_KEY_DUPLICATE	CODE_PREDICATE	It becomes the ObError method is_duplicate_key_err(self) -> bool in ob-errno, under its C++ name, the code being self (s2-errors.md 2.1 rule 6), not a function of the ob_define.rs that manifest.tsv:100 names for the file (finding F3): let mut ret = false; if matches!(self, OB_ERR_PRIMARY_KEY_DUPLICATE) { ret = true; } ret. A caller holding a result writes ret.is_err_and(ObError::is_duplicate_key_err), false for Ok(()) as the C++ is for 0 (RULEBOOK 2.1; s2-errors.md 2.1 rule 6). This row is its one test.	sweep: ret-compare.tsv:1784 (data row 1783). Signature: inline bool is_duplicate_key_err(int err) (src/share/ob_define.h:104). Producer: the caller's argument. Holder: the parameter err, which holds only codes and becomes self (s2-errors.md 2.1 rule 6). Code's branch: ret = true (:108); the function returns ret (:110). Answer for OB_SUCCESS: false, since ret starts false (:106). Value 9 lists OB_ERR_PRIMARY_KEY_DUPLICATE, but value 2 comes first.	confirmed
src/share/ob_define.h	is_get_location_timeout_error	line 115: other variable err == OB_GET_LOCATION_TIME_OUT	CODE_PREDICATE	It becomes the ObError method is_get_location_timeout_error(self) -> bool in ob-errno, under its C++ name, the code being self (s2-errors.md 2.1 rule 6), not a function of the ob_define.rs that manifest.tsv:100 names for the file (finding F3): matches!(self, OB_GET_LOCATION_TIME_OUT). A caller holding a result writes ret.is_err_and(ObError::is_get_location_timeout_error), false for Ok(()) as the C++ is for 0 (RULEBOOK 2.1; s2-errors.md 2.1 rule 6). This row is its one test.	sweep: ret-compare.tsv:1785 (data row 1784). Signature: inline bool is_get_location_timeout_error(int err) (src/share/ob_define.h:113). Producer: the caller's argument. Holder: the parameter err, which holds only codes and becomes self (s2-errors.md 2.1 rule 6). Code's branch: the function returns the comparison (:115). Answer for OB_SUCCESS: false, as for any == test.	confirmed
src/share/ob_define.h	is_partition_change_error	line 122: switch (err) case OB_PARTITION_NOT_EXIST	CODE_PREDICATE	It becomes the ObError method is_partition_change_error(self) -> bool in ob-errno, under its C++ name, the code being self (s2-errors.md 2.1 rule 6), not a function of the ob_define.rs that manifest.tsv:100 names for the file (finding F3): let mut ret = false; match self { OB_PARTITION_NOT_EXIST | OB_LOCATION_NOT_EXIST | OB_PARTITION_IS_STOPPED | OB_PARTITION_IS_BLOCKED | OB_LS_LOCATION_NOT_EXIST | OB_MAPPING_BETWEEN_TABLET_AND_LS_NOT_EXIST | OB_LS_NOT_EXIST | OB_TABLET_NOT_EXIST => { ret = true; } _ => {} } ret, the empty case labels that fall through joined into one pattern (RULEBOOK 2.3, the switch fallthrough row) and default: break an empty arm. A caller holding a result writes ret.is_err_and(ObError::is_partition_change_error), false for Ok(()) as the C++ is for 0 (RULEBOOK 2.1; s2-errors.md 2.1 rule 6). This row is its OB_PARTITION_NOT_EXIST alternative.	sweep: ret-compare.tsv:1786 (data row 1785). Signature: inline bool is_partition_change_error(int err) (src/share/ob_define.h:118). Producer: the caller's argument. Holder: the parameter err, which holds only codes and becomes self (s2-errors.md 2.1 rule 6). Code's branch: case OB_PARTITION_NOT_EXIST (src/share/ob_define.h:122) is one of the empty labels of src/share/ob_define.h:122-129, which fall through to ret = true (:130) and break (:131); the function returns ret (:135). Answer for OB_SUCCESS: false, since ret starts false (:120) and the default case only breaks (:132-133). Value 9 lists the code's name, but value 2 comes first.	confirmed
src/share/ob_define.h	is_partition_change_error	line 123: switch (err) case OB_LOCATION_NOT_EXIST	CODE_PREDICATE	It becomes the ObError method is_partition_change_error(self) -> bool in ob-errno, under its C++ name, the code being self (s2-errors.md 2.1 rule 6), not a function of the ob_define.rs that manifest.tsv:100 names for the file (finding F3): let mut ret = false; match self { OB_PARTITION_NOT_EXIST | OB_LOCATION_NOT_EXIST | OB_PARTITION_IS_STOPPED | OB_PARTITION_IS_BLOCKED | OB_LS_LOCATION_NOT_EXIST | OB_MAPPING_BETWEEN_TABLET_AND_LS_NOT_EXIST | OB_LS_NOT_EXIST | OB_TABLET_NOT_EXIST => { ret = true; } _ => {} } ret, the empty case labels that fall through joined into one pattern (RULEBOOK 2.3, the switch fallthrough row) and default: break an empty arm. A caller holding a result writes ret.is_err_and(ObError::is_partition_change_error), false for Ok(()) as the C++ is for 0 (RULEBOOK 2.1; s2-errors.md 2.1 rule 6). This row is its OB_LOCATION_NOT_EXIST alternative.	sweep: ret-compare.tsv:1787 (data row 1786). Signature: inline bool is_partition_change_error(int err) (src/share/ob_define.h:118). Producer: the caller's argument. Holder: the parameter err, which holds only codes and becomes self (s2-errors.md 2.1 rule 6). Code's branch: case OB_LOCATION_NOT_EXIST (src/share/ob_define.h:123) is one of the empty labels of src/share/ob_define.h:122-129, which fall through to ret = true (:130) and break (:131); the function returns ret (:135). Answer for OB_SUCCESS: false, since ret starts false (:120) and the default case only breaks (:132-133). Value 9 lists the code's name, but value 2 comes first.	confirmed
src/share/ob_define.h	is_partition_change_error	line 124: switch (err) case OB_PARTITION_IS_STOPPED	CODE_PREDICATE	It becomes the ObError method is_partition_change_error(self) -> bool in ob-errno, under its C++ name, the code being self (s2-errors.md 2.1 rule 6), not a function of the ob_define.rs that manifest.tsv:100 names for the file (finding F3): let mut ret = false; match self { OB_PARTITION_NOT_EXIST | OB_LOCATION_NOT_EXIST | OB_PARTITION_IS_STOPPED | OB_PARTITION_IS_BLOCKED | OB_LS_LOCATION_NOT_EXIST | OB_MAPPING_BETWEEN_TABLET_AND_LS_NOT_EXIST | OB_LS_NOT_EXIST | OB_TABLET_NOT_EXIST => { ret = true; } _ => {} } ret, the empty case labels that fall through joined into one pattern (RULEBOOK 2.3, the switch fallthrough row) and default: break an empty arm. A caller holding a result writes ret.is_err_and(ObError::is_partition_change_error), false for Ok(()) as the C++ is for 0 (RULEBOOK 2.1; s2-errors.md 2.1 rule 6). This row is its OB_PARTITION_IS_STOPPED alternative.	sweep: ret-compare.tsv:1788 (data row 1787). Signature: inline bool is_partition_change_error(int err) (src/share/ob_define.h:118). Producer: the caller's argument. Holder: the parameter err, which holds only codes and becomes self (s2-errors.md 2.1 rule 6). Code's branch: case OB_PARTITION_IS_STOPPED (src/share/ob_define.h:124) is one of the empty labels of src/share/ob_define.h:122-129, which fall through to ret = true (:130) and break (:131); the function returns ret (:135). Answer for OB_SUCCESS: false, since ret starts false (:120) and the default case only breaks (:132-133).	confirmed
src/share/ob_define.h	is_partition_change_error	line 125: switch (err) case OB_PARTITION_IS_BLOCKED	CODE_PREDICATE	It becomes the ObError method is_partition_change_error(self) -> bool in ob-errno, under its C++ name, the code being self (s2-errors.md 2.1 rule 6), not a function of the ob_define.rs that manifest.tsv:100 names for the file (finding F3): let mut ret = false; match self { OB_PARTITION_NOT_EXIST | OB_LOCATION_NOT_EXIST | OB_PARTITION_IS_STOPPED | OB_PARTITION_IS_BLOCKED | OB_LS_LOCATION_NOT_EXIST | OB_MAPPING_BETWEEN_TABLET_AND_LS_NOT_EXIST | OB_LS_NOT_EXIST | OB_TABLET_NOT_EXIST => { ret = true; } _ => {} } ret, the empty case labels that fall through joined into one pattern (RULEBOOK 2.3, the switch fallthrough row) and default: break an empty arm. A caller holding a result writes ret.is_err_and(ObError::is_partition_change_error), false for Ok(()) as the C++ is for 0 (RULEBOOK 2.1; s2-errors.md 2.1 rule 6). This row is its OB_PARTITION_IS_BLOCKED alternative.	sweep: ret-compare.tsv:1789 (data row 1788). Signature: inline bool is_partition_change_error(int err) (src/share/ob_define.h:118). Producer: the caller's argument. Holder: the parameter err, which holds only codes and becomes self (s2-errors.md 2.1 rule 6). Code's branch: case OB_PARTITION_IS_BLOCKED (src/share/ob_define.h:125) is one of the empty labels of src/share/ob_define.h:122-129, which fall through to ret = true (:130) and break (:131); the function returns ret (:135). Answer for OB_SUCCESS: false, since ret starts false (:120) and the default case only breaks (:132-133).	confirmed
src/share/ob_define.h	is_partition_change_error	line 126: switch (err) case OB_LS_LOCATION_NOT_EXIST	CODE_PREDICATE	It becomes the ObError method is_partition_change_error(self) -> bool in ob-errno, under its C++ name, the code being self (s2-errors.md 2.1 rule 6), not a function of the ob_define.rs that manifest.tsv:100 names for the file (finding F3): let mut ret = false; match self { OB_PARTITION_NOT_EXIST | OB_LOCATION_NOT_EXIST | OB_PARTITION_IS_STOPPED | OB_PARTITION_IS_BLOCKED | OB_LS_LOCATION_NOT_EXIST | OB_MAPPING_BETWEEN_TABLET_AND_LS_NOT_EXIST | OB_LS_NOT_EXIST | OB_TABLET_NOT_EXIST => { ret = true; } _ => {} } ret, the empty case labels that fall through joined into one pattern (RULEBOOK 2.3, the switch fallthrough row) and default: break an empty arm. A caller holding a result writes ret.is_err_and(ObError::is_partition_change_error), false for Ok(()) as the C++ is for 0 (RULEBOOK 2.1; s2-errors.md 2.1 rule 6). This row is its OB_LS_LOCATION_NOT_EXIST alternative.	sweep: ret-compare.tsv:1790 (data row 1789). Signature: inline bool is_partition_change_error(int err) (src/share/ob_define.h:118). Producer: the caller's argument. Holder: the parameter err, which holds only codes and becomes self (s2-errors.md 2.1 rule 6). Code's branch: case OB_LS_LOCATION_NOT_EXIST (src/share/ob_define.h:126) is one of the empty labels of src/share/ob_define.h:122-129, which fall through to ret = true (:130) and break (:131); the function returns ret (:135). Answer for OB_SUCCESS: false, since ret starts false (:120) and the default case only breaks (:132-133). Value 9 lists the code's name, but value 2 comes first.	confirmed
src/share/ob_define.h	is_partition_change_error	line 127: switch (err) case OB_MAPPING_BETWEEN_TABLET_AND_LS_NOT_EXIST	CODE_PREDICATE	It becomes the ObError method is_partition_change_error(self) -> bool in ob-errno, under its C++ name, the code being self (s2-errors.md 2.1 rule 6), not a function of the ob_define.rs that manifest.tsv:100 names for the file (finding F3): let mut ret = false; match self { OB_PARTITION_NOT_EXIST | OB_LOCATION_NOT_EXIST | OB_PARTITION_IS_STOPPED | OB_PARTITION_IS_BLOCKED | OB_LS_LOCATION_NOT_EXIST | OB_MAPPING_BETWEEN_TABLET_AND_LS_NOT_EXIST | OB_LS_NOT_EXIST | OB_TABLET_NOT_EXIST => { ret = true; } _ => {} } ret, the empty case labels that fall through joined into one pattern (RULEBOOK 2.3, the switch fallthrough row) and default: break an empty arm. A caller holding a result writes ret.is_err_and(ObError::is_partition_change_error), false for Ok(()) as the C++ is for 0 (RULEBOOK 2.1; s2-errors.md 2.1 rule 6). This row is its OB_MAPPING_BETWEEN_TABLET_AND_LS_NOT_EXIST alternative.	sweep: ret-compare.tsv:1791 (data row 1790). Signature: inline bool is_partition_change_error(int err) (src/share/ob_define.h:118). Producer: the caller's argument. Holder: the parameter err, which holds only codes and becomes self (s2-errors.md 2.1 rule 6). Code's branch: case OB_MAPPING_BETWEEN_TABLET_AND_LS_NOT_EXIST (src/share/ob_define.h:127) is one of the empty labels of src/share/ob_define.h:122-129, which fall through to ret = true (:130) and break (:131); the function returns ret (:135). Answer for OB_SUCCESS: false, since ret starts false (:120) and the default case only breaks (:132-133). Value 9 lists the code's name, but value 2 comes first.	confirmed
src/share/ob_define.h	is_partition_change_error	line 128: switch (err) case OB_LS_NOT_EXIST	CODE_PREDICATE	It becomes the ObError method is_partition_change_error(self) -> bool in ob-errno, under its C++ name, the code being self (s2-errors.md 2.1 rule 6), not a function of the ob_define.rs that manifest.tsv:100 names for the file (finding F3): let mut ret = false; match self { OB_PARTITION_NOT_EXIST | OB_LOCATION_NOT_EXIST | OB_PARTITION_IS_STOPPED | OB_PARTITION_IS_BLOCKED | OB_LS_LOCATION_NOT_EXIST | OB_MAPPING_BETWEEN_TABLET_AND_LS_NOT_EXIST | OB_LS_NOT_EXIST | OB_TABLET_NOT_EXIST => { ret = true; } _ => {} } ret, the empty case labels that fall through joined into one pattern (RULEBOOK 2.3, the switch fallthrough row) and default: break an empty arm. A caller holding a result writes ret.is_err_and(ObError::is_partition_change_error), false for Ok(()) as the C++ is for 0 (RULEBOOK 2.1; s2-errors.md 2.1 rule 6). This row is its OB_LS_NOT_EXIST alternative.	sweep: ret-compare.tsv:1792 (data row 1791). Signature: inline bool is_partition_change_error(int err) (src/share/ob_define.h:118). Producer: the caller's argument. Holder: the parameter err, which holds only codes and becomes self (s2-errors.md 2.1 rule 6). Code's branch: case OB_LS_NOT_EXIST (src/share/ob_define.h:128) is one of the empty labels of src/share/ob_define.h:122-129, which fall through to ret = true (:130) and break (:131); the function returns ret (:135). Answer for OB_SUCCESS: false, since ret starts false (:120) and the default case only breaks (:132-133). Value 9 lists the code's name, but value 2 comes first.	confirmed
src/share/ob_define.h	is_partition_change_error	line 129: switch (err) case OB_TABLET_NOT_EXIST	CODE_PREDICATE	It becomes the ObError method is_partition_change_error(self) -> bool in ob-errno, under its C++ name, the code being self (s2-errors.md 2.1 rule 6), not a function of the ob_define.rs that manifest.tsv:100 names for the file (finding F3): let mut ret = false; match self { OB_PARTITION_NOT_EXIST | OB_LOCATION_NOT_EXIST | OB_PARTITION_IS_STOPPED | OB_PARTITION_IS_BLOCKED | OB_LS_LOCATION_NOT_EXIST | OB_MAPPING_BETWEEN_TABLET_AND_LS_NOT_EXIST | OB_LS_NOT_EXIST | OB_TABLET_NOT_EXIST => { ret = true; } _ => {} } ret, the empty case labels that fall through joined into one pattern (RULEBOOK 2.3, the switch fallthrough row) and default: break an empty arm. A caller holding a result writes ret.is_err_and(ObError::is_partition_change_error), false for Ok(()) as the C++ is for 0 (RULEBOOK 2.1; s2-errors.md 2.1 rule 6). This row is its OB_TABLET_NOT_EXIST alternative.	sweep: ret-compare.tsv:1793 (data row 1792). Signature: inline bool is_partition_change_error(int err) (src/share/ob_define.h:118). Producer: the caller's argument. Holder: the parameter err, which holds only codes and becomes self (s2-errors.md 2.1 rule 6). Code's branch: case OB_TABLET_NOT_EXIST (src/share/ob_define.h:129) is one of the empty labels of src/share/ob_define.h:122-129, which fall through to ret = true (:130) and break (:131); the function returns ret (:135). Answer for OB_SUCCESS: false, since ret starts false (:120) and the default case only breaks (:132-133). Value 9 lists the code's name, but value 2 comes first.	confirmed
src/share/ob_define.h	is_server_down_error	line 141: other variable err == OB_RPC_CONNECT_ERROR; other variable err == OB_RPC_SEND_ERROR; other variable err == OB_RPC_POST_ERROR	CODE_PREDICATE	It becomes the ObError method is_server_down_error(self) -> bool in ob-errno, under its C++ name, the code being self (s2-errors.md 2.1 rule 6), not a function of the ob_define.rs that manifest.tsv:100 names for the file (finding F3): let mut ret = false; ret = matches!(self, OB_RPC_CONNECT_ERROR | OB_RPC_SEND_ERROR | OB_RPC_POST_ERROR); ret, the statements in the C++ order and the || chain one pattern (s2-errors.md 2.1 rule 3). A caller holding a result writes ret.is_err_and(ObError::is_server_down_error), false for Ok(()) as the C++ is for 0 (RULEBOOK 2.1; s2-errors.md 2.1 rule 6). This row is the whole chain, all three alternatives.	sweep: ret-compare.tsv:1794 (data row 1793). Signature: inline bool is_server_down_error(int err) (src/share/ob_define.h:138). Producer: the caller's argument. Holder: the parameter err, which holds only codes and becomes self (s2-errors.md 2.1 rule 6). Code's branch: ret takes the || of the three == tests (:141); the function returns ret (:142). Answer for OB_SUCCESS: false, as for an || of == tests.	confirmed
src/share/ob_define.h	is_trans_stmt_need_retry_error	line 148: other variable err == OB_TRANS_STMT_NEED_RETRY	CODE_PREDICATE	It becomes the ObError method is_trans_stmt_need_retry_error(self) -> bool in ob-errno, under its C++ name, the code being self (s2-errors.md 2.1 rule 6), not a function of the ob_define.rs that manifest.tsv:100 names for the file (finding F3): let mut ret = false; ret = matches!(self, OB_TRANS_STMT_NEED_RETRY); ret, the statements in the C++ order. A caller holding a result writes ret.is_err_and(ObError::is_trans_stmt_need_retry_error), false for Ok(()) as the C++ is for 0 (RULEBOOK 2.1; s2-errors.md 2.1 rule 6). This row is its one test.	sweep: ret-compare.tsv:1795 (data row 1794). Signature: inline bool is_trans_stmt_need_retry_error(int err) (src/share/ob_define.h:145). Producer: the caller's argument. Holder: the parameter err, which holds only codes and becomes self (s2-errors.md 2.1 rule 6). Code's branch: ret takes the == test (:148); the function returns ret (:149). Answer for OB_SUCCESS: false, as for an == test.	confirmed
src/share/ob_define.h	is_server_status_error	line 155: other variable err == OB_SERVER_IS_INIT; other variable err == OB_SERVER_IS_STOPPING	CODE_PREDICATE	It becomes the ObError method is_server_status_error(self) -> bool in ob-errno, under its C++ name, the code being self (s2-errors.md 2.1 rule 6), not a function of the ob_define.rs that manifest.tsv:100 names for the file (finding F3): let mut ret = false; ret = matches!(self, OB_SERVER_IS_INIT | OB_SERVER_IS_STOPPING); ret, the statements in the C++ order and the || chain one pattern (s2-errors.md 2.1 rule 3). A caller holding a result writes ret.is_err_and(ObError::is_server_status_error), false for Ok(()) as the C++ is for 0 (RULEBOOK 2.1; s2-errors.md 2.1 rule 6). This row is the whole chain, both alternatives.	sweep: ret-compare.tsv:1796 (data row 1795). Signature: inline bool is_server_status_error(int err) (src/share/ob_define.h:152). Producer: the caller's argument. Holder: the parameter err, which holds only codes and becomes self (s2-errors.md 2.1 rule 6). Code's branch: ret takes the || of the two == tests (:155); the function returns ret (:156). Answer for OB_SUCCESS: false, as for an || of == tests.	confirmed
src/share/ob_define.h	is_runtime_not_ready	line 161: other variable err == OB_SERVER_RUNTIME_NOT_READY	CODE_PREDICATE	It becomes the ObError method is_runtime_not_ready(self) -> bool in ob-errno, under its C++ name, the code being self (s2-errors.md 2.1 rule 6), not a function of the ob_define.rs that manifest.tsv:100 names for the file (finding F3): matches!(self, OB_SERVER_RUNTIME_NOT_READY). A caller holding a result writes ret.is_err_and(ObError::is_runtime_not_ready), false for Ok(()) as the C++ is for 0 (RULEBOOK 2.1; s2-errors.md 2.1 rule 6). This row is its one test.	sweep: ret-compare.tsv:1797 (data row 1796). Signature: inline bool is_runtime_not_ready(int err) (src/share/ob_define.h:159). Producer: the caller's argument. Holder: the parameter err, which holds only codes and becomes self (s2-errors.md 2.1 rule 6). Code's branch: the function returns the comparison (:161). Answer for OB_SUCCESS: false, as for an == test.	confirmed
src/share/ob_define.h	is_process_timeout_error	line 167: other variable err == OB_TIMEOUT	CODE_PREDICATE	It becomes the ObError method is_process_timeout_error(self) -> bool in ob-errno, under its C++ name, the code being self (s2-errors.md 2.1 rule 6), not a function of the ob_define.rs that manifest.tsv:100 names for the file (finding F3): let mut ret = false; ret = matches!(self, OB_TIMEOUT); ret, the statements in the C++ order. A caller holding a result writes ret.is_err_and(ObError::is_process_timeout_error), false for Ok(()) as the C++ is for 0 (RULEBOOK 2.1; s2-errors.md 2.1 rule 6). This row is its one test.	sweep: ret-compare.tsv:1798 (data row 1797). Signature: inline bool is_process_timeout_error(int err) (src/share/ob_define.h:164). Producer: the caller's argument. Holder: the parameter err, which holds only codes and becomes self (s2-errors.md 2.1 rule 6). Code's branch: ret takes the == test (:167); the function returns ret (:168). Answer for OB_SUCCESS: false, as for an == test.	confirmed
src/share/ob_define.h	is_location_leader_not_exist_error	line 173: other variable err == OB_LOCATION_LEADER_NOT_EXIST	CODE_PREDICATE	It becomes the ObError method is_location_leader_not_exist_error(self) -> bool in ob-errno, under its C++ name, the code being self (s2-errors.md 2.1 rule 6), not a function of the ob_define.rs that manifest.tsv:100 names for the file (finding F3): matches!(self, OB_LOCATION_LEADER_NOT_EXIST | OB_LS_LOCATION_LEADER_NOT_EXIST), the || chain one pattern (s2-errors.md 2.1 rule 3). A caller holding a result writes ret.is_err_and(ObError::is_location_leader_not_exist_error), false for Ok(()) as the C++ is for 0 (RULEBOOK 2.1; s2-errors.md 2.1 rule 6). This row is its OB_LOCATION_LEADER_NOT_EXIST alternative.	sweep: ret-compare.tsv:1799 (data row 1798). Signature: inline bool is_location_leader_not_exist_error(int err) (src/share/ob_define.h:171). Producer: the caller's argument. Holder: the parameter err, which holds only codes and becomes self (s2-errors.md 2.1 rule 6). Code's branch: the function returns the || of the two == tests (:173-174). Answer for OB_SUCCESS: false, as for an || of == tests. Value 9 lists the code's name, but value 2 comes first.	confirmed
src/share/ob_define.h	is_location_leader_not_exist_error	line 174: other variable err == OB_LS_LOCATION_LEADER_NOT_EXIST	CODE_PREDICATE	It becomes the ObError method is_location_leader_not_exist_error(self) -> bool in ob-errno, under its C++ name, the code being self (s2-errors.md 2.1 rule 6), not a function of the ob_define.rs that manifest.tsv:100 names for the file (finding F3): matches!(self, OB_LOCATION_LEADER_NOT_EXIST | OB_LS_LOCATION_LEADER_NOT_EXIST), the || chain one pattern (s2-errors.md 2.1 rule 3). A caller holding a result writes ret.is_err_and(ObError::is_location_leader_not_exist_error), false for Ok(()) as the C++ is for 0 (RULEBOOK 2.1; s2-errors.md 2.1 rule 6). This row is its OB_LS_LOCATION_LEADER_NOT_EXIST alternative.	sweep: ret-compare.tsv:1800 (data row 1799). Signature: inline bool is_location_leader_not_exist_error(int err) (src/share/ob_define.h:171). Producer: the caller's argument. Holder: the parameter err, which holds only codes and becomes self (s2-errors.md 2.1 rule 6). Code's branch: the function returns the || of the two == tests (:173-174). Answer for OB_SUCCESS: false, as for an || of == tests. Value 9 lists the code's name, but value 2 comes first.	confirmed
src/share/ob_define.h	is_master_changed_error	line 181: switch (err) case OB_LOCATION_LEADER_NOT_EXIST	CODE_PREDICATE	It becomes the ObError method is_master_changed_error(self) -> bool in ob-errno, under its C++ name, the code being self (s2-errors.md 2.1 rule 6), not a function of the ob_define.rs that manifest.tsv:100 names for the file (finding F3): let mut ret = false; match self { OB_LOCATION_LEADER_NOT_EXIST | OB_LS_LOCATION_LEADER_NOT_EXIST | OB_NOT_MASTER | OB_RS_NOT_MASTER | OB_RS_SHUTDOWN => { ret = true; } _ => { ret = false; } } ret, the empty case labels that fall through joined into one pattern (RULEBOOK 2.3, the switch fallthrough row) and the default's ret = false kept. A caller holding a result writes ret.is_err_and(ObError::is_master_changed_error), false for Ok(()) as the C++ is for 0 (RULEBOOK 2.1; s2-errors.md 2.1 rule 6). This row is its OB_LOCATION_LEADER_NOT_EXIST alternative.	sweep: ret-compare.tsv:1801 (data row 1800). Signature: inline bool is_master_changed_error(int err) (src/share/ob_define.h:177). Producer: the caller's argument. Holder: the parameter err, which holds only codes and becomes self (s2-errors.md 2.1 rule 6). Code's branch: case OB_LOCATION_LEADER_NOT_EXIST (src/share/ob_define.h:181) is one of the empty labels of src/share/ob_define.h:181-185, which fall through to ret = true (:186) and break (:187); the function returns ret (:192). Answer for OB_SUCCESS: false, since the default case sets ret = false (:188-189). Value 9 lists the code's name, but value 2 comes first.	confirmed
src/share/ob_define.h	is_master_changed_error	line 182: switch (err) case OB_LS_LOCATION_LEADER_NOT_EXIST	CODE_PREDICATE	It becomes the ObError method is_master_changed_error(self) -> bool in ob-errno, under its C++ name, the code being self (s2-errors.md 2.1 rule 6), not a function of the ob_define.rs that manifest.tsv:100 names for the file (finding F3): let mut ret = false; match self { OB_LOCATION_LEADER_NOT_EXIST | OB_LS_LOCATION_LEADER_NOT_EXIST | OB_NOT_MASTER | OB_RS_NOT_MASTER | OB_RS_SHUTDOWN => { ret = true; } _ => { ret = false; } } ret, the empty case labels that fall through joined into one pattern (RULEBOOK 2.3, the switch fallthrough row) and the default's ret = false kept. A caller holding a result writes ret.is_err_and(ObError::is_master_changed_error), false for Ok(()) as the C++ is for 0 (RULEBOOK 2.1; s2-errors.md 2.1 rule 6). This row is its OB_LS_LOCATION_LEADER_NOT_EXIST alternative.	sweep: ret-compare.tsv:1802 (data row 1801). Signature: inline bool is_master_changed_error(int err) (src/share/ob_define.h:177). Producer: the caller's argument. Holder: the parameter err, which holds only codes and becomes self (s2-errors.md 2.1 rule 6). Code's branch: case OB_LS_LOCATION_LEADER_NOT_EXIST (src/share/ob_define.h:182) is one of the empty labels of src/share/ob_define.h:181-185, which fall through to ret = true (:186) and break (:187); the function returns ret (:192). Answer for OB_SUCCESS: false, since the default case sets ret = false (:188-189). Value 9 lists the code's name, but value 2 comes first.	confirmed
src/share/ob_define.h	is_master_changed_error	line 183: switch (err) case OB_NOT_MASTER	CODE_PREDICATE	It becomes the ObError method is_master_changed_error(self) -> bool in ob-errno, under its C++ name, the code being self (s2-errors.md 2.1 rule 6), not a function of the ob_define.rs that manifest.tsv:100 names for the file (finding F3): let mut ret = false; match self { OB_LOCATION_LEADER_NOT_EXIST | OB_LS_LOCATION_LEADER_NOT_EXIST | OB_NOT_MASTER | OB_RS_NOT_MASTER | OB_RS_SHUTDOWN => { ret = true; } _ => { ret = false; } } ret, the empty case labels that fall through joined into one pattern (RULEBOOK 2.3, the switch fallthrough row) and the default's ret = false kept. A caller holding a result writes ret.is_err_and(ObError::is_master_changed_error), false for Ok(()) as the C++ is for 0 (RULEBOOK 2.1; s2-errors.md 2.1 rule 6). This row is its OB_NOT_MASTER alternative.	sweep: ret-compare.tsv:1803 (data row 1802). Signature: inline bool is_master_changed_error(int err) (src/share/ob_define.h:177). Producer: the caller's argument. Holder: the parameter err, which holds only codes and becomes self (s2-errors.md 2.1 rule 6). Code's branch: case OB_NOT_MASTER (src/share/ob_define.h:183) is one of the empty labels of src/share/ob_define.h:181-185, which fall through to ret = true (:186) and break (:187); the function returns ret (:192). Answer for OB_SUCCESS: false, since the default case sets ret = false (:188-189).	confirmed
src/share/ob_define.h	is_master_changed_error	line 184: switch (err) case OB_RS_NOT_MASTER	CODE_PREDICATE	It becomes the ObError method is_master_changed_error(self) -> bool in ob-errno, under its C++ name, the code being self (s2-errors.md 2.1 rule 6), not a function of the ob_define.rs that manifest.tsv:100 names for the file (finding F3): let mut ret = false; match self { OB_LOCATION_LEADER_NOT_EXIST | OB_LS_LOCATION_LEADER_NOT_EXIST | OB_NOT_MASTER | OB_RS_NOT_MASTER | OB_RS_SHUTDOWN => { ret = true; } _ => { ret = false; } } ret, the empty case labels that fall through joined into one pattern (RULEBOOK 2.3, the switch fallthrough row) and the default's ret = false kept. A caller holding a result writes ret.is_err_and(ObError::is_master_changed_error), false for Ok(()) as the C++ is for 0 (RULEBOOK 2.1; s2-errors.md 2.1 rule 6). This row is its OB_RS_NOT_MASTER alternative.	sweep: ret-compare.tsv:1804 (data row 1803). Signature: inline bool is_master_changed_error(int err) (src/share/ob_define.h:177). Producer: the caller's argument. Holder: the parameter err, which holds only codes and becomes self (s2-errors.md 2.1 rule 6). Code's branch: case OB_RS_NOT_MASTER (src/share/ob_define.h:184) is one of the empty labels of src/share/ob_define.h:181-185, which fall through to ret = true (:186) and break (:187); the function returns ret (:192). Answer for OB_SUCCESS: false, since the default case sets ret = false (:188-189).	confirmed
src/share/ob_define.h	is_master_changed_error	line 185: switch (err) case OB_RS_SHUTDOWN	CODE_PREDICATE	It becomes the ObError method is_master_changed_error(self) -> bool in ob-errno, under its C++ name, the code being self (s2-errors.md 2.1 rule 6), not a function of the ob_define.rs that manifest.tsv:100 names for the file (finding F3): let mut ret = false; match self { OB_LOCATION_LEADER_NOT_EXIST | OB_LS_LOCATION_LEADER_NOT_EXIST | OB_NOT_MASTER | OB_RS_NOT_MASTER | OB_RS_SHUTDOWN => { ret = true; } _ => { ret = false; } } ret, the empty case labels that fall through joined into one pattern (RULEBOOK 2.3, the switch fallthrough row) and the default's ret = false kept. A caller holding a result writes ret.is_err_and(ObError::is_master_changed_error), false for Ok(()) as the C++ is for 0 (RULEBOOK 2.1; s2-errors.md 2.1 rule 6). This row is its OB_RS_SHUTDOWN alternative.	sweep: ret-compare.tsv:1805 (data row 1804). Signature: inline bool is_master_changed_error(int err) (src/share/ob_define.h:177). Producer: the caller's argument. Holder: the parameter err, which holds only codes and becomes self (s2-errors.md 2.1 rule 6). Code's branch: case OB_RS_SHUTDOWN (src/share/ob_define.h:185) is one of the empty labels of src/share/ob_define.h:181-185, which fall through to ret = true (:186) and break (:187); the function returns ret (:192). Answer for OB_SUCCESS: false, since the default case sets ret = false (:188-189).	confirmed
src/share/ob_define.h	is_timeout_err	line 197: other variable err == OB_TIMEOUT	CODE_PREDICATE	It becomes the ObError method is_timeout_err(self) -> bool in ob-errno, under its C++ name, the code being self (s2-errors.md 2.1 rule 6), not a function of the ob_define.rs that manifest.tsv:100 names for the file (finding F3): matches!(self, OB_TIMEOUT | OB_TRANS_TIMEOUT | OB_TRANS_STMT_TIMEOUT | OB_TRANS_RPC_TIMEOUT), the || chain one pattern (s2-errors.md 2.1 rule 3). A caller holding a result writes ret.is_err_and(ObError::is_timeout_err), false for Ok(()) as the C++ is for 0 (RULEBOOK 2.1; s2-errors.md 2.1 rule 6). This row is its OB_TIMEOUT alternative.	sweep: ret-compare.tsv:1806 (data row 1805). Signature: inline bool is_timeout_err(int err) (src/share/ob_define.h:195). Producer: the caller's argument. Holder: the parameter err, which holds only codes and becomes self (s2-errors.md 2.1 rule 6). Code's branch: the function returns the || of the four == tests (:197-200). Answer for OB_SUCCESS: false, as for an || of == tests.	confirmed
src/share/ob_define.h	is_timeout_err	line 198: other variable err == OB_TRANS_TIMEOUT	CODE_PREDICATE	It becomes the ObError method is_timeout_err(self) -> bool in ob-errno, under its C++ name, the code being self (s2-errors.md 2.1 rule 6), not a function of the ob_define.rs that manifest.tsv:100 names for the file (finding F3): matches!(self, OB_TIMEOUT | OB_TRANS_TIMEOUT | OB_TRANS_STMT_TIMEOUT | OB_TRANS_RPC_TIMEOUT), the || chain one pattern (s2-errors.md 2.1 rule 3). A caller holding a result writes ret.is_err_and(ObError::is_timeout_err), false for Ok(()) as the C++ is for 0 (RULEBOOK 2.1; s2-errors.md 2.1 rule 6). This row is its OB_TRANS_TIMEOUT alternative.	sweep: ret-compare.tsv:1807 (data row 1806). Signature: inline bool is_timeout_err(int err) (src/share/ob_define.h:195). Producer: the caller's argument. Holder: the parameter err, which holds only codes and becomes self (s2-errors.md 2.1 rule 6). Code's branch: the function returns the || of the four == tests (:197-200). Answer for OB_SUCCESS: false, as for an || of == tests.	confirmed
src/share/ob_define.h	is_timeout_err	line 199: other variable err == OB_TRANS_STMT_TIMEOUT	CODE_PREDICATE	It becomes the ObError method is_timeout_err(self) -> bool in ob-errno, under its C++ name, the code being self (s2-errors.md 2.1 rule 6), not a function of the ob_define.rs that manifest.tsv:100 names for the file (finding F3): matches!(self, OB_TIMEOUT | OB_TRANS_TIMEOUT | OB_TRANS_STMT_TIMEOUT | OB_TRANS_RPC_TIMEOUT), the || chain one pattern (s2-errors.md 2.1 rule 3). A caller holding a result writes ret.is_err_and(ObError::is_timeout_err), false for Ok(()) as the C++ is for 0 (RULEBOOK 2.1; s2-errors.md 2.1 rule 6). This row is its OB_TRANS_STMT_TIMEOUT alternative.	sweep: ret-compare.tsv:1808 (data row 1807). Signature: inline bool is_timeout_err(int err) (src/share/ob_define.h:195). Producer: the caller's argument. Holder: the parameter err, which holds only codes and becomes self (s2-errors.md 2.1 rule 6). Code's branch: the function returns the || of the four == tests (:197-200). Answer for OB_SUCCESS: false, as for an || of == tests.	confirmed
src/share/ob_define.h	is_timeout_err	line 200: other variable err == OB_TRANS_RPC_TIMEOUT	CODE_PREDICATE	It becomes the ObError method is_timeout_err(self) -> bool in ob-errno, under its C++ name, the code being self (s2-errors.md 2.1 rule 6), not a function of the ob_define.rs that manifest.tsv:100 names for the file (finding F3): matches!(self, OB_TIMEOUT | OB_TRANS_TIMEOUT | OB_TRANS_STMT_TIMEOUT | OB_TRANS_RPC_TIMEOUT), the || chain one pattern (s2-errors.md 2.1 rule 3). A caller holding a result writes ret.is_err_and(ObError::is_timeout_err), false for Ok(()) as the C++ is for 0 (RULEBOOK 2.1; s2-errors.md 2.1 rule 6). This row is its OB_TRANS_RPC_TIMEOUT alternative.	sweep: ret-compare.tsv:1809 (data row 1808). Signature: inline bool is_timeout_err(int err) (src/share/ob_define.h:195). Producer: the caller's argument. Holder: the parameter err, which holds only codes and becomes self (s2-errors.md 2.1 rule 6). Code's branch: the function returns the || of the four == tests (:197-200). Answer for OB_SUCCESS: false, as for an || of == tests.	confirmed
src/share/ob_define.h	is_not_supported_err	line 205: other variable err == OB_NOT_SUPPORTED	CODE_PREDICATE	It becomes the ObError method is_not_supported_err(self) -> bool in ob-errno, under its C++ name, the code being self (s2-errors.md 2.1 rule 6), not a function of the ob_define.rs that manifest.tsv:100 names for the file (finding F3): matches!(self, OB_NOT_SUPPORTED). A caller holding a result writes ret.is_err_and(ObError::is_not_supported_err), false for Ok(()) as the C++ is for 0 (RULEBOOK 2.1; s2-errors.md 2.1 rule 6). This row is its one test.	sweep: ret-compare.tsv:1810 (data row 1809). Signature: inline bool is_not_supported_err(int err) (src/share/ob_define.h:203). Producer: the caller's argument. Holder: the parameter err, which holds only codes and becomes self (s2-errors.md 2.1 rule 6). Code's branch: the function returns the comparison (:205). Answer for OB_SUCCESS: false, as for an == test.	confirmed
src/share/ob_define.h	is_try_lock_row_err	line 210: other variable err == OB_TRY_LOCK_ROW_CONFLICT	CODE_PREDICATE	It becomes the ObError method is_try_lock_row_err(self) -> bool in ob-errno, under its C++ name, the code being self (s2-errors.md 2.1 rule 6), not a function of the ob_define.rs that manifest.tsv:100 names for the file (finding F3): matches!(self, OB_TRY_LOCK_ROW_CONFLICT). A caller holding a result writes ret.is_err_and(ObError::is_try_lock_row_err), false for Ok(()) as the C++ is for 0 (RULEBOOK 2.1; s2-errors.md 2.1 rule 6). This row is its one test.	sweep: ret-compare.tsv:1811 (data row 1810). Signature: inline bool is_try_lock_row_err(int err) (src/share/ob_define.h:208). Producer: the caller's argument. Holder: the parameter err, which holds only codes and becomes self (s2-errors.md 2.1 rule 6). Code's branch: the function returns the comparison (:210). Answer for OB_SUCCESS: false, as for an == test.	confirmed
src/share/ob_define.h	is_transaction_set_violation_err	line 215: other variable err == OB_TRANSACTION_SET_VIOLATION	CODE_PREDICATE	It becomes the ObError method is_transaction_set_violation_err(self) -> bool in ob-errno, under its C++ name, the code being self (s2-errors.md 2.1 rule 6), not a function of the ob_define.rs that manifest.tsv:100 names for the file (finding F3): matches!(self, OB_TRANSACTION_SET_VIOLATION). A caller holding a result writes ret.is_err_and(ObError::is_transaction_set_violation_err), false for Ok(()) as the C++ is for 0 (RULEBOOK 2.1; s2-errors.md 2.1 rule 6). This row is its one test.	sweep: ret-compare.tsv:1812 (data row 1811). Signature: inline bool is_transaction_set_violation_err(int err) (src/share/ob_define.h:213). Producer: the caller's argument. Holder: the parameter err, which holds only codes and becomes self (s2-errors.md 2.1 rule 6). Code's branch: the function returns the comparison (:215). Answer for OB_SUCCESS: false, as for an == test.	confirmed
src/share/ob_define.h	is_transaction_cannot_serialize_err	line 220: other variable err == OB_TRANS_CANNOT_SERIALIZE	CODE_PREDICATE	It becomes the ObError method is_transaction_cannot_serialize_err(self) -> bool in ob-errno, under its C++ name, the code being self (s2-errors.md 2.1 rule 6), not a function of the ob_define.rs that manifest.tsv:100 names for the file (finding F3): matches!(self, OB_TRANS_CANNOT_SERIALIZE). A caller holding a result writes ret.is_err_and(ObError::is_transaction_cannot_serialize_err), false for Ok(()) as the C++ is for 0 (RULEBOOK 2.1; s2-errors.md 2.1 rule 6). This row is its one test.	sweep: ret-compare.tsv:1813 (data row 1812). Signature: inline bool is_transaction_cannot_serialize_err(int err) (src/share/ob_define.h:218). Producer: the caller's argument. Holder: the parameter err, which holds only codes and becomes self (s2-errors.md 2.1 rule 6). Code's branch: the function returns the comparison (:220). Answer for OB_SUCCESS: false, as for an == test.	confirmed
src/share/ob_define.h	is_snapshot_discarded_err	line 225: other variable err == OB_SNAPSHOT_DISCARDED	CODE_PREDICATE	It becomes the ObError method is_snapshot_discarded_err(self) -> bool in ob-errno, under its C++ name, the code being self (s2-errors.md 2.1 rule 6), not a function of the ob_define.rs that manifest.tsv:100 names for the file (finding F3): matches!(self, OB_SNAPSHOT_DISCARDED). A caller holding a result writes ret.is_err_and(ObError::is_snapshot_discarded_err), false for Ok(()) as the C++ is for 0 (RULEBOOK 2.1; s2-errors.md 2.1 rule 6). This row is its one test.	sweep: ret-compare.tsv:1814 (data row 1813). Signature: inline bool is_snapshot_discarded_err(const int err) (src/share/ob_define.h:223). Producer: the caller's argument. Holder: the parameter err, which holds only codes and becomes self (s2-errors.md 2.1 rule 6). Code's branch: the function returns the comparison (:225). Answer for OB_SUCCESS: false, as for an == test.	confirmed
src/share/ob_define.h	is_transaction_rpc_timeout_err	line 230: other variable err == OB_TRANS_RPC_TIMEOUT	CODE_PREDICATE	It becomes the ObError method is_transaction_rpc_timeout_err(self) -> bool in ob-errno, under its C++ name, the code being self (s2-errors.md 2.1 rule 6), not a function of the ob_define.rs that manifest.tsv:100 names for the file (finding F3): matches!(self, OB_TRANS_RPC_TIMEOUT). A caller holding a result writes ret.is_err_and(ObError::is_transaction_rpc_timeout_err), false for Ok(()) as the C++ is for 0 (RULEBOOK 2.1; s2-errors.md 2.1 rule 6). This row is its one test.	sweep: ret-compare.tsv:1815 (data row 1814). Signature: inline bool is_transaction_rpc_timeout_err(int err) (src/share/ob_define.h:228). Producer: the caller's argument. Holder: the parameter err, which holds only codes and becomes self (s2-errors.md 2.1 rule 6). Code's branch: the function returns the comparison (:230). Answer for OB_SUCCESS: false, as for an == test.	confirmed
src/share/ob_define.h	is_data_not_readable_err	line 235: other variable err == OB_DATA_NOT_UPTODATE	CODE_PREDICATE	It becomes the ObError method is_data_not_readable_err(self) -> bool in ob-errno, under its C++ name, the code being self (s2-errors.md 2.1 rule 6), not a function of the ob_define.rs that manifest.tsv:100 names for the file (finding F3): matches!(self, OB_DATA_NOT_UPTODATE | OB_REPLICA_NOT_READABLE | OB_SNAPSHOT_DISCARDED), the || chain one pattern (s2-errors.md 2.1 rule 3). A caller holding a result writes ret.is_err_and(ObError::is_data_not_readable_err), false for Ok(()) as the C++ is for 0 (RULEBOOK 2.1; s2-errors.md 2.1 rule 6). This row is its OB_DATA_NOT_UPTODATE alternative.	sweep: ret-compare.tsv:1816 (data row 1815). Signature: inline bool is_data_not_readable_err(int err) (src/share/ob_define.h:233). Producer: the caller's argument. Holder: the parameter err, which holds only codes and becomes self (s2-errors.md 2.1 rule 6). Code's branch: the function returns the || of the three == tests (:235-237). Answer for OB_SUCCESS: false, as for an || of == tests.	confirmed
src/share/ob_define.h	is_data_not_readable_err	line 236: other variable err == OB_REPLICA_NOT_READABLE	CODE_PREDICATE	It becomes the ObError method is_data_not_readable_err(self) -> bool in ob-errno, under its C++ name, the code being self (s2-errors.md 2.1 rule 6), not a function of the ob_define.rs that manifest.tsv:100 names for the file (finding F3): matches!(self, OB_DATA_NOT_UPTODATE | OB_REPLICA_NOT_READABLE | OB_SNAPSHOT_DISCARDED), the || chain one pattern (s2-errors.md 2.1 rule 3). A caller holding a result writes ret.is_err_and(ObError::is_data_not_readable_err), false for Ok(()) as the C++ is for 0 (RULEBOOK 2.1; s2-errors.md 2.1 rule 6). This row is its OB_REPLICA_NOT_READABLE alternative.	sweep: ret-compare.tsv:1817 (data row 1816). Signature: inline bool is_data_not_readable_err(int err) (src/share/ob_define.h:233). Producer: the caller's argument. Holder: the parameter err, which holds only codes and becomes self (s2-errors.md 2.1 rule 6). Code's branch: the function returns the || of the three == tests (:235-237). Answer for OB_SUCCESS: false, as for an || of == tests.	confirmed
src/share/ob_define.h	is_data_not_readable_err	line 237: other variable err == OB_SNAPSHOT_DISCARDED	CODE_PREDICATE	It becomes the ObError method is_data_not_readable_err(self) -> bool in ob-errno, under its C++ name, the code being self (s2-errors.md 2.1 rule 6), not a function of the ob_define.rs that manifest.tsv:100 names for the file (finding F3): matches!(self, OB_DATA_NOT_UPTODATE | OB_REPLICA_NOT_READABLE | OB_SNAPSHOT_DISCARDED), the || chain one pattern (s2-errors.md 2.1 rule 3). A caller holding a result writes ret.is_err_and(ObError::is_data_not_readable_err), false for Ok(()) as the C++ is for 0 (RULEBOOK 2.1; s2-errors.md 2.1 rule 6). This row is its OB_SNAPSHOT_DISCARDED alternative.	sweep: ret-compare.tsv:1818 (data row 1817). Signature: inline bool is_data_not_readable_err(int err) (src/share/ob_define.h:233). Producer: the caller's argument. Holder: the parameter err, which holds only codes and becomes self (s2-errors.md 2.1 rule 6). Code's branch: the function returns the || of the three == tests (:235-237). Answer for OB_SUCCESS: false, as for an || of == tests.	confirmed
src/share/ob_define.h	is_has_no_readable_replica_err	line 242: other variable err == OB_NO_READABLE_REPLICA	CODE_PREDICATE	It becomes the ObError method is_has_no_readable_replica_err(self) -> bool in ob-errno, under its C++ name, the code being self (s2-errors.md 2.1 rule 6), not a function of the ob_define.rs that manifest.tsv:100 names for the file (finding F3): matches!(self, OB_NO_READABLE_REPLICA). A caller holding a result writes ret.is_err_and(ObError::is_has_no_readable_replica_err), false for Ok(()) as the C++ is for 0 (RULEBOOK 2.1; s2-errors.md 2.1 rule 6). This row is its one test.	sweep: ret-compare.tsv:1819 (data row 1818). Signature: inline bool is_has_no_readable_replica_err(int err) (src/share/ob_define.h:240). Producer: the caller's argument. Holder: the parameter err, which holds only codes and becomes self (s2-errors.md 2.1 rule 6). Code's branch: the function returns the comparison (:242). Answer for OB_SUCCESS: false, as for an == test.	confirmed
src/share/ob_define.h	is_id_not_ready_err	line 247: other variable err == OB_GTS_NOT_READY; other variable err == OB_GTI_NOT_READY	CODE_PREDICATE	It becomes the ObError method is_id_not_ready_err(self) -> bool in ob-errno, under its C++ name, the code being self (s2-errors.md 2.1 rule 6), not a function of the ob_define.rs that manifest.tsv:100 names for the file (finding F3): matches!(self, OB_GTS_NOT_READY | OB_GTI_NOT_READY), the || chain one pattern (s2-errors.md 2.1 rule 3). A caller holding a result writes ret.is_err_and(ObError::is_id_not_ready_err), false for Ok(()) as the C++ is for 0 (RULEBOOK 2.1; s2-errors.md 2.1 rule 6). This row is the whole chain, both alternatives.	sweep: ret-compare.tsv:1820 (data row 1819). Signature: inline bool is_id_not_ready_err(const int err) (src/share/ob_define.h:245). Producer: the caller's argument. Holder: the parameter err, which holds only codes and becomes self (s2-errors.md 2.1 rule 6). Code's branch: the function returns the || of the two == tests (:247). Answer for OB_SUCCESS: false, as for an || of == tests.	confirmed
src/share/ob_define.h	is_weak_read_service_ready_err	line 252: other variable err == OB_TRANS_WEAK_READ_VERSION_NOT_READY	CODE_PREDICATE	It becomes the ObError method is_weak_read_service_ready_err(self) -> bool in ob-errno, under its C++ name, the code being self (s2-errors.md 2.1 rule 6), not a function of the ob_define.rs that manifest.tsv:100 names for the file (finding F3): matches!(self, OB_TRANS_WEAK_READ_VERSION_NOT_READY). A caller holding a result writes ret.is_err_and(ObError::is_weak_read_service_ready_err), false for Ok(()) as the C++ is for 0 (RULEBOOK 2.1; s2-errors.md 2.1 rule 6). This row is its one test.	sweep: ret-compare.tsv:1821 (data row 1820). Signature: inline bool is_weak_read_service_ready_err(const int err) (src/share/ob_define.h:250). Producer: the caller's argument. Holder: the parameter err, which holds only codes and becomes self (s2-errors.md 2.1 rule 6). Code's branch: the function returns the comparison (:252). Answer for OB_SUCCESS: false, as for an == test.	confirmed
src/share/ob_define.h	is_query_killed_return	line 263: ret == OB_ERR_QUERY_INTERRUPTED	CODE_PREDICATE	It becomes the ObError method is_query_killed_return(self) -> bool in ob-errno, under its C++ name, the code being self (s2-errors.md 2.1 rule 6), not a function of the ob_define.rs that manifest.tsv:100 names for the file (finding F3): matches!(self, OB_ERR_QUERY_INTERRUPTED | OB_DEAD_LOCK), the || chain one pattern (s2-errors.md 2.1 rule 3). A caller holding a result writes ret.is_err_and(ObError::is_query_killed_return), false for Ok(()) as the C++ is for 0 (RULEBOOK 2.1; s2-errors.md 2.1 rule 6). This row is its OB_ERR_QUERY_INTERRUPTED alternative; the C++ parameter named ret is self, not a local ret.	sweep: ret-compare.tsv:1822 (data row 1821). Signature: inline bool is_query_killed_return(const int ret) (src/share/ob_define.h:260). Producer: the caller's argument. Holder: the parameter ret, which holds only codes and becomes self (s2-errors.md 2.1 rule 6). Code's branch: the function returns the || of the two == tests (:263-264). Answer for OB_SUCCESS: false, as for an || of == tests.	confirmed
src/share/ob_define.h	is_query_killed_return	line 264: ret == OB_DEAD_LOCK	CODE_PREDICATE	It becomes the ObError method is_query_killed_return(self) -> bool in ob-errno, under its C++ name, the code being self (s2-errors.md 2.1 rule 6), not a function of the ob_define.rs that manifest.tsv:100 names for the file (finding F3): matches!(self, OB_ERR_QUERY_INTERRUPTED | OB_DEAD_LOCK), the || chain one pattern (s2-errors.md 2.1 rule 3). A caller holding a result writes ret.is_err_and(ObError::is_query_killed_return), false for Ok(()) as the C++ is for 0 (RULEBOOK 2.1; s2-errors.md 2.1 rule 6). This row is its OB_DEAD_LOCK alternative; the C++ parameter named ret is self, not a local ret.	sweep: ret-compare.tsv:1823 (data row 1822). Signature: inline bool is_query_killed_return(const int ret) (src/share/ob_define.h:260). Producer: the caller's argument. Holder: the parameter ret, which holds only codes and becomes self (s2-errors.md 2.1 rule 6). Code's branch: the function returns the || of the two == tests (:263-264). Answer for OB_SUCCESS: false, as for an || of == tests.	confirmed
src/share/ob_define.h	#define LOG_WARN_IGNORE_ITER_END	line 272: ret != OB_ITER_END	END_OF_DATA	The macro passes a format and a variable argument list on to LOG_WARN, so it becomes the lowercase macro_rules! log_warn_ignore_iter_end! (RULEBOOK 2.3, the function-like macro row), whose body is if !matches!($ret, Err(OB_ITER_END)) { log_warn!($ret, $fmt, ..) }: OB_UNLIKELY becomes the bare condition and the do { } while (0) wrapper a plain block (RULEBOOK 2.3), $ret is an ObResult (s2-errors.md 2.2 rule 5), and a macro_rules! body reaches a ret only through a parameter (s2-errors.md 2.3), so the log takes $ret, which is the use site's ret that the C++ LOG_WARN prints whenever a use passes ret (s2-errors.md 2.5 rule 1). Producers keep ending with Err(OB_ITER_END), never an Option or a bool, until parity (s2-errors.md 2.4 rule 1; ARCHITECTURE.md section 17 default 6).	sweep: ret-compare.tsv:1824 (data row 1823). Producer: none at the definition; it sits at the uses (vocabulary section 5, Macro bodies), and git grep -nw LOG_WARN_IGNORE_ITER_END 834bbee1e -- src finds only the definition (src/share/ob_define.h:270), so no use and no producer exist. Holder: the macro's parameter ret. Code's branch: for OB_ITER_END the LOG_WARN (:273) is skipped and the macro does nothing else (:271-275); the code stays with the caller. Value 8 holds on the code alone.	confirmed
src/share/ob_device_manager.cpp	ObDeviceManager::get_deivce_	line 241: ret == OB_HASH_NOT_EXIST	LOOKUP_OUTCOME	if matches!(ret, Err(OB_HASH_NOT_EXIST)) {} else { <the WARN log> } inside the failure branch of if ob_fail!(ret = self.device_map_.get_refactored(..)), on the local ret, an ObResult, in the local-ret form (s2-errors.md 2.3), under the read guard on lock_ where the C++ holds it (vocabulary section 5, Locks); the empty branch stays (s2-errors.md 2.3), and OB_HASH_NOT_EXIST stays in ret and is returned for get_device_ to test (s2-errors.md 2.4 rule 1). The ObHashMap port keeps answering OB_HASH_NOT_EXIST for a miss and OB_NOT_INIT for a map never created, never an Option or a bool, until parity (s2-errors.md 2.4 rules 1 and 2).	sweep: ret-compare.tsv:1825 (data row 1824). Producer: device_map_.get_refactored(device_key, dev_info) at ob_device_manager.cpp:240, on an ObHashMap<ObString, ObDeviceInsInfo*> (src/share/ob_device_manager.h:56, :80), under the read guard on lock_ (ob_device_manager.cpp:238); get_refactored answers OB_HASH_NOT_EXIST for a missing key (src/oblib/lib/hash/ob_hashtable.h:1131) and OB_NOT_INIT for a map never created (ob_hashtable.h:1135). Holder: the local ret (ob_device_manager.cpp:235). Code's branch: empty, commented 'device not found; defer creation to subsequent steps' (ob_device_manager.cpp:241-242); only the other codes are logged (ob_device_manager.cpp:244). Every code skips the reference increment of the else-if (ob_device_manager.cpp:247) and is returned (ob_device_manager.cpp:251). Escapes: get_deivce_ is private (src/share/ob_device_manager.h:46, :70), and git grep -n 'get_deivce_(' 834bbee1e -- src finds one call, in get_device_ (ob_device_manager.cpp:301), which creates the device on this code (ret-compare.tsv:1827).	confirmed
src/share/ob_device_manager.cpp	ObDeviceManager::alloc_device_and_init_	line 266: ret == OB_HASH_NOT_EXIST	LOOKUP_OUTCOME	if matches!(ret, Err(OB_HASH_NOT_EXIST)) { ret = Ok(()); if ob_fail!(ret = self.alloc_device_(..)) {} } else { <the WARN log> } inside the failure branch of if ob_fail!(ret = self.device_map_.get_refactored(..)), on the local ret, an ObResult, in the local-ret form (s2-errors.md 2.3), under the write guard on lock_ where the C++ holds it (vocabulary section 5, Locks); the reset, the creation and the empty branch keep the C++ order (s2-errors.md 2.3, 2.4 rule 1). The ObHashMap port keeps answering OB_HASH_NOT_EXIST for a miss and OB_NOT_INIT for a map never created, never an Option or a bool, until parity (s2-errors.md 2.4 rules 1 and 2).	sweep: ret-compare.tsv:1826 (data row 1825). Producer: device_map_.get_refactored(device_key, dev_info) at ob_device_manager.cpp:265, the re-check under the write guard on lock_ (ob_device_manager.cpp:262, :264), on the ObHashMap<ObString, ObDeviceInsInfo*> (src/share/ob_device_manager.h:56, :80); get_refactored answers OB_HASH_NOT_EXIST for a missing key (src/oblib/lib/hash/ob_hashtable.h:1131) and OB_NOT_INIT for a map never created (ob_hashtable.h:1135). Holder: the local ret (ob_device_manager.cpp:259). Code's branch: ret = OB_SUCCESS (ob_device_manager.cpp:267), then alloc_device_ creates the device (ob_device_manager.cpp:269) and puts it in device_map_ and handle_map_ (ob_device_manager.cpp:193-194); the code is dropped and the function goes on to take a reference (ob_device_manager.cpp:276). Other codes are logged (ob_device_manager.cpp:272), skip the reference through FAILEDx (ob_device_manager.cpp:276) and are returned (ob_device_manager.cpp:282).	confirmed
src/share/ob_device_manager.cpp	ObDeviceManager::get_device_	line 302: ret == OB_HASH_NOT_EXIST	LOOKUP_OUTCOME	if matches!(ret, Err(OB_HASH_NOT_EXIST)) { ret = Ok(()); if ob_fail!(ret = self.alloc_device_and_init_(..)) {} } else { <the WARN log> } inside the failure branch of if ob_fail!(ret = self.get_deivce_(..)), on the local ret, an ObResult, in the local-ret form (s2-errors.md 2.3); the reset, the creation and the empty branch keep the C++ order (s2-errors.md 2.3, 2.4 rule 1). get_deivce_ keeps passing the map's OB_HASH_NOT_EXIST on unchanged, and the ObHashMap port keeps answering it for a miss, never an Option or a bool, until parity (s2-errors.md 2.4 rules 1 and 2).	sweep: ret-compare.tsv:1827 (data row 1826). Producer: get_deivce_(tmp_device_key, device_handle) at ob_device_manager.cpp:301, which returns device_map_.get_refactored's OB_HASH_NOT_EXIST unchanged (ob_device_manager.cpp:240-242, :251; ret-compare.tsv:1825), the ObHashMap's answer for a missing key (src/oblib/lib/hash/ob_hashtable.h:1131). Holder: the local ret (ob_device_manager.cpp:290). Code's branch: ret = OB_SUCCESS (ob_device_manager.cpp:303), then alloc_device_and_init_ re-checks the map under the write guard and creates the device (ob_device_manager.cpp:304-305; ret-compare.tsv:1826); the code is dropped. Other codes are logged (ob_device_manager.cpp:308-309) and returned (ob_device_manager.cpp:314). Consumer: get_local_device passes get_device_'s code on (ob_device_manager.cpp:328-332).	confirmed
src/share/ob_dml_sql_splicer.cpp	ObDMLSqlSplicer::build_rows_matrix	line 687: ret == OB_HASH_NOT_EXIST	LOOKUP_OUTCOME	if matches!(ret, Err(OB_HASH_NOT_EXIST)) { ret = Ok(()); if ob_fail!(ret = all_names.push_back(cname)) {} else if ob_fail!(ret = name_idx_map.set_refactored(..)) {} else { name_idx = ..; } } else { } inside the failure branch of if ob_fail!(ret = name_idx_map.get_refactored(..)) in the loop over columns_, on the local ret, an ObResult, in the local-ret form (s2-errors.md 2.3); the reset, the insert and the empty else keep the C++ order (s2-errors.md 2.3, 2.4 rule 1). The ObHashMap port keeps answering OB_HASH_NOT_EXIST for a miss and OB_NOT_INIT for a map never created, never an Option or a bool, until parity (s2-errors.md 2.4 rules 1 and 2).	sweep: ret-compare.tsv:1828 (data row 1827). Producer: name_idx_map.get_refactored(cname, name_idx) at ob_dml_sql_splicer.cpp:686, on the local hash::ObHashMap<ObString, int64_t, hash::NoPthreadDefendMode> (ob_dml_sql_splicer.cpp:673) created at ob_dml_sql_splicer.cpp:675; get_refactored answers OB_HASH_NOT_EXIST for a missing key (src/oblib/lib/hash/ob_hashtable.h:1131) and OB_NOT_INIT for a map never created (ob_hashtable.h:1135), which cannot arrive here, since a failed create keeps the loop from running (ob_dml_sql_splicer.cpp:681). Holder: the local ret (ob_dml_sql_splicer.cpp:672). Code's branch: ret = OB_SUCCESS (ob_dml_sql_splicer.cpp:688), then the new column name goes onto all_names and into the map with its index (ob_dml_sql_splicer.cpp:690-691), and name_idx takes that index (ob_dml_sql_splicer.cpp:693); the code is dropped and the loop goes on. Other codes take the empty else (ob_dml_sql_splicer.cpp:695-696), end the loop through its OB_SUCCESS == ret condition (ob_dml_sql_splicer.cpp:681) and stay in ret.	confirmed
src/share/ob_dml_sql_splicer.cpp	ObDMLExecHelper::check_row_exist	line 1180: ret == OB_ITER_END	END_OF_DATA	if <the null test on res.get_result()> && { ret = <the result>.next(); ret.is_ok() } { *exist = true; } then if ret.is_err() { if matches!(ret, Err(OB_ITER_END)) { ret = Ok(()); *exist = false; } else { } }, the first condition's second term a test on an assignment (s2-errors.md 2.3's table), on the local ret, an ObResult, in the local-ret form (s2-errors.md 2.3); the reset, the flag and the empty else stay (s2-errors.md 2.3, 2.4 rule 1). The inner SQL result keeps ending with Err(OB_ITER_END), never an Option or a bool, and keeps that code at its boundary until parity (s2-errors.md 2.4 rules 1 and 2; ARCHITECTURE.md section 17 default 6).	sweep: ret-compare.tsv:1829 (data row 1828). Producer: res.get_result()->next() at ob_dml_sql_splicer.cpp:1176, assigned to ret inside the test; ObMySQLResult::next is pure virtual (src/oblib/common/mysqlclient/ob_mysql_result.h:1560), and its one implementation in src, ObInnerSQLResult::next (grep -rnE 'public +([a-z:]*::)?ObMySQLResult\b' src prints only src/observer/ob_inner_sql_result.h:42), answers OB_ITER_END once the rows are used up (src/observer/ob_inner_sql_result.cpp:207-208, :216). Holder: the local ret (ob_dml_sql_splicer.cpp:1166). Code's branch: ret = OB_SUCCESS and exist = false (ob_dml_sql_splicer.cpp:1181-1182): the select 1 query found no row, so the row does not exist; the code never leaves the site. Other codes take the empty else (ob_dml_sql_splicer.cpp:1183-1184) and are returned (ob_dml_sql_splicer.cpp:1189).	confirmed
src/share/ob_encryption_util.cpp	ObBlockCipher::encrypt	line 205: ret == OB_ERR_AES_ENCRYPT	PASSED_ON	if matches!(ret, Err(OB_ERR_AES_ENCRYPT)) { <the WARN log> } on the local ret, an ObResult, in the local-ret form (s2-errors.md 2.3), the OB_UNLIKELY dropped (RULEBOOK 2.3); the test and its log-only branch stay, and the code stays in ret and is returned as in C++, with no ok() or unwrap_or* swallowing it (s2-errors.md 2.3, 2.12 item 2). The log's err_reason reads OpenSSL's error queue (ERR_get_error, ERR_reason_error_string), which the port does not have, because RULEBOOK section 1 ports the ciphers to the RustCrypto crates; the WARN line is a server log, so what the cipher port prints in that field changes no client output.	sweep: ret-compare.tsv:1830 (data row 1829). Producer: this function's EVP failure branches set OB_ERR_AES_ENCRYPT, each when an OpenSSL call fails (ob_encryption_util.cpp:184-201). Holder: the local ret (ob_encryption_util.cpp:157). Code's branch: only the WARN log of OpenSSL's failure reason (ob_encryption_util.cpp:206-207); every code then frees the cipher context (ob_encryption_util.cpp:209-211) and is returned (ob_encryption_util.cpp:213). Escapes: ObExprBaseEncrypt::eval_encrypt passes it on from both of its calls (src/sql/engine/expr/ob_expr_symmetric_encrypt.cpp:127-130, :138-141), and git grep -n OB_ERR_AES_ENCRYPT 834bbee1e -- src finds no test of it outside ob_encryption_util.cpp and the ob_errno files.	confirmed
src/share/ob_encryption_util.cpp	ObBlockCipher::decrypt	line 270: ret == OB_ERR_AES_DECRYPT	PASSED_ON	if matches!(ret, Err(OB_ERR_AES_DECRYPT)) { <the WARN log> } on the local ret, an ObResult, in the local-ret form (s2-errors.md 2.3), the OB_UNLIKELY dropped (RULEBOOK 2.3); the test and its log-only branch stay, and the code stays in ret and is returned as in C++, with no ok() or unwrap_or* swallowing it (s2-errors.md 2.3, 2.12 item 2). The log's err_reason reads OpenSSL's error queue (ERR_get_error, ERR_reason_error_string), which the port does not have, because RULEBOOK section 1 ports the ciphers to the RustCrypto crates; the WARN line is a server log, so what the cipher port prints in that field changes no client output.	sweep: ret-compare.tsv:1831 (data row 1830). Producer: this function's EVP failure branches set OB_ERR_AES_DECRYPT, each when an OpenSSL call fails (ob_encryption_util.cpp:250-266). Holder: the local ret (ob_encryption_util.cpp:222). Code's branch: only the WARN log of OpenSSL's failure reason (ob_encryption_util.cpp:271-272); every code then frees the cipher context (ob_encryption_util.cpp:274-276) and is returned (ob_encryption_util.cpp:278). Escapes: ObExprBaseDecrypt::eval_decrypt receives it from both of its calls (src/sql/engine/expr/ob_expr_symmetric_encrypt.cpp:225-228, :235-238) and turns it into a NULL result, resetting ret (src/sql/engine/expr/ob_expr_symmetric_encrypt.cpp:241-243).	confirmed
src/share/ob_freeze_info_proxy.cpp	ObFreezeInfoProxy::get_freeze_info	line 64: tmp_ret (assigned in the comparison) != OB_ITER_END	END_OF_DATA	} else if { tmp_ret = result.next(); !matches!(tmp_ret, Err(OB_ITER_END)) } { ret = Err(OB_ERR_UNEXPECTED); <the LOG_WARN of :66> } else if ..: a test on an assignment, so the chain keeps its branches in the C++ order (s2-errors.md 2.3's table, 2.4 rule 1); tmp_ret is its own ObResult local (s2-errors.md 2.4 rule 4), and the log call takes the ret in scope on the C++ line (s2-errors.md 2.5 rule 1). The inner SQL result keeps ending with Err(OB_ITER_END), never an Option or a bool, and keeps that code at its boundary until parity (s2-errors.md 2.4 rules 1 and 2; ARCHITECTURE.md section 17 default 6).	sweep: ret-compare.tsv:1832 (data row 1831). Producer: result->next() at :64, assigned to tmp_ret inside the test after the one expected row was read and parsed (ob_freeze_info_proxy.cpp:62-63); ObMySQLResult::next is pure virtual (src/oblib/common/mysqlclient/ob_mysql_result.h:1560), and its one implementation in src, ObInnerSQLResult::next (grep -rnE 'public +([a-z:]*::)?ObMySQLResult\b' src prints only src/observer/ob_inner_sql_result.h:42), answers OB_ITER_END once the rows are used up (src/observer/ob_inner_sql_result.cpp:207-208, :216). Holder: the local tmp_ret (:58), read only by this test and the log. Code's branch: OB_ITER_END means the query returned exactly one row, and the chain goes on to the validity check, which sets OB_ENTRY_NOT_EXIST for an invalid row (ob_freeze_info_proxy.cpp:67-68), a check of the parsed row, not a rename of this code (vocabulary value 7); tmp_ret is not read again. Any other code, a second row or an error of next(), makes ret OB_ERR_UNEXPECTED and is logged (:65-66); ret is returned (:73). The same line is sweep: tmp-ret.tsv:1292, with the same producer and the same Rust.	confirmed
src/share/ob_freeze_info_proxy.cpp	ObFreezeInfoProxy::get_all_freeze_info	line 93: ret != OB_ITER_END	END_OF_DATA	if !matches!(ret, Err(OB_ITER_END)) {} inside the failure branch of if ob_fail!(ret = result.next()) in the while ret.is_ok() loop, on the local ret, an ObResult, in the local-ret form (s2-errors.md 2.3); the empty branch stays (s2-errors.md 2.3), and the loop condition is evaluated each round (RULEBOOK section 0). The inner SQL result keeps ending with Err(OB_ITER_END), never an Option or a bool, and keeps that code at its boundary until parity (s2-errors.md 2.4 rules 1 and 2; ARCHITECTURE.md section 17 default 6).	sweep: ret-compare.tsv:1833 (data row 1832). Producer: result->next() at :92; ObMySQLResult::next is pure virtual (src/oblib/common/mysqlclient/ob_mysql_result.h:1560), and its one implementation in src, ObInnerSQLResult::next (grep -rnE 'public +([a-z:]*::)?ObMySQLResult\b' src prints only src/observer/ob_inner_sql_result.h:42), answers OB_ITER_END once the rows are used up (src/observer/ob_inner_sql_result.cpp:207-208, :216). Holder: the local ret (:80). Code's branch: nothing: the if body is empty (:93-94) and no else follows; the code stays in ret, the loop ends through its OB_SUCC(ret) condition (:90), and the test after the loop turns OB_ITER_END into OB_SUCCESS (:101-102; ret-compare.tsv:1834). Other codes end the loop the same way and are returned (:106).	confirmed
src/share/ob_freeze_info_proxy.cpp	ObFreezeInfoProxy::get_all_freeze_info	line 101: ret == OB_ITER_END	END_OF_DATA	if matches!(ret, Err(OB_ITER_END)) { ret = Ok(()); } on the local ret after the while ret.is_ok() loop, in the local-ret form (s2-errors.md 2.3); the reset stays where the C++ has it (s2-errors.md 2.4 rule 1). The inner SQL result keeps ending with Err(OB_ITER_END), never an Option or a bool, and keeps that code at its boundary until parity (s2-errors.md 2.4 rules 1 and 2; ARCHITECTURE.md section 17 default 6).	sweep: ret-compare.tsv:1834 (data row 1833). Producer: result->next() at :92, the loop's last call (ret-compare.tsv:1833); ObMySQLResult::next is pure virtual (src/oblib/common/mysqlclient/ob_mysql_result.h:1560), and its one implementation in src, ObInnerSQLResult::next (grep -rnE 'public +([a-z:]*::)?ObMySQLResult\b' src prints only src/observer/ob_inner_sql_result.h:42), answers OB_ITER_END once the rows are used up (src/observer/ob_inner_sql_result.cpp:207-208, :216). Holder: the local ret (:80). Code's branch: ret = OB_SUCCESS (:102): every row of __all_freeze_info above frozen_scn 1 was read into frozen_statuses; the code never leaves the site. Other codes, from construct_frozen_status_, the validity check or push_back (:95-98), are returned (:106).	confirmed
src/share/ob_freeze_info_proxy.cpp	ObFreezeInfoProxy::get_freeze_info_larger_or_equal_than	line 128: ret != OB_ITER_END	END_OF_DATA	if !matches!(ret, Err(OB_ITER_END)) {} inside the failure branch of if ob_fail!(ret = result.next()) in the while ret.is_ok() loop, on the local ret, an ObResult, in the local-ret form (s2-errors.md 2.3); the empty branch stays (s2-errors.md 2.3), and the loop condition is evaluated each round (RULEBOOK section 0). The inner SQL result keeps ending with Err(OB_ITER_END), never an Option or a bool, and keeps that code at its boundary until parity (s2-errors.md 2.4 rules 1 and 2; ARCHITECTURE.md section 17 default 6).	sweep: ret-compare.tsv:1835 (data row 1834). Producer: result->next() at :127; ObMySQLResult::next is pure virtual (src/oblib/common/mysqlclient/ob_mysql_result.h:1560), and its one implementation in src, ObInnerSQLResult::next (grep -rnE 'public +([a-z:]*::)?ObMySQLResult\b' src prints only src/observer/ob_inner_sql_result.h:42), answers OB_ITER_END once the rows are used up (src/observer/ob_inner_sql_result.cpp:207-208, :216). Holder: the local ret (:114). Code's branch: nothing: the if body is empty (:128-129) and no else follows; the code stays in ret, the loop ends through its OB_SUCC(ret) condition (:125), and the test after the loop turns OB_ITER_END into OB_SUCCESS (:136-137; ret-compare.tsv:1836). Other codes end the loop the same way and are returned (:142).	confirmed
src/share/ob_freeze_info_proxy.cpp	ObFreezeInfoProxy::get_freeze_info_larger_or_equal_than	line 136: ret == OB_ITER_END	END_OF_DATA	if matches!(ret, Err(OB_ITER_END)) { ret = Ok(()); } on the local ret after the while ret.is_ok() loop, in the local-ret form (s2-errors.md 2.3); the reset stays where the C++ has it (s2-errors.md 2.4 rule 1). The inner SQL result keeps ending with Err(OB_ITER_END), never an Option or a bool, and keeps that code at its boundary until parity (s2-errors.md 2.4 rules 1 and 2; ARCHITECTURE.md section 17 default 6).	sweep: ret-compare.tsv:1836 (data row 1835). Producer: result->next() at :127, the loop's last call (ret-compare.tsv:1835); ObMySQLResult::next is pure virtual (src/oblib/common/mysqlclient/ob_mysql_result.h:1560), and its one implementation in src, ObInnerSQLResult::next (grep -rnE 'public +([a-z:]*::)?ObMySQLResult\b' src prints only src/observer/ob_inner_sql_result.h:42), answers OB_ITER_END once the rows are used up (src/observer/ob_inner_sql_result.cpp:207-208, :216). Holder: the local ret (:114). Code's branch: ret = OB_SUCCESS (:137): every row of __all_freeze_info at or above frozen_scn was read into frozen_statuses; the code never leaves the site. Other codes, from construct_frozen_status_, the validity check or push_back (:130-133), are logged by the INFO line (:141) and returned (:142).	confirmed
src/share/ob_freeze_info_proxy.cpp	ObFreezeInfoProxy::get_frozen_info_less_than	line 243: ret != OB_ITER_END	END_OF_DATA	if !matches!(ret, Err(OB_ITER_END)) {} inside the failure branch of if ob_fail!(ret = result.next()) in the while ret.is_ok() loop, on the local ret, an ObResult, in the local-ret form (s2-errors.md 2.3); the empty branch stays (s2-errors.md 2.3), and the loop condition is evaluated each round (RULEBOOK section 0). The inner SQL result keeps ending with Err(OB_ITER_END), never an Option or a bool, and keeps that code at its boundary until parity (s2-errors.md 2.4 rules 1 and 2; ARCHITECTURE.md section 17 default 6).	sweep: ret-compare.tsv:1837 (data row 1836). Producer: result->next() at :242; ObMySQLResult::next is pure virtual (src/oblib/common/mysqlclient/ob_mysql_result.h:1560), and its one implementation in src, ObInnerSQLResult::next (grep -rnE 'public +([a-z:]*::)?ObMySQLResult\b' src prints only src/observer/ob_inner_sql_result.h:42), answers OB_ITER_END once the rows are used up (src/observer/ob_inner_sql_result.cpp:207-208, :216). Holder: the local ret (:225). Code's branch: nothing: the if body is empty (:243-244) and no else follows; the code stays in ret, the loop ends through its OB_SUCC(ret) condition (:240), and the test after the loop turns OB_ITER_END into OB_SUCCESS (:251-252; ret-compare.tsv:1838). Other codes end the loop the same way and are returned (:257).	confirmed
src/share/ob_freeze_info_proxy.cpp	ObFreezeInfoProxy::get_frozen_info_less_than	line 251: ret == OB_ITER_END	END_OF_DATA	if matches!(ret, Err(OB_ITER_END)) { ret = Ok(()); } on the local ret after the while ret.is_ok() loop, in the local-ret form (s2-errors.md 2.3); the reset stays where the C++ has it (s2-errors.md 2.4 rule 1). The inner SQL result keeps ending with Err(OB_ITER_END), never an Option or a bool, and keeps that code at its boundary until parity (s2-errors.md 2.4 rules 1 and 2; ARCHITECTURE.md section 17 default 6).	sweep: ret-compare.tsv:1838 (data row 1837). Producer: result->next() at :242, the loop's last call (ret-compare.tsv:1837); ObMySQLResult::next is pure virtual (src/oblib/common/mysqlclient/ob_mysql_result.h:1560), and its one implementation in src, ObInnerSQLResult::next (grep -rnE 'public +([a-z:]*::)?ObMySQLResult\b' src prints only src/observer/ob_inner_sql_result.h:42), answers OB_ITER_END once the rows are used up (src/observer/ob_inner_sql_result.cpp:207-208, :216). Holder: the local ret (:225). Code's branch: ret = OB_SUCCESS (:252): every row of __all_freeze_info at or below frozen_scn (one row unless get_all) was read into frozen_status_arr; the code never leaves the site. Other codes, from construct_frozen_status_, the validity check or push_back (:245-248), are returned (:257).	confirmed
src/share/ob_freeze_info_proxy.cpp	ObFreezeInfoProxy::get_max_freeze_info	line 276: tmp_ret (assigned in the comparison) != OB_ITER_END	END_OF_DATA	} else if { tmp_ret = result.next(); !matches!(tmp_ret, Err(OB_ITER_END)) } { ret = Err(OB_ERR_UNEXPECTED); <the LOG_WARN of :278> } else if ..: a test on an assignment, so the chain keeps its branches in the C++ order (s2-errors.md 2.3's table, 2.4 rule 1); tmp_ret is its own ObResult local (s2-errors.md 2.4 rule 4), and the log call takes the ret in scope on the C++ line (s2-errors.md 2.5 rule 1). The inner SQL result keeps ending with Err(OB_ITER_END), never an Option or a bool, and keeps that code at its boundary until parity (s2-errors.md 2.4 rules 1 and 2; ARCHITECTURE.md section 17 default 6).	sweep: ret-compare.tsv:1839 (data row 1838). Producer: result->next() at :276, assigned to tmp_ret inside the test after the one row of the LIMIT 1 query (ob_freeze_info_proxy.cpp:269) was read and parsed (ob_freeze_info_proxy.cpp:274-275); ObMySQLResult::next is pure virtual (src/oblib/common/mysqlclient/ob_mysql_result.h:1560), and its one implementation in src, ObInnerSQLResult::next (grep -rnE 'public +([a-z:]*::)?ObMySQLResult\b' src prints only src/observer/ob_inner_sql_result.h:42), answers OB_ITER_END once the rows are used up (src/observer/ob_inner_sql_result.cpp:207-208, :216). Holder: the local tmp_ret (:268), read only by this test and the log. Code's branch: OB_ITER_END means the query returned its one row, and the chain goes on to the validity check, which sets OB_ENTRY_NOT_EXIST for an invalid row (ob_freeze_info_proxy.cpp:279-280), a check of the parsed row, not a rename of this code (vocabulary value 7); tmp_ret is not read again. Any other code, a second row or an error of next(), makes ret OB_ERR_UNEXPECTED and is logged (:277-278); ret is returned (:283). The same line is sweep: tmp-ret.tsv:1295, with the same producer and the same Rust.	confirmed
src/share/ob_freeze_info_proxy.cpp	ObFreezeInfoProxy::get_min_major_available_and_larger_info_inner_	line 308: ret != OB_ITER_END	END_OF_DATA	if !matches!(ret, Err(OB_ITER_END)) {} inside the failure branch of if ob_fail!(ret = result.next()) in the while ret.is_ok() loop, on the local ret, an ObResult, in the local-ret form (s2-errors.md 2.3); the empty branch stays (s2-errors.md 2.3), and the loop condition is evaluated each round (RULEBOOK section 0). The inner SQL result keeps ending with Err(OB_ITER_END), never an Option or a bool, and keeps that code at its boundary until parity (s2-errors.md 2.4 rules 1 and 2; ARCHITECTURE.md section 17 default 6).	sweep: ret-compare.tsv:1840 (data row 1839). Producer: result->next() at :307; ObMySQLResult::next is pure virtual (src/oblib/common/mysqlclient/ob_mysql_result.h:1560), and its one implementation in src, ObInnerSQLResult::next (grep -rnE 'public +([a-z:]*::)?ObMySQLResult\b' src prints only src/observer/ob_inner_sql_result.h:42), answers OB_ITER_END once the rows are used up (src/observer/ob_inner_sql_result.cpp:207-208, :216). Holder: the local ret (:292). Code's branch: nothing: the if body is empty (:308-309) and no else follows; the code stays in ret, the loop ends through its OB_SUCC(ret) condition (:305), and the test after the loop turns OB_ITER_END into OB_SUCCESS (:318-319; ret-compare.tsv:1841). Other codes end the loop the same way and are returned (:324).	confirmed
src/share/ob_freeze_info_proxy.cpp	ObFreezeInfoProxy::get_min_major_available_and_larger_info_inner_	line 318: ret == OB_ITER_END	END_OF_DATA	if matches!(ret, Err(OB_ITER_END)) { ret = Ok(()); } on the local ret after the while ret.is_ok() loop, in the local-ret form (s2-errors.md 2.3); the reset stays where the C++ has it (s2-errors.md 2.4 rule 1). The inner SQL result keeps ending with Err(OB_ITER_END), never an Option or a bool, and keeps that code at its boundary until parity (s2-errors.md 2.4 rules 1 and 2; ARCHITECTURE.md section 17 default 6).	sweep: ret-compare.tsv:1841 (data row 1840). Producer: result->next() at :307, the loop's last call (ret-compare.tsv:1840); ObMySQLResult::next is pure virtual (src/oblib/common/mysqlclient/ob_mysql_result.h:1560), and its one implementation in src, ObInnerSQLResult::next (grep -rnE 'public +([a-z:]*::)?ObMySQLResult\b' src prints only src/observer/ob_inner_sql_result.h:42), answers OB_ITER_END once the rows are used up (src/observer/ob_inner_sql_result.cpp:207-208, :216). Holder: the local ret (:292). Code's branch: ret = OB_SUCCESS (:319): every row of __all_freeze_info was read, min_frozen_scn took the smallest frozen_scn and frozen_statuses the rows above frozen_scn; the code never leaves the site. Other codes, from construct_frozen_status_ or push_back (:310-315), are returned (:324).	confirmed
src/share/ob_freeze_info_proxy.cpp	ObFreezeInfoProxy::get_freeze_schema_info	line 368: ret == OB_ITER_END	RENAMED	if matches!(ret, Err(OB_ITER_END)) { ret = Err(OB_ENTRY_NOT_EXIST); } inside the failure branch of else if ob_fail!(ret = result.next()), on the local ret, an ObResult, in the local-ret form (s2-errors.md 2.3): the rename at the same place, never map_err or if let Err (s2-errors.md 2.4 rule 3; 2.15 item 7). The inner SQL result keeps ending with Err(OB_ITER_END), never an Option or a bool, and keeps that code at its boundary until parity (s2-errors.md 2.4 rules 1 and 2; ARCHITECTURE.md section 17 default 6).	sweep: ret-compare.tsv:1842 (data row 1841). Producer: result->next() at ob_freeze_info_proxy.cpp:367, the first row of the select by frozen_scn (ob_freeze_info_proxy.cpp:357-358); ObMySQLResult::next is pure virtual (src/oblib/common/mysqlclient/ob_mysql_result.h:1560), and its one implementation in src, ObInnerSQLResult::next (grep -rnE 'public +([a-z:]*::)?ObMySQLResult\b' src prints only src/observer/ob_inner_sql_result.h:42), answers OB_ITER_END once the rows are used up (src/observer/ob_inner_sql_result.cpp:207-208, :216). Holder: the local ret (ob_freeze_info_proxy.cpp:350). Code's branch: ret = OB_ENTRY_NOT_EXIST (ob_freeze_info_proxy.cpp:369): no freeze info has that frozen_scn, so the function reports OB_ENTRY_NOT_EXIST and never OB_ITER_END; other codes of next() stay in ret and are returned (ob_freeze_info_proxy.cpp:376). Escapes: none: git grep -n 'get_freeze_schema_info(' 834bbee1e -- src finds only its declaration (src/share/ob_freeze_info_proxy.h:172) and its definition (ob_freeze_info_proxy.cpp:345).	confirmed
src/share/ob_global_merge_table_operator.cpp	ObGlobalMergeTableOperator::load_global_merge_info	line 54: ret != OB_ENTRY_NOT_EXIST	IGNORED	if ret.is_err() && !matches!(ret, Err(OB_ENTRY_NOT_EXIST)) {} else if matches!(ret, Err(OB_ENTRY_NOT_EXIST)) { ret = Ok(()); } after ret = self.storage_.get(info), on the local ret, an ObResult, in the local-ret form (s2-errors.md 2.3); OB_FAIL(ret) is ret.is_err() and each code comparison its own matches! (s2-errors.md 2.3's table), and the chain stays as the C++ writes it, since its first condition joins a failure test to the code test instead of naming one code; the empty branch stays (s2-errors.md 2.3). This row is the first condition's !matches!, which sends OB_ENTRY_NOT_EXIST to the reset of :55-56 (ret-compare.tsv:1844). The test and the reset stay as the C++ writes them, and nothing replaces them with ok() or let _ = (s2-errors.md 2.4 rule 1; 2.12 items 2 and 3). ObSQLiteConnection::query keeps answering OB_ENTRY_NOT_EXIST when its query returns no row, never an Option or a bool (s2-errors.md 2.4 rules 1 and 2).	sweep: ret-compare.tsv:1843 (data row 1842). Producer: storage_.get(info) at ob_global_merge_table_operator.cpp:53, ObMergeInfoTableStorage::get, which reads the one row of __all_merge_info from the SQLite meta database with a SELECT that has no WHERE and ends in LIMIT 1 (src/share/storage/ob_merge_info_table_storage.cpp:120-124, :152) through ObSQLiteConnection::query; that query sets OB_ENTRY_NOT_EXIST when the statement returns no row (src/share/storage/ob_sqlite_connection.cpp:405-407), and get passes it on (src/share/storage/ob_merge_info_table_storage.cpp:153-157). The read is not a lookup by key, id or name, so value 9's test (b) does not hold, as the row of the producer's own test says (ret-compare.tsv:2125; ret-compare-008.tsv, row 92). Holder: the local ret (ob_global_merge_table_operator.cpp:49). Code's branch: the test is false for OB_ENTRY_NOT_EXIST, which goes on to the else-if that resets ret and does nothing else, commented 'Return empty info' (ob_global_merge_table_operator.cpp:55-56; reset.tsv:1006); info stays as get reset it (src/share/storage/ob_merge_info_table_storage.cpp:116), and the code never leaves the function. Other codes take the empty branch (ob_global_merge_table_operator.cpp:54) and are returned (ob_global_merge_table_operator.cpp:59).	confirmed
src/share/ob_global_merge_table_operator.cpp	ObGlobalMergeTableOperator::load_global_merge_info	line 55: ret == OB_ENTRY_NOT_EXIST	IGNORED	} else if matches!(ret, Err(OB_ENTRY_NOT_EXIST)) { ret = Ok(()); }, the second condition of the chain of ret-compare.tsv:1843, on the local ret, an ObResult, in the local-ret form (s2-errors.md 2.3); the test and the reset stay where the C++ has them, and nothing replaces them with ok() or let _ = (s2-errors.md 2.4 rule 1; 2.12 items 2 and 3). ObSQLiteConnection::query keeps answering OB_ENTRY_NOT_EXIST when its query returns no row, never an Option or a bool (s2-errors.md 2.4 rules 1 and 2).	sweep: ret-compare.tsv:1844 (data row 1843). Producer: storage_.get(info) at ob_global_merge_table_operator.cpp:53, ObMergeInfoTableStorage::get, whose SQLite query reads the one row of __all_merge_info with a SELECT that has no WHERE and ends in LIMIT 1 (src/share/storage/ob_merge_info_table_storage.cpp:120-124), sets OB_ENTRY_NOT_EXIST when it returns no row (src/share/storage/ob_sqlite_connection.cpp:405-407), and is passed on (src/share/storage/ob_merge_info_table_storage.cpp:152-157). The read is not a lookup by key, id or name, so value 9's test (b) does not hold, as the row of the producer's own test says (ret-compare.tsv:2125; ret-compare-008.tsv, row 92). Holder: the local ret (ob_global_merge_table_operator.cpp:49). Code's branch: ret = OB_SUCCESS and nothing else, commented 'Return empty info' (ob_global_merge_table_operator.cpp:56; reset.tsv:1006): a missing row reads as the empty merge info that get left in info (src/share/storage/ob_merge_info_table_storage.cpp:116); the code never leaves the site.	confirmed
src/share/ob_global_stat_proxy.cpp	ObGlobalStatProxy::inner_get_snapshot_gc_scn_	line 298: tmp_ret (assigned in the comparison) != OB_ITER_END	END_OF_DATA	} else if { tmp_ret = result.next(); !matches!(tmp_ret, Err(OB_ITER_END)) } { ret = Err(OB_ERR_UNEXPECTED); <the LOG_WARN of :300> } else { ret = Ok(()); }: a test on an assignment, so the chain keeps its branches in the C++ order, and the reset stays where the C++ has it (s2-errors.md 2.3's table, 2.4 rule 1); tmp_ret is its own ObResult local (s2-errors.md 2.4 rule 4), and the log call takes the ret in scope on the C++ line (s2-errors.md 2.5 rule 1). The inner SQL result keeps ending with Err(OB_ITER_END), never an Option or a bool, and keeps that code at its boundary until parity (s2-errors.md 2.4 rules 1 and 2; ARCHITECTURE.md section 17 default 6).	sweep: ret-compare.tsv:1845 (data row 1844). Producer: result->next() at :298, assigned to tmp_ret inside the test after the one row of the __all_core_table read was parsed (ob_global_stat_proxy.cpp:267-293); ObMySQLResult::next is pure virtual (src/oblib/common/mysqlclient/ob_mysql_result.h:1560), and its one implementation in src, ObInnerSQLResult::next (grep -rnE 'public +([a-z:]*::)?ObMySQLResult\b' src prints only src/observer/ob_inner_sql_result.h:42), answers OB_ITER_END once the rows are used up (src/observer/ob_inner_sql_result.cpp:207-208, :216). Holder: the local tmp_ret (:295), read only by this test and the log. Code's branch: the else sets ret = OB_SUCCESS (:302): the query returned exactly one row; tmp_ret is not read again. Any other code, a second row or an error of next(), makes ret OB_ERR_UNEXPECTED and is logged (:299-300); ret is returned (:305). The same line is sweep: tmp-ret.tsv:1297, with the same producer and the same Rust.	confirmed
src/share/ob_global_stat_proxy.cpp	ObGlobalStatProxy::select_ddl_epoch_for_update	line 370: tmp_ret (assigned in the comparison) != OB_ITER_END	END_OF_DATA	} else if { tmp_ret = result.next(); !matches!(tmp_ret, Err(OB_ITER_END)) } { ret = Err(OB_ERR_UNEXPECTED); <the LOG_WARN of :372> } else { ret = Ok(()); }: a test on an assignment, so the chain keeps its branches in the C++ order, and the reset stays where the C++ has it (s2-errors.md 2.3's table, 2.4 rule 1); tmp_ret is its own ObResult local (s2-errors.md 2.4 rule 4), and the log call takes the ret in scope on the C++ line (s2-errors.md 2.5 rule 1). The inner SQL result keeps ending with Err(OB_ITER_END), never an Option or a bool, and keeps that code at its boundary until parity (s2-errors.md 2.4 rules 1 and 2; ARCHITECTURE.md section 17 default 6).	sweep: ret-compare.tsv:1846 (data row 1845). Producer: result->next() at :370, assigned to tmp_ret inside the test after the one row of the FOR UPDATE read was parsed (ob_global_stat_proxy.cpp:342-364); ObMySQLResult::next is pure virtual (src/oblib/common/mysqlclient/ob_mysql_result.h:1560), and its one implementation in src, ObInnerSQLResult::next (grep -rnE 'public +([a-z:]*::)?ObMySQLResult\b' src prints only src/observer/ob_inner_sql_result.h:42), answers OB_ITER_END once the rows are used up (src/observer/ob_inner_sql_result.cpp:207-208, :216). Holder: the local tmp_ret (:367), read only by this test and the log. Code's branch: the else sets ret = OB_SUCCESS (:374): the query returned exactly one row; tmp_ret is not read again. Any other code, a second row or an error of next(), makes ret OB_ERR_UNEXPECTED and is logged (:371-372); ret is returned (:377). The same line is sweep: tmp-ret.tsv:1299, with the same producer and the same Rust.	confirmed
src/share/ob_global_stat_proxy.cpp	ObGlobalStatProxy::get	line 582: ret == OB_ITER_END	RENAMED	if matches!(ret, Err(OB_ITER_END)) { ret = Err(OB_EMPTY_RESULT); } else { } inside the failure branch of if ob_fail!(ret = self.core_table_.next()), on the local ret, an ObResult, in the local-ret form (s2-errors.md 2.3): the rename at the same place, never map_err or if let Err (s2-errors.md 2.4 rule 3; 2.15 item 7), the empty else kept (s2-errors.md 2.3). ObCoreTableProxy::next keeps ending with Err(OB_ITER_END), never an Option or a bool (s2-errors.md 2.4 rule 1).	sweep: ret-compare.tsv:1847 (data row 1846). Producer: core_table_.next() at ob_global_stat_proxy.cpp:581, ObCoreTableProxy::next, which answers OB_ITER_END when no row is left of those load() or load_for_update() read (src/share/ob_core_table_proxy.cpp:444-445; ob_global_stat_proxy.cpp:578-579); this is the first call, so __all_global_stat has no row. Holder: the local ret (ob_global_stat_proxy.cpp:573). Code's branch: ret = OB_EMPTY_RESULT (ob_global_stat_proxy.cpp:583), so the site reports OB_EMPTY_RESULT and never OB_ITER_END; other codes take the empty else (ob_global_stat_proxy.cpp:584-585). Escapes: get returns it (ob_global_stat_proxy.cpp:611), and the getters of this file pass it on (ob_global_stat_proxy.cpp:128, :158, :174, :194, :208, :223); git grep -n OB_EMPTY_RESULT 834bbee1e -- src lists no test of it after these getters: its tests sit in storage, table-lock, geo and virtual-table code.	confirmed
src/share/ob_global_stat_proxy.cpp	ObGlobalStatProxy::get	line 602: ret == OB_ITER_END	END_OF_DATA	The if / else-if chain over codes on ret at ob_global_stat_proxy.cpp:602-607 is match ret { Err(OB_ITER_END) => { ret = Ok(()); } Ok(()) => { ret = Err(OB_ERR_UNEXPECTED); } _ => {} } after ret = self.core_table_.next() (s2-errors.md 2.3's table; RULEBOOK 2.1), the last arm empty like the C++ else (s2-errors.md 2.3); this row is its first arm, on the local ret, an ObResult, in the local-ret form. ObCoreTableProxy::next keeps ending with Err(OB_ITER_END), never an Option or a bool (s2-errors.md 2.4 rule 1).	sweep: ret-compare.tsv:1848 (data row 1847). Producer: ret = core_table_.next() at ob_global_stat_proxy.cpp:601, after the items were read from the current row (ob_global_stat_proxy.cpp:591-599); ObCoreTableProxy::next answers OB_ITER_END when no row is left (src/share/ob_core_table_proxy.cpp:444-445). Holder: the local ret (ob_global_stat_proxy.cpp:573). Code's branch: ret = OB_SUCCESS (ob_global_stat_proxy.cpp:603): the table held exactly one row; the code never leaves the site. A second row makes ret OB_ERR_UNEXPECTED (ob_global_stat_proxy.cpp:604-605), and other codes take the empty else (ob_global_stat_proxy.cpp:606-607) and are returned (ob_global_stat_proxy.cpp:611).	confirmed
src/share/ob_inner_table_operator.cpp	ObInnerTableOperator::do_lock_row_	line 408: ret == OB_ITER_END	RENAMED	if matches!(ret, Err(OB_ITER_END)) { ret = Err(OB_ENTRY_NOT_EXIST); } else { } inside the failure branch of else if ob_fail!(ret = result.next()), on the local ret, an ObResult, in the local-ret form (s2-errors.md 2.3): the rename at the same place, never map_err or if let Err (s2-errors.md 2.4 rule 3; 2.15 item 7), the empty else kept (s2-errors.md 2.3). The inner SQL result keeps ending with Err(OB_ITER_END), never an Option or a bool, and keeps that code at its boundary until parity (s2-errors.md 2.4 rules 1 and 2; ARCHITECTURE.md section 17 default 6).	sweep: ret-compare.tsv:1849 (data row 1848). Producer: result->next() at ob_inner_table_operator.cpp:407, the first row of the select ... for update by primary key (ob_inner_table_operator.cpp:399-400); ObMySQLResult::next is pure virtual (src/oblib/common/mysqlclient/ob_mysql_result.h:1560), and its one implementation in src, ObInnerSQLResult::next (grep -rnE 'public +([a-z:]*::)?ObMySQLResult\b' src prints only src/observer/ob_inner_sql_result.h:42), answers OB_ITER_END once the rows are used up (src/observer/ob_inner_sql_result.cpp:207-208, :216). Holder: the local ret (ob_inner_table_operator.cpp:392). Code's branch: ret = OB_ENTRY_NOT_EXIST (ob_inner_table_operator.cpp:409): no row has the key, so the site reports OB_ENTRY_NOT_EXIST and never OB_ITER_END; other codes take the empty else (ob_inner_table_operator.cpp:410-411) and are returned (ob_inner_table_operator.cpp:418). Escapes: none: git grep -n do_lock_row_ 834bbee1e -- src finds only its declaration (src/share/ob_inner_table_operator.h:206) and its definition (ob_inner_table_operator.cpp:389).	confirmed
src/share/ob_inner_table_operator.cpp	ObInnerTableOperator::do_get_row_	line 442: call result result->next() != OB_ITER_END	END_OF_DATA	} else if !matches!(result.next(), Err(OB_ITER_END)) { ret = Err(OB_ERR_UNEXPECTED); } else { ret = Ok(()); }: a call's result compared directly, in the form of the callee's return type, an ObResult (s2-errors.md 2.2 rule 1, 2.3's table), in a function in the local-ret form (s2-errors.md 2.3); the chain keeps its C++ order and the reset stays (s2-errors.md 2.4 rule 1). The second next()'s code is not stored: every code but OB_ITER_END, a second row or an error, becomes OB_ERR_UNEXPECTED as the C++ writes it. The inner SQL result keeps ending with Err(OB_ITER_END), never an Option or a bool, and keeps that code at its boundary until parity (s2-errors.md 2.4 rules 1 and 2; ARCHITECTURE.md section 17 default 6).	sweep: ret-compare.tsv:1850 (data row 1849). Producer: result->next() at :442, called after parse_one_row_ read and parsed the first row (:441); ObMySQLResult::next is pure virtual (src/oblib/common/mysqlclient/ob_mysql_result.h:1560), and its one implementation in src, ObInnerSQLResult::next (grep -rnE 'public +([a-z:]*::)?ObMySQLResult\b' src prints only src/observer/ob_inner_sql_result.h:42), answers OB_ITER_END once the rows are used up (src/observer/ob_inner_sql_result.cpp:207-208, :216). Holder: none: the call's result is compared directly and not stored. Code's branch: the else sets ret = OB_SUCCESS (:444-445): the select by primary key returned exactly one row. Any other code of next() makes ret OB_ERR_UNEXPECTED (:443); ret is returned (:450). 	confirmed
src/share/ob_inner_table_operator.cpp	ObInnerTableOperator::do_get_column_	line 558: call result result->next() != OB_ITER_END	END_OF_DATA	} else if !matches!(result.next(), Err(OB_ITER_END)) { ret = Err(OB_ERR_UNEXPECTED); }: a call's result compared directly, in the form of the callee's return type, an ObResult (s2-errors.md 2.2 rule 1, 2.3's table), in a function in the local-ret form (s2-errors.md 2.3); the chain keeps its C++ order (s2-errors.md 2.4 rule 1). The second next()'s code is not stored: every code but OB_ITER_END, a second row or an error, becomes OB_ERR_UNEXPECTED as the C++ writes it. The inner SQL result keeps ending with Err(OB_ITER_END), never an Option or a bool, and keeps that code at its boundary until parity (s2-errors.md 2.4 rules 1 and 2; ARCHITECTURE.md section 17 default 6).	sweep: ret-compare.tsv:1851 (data row 1850). Producer: result->next() at :558, called after parse_one_column_ read and parsed the first row (:557); ObMySQLResult::next is pure virtual (src/oblib/common/mysqlclient/ob_mysql_result.h:1560), and its one implementation in src, ObInnerSQLResult::next (grep -rnE 'public +([a-z:]*::)?ObMySQLResult\b' src prints only src/observer/ob_inner_sql_result.h:42), answers OB_ITER_END once the rows are used up (src/observer/ob_inner_sql_result.cpp:207-208, :216). Holder: none: the call's result is compared directly and not stored. Code's branch: nothing: no else follows (:558-560), so ret keeps the OB_SUCCESS of the parse: the select by primary key returned exactly one row. Any other code of next() makes ret OB_ERR_UNEXPECTED (:559); ret is returned (:564). Consumer: none: git grep -n do_get_column_ 834bbee1e -- src finds only its declaration (src/share/ob_inner_table_operator.h:214) and its definition (ob_inner_table_operator.cpp:533).	confirmed
src/share/ob_inner_table_operator.cpp	ObInnerTableOperator::do_get_int_column_	line 589: call result result->next() != OB_ITER_END	END_OF_DATA	} else if !matches!(result.next(), Err(OB_ITER_END)) { ret = Err(OB_ERR_UNEXPECTED); }: a call's result compared directly, in the form of the callee's return type, an ObResult (s2-errors.md 2.2 rule 1, 2.3's table), in a function in the local-ret form (s2-errors.md 2.3); the chain keeps its C++ order (s2-errors.md 2.4 rule 1). The second next()'s code is not stored: every code but OB_ITER_END, a second row or an error, becomes OB_ERR_UNEXPECTED as the C++ writes it. The inner SQL result keeps ending with Err(OB_ITER_END), never an Option or a bool, and keeps that code at its boundary until parity (s2-errors.md 2.4 rules 1 and 2; ARCHITECTURE.md section 17 default 6).	sweep: ret-compare.tsv:1852 (data row 1851). Producer: result->next() at :589, called after parse_one_column_ read and parsed the first row (:588); ObMySQLResult::next is pure virtual (src/oblib/common/mysqlclient/ob_mysql_result.h:1560), and its one implementation in src, ObInnerSQLResult::next (grep -rnE 'public +([a-z:]*::)?ObMySQLResult\b' src prints only src/observer/ob_inner_sql_result.h:42), answers OB_ITER_END once the rows are used up (src/observer/ob_inner_sql_result.cpp:207-208, :216). Holder: none: the call's result is compared directly and not stored. Code's branch: nothing: no else follows (:589-591), so ret keeps the OB_SUCCESS of the parse: the select by primary key returned exactly one row. Any other code of next() makes ret OB_ERR_UNEXPECTED (:590); ret is returned (:595). Consumer: get_int_column passes the code on (ob_inner_table_operator.cpp:197), and git grep -n 'get_int_column(' 834bbee1e -- src finds no caller of it, only its declaration (src/share/ob_inner_table_operator.h:137) and its definition (ob_inner_table_operator.cpp:186).	confirmed
src/share/ob_inner_table_operator.cpp	ObInnerTableOperator::do_get_string_column_	line 623: call result result->next() != OB_ITER_END	END_OF_DATA	} else if !matches!(result.next(), Err(OB_ITER_END)) { ret = Err(OB_ERR_UNEXPECTED); }: a call's result compared directly, in the form of the callee's return type, an ObResult (s2-errors.md 2.2 rule 1, 2.3's table), in a function in the local-ret form (s2-errors.md 2.3); the chain keeps its C++ order (s2-errors.md 2.4 rule 1). The second next()'s code is not stored: every code but OB_ITER_END, a second row or an error, becomes OB_ERR_UNEXPECTED as the C++ writes it. The inner SQL result keeps ending with Err(OB_ITER_END), never an Option or a bool, and keeps that code at its boundary until parity (s2-errors.md 2.4 rules 1 and 2; ARCHITECTURE.md section 17 default 6).	sweep: ret-compare.tsv:1853 (data row 1852). Producer: result->next() at :623, called after parse_one_column_ read and parsed the first row (:622); ObMySQLResult::next is pure virtual (src/oblib/common/mysqlclient/ob_mysql_result.h:1560), and its one implementation in src, ObInnerSQLResult::next (grep -rnE 'public +([a-z:]*::)?ObMySQLResult\b' src prints only src/observer/ob_inner_sql_result.h:42), answers OB_ITER_END once the rows are used up (src/observer/ob_inner_sql_result.cpp:207-208, :216). Holder: none: the call's result is compared directly and not stored. Code's branch: nothing: no else follows (:623-625), so ret keeps the OB_SUCCESS of the parse: the select by primary key returned exactly one row. Any other code of next() makes ret OB_ERR_UNEXPECTED (:624); ret is returned (:629). Consumer: none: git grep -n do_get_string_column_ 834bbee1e -- src finds only its declaration (src/share/ob_inner_table_operator.h:223) and its definition (ob_inner_table_operator.cpp:598).	confirmed
src/share/ob_inner_table_operator.cpp	ObInnerTableOperator::parse_one_row_	line 711: ret == OB_ITER_END	RENAMED	if ob_fail!(ret = result.next()) { if matches!(ret, Err(OB_ITER_END)) { ret = Err(OB_ENTRY_NOT_EXIST); } } else if ob_fail!(ret = row.parse_from(result)) {} on the local ret, an ObResult, in the local-ret form (s2-errors.md 2.3): the rename at the same place, never map_err or if let Err (s2-errors.md 2.4 rule 3; 2.15 item 7). The inner SQL result keeps ending with Err(OB_ITER_END), never an Option or a bool, and keeps that code at its boundary until parity (s2-errors.md 2.4 rules 1 and 2; ARCHITECTURE.md section 17 default 6).	sweep: ret-compare.tsv:1854 (data row 1853). Producer: result.next() at :710, the first row of the select by primary key its caller ran; ObMySQLResult::next is pure virtual (src/oblib/common/mysqlclient/ob_mysql_result.h:1560), and its one implementation in src, ObInnerSQLResult::next (grep -rnE 'public +([a-z:]*::)?ObMySQLResult\b' src prints only src/observer/ob_inner_sql_result.h:42), answers OB_ITER_END once the rows are used up (src/observer/ob_inner_sql_result.cpp:207-208, :216). Holder: the local ret (:709). Code's branch: ret = OB_ENTRY_NOT_EXIST (:712): no row has the key, so the function reports OB_ENTRY_NOT_EXIST and never OB_ITER_END; other codes of next() stay in ret and are returned (:717). Escapes: do_get_row_ passes it on (ob_inner_table_operator.cpp:441, :450), and so does get_row (ob_inner_table_operator.cpp:124, :127), whose one caller is ObInnerKVTableOperator::get_item (src/share/ob_inner_kv_table_operator.cpp:248), since the operator exists only as that class's member (src/share/ob_inner_kv_table_operator.h:164; git grep -nw ObInnerTableOperator 834bbee1e -- src); git grep -nw ObInnerKVTableOperator 834bbee1e -- src finds that class only in src/share/ob_inner_kv_table_operator.h and src/share/ob_inner_kv_table_operator.cpp, so nothing receives the code further.	confirmed
src/share/ob_inner_table_operator.cpp	ObInnerTableOperator::parse_one_column_	line 725: ret == OB_ITER_END	RENAMED	if ob_fail!(ret = result.next()) { if matches!(ret, Err(OB_ITER_END)) { ret = Err(OB_ENTRY_NOT_EXIST); } } else { <the EXTRACT_INT_FIELD_MYSQL read of the column> } on the local ret, an ObResult, in the local-ret form (s2-errors.md 2.3): the rename at the same place, never map_err or if let Err (s2-errors.md 2.4 rule 3; 2.15 item 7). The inner SQL result keeps ending with Err(OB_ITER_END), never an Option or a bool, and keeps that code at its boundary until parity (s2-errors.md 2.4 rules 1 and 2; ARCHITECTURE.md section 17 default 6).	sweep: ret-compare.tsv:1855 (data row 1854). Producer: result.next() at :724, the first row of the select by primary key its caller ran; ObMySQLResult::next is pure virtual (src/oblib/common/mysqlclient/ob_mysql_result.h:1560), and its one implementation in src, ObInnerSQLResult::next (grep -rnE 'public +([a-z:]*::)?ObMySQLResult\b' src prints only src/observer/ob_inner_sql_result.h:42), answers OB_ITER_END once the rows are used up (src/observer/ob_inner_sql_result.cpp:207-208, :216). Holder: the local ret (:723). Code's branch: ret = OB_ENTRY_NOT_EXIST (:726): no row has the key, so the function reports OB_ENTRY_NOT_EXIST and never OB_ITER_END; other codes of next() stay in ret and are returned (:732). Escapes: do_get_int_column_ passes it on (ob_inner_table_operator.cpp:588, :595), and so does get_int_column (ob_inner_table_operator.cpp:197, :200), which git grep -n 'get_int_column(' 834bbee1e -- src finds no caller of: only its declaration (src/share/ob_inner_table_operator.h:137) and its definition (ob_inner_table_operator.cpp:186).	confirmed
src/share/ob_inner_table_operator.cpp	ObInnerTableOperator::parse_one_column_	line 740: ret == OB_ITER_END	RENAMED	if ob_fail!(ret = result.next()) { if matches!(ret, Err(OB_ITER_END)) { ret = Err(OB_ENTRY_NOT_EXIST); } } else { <the EXTRACT_VARCHAR_FIELD_MYSQL read and value.assign(field)> } on the local ret, an ObResult, in the local-ret form (s2-errors.md 2.3): the rename at the same place, never map_err or if let Err (s2-errors.md 2.4 rule 3; 2.15 item 7). The inner SQL result keeps ending with Err(OB_ITER_END), never an Option or a bool, and keeps that code at its boundary until parity (s2-errors.md 2.4 rules 1 and 2; ARCHITECTURE.md section 17 default 6).	sweep: ret-compare.tsv:1856 (data row 1855). Producer: result.next() at :739, the first row of the select by primary key its caller ran; ObMySQLResult::next is pure virtual (src/oblib/common/mysqlclient/ob_mysql_result.h:1560), and its one implementation in src, ObInnerSQLResult::next (grep -rnE 'public +([a-z:]*::)?ObMySQLResult\b' src prints only src/observer/ob_inner_sql_result.h:42), answers OB_ITER_END once the rows are used up (src/observer/ob_inner_sql_result.cpp:207-208, :216). Holder: the local ret (:738). Code's branch: ret = OB_ENTRY_NOT_EXIST (:741): no row has the key, so the function reports OB_ENTRY_NOT_EXIST and never OB_ITER_END; other codes of next() stay in ret and are returned (:751). Escapes: do_get_string_column_ passes it on (ob_inner_table_operator.cpp:622, :629), and git grep -n do_get_string_column_ 834bbee1e -- src finds no caller of it, only its declaration (src/share/ob_inner_table_operator.h:223) and its definition (ob_inner_table_operator.cpp:598).	confirmed
src/share/ob_inner_table_operator.cpp	ObInnerTableOperator::parse_one_column_	line 759: ret == OB_ITER_END	RENAMED	if ob_fail!(ret = result.next()) { if matches!(ret, Err(OB_ITER_END)) { ret = Err(OB_ENTRY_NOT_EXIST); } } else if ob_fail!(ret = col.parse_value_from(result)) {} on the local ret, an ObResult, in the local-ret form (s2-errors.md 2.3): the rename at the same place, never map_err or if let Err (s2-errors.md 2.4 rule 3; 2.15 item 7). The inner SQL result keeps ending with Err(OB_ITER_END), never an Option or a bool, and keeps that code at its boundary until parity (s2-errors.md 2.4 rules 1 and 2; ARCHITECTURE.md section 17 default 6).	sweep: ret-compare.tsv:1857 (data row 1856). Producer: result.next() at :758, the first row of the select by primary key its caller ran; ObMySQLResult::next is pure virtual (src/oblib/common/mysqlclient/ob_mysql_result.h:1560), and its one implementation in src, ObInnerSQLResult::next (grep -rnE 'public +([a-z:]*::)?ObMySQLResult\b' src prints only src/observer/ob_inner_sql_result.h:42), answers OB_ITER_END once the rows are used up (src/observer/ob_inner_sql_result.cpp:207-208, :216). Holder: the local ret (:757). Code's branch: ret = OB_ENTRY_NOT_EXIST (:760): no row has the key, so the function reports OB_ENTRY_NOT_EXIST and never OB_ITER_END; other codes of next() stay in ret and are returned (:765). Escapes: do_get_column_ passes it on (ob_inner_table_operator.cpp:557, :564), and git grep -n do_get_column_ 834bbee1e -- src finds no caller of it, only its declaration (src/share/ob_inner_table_operator.h:214) and its definition (ob_inner_table_operator.cpp:533).	confirmed
src/share/ob_io_device_helper.cpp	ObGetFileSizeFunctor::func	line 110: ret != OB_NO_SUCH_FILE_OR_DIRECTORY	IGNORED	if ob_fail!(ret = <the local device>.stat(full_path, &mut statbuf)) && !matches!(ret, Err(OB_NO_SUCH_FILE_OR_DIRECTORY)) { <the WARN log> } else if matches!(ret, Err(OB_NO_SUCH_FILE_OR_DIRECTORY)) { ret = Ok(()); } else if .. as the C++ writes the chain, its first condition joining the call's failure to the code test (s2-errors.md 2.3's table), on the local ret, an ObResult, in the local-ret form (s2-errors.md 2.3); this row is the first condition's !matches!, which sends the code to the reset of :112-114 (ret-compare.tsv:1859). The test and the reset stay as the C++ writes them, and nothing replaces them with ok() or let _ = (s2-errors.md 2.4 rule 1; 2.12 items 2 and 3).	sweep: ret-compare.tsv:1858 (data row 1857). Producer: LOCAL_DEVICE_INSTANCE.stat(full_path, statbuf) at ob_io_device_helper.cpp:109, ObLocalDevice::stat (src/share/ob_local_device.cpp:595-598), which calls ObIODeviceLocalFileOp::stat; a failed stat() goes through convert_sys_errno (ob_io_device_helper.cpp:731-733), which maps ENOENT to OB_NO_SUCH_FILE_OR_DIRECTORY (ob_io_device_helper.cpp:993-994). Holder: the local ret (ob_io_device_helper.cpp:99). Code's branch: the test is false for the code, which goes to the else-if that resets ret, commented that the file could be renamed or recycled concurrently (ob_io_device_helper.cpp:112-114); the entry adds nothing to total_size_ and the code dies there. Other failures are logged (ob_io_device_helper.cpp:111) and returned (ob_io_device_helper.cpp:129).	confirmed
src/share/ob_io_device_helper.cpp	ObGetFileSizeFunctor::func	line 112: ret == OB_NO_SUCH_FILE_OR_DIRECTORY	IGNORED	} else if matches!(ret, Err(OB_NO_SUCH_FILE_OR_DIRECTORY)) { ret = Ok(()); } else if .., the second condition of the chain of ret-compare.tsv:1858, on the local ret, an ObResult, in the local-ret form (s2-errors.md 2.3); the reset stays at the same place, and nothing replaces it with ok() or let _ = (s2-errors.md 2.4 rule 1; 2.12 items 2 and 3).	sweep: ret-compare.tsv:1859 (data row 1858). Producer: LOCAL_DEVICE_INSTANCE.stat(full_path, statbuf) at ob_io_device_helper.cpp:109, ObLocalDevice::stat (src/share/ob_local_device.cpp:595-598), which calls ObIODeviceLocalFileOp::stat; a failed stat() goes through convert_sys_errno (ob_io_device_helper.cpp:731-733), which maps ENOENT to OB_NO_SUCH_FILE_OR_DIRECTORY (ob_io_device_helper.cpp:993-994). Holder: the local ret (ob_io_device_helper.cpp:99). Code's branch: ret = OB_SUCCESS, commented that the file could be renamed (a tmp file) or recycled concurrently (ob_io_device_helper.cpp:113-114); the chain's other branches are skipped, the entry adds nothing to total_size_, and the code dies. Consumer: scan_dir calls func for each entry of the directory: the log file group's size count (src/share/redolog/ob_log_file_group.cpp:170) and this functor's own walk into a subdirectory (ob_io_device_helper.cpp:118-119).	confirmed
src/share/ob_local_device.cpp	ObLocalDevice::mark_blocks	line 644: ret == OB_ITER_END	END_OF_DATA	if matches!(ret, Err(OB_ITER_END)) { ret = Ok(()); } on the local ret after the while ret.is_ok() loop, in the local-ret form (s2-errors.md 2.3), inside the scope of the guard on block_lock_ where the C++ has it (vocabulary section 5, Locks); the reset stays where the C++ has it (s2-errors.md 2.4 rule 1). The block iterator keeps ending with Err(OB_ITER_END), never an Option or a bool, until parity (s2-errors.md 2.4 rules 1 and 2; ARCHITECTURE.md section 17 default 6).	sweep: ret-compare.tsv:1860 (data row 1859). Producer: block_iter.get_next_block(block_id) at ob_local_device.cpp:633, the loop's last call; ObIBlockIterator::get_next_block is pure virtual (src/oblib/lib/restore/ob_io_device.h:302), and its one implementation in src, ObBlockManager::BlockMapIterator (git grep -nE 'public (common::)?ObIBlockIterator' 834bbee1e -- src prints only src/storage/blocksstable/ob_block_manager.h:445), passes on the OB_ITER_END of the block map's blurred iterator once every bucket was visited (src/storage/blocksstable/ob_block_manager.cpp:1255; src/oblib/lib/hash/ob_linear_hash_map.h:2254, :2260). Holder: the local ret (ob_local_device.cpp:614). Code's branch: ret = OB_SUCCESS (ob_local_device.cpp:645): every block in use is marked, and the function goes on to build the free list (ob_local_device.cpp:650-660); the code never leaves the site. Other codes, OB_INVALID_DATA for a bad block id (ob_local_device.cpp:635-636) or an iterator error, clear the bitmap (ob_local_device.cpp:648-649) and are returned (ob_local_device.cpp:665).	confirmed
src/share/ob_local_device.cpp	ObLocalDevice::alloc_blocks	line 717: ret != OB_SERVER_OUTOF_DISK_SPACE	OTHER	if ob_fail!(ret = self.alloc_block(opts, &mut tmp_fd)) && !matches!(ret, Err(OB_SERVER_OUTOF_DISK_SPACE)) { <the WARN log> } else if matches!(ret, Err(OB_SERVER_OUTOF_DISK_SPACE)) { ret = Ok(()); break; } else if ob_fail!(ret = blocks.push_back(tmp_fd)) {} as the C++ writes the chain, in the for loop whose condition ret.is_ok() && i < count is evaluated each round (RULEBOOK section 0), on the local ret, an ObResult, in the local-ret form (s2-errors.md 2.3); this row is the first condition's !matches!, which sends the code to the reset and break of :719-721 (ret-compare.tsv:1862). The test and its branch stay as the C++ writes them (RULEBOOK section 0; s2-errors.md 2.4 rule 1).	sweep: ret-compare.tsv:1861 (data row 1860). Producer: alloc_block(opts, tmp_fd) at ob_local_device.cpp:717, which sets OB_SERVER_OUTOF_DISK_SPACE when no free block is left (ob_local_device.cpp:679-680), under the guard on block_lock_ (ob_local_device.cpp:675). Holder: the local ret (ob_local_device.cpp:707). Code's branch: the test is false for the code, which goes to the else-if that resets ret and breaks out of the loop (ob_local_device.cpp:719-721): the function stops allocating and returns success with the blocks it got so far, fewer than count, a partial result instead of an error. Other codes are logged (ob_local_device.cpp:718) and returned (ob_local_device.cpp:726). Consumer: none: git grep -n 'alloc_blocks(' 834bbee1e -- src finds only the declarations (src/oblib/lib/restore/ob_io_device.h:340, src/share/ob_local_device.h:142) and this definition (ob_local_device.cpp:701).	confirmed
src/share/ob_local_device.cpp	ObLocalDevice::alloc_blocks	line 719: ret == OB_SERVER_OUTOF_DISK_SPACE	OTHER	} else if matches!(ret, Err(OB_SERVER_OUTOF_DISK_SPACE)) { ret = Ok(()); break; } else if .., the second condition of the chain of ret-compare.tsv:1861, on the local ret, an ObResult, in the local-ret form (s2-errors.md 2.3); the reset and the break stay at the C++ place (RULEBOOK section 0, early exits; s2-errors.md 2.4 rule 1).	sweep: ret-compare.tsv:1862 (data row 1861). Producer: alloc_block(opts, tmp_fd) at ob_local_device.cpp:717, which sets OB_SERVER_OUTOF_DISK_SPACE when no free block is left (ob_local_device.cpp:679-680). Holder: the local ret (ob_local_device.cpp:707). Code's branch: ret = OB_SUCCESS and break (ob_local_device.cpp:720-721): the loop stops early and the function returns success with fewer blocks than count (ob_local_device.cpp:726), a partial result instead of an error; the code never leaves the site. Consumer: none: git grep -n 'alloc_blocks(' 834bbee1e -- src finds only the declarations (src/oblib/lib/restore/ob_io_device.h:340, src/share/ob_local_device.h:142) and this definition (ob_local_device.cpp:701).	confirmed
src/share/ob_max_id_cache.cpp	ObMaxIdCacheMgr::fetch_max_id	line 181: ret == OB_HASH_NOT_EXIST	RETRY	if matches!(ret, Err(OB_HASH_NOT_EXIST)) && runtime_not_inited && init_runtime_if_not_exist { ret = Ok(()); { <the write guard on latch_>; if ob_fail!(tmp_ret = self.add_runtime_cache_()) && !matches!(tmp_ret, Err(OB_HASH_EXIST)) { <the WARN log> } } if ob_fail!(ret = self.fetch_max_id(max_id_type, id, size, false)) {} } on the local ret, an ObResult, in the local-ret form (s2-errors.md 2.3): the reset, the scoped write guard and the second call keep the C++ order, the guard dropped before the second call as the C++ block ends (RULEBOOK section 0, "Keep the control flow"; vocabulary section 5, Locks); the second call passes false, so the retry runs once.	sweep: ret-compare.tsv:1863 (data row 1862). Producer: fetch_max_id itself sets OB_HASH_NOT_EXIST and runtime_not_inited when the runtime cache slot is empty (ob_max_id_cache.cpp:172-174), under the read guard on latch_ (ob_max_id_cache.cpp:171): a null test on the one slot, not a lookup by key, id or name. The cache's own fetch_max_id (ob_max_id_cache.cpp:178) can leave other codes in ret, but then runtime_not_inited stays false and the branch is not taken. Holder: the local ret (ob_max_id_cache.cpp:164). Retry step: ret = OB_SUCCESS (ob_max_id_cache.cpp:182); under the write guard on latch_ (ob_max_id_cache.cpp:184) add_runtime_cache_ installs a cache, its OB_HASH_EXIST from a racing thread left unlogged (ob_max_id_cache.cpp:185-186; ret-compare.tsv:1864); then the function calls itself again with init_runtime_if_not_exist false (ob_max_id_cache.cpp:189), which repeats the fetch once, and that call's code is returned (ob_max_id_cache.cpp:192).	confirmed
src/share/ob_max_id_cache.cpp	ObMaxIdCacheMgr::fetch_max_id	line 185: tmp_ret != OB_HASH_EXIST	IGNORED	if ob_fail!(tmp_ret = self.add_runtime_cache_()) && !matches!(tmp_ret, Err(OB_HASH_EXIST)) { <the LOG_WARN of :186> } under the write guard on latch_ (RULEBOOK 2.1, the tmp_ret row; s2-errors.md 2.3's table: OB_TMP_FAIL(x) is ob_fail!); tmp_ret stays its own ObResult local and is dropped unread as the C++ drops it, nothing replacing the test with ok() or let _ = (s2-errors.md 2.4 rules 1 and 4; 2.12 items 2 and 3); the log call takes the ret in scope on the C++ line (s2-errors.md 2.5 rule 1).	sweep: ret-compare.tsv:1864 (data row 1863). Producer: add_runtime_cache_() at ob_max_id_cache.cpp:185, under the write guard on latch_ (ob_max_id_cache.cpp:184), which sets OB_HASH_EXIST when another thread already installed the runtime cache (ob_max_id_cache.cpp:215-216) and OB_NOT_INIT before init (ob_max_id_cache.cpp:213-214); that OB_HASH_EXIST comes from a null test on the one cache slot, not from a lookup by key, id or name, so value 9 does not hold. Holder: the local tmp_ret (ob_max_id_cache.cpp:165). Code's branch: nothing: the expected race is not logged, and tmp_ret is not read again, since the function fetches again into ret (ob_max_id_cache.cpp:189) and returns that (ob_max_id_cache.cpp:192). The same line is sweep: tmp-ret.tsv:1304, with the same producer and the same Rust.	confirmed
src/share/ob_max_id_fetcher.cpp	ObMaxIdFetcher::fetch_new_max_id_from_inner_table_	line 211: ret == OB_ENTRY_NOT_EXIST	RETRY	if matches!(ret, Err(OB_ENTRY_NOT_EXIST)) && UINT64_MAX != initial { if ob_fail!(ret = self.insert_initial_value(..)) {} else if ob_fail!(ret = Self::fetch_max_id(..)) {} } else { } inside the failure branch of else if ob_fail!(ret = Self::fetch_max_id(..)), on the local ret, an ObResult, in the local-ret form (s2-errors.md 2.3): the insert of the initial row and the second fetch keep the C++ order, and the second fetch runs once (RULEBOOK section 0, "Keep the control flow"); the empty else stays (s2-errors.md 2.3). fetch_max_id keeps answering OB_ENTRY_NOT_EXIST for a missing __all_sys_stat row, never an Option or a bool (s2-errors.md 2.4 rule 1).	sweep: ret-compare.tsv:1865 (data row 1864). Producer: fetch_max_id(trans, fetch_max_id_type, fetch_id) at ob_max_id_fetcher.cpp:210, which reads the value of the id's row of __all_sys_stat by name (ob_max_id_fetcher.cpp:337-339) and turns 'no row' into OB_ENTRY_NOT_EXIST (ob_max_id_fetcher.cpp:358-359, :368-369; ret-compare.tsv:1869). Holder: the local ret (ob_max_id_fetcher.cpp:200). Retry step: when the caller gave an initial value, the branch inserts the missing row (ob_max_id_fetcher.cpp:212), which insert_initial_value writes with ON DUPLICATE KEY UPDATE (ob_max_id_fetcher.cpp:390-396), and calls fetch_max_id again in the same transaction (ob_max_id_fetcher.cpp:213); that call's code is what the function goes on with. Without an initial value the code takes the empty else (ob_max_id_fetcher.cpp:215-216), is printed by the INFO log (ob_max_id_fetcher.cpp:218-219) and returned (ob_max_id_fetcher.cpp:256).	confirmed
src/share/ob_max_id_fetcher.cpp	ObMaxIdFetcher::fetch_max_id	line 352: ret (assigned in the comparison) != OB_ITER_END	END_OF_DATA	} else if { ret = result.next(); !matches!(ret, Err(OB_ITER_END)) } { ret = Err(OB_ERR_UNEXPECTED); } else { ret = Ok(()); }: a test on an assignment, so the chain keeps its branches in the C++ order, and the reset stays (s2-errors.md 2.3's table, 2.4 rule 1), on the local ret, an ObResult, in the local-ret form (s2-errors.md 2.3). The inner SQL result keeps ending with Err(OB_ITER_END), never an Option or a bool, and keeps that code at its boundary until parity (s2-errors.md 2.4 rules 1 and 2; ARCHITECTURE.md section 17 default 6).	sweep: ret-compare.tsv:1866 (data row 1865). Producer: result->next() at ob_max_id_fetcher.cpp:352, assigned to ret inside the test after the one row's value was read and parsed (ob_max_id_fetcher.cpp:348-351); ObMySQLResult::next is pure virtual (src/oblib/common/mysqlclient/ob_mysql_result.h:1560), and its one implementation in src, ObInnerSQLResult::next (grep -rnE 'public +([a-z:]*::)?ObMySQLResult\b' src prints only src/observer/ob_inner_sql_result.h:42), answers OB_ITER_END once the rows are used up (src/observer/ob_inner_sql_result.cpp:207-208, :216). Holder: the local ret (ob_max_id_fetcher.cpp:328). Code's branch: the else resets ret (ob_max_id_fetcher.cpp:354-355): the row for the name is unique; the code never leaves the site. Any other code, a second row or an error of next(), becomes OB_ERR_UNEXPECTED (ob_max_id_fetcher.cpp:353).	confirmed
src/share/ob_max_id_fetcher.cpp	ObMaxIdFetcher::fetch_max_id	line 358: ret == OB_ITER_END	END_OF_DATA	if matches!(ret, Err(OB_ITER_END)) { no_max_id = true; } else { } in the else of the chain whose first condition is the test on an assignment { ret = result.next(); ret.is_ok() } (s2-errors.md 2.3's table), on the local ret, an ObResult, in the local-ret form (s2-errors.md 2.3); the flag and the empty else stay, and OB_ITER_END stays in ret for the rename after the block (ret-compare.tsv:1869), never an Option or a bool (s2-errors.md 2.4 rule 1). The inner SQL result keeps ending with Err(OB_ITER_END), never an Option or a bool, and keeps that code at its boundary until parity (s2-errors.md 2.4 rules 1 and 2; ARCHITECTURE.md section 17 default 6).	sweep: ret-compare.tsv:1867 (data row 1866). Producer: result->next() at ob_max_id_fetcher.cpp:348, the first row of the select by name, assigned to ret inside the test; ObMySQLResult::next is pure virtual (src/oblib/common/mysqlclient/ob_mysql_result.h:1560), and its one implementation in src, ObInnerSQLResult::next (grep -rnE 'public +([a-z:]*::)?ObMySQLResult\b' src prints only src/observer/ob_inner_sql_result.h:42), answers OB_ITER_END once the rows are used up (src/observer/ob_inner_sql_result.cpp:207-208, :216). Holder: the local ret (ob_max_id_fetcher.cpp:328). Code's branch: no_max_id = true (ob_max_id_fetcher.cpp:359): the query found no row for the name; the code stays in ret. After the block, a statement every code reaches turns OB_ITER_END with no_max_id into OB_ENTRY_NOT_EXIST (ob_max_id_fetcher.cpp:368-369; ret-compare.tsv:1869), so the function never reports OB_ITER_END. Other codes take the empty else (ob_max_id_fetcher.cpp:360-361).	confirmed
src/share/ob_max_id_fetcher.cpp	ObMaxIdFetcher::fetch_max_id	line 366: ret == OB_ENTRY_NOT_EXIST	RENAMED	if matches!(ret, Err(OB_ENTRY_NOT_EXIST)) { ret = Err(OB_ERR_UNEXPECTED); } else if matches!(ret, Err(OB_ITER_END)) && no_max_id { ret = Err(OB_ENTRY_NOT_EXIST); } on the local ret, an ObResult, in the local-ret form (s2-errors.md 2.3); the chain stays as the C++ writes it, since its second condition also tests no_max_id, and each rename stays at its place, never map_err or if let Err (s2-errors.md 2.4 rule 3; 2.15 item 7). This row is the first test.	sweep: ret-compare.tsv:1868 (data row 1867). Producer: whatever call of the read left OB_ENTRY_NOT_EXIST in ret before this line: the inner SQL read (ob_max_id_fetcher.cpp:345), the first next() (ob_max_id_fetcher.cpp:348), get_varchar by column index (ob_max_id_fetcher.cpp:349) or str_to_uint (ob_max_id_fetcher.cpp:351); the second next() cannot leave it, since every code but OB_ITER_END becomes OB_ERR_UNEXPECTED and OB_ITER_END becomes OB_SUCCESS (ob_max_id_fetcher.cpp:352-355). str_to_uint never sets it (ob_max_id_fetcher.cpp:423-447), get_varchar by index looks up no name, and the read runs the inner SQL engine, not traced further; the function's own OB_ENTRY_NOT_EXIST is set only below the test (ob_max_id_fetcher.cpp:369). Holder: the local ret (ob_max_id_fetcher.cpp:328). Code's branch: ret = OB_ERR_UNEXPECTED (ob_max_id_fetcher.cpp:367), so a callee's OB_ENTRY_NOT_EXIST cannot be taken for the 'no such row' answer of :369. Escapes: fetch_new_max_id_from_inner_table_ tests OB_ENTRY_NOT_EXIST (ob_max_id_fetcher.cpp:210-211; ret-compare.tsv:1865) and so treats OB_ERR_UNEXPECTED as a plain failure; update_server_max_id (ob_max_id_fetcher.cpp:265) and batch_fetch_new_max_id_from_inner_table (ob_max_id_fetcher.cpp:534) pass it on; git grep -n 'fetch_max_id(' 834bbee1e -- src finds no other call of this function (the other matches are the max-id caches' own fetch_max_id).	confirmed
src/share/ob_max_id_fetcher.cpp	ObMaxIdFetcher::fetch_max_id	line 368: ret == OB_ITER_END	RENAMED	} else if matches!(ret, Err(OB_ITER_END)) && no_max_id { ret = Err(OB_ENTRY_NOT_EXIST); }, the second test of the chain of ret-compare.tsv:1868, on the local ret, an ObResult, in the local-ret form (s2-errors.md 2.3); the && no_max_id stays, and the rename stays at the same place, never map_err or if let Err (s2-errors.md 2.4 rule 3; 2.15 item 7). The inner SQL result keeps ending with Err(OB_ITER_END), never an Option or a bool, and keeps that code at its boundary until parity (s2-errors.md 2.4 rules 1 and 2; ARCHITECTURE.md section 17 default 6).	sweep: ret-compare.tsv:1869 (data row 1868). Producer: result->next() at ob_max_id_fetcher.cpp:348, the first row of the select by name; ObMySQLResult::next is pure virtual (src/oblib/common/mysqlclient/ob_mysql_result.h:1560), and its one implementation in src, ObInnerSQLResult::next (grep -rnE 'public +([a-z:]*::)?ObMySQLResult\b' src prints only src/observer/ob_inner_sql_result.h:42), answers OB_ITER_END once the rows are used up (src/observer/ob_inner_sql_result.cpp:207-208, :216). no_max_id is set only for that OB_ITER_END (ob_max_id_fetcher.cpp:358-359). Holder: the local ret (ob_max_id_fetcher.cpp:328). Code's branch: ret = OB_ENTRY_NOT_EXIST (ob_max_id_fetcher.cpp:369), so the function reports OB_ENTRY_NOT_EXIST and never OB_ITER_END; OB_ITER_END without no_max_id cannot arrive, since the only other next() resets it (ob_max_id_fetcher.cpp:352-355). Escapes: fetch_new_max_id_from_inner_table_ inserts the initial value and fetches again on it (ob_max_id_fetcher.cpp:210-213; ret-compare.tsv:1865); update_server_max_id (ob_max_id_fetcher.cpp:265) and batch_fetch_new_max_id_from_inner_table (ob_max_id_fetcher.cpp:534) pass it on; git grep -n 'fetch_max_id(' 834bbee1e -- src finds no other call of this function (the other matches are the max-id caches' own fetch_max_id).	confirmed
src/share/ob_occam_thread_pool.h	ObOccamThreadPool::keep_fetching_task_until_stop_	line 385: ret != OB_EAGAIN	PASSED_ON	if !matches!(ret, Err(OB_EAGAIN)) { <the ERROR log> } else {} inside the failure branch of if ob_fail!(ret = self.queues_[idx].pop_task(&mut function, thread_id)) in the for loop over the priority levels, on the local ret, an ObResult (the function returns nothing), in the local-ret form (s2-errors.md 2.3); the empty else stays (s2-errors.md 2.3) and the log takes ret (s2-errors.md 2.5 rule 1). OB_EAGAIN stays in ret, never an Option or a bool (s2-errors.md 2.4 rule 1), for the next queue's pop or for the match after the loop (ret-compare.tsv:1871).	sweep: ret-compare.tsv:1870 (data row 1869). Producer: queues_[idx].pop_task(function, thread_id) at ob_occam_thread_pool.h:384, InnerTaskQueue::pop_task, which sets OB_EAGAIN when the queue is empty (ob_occam_thread_pool.h:463-464), under the queue's spin lock (ob_occam_thread_pool.h:460). Holder: the local ret (ob_occam_thread_pool.h:370). Code's branch: nothing: OB_EAGAIN is kept out of the ERROR log, and the empty else is commented 'this queue is empty, so try fetch next queue' (ob_occam_thread_pool.h:385-387); the for loop then moves to the next priority for every failing code alike. Where the code goes: the next queue's pop overwrites it (ob_occam_thread_pool.h:384), or, from the last queue, the match after the loop reads it and waits for a task (ob_occam_thread_pool.h:404-410; ret-compare.tsv:1871); the function returns nothing, so the code leaves it nowhere.	confirmed
src/share/ob_occam_thread_pool.h	ObOccamThreadPool::keep_fetching_task_until_stop_	line 404: ret == OB_EAGAIN	RETRY	The if / else-if chain over codes on ret at ob_occam_thread_pool.h:397-413 is match ret { Ok(()) => { .. } Err(OB_EAGAIN) => { .. } _ => { <the ERROR log> } } (s2-errors.md 2.3's table; RULEBOOK 2.1); this row is its Err(OB_EAGAIN) arm, on the local ret, an ObResult (the function returns nothing), in the local-ret form. The arm keeps the wait as the C++ writes it: the guard on cv_, then while total_task_count_ == 0 && !is_stopped_ { .. wait .. } with the condition evaluated each round, after which the enclosing loop { } fetches from every queue again (RULEBOOK section 0, "Keep the control flow"); cv_ becomes a Condvar with the state it guards in its Mutex<T> (RULEBOOK 2.7, the ObThreadCond row).	sweep: ret-compare.tsv:1871 (data row 1870). Producer: the last pop_task of the for loop (ob_occam_thread_pool.h:384), InnerTaskQueue::pop_task, which sets OB_EAGAIN when its queue is empty (ob_occam_thread_pool.h:463-464); a queue that yields a task breaks the for loop with ret OB_SUCCESS (ob_occam_thread_pool.h:388-393), so OB_EAGAIN here means every queue was empty. Holder: the local ret (ob_occam_thread_pool.h:370). Retry step: the arm takes the guard on cv_ and waits while no task is counted and the pool is not stopped (ob_occam_thread_pool.h:406-409); then the while (true) loop (ob_occam_thread_pool.h:372) checks is_stopped_ and pops every queue again (ob_occam_thread_pool.h:376-384). The wait's own code overwrites ret (ob_occam_thread_pool.h:408), and the next round's pop overwrites that.	confirmed
src/share/ob_scheduled_job_utils.cpp	ObScheduledJobUtils::get_time_zone_offset	line 50: ret != OB_ERR_UNKNOWN_TIME_ZONE	OTHER	if !matches!(ret, Err(OB_ERR_UNKNOWN_TIME_ZONE)) {} else if ret_more.is_err() { ret = ret_more; } inside the failure branch of if ob_fail!(ret = ObTimeConverter::str_to_offset(trimed_tz_str, offset_sec, &mut ret_more, true)), on the local ret, an ObResult, in the local-ret form (s2-errors.md 2.3); ret_more holds only codes, so it is a local ObResult (s2-errors.md 2.2 rule 5), and ret = ret_more is written as the C++ writes it (s2-errors.md 2.4 rule 4); the empty branch stays (s2-errors.md 2.3).	sweep: ret-compare.tsv:1872 (data row 1871). Producer: ObTimeConverter::str_to_offset at ob_scheduled_job_utils.cpp:48, which answers OB_ERR_UNKNOWN_TIME_ZONE for a string that is not a valid offset (src/oblib/common/timezone/ob_time_convert.cpp:1591-1592, :1617-1618, :1626-1627) and, for an offset out of range, also sets ret_more to OB_ERR_INVALID_TIME_ZONE_MINUTE or OB_ERR_INVALID_TIME_ZONE_HOUR (src/oblib/common/timezone/ob_time_convert.cpp:1634-1636). Holder: the local ret (ob_scheduled_job_utils.cpp:32); ret_more is a local that only str_to_offset sets (ob_scheduled_job_utils.cpp:47-48). Code's branch: the test is false for the code, which goes to the else-if: ret takes ret_more's more exact code when str_to_offset set one (ob_scheduled_job_utils.cpp:51-52); otherwise OB_ERR_UNKNOWN_TIME_ZONE stays in ret, and the next statement looks the string up as a time zone name (ob_scheduled_job_utils.cpp:55; ret-compare.tsv:1873). One way keeps the compared code, so the branch is no rename (vocabulary value 7); it chooses between the two codes. Escapes: ObDbmsStatsMaintenanceWindow::get_time_zone_offset returns get_time_zone_offset's code (src/sql/optimizer/stat/ob_dbms_stats_maintenance_window.cpp:371-375), and its caller, get_stats_maintenance_window_jobs_sql, passes it on (src/sql/optimizer/stat/ob_dbms_stats_maintenance_window.cpp:58, :103); git grep -n 'get_time_zone_offset(' 834bbee1e -- src finds one call of each function (src/sql/optimizer/stat/ob_dbms_stats_maintenance_window.cpp:375, :58).	confirmed
src/share/ob_scheduled_job_utils.cpp	ObScheduledJobUtils::get_time_zone_offset	line 55: ret == OB_ERR_UNKNOWN_TIME_ZONE	OTHER	if matches!(ret, Err(OB_ERR_UNKNOWN_TIME_ZONE)) { .. } on the local ret, an ObResult, in the local-ret form (s2-errors.md 2.3), its branch as the C++ writes it: if ob_fail!(ret = <OTTZ_MGR>.get_timezone(..)) {} else if <tz_info_mgr is null> { ret = Err(OB_ERR_UNEXPECTED); } else if ob_fail!(ret = tz_info_mgr.find_time_zone_info(..)) {} else if ob_fail!(ret = tz_info.get_timezone_offset(..)) {} else {}, empty branches kept (RULEBOOK section 0; s2-errors.md 2.3, 2.4 rule 1).	sweep: ret-compare.tsv:1873 (data row 1872). Producer: str_to_offset at ob_scheduled_job_utils.cpp:48, OB_ERR_UNKNOWN_TIME_ZONE for a string that is not a valid offset (src/oblib/common/timezone/ob_time_convert.cpp:1592, :1618, :1627, :1636), left in ret by the chain above when ret_more is OB_SUCCESS (ob_scheduled_job_utils.cpp:50-53; ret-compare.tsv:1872). Holder: the local ret (ob_scheduled_job_utils.cpp:32). Code's branch: another way to get the offset: the string is looked up as a time zone name in the tenant's time zone map, and the offset comes from its rules at the current time (ob_scheduled_job_utils.cpp:59-63); the first call overwrites the code, and a name missing from the map comes back from find_time_zone_info as OB_ERR_UNKNOWN_TIME_ZONE again (src/share/ob_time_zone_info_manager.cpp:423-425; ret-compare.tsv:1901). Escapes: what the lookup leaves in ret is returned (ob_scheduled_job_utils.cpp:68) to ObDbmsStatsMaintenanceWindow::get_time_zone_offset (src/sql/optimizer/stat/ob_dbms_stats_maintenance_window.cpp:375).	confirmed
src/share/ob_scheduled_job_utils.cpp	ObScheduledJobUtils::check_job_exists	line 102: ret == OB_ITER_END	END_OF_DATA	ret = if matches!(ret, Err(OB_ITER_END)) { Ok(()) } else { ret }; on the local ret after the while ret.is_ok() && ob_succ!(ret = client_result.next()) loop, on the local ret, an ObResult, in the local-ret form (s2-errors.md 2.3): a ternary is an if expression written as the C++ writes it, not an and (s2-errors.md 2.4 rule 4). The inner SQL result keeps ending with Err(OB_ITER_END), never an Option or a bool, and keeps that code at its boundary until parity (s2-errors.md 2.4 rules 1 and 2; ARCHITECTURE.md section 17 default 6).	sweep: ret-compare.tsv:1874 (data row 1873). Producer: client_result->next() at ob_scheduled_job_utils.cpp:91, the loop condition's call; ObMySQLResult::next is pure virtual (src/oblib/common/mysqlclient/ob_mysql_result.h:1560), and its one implementation in src, ObInnerSQLResult::next (grep -rnE 'public +([a-z:]*::)?ObMySQLResult\b' src prints only src/observer/ob_inner_sql_result.h:42), answers OB_ITER_END once the rows are used up (src/observer/ob_inner_sql_result.cpp:207-208, :216). Holder: the local ret (ob_scheduled_job_utils.cpp:75). Code's branch: ret = OB_SUCCESS (ob_scheduled_job_utils.cpp:102): the count(*) query's rows are all read; the code never leaves the site. Other codes stay in ret, pass the close of the result, whose failure COVER_SUCC merges in only while ret is OB_SUCCESS (ob_scheduled_job_utils.cpp:105-109), and are returned (ob_scheduled_job_utils.cpp:114). The same line is sweep: reset.tsv:1019 (conditional reset, ternary yields OB_SUCCESS), whose row must name the same producer and give the same Rust.	confirmed
src/share/ob_schema_status_proxy.cpp	ObSchemaStatusProxy::load_refresh_schema_status	line 127: ret == OB_ITER_END	END_OF_DATA	if matches!(ret, Err(OB_ITER_END)) { ret = Ok(()); break; } else { } inside the failure branch of if ob_fail!(ret = core_table.next()) in the while ret.is_ok() loop, on the local ret, an ObResult, in the local-ret form (s2-errors.md 2.3); the reset, the break and the empty else stay (s2-errors.md 2.3, 2.4 rule 1). ObCoreTableProxy::next keeps ending with Err(OB_ITER_END), never an Option or a bool (s2-errors.md 2.4 rule 1).	sweep: ret-compare.tsv:1875 (data row 1874). Producer: core_table.next() at ob_schema_status_proxy.cpp:126, ObCoreTableProxy::next, which answers OB_ITER_END when no row of __all_schema_status is left (src/share/ob_core_table_proxy.cpp:444-445); load() read the rows (ob_schema_status_proxy.cpp:120). Holder: the local ret (ob_schema_status_proxy.cpp:116). Code's branch: ret = OB_SUCCESS and break (ob_schema_status_proxy.cpp:128-129): every row was read; the code never leaves the site. Other codes take the empty else (ob_schema_status_proxy.cpp:130-131) and end the loop.	confirmed
src/share/ob_share_util.cpp	ObShareUtil::get_ora_rowscn	line 145: tmp_ret (assigned in the comparison) != OB_ITER_END	END_OF_DATA	} else if { tmp_ret = result.next(); !matches!(tmp_ret, Err(OB_ITER_END)) } { ret = Err(OB_ERR_UNEXPECTED); <the LOG_WARN of :147> }: a test on an assignment, so the chain keeps its branches in the C++ order (s2-errors.md 2.3's table); tmp_ret is its own ObResult local (s2-errors.md 2.4 rule 4), and the log call takes the ret in scope on the C++ line (s2-errors.md 2.5 rule 1). The inner SQL result keeps ending with Err(OB_ITER_END), never an Option or a bool, and keeps that code at its boundary until parity (s2-errors.md 2.4 rules 1 and 2; ARCHITECTURE.md section 17 default 6).	sweep: ret-compare.tsv:1876 (data row 1875). Producer: result->next() at ob_share_util.cpp:145, assigned to tmp_ret inside the test after the one row was read and its ORA_ROWSCN parsed (ob_share_util.cpp:135-139); ObMySQLResult::next is pure virtual (src/oblib/common/mysqlclient/ob_mysql_result.h:1560), and its one implementation in src, ObInnerSQLResult::next (grep -rnE 'public +([a-z:]*::)?ObMySQLResult\b' src prints only src/observer/ob_inner_sql_result.h:42), answers OB_ITER_END once the rows are used up (src/observer/ob_inner_sql_result.cpp:207-208, :216). Holder: the local tmp_ret (ob_share_util.cpp:142), read only by this test and the log. Code's branch: nothing: no else follows, so ret keeps its OB_SUCCESS: the query returned exactly one row; tmp_ret is not read again. Any other code, a second row or an error of next(), makes ret OB_ERR_UNEXPECTED and is logged (ob_share_util.cpp:146-147); ret is returned (ob_share_util.cpp:150). The same line is sweep: tmp-ret.tsv:1321, with the same producer and the same Rust.	confirmed
src/share/ob_snapshot_table_proxy.cpp	ObSnapshotTableProxy::get_all_snapshots	line 346: ret != OB_ITER_END	END_OF_DATA	if !matches!(ret, Err(OB_ITER_END)) {} else { ret = Ok(()); break; } inside the failure branch of if ob_fail!(ret = result.next()) in the while ret.is_ok() loop, on the local ret, an ObResult, in the local-ret form (s2-errors.md 2.3); the empty branch, the reset and the break stay (s2-errors.md 2.3, 2.4 rule 1). The inner SQL result keeps ending with Err(OB_ITER_END), never an Option or a bool, and keeps that code at its boundary until parity (s2-errors.md 2.4 rules 1 and 2; ARCHITECTURE.md section 17 default 6).	sweep: ret-compare.tsv:1877 (data row 1876). Producer: result->next() at ob_snapshot_table_proxy.cpp:345; ObMySQLResult::next is pure virtual (src/oblib/common/mysqlclient/ob_mysql_result.h:1560), and its one implementation in src, ObInnerSQLResult::next (grep -rnE 'public +([a-z:]*::)?ObMySQLResult\b' src prints only src/observer/ob_inner_sql_result.h:42), answers OB_ITER_END once the rows are used up (src/observer/ob_inner_sql_result.cpp:207-208, :216). Holder: the local ret (ob_snapshot_table_proxy.cpp:330). Code's branch: the else resets ret and breaks (ob_snapshot_table_proxy.cpp:347-349): every selected row of __all_acquired_snapshot was read into snapshots; the code never leaves the site. Other codes take the empty branch (ob_snapshot_table_proxy.cpp:346), end the loop through its OB_SUCC(ret) condition (ob_snapshot_table_proxy.cpp:342), are printed by the INFO log (ob_snapshot_table_proxy.cpp:355) and returned (ob_snapshot_table_proxy.cpp:360).	confirmed
src/share/ob_snapshot_table_proxy.cpp	ObSnapshotTableProxy::get_all_snapshots	line 388: ret != OB_ITER_END	END_OF_DATA	if !matches!(ret, Err(OB_ITER_END)) {} else { ret = Ok(()); break; } inside the failure branch of if ob_fail!(ret = result.next()) in the while ret.is_ok() loop, on the local ret, an ObResult, in the local-ret form (s2-errors.md 2.3); the empty branch, the reset and the break stay (s2-errors.md 2.3, 2.4 rule 1). The inner SQL result keeps ending with Err(OB_ITER_END), never an Option or a bool, and keeps that code at its boundary until parity (s2-errors.md 2.4 rules 1 and 2; ARCHITECTURE.md section 17 default 6).	sweep: ret-compare.tsv:1878 (data row 1877). Producer: result->next() at ob_snapshot_table_proxy.cpp:387; ObMySQLResult::next is pure virtual (src/oblib/common/mysqlclient/ob_mysql_result.h:1560), and its one implementation in src, ObInnerSQLResult::next (grep -rnE 'public +([a-z:]*::)?ObMySQLResult\b' src prints only src/observer/ob_inner_sql_result.h:42), answers OB_ITER_END once the rows are used up (src/observer/ob_inner_sql_result.cpp:207-208, :216). Holder: the local ret (ob_snapshot_table_proxy.cpp:368). Code's branch: the else resets ret and breaks (ob_snapshot_table_proxy.cpp:389-391): every selected row of __all_acquired_snapshot was read into snapshots; the code never leaves the site. Other codes take the empty branch (ob_snapshot_table_proxy.cpp:388), end the loop through its OB_SUCC(ret) condition (ob_snapshot_table_proxy.cpp:384), are printed by the INFO log (ob_snapshot_table_proxy.cpp:397) and returned (ob_snapshot_table_proxy.cpp:402).	confirmed
src/share/ob_snapshot_table_proxy.cpp	ObSnapshotTableProxy::get_max_snapshot_info	line 440: ret == OB_ITER_END	RENAMED	if matches!(ret, Err(OB_ITER_END)) { ret = Err(OB_ENTRY_NOT_EXIST); } else { } inside the failure branch of else if ob_fail!(ret = result.next()), on the local ret, an ObResult, in the local-ret form (s2-errors.md 2.3): the rename at the same place, never map_err or if let Err (s2-errors.md 2.4 rule 3; 2.15 item 7), the empty else kept (s2-errors.md 2.3). The inner SQL result keeps ending with Err(OB_ITER_END), never an Option or a bool, and keeps that code at its boundary until parity (s2-errors.md 2.4 rules 1 and 2; ARCHITECTURE.md section 17 default 6).	sweep: ret-compare.tsv:1879 (data row 1878). Producer: result->next() at ob_snapshot_table_proxy.cpp:439, the first row of the query for the largest snapshot (ob_snapshot_table_proxy.cpp:434-435); ObMySQLResult::next is pure virtual (src/oblib/common/mysqlclient/ob_mysql_result.h:1560), and its one implementation in src, ObInnerSQLResult::next (grep -rnE 'public +([a-z:]*::)?ObMySQLResult\b' src prints only src/observer/ob_inner_sql_result.h:42), answers OB_ITER_END once the rows are used up (src/observer/ob_inner_sql_result.cpp:207-208, :216). Holder: the local ret (ob_snapshot_table_proxy.cpp:427). Code's branch: ret = OB_ENTRY_NOT_EXIST (ob_snapshot_table_proxy.cpp:441): no snapshot is acquired, so the function reports OB_ENTRY_NOT_EXIST and never OB_ITER_END; other codes take the empty else (ob_snapshot_table_proxy.cpp:442-443) and are returned (ob_snapshot_table_proxy.cpp:454). Escapes: ObMajorMergeInfoManager::generate_frozen_scn resets it as 'no acquired snapshot' (src/rootserver/freeze/ob_major_merge_info_manager.cpp:148-151), and git grep -n 'get_max_snapshot_info(' 834bbee1e -- src finds no other caller.	confirmed
src/share/ob_snapshot_table_proxy.cpp	ObSnapshotTableProxy::get_max_snapshot_info	line 445: call result result->next() != OB_ITER_END	END_OF_DATA	} else if !matches!(result.next(), Err(OB_ITER_END)) { if ret.is_ok() { ret = Err(OB_ERR_UNEXPECTED); } } else { ret = Ok(()); }: a call's result compared directly, in the form of the callee's return type, an ObResult (s2-errors.md 2.2 rule 1, 2.3's table), in a function in the local-ret form (s2-errors.md 2.3); the chain keeps its C++ order and the reset stays (s2-errors.md 2.4 rule 1). The second next()'s code is not stored: every code but OB_ITER_END becomes OB_ERR_UNEXPECTED as the C++ writes it. The inner SQL result keeps ending with Err(OB_ITER_END), never an Option or a bool, and keeps that code at its boundary until parity (s2-errors.md 2.4 rules 1 and 2; ARCHITECTURE.md section 17 default 6).	sweep: ret-compare.tsv:1880 (data row 1879). Producer: result->next() at ob_snapshot_table_proxy.cpp:445, after extract_snapshot parsed the first row (ob_snapshot_table_proxy.cpp:444); ObMySQLResult::next is pure virtual (src/oblib/common/mysqlclient/ob_mysql_result.h:1560), and its one implementation in src, ObInnerSQLResult::next (grep -rnE 'public +([a-z:]*::)?ObMySQLResult\b' src prints only src/observer/ob_inner_sql_result.h:42), answers OB_ITER_END once the rows are used up (src/observer/ob_inner_sql_result.cpp:207-208, :216). Holder: none: the call's result is compared directly and not stored. Code's branch: the else sets ret = OB_SUCCESS (ob_snapshot_table_proxy.cpp:449-450): the LIMIT 1 query returned its one row. Any other code of next() makes ret OB_ERR_UNEXPECTED, the inner OB_SUCC(ret) always true there (ob_snapshot_table_proxy.cpp:446-448); ret is returned (ob_snapshot_table_proxy.cpp:454).	confirmed
src/share/ob_snapshot_table_proxy.cpp	ObSnapshotTableProxy::get_snapshot	line 479: ret != OB_ITER_END	END_OF_DATA	if !matches!(ret, Err(OB_ITER_END)) {} inside the failure branch of else if ob_fail!(ret = result.next()), on the local ret, an ObResult, in the local-ret form (s2-errors.md 2.3); the empty branch stays (s2-errors.md 2.3), and OB_ITER_END stays in ret and is returned as in C++ (s2-errors.md 2.4 rule 1). The inner SQL result keeps ending with Err(OB_ITER_END), never an Option or a bool, and keeps that code at its boundary until parity (s2-errors.md 2.4 rules 1 and 2; ARCHITECTURE.md section 17 default 6).	sweep: ret-compare.tsv:1881 (data row 1880). Producer: result->next() at ob_snapshot_table_proxy.cpp:478, the first row of the select by snapshot type and scn (ob_snapshot_table_proxy.cpp:472-474); ObMySQLResult::next is pure virtual (src/oblib/common/mysqlclient/ob_mysql_result.h:1560), and its one implementation in src, ObInnerSQLResult::next (grep -rnE 'public +([a-z:]*::)?ObMySQLResult\b' src prints only src/observer/ob_inner_sql_result.h:42), answers OB_ITER_END once the rows are used up (src/observer/ob_inner_sql_result.cpp:207-208, :216). Holder: the local ret (ob_snapshot_table_proxy.cpp:463). Code's branch: nothing: the if body is empty (ob_snapshot_table_proxy.cpp:479-480) and no else follows, so a missing snapshot is reported as OB_ITER_END (ob_snapshot_table_proxy.cpp:491), where get_max_snapshot_info reports OB_ENTRY_NOT_EXIST (ob_snapshot_table_proxy.cpp:440-441). Escapes: none: git grep -nw ObSnapshotTableProxy 834bbee1e -- src finds the class's objects outside its own files at src/rootserver/freeze/ob_major_merge_info_manager.cpp:143, src/rootserver/ob_snapshot_info_manager.cpp:55, :89 and src/storage/compaction/ob_freeze_info_mgr.cpp:495, and none of them calls get_snapshot (their calls are get_max_snapshot_info, batch_add_snapshot, batch_remove_snapshots and get_all_snapshots).	confirmed
src/share/ob_snapshot_table_proxy.cpp	ObSnapshotTableProxy::get_snapshot	line 482: call result result->next() != OB_ITER_END	END_OF_DATA	} else if !matches!(result.next(), Err(OB_ITER_END)) { if ret.is_ok() { ret = Err(OB_ERR_UNEXPECTED); } } else { ret = Ok(()); }: a call's result compared directly, in the form of the callee's return type, an ObResult (s2-errors.md 2.2 rule 1, 2.3's table), in a function in the local-ret form (s2-errors.md 2.3); the chain keeps its C++ order and the reset stays (s2-errors.md 2.4 rule 1). The second next()'s code is not stored: every code but OB_ITER_END becomes OB_ERR_UNEXPECTED as the C++ writes it. The inner SQL result keeps ending with Err(OB_ITER_END), never an Option or a bool, and keeps that code at its boundary until parity (s2-errors.md 2.4 rules 1 and 2; ARCHITECTURE.md section 17 default 6).	sweep: ret-compare.tsv:1882 (data row 1881). Producer: result->next() at ob_snapshot_table_proxy.cpp:482, after extract_snapshot parsed the first row (ob_snapshot_table_proxy.cpp:481); ObMySQLResult::next is pure virtual (src/oblib/common/mysqlclient/ob_mysql_result.h:1560), and its one implementation in src, ObInnerSQLResult::next (grep -rnE 'public +([a-z:]*::)?ObMySQLResult\b' src prints only src/observer/ob_inner_sql_result.h:42), answers OB_ITER_END once the rows are used up (src/observer/ob_inner_sql_result.cpp:207-208, :216). Holder: none: the call's result is compared directly and not stored. Code's branch: the else sets ret = OB_SUCCESS (ob_snapshot_table_proxy.cpp:486-487): the select by snapshot type and scn returned exactly one row. Any other code of next() makes ret OB_ERR_UNEXPECTED, the inner OB_SUCC(ret) always true there (ob_snapshot_table_proxy.cpp:483-485); ret is returned (ob_snapshot_table_proxy.cpp:491).	confirmed
src/share/ob_snapshot_table_proxy.cpp	ObSnapshotTableProxy::check_snapshot_exist	line 523: ret == OB_ITER_END	END_OF_DATA	if matches!(ret, Err(OB_ITER_END)) { *is_exist = false; ret = Ok(()); } else { } inside the failure branch of else if ob_fail!(ret = result.next()), on the local ret, an ObResult, in the local-ret form (s2-errors.md 2.3); the flag, the reset and the empty else stay in the C++ order (s2-errors.md 2.3, 2.4 rule 1). The inner SQL result keeps ending with Err(OB_ITER_END), never an Option or a bool, and keeps that code at its boundary until parity (s2-errors.md 2.4 rules 1 and 2; ARCHITECTURE.md section 17 default 6).	sweep: ret-compare.tsv:1883 (data row 1882). Producer: result->next() at ob_snapshot_table_proxy.cpp:522, the first row of the LIMIT 1 select by snapshot type (ob_snapshot_table_proxy.cpp:517-518); ObMySQLResult::next is pure virtual (src/oblib/common/mysqlclient/ob_mysql_result.h:1560), and its one implementation in src, ObInnerSQLResult::next (grep -rnE 'public +([a-z:]*::)?ObMySQLResult\b' src prints only src/observer/ob_inner_sql_result.h:42), answers OB_ITER_END once the rows are used up (src/observer/ob_inner_sql_result.cpp:207-208, :216). Holder: the local ret (ob_snapshot_table_proxy.cpp:506). Code's branch: is_exist = false and ret = OB_SUCCESS (ob_snapshot_table_proxy.cpp:524-525): no snapshot of that type exists; the code never leaves the site. Other codes take the empty else (ob_snapshot_table_proxy.cpp:526-527) and are returned (ob_snapshot_table_proxy.cpp:533).	confirmed
src/share/ob_table_access_helper.h	ObTableAccessHelper::read_and_convert_to_values_	line 388: ret == OB_ITER_END	RENAMED	if matches!(ret, Err(OB_ITER_END)) { if 1 == iter_times { ret = Ok(()); } else if 0 == iter_times { ret = Err(OB_EMPTY_RESULT); } } else { <the WARN log> } on the local ret after the while ret.is_ok() && ob_succ!(ret = result.next()) loop, on the local ret, an ObResult, in the local-ret form (s2-errors.md 2.3): the reset and the rename stay at the same place, never map_err or if let Err (s2-errors.md 2.4 rule 3; 2.15 item 7). The inner SQL result keeps ending with Err(OB_ITER_END), never an Option or a bool, and keeps that code at its boundary until parity (s2-errors.md 2.4 rules 1 and 2; ARCHITECTURE.md section 17 default 6).	sweep: ret-compare.tsv:1884 (data row 1883). Producer: result->next() at ob_table_access_helper.h:379, the loop condition's call; ObMySQLResult::next is pure virtual (src/oblib/common/mysqlclient/ob_mysql_result.h:1560), and its one implementation in src, ObInnerSQLResult::next (grep -rnE 'public +([a-z:]*::)?ObMySQLResult\b' src prints only src/observer/ob_inner_sql_result.h:42), answers OB_ITER_END once the rows are used up (src/observer/ob_inner_sql_result.cpp:207-208, :216). Holder: the local ret (ob_table_access_helper.h:372). Code's branch: with one row read ret = OB_SUCCESS (ob_table_access_helper.h:389-390), with none ret = OB_EMPTY_RESULT (ob_table_access_helper.h:391-392); a second row never reaches the test, since it sets OB_ERR_MORE_THAN_ONE_ROW and breaks (ob_table_access_helper.h:380-383). So OB_ITER_END is never reported. Other codes are logged (ob_table_access_helper.h:395) and returned (ob_table_access_helper.h:402). Escapes: both read_single_row overloads return the code (ob_table_access_helper.h:155, :182, :192); ObLockExecutor::query_lock_id_ and query_lock_id_and_lock_handle_ read OB_EMPTY_RESULT as 'no lock of that name' (src/sql/tablelock/ob_lock_executor.cpp:341, :374), and ObTableLockDetector::get_lock_owner_by_lock_id passes it on (src/storage/tablelock/ob_table_lock_live_detector.cpp:360-361).	confirmed
src/share/ob_table_access_helper.h	ObTableAccessHelper::read_and_convert_to_tuples_	line 432: ret == OB_ITER_END	END_OF_DATA	if matches!(ret, Err(OB_ITER_END)) && iter_times > 0 { ret = Ok(()); } else { <the WARN log> } on the local ret after the while ret.is_ok() && ob_succ!(ret = result.next()) loop, on the local ret, an ObResult, in the local-ret form (s2-errors.md 2.3); the reset stays at the same place, and OB_ITER_END with no row read stays in ret through the log-only else and is returned (s2-errors.md 2.4 rule 1). The inner SQL result keeps ending with Err(OB_ITER_END), never an Option or a bool, and keeps that code at its boundary until parity (s2-errors.md 2.4 rules 1 and 2; ARCHITECTURE.md section 17 default 6).	sweep: ret-compare.tsv:1885 (data row 1884). Producer: result->next() at ob_table_access_helper.h:423, the loop condition's call; ObMySQLResult::next is pure virtual (src/oblib/common/mysqlclient/ob_mysql_result.h:1560), and its one implementation in src, ObInnerSQLResult::next (grep -rnE 'public +([a-z:]*::)?ObMySQLResult\b' src prints only src/observer/ob_inner_sql_result.h:42), answers OB_ITER_END once the rows are used up (src/observer/ob_inner_sql_result.cpp:207-208, :216). Holder: the local ret (ob_table_access_helper.h:416). Code's branch: the && also needs iter_times > 0: after at least one row ret = OB_SUCCESS (ob_table_access_helper.h:432-433); with no row the else only logs 'iter failed' (ob_table_access_helper.h:434-435) and OB_ITER_END is returned (ob_table_access_helper.h:442), where read_and_convert_to_values_ answers OB_EMPTY_RESULT for no row (ob_table_access_helper.h:391-392). Escapes: both read_multi_row overloads return it (ob_table_access_helper.h:206, :233, :243), and ObTableLockDetectFuncList::get_owner_id_list_from_table_ turns OB_ITER_END into OB_SUCCESS with an empty list (src/storage/tablelock/ob_table_lock_live_detector.cpp:99-103).	confirmed
src/share/ob_tablet_checksum_operator.cpp	ObTabletChecksumOperator::load_tablet_checksum_items	line 168: ret != OB_ITER_END	END_OF_DATA	if !matches!(ret, Err(OB_ITER_END)) {} inside the failure branch of if ob_fail!(ret = result.next()) in the while ret.is_ok() loop, on the local ret, an ObResult, in the local-ret form (s2-errors.md 2.3); the empty branch stays (s2-errors.md 2.3), and the loop condition is evaluated each round (RULEBOOK section 0). The inner SQL result keeps ending with Err(OB_ITER_END), never an Option or a bool, and keeps that code at its boundary until parity (s2-errors.md 2.4 rules 1 and 2; ARCHITECTURE.md section 17 default 6).	sweep: ret-compare.tsv:1886 (data row 1885). Producer: result->next() at ob_tablet_checksum_operator.cpp:167; ObMySQLResult::next is pure virtual (src/oblib/common/mysqlclient/ob_mysql_result.h:1560), and its one implementation in src, ObInnerSQLResult::next (grep -rnE 'public +([a-z:]*::)?ObMySQLResult\b' src prints only src/observer/ob_inner_sql_result.h:42), answers OB_ITER_END once the rows are used up (src/observer/ob_inner_sql_result.cpp:207-208, :216). Holder: the local ret (ob_tablet_checksum_operator.cpp:156). Code's branch: nothing: the if body is empty (ob_tablet_checksum_operator.cpp:168-169); the else with the row's fields is skipped and the loop ends through its OB_SUCC(ret) condition (ob_tablet_checksum_operator.cpp:165), and the test after the loop turns OB_ITER_END into OB_SUCCESS (ob_tablet_checksum_operator.cpp:203-204; ret-compare.tsv:1887). Other codes end the loop the same way and are returned (ob_tablet_checksum_operator.cpp:208).	confirmed
src/share/ob_tablet_checksum_operator.cpp	ObTabletChecksumOperator::load_tablet_checksum_items	line 203: ret == OB_ITER_END	END_OF_DATA	if matches!(ret, Err(OB_ITER_END)) { ret = Ok(()); } on the local ret after the while ret.is_ok() loop, in the local-ret form (s2-errors.md 2.3); the reset stays where the C++ has it (s2-errors.md 2.4 rule 1). The inner SQL result keeps ending with Err(OB_ITER_END), never an Option or a bool, and keeps that code at its boundary until parity (s2-errors.md 2.4 rules 1 and 2; ARCHITECTURE.md section 17 default 6).	sweep: ret-compare.tsv:1887 (data row 1886). Producer: result->next() at ob_tablet_checksum_operator.cpp:167, the loop's last call (ret-compare.tsv:1886); ObMySQLResult::next is pure virtual (src/oblib/common/mysqlclient/ob_mysql_result.h:1560), and its one implementation in src, ObInnerSQLResult::next (grep -rnE 'public +([a-z:]*::)?ObMySQLResult\b' src prints only src/observer/ob_inner_sql_result.h:42), answers OB_ITER_END once the rows are used up (src/observer/ob_inner_sql_result.cpp:207-208, :216). Holder: the local ret (ob_tablet_checksum_operator.cpp:156). Code's branch: ret = OB_SUCCESS (ob_tablet_checksum_operator.cpp:204): every checksum row the query selected was read into items; the code never leaves the site. Other codes, from the field reads, the column meta, the tracepoint under ERRSIM or push_back (ob_tablet_checksum_operator.cpp:174-199), are returned (ob_tablet_checksum_operator.cpp:208).	confirmed
src/share/ob_tablet_checksum_operator.cpp	ObTabletChecksumOperator::load_all_compaction_scn	line 401: ret != OB_ITER_END	END_OF_DATA	if !matches!(ret, Err(OB_ITER_END)) {} inside the failure branch of if ob_fail!(ret = result.next()) in the while ret.is_ok() loop, on the local ret, an ObResult, in the local-ret form (s2-errors.md 2.3); the empty branch stays (s2-errors.md 2.3), and the loop condition is evaluated each round (RULEBOOK section 0). The inner SQL result keeps ending with Err(OB_ITER_END), never an Option or a bool, and keeps that code at its boundary until parity (s2-errors.md 2.4 rules 1 and 2; ARCHITECTURE.md section 17 default 6).	sweep: ret-compare.tsv:1888 (data row 1887). Producer: result->next() at ob_tablet_checksum_operator.cpp:400; ObMySQLResult::next is pure virtual (src/oblib/common/mysqlclient/ob_mysql_result.h:1560), and its one implementation in src, ObInnerSQLResult::next (grep -rnE 'public +([a-z:]*::)?ObMySQLResult\b' src prints only src/observer/ob_inner_sql_result.h:42), answers OB_ITER_END once the rows are used up (src/observer/ob_inner_sql_result.cpp:207-208, :216). Holder: the local ret (ob_tablet_checksum_operator.cpp:380). Code's branch: nothing: the if body is empty (ob_tablet_checksum_operator.cpp:401-402); FAILEDx skips the conversion and the push for it (ob_tablet_checksum_operator.cpp:408), the loop ends through its OB_SUCC(ret) condition (ob_tablet_checksum_operator.cpp:398), and the test after the loop turns OB_ITER_END into OB_SUCCESS (ob_tablet_checksum_operator.cpp:415-416; ret-compare.tsv:1889). Other codes end the loop the same way and are returned (ob_tablet_checksum_operator.cpp:423).	confirmed
src/share/ob_tablet_checksum_operator.cpp	ObTabletChecksumOperator::load_all_compaction_scn	line 415: ret == OB_ITER_END	END_OF_DATA	if matches!(ret, Err(OB_ITER_END)) { ret = Ok(()); } on the local ret after the while ret.is_ok() loop, in the local-ret form (s2-errors.md 2.3); the reset stays where the C++ has it (s2-errors.md 2.4 rule 1). The inner SQL result keeps ending with Err(OB_ITER_END), never an Option or a bool, and keeps that code at its boundary until parity (s2-errors.md 2.4 rules 1 and 2; ARCHITECTURE.md section 17 default 6).	sweep: ret-compare.tsv:1889 (data row 1888). Producer: result->next() at ob_tablet_checksum_operator.cpp:400, the loop's last call (ret-compare.tsv:1888); ObMySQLResult::next is pure virtual (src/oblib/common/mysqlclient/ob_mysql_result.h:1560), and its one implementation in src, ObInnerSQLResult::next (grep -rnE 'public +([a-z:]*::)?ObMySQLResult\b' src prints only src/observer/ob_inner_sql_result.h:42), answers OB_ITER_END once the rows are used up (src/observer/ob_inner_sql_result.cpp:207-208, :216). Holder: the local ret (ob_tablet_checksum_operator.cpp:380). Code's branch: ret = OB_SUCCESS (ob_tablet_checksum_operator.cpp:416): every distinct compaction_scn was read into compaction_scn_arr; the code never leaves the site. Other codes are printed by the INFO log (ob_tablet_checksum_operator.cpp:421-422) and returned (ob_tablet_checksum_operator.cpp:423).	confirmed
src/share/ob_tablet_meta_table_compaction_operator.cpp	ObTabletMetaTableCompactionOperator::get_status	line 48: ret != OB_ENTRY_NOT_EXIST	LOOKUP_OUTCOME	if !matches!(ret, Err(OB_ENTRY_NOT_EXIST)) {} inside the failure branch of if ob_fail!(ret = storage.get_max_report_scn_and_status(..)), on the local ret, an ObResult, in the local-ret form (s2-errors.md 2.3); the empty branch stays (s2-errors.md 2.3), and OB_ENTRY_NOT_EXIST stays in ret and is returned for the caller to test (s2-errors.md 2.4 rule 1). ObSQLiteConnection::query keeps answering OB_ENTRY_NOT_EXIST when its query returns no row, never an Option or a bool (s2-errors.md 2.4 rules 1 and 2).	sweep: ret-compare.tsv:1890 (data row 1889). Producer: storage.get_max_report_scn_and_status(..) at ob_tablet_meta_table_compaction_operator.cpp:45, an inline forward to get_report_scn_and_status (src/share/tablet/ob_tablet_meta_table_storage.h:77-82), which reads the tablet's row of __all_tablet_meta_table by tablet_id from the SQLite meta database (src/share/tablet/ob_tablet_meta_table_storage.cpp:364-367, :383) and keeps the query's OB_ENTRY_NOT_EXIST for no row (src/share/tablet/ob_tablet_meta_table_storage.cpp:384-386; src/share/storage/ob_sqlite_connection.cpp:405-407). Holder: the local ret (ob_tablet_meta_table_compaction_operator.cpp:33). Code's branch: empty (ob_tablet_meta_table_compaction_operator.cpp:48-49); the code stays in ret, ret_info stays reset (ob_tablet_meta_table_compaction_operator.cpp:34), and the code is returned (ob_tablet_meta_table_compaction_operator.cpp:57). Escapes: ObMediumCompactionScheduleFunc::get_status_from_inner_table reads it as the tablet's first medium schedule, resets ret and sets the status idle (src/storage/compaction/ob_medium_compaction_func.cpp:244-248); git grep -n 'ObTabletMetaTableCompactionOperator::get_status' 834bbee1e -- src finds no other caller.	confirmed
src/share/ob_tablet_meta_table_compaction_operator.cpp	ObTabletMetaTableCompactionOperator::inner_range_scan_for_compaction	line 383: ret != OB_ITER_END	END_OF_DATA	if !matches!(ret, Err(OB_ITER_END)) {} else { ret = Ok(()); max_tablet_id = ObTabletID(INT64_MAX); } inside the failure branch of else if ob_fail!(ret = Self::inner_get_max_tablet_id_in_range(..)), on the local ret, an ObResult, in the local-ret form (s2-errors.md 2.3); the empty branch, the reset and the default end id keep the C++ order (s2-errors.md 2.3, 2.4 rule 1). The storage keeps answering OB_ITER_END when fewer than batch_size tablets follow start_tablet_id, never an Option or a bool (s2-errors.md 2.4 rule 1).	sweep: ret-compare.tsv:1891 (data row 1890). Producer: inner_get_max_tablet_id_in_range at ob_tablet_meta_table_compaction_operator.cpp:381-382, which passes on (ob_tablet_meta_table_compaction_operator.cpp:414-416; ret-compare.tsv:1892) the code of the storage: ObTabletMetaTableStorage::get_max_tablet_id_in_range turns its query's OB_ENTRY_NOT_EXIST into OB_ITER_END, commented 'No more tablets' (src/share/tablet/ob_tablet_meta_table_storage.cpp:756-758), when no batch_size-th tablet follows start_tablet_id (src/share/tablet/ob_tablet_meta_table_storage.cpp:734-739): the producer uses OB_ITER_END for 'the rest fits in one batch', not for an exhausted iterator. Holder: the local ret (ob_tablet_meta_table_compaction_operator.cpp:374). Code's branch: ret = OB_SUCCESS and max_tablet_id = ObTabletID(INT64_MAX) (ob_tablet_meta_table_compaction_operator.cpp:385-386), so the range scan runs to the last tablet (ob_tablet_meta_table_compaction_operator.cpp:389-392); the code never leaves the site. Other codes take the empty branch (ob_tablet_meta_table_compaction_operator.cpp:383-384) and are returned (ob_tablet_meta_table_compaction_operator.cpp:399).	confirmed
src/share/ob_tablet_meta_table_compaction_operator.cpp	ObTabletMetaTableCompactionOperator::inner_get_max_tablet_id_in_range	line 415: ret != OB_ITER_END	END_OF_DATA	if !matches!(ret, Err(OB_ITER_END)) {} inside the failure branch of else if ob_fail!(ret = storage.get_max_tablet_id_in_range(..)), on the local ret, an ObResult, in the local-ret form (s2-errors.md 2.3); the empty branch stays (s2-errors.md 2.3), and OB_ITER_END stays in ret and is returned (s2-errors.md 2.4 rule 1). The storage keeps answering OB_ITER_END when fewer than batch_size tablets follow start_tablet_id, never an Option or a bool (s2-errors.md 2.4 rule 1).	sweep: ret-compare.tsv:1892 (data row 1891). Producer: storage.get_max_tablet_id_in_range(start_tablet_id, batch_size, end_tablet_id) at ob_tablet_meta_table_compaction_operator.cpp:414: ObTabletMetaTableStorage::get_max_tablet_id_in_range turns its query's OB_ENTRY_NOT_EXIST into OB_ITER_END, commented 'No more tablets' (src/share/tablet/ob_tablet_meta_table_storage.cpp:756-758), when no batch_size-th tablet follows start_tablet_id (src/share/tablet/ob_tablet_meta_table_storage.cpp:734-739): the producer uses OB_ITER_END for 'the rest fits in one batch', not for an exhausted iterator. Holder: the local ret (ob_tablet_meta_table_compaction_operator.cpp:408). Code's branch: nothing: the body is empty (ob_tablet_meta_table_compaction_operator.cpp:415-416) and no else follows; the code is returned (ob_tablet_meta_table_compaction_operator.cpp:419). Escapes: git grep -n inner_get_max_tablet_id_in_range 834bbee1e -- src finds one call, in inner_range_scan_for_compaction, which turns the code into a scan to the last tablet (ob_tablet_meta_table_compaction_operator.cpp:381-386; ret-compare.tsv:1891).	confirmed
src/share/ob_telemetry.cpp	get_telemetry_podman_runtime_id	line 724: ret == OB_ENTRY_NOT_EXIST	LOOKUP_OUTCOME	while matches!(ret, Err(OB_ENTRY_NOT_EXIST)) && line_begin < content_len { .. } on the local ret, declared let mut ret: ObResult = Err(OB_ENTRY_NOT_EXIST) as the C++ declares it (s2-errors.md 2.2 rule 5), in the local-ret form (s2-errors.md 2.3), the condition evaluated each round (RULEBOOK section 0); the function sits in the #[cfg(any(target_os = "linux", target_os = "android"))] arm that its #if gives (RULEBOOK 2.3, the platform #if row). OB_ENTRY_NOT_EXIST stays the 'no id line' answer returned to the caller, never an Option or a bool (s2-errors.md 2.4 rule 1).	sweep: ret-compare.tsv:1893 (data row 1892). Producer: the function itself: ret starts as OB_ENTRY_NOT_EXIST (ob_telemetry.cpp:713), meaning no id= line was found yet, and only a line whose key is id changes it, to OB_SUCCESS for a 64-digit hex id or OB_INVALID_ARGUMENT otherwise (ob_telemetry.cpp:738-770): a lookup of the id entry of /run/.containerenv (ob_telemetry.cpp:720-721). Holder: the local ret (ob_telemetry.cpp:713). Code's branch: the loop body reads the next line (ob_telemetry.cpp:725-772); each round looks at a new line, so the loop is a search, not a retry of one step. When no line has the key, the loop ends at the end of the content and OB_ENTRY_NOT_EXIST is returned (ob_telemetry.cpp:779). Escapes: get_telemetry_container_scope_id keeps it in podman_ret and treats it, like OB_FILE_NOT_EXIST, as 'no Podman id' without a warning (ob_telemetry.cpp:842-852; ret-compare.tsv:1895). The function is under #if defined(__linux__) || defined(__ANDROID__) (ob_telemetry.cpp:455, :794).	confirmed
src/share/ob_telemetry.cpp	get_telemetry_container_scope_id	line 823: other variable systemd_file_ret != OB_FILE_NOT_EXIST	LOOKUP_OUTCOME	if !matches!(systemd_file_ret, Err(OB_FILE_NOT_EXIST)) { <the WARN log> } in the else of if systemd_file_ret.is_ok(), systemd_file_ret a local ObResult, since it holds only codes (s2-errors.md 2.2 rule 5), in a function in the local-ret form (s2-errors.md 2.3); the log call takes the function's ret in scope on the C++ line, not systemd_file_ret (s2-errors.md 2.5 rule 1). The code dies unread as in C++, nothing replacing the test with ok() or let _ = (s2-errors.md 2.4 rule 1; 2.12 items 2 and 3); the function sits in the #[cfg(any(target_os = "linux", target_os = "android"))] arm that its #if gives (RULEBOOK 2.3, the platform #if row). The file reader keeps answering OB_FILE_NOT_EXIST for a missing file, never an Option or a bool (s2-errors.md 2.4 rule 1).	sweep: ret-compare.tsv:1894 (data row 1893). Producer: read_telemetry_uuid_file("/run/host/container-uuid", ..) at ob_telemetry.cpp:818-819, which answers OB_FILE_NOT_EXIST when fopen fails with ENOENT (ob_telemetry.cpp:412-413): the code says no file of that name is there. Holder: the local const int systemd_file_ret (ob_telemetry.cpp:818), read only at ob_telemetry.cpp:820 and here. Code's branch: nothing: a missing file is not logged (ob_telemetry.cpp:823-825); every failing code then tries the container_uuid environment variable (ob_telemetry.cpp:826-836), and systemd_file_ret is not read again, so the code never leaves the site. The code is under #if defined(__linux__) || defined(__ANDROID__) (ob_telemetry.cpp:817, :910).	confirmed
src/share/ob_telemetry.cpp	get_telemetry_container_scope_id	line 850: other variable podman_ret != OB_FILE_NOT_EXIST; other variable podman_ret != OB_ENTRY_NOT_EXIST	LOOKUP_OUTCOME	} else if !matches!(podman_ret, Err(OB_FILE_NOT_EXIST)) && !matches!(podman_ret, Err(OB_ENTRY_NOT_EXIST)) { <the WARN log> }, each != its own !matches! joined as the C++ joins them (s2-errors.md 2.3's table), podman_ret a local ObResult, since it holds only codes (s2-errors.md 2.2 rule 5), in a function in the local-ret form (s2-errors.md 2.3); the log takes the function's ret in scope on the C++ line (s2-errors.md 2.5 rule 1). Both codes die unread as in C++ (s2-errors.md 2.4 rule 1); the function sits in the #[cfg(any(target_os = "linux", target_os = "android"))] arm that its #if gives (RULEBOOK 2.3, the platform #if row).	sweep: ret-compare.tsv:1895 (data row 1894). Producer: get_telemetry_podman_runtime_id(..) at ob_telemetry.cpp:842-843, which answers OB_FILE_NOT_EXIST when /run/.containerenv is missing (ob_telemetry.cpp:720-721, :692-693, :774-775) and OB_ENTRY_NOT_EXIST when the file has no id= line (ob_telemetry.cpp:713, :724; ret-compare.tsv:1893): both say an entry of that name is not there, so both codes take value 9. Holder: the local const int podman_ret (ob_telemetry.cpp:842), read only at ob_telemetry.cpp:844 and here. Code's branch: nothing: neither code is logged (ob_telemetry.cpp:850-852); podman_ret is not read again, and the function goes on to the cgroup files with its ret untouched (ob_telemetry.cpp:857-862), so the code never leaves the site. The code is under #if defined(__linux__) || defined(__ANDROID__) (ob_telemetry.cpp:817, :910).	confirmed
src/share/ob_telemetry.cpp	report_telemetry	line 1479: other variable read_ret == OB_FILE_NOT_EXIST; ret == OB_ENTRY_NOT_EXIST	LOOKUP_OUTCOME	if matches!(read_ret, Err(OB_FILE_NOT_EXIST)) || (read_ret.is_ok() && matches!(ret, Err(OB_ENTRY_NOT_EXIST))) { .. } as the C++ writes the condition, each comparison its own matches! on its holder (s2-errors.md 2.3's table): read_ret is a local ObResult, since it holds only codes (s2-errors.md 2.2 rule 5), and ret is the local ret in the local-ret form (s2-errors.md 2.3). The branch's generate, write and parse keep the C++ order, and the test stays under the guard on report_mutex, where the C++ has it (vocabulary section 5, Locks).	sweep: ret-compare.tsv:1896 (data row 1895). Producer: read_ret = read_telemetry_file(..) at ob_telemetry.cpp:1473, which answers OB_FILE_NOT_EXIST when fopen of the telemetry file fails with ENOENT (ob_telemetry.cpp:1314-1316); ret = parse_telemetry_file(..) at ob_telemetry.cpp:1475, which answers OB_ENTRY_NOT_EXIST when the JSON has neither createdAtUs nor sent, the older file format (ob_telemetry.cpp:1353-1354, :1358-1360). Both say an item of that name is not there. Holder: read_ret, a const int local (ob_telemetry.cpp:1473), and the local ret (ob_telemetry.cpp:1464), which also receives read_ret's code (ob_telemetry.cpp:1477). Code's branch: the function writes a new telemetry file: it generates the JSON, writes it and parses it back (ob_telemetry.cpp:1482-1486), the first call overwriting ret, so neither code leaves the site. The whole function runs under report_mutex (ob_telemetry.cpp:1467-1468). Consumer: TelemetryTask::report returns report_telemetry's code (src/observer/ob_service.cpp:141-145).	confirmed
src/share/ob_time_zone_info_manager.cpp	ObTimeZoneInfoManager::fetch_time_zone_info	line 118: ret == OB_ITER_END	END_OF_DATA	if matches!(ret, Err(OB_ITER_END)) { ret = Ok(()); } else { } inside the failure branch of else if ob_fail!(ret = result.next()), on the local ret, an ObResult, in the local-ret form (s2-errors.md 2.3); the reset and the empty else stay (s2-errors.md 2.3, 2.4 rule 1). The inner SQL result keeps ending with Err(OB_ITER_END), never an Option or a bool, and keeps that code at its boundary until parity (s2-errors.md 2.4 rules 1 and 2; ARCHITECTURE.md section 17 default 6).	sweep: ret-compare.tsv:1897 (data row 1896). Producer: result->next() at ob_time_zone_info_manager.cpp:117, the first row of FETCH_LATEST_TZ_VERSION_SQL (ob_time_zone_info_manager.cpp:114); ObMySQLResult::next is pure virtual (src/oblib/common/mysqlclient/ob_mysql_result.h:1560), and its one implementation in src, ObInnerSQLResult::next (grep -rnE 'public +([a-z:]*::)?ObMySQLResult\b' src prints only src/observer/ob_inner_sql_result.h:42), answers OB_ITER_END once the rows are used up (src/observer/ob_inner_sql_result.cpp:207-208, :216). Holder: the local ret (ob_time_zone_info_manager.cpp:107). Code's branch: ret = OB_SUCCESS, commented that timezone_version is not in __all_sys_stat while an upgrade is under way (ob_time_zone_info_manager.cpp:119-120): here OB_ITER_END means the version row is absent; current_tz_version stays -1 and the refresh runs with it (ob_time_zone_info_manager.cpp:110, :135). The code never leaves the site. Other codes take the empty else (ob_time_zone_info_manager.cpp:121-122) and are returned (ob_time_zone_info_manager.cpp:139).	confirmed
src/share/ob_time_zone_info_manager.cpp	ObTimeZoneInfoManager::fill_tz_info_map	line 342: ret == OB_ERR_NULL_VALUE	LOOKUP_OUTCOME	if matches!(ret, Err(OB_ERR_NULL_VALUE)) { ret = Ok(()); is_tran_time_null = true; } else { } inside the failure branch of if ob_fail!(ret = result.get_int("transition_time", &mut int_value)), on the local ret, an ObResult, in the local-ret form (s2-errors.md 2.3); the reset, the flag and the empty else stay in the C++ order (s2-errors.md 2.3, 2.4 rule 1). The inner SQL result's column getter keeps answering OB_ERR_NULL_VALUE for a NULL cell, never an Option or a bool (s2-errors.md 2.4 rules 1 and 2).	sweep: ret-compare.tsv:1898 (data row 1897). Producer: result.get_int("transition_time", int_value) at ob_time_zone_info_manager.cpp:340, a result-set column getter by name; ObMySQLResult's one implementation in src, ObInnerSQLResult (grep -rnE 'public +([a-z:]*::)?ObMySQLResult\b' src prints only src/observer/ob_inner_sql_result.h:42), answers OB_ERR_NULL_VALUE for a NULL cell: get_int by name finds the column's index and calls get_int by index (src/observer/ob_inner_sql_result.cpp:492, :501, :509), which reads the cell through get_obj (src/observer/ob_inner_sql_result.cpp:378, :382), whose check_extend_value sets the code (src/observer/ob_inner_sql_result.cpp:617, :38-39). Holder: the local ret (ob_time_zone_info_manager.cpp:313). Code's branch: ret = OB_SUCCESS and is_tran_time_null = true, commented 'is NULL transition time' (ob_time_zone_info_manager.cpp:341-344): the type of this row is kept in types_with_null only and not added as a transition (ob_time_zone_info_manager.cpp:400-401); the code never leaves the site. Other codes take the empty else (ob_time_zone_info_manager.cpp:345-346) and end the row loop (ob_time_zone_info_manager.cpp:324).	confirmed
src/share/ob_time_zone_info_manager.cpp	ObTimeZoneInfoManager::fill_tz_info_map	line 389: ret == OB_ERR_UNKNOWN_TIME_ZONE	IGNORED	} else if ob_fail!(ret = tz_info_map.get_tz_info_by_name(tz_name_str, ..)) { if matches!(ret, Err(OB_ERR_UNKNOWN_TIME_ZONE)) { ret = Ok(()); } else { } } on the local ret, an ObResult, in the local-ret form (s2-errors.md 2.3); the reset and the empty else stay at the same place, and nothing replaces the test with ok() or let _ = (s2-errors.md 2.4 rule 1; 2.12 items 2 and 3).	sweep: ret-compare.tsv:1899 (data row 1898). Producer: tz_info_map.get_tz_info_by_name(tz_name_str, stored_tz_info) at ob_time_zone_info_manager.cpp:388, the pointer overload of ObTZInfoMap::get_tz_info_by_name, which renames its name map's OB_ENTRY_NOT_EXIST to OB_ERR_UNKNOWN_TIME_ZONE (src/oblib/common/timezone/ob_timezone_info.cpp:39801, :39804-39805): the zone name is not in the map yet. That code is not on value 9's list, so the row is not LOOKUP_OUTCOME. Holder: the local ret (ob_time_zone_info_manager.cpp:313). Code's branch: ret = OB_SUCCESS (ob_time_zone_info_manager.cpp:390), nothing else; stored_tz_info stays NULL, and set_tz_info_map later adds the new zone (ob_time_zone_info_manager.cpp:371, :411). Other codes take the empty else (ob_time_zone_info_manager.cpp:391-392).	confirmed
src/share/ob_time_zone_info_manager.cpp	ObTimeZoneInfoManager::fill_tz_info_map	line 407: ret == OB_ITER_END	END_OF_DATA	ret = if matches!(ret, Err(OB_ITER_END)) { Ok(()) } else { ret }; on the local ret after the while ret.is_ok() && ob_succ!(ret = result.next()) loop, on the local ret, an ObResult, in the local-ret form (s2-errors.md 2.3): a ternary is an if expression written as the C++ writes it, not an and (s2-errors.md 2.4 rule 4). The inner SQL result keeps ending with Err(OB_ITER_END), never an Option or a bool, and keeps that code at its boundary until parity (s2-errors.md 2.4 rules 1 and 2; ARCHITECTURE.md section 17 default 6).	sweep: ret-compare.tsv:1900 (data row 1899). Producer: result.next() at ob_time_zone_info_manager.cpp:324, the loop condition's call; ObMySQLResult::next is pure virtual (src/oblib/common/mysqlclient/ob_mysql_result.h:1560), and its one implementation in src, ObInnerSQLResult::next (grep -rnE 'public +([a-z:]*::)?ObMySQLResult\b' src prints only src/observer/ob_inner_sql_result.h:42), answers OB_ITER_END once the rows are used up (src/observer/ob_inner_sql_result.cpp:207-208, :216). Holder: the local ret (ob_time_zone_info_manager.cpp:313). Code's branch: ret = OB_SUCCESS (ob_time_zone_info_manager.cpp:407): every transition row was read, and the last zone is stored (ob_time_zone_info_manager.cpp:408-412); the code never leaves the site. Other codes skip that and are returned (ob_time_zone_info_manager.cpp:416). The same line is sweep: reset.tsv:1038 (conditional reset, ternary yields OB_SUCCESS), whose row must name the same producer and give the same Rust.	confirmed
src/share/ob_time_zone_info_manager.cpp	ObTimeZoneInfoManager::find_time_zone_info	line 424: ret == OB_ENTRY_NOT_EXIST	RENAMED	if ob_fail!(ret = self.tz_info_map_.get_tz_info_by_name(tz_name, tz_info)) { if matches!(ret, Err(OB_ENTRY_NOT_EXIST)) { ret = Err(OB_ERR_UNKNOWN_TIME_ZONE); } } on the local ret, an ObResult, in the local-ret form (s2-errors.md 2.3): the rename at the same place, never map_err or if let Err (s2-errors.md 2.4 rule 3; 2.15 item 7); the test stays though the code cannot arrive (vocabulary section 3, item 3).	sweep: ret-compare.tsv:1901 (data row 1900). Producer: tz_info_map_.get_tz_info_by_name(tz_name, tz_info) at ob_time_zone_info_manager.cpp:423, the reference overload of ObTZInfoMap::get_tz_info_by_name, which renames the OB_ENTRY_NOT_EXIST of its name map and of get_tz_info_by_id to OB_ERR_UNKNOWN_TIME_ZONE before it returns (src/oblib/common/timezone/ob_timezone_info.cpp:39767-39768, :39772-39773), so no statement of the producer lets OB_ENTRY_NOT_EXIST reach this test; the row takes what the branch would do. Holder: the local ret (ob_time_zone_info_manager.cpp:422). Code's branch: ret = OB_ERR_UNKNOWN_TIME_ZONE (ob_time_zone_info_manager.cpp:425), the code the map already gives for a missing name. Escapes: the callers receive OB_ERR_UNKNOWN_TIME_ZONE for a missing name: ObScheduledJobUtils::get_time_zone_offset (src/share/ob_scheduled_job_utils.cpp:62), the session's time zone setting (src/sql/session/ob_basic_session_info.cpp:4777, :4824) and the system variable check (src/sql/session/ob_system_variable.cpp:1300).	confirmed
src/share/object/ob_obj_cast.cpp	get_cast_ret	line 430: ret == OB_ERR_UNEXPECTED_TZ_TRANSITION	RENAMED	fn get_cast_ret(cast_mode: ObCastMode, mut ret: ObResult, warning: &mut ObResult) -> ObResult { if matches!(ret, Err(OB_ERR_UNEXPECTED_TZ_TRANSITION | OB_ERR_UNKNOWN_TIME_ZONE)) { ret = Err(OB_INVALID_DATE_VALUE); } else if ret.is_err() && cm_is_warn_on_fail(cast_mode) { *warning = ret; ret = Ok(()); } ret }, s2-errors.md 2.4 rule 7's own example: the by-value int ret parameter is a mut ObResult and int &warning an &mut ObResult (s2-errors.md 2.2 rules 2 and 5), the || of the two == tests one matches! with its OB_UNLIKELY dropped (s2-errors.md 2.3's table; RULEBOOK 2.3), and the rename stays at its place, never map_err (s2-errors.md 2.4 rule 3). The OB_INLINE function has fixed types and stays an #[inline] fn (RULEBOOK 2.3). This row is the OB_ERR_UNEXPECTED_TZ_TRANSITION alternative.	sweep: ret-compare.tsv:1902 (data row 1901). Producer: the stmt that CAST_FAIL and CAST_RET pass in, a cast step's code (ob_obj_cast.cpp:442-446); the time zone conversions set OB_ERR_UNEXPECTED_TZ_TRANSITION for a local time in a daylight-saving gap, or in an overlap that must be an error (src/oblib/common/timezone/ob_timezone_info.cpp:39513-39514, :39517-39518), and str_to_datetime sets it for a string with a time zone part that a datetime cannot take (src/oblib/common/timezone/ob_time_convert.cpp:473-479). Holder: the by-value parameter ret, which holds only codes (ob_obj_cast.cpp:426). Code's branch: ret = OB_INVALID_DATE_VALUE (ob_obj_cast.cpp:432), commented as compatibility for old OB, so the code is never reported and never moved into the warning, even in warn-on-fail mode (ob_obj_cast.cpp:433-437). Escapes: get_cast_ret returns it (ob_obj_cast.cpp:439) to CAST_FAIL and CAST_RET, which store it in the cast's ret (ob_obj_cast.cpp:442-446), and the cast functions of this file return it as an error.	confirmed
src/share/object/ob_obj_cast.cpp	get_cast_ret	line 431: ret == OB_ERR_UNKNOWN_TIME_ZONE	RENAMED	fn get_cast_ret(cast_mode: ObCastMode, mut ret: ObResult, warning: &mut ObResult) -> ObResult { if matches!(ret, Err(OB_ERR_UNEXPECTED_TZ_TRANSITION | OB_ERR_UNKNOWN_TIME_ZONE)) { ret = Err(OB_INVALID_DATE_VALUE); } else if ret.is_err() && cm_is_warn_on_fail(cast_mode) { *warning = ret; ret = Ok(()); } ret }, s2-errors.md 2.4 rule 7's own example: the by-value int ret parameter is a mut ObResult and int &warning an &mut ObResult (s2-errors.md 2.2 rules 2 and 5), the || of the two == tests one matches! with its OB_UNLIKELY dropped (s2-errors.md 2.3's table; RULEBOOK 2.3), and the rename stays at its place, never map_err (s2-errors.md 2.4 rule 3). The OB_INLINE function has fixed types and stays an #[inline] fn (RULEBOOK 2.3). This row is the OB_ERR_UNKNOWN_TIME_ZONE alternative.	sweep: ret-compare.tsv:1903 (data row 1902). Producer: the stmt that CAST_FAIL and CAST_RET pass in, a cast step's code (ob_obj_cast.cpp:442-446); OB_ERR_UNKNOWN_TIME_ZONE comes from the time zone lookups by name (src/oblib/common/timezone/ob_timezone_info.cpp:39772-39773) and from offset parsing (src/oblib/common/timezone/ob_time_convert.cpp:1592). Holder: the by-value parameter ret, which holds only codes (ob_obj_cast.cpp:426). Code's branch: ret = OB_INVALID_DATE_VALUE (ob_obj_cast.cpp:432), commented as compatibility for old OB, so the code is never reported and never moved into the warning, even in warn-on-fail mode (ob_obj_cast.cpp:433-437). Escapes: get_cast_ret returns it (ob_obj_cast.cpp:439) to CAST_FAIL and CAST_RET, which store it in the cast's ret (ob_obj_cast.cpp:442-446), and the cast functions of this file return it as an error.	confirmed
src/share/object/ob_obj_cast.cpp	#define SET_RES_OBJ	line 452: other variable params.warning_ == OB_ERR_TRUNCATED_WRONG_VALUE	BECOMES_WARNING	SET_RES_OBJ pastes set_##func_val and takes a comma argument, so it becomes the lowercase macro_rules! set_res_obj! (RULEBOOK 2.3, the function-like macro row), whose body reaches the use site's ret, params.warning_ and cast_mode only through parameters (s2-errors.md 2.3). The warning holder params.warning_ is an ObResult (s2-errors.md 2.2 rule 5 names the casts' warning), so the test is params.warning_.is_ok() || matches!(params.warning_, Err(OB_ERR_TRUNCATED_WRONG_VALUE | OB_DATA_OUT_OF_RANGE | OB_ERR_DATA_TRUNCATED | OB_ERR_DOUBLE_TRUNCATED | OB_ERR_TRUNCATED_WRONG_VALUE_FOR_FIELD)), the OB_SUCCESS term is_ok() and the == terms one pattern (s2-errors.md 2.3's table), with its branch as the C++ writes it: the value, the zero value under CM_IS_ZERO_ON_WARN, or NULL, inside the do { } while (0) as a plain block (vocabulary section 5, BECOMES_WARNING). This row is its OB_ERR_TRUNCATED_WRONG_VALUE alternative.	sweep: ret-compare.tsv:1904 (data row 1903). Producer: at the uses of the macro (vocabulary section 5, Macro bodies): the warning a cast step left in params.warning_, which get_cast_ret moves there in warn-on-fail mode (ob_obj_cast.cpp:433-437) and some casts set directly (ob_obj_cast.cpp:1812, :6173). Holder: params.warning_, the int warning_ of ObObjCastParams (src/share/object/ob_obj_cast.h:282), set to OB_SUCCESS by each constructor (src/share/object/ob_obj_cast.h:175, :198, :227) and written only with codes; grep -n 'SERIALIZ\|OB_UNIS' src/share/object/ob_obj_cast.h prints nothing, so it is neither sent nor stored and is an ObResult. Code's branch: the holder is itself the casts' warning holder (vocabulary value 6): a result whose warning is OB_ERR_TRUNCATED_WRONG_VALUE, one of the truncation and range warnings, keeps its value (ob_obj_cast.cpp:451-457); any other warning gives the zero value in zero-on-warn mode or NULL (ob_obj_cast.cpp:458-462). The warning itself stays in params.warning_ for the caller.	confirmed
src/share/object/ob_obj_cast.cpp	#define SET_RES_OBJ	line 453: other variable params.warning_ == OB_DATA_OUT_OF_RANGE	BECOMES_WARNING	SET_RES_OBJ pastes set_##func_val and takes a comma argument, so it becomes the lowercase macro_rules! set_res_obj! (RULEBOOK 2.3, the function-like macro row), whose body reaches the use site's ret, params.warning_ and cast_mode only through parameters (s2-errors.md 2.3). The warning holder params.warning_ is an ObResult (s2-errors.md 2.2 rule 5 names the casts' warning), so the test is params.warning_.is_ok() || matches!(params.warning_, Err(OB_ERR_TRUNCATED_WRONG_VALUE | OB_DATA_OUT_OF_RANGE | OB_ERR_DATA_TRUNCATED | OB_ERR_DOUBLE_TRUNCATED | OB_ERR_TRUNCATED_WRONG_VALUE_FOR_FIELD)), the OB_SUCCESS term is_ok() and the == terms one pattern (s2-errors.md 2.3's table), with its branch as the C++ writes it: the value, the zero value under CM_IS_ZERO_ON_WARN, or NULL, inside the do { } while (0) as a plain block (vocabulary section 5, BECOMES_WARNING). This row is its OB_DATA_OUT_OF_RANGE alternative.	sweep: ret-compare.tsv:1905 (data row 1904). Producer: at the uses of the macro (vocabulary section 5, Macro bodies): the warning a cast step left in params.warning_, which get_cast_ret moves there in warn-on-fail mode (ob_obj_cast.cpp:433-437) and some casts set directly (ob_obj_cast.cpp:1812, :6173). Holder: params.warning_, the int warning_ of ObObjCastParams (src/share/object/ob_obj_cast.h:282), set to OB_SUCCESS by each constructor (src/share/object/ob_obj_cast.h:175, :198, :227) and written only with codes; grep -n 'SERIALIZ\|OB_UNIS' src/share/object/ob_obj_cast.h prints nothing, so it is neither sent nor stored and is an ObResult. Code's branch: the holder is itself the casts' warning holder (vocabulary value 6): a result whose warning is OB_DATA_OUT_OF_RANGE, one of the truncation and range warnings, keeps its value (ob_obj_cast.cpp:451-457); any other warning gives the zero value in zero-on-warn mode or NULL (ob_obj_cast.cpp:458-462). The warning itself stays in params.warning_ for the caller.	confirmed
src/share/object/ob_obj_cast.cpp	#define SET_RES_OBJ	line 454: other variable params.warning_ == OB_ERR_DATA_TRUNCATED	BECOMES_WARNING	SET_RES_OBJ pastes set_##func_val and takes a comma argument, so it becomes the lowercase macro_rules! set_res_obj! (RULEBOOK 2.3, the function-like macro row), whose body reaches the use site's ret, params.warning_ and cast_mode only through parameters (s2-errors.md 2.3). The warning holder params.warning_ is an ObResult (s2-errors.md 2.2 rule 5 names the casts' warning), so the test is params.warning_.is_ok() || matches!(params.warning_, Err(OB_ERR_TRUNCATED_WRONG_VALUE | OB_DATA_OUT_OF_RANGE | OB_ERR_DATA_TRUNCATED | OB_ERR_DOUBLE_TRUNCATED | OB_ERR_TRUNCATED_WRONG_VALUE_FOR_FIELD)), the OB_SUCCESS term is_ok() and the == terms one pattern (s2-errors.md 2.3's table), with its branch as the C++ writes it: the value, the zero value under CM_IS_ZERO_ON_WARN, or NULL, inside the do { } while (0) as a plain block (vocabulary section 5, BECOMES_WARNING). This row is its OB_ERR_DATA_TRUNCATED alternative.	sweep: ret-compare.tsv:1906 (data row 1905). Producer: at the uses of the macro (vocabulary section 5, Macro bodies): the warning a cast step left in params.warning_, which get_cast_ret moves there in warn-on-fail mode (ob_obj_cast.cpp:433-437) and some casts set directly (ob_obj_cast.cpp:1812, :6173). Holder: params.warning_, the int warning_ of ObObjCastParams (src/share/object/ob_obj_cast.h:282), set to OB_SUCCESS by each constructor (src/share/object/ob_obj_cast.h:175, :198, :227) and written only with codes; grep -n 'SERIALIZ\|OB_UNIS' src/share/object/ob_obj_cast.h prints nothing, so it is neither sent nor stored and is an ObResult. Code's branch: the holder is itself the casts' warning holder (vocabulary value 6): a result whose warning is OB_ERR_DATA_TRUNCATED, one of the truncation and range warnings, keeps its value (ob_obj_cast.cpp:451-457); any other warning gives the zero value in zero-on-warn mode or NULL (ob_obj_cast.cpp:458-462). The warning itself stays in params.warning_ for the caller.	confirmed
src/share/object/ob_obj_cast.cpp	#define SET_RES_OBJ	line 455: other variable params.warning_ == OB_ERR_DOUBLE_TRUNCATED	BECOMES_WARNING	SET_RES_OBJ pastes set_##func_val and takes a comma argument, so it becomes the lowercase macro_rules! set_res_obj! (RULEBOOK 2.3, the function-like macro row), whose body reaches the use site's ret, params.warning_ and cast_mode only through parameters (s2-errors.md 2.3). The warning holder params.warning_ is an ObResult (s2-errors.md 2.2 rule 5 names the casts' warning), so the test is params.warning_.is_ok() || matches!(params.warning_, Err(OB_ERR_TRUNCATED_WRONG_VALUE | OB_DATA_OUT_OF_RANGE | OB_ERR_DATA_TRUNCATED | OB_ERR_DOUBLE_TRUNCATED | OB_ERR_TRUNCATED_WRONG_VALUE_FOR_FIELD)), the OB_SUCCESS term is_ok() and the == terms one pattern (s2-errors.md 2.3's table), with its branch as the C++ writes it: the value, the zero value under CM_IS_ZERO_ON_WARN, or NULL, inside the do { } while (0) as a plain block (vocabulary section 5, BECOMES_WARNING). This row is its OB_ERR_DOUBLE_TRUNCATED alternative.	sweep: ret-compare.tsv:1907 (data row 1906). Producer: at the uses of the macro (vocabulary section 5, Macro bodies): the warning a cast step left in params.warning_, which get_cast_ret moves there in warn-on-fail mode (ob_obj_cast.cpp:433-437) and some casts set directly (ob_obj_cast.cpp:1812, :6173). Holder: params.warning_, the int warning_ of ObObjCastParams (src/share/object/ob_obj_cast.h:282), set to OB_SUCCESS by each constructor (src/share/object/ob_obj_cast.h:175, :198, :227) and written only with codes; grep -n 'SERIALIZ\|OB_UNIS' src/share/object/ob_obj_cast.h prints nothing, so it is neither sent nor stored and is an ObResult. Code's branch: the holder is itself the casts' warning holder (vocabulary value 6): a result whose warning is OB_ERR_DOUBLE_TRUNCATED, one of the truncation and range warnings, keeps its value (ob_obj_cast.cpp:451-457); any other warning gives the zero value in zero-on-warn mode or NULL (ob_obj_cast.cpp:458-462). The warning itself stays in params.warning_ for the caller.	confirmed
src/share/object/ob_obj_cast.cpp	#define SET_RES_OBJ	line 456: other variable params.warning_ == OB_ERR_TRUNCATED_WRONG_VALUE_FOR_FIELD	BECOMES_WARNING	SET_RES_OBJ pastes set_##func_val and takes a comma argument, so it becomes the lowercase macro_rules! set_res_obj! (RULEBOOK 2.3, the function-like macro row), whose body reaches the use site's ret, params.warning_ and cast_mode only through parameters (s2-errors.md 2.3). The warning holder params.warning_ is an ObResult (s2-errors.md 2.2 rule 5 names the casts' warning), so the test is params.warning_.is_ok() || matches!(params.warning_, Err(OB_ERR_TRUNCATED_WRONG_VALUE | OB_DATA_OUT_OF_RANGE | OB_ERR_DATA_TRUNCATED | OB_ERR_DOUBLE_TRUNCATED | OB_ERR_TRUNCATED_WRONG_VALUE_FOR_FIELD)), the OB_SUCCESS term is_ok() and the == terms one pattern (s2-errors.md 2.3's table), with its branch as the C++ writes it: the value, the zero value under CM_IS_ZERO_ON_WARN, or NULL, inside the do { } while (0) as a plain block (vocabulary section 5, BECOMES_WARNING). This row is its OB_ERR_TRUNCATED_WRONG_VALUE_FOR_FIELD alternative.	sweep: ret-compare.tsv:1908 (data row 1907). Producer: at the uses of the macro (vocabulary section 5, Macro bodies): the warning a cast step left in params.warning_, which get_cast_ret moves there in warn-on-fail mode (ob_obj_cast.cpp:433-437) and some casts set directly (ob_obj_cast.cpp:1812, :6173). Holder: params.warning_, the int warning_ of ObObjCastParams (src/share/object/ob_obj_cast.h:282), set to OB_SUCCESS by each constructor (src/share/object/ob_obj_cast.h:175, :198, :227) and written only with codes; grep -n 'SERIALIZ\|OB_UNIS' src/share/object/ob_obj_cast.h prints nothing, so it is neither sent nor stored and is an ObResult. Code's branch: the holder is itself the casts' warning holder (vocabulary value 6): a result whose warning is OB_ERR_TRUNCATED_WRONG_VALUE_FOR_FIELD, one of the truncation and range warnings, keeps its value (ob_obj_cast.cpp:451-457); any other warning gives the zero value in zero-on-warn mode or NULL (ob_obj_cast.cpp:458-462). The warning itself stays in params.warning_ for the caller.	confirmed
src/share/object/ob_obj_cast.cpp	common_build_geometry	line 1479: ret == OB_ERR_GIS_INVALID_DATA	OTHER	if matches!(ret, Err(OB_ERR_GIS_INVALID_DATA)) && <cast_name is not null> { log_user_error!(OB_ERR_GIS_INVALID_DATA, cast_name); } else if .. inside the failure branch of if ob_fail!(ret = ObGeoTypeUtil::build_geometry(..)), on the local ret, an ObResult, in the local-ret form (s2-errors.md 2.3); each condition joins the code test to the null test of cast_name, so the chain stays as the C++ writes it, and the user message stays a separate statement beside the unchanged ret (s2-errors.md 2.7 rules 1 and 3). build_geometry is a geometry-island entry, whose i32 code the -sys crate turns into an ObError where it enters (s2-errors.md 2.4 rule 8).	sweep: ret-compare.tsv:1909 (data row 1908). Producer: ObGeoTypeUtil::build_geometry(..) at ob_obj_cast.cpp:1478, in the geometry island (not-translated.tsv:131), which sets OB_ERR_GIS_INVALID_DATA for a WKB whose header it cannot read or whose byte order is not little-endian (src/share/geo/ob_geo_utils.cpp:456-459). Holder: the local ret (ob_obj_cast.cpp:1476). Code's branch: with a cast name, the user error message of the same code with that name (ob_obj_cast.cpp:1480); the code stays in ret and is returned (ob_obj_cast.cpp:1495), so the branch records a message without renaming. Escapes: the geometry casts of this file pass the code on from their common_build_geometry calls (git grep -n 'common_build_geometry(' 834bbee1e -- src lists them, all in ob_obj_cast.cpp).	confirmed
src/share/object/ob_obj_cast.cpp	common_build_geometry	line 1481: ret == OB_ERR_GEOMETRY_PARAM_LONGITUDE_OUT_OF_RANGE	OTHER	} else if matches!(ret, Err(OB_ERR_GEOMETRY_PARAM_LONGITUDE_OUT_OF_RANGE)) && <cast_name is not null> { log_user_error!(OB_ERR_GEOMETRY_PARAM_LONGITUDE_OUT_OF_RANGE, cast_name, log_info.value_out_of_range_, log_info.min_long_val_, log_info.max_long_val_); } else if .. inside the failure branch of if ob_fail!(ret = ObGeoTypeUtil::build_geometry(..)), on the local ret, an ObResult, in the local-ret form (s2-errors.md 2.3); each condition joins the code test to the null test of cast_name, so the chain stays as the C++ writes it, and the user message stays a separate statement beside the unchanged ret (s2-errors.md 2.7 rules 1 and 3). build_geometry is a geometry-island entry, whose i32 code the -sys crate turns into an ObError where it enters (s2-errors.md 2.4 rule 8).	sweep: ret-compare.tsv:1910 (data row 1909). Producer: ObGeoTypeUtil::build_geometry(..) at ob_obj_cast.cpp:1478, in the geometry island (not-translated.tsv:131), whose flags GEO_ALLOW_3D_DEFAULT include GEO_CHECK_RANGE and GEO_NORMALIZE (src/share/geo/ob_geo_utils.h:50-51), so it checks the coordinates as a parameter (src/share/geo/ob_geo_utils.cpp:521) and sets OB_ERR_GEOMETRY_PARAM_LONGITUDE_OUT_OF_RANGE with the limits in log_info (src/share/geo/ob_geo_utils.cpp:677-684). Holder: the local ret (ob_obj_cast.cpp:1476). Code's branch: with a cast name, the user error message of the same code with the cast name, the value and the longitude limits from log_info (ob_obj_cast.cpp:1482-1486); the code stays in ret and is returned (ob_obj_cast.cpp:1495), so the branch records a message without renaming. Escapes: the geometry casts of this file pass the code on from their common_build_geometry calls (git grep -n 'common_build_geometry(' 834bbee1e -- src lists them, all in ob_obj_cast.cpp).	confirmed
src/share/object/ob_obj_cast.cpp	common_build_geometry	line 1487: ret == OB_ERR_GEOMETRY_PARAM_LATITUDE_OUT_OF_RANGE	OTHER	} else if matches!(ret, Err(OB_ERR_GEOMETRY_PARAM_LATITUDE_OUT_OF_RANGE)) && <cast_name is not null> { log_user_error!(OB_ERR_GEOMETRY_PARAM_LATITUDE_OUT_OF_RANGE, cast_name, log_info.value_out_of_range_, log_info.min_lat_val_, log_info.max_lat_val_); } inside the failure branch of if ob_fail!(ret = ObGeoTypeUtil::build_geometry(..)), on the local ret, an ObResult, in the local-ret form (s2-errors.md 2.3); each condition joins the code test to the null test of cast_name, so the chain stays as the C++ writes it, and the user message stays a separate statement beside the unchanged ret (s2-errors.md 2.7 rules 1 and 3). build_geometry is a geometry-island entry, whose i32 code the -sys crate turns into an ObError where it enters (s2-errors.md 2.4 rule 8).	sweep: ret-compare.tsv:1911 (data row 1910). Producer: ObGeoTypeUtil::build_geometry(..) at ob_obj_cast.cpp:1478, in the geometry island (not-translated.tsv:131), whose flags GEO_ALLOW_3D_DEFAULT include GEO_CHECK_RANGE and GEO_NORMALIZE (src/share/geo/ob_geo_utils.h:50-51), so it checks the coordinates as a parameter (src/share/geo/ob_geo_utils.cpp:521) and sets OB_ERR_GEOMETRY_PARAM_LATITUDE_OUT_OF_RANGE with the limits in log_info (src/share/geo/ob_geo_utils.cpp:693-700). Holder: the local ret (ob_obj_cast.cpp:1476). Code's branch: with a cast name, the user error message of the same code with the cast name, the value and the latitude limits from log_info (ob_obj_cast.cpp:1488-1492); the code stays in ret and is returned (ob_obj_cast.cpp:1495), so the branch records a message without renaming. Escapes: the geometry casts of this file pass the code on from their common_build_geometry calls (git grep -n 'common_build_geometry(' 834bbee1e -- src lists them, all in ob_obj_cast.cpp).	confirmed
src/share/object/ob_obj_cast.cpp	datetime_datetime	line 3657: ret == OB_ERR_UNEXPECTED_TZ_TRANSITION	RENAMED	ret = if matches!(ret, Err(OB_ERR_UNEXPECTED_TZ_TRANSITION)) { Err(OB_INVALID_DATE_VALUE) } else { ret }; right after the conversion's ret = .., on the local ret, an ObResult, in the local-ret form (s2-errors.md 2.3): a ternary is an if expression written as the C++ writes it, not an and, and the rename stays at its place, never map_err (s2-errors.md 2.4 rules 3 and 4).	sweep: ret-compare.tsv:1912 (data row 1911). Producer: ret = ObTimeConverter::datetime_to_timestamp(..) at ob_obj_cast.cpp:3656, which subtracts the session time zone's offset (src/oblib/common/timezone/ob_time_convert.cpp:1158-1163); ObTimeZoneInfoPos::get_timezone_sub_offset answers OB_ERR_UNEXPECTED_TZ_TRANSITION for a local time in a daylight-saving gap, or in an overlap that must be an error (src/oblib/common/timezone/ob_timezone_info.cpp:39513-39514, :39517-39518). Holder: the local ret (ob_obj_cast.cpp:3647). Code's branch: ret takes OB_INVALID_DATE_VALUE (ob_obj_cast.cpp:3657), so the site never reports OB_ERR_UNEXPECTED_TZ_TRANSITION. Escapes: the renamed code skips the set of the result (ob_obj_cast.cpp:3662-3665) and datetime_datetime returns it (ob_obj_cast.cpp:3669) to the cast dispatch of this file.	confirmed
src/share/object/ob_obj_cast.cpp	mdatetime_datetime	line 3688: ret == OB_ERR_UNEXPECTED_TZ_TRANSITION	RENAMED	ret = if matches!(ret, Err(OB_ERR_UNEXPECTED_TZ_TRANSITION)) { Err(OB_INVALID_DATE_VALUE) } else { ret }; right after the conversion's ret = .., on the local ret, an ObResult, in the local-ret form (s2-errors.md 2.3): a ternary is an if expression written as the C++ writes it, not an and, and the rename stays at its place, never map_err (s2-errors.md 2.4 rules 3 and 4).	sweep: ret-compare.tsv:1913 (data row 1912). Producer: ret = ObTimeConverter::mdatetime_to_timestamp(..) at ob_obj_cast.cpp:3686-3687, which subtracts the session time zone's offset (src/oblib/common/timezone/ob_time_convert.cpp:1168-1176); ObTimeZoneInfoPos::get_timezone_sub_offset answers OB_ERR_UNEXPECTED_TZ_TRANSITION for a local time in a daylight-saving gap, or in an overlap that must be an error (src/oblib/common/timezone/ob_timezone_info.cpp:39513-39514, :39517-39518). Holder: the local ret (ob_obj_cast.cpp:3676). Code's branch: ret takes OB_INVALID_DATE_VALUE (ob_obj_cast.cpp:3688), so the site never reports OB_ERR_UNEXPECTED_TZ_TRANSITION. Escapes: the renamed code then goes through CAST_FAIL (ob_obj_cast.cpp:3693), where get_cast_ret moves it into params.warning_ in warn-on-fail mode and returns it otherwise (ob_obj_cast.cpp:433-439); mdatetime_datetime returns the result (ob_obj_cast.cpp:3700).	confirmed
src/share/object/ob_obj_cast.cpp	datetime_mdatetime	line 3717: ret == OB_ERR_UNEXPECTED_TZ_TRANSITION	RENAMED	ret = if matches!(ret, Err(OB_ERR_UNEXPECTED_TZ_TRANSITION)) { Err(OB_INVALID_DATE_VALUE) } else { ret }; right after the conversion's ret = .., on the local ret, an ObResult, in the local-ret form (s2-errors.md 2.3): a ternary is an if expression written as the C++ writes it, not an and, and the rename stays at its place, never map_err (s2-errors.md 2.4 rules 3 and 4).	sweep: ret-compare.tsv:1914 (data row 1913). Producer: ret = ObTimeConverter::datetime_to_mdatetime(..) at ob_obj_cast.cpp:3716, which converts with no time zone (src/oblib/common/timezone/ob_time_convert.cpp:1242-1252): datetime_to_ob_time gets a NULL zone, so add_timezone_offset changes nothing (src/oblib/common/timezone/ob_time_convert.cpp:2742, :4428), and grep -n OB_ERR_UNEXPECTED_TZ_TRANSITION src/oblib/common/timezone/ob_time_convert.cpp prints only the string parsers' lines (src/oblib/common/timezone/ob_time_convert.cpp:479, :500). So no statement of the producer sets the code, and the row takes what the branch would do (vocabulary section 3, item 3); the test stays. Holder: the local ret (ob_obj_cast.cpp:3707). Code's branch: ret would take OB_INVALID_DATE_VALUE (ob_obj_cast.cpp:3717). Escapes: a renamed code would skip the set of the result (ob_obj_cast.cpp:3723-3726) and be returned by datetime_mdatetime (ob_obj_cast.cpp:3730).	confirmed
src/share/object/ob_obj_cast.cpp	string_double	line 5725: ret == OB_ERR_DATA_TRUNCATED	PASSED_ON	if cm_is_column_convert(cast_mode) && matches!(ret, Err(OB_ERR_DATA_TRUNCATED)) {} else { ret = Err(OB_ERR_DOUBLE_TRUNCATED); } inside the failure branch of } else if ob_fail!(ret = check_convert_str_err(..)) {, the one form of OB_SUCCESS != (ret = x) (s2-errors.md 2.3's table), on the local ret, an ObResult, in the local-ret form (s2-errors.md 2.3); the empty branch stays with its C++ comment dropped (s2-errors.md 2.3), and the warn-on-fail block and CAST_FAIL after it keep the C++ order.	sweep: ret-compare.tsv:1915 (data row 1914). Producer: ret = check_convert_str_err(..) at ob_obj_cast.cpp:5723-5724, assigned inside the test, which sets OB_ERR_DATA_TRUNCATED when characters are left after the number (ob_obj_cast.cpp:377-378). Holder: the local ret (ob_obj_cast.cpp:5692). Code's branch: nothing: the if body is empty, commented as keeping OB_ERR_DATA_TRUNCATED in column convert for MySQL compatibility (ob_obj_cast.cpp:5725-5726), so in column-convert mode the code is exempted from the rename to OB_ERR_DOUBLE_TRUNCATED that the other codes get (ob_obj_cast.cpp:5727-5729). Where the code goes: the next statements treat every code alike: in warn-on-fail mode ret becomes OB_ERR_DOUBLE_TRUNCATED with its user warning (ob_obj_cast.cpp:5730-5733), then CAST_FAIL moves ret into params.warning_ in warn-on-fail mode or keeps it (ob_obj_cast.cpp:5739; :433-439), and string_double returns it (ob_obj_cast.cpp:5746).	confirmed
src/share/object/ob_obj_cast.cpp	string_number	line 5780: ret == OB_NUMERIC_OVERFLOW	OTHER	if matches!(ret, Err(OB_NUMERIC_OVERFLOW)) { .. } else if .. right after ret = value.from_sci_opt(..), on the local ret, an ObResult, in the local-ret form (s2-errors.md 2.3); the branch as the C++ writes it: it keeps the code in ret, sets value to the type's bound by the sign, and drops its own tmp_ret as the C++ does (RULEBOOK section 0; s2-errors.md 2.4 rules 1 and 4).	sweep: ret-compare.tsv:1916 (data row 1915). Producer: ret = value.from_sci_opt(..) at ob_obj_cast.cpp:5776, which parses with from_sci when the string has an exponent (src/oblib/common/number/ob_number_v2.h:1546-1547); ObNumber::from_sci_ sets OB_NUMERIC_OVERFLOW when the exponent and the digits pass MAX_SCI_SIZE (src/oblib/common/number/ob_number_v2.cpp:348-349). Holder: the local ret (ob_obj_cast.cpp:5752). Code's branch: a default value: as MySQL does (the comment cites bug 4263211), value becomes the maximum or minimum of the type's default precision by the sign of the string (ob_obj_cast.cpp:5781-5797), the bound's own copy code dropped in tmp_ret; the code stays in ret. Where the code goes: CAST_FAIL moves it into params.warning_ in warn-on-fail mode, keeping the bound as the result, or keeps it as the error (ob_obj_cast.cpp:5812; :433-439), and string_number returns ret (ob_obj_cast.cpp:5819).	confirmed
src/share/object/ob_obj_cast.cpp	string_number	line 5798: ret == OB_INVALID_NUMERIC	OTHER	} else if matches!(ret, Err(OB_INVALID_NUMERIC)) && <params.runtime_ is not null> { if cm_is_column_convert(params.cast_mode_) { <report_warning(ret, "decimal", ..)> } else { ret = Err(OB_ERR_TRUNCATED_WRONG_VALUE); <report_warning(ret, "DECIMAL", ..)> } }, the chain as the C++ writes it, its condition joining the code test to the null test (s2-errors.md 2.3's table), on the local ret, an ObResult, in the local-ret form (s2-errors.md 2.3); the rename and the two report_warning calls stay at their places, never map_err (s2-errors.md 2.4 rule 3).	sweep: ret-compare.tsv:1917 (data row 1916). Producer: ret = value.from_sci_opt(..) at ob_obj_cast.cpp:5776; ObNumber::from_sci_ sets OB_INVALID_NUMERIC for a string that is not a number (src/oblib/common/number/ob_number_v2.cpp:310). Holder: the local ret (ob_obj_cast.cpp:5752). Code's branch: with a runtime, in column-convert mode the runtime records the user warning for the bad decimal and ret keeps OB_INVALID_NUMERIC (ob_obj_cast.cpp:5800-5803); otherwise ret becomes OB_ERR_TRUNCATED_WRONG_VALUE and the runtime records that message (ob_obj_cast.cpp:5804-5808). report_warning is the ObIObjCastRuntime interface (src/share/object/ob_obj_cast_runtime.h:49-53), whose one implementation, ObSqlObjCastRuntime (git grep -nE 'public +([a-z:]*::)?ObIObjCastRuntime' 834bbee1e -- src prints only src/sql/engine/expr/ob_obj_cast_runtime.h:30), hands the code to ObDataTypeCastUtil::log_user_error_warning (src/sql/engine/expr/ob_obj_cast_runtime.cpp:149-157), which logs OB_ERR_TRUNCATED_WRONG_VALUE_FOR_FIELD as a warning for OB_INVALID_NUMERIC in column-convert warn-on-fail mode and OB_ERR_TRUNCATED_WRONG_VALUE as a warning or a user error by the mode (src/sql/engine/expr/ob_datum_cast.cpp:1850-1852, :1856-1865). One way keeps the compared code, so the branch is no rename (vocabulary value 7), and the message comes two calls deep and clears no holder, so it is not value 6: the branch records a user message. Where the code goes: CAST_FAIL moves ret into params.warning_ in warn-on-fail mode or keeps it (ob_obj_cast.cpp:5812; :433-439), and string_number returns it (ob_obj_cast.cpp:5819).	confirmed
src/share/object/ob_obj_cast.cpp	common_string_datetime	line 5846: ret == OB_ERR_UNEXPECTED_TZ_TRANSITION	IGNORED	if matches!(ret, Err(OB_ERR_UNEXPECTED_TZ_TRANSITION)) && cm_is_warn_on_fail(cast_mode) { ret = Ok(()); } else if <CAST_FAIL(ret)> {} right after ret = <str_to_mdatetime or str_to_datetime>, on the local ret, an ObResult, in the local-ret form (s2-errors.md 2.3); the reset stays at the same place and nothing replaces the test with ok() or let _ = (s2-errors.md 2.4 rule 1; 2.12 items 2 and 3).	sweep: ret-compare.tsv:1918 (data row 1917). Producer: ret = ObTimeConverter::str_to_mdatetime or str_to_datetime at ob_obj_cast.cpp:5841-5845, which set OB_ERR_UNEXPECTED_TZ_TRANSITION when the string carries a time zone part that a datetime cannot keep, after converting the value without it (src/oblib/common/timezone/ob_time_convert.cpp:473-479, :494-500). Holder: the local ret (ob_obj_cast.cpp:5825). Code's branch: in warn-on-fail mode ret = OB_SUCCESS (ob_obj_cast.cpp:5847) and nothing else: no warning is recorded, and the converted value is used (ob_obj_cast.cpp:5850). Outside warn-on-fail mode the code goes to CAST_FAIL instead, whose get_cast_ret renames it to OB_INVALID_DATE_VALUE (ob_obj_cast.cpp:5848; :430-432).	confirmed
src/share/object/ob_obj_cast.cpp	string_set	line 6296: ret == OB_ERR_DATA_TRUNCATED	OTHER	if in_str.is_numeric() && (matches!(ret, Err(OB_ERR_DATA_TRUNCATED)) || (matches!(params.warning_, Err(OB_ERR_DATA_TRUNCATED)) && cm_is_warn_on_fail(cast_mode))) { .. } as the C++ writes the condition, each comparison its own matches! on its holder (s2-errors.md 2.3's table): ret is the local ret in the local-ret form (s2-errors.md 2.3), and params.warning_ an ObResult, the casts' warning holder (s2-errors.md 2.2 rule 5). The branch keeps the numeric read, the range check and the move into params.warning_ in the C++ order (RULEBOOK section 0). This row is the ret term.	sweep: ret-compare.tsv:1919 (data row 1918). Producer: the member loop sets ret = OB_ERR_DATA_TRUNCATED for a value that is not a member, only outside warn-on-fail mode (ob_obj_cast.cpp:6280-6287); find_type answers only OB_SUCCESS or OB_INVALID_ARGUMENT (src/oblib/common/object/ob_obj_type.cpp:914-915, :924). Holder: the local ret (ob_obj_cast.cpp:6237). Code's branch: another way to do the job: the string is read as the set's numeric bitmask, as the comment Bug30666903 says: a number that parses resets ret (ob_obj_cast.cpp:6299-6301); a value past the set's members gives value 0 and OB_ERR_DATA_TRUNCATED again (ob_obj_cast.cpp:6306-6308), which in warn-on-fail mode goes into params.warning_ with ret reset (ob_obj_cast.cpp:6310-6312); a string that does not parse gives value 0 (ob_obj_cast.cpp:6314-6315). The move into params.warning_ needs warn-on-fail mode, which is off whenever ret holds this code, so it is not value 6; one way keeps the code, so it is no rename (vocabulary value 7). Where the code goes: string_set sets its result and returns ret (ob_obj_cast.cpp:6320-6321).	confirmed
src/share/object/ob_obj_cast.cpp	string_set	line 6297: other variable params.warning_ == OB_ERR_DATA_TRUNCATED	BECOMES_WARNING	if in_str.is_numeric() && (matches!(ret, Err(OB_ERR_DATA_TRUNCATED)) || (matches!(params.warning_, Err(OB_ERR_DATA_TRUNCATED)) && cm_is_warn_on_fail(cast_mode))) { .. } as the C++ writes the condition, each comparison its own matches! on its holder (s2-errors.md 2.3's table): ret is the local ret in the local-ret form (s2-errors.md 2.3), and params.warning_ an ObResult, the casts' warning holder (s2-errors.md 2.2 rule 5). The branch keeps the numeric read, the range check and the move into params.warning_ in the C++ order (RULEBOOK section 0). This row is the params.warning_ term.	sweep: ret-compare.tsv:1920 (data row 1919). Producer: the member loop moves OB_ERR_DATA_TRUNCATED into params.warning_ for a value that is not a member in warn-on-fail mode (ob_obj_cast.cpp:6280-6283). Holder: params.warning_, the int warning_ of ObObjCastParams (src/share/object/ob_obj_cast.h:282), which holds only codes and is not serialized, so an ObResult. Code's branch: the holder is itself the casts' warning holder (vocabulary value 6): the string is read as the set's numeric bitmask, as the comment Bug30666903 says: a number that parses resets ret (ob_obj_cast.cpp:6299-6301); a value past the set's members gives value 0 and OB_ERR_DATA_TRUNCATED again (ob_obj_cast.cpp:6306-6308), which in warn-on-fail mode goes into params.warning_ with ret reset (ob_obj_cast.cpp:6310-6312); a string that does not parse gives value 0 (ob_obj_cast.cpp:6314-6315). A number that parses and fits clears ret but leaves the warning in params.warning_ (ob_obj_cast.cpp:6300-6301). Where the code goes: the warning stays in params.warning_ for the caller, and string_set returns ret (ob_obj_cast.cpp:6321).	confirmed
src/share/object/ob_obj_cast.cpp	json_year	line 8465: other variable params.warning_ == OB_DATA_OUT_OF_RANGE	BECOMES_WARNING	if matches!(params.warning_, Err(OB_DATA_OUT_OF_RANGE)) { if cm_is_warn_on_fail(cast_mode) { value = 0; <SET_RES_YEAR> } else { out.set_null(); } } else { <SET_RES_YEAR> }, the test on the casts' warning holder, an ObResult, in section 6's member form with its branch as the C++ writes it (vocabulary section 5, BECOMES_WARNING; s2-errors.md 2.2 rule 5), in a function in the local-ret form (s2-errors.md 2.3).	sweep: ret-compare.tsv:1921 (data row 1920). Producer: the CAST_FAIL of int_to_year or of to_int (ob_obj_cast.cpp:8460, :8463), whose get_cast_ret moves a failing code into params.warning_ in warn-on-fail mode (ob_obj_cast.cpp:433-437); ObTimeConverter::int_to_year answers OB_DATA_OUT_OF_RANGE for a number that is no year (src/oblib/common/timezone/ob_time_convert.cpp:451). Holder: params.warning_, the int warning_ of ObObjCastParams (src/share/object/ob_obj_cast.h:282), which holds only codes and is not serialized, so an ObResult. Code's branch: the holder is itself the casts' warning holder (vocabulary value 6): in warn-on-fail mode the year becomes 0 (ob_obj_cast.cpp:8466-8468), otherwise the result is NULL, commented as not changing the behavior of int_year (ob_obj_cast.cpp:8469-8470); without the warning the year is set as read (ob_obj_cast.cpp:8472-8473). The warning stays in params.warning_ for the caller, and json_year returns ret (ob_obj_cast.cpp:8479).	confirmed
src/share/object/ob_obj_cast.cpp	geometry_geometry	line 9002: ret == OB_ERR_GIS_INVALID_DATA	OTHER	The if / else-if chain over codes on ret at ob_obj_cast.cpp:9002-9016 is match ret { Err(OB_ERR_GIS_INVALID_DATA) => { log_user_error!(OB_ERR_GIS_INVALID_DATA, cast_name); } Err(OB_ERR_GEOMETRY_PARAM_LONGITUDE_OUT_OF_RANGE) => { log_user_error!(..); } Err(OB_ERR_GEOMETRY_PARAM_LATITUDE_OUT_OF_RANGE) => { log_user_error!(..); } _ => {} } inside the failure branch of else if ob_fail!(ret = ObGeometryTypeCastUtil::get_tree(..)) (s2-errors.md 2.3's table; RULEBOOK 2.1), the last arm for the codes the C++ chain does not name, on the local ret, an ObResult, in the local-ret form; each user message is a statement of its own beside the unchanged ret (s2-errors.md 2.7 rules 1 and 3). get_tree is a geometry-island entry, whose i32 code the -sys crate turns into an ObError where it enters (s2-errors.md 2.4 rule 8). This row is its first arm.	sweep: ret-compare.tsv:1922 (data row 1921). Producer: ObGeometryTypeCastUtil::get_tree(..) at ob_obj_cast.cpp:9000-9001, in the geometry island (not-translated.tsv:138), which returns the code of build_geometry (src/share/geo/ob_geometry_cast.cpp:119) called with its default flags GEO_DEFAULT, range check included (src/share/geo/ob_geo_utils.h:50, :153); build_geometry sets OB_ERR_GIS_INVALID_DATA for a WKB whose header it cannot read or whose byte order is not little-endian (src/share/geo/ob_geo_utils.cpp:456-459). Holder: the local ret (ob_obj_cast.cpp:8980). Code's branch: the user error message of the same code with the cast name (ob_obj_cast.cpp:9003); the code stays in ret, so the branch records a message without renaming. Escapes: the code stays in ret, the cast in the else is skipped (ob_obj_cast.cpp:9017), and geometry_geometry returns it (ob_obj_cast.cpp:9051) to the cast dispatch of this file.	confirmed
src/share/object/ob_obj_cast.cpp	geometry_geometry	line 9004: ret == OB_ERR_GEOMETRY_PARAM_LONGITUDE_OUT_OF_RANGE	OTHER	The if / else-if chain over codes on ret at ob_obj_cast.cpp:9002-9016 is match ret { Err(OB_ERR_GIS_INVALID_DATA) => { log_user_error!(OB_ERR_GIS_INVALID_DATA, cast_name); } Err(OB_ERR_GEOMETRY_PARAM_LONGITUDE_OUT_OF_RANGE) => { log_user_error!(..); } Err(OB_ERR_GEOMETRY_PARAM_LATITUDE_OUT_OF_RANGE) => { log_user_error!(..); } _ => {} } inside the failure branch of else if ob_fail!(ret = ObGeometryTypeCastUtil::get_tree(..)) (s2-errors.md 2.3's table; RULEBOOK 2.1), the last arm for the codes the C++ chain does not name, on the local ret, an ObResult, in the local-ret form; each user message is a statement of its own beside the unchanged ret (s2-errors.md 2.7 rules 1 and 3). get_tree is a geometry-island entry, whose i32 code the -sys crate turns into an ObError where it enters (s2-errors.md 2.4 rule 8). This row is its OB_ERR_GEOMETRY_PARAM_LONGITUDE_OUT_OF_RANGE arm.	sweep: ret-compare.tsv:1923 (data row 1922). Producer: ObGeometryTypeCastUtil::get_tree(..) at ob_obj_cast.cpp:9000-9001, in the geometry island (not-translated.tsv:138), which returns the code of build_geometry (src/share/geo/ob_geometry_cast.cpp:119) called with its default flags GEO_DEFAULT, range check included (src/share/geo/ob_geo_utils.h:50, :153); the range check as a parameter sets OB_ERR_GEOMETRY_PARAM_LONGITUDE_OUT_OF_RANGE with the limits in log_info (src/share/geo/ob_geo_utils.cpp:521, :677-684). Holder: the local ret (ob_obj_cast.cpp:8980). Code's branch: the user error message of the same code with the cast name, the value and the longitude limits from log_info (ob_obj_cast.cpp:9005-9009); the code stays in ret, so the branch records a message without renaming. Escapes: the code stays in ret, the cast in the else is skipped (ob_obj_cast.cpp:9017), and geometry_geometry returns it (ob_obj_cast.cpp:9051) to the cast dispatch of this file.	confirmed
src/share/object/ob_obj_cast.cpp	geometry_geometry	line 9010: ret == OB_ERR_GEOMETRY_PARAM_LATITUDE_OUT_OF_RANGE	OTHER	The if / else-if chain over codes on ret at ob_obj_cast.cpp:9002-9016 is match ret { Err(OB_ERR_GIS_INVALID_DATA) => { log_user_error!(OB_ERR_GIS_INVALID_DATA, cast_name); } Err(OB_ERR_GEOMETRY_PARAM_LONGITUDE_OUT_OF_RANGE) => { log_user_error!(..); } Err(OB_ERR_GEOMETRY_PARAM_LATITUDE_OUT_OF_RANGE) => { log_user_error!(..); } _ => {} } inside the failure branch of else if ob_fail!(ret = ObGeometryTypeCastUtil::get_tree(..)) (s2-errors.md 2.3's table; RULEBOOK 2.1), the last arm for the codes the C++ chain does not name, on the local ret, an ObResult, in the local-ret form; each user message is a statement of its own beside the unchanged ret (s2-errors.md 2.7 rules 1 and 3). get_tree is a geometry-island entry, whose i32 code the -sys crate turns into an ObError where it enters (s2-errors.md 2.4 rule 8). This row is its OB_ERR_GEOMETRY_PARAM_LATITUDE_OUT_OF_RANGE arm.	sweep: ret-compare.tsv:1924 (data row 1923). Producer: ObGeometryTypeCastUtil::get_tree(..) at ob_obj_cast.cpp:9000-9001, in the geometry island (not-translated.tsv:138), which returns the code of build_geometry (src/share/geo/ob_geometry_cast.cpp:119) called with its default flags GEO_DEFAULT, range check included (src/share/geo/ob_geo_utils.h:50, :153); the range check as a parameter sets OB_ERR_GEOMETRY_PARAM_LATITUDE_OUT_OF_RANGE with the limits in log_info (src/share/geo/ob_geo_utils.cpp:521, :693-700). Holder: the local ret (ob_obj_cast.cpp:8980). Code's branch: the user error message of the same code with the cast name, the value and the latitude limits from log_info (ob_obj_cast.cpp:9011-9015); the code stays in ret, so the branch records a message without renaming. Escapes: the code stays in ret, the cast in the else is skipped (ob_obj_cast.cpp:9017), and geometry_geometry returns it (ob_obj_cast.cpp:9051) to the cast dispatch of this file.	confirmed
src/share/object/ob_obj_cast.cpp	string_decimalint	line 9899: ret == OB_NUMERIC_OVERFLOW	OTHER	if matches!(ret, Err(OB_NUMERIC_OVERFLOW)) { .. } else if .. inside the failure branch of else if ob_fail!(ret = wide::from_string(..)), on the local ret, an ObResult, in the local-ret form (s2-errors.md 2.3); the branch as the C++ writes it: the limit of out_prec by the sign of the string copied into decint, with its own OB_ERR_UNEXPECTED step (RULEBOOK section 0; s2-errors.md 2.4 rule 1); the null test of the allocation follows the out-of-memory rules, outside this row (s2-errors.md 2.4 rule 9).	sweep: ret-compare.tsv:1925 (data row 1924). Producer: wide::from_string(..) at ob_obj_cast.cpp:9896-9898, which sets OB_NUMERIC_OVERFLOW when a number in scientific notation has more integer digits than MAX_SCI_SIZE (src/oblib/common/wide_integer/ob_wide_integer_str_funcs.cpp:411-412). Holder: the local ret (ob_obj_cast.cpp:9866). Code's branch: a default value: as MySQL does (the comment cites bug 4263211), decint becomes the maximum or minimum of out_prec by the sign, with out_scale and out_prec (ob_obj_cast.cpp:9900-9922); the code stays in ret unless the limit is missing (OB_ERR_UNEXPECTED) or the copy cannot be allocated (OB_ALLOCATE_MEMORY_FAILED), failures of the branch's own steps (vocabulary value 7). The copy's buffer comes from params.alloc, a general allocation through allocator_v2_ (src/share/object/ob_obj_cast.h:247-256), which ob_obj_cast.cpp:9880 checks is not null, so its null test is a general out-of-memory with no row of oom-sites.tsv (grep -c ob_obj_cast.cpp migration/inventory/sweep/oom-sites.tsv prints 0) and no Rust branch. Where the code goes: after the chain every code moves into the local warning and ret is reset (ob_obj_cast.cpp:9936-9937); a parsed or bound value is scaled into out, otherwise out gets zero (ob_obj_cast.cpp:9938-9971), and CAST_FAIL(warning) then moves the code into params.warning_ in warn-on-fail mode or makes it the returned error (ob_obj_cast.cpp:9973-9976; :433-439).	confirmed
src/share/object/ob_obj_cast.cpp	string_decimalint	line 9923: ret == OB_INVALID_NUMERIC	OTHER	} else if matches!(ret, Err(OB_INVALID_NUMERIC)) && <params.runtime_ is not null> { if cm_is_column_convert(params.cast_mode_) { <report_warning(ret, "decimal", ..)> } else { ret = Err(OB_ERR_TRUNCATED_WRONG_VALUE); <report_warning(ret, "DECIMAL", ..)> } }, the chain as the C++ writes it, its condition joining the code test to the null test (s2-errors.md 2.3's table), on the local ret, an ObResult, in the local-ret form (s2-errors.md 2.3); the rename and the two report_warning calls stay at their places, never map_err (s2-errors.md 2.4 rule 3).	sweep: ret-compare.tsv:1926 (data row 1925). Producer: wide::from_string(..) at ob_obj_cast.cpp:9896-9898, which sets OB_INVALID_NUMERIC for an empty or blank string (src/oblib/common/wide_integer/ob_wide_integer_str_funcs.cpp:336, :342) and for malformed text (src/oblib/common/wide_integer/ob_wide_integer_str_funcs.cpp:360, :368, :376, :388, :400, and :286 in parse_sci_exp, called at :369), and returns it through its local warning (src/oblib/common/wide_integer/ob_wide_integer_str_funcs.cpp:402-403, :435). Holder: the local ret (ob_obj_cast.cpp:9866). Code's branch: with a runtime, in column-convert mode the runtime records the user warning for the bad decimal and ret keeps OB_INVALID_NUMERIC (ob_obj_cast.cpp:9924-9927); otherwise ret becomes OB_ERR_TRUNCATED_WRONG_VALUE and the runtime records that message (ob_obj_cast.cpp:9928-9932). report_warning is the ObIObjCastRuntime interface (src/share/object/ob_obj_cast_runtime.h:49-53), whose one implementation, ObSqlObjCastRuntime (git grep -nE 'public +([a-z:]*::)?ObIObjCastRuntime' 834bbee1e -- src prints only src/sql/engine/expr/ob_obj_cast_runtime.h:30), hands the code to ObDataTypeCastUtil::log_user_error_warning (src/sql/engine/expr/ob_obj_cast_runtime.cpp:149-157), which logs the warning or the user error by the mode (src/sql/engine/expr/ob_datum_cast.cpp:1850-1852, :1856-1865). One way keeps the compared code, so the branch is no rename (vocabulary value 7), and the message comes two calls deep and clears no holder, so it is not value 6: the branch records a user message. Where the code goes: after the chain every code moves into the local warning and ret is reset (ob_obj_cast.cpp:9936-9937); a parsed or bound value is scaled into out, otherwise out gets zero (ob_obj_cast.cpp:9938-9971), and CAST_FAIL(warning) then moves the code into params.warning_ in warn-on-fail mode or makes it the returned error (ob_obj_cast.cpp:9973-9976; :433-439).	confirmed
src/share/object/ob_obj_cast.cpp	string_length_check	line 11511: other variable params.warning_ == OB_ERR_DATA_TOO_LONG	BECOMES_WARNING	if matches!(params.warning_, Err(OB_ERR_DATA_TOO_LONG)) { .. } else { res_obj = &obj; } inside if ret.is_ok(), the OB_UNLIKELY dropped (RULEBOOK 2.3), with params.warning_ an ObResult, the casts' warning holder (s2-errors.md 2.2 rule 5), in a function in the local-ret form (s2-errors.md 2.3); the branch as the C++ writes it: the cut to max_accuracy_len, the trim of trailing spaces for a fixed-length char that is not binary, and the copy into buf_obj (vocabulary section 5, BECOMES_WARNING).	sweep: ret-compare.tsv:1927 (data row 1926). Producer: OB_ERR_DATA_TOO_LONG written into params.warning_ directly when only trailing spaces pass the limit (ob_obj_cast.cpp:11505), or through the reference int &cast_ret, bound to params.warning_ outside error-on-fail mode (ob_obj_cast.cpp:11466-11468, :11479, :11489, :11500); a warning an earlier step of the cast left there is seen too. Holder: params.warning_, the int warning_ of ObObjCastParams (src/share/object/ob_obj_cast.h:282), which holds only codes and is not serialized, so an ObResult. Code's branch: the holder is itself the casts' warning holder (vocabulary value 6): with the warning set, the string is cut to max_accuracy_len characters, a fixed-length char is also trimmed of trailing spaces, and the result is the copy in buf_obj (ob_obj_cast.cpp:11511-11532); without it the input is used as it is (ob_obj_cast.cpp:11533-11535). The warning stays in params.warning_ for the caller, and ret is returned (ob_obj_cast.cpp:11543). Note: int &cast_ret refers to ret in error-on-fail mode and to params.warning_ otherwise, a C++ reference to a holder that no sweep row covers (vocabulary section 6, the last row, open question Q4); this row's test reads params.warning_ itself.	confirmed
src/share/object/ob_obj_cast.cpp	ObObjCaster::is_order_consistent	line 12142: ret == OB_CANT_AGGREGATE_2COLLATIONS	OTHER	if matches!(ret, Err(OB_CANT_AGGREGATE_2COLLATIONS)) { log_user_error!(OB_CANT_AGGREGATE_2COLLATIONS, ..); } inside the failure branch of if ob_fail!(ret = ObCharset::aggregate_collation_new(..)), on the local ret, an ObResult, in the local-ret form (s2-errors.md 2.3); the user message is a statement of its own beside the unchanged ret (s2-errors.md 2.7 rules 1 and 3), its four arguments the C++ ones.	sweep: ret-compare.tsv:1928 (data row 1927). Producer: ObCharset::aggregate_collation_new(..) at ob_obj_cast.cpp:12134-12141, which sets OB_CANT_AGGREGATE_2COLLATIONS when the two collations cannot be combined, for one, two different explicit collations (src/oblib/lib/charset/ob_charset.cpp:1473-1476, :1540, :1551). Holder: the local ret (ob_obj_cast.cpp:12117). Code's branch: the user error message of the same code with both collation names and levels (ob_obj_cast.cpp:12143-12148); the code stays in ret and is returned (ob_obj_cast.cpp:12166), so the branch records a message without renaming. Escapes: git grep -n 'is_order_consistent(' 834bbee1e -- src finds one call besides the declaration and the definition: ObOptimizerUtil::get_expr_monotonicity_recursively, which resets every code but OB_ERR_UNEXPECTED and takes the cast as not order-consistent (src/sql/optimizer/ob_optimizer_util.cpp:915-921).	confirmed
src/share/object/ob_obj_cast.cpp	ObGeoCastUtils::geo_cast_error_handle	line 14250: other variable err_code == OB_ERR_INVALID_CAST_TO_GEOMETRY	OTHER	The if / else-if chain over codes on err_code at ob_obj_cast.cpp:14250-14272 is match err_code { Err(OB_ERR_INVALID_CAST_TO_GEOMETRY) => { log_user_error!(..); } Err(OB_ERR_GEOMETRY_PARAM_LONGITUDE_OUT_OF_RANGE) => { log_user_error!(..); } Err(OB_ERR_GEOMETRY_PARAM_LATITUDE_OUT_OF_RANGE) => { log_user_error!(..); } Err(OB_ERR_GIS_INVALID_DATA) => { log_user_error!(..); } Err(OB_ERR_INVALID_CAST_POLYGON_RING_DIRECTION) => { log_user_error!(..); } _ => {} } (s2-errors.md 2.3's table; RULEBOOK 2.1), the last arm for the codes the C++ chain does not name; the parameter int err_code holds only codes and becomes err_code: ObResult (s2-errors.md 2.2 rule 5), and each user message is a statement of its own with the C++ arguments (s2-errors.md 2.7 rules 1 and 3). This row is its first arm.	sweep: ret-compare.tsv:1929 (data row 1928). Producer: the caller's geo_cast->cast_geom or cast_geog, in the geometry island (not-translated.tsv:138): ObPointTypeCast::cast sets OB_ERR_INVALID_CAST_TO_GEOMETRY when the source type cannot become the target type (src/share/geo/ob_geometry_cast.cpp:270). Holder: the parameter err_code of void ObGeoCastUtils::geo_cast_error_handle(int err_code, ..) (ob_obj_cast.cpp:14245), which holds only codes: its callers pass their ret right after a failed cast (ob_obj_cast.cpp:9028-9029, :9032-9033; src/sql/engine/expr/ob_datum_cast.cpp:8656-8657, :8660-8661). Code's branch: the user error message of the same code with the source and target type names (ob_obj_cast.cpp:14251-14253), so the branch records a message without renaming. The function returns nothing and changes no code: the callers keep the code in their ret and return it (git grep -n 'geo_cast_error_handle(' 834bbee1e -- src lists those four calls).	confirmed
src/share/object/ob_obj_cast.cpp	ObGeoCastUtils::geo_cast_error_handle	line 14254: other variable err_code == OB_ERR_GEOMETRY_PARAM_LONGITUDE_OUT_OF_RANGE	OTHER	The if / else-if chain over codes on err_code at ob_obj_cast.cpp:14250-14272 is match err_code { Err(OB_ERR_INVALID_CAST_TO_GEOMETRY) => { log_user_error!(..); } Err(OB_ERR_GEOMETRY_PARAM_LONGITUDE_OUT_OF_RANGE) => { log_user_error!(..); } Err(OB_ERR_GEOMETRY_PARAM_LATITUDE_OUT_OF_RANGE) => { log_user_error!(..); } Err(OB_ERR_GIS_INVALID_DATA) => { log_user_error!(..); } Err(OB_ERR_INVALID_CAST_POLYGON_RING_DIRECTION) => { log_user_error!(..); } _ => {} } (s2-errors.md 2.3's table; RULEBOOK 2.1), the last arm for the codes the C++ chain does not name; the parameter int err_code holds only codes and becomes err_code: ObResult (s2-errors.md 2.2 rule 5), and each user message is a statement of its own with the C++ arguments (s2-errors.md 2.7 rules 1 and 3). This row is its OB_ERR_GEOMETRY_PARAM_LONGITUDE_OUT_OF_RANGE arm.	sweep: ret-compare.tsv:1930 (data row 1929). Producer: the caller's geo_cast->cast_geom or cast_geog, in the geometry island (not-translated.tsv:138): ObPointTypeCast::cast sets OB_ERR_GEOMETRY_PARAM_LONGITUDE_OUT_OF_RANGE for a point outside the longitude range (src/share/geo/ob_geometry_cast.cpp:290). Holder: the parameter err_code of void ObGeoCastUtils::geo_cast_error_handle(int err_code, ..) (ob_obj_cast.cpp:14245), which holds only codes: its callers pass their ret right after a failed cast (ob_obj_cast.cpp:9028-9029, :9032-9033; src/sql/engine/expr/ob_datum_cast.cpp:8656-8657, :8660-8661). Code's branch: the user error message of the same code with the cast name, the value from log_info and the fixed limits -180 and 180 (ob_obj_cast.cpp:14255-14259), so the branch records a message without renaming. The function returns nothing and changes no code: the callers keep the code in their ret and return it (git grep -n 'geo_cast_error_handle(' 834bbee1e -- src lists those four calls).	confirmed
src/share/object/ob_obj_cast.cpp	ObGeoCastUtils::geo_cast_error_handle	line 14260: other variable err_code == OB_ERR_GEOMETRY_PARAM_LATITUDE_OUT_OF_RANGE	OTHER	The if / else-if chain over codes on err_code at ob_obj_cast.cpp:14250-14272 is match err_code { Err(OB_ERR_INVALID_CAST_TO_GEOMETRY) => { log_user_error!(..); } Err(OB_ERR_GEOMETRY_PARAM_LONGITUDE_OUT_OF_RANGE) => { log_user_error!(..); } Err(OB_ERR_GEOMETRY_PARAM_LATITUDE_OUT_OF_RANGE) => { log_user_error!(..); } Err(OB_ERR_GIS_INVALID_DATA) => { log_user_error!(..); } Err(OB_ERR_INVALID_CAST_POLYGON_RING_DIRECTION) => { log_user_error!(..); } _ => {} } (s2-errors.md 2.3's table; RULEBOOK 2.1), the last arm for the codes the C++ chain does not name; the parameter int err_code holds only codes and becomes err_code: ObResult (s2-errors.md 2.2 rule 5), and each user message is a statement of its own with the C++ arguments (s2-errors.md 2.7 rules 1 and 3). This row is its OB_ERR_GEOMETRY_PARAM_LATITUDE_OUT_OF_RANGE arm.	sweep: ret-compare.tsv:1931 (data row 1930). Producer: the caller's geo_cast->cast_geom or cast_geog, in the geometry island (not-translated.tsv:138): ObPointTypeCast::cast sets OB_ERR_GEOMETRY_PARAM_LATITUDE_OUT_OF_RANGE for a point outside the latitude range (src/share/geo/ob_geometry_cast.cpp:293). Holder: the parameter err_code of void ObGeoCastUtils::geo_cast_error_handle(int err_code, ..) (ob_obj_cast.cpp:14245), which holds only codes: its callers pass their ret right after a failed cast (ob_obj_cast.cpp:9028-9029, :9032-9033; src/sql/engine/expr/ob_datum_cast.cpp:8656-8657, :8660-8661). Code's branch: the user error message of the same code with the cast name, the value from log_info and the fixed limits -90 and 90 (ob_obj_cast.cpp:14261-14265), so the branch records a message without renaming. The function returns nothing and changes no code: the callers keep the code in their ret and return it (git grep -n 'geo_cast_error_handle(' 834bbee1e -- src lists those four calls).	confirmed
src/share/object/ob_obj_cast.cpp	ObGeoCastUtils::geo_cast_error_handle	line 14266: other variable err_code == OB_ERR_GIS_INVALID_DATA	OTHER	The if / else-if chain over codes on err_code at ob_obj_cast.cpp:14250-14272 is match err_code { Err(OB_ERR_INVALID_CAST_TO_GEOMETRY) => { log_user_error!(..); } Err(OB_ERR_GEOMETRY_PARAM_LONGITUDE_OUT_OF_RANGE) => { log_user_error!(..); } Err(OB_ERR_GEOMETRY_PARAM_LATITUDE_OUT_OF_RANGE) => { log_user_error!(..); } Err(OB_ERR_GIS_INVALID_DATA) => { log_user_error!(..); } Err(OB_ERR_INVALID_CAST_POLYGON_RING_DIRECTION) => { log_user_error!(..); } _ => {} } (s2-errors.md 2.3's table; RULEBOOK 2.1), the last arm for the codes the C++ chain does not name; the parameter int err_code holds only codes and becomes err_code: ObResult (s2-errors.md 2.2 rule 5), and each user message is a statement of its own with the C++ arguments (s2-errors.md 2.7 rules 1 and 3). This row is its OB_ERR_GIS_INVALID_DATA arm.	sweep: ret-compare.tsv:1932 (data row 1931). Producer: the caller's geo_cast->cast_geom or cast_geog, in the geometry island (not-translated.tsv:138): ObGeometryTypeCastUtil::check_polygon_direction sets OB_ERR_GIS_INVALID_DATA (src/share/geo/ob_geometry_cast.cpp:143). Holder: the parameter err_code of void ObGeoCastUtils::geo_cast_error_handle(int err_code, ..) (ob_obj_cast.cpp:14245), which holds only codes: its callers pass their ret right after a failed cast (ob_obj_cast.cpp:9028-9029, :9032-9033; src/sql/engine/expr/ob_datum_cast.cpp:8656-8657, :8660-8661). Code's branch: the user error message of the same code with the cast name (ob_obj_cast.cpp:14267), so the branch records a message without renaming. The function returns nothing and changes no code: the callers keep the code in their ret and return it (git grep -n 'geo_cast_error_handle(' 834bbee1e -- src lists those four calls).	confirmed
src/share/object/ob_obj_cast.cpp	ObGeoCastUtils::geo_cast_error_handle	line 14268: other variable err_code == OB_ERR_INVALID_CAST_POLYGON_RING_DIRECTION	OTHER	The if / else-if chain over codes on err_code at ob_obj_cast.cpp:14250-14272 is match err_code { Err(OB_ERR_INVALID_CAST_TO_GEOMETRY) => { log_user_error!(..); } Err(OB_ERR_GEOMETRY_PARAM_LONGITUDE_OUT_OF_RANGE) => { log_user_error!(..); } Err(OB_ERR_GEOMETRY_PARAM_LATITUDE_OUT_OF_RANGE) => { log_user_error!(..); } Err(OB_ERR_GIS_INVALID_DATA) => { log_user_error!(..); } Err(OB_ERR_INVALID_CAST_POLYGON_RING_DIRECTION) => { log_user_error!(..); } _ => {} } (s2-errors.md 2.3's table; RULEBOOK 2.1), the last arm for the codes the C++ chain does not name; the parameter int err_code holds only codes and becomes err_code: ObResult (s2-errors.md 2.2 rule 5), and each user message is a statement of its own with the C++ arguments (s2-errors.md 2.7 rules 1 and 3). This row is its OB_ERR_INVALID_CAST_POLYGON_RING_DIRECTION arm.	sweep: ret-compare.tsv:1933 (data row 1932). Producer: the caller's geo_cast->cast_geom or cast_geog, in the geometry island (not-translated.tsv:138): ObPolygonTypeCast::cast sets OB_ERR_INVALID_CAST_POLYGON_RING_DIRECTION for a ring in the wrong direction (src/share/geo/ob_geometry_cast.cpp:474). Holder: the parameter err_code of void ObGeoCastUtils::geo_cast_error_handle(int err_code, ..) (ob_obj_cast.cpp:14245), which holds only codes: its callers pass their ret right after a failed cast (ob_obj_cast.cpp:9028-9029, :9032-9033; src/sql/engine/expr/ob_datum_cast.cpp:8656-8657, :8660-8661). Code's branch: the user error message of the same code with the source and target type names (ob_obj_cast.cpp:14269-14271), so the branch records a message without renaming. The function returns nothing and changes no code: the callers keep the code in their ret and return it (git grep -n 'geo_cast_error_handle(' 834bbee1e -- src lists those four calls).	confirmed
src/share/redolog/ob_log_file_handler.cpp	ObLogFileHandler::inner_read	line 218: ret == OB_DATA_OUT_OF_RANGE	OTHER	if matches!(ret, Err(OB_DATA_OUT_OF_RANGE)) && io_handle.get_data_size() < io_info.size_ { read_sz += io_handle.get_data_size(); break; } else if ret.is_err() {} else if .. right after the read's ret = .., inside the while loop whose condition, cnt's increment included, is evaluated each round (RULEBOOK section 0), on the local ret, an ObResult, in the local-ret form (s2-errors.md 2.3); the chain stays as the C++ writes it, since its first condition joins the code test to a size test, and the break stays at its place (RULEBOOK section 0, early exits). OB_DATA_OUT_OF_RANGE stays in ret for the test after the loop (ret-compare.tsv:1935).	sweep: ret-compare.tsv:1934 (data row 1933). Producer: ret = ObIOManager::get_instance().read(io_info, io_handle) at ob_log_file_handler.cpp:217, which returns the request's result; the IO channel finishes a request with OB_DATA_OUT_OF_RANGE when the device returned fewer bytes than asked, a read past the end of the file (src/share/io/ob_io_struct.cpp:967, :977-980). Holder: the local ret (ob_log_file_handler.cpp:187). Code's branch: a partial read: the bytes read so far are counted into read_sz and the loop stops (ob_log_file_handler.cpp:219-220); the code stays in ret. Where the code goes: after the loop, OB_DATA_OUT_OF_RANGE sets read_size to the bytes read and resets ret (ob_log_file_handler.cpp:233-235; ret-compare.tsv:1935), so inner_read reports a short read as success.	confirmed
src/share/redolog/ob_log_file_handler.cpp	ObLogFileHandler::inner_read	line 233: ret == OB_DATA_OUT_OF_RANGE	OTHER	} else if matches!(ret, Err(OB_DATA_OUT_OF_RANGE)) { *read_size = read_sz; ret = Ok(()); } else if .. in the chain after the read loop, on the local ret, an ObResult, in the local-ret form (s2-errors.md 2.3); the chain stays as the C++ writes it, since its first condition joins ret.is_ok() to a size test (s2-errors.md 2.3's table), and the out-parameter write and the reset keep the C++ order (s2-errors.md 2.2 rule 2, 2.4 rule 1).	sweep: ret-compare.tsv:1935 (data row 1934). Producer: ret = ObIOManager::get_instance().read(io_info, io_handle) at ob_log_file_handler.cpp:217, which returns the request's result; the IO channel finishes a request with OB_DATA_OUT_OF_RANGE when the device returned fewer bytes than asked, a read past the end of the file (src/share/io/ob_io_struct.cpp:967, :977-980). the loop keeps that code when it stops on it (ob_log_file_handler.cpp:218-220; ret-compare.tsv:1934). Holder: the local ret (ob_log_file_handler.cpp:187). Code's branch: read_size = read_sz and ret = OB_SUCCESS (ob_log_file_handler.cpp:234-235): the caller gets success with the shorter size, where every other failure but -4013 becomes OB_IO_ERROR (ob_log_file_handler.cpp:237-240); the branch writes the out-parameter, so it is more than a reset. The code never leaves the site.	confirmed
src/share/redolog/ob_log_file_handler.cpp	ObLogFileHandler::inner_read	line 236: ret == OB_ALLOCATE_MEMORY_FAILED	OUT_OF_MEMORY	} else if matches!(ret, Err(OB_ALLOCATE_MEMORY_FAILED)) {} else { .. } kept as written, the test and its empty branch unchanged (s2-errors.md 2.4 rule 9; s3-memory.md 3.5, the row on comparisons with OB_ALLOCATE_MEMORY_FAILED), in the chain after the read loop, on the local ret, an ObResult, in the local-ret form (s2-errors.md 2.3).	sweep: ret-compare.tsv:1936 (data row 1935). Producer: ret = ObIOManager::get_instance().read(io_info, io_handle) at ob_log_file_handler.cpp:217; the request's prepare allocates the read buffer from the IO allocator (src/share/io/ob_io_define.cpp:1129), a budget owner whose buffers fail with -4013 at once (s3-memory.md 3.7.2, the IO allocator row): precondition-guard. Holder: the local ret (ob_log_file_handler.cpp:187). Code's branch: empty (ob_log_file_handler.cpp:236-237): -4013 is kept, where the else turns every other failure into OB_IO_ERROR with an ERROR log (ob_log_file_handler.cpp:237-240); inner_read returns it (ob_log_file_handler.cpp:242). The same line is sweep: oom-sites.tsv:74 (-4013 handled (compared against)), whose row must name the same producer and give the same Rust.	confirmed
src/share/redolog/ob_log_file_handler.cpp	ObLogFileHandler::unlink	line 254: ret != OB_NO_SUCH_FILE_OR_DIRECTORY	IGNORED	if ob_fail!(ret = <the local device>.unlink(file_path)) && !matches!(ret, Err(OB_NO_SUCH_FILE_OR_DIRECTORY)) { <the sleep>; ret = Ok(()); } else if matches!(ret, Err(OB_NO_SUCH_FILE_OR_DIRECTORY)) { ret = Ok(()); break; } else { break; } inside the while ret.is_ok() loop, on the local ret, an ObResult, in the local-ret form (s2-errors.md 2.3); this row is the first condition's !matches!, which sends the code to the reset and break of :257-259 (ret-compare.tsv:1938). The test and the reset stay as the C++ writes them, and nothing replaces them with ok() or let _ = (s2-errors.md 2.4 rule 1; 2.12 items 2 and 3).	sweep: ret-compare.tsv:1937 (data row 1936). Producer: LOCAL_DEVICE_INSTANCE.unlink(file_path) at ob_log_file_handler.cpp:254, ObLocalDevice::unlink (src/share/ob_local_device.cpp:515-518), which calls ObIODeviceLocalFileOp::unlink: its stat() turns ENOENT into OB_NO_SUCH_FILE_OR_DIRECTORY (ob_io_device_helper.cpp:355; :731-733, :993-994), and a path that is a directory gets the same code (src/share/ob_io_device_helper.cpp:356-357). Holder: the local ret (ob_log_file_handler.cpp:247). Code's branch: the test is false for the code, so the retry with its sleep (ob_log_file_handler.cpp:255-256) is skipped and the else-if resets ret and leaves the loop (ob_log_file_handler.cpp:257-259), the same exit a successful unlink takes (ob_log_file_handler.cpp:260-261): a file that is already gone counts as unlinked, and the code dies.	confirmed
src/share/redolog/ob_log_file_handler.cpp	ObLogFileHandler::unlink	line 257: ret == OB_NO_SUCH_FILE_OR_DIRECTORY	IGNORED	} else if matches!(ret, Err(OB_NO_SUCH_FILE_OR_DIRECTORY)) { ret = Ok(()); break; } else { break; }, the second condition of the chain of ret-compare.tsv:1937, on the local ret, an ObResult, in the local-ret form (s2-errors.md 2.3); the reset and the break stay at the same place, and nothing replaces them with ok() or let _ = (s2-errors.md 2.4 rule 1; 2.12 items 2 and 3).	sweep: ret-compare.tsv:1938 (data row 1937). Producer: LOCAL_DEVICE_INSTANCE.unlink(file_path) at ob_log_file_handler.cpp:254, ObLocalDevice::unlink (src/share/ob_local_device.cpp:515-518), which calls ObIODeviceLocalFileOp::unlink: its stat() turns ENOENT into OB_NO_SUCH_FILE_OR_DIRECTORY (ob_io_device_helper.cpp:355; :731-733, :993-994), and a path that is a directory gets the same code (src/share/ob_io_device_helper.cpp:356-357). Holder: the local ret (ob_log_file_handler.cpp:247). Code's branch: ret = OB_SUCCESS and break (ob_log_file_handler.cpp:258-259), the same exit a successful unlink takes (ob_log_file_handler.cpp:260-261): a file that is already gone counts as unlinked, and the code dies.	confirmed
src/share/redolog/ob_log_file_handler.cpp	ObLogFileHandler::open	line 323: ret == OB_TIMEOUT; ret == OB_EAGAIN; ret == OB_SERVER_OUTOF_DISK_SPACE	RETRY	if matches!(ret, Err(OB_TIMEOUT | OB_EAGAIN | OB_SERVER_OUTOF_DISK_SPACE)) { ret = Ok(()); <the sleep of RETRY_SLEEP_TIME_IN_US>; } inside the failure branch of if ob_fail!(ret = <the local device>.open(..)), after its WARN log, in the while ret.is_ok() loop that repeats the open, on the local ret, an ObResult, in the local-ret form (s2-errors.md 2.3); the || chain of == on ret is one matches! (s2-errors.md 2.3's table), and the reset, the sleep and the loop keep the C++ order, the condition evaluated each round (RULEBOOK section 0).	sweep: ret-compare.tsv:1939 (data row 1938). Producer: LOCAL_DEVICE_INSTANCE.open(file_path, flags, mode, io_fd) at ob_log_file_handler.cpp:321, ObLocalDevice::open (src/share/ob_local_device.cpp:483, :486), which calls ObIODeviceLocalFileOp::open: a failed ::open goes through convert_sys_errno (src/share/ob_io_device_helper.cpp:285-287), which maps ETIMEDOUT to OB_TIMEOUT, EAGAIN to OB_EAGAIN, and EDQUOT and ENOSPC to OB_SERVER_OUTOF_DISK_SPACE (src/share/ob_io_device_helper.cpp:1000-1001, :1003-1004, :1006-1010). Holder: the local ret (ob_log_file_handler.cpp:313). Retry step: ret = OB_SUCCESS and a sleep of ObLogDefinition::RETRY_SLEEP_TIME_IN_US (ob_log_file_handler.cpp:324-325), after which the while (OB_SUCC(ret)) loop opens the file again (ob_log_file_handler.cpp:320-321); there is no bound on the rounds, only a WARN when the whole open took over 30 s (ob_log_file_handler.cpp:332-335). Other codes end the loop and are returned (ob_log_file_handler.cpp:340).	confirmed
src/share/redolog/ob_log_file_reader.cpp	ObLogFileReader2::evict_fd_from_map	line 256: ret != OB_HASH_NOT_EXIST	LOOKUP_OUTCOME	} else if ob_fail!(ret = self.quick_map_.erase_refactored(fd_key, Some(&mut target))) && !matches!(ret, Err(OB_HASH_NOT_EXIST)) {} else if matches!(ret, Err(OB_HASH_NOT_EXIST)) { ret = Ok(()); } else if .. as the C++ writes the chain, on the local ret, an ObResult, in the local-ret form (s2-errors.md 2.3), under the callers' guard on lock_ where the C++ holds it (vocabulary section 5, Locks); this row is the first condition's !matches!, which sends the code to the reset of :257-258 (ret-compare.tsv:1941). The ObHashMap port keeps answering OB_HASH_NOT_EXIST for a miss and OB_NOT_INIT for a map never created, never an Option or a bool, until parity (s2-errors.md 2.4 rules 1 and 2).	sweep: ret-compare.tsv:1940 (data row 1939). Producer: quick_map_.erase_refactored(fd_key, &target) at ob_log_file_reader.cpp:256, on quick_map_, an ObHashMap<ObLogReadFdKey, ObLogReadFdCacheItem*, NoPthreadDefendMode> (src/share/redolog/ob_log_file_reader.h:129, :136); erase_refactored answers OB_HASH_NOT_EXIST for a key not in the map (src/oblib/lib/hash/ob_hashtable.h:1379) and OB_NOT_INIT for a map never created (ob_hashtable.h:1369). Holder: the local ret (ob_log_file_reader.cpp:251). Code's branch: the test is false for the code, which goes to the else-if that resets ret (ob_log_file_reader.cpp:257-258): an fd no longer in the map needs no eviction. The callers hold lock_ around the call (ob_log_file_reader.cpp:289, :363, and try_get_cache under :320). Consumer: nothing outside this file: git grep -n 'ob_log_file_reader.h' 834bbee1e -- src finds the header included only by src/share/redolog/ob_log_file_reader.cpp, so ObLogFileReader2 has no user in src.	confirmed
src/share/redolog/ob_log_file_reader.cpp	ObLogFileReader2::evict_fd_from_map	line 257: ret == OB_HASH_NOT_EXIST	LOOKUP_OUTCOME	} else if matches!(ret, Err(OB_HASH_NOT_EXIST)) { ret = Ok(()); } else if .., the second condition of the chain of ret-compare.tsv:1940, on the local ret, an ObResult, in the local-ret form (s2-errors.md 2.3); the reset stays at the same place (s2-errors.md 2.4 rule 1). The ObHashMap port keeps answering OB_HASH_NOT_EXIST for a miss and OB_NOT_INIT for a map never created, never an Option or a bool, until parity (s2-errors.md 2.4 rules 1 and 2).	sweep: ret-compare.tsv:1941 (data row 1940). Producer: quick_map_.erase_refactored(fd_key, &target) at ob_log_file_reader.cpp:256, on quick_map_, an ObHashMap<ObLogReadFdKey, ObLogReadFdCacheItem*, NoPthreadDefendMode> (src/share/redolog/ob_log_file_reader.h:129, :136), which answers OB_HASH_NOT_EXIST for a key not in the map (src/oblib/lib/hash/ob_hashtable.h:1379). Holder: the local ret (ob_log_file_reader.cpp:251). Code's branch: ret = OB_SUCCESS (ob_log_file_reader.cpp:258): nothing to evict; the code never leaves the site.	confirmed
src/share/redolog/ob_log_file_reader.cpp	ObLogFileReader2::get_fd	line 321: ret != OB_HASH_NOT_EXIST	LOOKUP_OUTCOME	if ob_fail!(ret = self.try_get_cache(&fd_key, &mut ret_item)) && !matches!(ret, Err(OB_HASH_NOT_EXIST)) {} else { hit_cache = ret.is_ok(); ret = Ok(()); .. } under the guard on lock_, where the C++ holds it (vocabulary section 5, Locks), on the local ret, an ObResult, in the local-ret form (s2-errors.md 2.3); the empty branch and the else keep the C++ order (s2-errors.md 2.3, 2.4 rule 1). try_get_cache keeps passing on the map's OB_HASH_NOT_EXIST for a miss, never an Option or a bool (s2-errors.md 2.4 rules 1 and 2).	sweep: ret-compare.tsv:1942 (data row 1941). Producer: try_get_cache(fd_key, ret_item) at ob_log_file_reader.cpp:321, which returns the OB_HASH_NOT_EXIST of quick_map_.get_refactored for a key not cached (ob_log_file_reader.cpp:495-498; ret-compare.tsv:1946-1947) and sets it itself after evicting an entry that is too old (ob_log_file_reader.cpp:501-505); the map is quick_map_, an ObHashMap<ObLogReadFdKey, ObLogReadFdCacheItem*, NoPthreadDefendMode> (src/share/redolog/ob_log_file_reader.h:129, :136). Holder: the local ret (ob_log_file_reader.cpp:305). Code's branch: the else: hit_cache = false and ret = OB_SUCCESS (ob_log_file_reader.cpp:322-324), so after the guard the function opens the file and puts a new item in the map (ob_log_file_reader.cpp:332-341); the code never leaves the site. Consumer: nothing outside this file: git grep -n 'ob_log_file_reader.h' 834bbee1e -- src finds the header included only by src/share/redolog/ob_log_file_reader.cpp, so ObLogFileReader2 has no user in src.	confirmed
src/share/redolog/ob_log_file_reader.cpp	ObLogFileReader2::do_clear_work	line 399: ret == OB_ITER_END	END_OF_DATA	if matches!(ret, Err(OB_ITER_END)) { ret = Ok(()); } on the local ret after the while ret.is_ok() && <cur is not null> loop, on the local ret, an ObResult, in the local-ret form (s2-errors.md 2.3); the reset stays where the C++ has it, and the loop body keeps ret = Err(OB_ITER_END) at its place as the round's stop (s2-errors.md 2.4 rule 1).	sweep: ret-compare.tsv:1943 (data row 1942). Producer: the function itself: ret = OB_ITER_END, commented 'stop this round, take a rest', when the oldest cached fd is younger than cache_evict_time_in_us_ (ob_log_file_reader.cpp:364-365), inside the guard on lock_ (ob_log_file_reader.cpp:363). The code stops the eviction round early, not an exhausted iteration; a walk that reaches the list's head ends with ret still OB_SUCCESS. Holder: the local ret (ob_log_file_reader.cpp:353). Code's branch: ret = OB_SUCCESS (ob_log_file_reader.cpp:400); the code never leaves the site. Consumer: EvictTask::runTimerTask calls do_clear_work and drops its code (ob_log_file_reader.cpp:140).	confirmed
src/share/redolog/ob_log_file_reader.cpp	ObLogFileReader2::put_new_item	line 448: ret != OB_HASH_EXIST	LOOKUP_OUTCOME	if ob_fail!(ret = self.quick_map_.set_refactored(fd_key, new_item)) && !matches!(ret, Err(OB_HASH_EXIST)) {} else if matches!(ret, Err(OB_HASH_EXIST)) { .. } else { .. } as the C++ writes the chain, on the local ret, an ObResult, in the local-ret form (s2-errors.md 2.3), under the caller's guard on lock_ where the C++ holds it (vocabulary section 5, Locks); this row is the first condition's !matches!, which sends the code to the branch of :449-457 (ret-compare.tsv:1945). The ObHashMap port keeps answering OB_HASH_EXIST for a key already set, never an Option or a bool, until parity (s2-errors.md 2.4 rules 1 and 2); the item the map holds and the LRU list links is held as an Arc or an id, which changes no code.	sweep: ret-compare.tsv:1944 (data row 1943). Producer: quick_map_.set_refactored(fd_key, new_item) at ob_log_file_reader.cpp:447, on quick_map_, an ObHashMap<ObLogReadFdKey, ObLogReadFdCacheItem*, NoPthreadDefendMode> (src/share/redolog/ob_log_file_reader.h:129, :136); set_refactored answers OB_HASH_EXIST when the key is already in the map (src/oblib/lib/hash/ob_hashtable.h:1237). Holder: the local ret (ob_log_file_reader.cpp:426). Code's branch: the test is false for the code, which goes to the else-if (ob_log_file_reader.cpp:449-457): another thread cached the file first, so this one closes its own fd, deletes its item and takes the cached one. get_fd calls put_new_item under lock_ (ob_log_file_reader.cpp:337-338). Consumer: nothing outside this file: git grep -n 'ob_log_file_reader.h' 834bbee1e -- src finds the header included only by src/share/redolog/ob_log_file_reader.cpp, so ObLogFileReader2 has no user in src.	confirmed
src/share/redolog/ob_log_file_reader.cpp	ObLogFileReader2::put_new_item	line 449: ret == OB_HASH_EXIST	LOOKUP_OUTCOME	} else if matches!(ret, Err(OB_HASH_EXIST)) { <close open_io_fd>; <drop new_item, leaving it null>; if ob_fail!(ret = self.try_get_cache(&fd_key, ret_item)) {} } else { .. }, the second condition of the chain of ret-compare.tsv:1944, on the local ret, an ObResult, in the local-ret form (s2-errors.md 2.3); the close, the drop of the new item and the second lookup keep the C++ order (RULEBOOK section 0), and the ObHashMap port keeps answering OB_HASH_EXIST for a key already set (s2-errors.md 2.4 rules 1 and 2). OB_DELETE sets new_item to NULL (src/oblib/lib/allocator/ob_malloc.h:683), so the item is dropped once, as in C++. The close leaves open_io_fd as it was, so when try_get_cache then fails, for example on a cached entry it evicts as too old (ob_log_file_reader.cpp:501-505) or on an entry gone from the map (ob_log_file_reader.cpp:497), the cleanup at :474-477 closes open_io_fd a second time; the Rust keeps that second close, and the site carries a BUG(port) line naming the double close (RULEBOOK 2.10, the BUG rule).	sweep: ret-compare.tsv:1945 (data row 1944). Producer: quick_map_.set_refactored(fd_key, new_item) at ob_log_file_reader.cpp:447, on quick_map_, an ObHashMap<ObLogReadFdKey, ObLogReadFdCacheItem*, NoPthreadDefendMode> (src/share/redolog/ob_log_file_reader.h:129, :136), which answers OB_HASH_EXIST when the key is already in the map (src/oblib/lib/hash/ob_hashtable.h:1237). Holder: the local ret (ob_log_file_reader.cpp:426). Code's branch: commented that some thread already put the fd: the branch closes its own fd (ob_log_file_reader.cpp:451), deletes its item, which OB_DELETE also sets to NULL (ob_log_file_reader.cpp:452-455; src/oblib/lib/allocator/ob_malloc.h:683), and takes the cached item with try_get_cache, whose code overwrites ret (ob_log_file_reader.cpp:456-457); the code never leaves the site. The close takes the fd by const reference and leaves it as it was (src/oblib/lib/restore/ob_io_device.h:321; src/share/ob_local_device.cpp:491-497; src/share/ob_io_device_helper.cpp:296-307), so is_normal_file() still holds (src/oblib/lib/restore/ob_io_device.h:46). If try_get_cache's code is a failure, the cleanup closes open_io_fd again (ob_log_file_reader.cpp:474-477); new_item is already NULL, so it is not freed twice (ob_log_file_reader.cpp:478). Consumer: nothing outside this file: git grep -n 'ob_log_file_reader.h' 834bbee1e -- src finds the header included only by src/share/redolog/ob_log_file_reader.cpp (its other match is the build's header list, src/share/share_header_inventory.bzl), so ObLogFileReader2 has no user in src.	confirmed
src/share/redolog/ob_log_file_reader.cpp	ObLogFileReader2::try_get_cache	line 496: ret != OB_HASH_NOT_EXIST	LOOKUP_OUTCOME	} else if ob_fail!(ret = self.quick_map_.get_refactored(fd_key, &mut p_item, 0)) && !matches!(ret, Err(OB_HASH_NOT_EXIST)) {} else if matches!(ret, Err(OB_HASH_NOT_EXIST)) {} else if .. as the C++ writes the chain, on the local ret, an ObResult, in the local-ret form (s2-errors.md 2.3), under the callers' guard on lock_ where the C++ holds it (vocabulary section 5, Locks); this row is the first condition's !matches!, which sends the code to the empty 'cache miss' branch of :497-498 (ret-compare.tsv:1947). The ObHashMap port keeps answering OB_HASH_NOT_EXIST for a miss and OB_NOT_INIT for a map never created, never an Option or a bool, until parity (s2-errors.md 2.4 rules 1 and 2).	sweep: ret-compare.tsv:1946 (data row 1945). Producer: quick_map_.get_refactored(fd_key, p_item) at ob_log_file_reader.cpp:495, on quick_map_, an ObHashMap<ObLogReadFdKey, ObLogReadFdCacheItem*, NoPthreadDefendMode> (src/share/redolog/ob_log_file_reader.h:129, :136); get_refactored answers OB_HASH_NOT_EXIST for a missing key (src/oblib/lib/hash/ob_hashtable.h:1131) and OB_NOT_INIT for a map never created (ob_hashtable.h:1135). Holder: the local ret (ob_log_file_reader.cpp:489). Code's branch: the test is false for the code, which goes to the empty else-if commented 'cache miss' (ob_log_file_reader.cpp:497-498); the code stays in ret and is returned (ob_log_file_reader.cpp:512). Escapes: get_fd takes it as a miss and opens the file (ob_log_file_reader.cpp:321-324; ret-compare.tsv:1942), and put_new_item returns it after a lost race (ob_log_file_reader.cpp:456).	confirmed
src/share/redolog/ob_log_file_reader.cpp	ObLogFileReader2::try_get_cache	line 497: ret == OB_HASH_NOT_EXIST	LOOKUP_OUTCOME	} else if matches!(ret, Err(OB_HASH_NOT_EXIST)) {} else if .., the second condition of the chain of ret-compare.tsv:1946, on the local ret, an ObResult, in the local-ret form (s2-errors.md 2.3); the empty branch stays with its C++ comment dropped (s2-errors.md 2.3), and OB_HASH_NOT_EXIST stays in ret and is returned (s2-errors.md 2.4 rule 1). The ObHashMap port keeps answering OB_HASH_NOT_EXIST for a miss and OB_NOT_INIT for a map never created, never an Option or a bool, until parity (s2-errors.md 2.4 rules 1 and 2).	sweep: ret-compare.tsv:1947 (data row 1946). Producer: quick_map_.get_refactored(fd_key, p_item) at ob_log_file_reader.cpp:495, on quick_map_, an ObHashMap<ObLogReadFdKey, ObLogReadFdCacheItem*, NoPthreadDefendMode> (src/share/redolog/ob_log_file_reader.h:129, :136), which answers OB_HASH_NOT_EXIST for a key not in the map (src/oblib/lib/hash/ob_hashtable.h:1131). Holder: the local ret (ob_log_file_reader.cpp:489). Code's branch: empty, commented 'cache miss' (ob_log_file_reader.cpp:497-498); ret_item stays null and the code is returned (ob_log_file_reader.cpp:512). Escapes: get_fd takes it as a miss and opens the file (ob_log_file_reader.cpp:321-324; ret-compare.tsv:1942), and put_new_item returns it after a lost race (ob_log_file_reader.cpp:456).	confirmed
src/share/resource_limit_calculator/ob_resource_limit_calculator.cpp	ObResourceLimitCalculator::get_runtime_logical_resource	line 292: ret != OB_ITER_END	END_OF_DATA	if !matches!(ret, Err(OB_ITER_END)) {} inside the failure branch of if ob_fail!(ret = iter.get_next(&mut info)) in the while ret.is_ok() loop, on the local ret, an ObResult, in the local-ret form (s2-errors.md 2.3); the empty branch stays (s2-errors.md 2.3), and the loop condition is evaluated each round (RULEBOOK section 0). The iterator keeps ending with Err(OB_ITER_END), never an Option or a bool (s2-errors.md 2.4 rule 1).	sweep: ret-compare.tsv:1948 (data row 1947). Producer: iter.get_next(info) at ob_resource_limit_calculator.cpp:291, ObLogicResourceStatIterator::get_next, which answers OB_ITER_END once curr_type_ passes the last logic resource type (ob_resource_limit_calculator.cpp:55-57). Holder: the local ret (ob_resource_limit_calculator.cpp:282). Code's branch: nothing: the if body is empty (ob_resource_limit_calculator.cpp:292-293) and no else follows; the code stays in ret, the loop ends through its OB_SUCC(ret) condition (ob_resource_limit_calculator.cpp:290), and the test after the loop turns OB_ITER_END into OB_SUCCESS (ob_resource_limit_calculator.cpp:297-298; ret-compare.tsv:1949). Other codes end the loop the same way and are returned (ob_resource_limit_calculator.cpp:301).	confirmed
src/share/resource_limit_calculator/ob_resource_limit_calculator.cpp	ObResourceLimitCalculator::get_runtime_logical_resource	line 297: ret == OB_ITER_END	END_OF_DATA	if matches!(ret, Err(OB_ITER_END)) { ret = Ok(()); } on the local ret after the while ret.is_ok() loop, on the local ret, an ObResult, in the local-ret form (s2-errors.md 2.3); the reset stays where the C++ has it (s2-errors.md 2.4 rule 1). The iterator keeps ending with Err(OB_ITER_END), never an Option or a bool (s2-errors.md 2.4 rule 1).	sweep: ret-compare.tsv:1949 (data row 1948). Producer: iter.get_next(info) at ob_resource_limit_calculator.cpp:291, the loop's last call (ret-compare.tsv:1948), ObLogicResourceStatIterator::get_next, which answers OB_ITER_END once curr_type_ passes the last logic resource type (ob_resource_limit_calculator.cpp:55-57). Holder: the local ret (ob_resource_limit_calculator.cpp:282). Code's branch: ret = OB_SUCCESS (ob_resource_limit_calculator.cpp:298): every logic resource type was read into arg; the code never leaves the site. Other codes are returned (ob_resource_limit_calculator.cpp:301); git grep -n 'get_runtime_logical_resource(' 834bbee1e -- src finds no caller besides the declaration and the definition.	confirmed
src/share/schema/ob_ai_model_mgr.cpp	ObAiModelMgr::get_ai_model_schema	line 210: ret == OB_HASH_NOT_EXIST	LOOKUP_OUTCOME	if matches!(ret, Err(OB_HASH_NOT_EXIST)) { ret = Ok(()); } else { } inside the failure branch of else if ob_fail!(ret = self.ai_model_id_map_.get_refactored(ai_model_id, &mut tmp_schema)), on the local ret, an ObResult, in the local-ret form (s2-errors.md 2.3); the reset and the empty else stay (s2-errors.md 2.3, 2.4 rule 1). The ObPointerHashMap port keeps answering OB_HASH_NOT_EXIST for a miss, OB_HASH_EXIST for a key already set and OB_NOT_INIT before its first sub map exists, never an Option or a bool, until parity (s2-errors.md 2.4 rules 1 and 2); the schema the map points at is held as an Arc or an id, which changes no code. Core unit (core-manifest.tsv:297): this form where the core keeps the function (RULEBOOK section 0).	sweep: ret-compare.tsv:1950 (data row 1949). Producer: ai_model_id_map_.get_refactored(ai_model_id, tmp_schema) at ob_ai_model_mgr.cpp:209; ai_model_id_map_ and ai_model_name_map_ are ObPointerHashMaps (src/share/schema/ob_ai_model_mgr.h:193-194, :237-238), and ObPointerHashMap::get_refactored answers OB_HASH_NOT_EXIST when no sub map holds the key (src/oblib/lib/hash/ob_pointer_hashmap.h:598, :604-605) and OB_NOT_INIT before its first sub map exists (ob_pointer_hashmap.h:600-601). Holder: the local ret (ob_ai_model_mgr.cpp:202). Code's branch: ret = OB_SUCCESS (ob_ai_model_mgr.cpp:211): an unknown id is not an error, and ai_model_schema is left as the caller set it; the code never leaves the site. Other codes take the empty else (ob_ai_model_mgr.cpp:212-213) and are returned (ob_ai_model_mgr.cpp:220). Consumer: ObSchemaGetterGuard::get_ai_model_schema by id passes the function's code on (src/share/schema/ob_ai_model_schema_getter_guard.ipp:53, :65).	confirmed
src/share/schema/ob_ai_model_mgr.cpp	ObAiModelMgr::get_ai_model_schema	line 238: ret == OB_HASH_NOT_EXIST	LOOKUP_OUTCOME	if matches!(ret, Err(OB_HASH_NOT_EXIST)) { ret = Ok(()); } else { } inside the failure branch of if ob_fail!(ret = self.ai_model_name_map_.get_refactored(hash_wrapper, &mut tmp_schema)), on the local ret, an ObResult, in the local-ret form (s2-errors.md 2.3); the reset and the empty else stay (s2-errors.md 2.3, 2.4 rule 1). The ObPointerHashMap port keeps answering OB_HASH_NOT_EXIST for a miss, OB_HASH_EXIST for a key already set and OB_NOT_INIT before its first sub map exists, never an Option or a bool, until parity (s2-errors.md 2.4 rules 1 and 2); the schema the map points at is held as an Arc or an id, which changes no code. Core unit (core-manifest.tsv:297): this form where the core keeps the function (RULEBOOK section 0).	sweep: ret-compare.tsv:1951 (data row 1950). Producer: ai_model_name_map_.get_refactored(hash_wrapper, tmp_schema) at ob_ai_model_mgr.cpp:237, keyed by the name and its case mode (ob_ai_model_mgr.cpp:235); ai_model_id_map_ and ai_model_name_map_ are ObPointerHashMaps (src/share/schema/ob_ai_model_mgr.h:193-194, :237-238), and ObPointerHashMap::get_refactored answers OB_HASH_NOT_EXIST when no sub map holds the key (src/oblib/lib/hash/ob_pointer_hashmap.h:598, :604-605) and OB_NOT_INIT before its first sub map exists (ob_pointer_hashmap.h:600-601). Holder: the local ret (ob_ai_model_mgr.cpp:227). Code's branch: ret = OB_SUCCESS (ob_ai_model_mgr.cpp:239): an unknown name is not an error, and ai_model_schema is left as the caller set it; the code never leaves the site. Other codes take the empty else (ob_ai_model_mgr.cpp:240-241) and are returned (ob_ai_model_mgr.cpp:249). Consumer: ObSchemaGetterGuard::get_ai_model_schema by name passes the function's code on (src/share/schema/ob_ai_model_schema_getter_guard.ipp:34, :47).	confirmed
src/share/schema/ob_ai_model_mgr.cpp	ObAiModelMgr::del_ai_model	line 322: other variable hash_ret != OB_HASH_NOT_EXIST	LOOKUP_OUTCOME	ret = if !matches!(hash_ret, Err(OB_HASH_NOT_EXIST)) { hash_ret } else { ret }; in the failure branch of if ob_fail!(hash_ret = self.ai_model_id_map_.erase_refactored(..)), the one form of OB_SUCCESS != (hash_ret = x) (s2-errors.md 2.3's table), hash_ret a local ObResult, since it holds only codes (s2-errors.md 2.2 rule 5), in a function in the local-ret form (s2-errors.md 2.3): the ternary is an if expression written as the C++ writes it, not an and (s2-errors.md 2.4 rule 4). The ObPointerHashMap port keeps answering OB_HASH_NOT_EXIST for a miss, OB_HASH_EXIST for a key already set and OB_NOT_INIT before its first sub map exists, never an Option or a bool, until parity (s2-errors.md 2.4 rules 1 and 2); the schema the map points at is held as an Arc or an id, which changes no code. Core unit (core-manifest.tsv:297): this form where the core keeps the function (RULEBOOK section 0).	sweep: ret-compare.tsv:1952 (data row 1951). Producer: hash_ret = ai_model_id_map_.erase_refactored(schema->get_ai_model_id()) at ob_ai_model_mgr.cpp:321, after the model was taken out of ai_model_infos_ (ob_ai_model_mgr.cpp:310-313); ai_model_id_map_ and ai_model_name_map_ are ObPointerHashMaps (src/share/schema/ob_ai_model_mgr.h:193-194, :237-238), and ObPointerHashMap::erase_refactored answers OB_HASH_NOT_EXIST when no sub map holds the key (src/oblib/lib/hash/ob_pointer_hashmap.h:671, :693-697) and OB_NOT_INIT before its first sub map exists (ob_pointer_hashmap.h:673-675). Holder: the local hash_ret (ob_ai_model_mgr.cpp:317). Code's branch: ret keeps its value, OB_SUCCESS here, so an entry already gone from the map is not an error; hash_ret is not read again and the code dies. Every other code is copied into ret. After the chain the consistency check rebuilds the maps when their counts differ from the sorted vector's (ob_ai_model_mgr.cpp:329-339), and ret is returned (ob_ai_model_mgr.cpp:342). Consumer: ObSchemaMgr::del_ai_model passes del_ai_model's code on (src/share/schema/ob_schema_mgr.cpp:3212, :3215).	confirmed
src/share/schema/ob_ai_model_mgr.cpp	ObAiModelMgr::del_ai_model	line 324: other variable hash_ret != OB_HASH_NOT_EXIST	LOOKUP_OUTCOME	ret = if !matches!(hash_ret, Err(OB_HASH_NOT_EXIST)) { hash_ret } else { ret }; in the failure branch of else if ob_fail!(hash_ret = self.ai_model_name_map_.erase_refactored(..)), the one form of OB_SUCCESS != (hash_ret = x) (s2-errors.md 2.3's table), hash_ret a local ObResult, since it holds only codes (s2-errors.md 2.2 rule 5), in a function in the local-ret form (s2-errors.md 2.3): the ternary is an if expression written as the C++ writes it, not an and (s2-errors.md 2.4 rule 4). The ObPointerHashMap port keeps answering OB_HASH_NOT_EXIST for a miss, OB_HASH_EXIST for a key already set and OB_NOT_INIT before its first sub map exists, never an Option or a bool, until parity (s2-errors.md 2.4 rules 1 and 2); the schema the map points at is held as an Arc or an id, which changes no code. Core unit (core-manifest.tsv:297): this form where the core keeps the function (RULEBOOK section 0).	sweep: ret-compare.tsv:1953 (data row 1952). Producer: hash_ret = ai_model_name_map_.erase_refactored(hash_wrapper) at ob_ai_model_mgr.cpp:323, keyed by the name and its case mode (ob_ai_model_mgr.cpp:318-319); ai_model_id_map_ and ai_model_name_map_ are ObPointerHashMaps (src/share/schema/ob_ai_model_mgr.h:193-194, :237-238), and ObPointerHashMap::erase_refactored answers OB_HASH_NOT_EXIST when no sub map holds the key (src/oblib/lib/hash/ob_pointer_hashmap.h:671, :693-697) and OB_NOT_INIT before its first sub map exists (ob_pointer_hashmap.h:673-675). Holder: the local hash_ret (ob_ai_model_mgr.cpp:317). Code's branch: ret keeps its value, OB_SUCCESS here, so an entry already gone from the map is not an error; hash_ret is not read again and the code dies. Every other code is copied into ret. After the chain the consistency check rebuilds the maps when their counts differ from the sorted vector's (ob_ai_model_mgr.cpp:329-339), and ret is returned (ob_ai_model_mgr.cpp:342). Consumer: ObSchemaMgr::del_ai_model passes del_ai_model's code on (src/share/schema/ob_schema_mgr.cpp:3212, :3215).	confirmed
src/share/schema/ob_ddl_epoch.cpp	ObDDLEpochMgr::promote_ddl_epoch	line 152: ret == OB_ENTRY_NOT_EXIST	OTHER	if matches!(ret, Err(OB_ENTRY_NOT_EXIST)) { ret = Ok(()); need_promote = true; } else { } inside the failure branch of if ob_fail!(ret = self.get_ddl_epoch(&mut ddl_epoch_tmp)), on the local ret, an ObResult, in the local-ret form (s2-errors.md 2.3), between the try_wrlock of lock_for_promote_ and its unlock, where the C++ has it (vocabulary section 5, Locks); the reset, the flag and the empty else keep the C++ order (RULEBOOK section 0; s2-errors.md 2.4 rule 1). Core unit (core-manifest.tsv:268): this form where the core keeps the function (RULEBOOK section 0).	sweep: ret-compare.tsv:1954 (data row 1953). Producer: get_ddl_epoch(ddl_epoch_tmp) at ob_ddl_epoch.cpp:151, which under the read lock on lock_ (ob_ddl_epoch.cpp:59) takes the first entry of ddl_epoch_stat_ and answers OB_ENTRY_NOT_EXIST when the array holds none (ob_ddl_epoch.cpp:61-69): no epoch is cached yet. The read takes the first entry by no key, id or name, so value 9's test (b) does not hold. Holder: the local ret (ob_ddl_epoch.cpp:133). Code's branch: ret = OB_SUCCESS and need_promote = true (ob_ddl_epoch.cpp:153-154), which drives the promotion: a new epoch in the inner table, a schema refresh and the cached epoch updated (ob_ddl_epoch.cpp:160-173); the code never leaves the site. Other codes take the empty else (ob_ddl_epoch.cpp:155-156) and are returned (ob_ddl_epoch.cpp:180).	confirmed
src/share/schema/ob_ddl_epoch.cpp	ObDDLEpochMgr::promote_ddl_epoch_inner_	line 196: ret == OB_ITER_END	END_OF_DATA	if matches!(ret, Err(OB_ITER_END)) { ret = Ok(()); if ob_fail!(ret = proxy.set_ddl_epoch(1, false)) {} else { ddl_epoch_tmp = 1; } } inside the failure branch of else if ob_fail!(ret = ObGlobalStatProxy::select_ddl_epoch_for_update(..)), on the local ret, an ObResult, in the local-ret form (s2-errors.md 2.3), under the guard on mutex_for_promote_ where the C++ holds it (vocabulary section 5, Locks); the reset and the write of the first epoch keep the C++ order (s2-errors.md 2.4 rule 1). The inner SQL result keeps ending with Err(OB_ITER_END), never an Option or a bool, and keeps that code at its boundary until parity (s2-errors.md 2.4 rules 1 and 2; ARCHITECTURE.md section 17 default 6). Core unit (core-manifest.tsv:268): this form where the core keeps the function (RULEBOOK section 0).	sweep: ret-compare.tsv:1955 (data row 1954). Producer: ObGlobalStatProxy::select_ddl_epoch_for_update(trans, ddl_epoch_tmp) at ob_ddl_epoch.cpp:194, which returns the first next()'s code (src/share/ob_global_stat_proxy.cpp:342, :377); ObMySQLResult::next is pure virtual (src/oblib/common/mysqlclient/ob_mysql_result.h:1560), and its one implementation in src, ObInnerSQLResult::next (grep -rnE 'public +([a-z:]*::)?ObMySQLResult\b' src prints only src/observer/ob_inner_sql_result.h:42), answers OB_ITER_END once the rows are used up (src/observer/ob_inner_sql_result.cpp:207-208, :216). Here OB_ITER_END means __all_core_table has no ddl_epoch row yet, not an exhausted scan. Holder: the local ret (ob_ddl_epoch.cpp:185). Code's branch: commented 'Compatibility': ret = OB_SUCCESS, then the epoch is written as 1 and kept in ddl_epoch_tmp (ob_ddl_epoch.cpp:197-201); the code never leaves the site. The guard on mutex_for_promote_ covers the whole function (ob_ddl_epoch.cpp:189).	confirmed
src/share/schema/ob_ddl_epoch.cpp	ObDDLEpochMgr::check_and_lock_ddl_epoch	line 230: ret == OB_ERR_NULL_VALUE	LOOKUP_OUTCOME	if matches!(ret, Err(OB_ERR_NULL_VALUE)) { let _ = self.remove_ddl_epoch(); } inside the failure branch of if ob_fail!(ret = global_stat_proxy.select_ddl_epoch_for_update(..)), on the local ret, an ObResult, in the local-ret form (s2-errors.md 2.3); the (void) call is let _ = (s2-errors.md 2.2 rule 4), and OB_ERR_NULL_VALUE stays in ret and is returned (s2-errors.md 2.4 rule 1). The inner SQL result's column getter keeps answering OB_ERR_NULL_VALUE for a NULL cell, never an Option or a bool (s2-errors.md 2.4 rules 1 and 2). Core unit (core-manifest.tsv:268): this form where the core keeps the function (RULEBOOK section 0).	sweep: ret-compare.tsv:1956 (data row 1955). Producer: global_stat_proxy.select_ddl_epoch_for_update(trans, ddl_epoch_core) at ob_ddl_epoch.cpp:229, whose EXTRACT_VARCHAR_FIELD_MYSQL of column_value (src/share/ob_global_stat_proxy.cpp:345) puts the getter's code in ret (src/oblib/common/mysqlclient/ob_mysql_result.h:643-650); ObInnerSQLResult answers OB_ERR_NULL_VALUE for a NULL cell (src/observer/ob_inner_sql_result.cpp:38-39, :314), a column getter read by name. Holder: the local ret (ob_ddl_epoch.cpp:223). Code's branch: the cached epoch is dropped, the call's code ignored (ob_ddl_epoch.cpp:231-232), so the next promote builds a new one; the code stays in ret and is returned (ob_ddl_epoch.cpp:242). Escapes: ObDDLSQLTransaction::lock_ddl_epoch_ passes it on (src/rootserver/ob_ddl_service.cpp:21989, :21994-21997).	confirmed
src/share/schema/ob_dependency_info.cpp	ObDependencyInfo::collect_ref_infos	line 418: ret != OB_ITER_END	END_OF_DATA	if !matches!(ret, Err(OB_ITER_END)) {} else { ret = Ok(()); break; } inside the failure branch of if ob_fail!(ret = result.next()) in the while ret.is_ok() loop, the OB_UNLIKELY dropped (RULEBOOK 2.3), on the local ret, an ObResult, in the local-ret form (s2-errors.md 2.3); the empty branch, the reset and the break stay (s2-errors.md 2.3, 2.4 rule 1). The inner SQL result keeps ending with Err(OB_ITER_END), never an Option or a bool, and keeps that code at its boundary until parity (s2-errors.md 2.4 rules 1 and 2; ARCHITECTURE.md section 17 default 6). Core unit (core-manifest.tsv:348): this form where the core keeps the function (RULEBOOK section 0).	sweep: ret-compare.tsv:1957 (data row 1956). Producer: result->next() at ob_dependency_info.cpp:417, over the rows of __all_dependency with the given dep_obj_id; ObMySQLResult::next is pure virtual (src/oblib/common/mysqlclient/ob_mysql_result.h:1560), and its one implementation in src, ObInnerSQLResult::next (grep -rnE 'public +([a-z:]*::)?ObMySQLResult\b' src prints only src/observer/ob_inner_sql_result.h:42), answers OB_ITER_END once the rows are used up (src/observer/ob_inner_sql_result.cpp:207-208, :216). Holder: the local ret (ob_dependency_info.cpp:402). Code's branch: the else resets ret and breaks (ob_dependency_info.cpp:419-421): every row was parsed into deps; the code never leaves the site. Other codes take the empty branch (ob_dependency_info.cpp:418), end the loop through its OB_SUCC(ret) condition (ob_dependency_info.cpp:416) and are returned (ob_dependency_info.cpp:432).	confirmed
src/share/schema/ob_dependency_info.cpp	ObDependencyInfo::collect_dep_infos	line 455: ret != OB_ITER_END	END_OF_DATA	if !matches!(ret, Err(OB_ITER_END)) {} else { ret = Ok(()); break; } inside the failure branch of if ob_fail!(ret = result.next()) in the while ret.is_ok() loop, the OB_UNLIKELY dropped (RULEBOOK 2.3), on the local ret, an ObResult, in the local-ret form (s2-errors.md 2.3); the empty branch, the reset and the break stay (s2-errors.md 2.3, 2.4 rule 1). The inner SQL result keeps ending with Err(OB_ITER_END), never an Option or a bool, and keeps that code at its boundary until parity (s2-errors.md 2.4 rules 1 and 2; ARCHITECTURE.md section 17 default 6). Core unit (core-manifest.tsv:348): this form where the core keeps the function (RULEBOOK section 0).	sweep: ret-compare.tsv:1958 (data row 1957). Producer: result->next() at ob_dependency_info.cpp:454, over the rows of __all_dependency with the given ref_obj_id; ObMySQLResult::next is pure virtual (src/oblib/common/mysqlclient/ob_mysql_result.h:1560), and its one implementation in src, ObInnerSQLResult::next (grep -rnE 'public +([a-z:]*::)?ObMySQLResult\b' src prints only src/observer/ob_inner_sql_result.h:42), answers OB_ITER_END once the rows are used up (src/observer/ob_inner_sql_result.cpp:207-208, :216). Holder: the local ret (ob_dependency_info.cpp:439). Code's branch: the else resets ret and breaks (ob_dependency_info.cpp:456-458): every row was parsed into deps; the code never leaves the site. Other codes take the empty branch (ob_dependency_info.cpp:455), end the loop through its OB_SUCC(ret) condition (ob_dependency_info.cpp:453) and are returned (ob_dependency_info.cpp:469).	confirmed
src/share/schema/ob_dependency_info.cpp	ObDependencyInfo::collect_all_dep_objs_inner	line 514: ret == OB_ITER_END	END_OF_DATA	if matches!(ret, Err(OB_ITER_END)) { ret = Ok(()); } else { ret = ret.and(Err(OB_ERR_UNEXPECTED)); } after the while ob_succ!(ret = result.next()) loop, on the local ret, an ObResult, in the local-ret form (s2-errors.md 2.3); the reset stays at its place (s2-errors.md 2.4 rule 1), and the else's ternary, which means ret unless ret is success, then OB_ERR_UNEXPECTED, is a merge written as a.and(b) in any spelling (s2-errors.md 2.3's table; 2.4 rule 4; RULEBOOK 2.1). The loop condition assigns next()'s code to ret each round, so an error the body sets for a row, OB_ERR_UNEXPECTED for a bad type or a push_back failure, is overwritten by the next row's next() and lost; that stays as the C++ writes it, and the site carries a BUG(port) line (RULEBOOK 2.10, the BUG rule). The inner SQL result keeps ending with Err(OB_ITER_END), never an Option or a bool, and keeps that code at its boundary until parity (s2-errors.md 2.4 rules 1 and 2; ARCHITECTURE.md section 17 default 6). Core unit (core-manifest.tsv:348): this form where the core keeps the function (RULEBOOK section 0).	sweep: ret-compare.tsv:1959 (data row 1958). Producer: result->next() at ob_dependency_info.cpp:498, the loop condition's call; ObMySQLResult::next is pure virtual (src/oblib/common/mysqlclient/ob_mysql_result.h:1560), and its one implementation in src, ObInnerSQLResult::next (grep -rnE 'public +([a-z:]*::)?ObMySQLResult\b' src prints only src/observer/ob_inner_sql_result.h:42), answers OB_ITER_END once the rows are used up (src/observer/ob_inner_sql_result.cpp:207-208, :216). Holder: the local ret (ob_dependency_info.cpp:484). Code's branch: ret = OB_SUCCESS (ob_dependency_info.cpp:515): every dependent row was read; the code never leaves the site. Any other code is kept by the else, which can only see a failure there (ob_dependency_info.cpp:516-517). The loop body sets ret itself for a row with a bad type or a failed push_back (ob_dependency_info.cpp:504-511), and the next round's condition overwrites that code (ob_dependency_info.cpp:498). The function then recurses into each new object (ob_dependency_info.cpp:528-531) and returns ret (ob_dependency_info.cpp:533).	confirmed
src/share/schema/ob_dependency_info.cpp	ObDependencyInfo::collect_all_dep_objs	line 596: ret == OB_ITER_END	END_OF_DATA	if matches!(ret, Err(OB_ITER_END)) { ret = Ok(()); } else { ret = ret.and(Err(OB_ERR_UNEXPECTED)); } after the while ob_succ!(ret = result.next()) loop, on the local ret, an ObResult, in the local-ret form (s2-errors.md 2.3); the reset stays at its place (s2-errors.md 2.4 rule 1), and the else's ternary, which means ret unless ret is success, then OB_ERR_UNEXPECTED, is a merge written as a.and(b) in any spelling (s2-errors.md 2.3's table; 2.4 rule 4; RULEBOOK 2.1). The loop condition assigns next()'s code to ret each round, so an error the body sets for a row, OB_ERR_UNEXPECTED for a bad type or a push_back failure, is overwritten by the next row's next() and lost; that stays as the C++ writes it, and the site carries a BUG(port) line (RULEBOOK 2.10, the BUG rule). The inner SQL result keeps ending with Err(OB_ITER_END), never an Option or a bool, and keeps that code at its boundary until parity (s2-errors.md 2.4 rules 1 and 2; ARCHITECTURE.md section 17 default 6). Core unit (core-manifest.tsv:348): this form where the core keeps the function (RULEBOOK section 0).	sweep: ret-compare.tsv:1960 (data row 1959). Producer: result->next() at ob_dependency_info.cpp:578, the loop condition's call; ObMySQLResult::next is pure virtual (src/oblib/common/mysqlclient/ob_mysql_result.h:1560), and its one implementation in src, ObInnerSQLResult::next (grep -rnE 'public +([a-z:]*::)?ObMySQLResult\b' src prints only src/observer/ob_inner_sql_result.h:42), answers OB_ITER_END once the rows are used up (src/observer/ob_inner_sql_result.cpp:207-208, :216). Holder: the local ret (ob_dependency_info.cpp:553). Code's branch: ret = OB_SUCCESS (ob_dependency_info.cpp:597): every dependent row was read; the code never leaves the site. Any other code is kept by the else, which can only see a failure there (ob_dependency_info.cpp:598-599). The loop body sets ret itself for a row with a bad type or a failed push_back (ob_dependency_info.cpp:587-593), and the next round's condition overwrites that code (ob_dependency_info.cpp:578). The function then recurses with the new objects (ob_dependency_info.cpp:605-613) and returns ret (ob_dependency_info.cpp:615).	confirmed
src/share/schema/ob_dependency_info.cpp	ObReferenceObjTable::get_or_add_def_obj_item	line 1012: ret == OB_HASH_NOT_EXIST	LOOKUP_OUTCOME	if matches!(ret, Err(OB_HASH_NOT_EXIST)) { ret = Ok(()); ov!(ret, <buf is not null>, OB_ALLOCATE_MEMORY_FAILED, ..); ox!(ret, dep_obj_item = ..); oz!(ret = self.ref_obj_version_table_.set_refactored(ref_obj_key, dep_obj_item), ..); } else { } inside the failure branch of if ob_fail!(ret = self.ref_obj_version_table_.get_refactored(..)), on the local ret, an ObResult, in the local-ret form (s2-errors.md 2.3); the reset and the insert keep the C++ order (s2-errors.md 2.3's table), and the OV check of the allocation follows the out-of-memory rules, outside this row (s2-errors.md 2.4 rule 9). The ObHashMap port keeps answering OB_HASH_NOT_EXIST for a miss and OB_NOT_INIT for a map never created, never an Option or a bool, until parity (s2-errors.md 2.4 rules 1 and 2). The item the map holds is kept as an Arc or an id, which changes no code. Core unit (core-manifest.tsv:348): this form where the core keeps the function (RULEBOOK section 0).	sweep: ret-compare.tsv:1961 (data row 1960). Producer: ref_obj_version_table_.get_refactored(ref_obj_key, dep_obj_item) at ob_dependency_info.cpp:1011, on RefObjVersionMap, an ObHashMap<ObDependencyObjKey, ObDependencyObjItem *> (src/share/schema/ob_dependency_info.h:394, :449) created on first use (ob_dependency_info.cpp:1002-1006); get_refactored answers OB_HASH_NOT_EXIST for a missing key (src/oblib/lib/hash/ob_hashtable.h:1131) and OB_NOT_INIT for a map never created (ob_hashtable.h:1135). Holder: the local ret (ob_dependency_info.cpp:1000). Code's branch: ret = OB_SUCCESS, then a new item is allocated, built and put in the map under the key (ob_dependency_info.cpp:1013-1018): get or add; the code never leaves the site. Other codes take the empty else (ob_dependency_info.cpp:1019-1020) and are returned (ob_dependency_info.cpp:1023). Consumer: add_ref_obj_version takes the item (ob_dependency_info.cpp:1034-1036).	confirmed
src/share/schema/ob_error_info.cpp	ObErrorInfo::get_error_obj_seq	line 315: ret == OB_ITER_END	END_OF_DATA	if matches!(ret, Err(OB_ITER_END)) { ret = Ok(()); } after the read, on the local ret, an ObResult, in the local-ret form (s2-errors.md 2.3); the reset stays where the C++ has it (s2-errors.md 2.4 rule 1). The inner SQL result keeps ending with Err(OB_ITER_END), never an Option or a bool, and keeps that code at its boundary until parity (s2-errors.md 2.4 rules 1 and 2; ARCHITECTURE.md section 17 default 6). Core unit (core-manifest.tsv:288): this form where the core keeps the function (RULEBOOK section 0).	sweep: ret-compare.tsv:1962 (data row 1961). Producer: ret = result->next() at ob_error_info.cpp:307, assigned inside the test after the select by obj_id, obj_seq and obj_type (ob_error_info.cpp:295-301); ObMySQLResult::next is pure virtual (src/oblib/common/mysqlclient/ob_mysql_result.h:1560), and its one implementation in src, ObInnerSQLResult::next (grep -rnE 'public +([a-z:]*::)?ObMySQLResult\b' src prints only src/observer/ob_inner_sql_result.h:42), answers OB_ITER_END once the rows are used up (src/observer/ob_inner_sql_result.cpp:207-208, :216). Holder: the local ret (ob_error_info.cpp:290). Code's branch: ret = OB_SUCCESS (ob_error_info.cpp:316): no error row matches, and exist is already false from the else of the read (ob_error_info.cpp:309-310); the code never leaves the site. Other codes are returned (ob_error_info.cpp:319). Consumer: handle_error_info decides from exist whether to add or delete the error row (ob_error_info.cpp:331-340).	confirmed
src/share/schema/ob_latest_schema_guard.cpp	ObLatestSchemaGuard::check_inner_stat_	line 47: ret == OB_ENTRY_NOT_EXIST	RENAMED	if matches!(ret, Err(OB_ENTRY_NOT_EXIST)) { ret = Err(OB_RUNTIME_SCHEMA_NOT_READY); } else { } inside the failure branch of else if ob_fail!(ret = self.schema_service_.get_runtime_refreshed_schema_version(&mut schema_version)), on the local ret, an ObResult, in the local-ret form (s2-errors.md 2.3): the rename at the same place, never map_err or if let Err (s2-errors.md 2.4 rule 3; 2.15 item 7), the empty else kept (s2-errors.md 2.3); the test stays though the code cannot arrive (vocabulary section 3, item 3). Core unit (core-manifest.tsv:308): this form where the core keeps the function (RULEBOOK section 0).	sweep: ret-compare.tsv:1963 (data row 1962). Producer: schema_service_->get_runtime_refreshed_schema_version(schema_version) at ob_latest_schema_guard.cpp:46; the method is virtual (src/share/schema/ob_multi_version_schema_service.h:208), git grep -nE 'public (share::schema::)?ObMultiVersionSchemaService' 834bbee1e -- src finds no subclass, and ObMultiVersionSchemaService's own version only reads the store's refreshed version and returns OB_SUCCESS (src/share/schema/ob_multi_version_schema_service.cpp:2159-2172). So no statement of the producer sets OB_ENTRY_NOT_EXIST, and the row takes what the branch would do. Holder: the local ret (ob_latest_schema_guard.cpp:42). Code's branch: ret = OB_RUNTIME_SCHEMA_NOT_READY (ob_latest_schema_guard.cpp:48). Escapes: check_inner_stat_ opens the guard's getters (ob_latest_schema_guard.cpp:60, :80), which would return the renamed code; since the rename cannot fire, no caller receives it from here. OB_RUNTIME_SCHEMA_NOT_READY is one of the codes the DDL retry white list takes as retryable (src/share/ob_ddl_task_executor.h:97).	confirmed
src/share/schema/ob_latest_schema_guard.cpp	ObLatestSchemaGuard::get_schema_	line 85: ret != OB_ENTRY_NOT_EXIST	LOOKUP_OUTCOME	if !matches!(ret, Err(OB_ENTRY_NOT_EXIST)) {} else if ob_fail!(ret = self.schema_service_.get_latest_schema(..)) {} else if <base_schema is null> {} else if ob_fail!(ret = self.put_to_local_cache_(..)) {} else { .. } inside the failure branch of else if ob_fail!(ret = self.get_from_local_cache_(..)), on the local ret, an ObResult, in the local-ret form (s2-errors.md 2.3); the empty branches keep the C++ order (s2-errors.md 2.3). get_from_local_cache_ keeps answering OB_ENTRY_NOT_EXIST for a schema not cached, never an Option or a bool (s2-errors.md 2.4 rule 1). Core unit (core-manifest.tsv:308): this form where the core keeps the function (RULEBOOK section 0).	sweep: ret-compare.tsv:1964 (data row 1963). Producer: get_from_local_cache_(schema_type, schema_id, schema) at ob_latest_schema_guard.cpp:84, which searches schema_objs_ by schema type and id and answers OB_ENTRY_NOT_EXIST when none matches (ob_latest_schema_guard.cpp:112-120). Holder: the local ret (ob_latest_schema_guard.cpp:77). Code's branch: the test is false for the code, which goes on to fetch the latest schema from the inner tables and cache it in schema_objs_ (ob_latest_schema_guard.cpp:86-93); the first call overwrites the code, and a schema the tables lack leaves schema null and ret OB_SUCCESS (ob_latest_schema_guard.cpp:88-89). Other codes take the empty branch (ob_latest_schema_guard.cpp:85) and are returned (ob_latest_schema_guard.cpp:95).	confirmed
src/share/schema/ob_mock_fk_parent_table_mgr.cpp	ObMockFKParentTableMgr::rebuild_mock_fk_parent_table_hashmap	line 202: other variable hash_ret == OB_HASH_EXIST	LOOKUP_OUTCOME	ret = if matches!(hash_ret, Err(OB_HASH_EXIST)) { Ok(()) } else { hash_ret }; inside if hash_ret.is_err(), hash_ret a local ObResult initialized from the call, since it holds only codes (s2-errors.md 2.2 rule 5), in a function in the local-ret form (s2-errors.md 2.3): the ternary is an if expression written as the C++ writes it, not an and (s2-errors.md 2.4 rule 4), and the ERROR log after it takes ret (s2-errors.md 2.5 rule 1). The ObPointerHashMap port keeps answering OB_HASH_NOT_EXIST for a miss, OB_HASH_EXIST for a key already set and OB_NOT_INIT before its first sub map exists, never an Option or a bool, until parity (s2-errors.md 2.4 rules 1 and 2); the schema the map points at is held as an Arc or an id, which changes no code. Core unit (core-manifest.tsv:271): this form where the core keeps the function (RULEBOOK section 0).	sweep: ret-compare.tsv:1965 (data row 1964). Producer: hash_ret = map.set_refactored(hash_wrapper, schema, overwrite) at ob_mock_fk_parent_table_mgr.cpp:200, overwrite false (ob_mock_fk_parent_table_mgr.cpp:197); mock_fk_parent_table_map_ and the map this function rebuilds are ObPointerHashMaps keyed by database id and name (src/share/schema/ob_mock_fk_parent_table_mgr.h:94-96), and ObPointerHashMap::set_refactored with overwrite 0 answers OB_HASH_EXIST when a sub map already holds the key (src/oblib/lib/hash/ob_pointer_hashmap.h:405-408): two schemas with the same database and name. Holder: the local hash_ret (ob_mock_fk_parent_table_mgr.cpp:200), read only here. Code's branch: ret = OB_SUCCESS with an ERROR log naming the duplicate (ob_mock_fk_parent_table_mgr.cpp:202-205), so the rebuild goes on; the code dies. The count check after the loop then finds the map smaller than the vector and sets OB_DUPLICATE_OBJECT_NAME_EXIST (ob_mock_fk_parent_table_mgr.cpp:209-210), a statement every row reaches. The same line is sweep: reset.tsv:1074 (conditional reset, ternary yields OB_SUCCESS), whose row must name the same producer and give the same Rust.	confirmed
src/share/schema/ob_mock_fk_parent_table_mgr.cpp	ObMockFKParentTableMgr::del_mock_fk_parent_table	line 287: ret == OB_ENTRY_NOT_EXIST	LOOKUP_OUTCOME	if matches!(ret, Err(OB_ENTRY_NOT_EXIST)) { ret = Ok(()); <the INFO log> } else { <the ERROR log> } inside the failure branch of else if ob_fail!(ret = self.mock_fk_parent_table_infos_.remove_if(key, .., &mut schema_to_del)), on the local ret, an ObResult, in the local-ret form (s2-errors.md 2.3); the reset stays at the same place and each log takes ret (s2-errors.md 2.4 rule 1, 2.5 rule 1). ObSortedVector's port keeps answering OB_ENTRY_NOT_EXIST for a value it does not hold, never an Option or a bool (s2-errors.md 2.4 rules 1 and 2). Core unit (core-manifest.tsv:271): this form where the core keeps the function (RULEBOOK section 0).	sweep: ret-compare.tsv:1966 (data row 1965). Producer: mock_fk_parent_table_infos_.remove_if(key, compare, equal, schema_to_del) at ob_mock_fk_parent_table_mgr.cpp:283-286, on an ObSortedVector (src/share/schema/ob_mock_fk_parent_table_mgr.h:93); its find answers OB_ENTRY_NOT_EXIST when no element equals the key (src/oblib/lib/container/ob_vector.ipp:523, :525-527, :570-574). Holder: the local ret (ob_mock_fk_parent_table_mgr.cpp:278). Code's branch: ret = OB_SUCCESS with an INFO log that the item may not exist (ob_mock_fk_parent_table_mgr.cpp:288-289): removing a table that is gone is not an error; the code never leaves the site.	confirmed
src/share/schema/ob_mock_fk_parent_table_mgr.cpp	ObMockFKParentTableMgr::del_mock_fk_parent_table	line 300: other variable hash_ret == OB_HASH_NOT_EXIST	LOOKUP_OUTCOME	if hash_ret.is_err() { if matches!(hash_ret, Err(OB_HASH_NOT_EXIST)) { <the INFO log> } else { ret = Err(OB_ERR_UNEXPECTED); } } right after hash_ret = self.mock_fk_parent_table_map_.erase_refactored(wrapper), hash_ret a local ObResult, since it holds only codes (s2-errors.md 2.2 rule 5), in a function in the local-ret form (s2-errors.md 2.3); the INFO log takes ret, which the C++ prints here (s2-errors.md 2.5 rule 1). The ObPointerHashMap port keeps answering OB_HASH_NOT_EXIST for a miss, OB_HASH_EXIST for a key already set and OB_NOT_INIT before its first sub map exists, never an Option or a bool, until parity (s2-errors.md 2.4 rules 1 and 2); the schema the map points at is held as an Arc or an id, which changes no code. Core unit (core-manifest.tsv:271): this form where the core keeps the function (RULEBOOK section 0).	sweep: ret-compare.tsv:1967 (data row 1966). Producer: hash_ret = mock_fk_parent_table_map_.erase_refactored(wrapper) at ob_mock_fk_parent_table_mgr.cpp:298, keyed by the removed schema's database id and name (ob_mock_fk_parent_table_mgr.cpp:296-297); mock_fk_parent_table_map_ and the map this function rebuilds are ObPointerHashMaps keyed by database id and name (src/share/schema/ob_mock_fk_parent_table_mgr.h:94-96), and ObPointerHashMap::erase_refactored answers OB_HASH_NOT_EXIST when no sub map holds the key (src/oblib/lib/hash/ob_pointer_hashmap.h:671, :693-697) and OB_NOT_INIT before its first sub map exists (ob_pointer_hashmap.h:673-675). Holder: the local hash_ret (ob_mock_fk_parent_table_mgr.cpp:279), read only here. Code's branch: only an INFO log that the item may not exist (ob_mock_fk_parent_table_mgr.cpp:301); the code dies, and every other code becomes OB_ERR_UNEXPECTED in ret (ob_mock_fk_parent_table_mgr.cpp:302-303). The count check after the chain rebuilds the map when it disagrees with the vector (ob_mock_fk_parent_table_mgr.cpp:307-314).	confirmed
src/share/schema/ob_mock_fk_parent_table_mgr.cpp	ObMockFKParentTableMgr::get_mock_fk_parent_table_schema_with_name	line 455: ret == OB_HASH_NOT_EXIST	LOOKUP_OUTCOME	if matches!(ret, Err(OB_HASH_NOT_EXIST)) { ret = Ok(()); <the INFO log> } inside the failure branch of if ob_fail!(ret = self.mock_fk_parent_table_map_.get_refactored(hash_wrap, &mut tmp_schema)), on the local ret, an ObResult, in the local-ret form (s2-errors.md 2.3); the reset stays at the same place (s2-errors.md 2.4 rule 1). The ObPointerHashMap port keeps answering OB_HASH_NOT_EXIST for a miss, OB_HASH_EXIST for a key already set and OB_NOT_INIT before its first sub map exists, never an Option or a bool, until parity (s2-errors.md 2.4 rules 1 and 2); the schema the map points at is held as an Arc or an id, which changes no code. Core unit (core-manifest.tsv:271): this form where the core keeps the function (RULEBOOK section 0).	sweep: ret-compare.tsv:1968 (data row 1967). Producer: mock_fk_parent_table_map_.get_refactored(hash_wrap, tmp_schema) at ob_mock_fk_parent_table_mgr.cpp:454, keyed by database id and name (ob_mock_fk_parent_table_mgr.cpp:453); mock_fk_parent_table_map_ and the map this function rebuilds are ObPointerHashMaps keyed by database id and name (src/share/schema/ob_mock_fk_parent_table_mgr.h:94-96), and ObPointerHashMap::get_refactored answers OB_HASH_NOT_EXIST when no sub map holds the key (src/oblib/lib/hash/ob_pointer_hashmap.h:598, :604-605) and OB_NOT_INIT before its first sub map exists (ob_pointer_hashmap.h:600-601). Holder: the local ret (ob_mock_fk_parent_table_mgr.cpp:444). Code's branch: ret = OB_SUCCESS with an INFO log that the table does not exist (ob_mock_fk_parent_table_mgr.cpp:456-458), and schema stays NULL (ob_mock_fk_parent_table_mgr.cpp:445): the caller learns of a missing table from the null schema; the code never leaves the site. Other codes are returned (ob_mock_fk_parent_table_mgr.cpp:464).	confirmed
src/share/schema/ob_multi_version_schema_service.cpp	ObMultiVersionSchemaService::get_schema	line 373: ret != OB_ENTRY_NOT_EXIST	LOOKUP_OUTCOME	if !matches!(ret, Err(OB_ENTRY_NOT_EXIST)) {} else { ret = Ok(()); .. } inside the failure branch of else if ob_fail!(ret = self.schema_cache_.get_schema(..)), on the local ret, an ObResult, in the local-ret form (s2-errors.md 2.3); the empty branch stays (s2-errors.md 2.3), and the else keeps the reset, the history lookup and the fetch from the inner tables in the C++ order (s2-errors.md 2.4 rule 1). The schema cache keeps answering OB_ENTRY_NOT_EXIST for a miss, never an Option or a bool (s2-errors.md 2.4 rules 1 and 2). Core unit (core-manifest.tsv:347): this form where the core keeps the function (RULEBOOK section 0).	sweep: ret-compare.tsv:1969 (data row 1968). Producer: schema_cache_.get_schema(schema_type, schema_id, schema_version, handle, schema) at ob_multi_version_schema_service.cpp:368-372, ObSchemaCache::get_schema, whose KV cache get answers OB_ENTRY_NOT_EXIST for a key not cached (src/share/schema/ob_schema_cache.cpp:422-424; src/share/cache/ob_kv_storecache.h:538-541; src/share/cache/ob_kvcache_map.cpp:319-326): a lookup by type, id and version. Holder: the local ret (ob_multi_version_schema_service.cpp:350). Code's branch: the else, commented 'fetch schema and renew cache': ret = OB_SUCCESS (ob_multi_version_schema_service.cpp:375-376), then the version history, the cache with the precise version and the inner tables are tried in turn (ob_multi_version_schema_service.cpp:384-460); the code never leaves the site. Other codes take the empty branch (ob_multi_version_schema_service.cpp:373) and are returned.	confirmed
src/share/schema/ob_multi_version_schema_service.cpp	ObMultiVersionSchemaService::get_schema	line 427: ret != OB_ENTRY_NOT_EXIST	LOOKUP_OUTCOME	if !matches!(ret, Err(OB_ENTRY_NOT_EXIST)) {} else { ret = Ok(()); update_history_cache = true; <the INFO log> } inside the failure branch of if ob_fail!(ret = self.schema_cache_.get_schema_history_cache(..)), on the local ret, an ObResult, in the local-ret form (s2-errors.md 2.3); the empty branch, the reset and the flag stay in the C++ order (s2-errors.md 2.3, 2.4 rule 1). The schema cache keeps answering OB_ENTRY_NOT_EXIST for a miss, never an Option or a bool (s2-errors.md 2.4 rules 1 and 2). Core unit (core-manifest.tsv:347): this form where the core keeps the function (RULEBOOK section 0).	sweep: ret-compare.tsv:1970 (data row 1969). Producer: schema_cache_.get_schema_history_cache(schema_type, schema_id, schema_version, precise_version) at ob_multi_version_schema_service.cpp:425-426, ObSchemaCache::get_schema_history_cache, whose KV cache get answers OB_ENTRY_NOT_EXIST for a key not cached (src/share/schema/ob_schema_cache.cpp:546-548; src/share/cache/ob_kvcache_map.cpp:319-326). Holder: the local ret (ob_multi_version_schema_service.cpp:350). Code's branch: ret = OB_SUCCESS and update_history_cache = true, with an INFO log that the precise version will come from the inner table (ob_multi_version_schema_service.cpp:429-433); the code never leaves the site. Other codes take the empty branch (ob_multi_version_schema_service.cpp:427).	confirmed
src/share/schema/ob_multi_version_schema_service.cpp	ObMultiVersionSchemaService::get_schema	line 445: ret != OB_ENTRY_NOT_EXIST	LOOKUP_OUTCOME	if !matches!(ret, Err(OB_ENTRY_NOT_EXIST)) {} else { ret = Ok(()); } inside the failure branch of if ob_fail!(ret = self.schema_cache_.get_schema(.., precise_version, ..)), on the local ret, an ObResult, in the local-ret form (s2-errors.md 2.3); the empty branch and the reset stay (s2-errors.md 2.3, 2.4 rule 1). The schema cache keeps answering OB_ENTRY_NOT_EXIST for a miss, never an Option or a bool (s2-errors.md 2.4 rules 1 and 2). Core unit (core-manifest.tsv:347): this form where the core keeps the function (RULEBOOK section 0).	sweep: ret-compare.tsv:1971 (data row 1970). Producer: schema_cache_.get_schema(schema_type, schema_id, precise_version, handle, schema) at ob_multi_version_schema_service.cpp:440-444, ObSchemaCache::get_schema, whose KV cache get answers OB_ENTRY_NOT_EXIST for a key not cached (src/share/schema/ob_schema_cache.cpp:422-424; src/share/cache/ob_kv_storecache.h:538-541; src/share/cache/ob_kvcache_map.cpp:319-326). Holder: the local ret (ob_multi_version_schema_service.cpp:350). Code's branch: ret = OB_SUCCESS (ob_multi_version_schema_service.cpp:447): has_hit stays false, so the schema is fetched from the inner tables next (ob_multi_version_schema_service.cpp:459-460); the code never leaves the site. Other codes take the empty branch (ob_multi_version_schema_service.cpp:445).	confirmed
src/share/schema/ob_multi_version_schema_service.cpp	ObMultiVersionSchemaService::get_runtime_schema_guard_with_version_in_inner_table	line 719: ret == OB_SCHEMA_EAGAIN	RETRY	if matches!(ret, Err(OB_SCHEMA_EAGAIN)) { let mut t_ret: ObResult = Ok(()); if ob_fail!(t_ret = self.refresh_and_add_schema()) {} else if ob_fail!(ret = self.get_runtime_schema_guard(schema_guard, version_in_inner_table)) {} } else { } inside the failure branch of else if ob_fail!(ret = self.get_runtime_schema_guard(..)), on the local ret, an ObResult, in the local-ret form (s2-errors.md 2.3); OB_SUCCESS != (t_ret = x) takes the one form ob_fail!(t_ret = x) (s2-errors.md 2.3's table); the refresh and the second call keep the C++ order, and the second call runs once (RULEBOOK section 0, "Keep the control flow"); t_ret is its own ObResult local, dropped unread when the refresh fails (s2-errors.md 2.4 rule 4). Core unit (core-manifest.tsv:347): this form where the core keeps the function (RULEBOOK section 0).	sweep: ret-compare.tsv:1972 (data row 1971). Producer: get_runtime_schema_guard(schema_guard, version_in_inner_table) at ob_multi_version_schema_service.cpp:718, which answers OB_SCHEMA_EAGAIN when the requested version is newer than the locally refreshed one (ob_multi_version_schema_service.cpp:650-651). Holder: the local ret (ob_multi_version_schema_service.cpp:707). Retry step: the branch refreshes the local schema (ob_multi_version_schema_service.cpp:720-721) and, if that succeeds, asks for the guard again (ob_multi_version_schema_service.cpp:722); if the refresh fails, OB_SCHEMA_EAGAIN stays in ret and is returned (ob_multi_version_schema_service.cpp:728).	confirmed
src/share/schema/ob_multi_version_schema_service.cpp	ObMultiVersionSchemaService::construct_fallback_schema_mgr_	line 756: ret != OB_ENTRY_NOT_EXIST	RENAMED	if !matches!(ret, Err(OB_ENTRY_NOT_EXIST)) {} else if !self.is_runtime_schema_ready() { ret = Err(OB_SCHEMA_EAGAIN); } else { .. } inside the failure branch of else if ob_fail!(ret = schema_mgr_cache.get(target_version, schema_mgr, handle)), on the local ret, an ObResult, in the local-ret form (s2-errors.md 2.3), under the guard on schema_refresh_mutex_ where the C++ holds it (vocabulary section 5, Locks); the rename stays at its place, never map_err (s2-errors.md 2.4 rule 3), and the reconstruction in the else keeps the C++ order. Core unit (core-manifest.tsv:347): this form where the core keeps the function (RULEBOOK section 0).	sweep: ret-compare.tsv:1973 (data row 1972). Producer: schema_mgr_cache->get(target_version, schema_mgr, handle) at ob_multi_version_schema_service.cpp:754, ObSchemaMgrCache::get, which under the cache's read lock answers OB_ENTRY_NOT_EXIST when no cached schema mgr has the version (src/share/schema/ob_schema_mgr_cache.cpp:208, :231-232); the double check after cc_before, under the guard on schema_refresh_mutex_ (ob_multi_version_schema_service.cpp:742, :748). Holder: the local ret (ob_multi_version_schema_service.cpp:739). Code's branch: the test is false for the code: when the runtime schema is not ready ret = OB_SCHEMA_EAGAIN (ob_multi_version_schema_service.cpp:757-758); otherwise the evicted mgr is rebuilt from the nearest or the latest cached one, and its calls overwrite ret (ob_multi_version_schema_service.cpp:759-808). No way reports OB_ENTRY_NOT_EXIST, and one reports OB_SCHEMA_EAGAIN. Escapes: add_schema_mgr_info passes the code on in FORCE_FALLBACK mode (ob_multi_version_schema_service.cpp:849-855), and get_runtime_schema_guard passes that on (ob_multi_version_schema_service.cpp:671-672).	confirmed
src/share/schema/ob_multi_version_schema_service.cpp	ObMultiVersionSchemaService::construct_fallback_schema_mgr_	line 768: ret != OB_ENTRY_NOT_EXIST	LOOKUP_OUTCOME	if !matches!(ret, Err(OB_ENTRY_NOT_EXIST)) {} else { need_latest = true; ret = Ok(()); } inside the failure branch of if ob_fail!(ret = schema_mgr_cache.get_nearest(..)), on the local ret, an ObResult, in the local-ret form (s2-errors.md 2.3), under the guard on schema_refresh_mutex_ (vocabulary section 5, Locks); the flag and the reset keep the C++ order (s2-errors.md 2.4 rule 1). The schema mgr cache keeps answering OB_ENTRY_NOT_EXIST when it holds no mgr, never an Option or a bool (s2-errors.md 2.4 rules 1 and 2). Core unit (core-manifest.tsv:347): this form where the core keeps the function (RULEBOOK section 0).	sweep: ret-compare.tsv:1974 (data row 1973). Producer: schema_mgr_cache->get_nearest(target_version, src_mgr, src_mgr_handle) at ob_multi_version_schema_service.cpp:767, ObSchemaMgrCache::get_nearest, which starts at OB_ENTRY_NOT_EXIST and clears it once any cached mgr is found (src/share/schema/ob_schema_mgr_cache.cpp:249, :266-273): the cache holds none. Holder: the local ret (ob_multi_version_schema_service.cpp:739). Code's branch: need_latest = true and ret = OB_SUCCESS (ob_multi_version_schema_service.cpp:770-771), so the rebuild starts from the latest local version (ob_multi_version_schema_service.cpp:779-784); the code never leaves the site. Other codes take the empty branch (ob_multi_version_schema_service.cpp:768).	confirmed
src/share/schema/ob_multi_version_schema_service.cpp	ObMultiVersionSchemaService::add_schema_mgr_info	line 857: ret != OB_ENTRY_NOT_EXIST	LOOKUP_OUTCOME	if !matches!(ret, Err(OB_ENTRY_NOT_EXIST)) {} else { ret = Ok(()); } inside the failure branch of else if ob_fail!(ret = schema_store.schema_mgr_cache_.get(snapshot_version, schema_mgr, handle)), on the local ret, an ObResult, in the local-ret form (s2-errors.md 2.3); the empty branch and the reset stay (s2-errors.md 2.3, 2.4 rule 1). The schema mgr cache keeps answering OB_ENTRY_NOT_EXIST for a version it does not hold, never an Option or a bool (s2-errors.md 2.4 rules 1 and 2). Core unit (core-manifest.tsv:347): this form where the core keeps the function (RULEBOOK section 0).	sweep: ret-compare.tsv:1975 (data row 1974). Producer: schema_store->schema_mgr_cache_.get(snapshot_version, schema_mgr, handle) at ob_multi_version_schema_service.cpp:856, ObSchemaMgrCache::get, which under the cache's read lock answers OB_ENTRY_NOT_EXIST when no cached schema mgr has the version (src/share/schema/ob_schema_mgr_cache.cpp:208, :231-232). Holder: the local ret (ob_multi_version_schema_service.cpp:823). Code's branch: ret = OB_SUCCESS (ob_multi_version_schema_service.cpp:859): schema_mgr stays NULL, so the guard works in lazy mode and reads schemas from the inner tables (ob_multi_version_schema_service.cpp:862-866; get_schema takes a NULL mgr as lazy mode, ob_multi_version_schema_service.cpp:351, and so does the guard, src/share/schema/ob_schema_getter_guard.cpp:2316, :2350-2372); the code never leaves the site. Other codes take the empty branch (ob_multi_version_schema_service.cpp:857) and are returned (ob_multi_version_schema_service.cpp:870).	confirmed
src/share/schema/ob_multi_version_schema_service.cpp	ObMultiVersionSchemaService::retry_get_schema_guard	line 902: ret != OB_SCHEMA_EAGAIN	PASSED_ON	if ob_fail!(ret = self.get_runtime_schema_guard(schema_guard, ..)) { if !matches!(ret, Err(OB_SCHEMA_EAGAIN)) {} } inside the while retry_time < MAX_RETRY_TIMES loop, on the local ret, an ObResult, in the local-ret form (s2-errors.md 2.3); the empty branch stays (s2-errors.md 2.3), and OB_SCHEMA_EAGAIN stays in ret for the test that follows (ret-compare.tsv:1977). Core unit (core-manifest.tsv:347): this form where the core keeps the function (RULEBOOK section 0).	sweep: ret-compare.tsv:1976 (data row 1975). Producer: get_runtime_schema_guard(schema_guard, ..) at ob_multi_version_schema_service.cpp:901; get_runtime_schema_guard answers OB_SCHEMA_EAGAIN when the requested version is newer than the locally refreshed one (ob_multi_version_schema_service.cpp:650-651). Holder: the local ret (ob_multi_version_schema_service.cpp:880). Code's branch: nothing: the if body is empty (ob_multi_version_schema_service.cpp:902-903) and no else follows, so the test does nothing for any code; OB_SCHEMA_EAGAIN is kept in ret. Where the code goes: the next statement sleeps and repeats the call for OB_SCHEMA_EAGAIN (ob_multi_version_schema_service.cpp:905-910; ret-compare.tsv:1977).	confirmed
src/share/schema/ob_multi_version_schema_service.cpp	ObMultiVersionSchemaService::retry_get_schema_guard	line 905: ret != OB_SCHEMA_EAGAIN; ret != OB_NOT_INIT	INIT_STATE	if !matches!(ret, Err(OB_SCHEMA_EAGAIN)) && !matches!(ret, Err(OB_NOT_INIT)) { break; } else { ob_usleep(RETRY_INTERVAL_US); retry_time += 1; } inside the while retry_time < MAX_RETRY_TIMES loop, on the local ret, an ObResult, in the local-ret form (s2-errors.md 2.3); each != its own !matches! joined as the C++ joins them (s2-errors.md 2.3's table), and the break, the sleep and the loop condition keep the C++ order, evaluated each round (RULEBOOK section 0). Case (a) of INIT_STATE: the OB_NOT_INIT test stays as written; this line is one of those s2-errors.md 2.2 rule 7 counts as testing OB_NOT_INIT as an outcome, and RULEBOOK section 0's list of removable statements does not name such a test. Core unit (core-manifest.tsv:347): this form where the core keeps the function (RULEBOOK section 0).	sweep: ret-compare.tsv:1977 (data row 1976). Producer: get_runtime_schema_guard(schema_guard, ..) at ob_multi_version_schema_service.cpp:901; get_runtime_schema_guard answers OB_SCHEMA_EAGAIN when the requested version is newer than the locally refreshed one (ob_multi_version_schema_service.cpp:650-651). No statement of get_runtime_schema_guard or its callees sets OB_NOT_INIT: the guard's fast_reset returns reset()'s OB_SUCCESS and init answers only OB_INIT_TWICE (src/share/schema/ob_schema_getter_guard.h:703-704; src/share/schema/ob_schema_getter_guard.cpp:143-144), and the schema mgr cache answers OB_INNER_STAT_ERROR, not OB_NOT_INIT, before init (src/share/schema/ob_schema_mgr_cache.cpp:200-201); so the OB_NOT_INIT term is never true here. Holder: the local ret (ob_multi_version_schema_service.cpp:880). Code's branch: the else sleeps RETRY_INTERVAL_US, 1 s, and counts the round (ob_multi_version_schema_service.cpp:907-909), and the loop repeats the call up to MAX_RETRY_TIMES, 10 (src/share/schema/ob_multi_version_schema_service.h:389-390): for OB_SCHEMA_EAGAIN that is value 5, RETRY, and the row takes value 4 for OB_NOT_INIT, which comes first. After the loop a failure is returned before the table lookup (ob_multi_version_schema_service.cpp:916). Any other code breaks out (ob_multi_version_schema_service.cpp:905-906).	confirmed
src/share/schema/ob_multi_version_schema_service.cpp	ObMultiVersionSchemaService::retry_get_schema_guard	line 936: ret != OB_HASH_NOT_EXIST	LOOKUP_OUTCOME	let mut ret: ObResult = self.version_his_map_.get_refactored(&key, &mut val); then if ret.is_err() && !matches!(ret, Err(OB_HASH_NOT_EXIST)) {} else if matches!(ret, Err(OB_HASH_NOT_EXIST)) { .. } else { .. } as the C++ writes the chain, in the local-ret form (s2-errors.md 2.3); this row is the first condition's !matches!, which sends the code to the branch of :937-948 (ret-compare.tsv:1979). The ObHashMap port keeps answering OB_HASH_NOT_EXIST for a miss and OB_NOT_INIT for a map never created, never an Option or a bool, until parity (s2-errors.md 2.4 rules 1 and 2). The block declares its own int ret (ob_multi_version_schema_service.cpp:935), which shadows the function's ret, so every code set in it, OB_SCHEMA_EAGAIN (:941), OB_ERR_UNEXPECTED (:945) or a failed construct_schema_version_history, dies at the end of the block and the function goes on at :979 with save_schema_version as it stands; the Rust keeps the shadowing let mut ret and the site carries a BUG(port) line (RULEBOOK 2.10, the BUG rule). Core unit (core-manifest.tsv:347): this form where the core keeps the function (RULEBOOK section 0).	sweep: ret-compare.tsv:1978 (data row 1977). Producer: the block's own ret = version_his_map_.get_refactored(key, val) at ob_multi_version_schema_service.cpp:935; version_his_map_ is an ObHashMap<VersionHisKey, VersionHisVal, ReadWriteDefendMode> of the base class (src/share/schema/ob_server_schema_service.h:967), and get_refactored answers OB_HASH_NOT_EXIST for a missing key (src/oblib/lib/hash/ob_hashtable.h:1131) and OB_NOT_INIT for a map never created (ob_hashtable.h:1135). Holder: the block's own int ret (ob_multi_version_schema_service.cpp:935), a second local ret that shadows the function's (ob_multi_version_schema_service.cpp:880); it holds only codes, so an ObResult. Code's branch: the test is false for the code, which goes to the else-if that builds the version history from the inner table (ob_multi_version_schema_service.cpp:937-948). Other codes take the empty branch (ob_multi_version_schema_service.cpp:936) and die with the block.	confirmed
src/share/schema/ob_multi_version_schema_service.cpp	ObMultiVersionSchemaService::retry_get_schema_guard	line 937: ret == OB_HASH_NOT_EXIST	LOOKUP_OUTCOME	} else if matches!(ret, Err(OB_HASH_NOT_EXIST)) { .. } else { .. }, the second condition of the chain of ret-compare.tsv:1978, on the block's own ret, an ObResult, in the local-ret form (s2-errors.md 2.3); the branch keeps the C++ order. The ObHashMap port keeps answering OB_HASH_NOT_EXIST for a miss and OB_NOT_INIT for a map never created, never an Option or a bool, until parity (s2-errors.md 2.4 rules 1 and 2). The block declares its own int ret (ob_multi_version_schema_service.cpp:935), which shadows the function's ret, so every code set in it, OB_SCHEMA_EAGAIN (:941), OB_ERR_UNEXPECTED (:945) or a failed construct_schema_version_history, dies at the end of the block and the function goes on at :979 with save_schema_version as it stands; the Rust keeps the shadowing let mut ret and the site carries a BUG(port) line (RULEBOOK 2.10, the BUG rule). Core unit (core-manifest.tsv:347): this form where the core keeps the function (RULEBOOK section 0).	sweep: ret-compare.tsv:1979 (data row 1978). Producer: the block's own ret = version_his_map_.get_refactored(key, val) at ob_multi_version_schema_service.cpp:935; version_his_map_ is an ObHashMap<VersionHisKey, VersionHisVal, ReadWriteDefendMode> of the base class (src/share/schema/ob_server_schema_service.h:967), and get_refactored answers OB_HASH_NOT_EXIST for a missing key (src/oblib/lib/hash/ob_hashtable.h:1131) and OB_NOT_INIT for a map never created (ob_hashtable.h:1135). Holder: the block's own int ret (ob_multi_version_schema_service.cpp:935), a second local ret that shadows the function's (ob_multi_version_schema_service.cpp:880); it holds only codes, so an ObResult. Code's branch: commented 'overwrite ret': the local refreshed version is read, and unless it is still the core version the version history is built from the inner table and save_schema_version takes max(min_version_, baseline) (ob_multi_version_schema_service.cpp:938-948): a miss means build the entry; the code is overwritten by the first call. Escapes: none past the block; retry_get_schema_guard's one caller is ObMediumCompactionScheduleFunc::get_table_schema_to_merge (src/storage/compaction/ob_medium_compaction_func.cpp:913-919; git grep -n 'retry_get_schema_guard(' 834bbee1e -- src finds only this call besides the declaration and the definition).	confirmed
src/share/schema/ob_multi_version_schema_service.cpp	ObMultiVersionSchemaService::retry_get_schema_guard	line 960: ret == OB_ITER_END	RENAMED	if matches!(ret, Err(OB_ITER_END)) { ret = Err(OB_SCHEMA_EAGAIN); } else { } inside the failure branch of else if ob_fail!(ret = self.schema_service_.get_ori_schema_version(..)), on the local ret, an ObResult, in the local-ret form (s2-errors.md 2.3): the rename at the same place, never map_err or if let Err (s2-errors.md 2.4 rule 3; 2.15 item 7), the empty else kept (s2-errors.md 2.3). The inner SQL result keeps ending with Err(OB_ITER_END), never an Option or a bool, and keeps that code at its boundary until parity (s2-errors.md 2.4 rules 1 and 2; ARCHITECTURE.md section 17 default 6). Core unit (core-manifest.tsv:347): this form where the core keeps the function (RULEBOOK section 0).	sweep: ret-compare.tsv:1980 (data row 1979). Producer: schema_service_->get_ori_schema_version(schema_status, table_id, save_schema_version) at ob_multi_version_schema_service.cpp:958-959; the one implementation of the virtual (src/share/schema/ob_schema_service.h:810; git grep -nE 'public +([a-z:]*::)?ObSchemaService( |$|,|\{)' 834bbee1e -- src prints only src/observer/schema/ob_schema_service_sql_impl.h:64, and git grep -nE 'public +([a-z:]*::)?ObSchemaServiceSQLImpl' 834bbee1e -- src prints nothing), ObSchemaServiceSQLImpl::get_ori_schema_version (src/observer/schema/ob_schema_service_sql_impl.h:424, src/observer/schema/ob_schema_service_sql_impl.cpp:4907), returns the first next()'s code when the table has no ori_schema_version row (src/observer/schema/ob_schema_service_sql_impl.cpp:4933); ObMySQLResult::next is pure virtual (src/oblib/common/mysqlclient/ob_mysql_result.h:1560), and its one implementation in src, ObInnerSQLResult::next (grep -rnE 'public +([a-z:]*::)?ObMySQLResult\b' src prints only src/observer/ob_inner_sql_result.h:42), answers OB_ITER_END once the rows are used up (src/observer/ob_inner_sql_result.cpp:207-208, :216). Holder: the local ret (ob_multi_version_schema_service.cpp:880). Code's branch: ret = OB_SCHEMA_EAGAIN (ob_multi_version_schema_service.cpp:969), commented with the cases where the version cannot be found; the site never reports OB_ITER_END, and the second retry loop is skipped (ob_multi_version_schema_service.cpp:979). Escapes: ObMediumCompactionScheduleFunc::get_table_schema_to_merge tests only OB_TABLE_IS_DELETED and OB_ERR_SCHEMA_HISTORY_EMPTY and passes the rest on (src/storage/compaction/ob_medium_compaction_func.cpp:913-919); git grep -n 'retry_get_schema_guard(' 834bbee1e -- src finds no other caller.	confirmed
src/share/schema/ob_multi_version_schema_service.cpp	ObMultiVersionSchemaService::retry_get_schema_guard	line 982: ret != OB_SCHEMA_EAGAIN	PASSED_ON	if ob_fail!(ret = self.get_runtime_schema_guard(schema_guard, ..)) { if !matches!(ret, Err(OB_SCHEMA_EAGAIN)) {} } inside the while retry_time < MAX_RETRY_TIMES loop, on the local ret, an ObResult, in the local-ret form (s2-errors.md 2.3); the empty branch stays (s2-errors.md 2.3), and OB_SCHEMA_EAGAIN stays in ret for the test that follows (ret-compare.tsv:1982). Core unit (core-manifest.tsv:347): this form where the core keeps the function (RULEBOOK section 0).	sweep: ret-compare.tsv:1981 (data row 1980). Producer: get_runtime_schema_guard(schema_guard, ..) at ob_multi_version_schema_service.cpp:981; get_runtime_schema_guard answers OB_SCHEMA_EAGAIN when the requested version is newer than the locally refreshed one (ob_multi_version_schema_service.cpp:650-651). Holder: the local ret (ob_multi_version_schema_service.cpp:880). Code's branch: nothing: the if body is empty (ob_multi_version_schema_service.cpp:982-983) and no else follows, so the test does nothing for any code; OB_SCHEMA_EAGAIN is kept in ret. Where the code goes: the next statement sleeps and repeats the call for OB_SCHEMA_EAGAIN (ob_multi_version_schema_service.cpp:985-990; ret-compare.tsv:1982).	confirmed
src/share/schema/ob_multi_version_schema_service.cpp	ObMultiVersionSchemaService::retry_get_schema_guard	line 985: ret != OB_SCHEMA_EAGAIN; ret != OB_NOT_INIT	INIT_STATE	if !matches!(ret, Err(OB_SCHEMA_EAGAIN)) && !matches!(ret, Err(OB_NOT_INIT)) { break; } else { ob_usleep(RETRY_INTERVAL_US); retry_time += 1; } inside the while retry_time < MAX_RETRY_TIMES loop, on the local ret, an ObResult, in the local-ret form (s2-errors.md 2.3); each != its own !matches! joined as the C++ joins them (s2-errors.md 2.3's table), and the break, the sleep and the loop condition keep the C++ order, evaluated each round (RULEBOOK section 0). Case (a) of INIT_STATE: the OB_NOT_INIT test stays as written; this line is one of those s2-errors.md 2.2 rule 7 counts as testing OB_NOT_INIT as an outcome, and RULEBOOK section 0's list of removable statements does not name such a test. Core unit (core-manifest.tsv:347): this form where the core keeps the function (RULEBOOK section 0).	sweep: ret-compare.tsv:1982 (data row 1981). Producer: get_runtime_schema_guard(schema_guard, ..) at ob_multi_version_schema_service.cpp:981; get_runtime_schema_guard answers OB_SCHEMA_EAGAIN when the requested version is newer than the locally refreshed one (ob_multi_version_schema_service.cpp:650-651). No statement of get_runtime_schema_guard or its callees sets OB_NOT_INIT: the guard's fast_reset returns reset()'s OB_SUCCESS and init answers only OB_INIT_TWICE (src/share/schema/ob_schema_getter_guard.h:703-704; src/share/schema/ob_schema_getter_guard.cpp:143-144), and the schema mgr cache answers OB_INNER_STAT_ERROR, not OB_NOT_INIT, before init (src/share/schema/ob_schema_mgr_cache.cpp:200-201); so the OB_NOT_INIT term is never true here. Holder: the local ret (ob_multi_version_schema_service.cpp:880). Code's branch: the else sleeps RETRY_INTERVAL_US, 1 s, and counts the round (ob_multi_version_schema_service.cpp:987-989), and the loop repeats the call up to MAX_RETRY_TIMES, 10 (src/share/schema/ob_multi_version_schema_service.h:389-390): for OB_SCHEMA_EAGAIN that is value 5, RETRY, and the row takes value 4 for OB_NOT_INIT, which comes first. After the loop the table is read from the guard, and a failure is returned (ob_multi_version_schema_service.cpp:994-998). Any other code breaks out (ob_multi_version_schema_service.cpp:985-986).	confirmed
src/share/schema/ob_multi_version_schema_service.cpp	ObMultiVersionSchemaService::async_refresh_schema	line 1538: ret == OB_EAGAIN; ret == OB_SIZE_OVERFLOW	BUFFER_TOO_SMALL	if matches!(ret, Err(OB_EAGAIN | OB_SIZE_OVERFLOW)) { ret = Ok(()); } else { <the ERROR log, which takes the ret in scope (s2-errors.md 2.5 rule 1)> } inside the failure branch of else if ob_fail!(ret = scheduler.schedule_refresh_at_least(schema_version)), on the local ret, an ObResult, in the local-ret form (s2-errors.md 2.3); the || chain of == on ret is one matches! (s2-errors.md 2.3's table), and the reset stays at its place (s2-errors.md 2.4 rule 1). ObUniqTaskQueue::add keeps answering OB_SIZE_OVERFLOW when the queue is full and OB_EAGAIN for a task already queued, and the calls between keep passing them on (s2-errors.md 2.4 rule 1). Core unit (core-manifest.tsv:347): this form where the core keeps the function (RULEBOOK section 0).	sweep: ret-compare.tsv:1983 (data row 1982). Producer: schema_refresh_scheduler_->schedule_refresh_at_least(schema_version) at ob_multi_version_schema_service.cpp:1536-1537, a pure virtual of ObISchemaRefreshScheduler (src/share/schema/ob_multi_version_schema_service.h:58) whose one implementation is ObSchemaRefreshSchedulerAdapter (git grep -nE 'public +([a-z:]*::)?ObISchemaRefreshScheduler' 834bbee1e -- src prints only src/observer/ob_server.cpp:394). It calls ObService::submit_async_refresh_schema_task (src/observer/ob_server.cpp:401-404), which passes on the code of ObServerSchemaUpdater::async_refresh_schema (src/observer/ob_service.cpp:314-321), which passes on the code of task_queue_.add (src/observer/ob_server_schema_updater.cpp:284-286), an ObUniqTaskQueue (src/observer/ob_server_schema_updater.h:39, :104). ObUniqTaskQueue::add sets OB_SIZE_OVERFLOW when the queue already holds queue_size_ tasks (src/observer/ob_uniq_task_queue.h:321-322), and OB_EAGAIN in place of its task set's OB_HASH_EXIST when the same task is already queued (src/observer/ob_uniq_task_queue.h:329-331). Holder: the local ret (ob_multi_version_schema_service.cpp:1497). Code's branch: ret = OB_SUCCESS (ob_multi_version_schema_service.cpp:1539); the code never leaves the site. What follows, the sleep and the next round of the wait loop, which submits again only every SUBMIT_TASK_FREQUENCE rounds (ob_multi_version_schema_service.cpp:1515-1516, :1527, :1546-1555), follows a successful submit too, so the branch repeats nothing because of the code and value 5 does not hold. OB_SIZE_OVERFLOW, a task that did not fit in the bounded queue, takes value 10; OB_EAGAIN, the same task already queued, would take value 11, IGNORED, which comes after. Other codes are logged at ERROR (ob_multi_version_schema_service.cpp:1540-1543), end the loop through its OB_SUCC(ret) condition (ob_multi_version_schema_service.cpp:1516) and are returned (ob_multi_version_schema_service.cpp:1559).	confirmed
src/share/schema/ob_multi_version_schema_service.cpp	ObMultiVersionSchemaService::try_gc_another_allocator	line 1947: ret == OB_ENTRY_NOT_EXIST	RENAMED	if matches!(ret, Err(OB_ENTRY_NOT_EXIST)) { ret = Err(OB_SCHEMA_EAGAIN); <the INFO log> } else { } inside the failure branch of else if ob_fail!(ret = schema_mgr_cache.try_eliminate_schema_mgr(&mut eli_schema_mgr)), on the local ret, an ObResult, in the local-ret form (s2-errors.md 2.3), under the guard on schema_refresh_mutex_ where the C++ holds it (vocabulary section 5, Locks): the rename at the same place, never map_err or if let Err (s2-errors.md 2.4 rule 3; 2.15 item 7), and the empty else kept (s2-errors.md 2.3). Core unit (core-manifest.tsv:347): this form where the core keeps the function (RULEBOOK section 0).	sweep: ret-compare.tsv:1984 (data row 1983). Producer: schema_mgr_cache->try_eliminate_schema_mgr(eli_schema_mgr) at ob_multi_version_schema_service.cpp:1946, ObSchemaMgrCache::try_eliminate_schema_mgr, which under the cache's write lock looks through the slots for the one that holds this schema mgr, by its address, and answers OB_ENTRY_NOT_EXIST when none does (src/share/schema/ob_schema_mgr_cache.cpp:523, :527-532, :550-551). Holder: the local ret (ob_multi_version_schema_service.cpp:1917). Code's branch: ret = OB_SCHEMA_EAGAIN with an INFO log that the other allocator will be reset next round (ob_multi_version_schema_service.cpp:1948-1950), under the guard on schema_refresh_mutex_ (ob_multi_version_schema_service.cpp:1923): the site never reports OB_ENTRY_NOT_EXIST, and the rest of the loop and the reset of the other allocator are skipped (ob_multi_version_schema_service.cpp:1942, :1956-1958). A lookup's OB_ENTRY_NOT_EXIST would also pass value 9's test, which comes after value 7. Escapes: the function returns OB_SCHEMA_EAGAIN (ob_multi_version_schema_service.cpp:1962) to try_gc_existing_runtime_schema_mgr, which drops it in tmp_ret under the comment 'ignore ret' (ob_multi_version_schema_service.cpp:1899-1902); git grep -n 'try_gc_another_allocator(' 834bbee1e -- src finds no other caller.	confirmed
src/share/schema/ob_multi_version_schema_service.cpp	ObMultiVersionSchemaService::try_gc_current_allocator	line 2015: ret == OB_EAGAIN; ret == OB_ENTRY_NOT_EXIST	LOOKUP_OUTCOME	if matches!(ret, Err(OB_EAGAIN | OB_ENTRY_NOT_EXIST)) { ret = Ok(()); } else { } inside the failure branch of if ob_fail!(ret = schema_mgr_cache.try_eliminate_schema_mgr(&mut eli_schema_mgr)), on the local ret, an ObResult, in the local-ret form (s2-errors.md 2.3), under the guard on schema_refresh_mutex_ where the C++ holds it (vocabulary section 5, Locks); the || chain of == on ret is one matches! (s2-errors.md 2.3's table), and the reset and the empty else stay (s2-errors.md 2.3, 2.4 rule 1). The schema mgr cache keeps answering OB_ENTRY_NOT_EXIST for a mgr it does not hold and OB_EAGAIN for one in use, never an Option or a bool (s2-errors.md 2.4 rules 1 and 2). Core unit (core-manifest.tsv:347): this form where the core keeps the function (RULEBOOK section 0).	sweep: ret-compare.tsv:1985 (data row 1984). Producer: schema_mgr_cache->try_eliminate_schema_mgr(eli_schema_mgr) at ob_multi_version_schema_service.cpp:2014, ObSchemaMgrCache::try_eliminate_schema_mgr, which under the cache's write lock looks through the slots for the one that holds this schema mgr, by its address: OB_EAGAIN when that slot is still referenced, OB_ENTRY_NOT_EXIST when no slot holds it (src/share/schema/ob_schema_mgr_cache.cpp:523, :527-534, :550-551). Holder: the local ret (ob_multi_version_schema_service.cpp:1970). Code's branch: ret = OB_SUCCESS under the comment 'schema mgr in use or not in cache, just ignore' (ob_multi_version_schema_service.cpp:2016-2017); the mgr is not freed and the loop goes on to the next pointer of the current allocator; the code never leaves the site. OB_ENTRY_NOT_EXIST, a slot lookup that finds nothing, takes value 9; OB_EAGAIN, a mgr still in use, would take value 11, IGNORED, which comes after. Other codes take the empty else (ob_multi_version_schema_service.cpp:2018-2019), end the loop through its OB_SUCC(ret) condition (ob_multi_version_schema_service.cpp:1999) and are returned; try_gc_existing_runtime_schema_mgr passes that code on (ob_multi_version_schema_service.cpp:1905, :1909).	confirmed
src/share/schema/ob_multi_version_schema_service.cpp	ObMultiVersionSchemaService::try_gc_allocator_when_add_schema_	line 2115: ret == OB_EAGAIN; ret == OB_ENTRY_NOT_EXIST	LOOKUP_OUTCOME	if matches!(ret, Err(OB_EAGAIN | OB_ENTRY_NOT_EXIST)) { ret = Ok(()); } else { } inside the failure branch of if ob_fail!(ret = schema_mgr_cache.try_eliminate_schema_mgr(&mut eli_schema_mgr)), on the local ret, an ObResult, in the local-ret form (s2-errors.md 2.3); the || chain of == on ret is one matches! (s2-errors.md 2.3's table), and the reset and the empty else stay (s2-errors.md 2.3, 2.4 rule 1). The schema mgr cache keeps answering OB_ENTRY_NOT_EXIST for a mgr it does not hold and OB_EAGAIN for one in use, never an Option or a bool (s2-errors.md 2.4 rules 1 and 2). Core unit (core-manifest.tsv:347): this form where the core keeps the function (RULEBOOK section 0).	sweep: ret-compare.tsv:1986 (data row 1985). Producer: schema_mgr_cache->try_eliminate_schema_mgr(eli_schema_mgr) at ob_multi_version_schema_service.cpp:2114, ObSchemaMgrCache::try_eliminate_schema_mgr, which under the cache's write lock looks through the slots for the one that holds this schema mgr, by its address: OB_EAGAIN when that slot is still referenced, OB_ENTRY_NOT_EXIST when no slot holds it (src/share/schema/ob_schema_mgr_cache.cpp:523, :527-534, :550-551). Holder: the local ret (ob_multi_version_schema_service.cpp:2049). Code's branch: ret = OB_SUCCESS under the comment 'schema mgr in use or not in cache, just ignore' (ob_multi_version_schema_service.cpp:2116-2117); the mgr is not freed and the loop goes on to the next pointer with the count of remaining mgrs unchanged; the code never leaves the site. OB_ENTRY_NOT_EXIST, a slot lookup that finds nothing, takes value 9; OB_EAGAIN, a mgr still in use, would take value 11, IGNORED, which comes after. Other codes take the empty else (ob_multi_version_schema_service.cpp:2118-2119), end the loop through its OB_SUCC(ret) condition (ob_multi_version_schema_service.cpp:2102) and are returned; add_schema's call leaves it in ret after the refreshed version is updated (ob_multi_version_schema_service.cpp:1377, :1380-1381).	confirmed
src/share/schema/ob_multi_version_schema_service.cpp	ObMultiVersionSchemaService::get_schema_version_history	line 2314: other variable hash_ret == OB_HASH_NOT_EXIST	LOOKUP_OUTCOME	let hash_ret: ObResult = self.version_his_map_.get_refactored(key, val); then if matches!(hash_ret, Err(OB_HASH_NOT_EXIST)) || schema_version > val.snapshot_version_ { .. } as the C++ writes the condition; hash_ret is a local ObResult, since it holds only codes (s2-errors.md 2.2 rule 5), in a function in the local-ret form (s2-errors.md 2.3), and the build and the set keep the C++ order. The ObHashMap port keeps answering OB_HASH_NOT_EXIST for a miss and OB_NOT_INIT for a map never created, never an Option or a bool, until parity (s2-errors.md 2.4 rules 1 and 2). Core unit (core-manifest.tsv:347): this form where the core keeps the function (RULEBOOK section 0).	sweep: ret-compare.tsv:1987 (data row 1986). Producer: hash_ret = version_his_map_.get_refactored(key, val) at ob_multi_version_schema_service.cpp:2313; version_his_map_ is an ObHashMap<VersionHisKey, VersionHisVal, ReadWriteDefendMode> (src/share/schema/ob_server_schema_service.h:967), and get_refactored answers OB_HASH_NOT_EXIST for a missing key (src/oblib/lib/hash/ob_hashtable.h:1131) and OB_NOT_INIT for a map never created (ob_hashtable.h:1135). Holder: the local hash_ret (ob_multi_version_schema_service.cpp:2313), read only here. Code's branch: the history of the schema is built from the inner tables at the refreshed version (ob_multi_version_schema_service.cpp:2315-2317) and cached with overwrite (ob_multi_version_schema_service.cpp:2333), or not_exist is set when the history holds no version for it (ob_multi_version_schema_service.cpp:2318-2331): a miss means build the entry; hash_ret is not read again and the code dies. For any other code of hash_ret the version test alone decides. Consumer: get_schema reads the history of a lazily fetched schema to find the version to fetch (ob_multi_version_schema_service.cpp:386-395, :397-402).	confirmed
src/share/schema/ob_multi_version_schema_service.cpp	ObMultiVersionSchemaService::get_tablet_to_table_history	line 2436: ret != OB_ENTRY_NOT_EXIST	LOOKUP_OUTCOME	if !matches!(ret, Err(OB_ENTRY_NOT_EXIST)) {} else if ob_fail!(ret = fetch_idxs.push_back(i)) {} else { table_id = OB_INVALID_ID; } inside the failure branch of else if ob_fail!(ret = self.schema_cache_.get_tablet_cache(&key, &mut table_id)), in the loop over tablet_ids, on the local ret, an ObResult, in the local-ret form (s2-errors.md 2.3); the empty branch, the push_back and the placeholder id keep the C++ order (s2-errors.md 2.3, 2.4 rule 1). The schema cache keeps answering OB_ENTRY_NOT_EXIST for a miss, never an Option or a bool (s2-errors.md 2.4 rules 1 and 2). Core unit (core-manifest.tsv:347): this form where the core keeps the function (RULEBOOK section 0).	sweep: ret-compare.tsv:1988 (data row 1987). Producer: schema_cache_.get_tablet_cache(key, table_id) at ob_multi_version_schema_service.cpp:2435, ObSchemaCache::get_tablet_cache, whose KV cache get answers OB_ENTRY_NOT_EXIST for a tablet not cached at that version (src/share/schema/ob_schema_cache.cpp:503-505; src/share/cache/ob_kvcache_map.cpp:319-326). Holder: the local ret (ob_multi_version_schema_service.cpp:2414). Code's branch: the index goes into fetch_idxs for a batch read of the inner table, and table_id holds OB_INVALID_ID as a placeholder, under the comment 'cache miss, fetch later' (ob_multi_version_schema_service.cpp:2437-2441); push_back's code replaces the miss, and the batch read follows (ob_multi_version_schema_service.cpp:2455-2478). The code never leaves the site. Other codes take the empty branch (ob_multi_version_schema_service.cpp:2436), end the loop through its OB_SUCC(ret) condition (ob_multi_version_schema_service.cpp:2427) and are returned (ob_multi_version_schema_service.cpp:2501).	confirmed
src/share/schema/ob_multi_version_schema_service.cpp	ObMultiVersionSchemaService::get_tablet_to_table_history	line 2488: ret != OB_HASH_NOT_EXIST	LOOKUP_OUTCOME	if !matches!(ret, Err(OB_HASH_NOT_EXIST)) {} else { table_ids.at(idx) = OB_INVALID_ID; ret = Ok(()); } inside the failure branch of if ob_fail!(ret = tablet_map.get_refactored(tablet_id, &mut table_id)), on the local ret, an ObResult, in the local-ret form (s2-errors.md 2.3); the empty branch, the placeholder and the reset keep the C++ order (s2-errors.md 2.3, 2.4 rule 1). The ObHashMap port keeps answering OB_HASH_NOT_EXIST for a miss and OB_NOT_INIT for a map never created, never an Option or a bool, until parity (s2-errors.md 2.4 rules 1 and 2). Core unit (core-manifest.tsv:347): this form where the core keeps the function (RULEBOOK section 0).	sweep: ret-compare.tsv:1989 (data row 1988). Producer: tablet_map.get_refactored(tablet_id, table_id) at ob_multi_version_schema_service.cpp:2487, on the local ObHashMap<ObTabletID, uint64_t> that the batch reads filled (ob_multi_version_schema_service.cpp:2458, :2462, :2472-2473); get_refactored answers OB_HASH_NOT_EXIST for a missing key (src/oblib/lib/hash/ob_hashtable.h:1131) and OB_NOT_INIT for a map never created (ob_hashtable.h:1135). Holder: the local ret (ob_multi_version_schema_service.cpp:2414). Code's branch: the tablet's table id becomes OB_INVALID_ID and ret = OB_SUCCESS, under the comment that the tablet-table history may be recycled or never existed (ob_multi_version_schema_service.cpp:2490-2492); the code never leaves the site. Other codes take the empty branch (ob_multi_version_schema_service.cpp:2488), end the loop through its OB_SUCC(ret) condition (ob_multi_version_schema_service.cpp:2481) and are returned (ob_multi_version_schema_service.cpp:2501).	confirmed
src/share/schema/ob_multi_version_schema_service.cpp	ObMultiVersionSchemaService::batch_fetch_tablet_to_table_history_	line 2825: ret == OB_ITER_END	END_OF_DATA	if matches!(ret, Err(OB_ITER_END)) { ret = Ok(()); } else { ret = ret.and(Err(OB_ERR_UNEXPECTED)); } after the while ret.is_ok() && ob_succ!(ret = result.next()) loop, on the local ret, an ObResult, in the local-ret form (s2-errors.md 2.3); the reset stays at its place (s2-errors.md 2.4 rule 1), and the else's ternary, which means ret unless ret is success, then OB_ERR_UNEXPECTED, is a merge written as a.and(b) in any spelling (s2-errors.md 2.3's table; 2.4 rule 4; RULEBOOK 2.1). The inner SQL result keeps ending with Err(OB_ITER_END), never an Option or a bool, and keeps that code at its boundary until parity (s2-errors.md 2.4 rules 1 and 2; ARCHITECTURE.md section 17 default 6). Core unit (core-manifest.tsv:347): this form where the core keeps the function (RULEBOOK section 0).	sweep: ret-compare.tsv:1990 (data row 1989). Producer: result->next() at ob_multi_version_schema_service.cpp:2811, the loop condition's call after its OB_SUCC(ret) test; ObMySQLResult::next is pure virtual (src/oblib/common/mysqlclient/ob_mysql_result.h:1560), and its one implementation in src, ObInnerSQLResult::next (grep -rnE 'public +([a-z:]*::)?ObMySQLResult\b' src prints only src/observer/ob_inner_sql_result.h:42), answers OB_ITER_END once the rows are used up (src/observer/ob_inner_sql_result.cpp:207-208, :216). Holder: the local ret (ob_multi_version_schema_service.cpp:2767). Code's branch: ret = OB_SUCCESS (ob_multi_version_schema_service.cpp:2826): every row of the batch read of __all_tablet_to_table_history went into tablet_map and the schema cache; the code never leaves the site. A body error ends the loop through the OB_SUCC(ret) test before next() runs again, and the else keeps it (ob_multi_version_schema_service.cpp:2827-2828); ret is returned (ob_multi_version_schema_service.cpp:2833).	confirmed
src/share/schema/ob_outline_mgr.cpp	ObOutlineMgr::add_outline	line 295: other variable hash_ret != OB_HASH_EXIST	LOOKUP_OUTCOME	if hash_ret.is_err() && !matches!(hash_ret, Err(OB_HASH_EXIST)) { ret = Err(OB_ERR_UNEXPECTED); } right after let mut hash_ret: ObResult = self.outline_id_map_.set_refactored(new_outline_schema.get_outline_id(), new_outline_schema, over_write), each comparison its own test joined as the C++ joins them, OB_SUCCESS != hash_ret being hash_ret.is_err() (s2-errors.md 2.3's table); hash_ret is a local ObResult, since it holds only codes (s2-errors.md 2.2 rule 5), in a function in the local-ret form (s2-errors.md 2.3), and the test stays though the code cannot arrive (vocabulary section 3, item 3). The ObPointerHashMap port keeps answering OB_HASH_NOT_EXIST for a miss, OB_HASH_EXIST for a key already set and OB_NOT_INIT before its first sub map exists, never an Option or a bool, until parity (s2-errors.md 2.4 rules 1 and 2); the schema the map points at is held as an Arc or an id, which changes no code. Core unit (core-manifest.tsv:290): this form where the core keeps the function (RULEBOOK section 0).	sweep: ret-compare.tsv:1991 (data row 1990). Producer: hash_ret = outline_id_map_.set_refactored(new_outline_schema->get_outline_id(), new_outline_schema, over_write) at ob_outline_mgr.cpp:292-294, over_write = 1 (ob_outline_mgr.cpp:291); outline_id_map_ is an ObPointerHashMap keyed by outline id (src/share/schema/ob_outline_mgr.h:165-166, :222), and ObPointerHashMap::set_refactored sets OB_HASH_EXIST only when overwrite is 0 (src/oblib/lib/hash/ob_pointer_hashmap.h:405-409) and hands the caller's overwrite to every sub map it tries (ob_pointer_hashmap.h:553, :566, :807), so no statement of the producer sets OB_HASH_EXIST here, and the row takes what the branch would do (vocabulary section 3, item 3). Were it to arrive, it would be the map's answer that the key is already there, which passes value 9's tests before value 11, IGNORED, which the drop alone would give. Holder: the local hash_ret (ob_outline_mgr.cpp:292), set again by each later map's set (ob_outline_mgr.cpp:302, :313, :323). Code's branch: the && is false for the code, so ret keeps OB_SUCCESS and nothing runs because of it; the name map's set overwrites hash_ret before any read (ob_outline_mgr.cpp:298-303). Other codes become OB_ERR_UNEXPECTED (ob_outline_mgr.cpp:296), skip the maps after it and are returned (ob_outline_mgr.cpp:355); the consistency check that rebuilds the maps runs for every code (ob_outline_mgr.cpp:331-353).	confirmed
src/share/schema/ob_outline_mgr.cpp	ObOutlineMgr::add_outline	line 304: other variable hash_ret != OB_HASH_EXIST	LOOKUP_OUTCOME	if hash_ret.is_err() && !matches!(hash_ret, Err(OB_HASH_EXIST)) { ret = Err(OB_ERR_UNEXPECTED); } right after hash_ret = self.outline_name_map_.set_refactored(name_wrapper, new_outline_schema, over_write), each comparison its own test joined as the C++ joins them, OB_SUCCESS != hash_ret being hash_ret.is_err() (s2-errors.md 2.3's table); hash_ret is a local ObResult, since it holds only codes (s2-errors.md 2.2 rule 5), in a function in the local-ret form (s2-errors.md 2.3), and the test stays though the code cannot arrive (vocabulary section 3, item 3). The ObPointerHashMap port keeps answering OB_HASH_NOT_EXIST for a miss, OB_HASH_EXIST for a key already set and OB_NOT_INIT before its first sub map exists, never an Option or a bool, until parity (s2-errors.md 2.4 rules 1 and 2); the schema the map points at is held as an Arc or an id, which changes no code. Core unit (core-manifest.tsv:290): this form where the core keeps the function (RULEBOOK section 0).	sweep: ret-compare.tsv:1992 (data row 1991). Producer: hash_ret = outline_name_map_.set_refactored(name_wrapper, new_outline_schema, over_write) at ob_outline_mgr.cpp:302-303, over_write = 1 (ob_outline_mgr.cpp:291); outline_name_map_ is an ObPointerHashMap keyed by database id, name and format flag (src/share/schema/ob_outline_mgr.h:167-168, :223; ob_outline_mgr.cpp:299-301), and ObPointerHashMap::set_refactored sets OB_HASH_EXIST only when overwrite is 0 (src/oblib/lib/hash/ob_pointer_hashmap.h:405-409) and hands the caller's overwrite to every sub map it tries (ob_pointer_hashmap.h:553, :566, :807), so no statement of the producer sets OB_HASH_EXIST here, and the row takes what the branch would do (vocabulary section 3, item 3). Were it to arrive, it would be the map's answer that the key is already there, which passes value 9's tests before value 11, IGNORED, which the drop alone would give. Holder: the local hash_ret (ob_outline_mgr.cpp:292). Code's branch: the && is false for the code, so ret keeps OB_SUCCESS and nothing runs because of it; the signature map's set (ob_outline_mgr.cpp:313) or the SQL id map's set (ob_outline_mgr.cpp:323) overwrites hash_ret before any read. Other codes become OB_ERR_UNEXPECTED (ob_outline_mgr.cpp:305), skip the maps after it and are returned (ob_outline_mgr.cpp:355); the consistency check that rebuilds the maps runs for every code (ob_outline_mgr.cpp:331-353).	confirmed
src/share/schema/ob_outline_mgr.cpp	ObOutlineMgr::add_outline	line 315: other variable hash_ret != OB_HASH_EXIST	LOOKUP_OUTCOME	if hash_ret.is_err() && !matches!(hash_ret, Err(OB_HASH_EXIST)) { ret = Err(OB_ERR_UNEXPECTED); } right after hash_ret = self.signature_map_.set_refactored(outline_signature_wrapper, new_outline_schema, over_write), each comparison its own test joined as the C++ joins them, OB_SUCCESS != hash_ret being hash_ret.is_err() (s2-errors.md 2.3's table); hash_ret is a local ObResult, since it holds only codes (s2-errors.md 2.2 rule 5), in a function in the local-ret form (s2-errors.md 2.3), and the test stays though the code cannot arrive (vocabulary section 3, item 3). The ObPointerHashMap port keeps answering OB_HASH_NOT_EXIST for a miss, OB_HASH_EXIST for a key already set and OB_NOT_INIT before its first sub map exists, never an Option or a bool, until parity (s2-errors.md 2.4 rules 1 and 2); the schema the map points at is held as an Arc or an id, which changes no code. Core unit (core-manifest.tsv:290): this form where the core keeps the function (RULEBOOK section 0).	sweep: ret-compare.tsv:1993 (data row 1992). Producer: hash_ret = signature_map_.set_refactored(outline_signature_wrapper, new_outline_schema, over_write) at ob_outline_mgr.cpp:313-314, over_write = 1 (ob_outline_mgr.cpp:291); signature_map_ is an ObPointerHashMap keyed by database id, signature and format flag (src/share/schema/ob_outline_mgr.h:169-170, :224; ob_outline_mgr.cpp:310-312), and ObPointerHashMap::set_refactored sets OB_HASH_EXIST only when overwrite is 0 (src/oblib/lib/hash/ob_pointer_hashmap.h:405-409) and hands the caller's overwrite to every sub map it tries (ob_pointer_hashmap.h:553, :566, :807), so no statement of the producer sets OB_HASH_EXIST here, and the row takes what the branch would do (vocabulary section 3, item 3). Were it to arrive, it would be the map's answer that the key is already there, which passes value 9's tests before value 11, IGNORED, which the drop alone would give. Holder: the local hash_ret (ob_outline_mgr.cpp:292). Code's branch: the && is false for the code, so ret keeps OB_SUCCESS and nothing runs because of it; hash_ret is not read again. Other codes become OB_ERR_UNEXPECTED (ob_outline_mgr.cpp:316) and are returned (ob_outline_mgr.cpp:355); the consistency check that rebuilds the maps runs for every code (ob_outline_mgr.cpp:331-353).	confirmed
src/share/schema/ob_outline_mgr.cpp	ObOutlineMgr::add_outline	line 325: other variable hash_ret != OB_HASH_EXIST	LOOKUP_OUTCOME	if hash_ret.is_err() && !matches!(hash_ret, Err(OB_HASH_EXIST)) { ret = Err(OB_ERR_UNEXPECTED); } right after hash_ret = self.sql_id_map_.set_refactored(outline_sql_id_wrapper, new_outline_schema, over_write), each comparison its own test joined as the C++ joins them, OB_SUCCESS != hash_ret being hash_ret.is_err() (s2-errors.md 2.3's table); hash_ret is a local ObResult, since it holds only codes (s2-errors.md 2.2 rule 5), in a function in the local-ret form (s2-errors.md 2.3), and the test stays though the code cannot arrive (vocabulary section 3, item 3). The ObPointerHashMap port keeps answering OB_HASH_NOT_EXIST for a miss, OB_HASH_EXIST for a key already set and OB_NOT_INIT before its first sub map exists, never an Option or a bool, until parity (s2-errors.md 2.4 rules 1 and 2); the schema the map points at is held as an Arc or an id, which changes no code. Core unit (core-manifest.tsv:290): this form where the core keeps the function (RULEBOOK section 0).	sweep: ret-compare.tsv:1994 (data row 1993). Producer: hash_ret = sql_id_map_.set_refactored(outline_sql_id_wrapper, new_outline_schema, over_write) at ob_outline_mgr.cpp:323-324, over_write = 1 (ob_outline_mgr.cpp:291); sql_id_map_ is an ObPointerHashMap keyed by database id, SQL id and format flag (src/share/schema/ob_outline_mgr.h:171-172, :225; ob_outline_mgr.cpp:319-322), and ObPointerHashMap::set_refactored sets OB_HASH_EXIST only when overwrite is 0 (src/oblib/lib/hash/ob_pointer_hashmap.h:405-409) and hands the caller's overwrite to every sub map it tries (ob_pointer_hashmap.h:553, :566, :807), so no statement of the producer sets OB_HASH_EXIST here, and the row takes what the branch would do (vocabulary section 3, item 3). Were it to arrive, it would be the map's answer that the key is already there, which passes value 9's tests before value 11, IGNORED, which the drop alone would give. Holder: the local hash_ret (ob_outline_mgr.cpp:292). Code's branch: the && is false for the code, so ret keeps OB_SUCCESS and nothing runs because of it; hash_ret is not read again. Other codes become OB_ERR_UNEXPECTED (ob_outline_mgr.cpp:326) and are returned (ob_outline_mgr.cpp:355); the consistency check that rebuilds the maps runs for every code (ob_outline_mgr.cpp:331-353).	confirmed
src/share/schema/ob_package_mgr.cpp	ObPackageMgr::add_package	line 215: other variable hash_ret != OB_HASH_EXIST	LOOKUP_OUTCOME	if hash_ret.is_err() && !matches!(hash_ret, Err(OB_HASH_EXIST)) { ret = Err(OB_ERR_UNEXPECTED); } right after let mut hash_ret: ObResult = self.package_id_map_.set_refactored(new_package_schema.get_package_id(), new_package_schema, over_write), each comparison its own test joined as the C++ joins them, OB_SUCCESS != hash_ret being hash_ret.is_err() (s2-errors.md 2.3's table); hash_ret is a local ObResult, since it holds only codes (s2-errors.md 2.2 rule 5), in a function in the local-ret form (s2-errors.md 2.3), and the test stays though the code cannot arrive (vocabulary section 3, item 3). The ObPointerHashMap port keeps answering OB_HASH_NOT_EXIST for a miss, OB_HASH_EXIST for a key already set and OB_NOT_INIT before its first sub map exists, never an Option or a bool, until parity (s2-errors.md 2.4 rules 1 and 2); the schema the map points at is held as an Arc or an id, which changes no code. Core unit (core-manifest.tsv:299): this form where the core keeps the function (RULEBOOK section 0).	sweep: ret-compare.tsv:1995 (data row 1994). Producer: hash_ret = package_id_map_.set_refactored(new_package_schema->get_package_id(), new_package_schema, over_write) at ob_package_mgr.cpp:213-214, over_write = 1 (ob_package_mgr.cpp:212); package_id_map_ is an ObPointerHashMap keyed by package id (src/share/schema/ob_package_mgr.h:227-228, :268), and ObPointerHashMap::set_refactored sets OB_HASH_EXIST only when overwrite is 0 (src/oblib/lib/hash/ob_pointer_hashmap.h:405-409) and hands the caller's overwrite to every sub map it tries (ob_pointer_hashmap.h:553, :566, :807), so no statement of the producer sets OB_HASH_EXIST here, and the row takes what the branch would do (vocabulary section 3, item 3). Were it to arrive, it would be the map's answer that the key is already there, which passes value 9's tests before value 11, IGNORED, which the drop alone would give. Holder: the local hash_ret (ob_package_mgr.cpp:213), set again by the name map's set (ob_package_mgr.cpp:222). Code's branch: the && is false for the code, so ret keeps OB_SUCCESS and nothing runs because of it; the name map's set overwrites hash_ret before any read (ob_package_mgr.cpp:218-222). Other codes become OB_ERR_UNEXPECTED (ob_package_mgr.cpp:216), skip the name map (ob_package_mgr.cpp:218) and are returned (ob_package_mgr.cpp:229).	confirmed
src/share/schema/ob_package_mgr.cpp	ObPackageMgr::add_package	line 223: other variable hash_ret != OB_HASH_EXIST	LOOKUP_OUTCOME	if hash_ret.is_err() && !matches!(hash_ret, Err(OB_HASH_EXIST)) { ret = Err(OB_ERR_UNEXPECTED); } right after hash_ret = self.package_name_map_.set_refactored(name_wrapper, new_package_schema, over_write), each comparison its own test joined as the C++ joins them, OB_SUCCESS != hash_ret being hash_ret.is_err() (s2-errors.md 2.3's table); hash_ret is a local ObResult, since it holds only codes (s2-errors.md 2.2 rule 5), in a function in the local-ret form (s2-errors.md 2.3), and the test stays though the code cannot arrive (vocabulary section 3, item 3). The ObPointerHashMap port keeps answering OB_HASH_NOT_EXIST for a miss, OB_HASH_EXIST for a key already set and OB_NOT_INIT before its first sub map exists, never an Option or a bool, until parity (s2-errors.md 2.4 rules 1 and 2); the schema the map points at is held as an Arc or an id, which changes no code. Core unit (core-manifest.tsv:299): this form where the core keeps the function (RULEBOOK section 0).	sweep: ret-compare.tsv:1996 (data row 1995). Producer: hash_ret = package_name_map_.set_refactored(name_wrapper, new_package_schema, over_write) at ob_package_mgr.cpp:222, over_write = 1 (ob_package_mgr.cpp:212); package_name_map_ is an ObPointerHashMap keyed by database id, name and type (src/share/schema/ob_package_mgr.h:229-230, :269; ob_package_mgr.cpp:219-221), and ObPointerHashMap::set_refactored sets OB_HASH_EXIST only when overwrite is 0 (src/oblib/lib/hash/ob_pointer_hashmap.h:405-409) and hands the caller's overwrite to every sub map it tries (ob_pointer_hashmap.h:553, :566, :807), so no statement of the producer sets OB_HASH_EXIST here, and the row takes what the branch would do (vocabulary section 3, item 3). Were it to arrive, it would be the map's answer that the key is already there, which passes value 9's tests before value 11, IGNORED, which the drop alone would give. Holder: the local hash_ret (ob_package_mgr.cpp:213). Code's branch: the && is false for the code, so ret keeps OB_SUCCESS and nothing runs because of it; hash_ret is not read again. Other codes become OB_ERR_UNEXPECTED (ob_package_mgr.cpp:224) and are returned (ob_package_mgr.cpp:229).	confirmed
src/share/schema/ob_part_mgr_util.cpp	ObPartGetter::get_part_ids	line 63: ret == OB_ITER_END	END_OF_DATA	if matches!(ret, Err(OB_ITER_END)) { ret = Ok(()); } after the while ret.is_ok() && ob_succ!(ret = sub_iter.next(&mut subpart)) loop, the OB_LIKELY dropped (RULEBOOK 2.3), on the local ret, an ObResult, in the local-ret form (s2-errors.md 2.3); the reset stays at its place (s2-errors.md 2.4 rule 1). ObSubPartIterator::next keeps ending with Err(OB_ITER_END), never an Option or a bool, until parity (s2-errors.md 2.4 rule 1; ARCHITECTURE.md section 17 default 6). Core unit (core-manifest.tsv:300): this form where the core keeps the function (RULEBOOK section 0).	sweep: ret-compare.tsv:1997 (data row 1996). Producer: sub_iter.next(subpart) at ob_part_mgr_util.cpp:57, the loop condition's call after its OB_SUCC(ret) test; ObSubPartIterator::next answers OB_ITER_END once its index passes the last subpartition of the partition it was set up for (src/share/schema/ob_partition_schema_iter.cpp:98-99). Holder: the local ret (ob_part_mgr_util.cpp:34). Code's branch: ret = OB_SUCCESS (ob_part_mgr_util.cpp:64): every subpartition id of the partition whose name matched is in part_ids; find is already true (ob_part_mgr_util.cpp:53), so the loop over the partitions ends (ob_part_mgr_util.cpp:46), and the code never leaves the site. A body error ends the loop through the OB_SUCC(ret) test and stays in ret (ob_part_mgr_util.cpp:57-61).	confirmed
src/share/schema/ob_part_mgr_util.cpp	ObPartGetter::get_part_ids	line 74: ret == OB_ITER_END	RENAMED	if !find && matches!(ret, Err(OB_ITER_END)) { ret = Err(OB_UNKNOWN_PARTITION); } after the loop over the partitions, on the local ret, an ObResult, in the local-ret form (s2-errors.md 2.3): the && joined as the C++ joins it (s2-errors.md 2.3's table), and the rename at the same place, never map_err or if let Err (s2-errors.md 2.4 rule 3; 2.15 item 7). ObPartIterator::next keeps ending with Err(OB_ITER_END), never an Option or a bool, until parity (s2-errors.md 2.4 rule 1; ARCHITECTURE.md section 17 default 6). Core unit (core-manifest.tsv:300): this form where the core keeps the function (RULEBOOK section 0).	sweep: ret-compare.tsv:1998 (data row 1997). Producer: iter.next(part) at ob_part_mgr_util.cpp:46, the loop condition's last call; ObPartIterator::next answers OB_ITER_END once its index passes the last partition (src/share/schema/ob_partition_schema_iter.cpp:43-44). The body's own OB_ITER_END never reaches the test: the subpartition loop resets it (ob_part_mgr_util.cpp:63-65), and get_subpart_ids_in_partition turns it into OB_SUCCESS before it returns (ob_part_mgr_util.cpp:137-139). Holder: the local ret (ob_part_mgr_util.cpp:34). Code's branch: ret = OB_UNKNOWN_PARTITION (ob_part_mgr_util.cpp:75): every partition was read and no name matched; the site never reports OB_ITER_END, and value 7 comes before value 8. Escapes: the function returns it (ob_part_mgr_util.cpp:78) to the resolvers of a PARTITION (..) clause, which record the user message for OB_UNKNOWN_PARTITION and keep the code (src/sql/resolver/dml/ob_dml_resolver.cpp:5642-5647; src/sql/resolver/cmd/ob_load_data_resolver.cpp:1296-1301).	confirmed
src/share/schema/ob_part_mgr_util.cpp	ObPartGetter::get_subpart_ids	line 104: ret == OB_ITER_END	RENAMED	if !find && matches!(ret, Err(OB_ITER_END)) { ret = Err(OB_UNKNOWN_SUBPARTITION); } after the loop over the partitions, on the local ret, an ObResult, in the local-ret form (s2-errors.md 2.3): the && joined as the C++ joins it (s2-errors.md 2.3's table), and the rename at the same place, never map_err or if let Err (s2-errors.md 2.4 rule 3; 2.15 item 7). ObPartIterator::next keeps ending with Err(OB_ITER_END), never an Option or a bool, until parity (s2-errors.md 2.4 rule 1; ARCHITECTURE.md section 17 default 6). Core unit (core-manifest.tsv:300): this form where the core keeps the function (RULEBOOK section 0).	sweep: ret-compare.tsv:1999 (data row 1998). Producer: iter.next(part) at ob_part_mgr_util.cpp:98, the loop condition's last call; ObPartIterator::next answers OB_ITER_END once its index passes the last partition (src/share/schema/ob_partition_schema_iter.cpp:43-44). The body's get_subpart_ids_in_partition turns its own OB_ITER_END into OB_SUCCESS before it returns (ob_part_mgr_util.cpp:137-139). Holder: the local ret (ob_part_mgr_util.cpp:84). Code's branch: ret = OB_UNKNOWN_SUBPARTITION (ob_part_mgr_util.cpp:105): every partition was read and no name matched; the site never reports OB_ITER_END, and value 7 comes before value 8. Escapes: the function returns it (ob_part_mgr_util.cpp:110) to the resolvers of a SUBPARTITION (..) clause, which pass it on (src/sql/resolver/dml/ob_dml_resolver.cpp:5649; src/sql/resolver/cmd/ob_load_data_resolver.cpp:1303).	confirmed
src/share/schema/ob_part_mgr_util.cpp	ObPartGetter::get_subpart_ids_in_partition	line 137: ret == OB_ITER_END	END_OF_DATA	if !find && matches!(ret, Err(OB_ITER_END)) { ret = Ok(()); } after the while ret.is_ok() && !*find && ob_succ!(ret = sub_iter.next(&mut subpart)) loop, on the local ret, an ObResult, in the local-ret form (s2-errors.md 2.3); the && joined as the C++ joins it (s2-errors.md 2.3's table), and the reset stays at its place (s2-errors.md 2.4 rule 1). ObSubPartIterator::next keeps ending with Err(OB_ITER_END), never an Option or a bool, until parity (s2-errors.md 2.4 rule 1; ARCHITECTURE.md section 17 default 6). Core unit (core-manifest.tsv:300): this form where the core keeps the function (RULEBOOK section 0).	sweep: ret-compare.tsv:2000 (data row 1999). Producer: sub_iter.next(subpart) at ob_part_mgr_util.cpp:124, the loop condition's last call; ObSubPartIterator::next answers OB_ITER_END once its index passes the last subpartition of the partition it was set up for (src/share/schema/ob_partition_schema_iter.cpp:98-99). Holder: the local ret (ob_part_mgr_util.cpp:118). Code's branch: ret = OB_SUCCESS (ob_part_mgr_util.cpp:138): no subpartition of this partition has the name, and find stays false, so the callers go on to the next partition (ob_part_mgr_util.cpp:69-70, :46; ob_part_mgr_util.cpp:101, :98). The code never leaves the site; the function returns OB_SUCCESS (ob_part_mgr_util.cpp:140).	confirmed
src/share/schema/ob_partition_schema_iter.cpp	ObPartitionSchemaIter::next_tablet_id	line 144: ret != OB_ITER_END	END_OF_DATA	if !matches!(ret, Err(OB_ITER_END)) {} inside the failure branch of if ob_fail!(ret = self.next_partition_info(&mut info)), on the local ret, an ObResult, in the local-ret form (s2-errors.md 2.3); the empty branch stays (s2-errors.md 2.3), and the code is returned as the C++ returns it. The iterator keeps ending with Err(OB_ITER_END), never an Option or a bool, until parity (s2-errors.md 2.4 rule 1; ARCHITECTURE.md section 17 default 6). Core unit (core-manifest.tsv:292): this form where the core keeps the function (RULEBOOK section 0).	sweep: ret-compare.tsv:2001 (data row 2000). Producer: next_partition_info(info) at ob_partition_schema_iter.cpp:143, which returns the OB_ITER_END of its partition and subpartition iterators (ob_partition_schema_iter.cpp:176-177, :200-203, :214-215); ObPartIterator::next answers OB_ITER_END once its index passes the last partition (src/share/schema/ob_partition_schema_iter.cpp:43-44). Holder: the local ret (ob_partition_schema_iter.cpp:141). Code's branch: nothing: the if has no else, so tablet_id is not set and the code is returned (ob_partition_schema_iter.cpp:149): the end of the iteration passes on to the caller. Consumer: git grep -n 'next_tablet_id(' 834bbee1e -- src finds only this definition and its declaration (src/share/schema/ob_partition_schema_iter.h:142), so no caller receives it.	confirmed
src/share/schema/ob_partition_schema_iter.cpp	ObPartitionSchemaIter::next_partition_info	line 177: ret != OB_ITER_END	END_OF_DATA	if !matches!(ret, Err(OB_ITER_END)) {} inside the failure branch of if ob_fail!(ret = self.part_iter_.next(&mut self.part_)), on the local ret, an ObResult, in the local-ret form (s2-errors.md 2.3); the empty branch stays (s2-errors.md 2.3). ObPartIterator::next keeps ending with Err(OB_ITER_END), never an Option or a bool, until parity (s2-errors.md 2.4 rule 1; ARCHITECTURE.md section 17 default 6). Core unit (core-manifest.tsv:292): this form where the core keeps the function (RULEBOOK section 0).	sweep: ret-compare.tsv:2002 (data row 2001). Producer: part_iter_.next(part_) at ob_partition_schema_iter.cpp:176; ObPartIterator::next answers OB_ITER_END once its index passes the last partition (src/share/schema/ob_partition_schema_iter.cpp:43-44). Holder: the local ret (ob_partition_schema_iter.cpp:156). Code's branch: nothing because of the code: the counters that follow move for every code (ob_partition_schema_iter.cpp:184-185), the OB_SUCC(ret) block is skipped (ob_partition_schema_iter.cpp:188), and the code is returned (ob_partition_schema_iter.cpp:236): the iteration over the partitions has ended. Consumer: the callers loop until OB_ITER_END, for example ObInformationPartitionsTable (src/observer/virtual_table/ob_information_partitions_table.cpp:158); git grep -n '\.next_partition_info(' 834bbee1e -- src | wc -l counts 10 calls.	confirmed
src/share/schema/ob_partition_schema_iter.cpp	ObPartitionSchemaIter::next_partition_info	line 201: ret != OB_ITER_END	END_OF_DATA	if !matches!(ret, Err(OB_ITER_END)) {} else if ob_fail!(ret = self.part_iter_.next(&mut self.part_)) { .. } else if self.part_.is_null() { ret = Err(OB_ERR_UNEXPECTED); } else { .. } inside the failure branch of if ob_fail!(ret = self.subpart_iter_.next(&mut subpart)), on the local ret, an ObResult, in the local-ret form (s2-errors.md 2.3); the chain keeps the C++ order (s2-errors.md 2.3), with the set-up of the subpartition iterator for the next partition and its first next where the C++ has them (RULEBOOK section 0). ObSubPartIterator::next keeps ending with Err(OB_ITER_END), never an Option or a bool, until parity (s2-errors.md 2.4 rule 1; ARCHITECTURE.md section 17 default 6). Core unit (core-manifest.tsv:292): this form where the core keeps the function (RULEBOOK section 0).	sweep: ret-compare.tsv:2003 (data row 2002). Producer: subpart_iter_.next(subpart) at ob_partition_schema_iter.cpp:200; ObSubPartIterator::next answers OB_ITER_END once its index passes the last subpartition of the partition it was set up for (src/share/schema/ob_partition_schema_iter.cpp:98-99). Holder: the local ret (ob_partition_schema_iter.cpp:156). Code's branch: the iteration moves to the next partition: part_iter_.next overwrites the code (ob_partition_schema_iter.cpp:202), and on success the counters move, the subpartition iterator is set up for the new partition and its first subpartition is read (ob_partition_schema_iter.cpp:207-214). That read is the next step of the iteration on a new partition, not the same read again, so value 5 does not hold; the code never leaves the site. Other codes take the empty branch (ob_partition_schema_iter.cpp:201) and are returned (ob_partition_schema_iter.cpp:236).	confirmed
src/share/schema/ob_partition_schema_iter.cpp	ObPartitionSchemaIter::next_partition_info	line 203: ret != OB_ITER_END	END_OF_DATA	if !matches!(ret, Err(OB_ITER_END)) {} inside the failure branch of else if ob_fail!(ret = self.part_iter_.next(&mut self.part_)), on the local ret, an ObResult, in the local-ret form (s2-errors.md 2.3); the empty branch stays (s2-errors.md 2.3). ObPartIterator::next keeps ending with Err(OB_ITER_END), never an Option or a bool, until parity (s2-errors.md 2.4 rule 1; ARCHITECTURE.md section 17 default 6). Core unit (core-manifest.tsv:292): this form where the core keeps the function (RULEBOOK section 0).	sweep: ret-compare.tsv:2004 (data row 2003). Producer: part_iter_.next(part_) at ob_partition_schema_iter.cpp:202, reached when the current partition's subpartitions are used up; ObPartIterator::next answers OB_ITER_END once its index passes the last partition (src/share/schema/ob_partition_schema_iter.cpp:43-44). Holder: the local ret (ob_partition_schema_iter.cpp:156). Code's branch: nothing: the OB_SUCC(ret) block is skipped (ob_partition_schema_iter.cpp:220) and the code is returned (ob_partition_schema_iter.cpp:236): every subpartition of every partition was returned. Consumer: the callers loop until OB_ITER_END, for example ObInformationPartitionsTable (src/observer/virtual_table/ob_information_partitions_table.cpp:158); git grep -n '\.next_partition_info(' 834bbee1e -- src | wc -l counts 10 calls.	confirmed
src/share/schema/ob_partition_schema_iter.cpp	ObPartitionSchemaIter::next_partition_info	line 215: ret != OB_ITER_END	END_OF_DATA	if !matches!(ret, Err(OB_ITER_END)) {} inside the failure branch of else if ob_fail!(ret = self.subpart_iter_.next(&mut subpart)), on the local ret, an ObResult, in the local-ret form (s2-errors.md 2.3); the empty branch stays (s2-errors.md 2.3). ObSubPartIterator::next keeps ending with Err(OB_ITER_END), never an Option or a bool, until parity (s2-errors.md 2.4 rule 1; ARCHITECTURE.md section 17 default 6). Core unit (core-manifest.tsv:292): this form where the core keeps the function (RULEBOOK section 0).	sweep: ret-compare.tsv:2005 (data row 2004). Producer: subpart_iter_.next(subpart) at ob_partition_schema_iter.cpp:214, the first read on the partition just reached; ObSubPartIterator::next answers OB_ITER_END once its index passes the last subpartition of the partition it was set up for (src/share/schema/ob_partition_schema_iter.cpp:98-99). Holder: the local ret (ob_partition_schema_iter.cpp:156). Code's branch: nothing: the OB_SUCC(ret) block is skipped (ob_partition_schema_iter.cpp:220) and the code is returned (ob_partition_schema_iter.cpp:236), which ends the caller's iteration. Consumer: the callers loop until OB_ITER_END, for example ObInformationPartitionsTable (src/observer/virtual_table/ob_information_partitions_table.cpp:158); git grep -n '\.next_partition_info(' 834bbee1e -- src | wc -l counts 10 calls.	confirmed
src/share/schema/ob_priv_mgr.cpp	ObPrivMgr::add_table_priv	line 564: other variable hash_ret != OB_HASH_EXIST	LOOKUP_OUTCOME	if hash_ret.is_err() && !matches!(hash_ret, Err(OB_HASH_EXIST)) { ret = Err(OB_ERR_UNEXPECTED); } right after let hash_ret: ObResult = self.table_priv_map_.set_refactored(new_table_priv.get_sort_key(), new_table_priv, 1), each comparison its own test joined as the C++ joins them, OB_SUCCESS != hash_ret being hash_ret.is_err() (s2-errors.md 2.3's table); hash_ret is a local ObResult, since it holds only codes (s2-errors.md 2.2 rule 5), in a function in the local-ret form (s2-errors.md 2.3), and the test stays though the code cannot arrive (vocabulary section 3, item 3). The ObPointerHashMap port keeps answering OB_HASH_NOT_EXIST for a miss, OB_HASH_EXIST for a key already set and OB_NOT_INIT before its first sub map exists, never an Option or a bool, until parity (s2-errors.md 2.4 rules 1 and 2); the schema the map points at is held as an Arc or an id, which changes no code. Core unit (core-manifest.tsv:301): this form where the core keeps the function (RULEBOOK section 0).	sweep: ret-compare.tsv:2006 (data row 2005). Producer: hash_ret = table_priv_map_.set_refactored(new_table_priv->get_sort_key(), new_table_priv, 1) at ob_priv_mgr.cpp:563, overwrite passed as 1; table_priv_map_ is an ObPointerHashMap keyed by the table priv sort key (src/share/schema/ob_priv_mgr.h:149, :317), and ObPointerHashMap::set_refactored sets OB_HASH_EXIST only when overwrite is 0 (src/oblib/lib/hash/ob_pointer_hashmap.h:405-409) and hands the caller's overwrite to every sub map it tries (ob_pointer_hashmap.h:553, :566, :807), so no statement of the producer sets OB_HASH_EXIST here, and the row takes what the branch would do (vocabulary section 3, item 3). Were it to arrive, it would be the map's answer that the key is already there, which passes value 9's tests before value 11, IGNORED, which the drop alone would give. Holder: the local hash_ret (ob_priv_mgr.cpp:563). Code's branch: the && is false for the code, so ret keeps OB_SUCCESS and nothing runs because of it; hash_ret is not read again. Other codes become OB_ERR_UNEXPECTED (ob_priv_mgr.cpp:565) and are returned (ob_priv_mgr.cpp:576); the count check after it only logs, for every code (ob_priv_mgr.cpp:569-574).	confirmed
src/share/schema/ob_priv_mgr.cpp	ObPrivMgr::add_routine_priv	line 625: other variable hash_ret != OB_HASH_EXIST	LOOKUP_OUTCOME	if hash_ret.is_err() && !matches!(hash_ret, Err(OB_HASH_EXIST)) { ret = Err(OB_ERR_UNEXPECTED); } right after let hash_ret: ObResult = self.routine_priv_map_.set_refactored(new_routine_priv.get_sort_key(), new_routine_priv, 1), each comparison its own test joined as the C++ joins them, OB_SUCCESS != hash_ret being hash_ret.is_err() (s2-errors.md 2.3's table); hash_ret is a local ObResult, since it holds only codes (s2-errors.md 2.2 rule 5), in a function in the local-ret form (s2-errors.md 2.3), and the test stays though the code cannot arrive (vocabulary section 3, item 3). The ObPointerHashMap port keeps answering OB_HASH_NOT_EXIST for a miss, OB_HASH_EXIST for a key already set and OB_NOT_INIT before its first sub map exists, never an Option or a bool, until parity (s2-errors.md 2.4 rules 1 and 2); the schema the map points at is held as an Arc or an id, which changes no code. Core unit (core-manifest.tsv:301): this form where the core keeps the function (RULEBOOK section 0).	sweep: ret-compare.tsv:2007 (data row 2006). Producer: hash_ret = routine_priv_map_.set_refactored(new_routine_priv->get_sort_key(), new_routine_priv, 1) at ob_priv_mgr.cpp:624, overwrite passed as 1; routine_priv_map_ is an ObPointerHashMap keyed by the routine priv sort key (src/share/schema/ob_priv_mgr.h:150, :319), and ObPointerHashMap::set_refactored sets OB_HASH_EXIST only when overwrite is 0 (src/oblib/lib/hash/ob_pointer_hashmap.h:405-409) and hands the caller's overwrite to every sub map it tries (ob_pointer_hashmap.h:553, :566, :807), so no statement of the producer sets OB_HASH_EXIST here, and the row takes what the branch would do (vocabulary section 3, item 3). Were it to arrive, it would be the map's answer that the key is already there, which passes value 9's tests before value 11, IGNORED, which the drop alone would give. Holder: the local hash_ret (ob_priv_mgr.cpp:624). Code's branch: the && is false for the code, so ret keeps OB_SUCCESS and nothing runs because of it; hash_ret is not read again, and the count check that rebuilds the map runs as after any successful set (ob_priv_mgr.cpp:632-640). Other codes become OB_ERR_UNEXPECTED (ob_priv_mgr.cpp:626) and are returned (ob_priv_mgr.cpp:642).	confirmed
src/share/schema/ob_priv_mgr.cpp	ObPrivMgr::del_column_priv	line 714: ret == OB_ENTRY_NOT_EXIST	LOOKUP_OUTCOME	if matches!(ret, Err(OB_ENTRY_NOT_EXIST)) { ret = Ok(()); <the INFO log> } else { <the ERROR log> } inside the failure branch of if ob_fail!(ret = self.column_privs_sort_by_id_.remove_if(column_priv_key, .., &mut column_priv)), on the local ret, an ObResult, in the local-ret form (s2-errors.md 2.3); the reset stays at the same place and each log takes ret (s2-errors.md 2.4 rule 1, 2.5 rule 1). ObSortedVector's port keeps answering OB_ENTRY_NOT_EXIST for a value it does not hold, never an Option or a bool (s2-errors.md 2.4 rules 1 and 2). Core unit (core-manifest.tsv:301): this form where the core keeps the function (RULEBOOK section 0).	sweep: ret-compare.tsv:2008 (data row 2007). Producer: column_privs_sort_by_id_.remove_if(column_priv_key, cmp, equal, column_priv) at ob_priv_mgr.cpp:710-713, on an ObSortedVector (src/share/schema/ob_priv_mgr.h:145, :322); its find answers OB_ENTRY_NOT_EXIST when no element equals the key, and remove_if sets the removed value only when find succeeds (src/oblib/lib/container/ob_vector.ipp:523, :525-527, :570-574). Holder: the local ret (ob_priv_mgr.cpp:707). Code's branch: ret = OB_SUCCESS with an INFO log, under the comment that a missing item counts as success and may be rebuilt later (ob_priv_mgr.cpp:715-717); column_priv stays NULL (ob_priv_mgr.cpp:709), so the removal from the name-sorted vector is skipped (ob_priv_mgr.cpp:729-730). The code never leaves the site.	confirmed
src/share/schema/ob_priv_mgr.cpp	ObPrivMgr::del_column_priv	line 735: ret == OB_ENTRY_NOT_EXIST	LOOKUP_OUTCOME	if matches!(ret, Err(OB_ENTRY_NOT_EXIST)) { ret = Ok(()); <the INFO log> } else { <the ERROR log> } inside the failure branch of else if ob_fail!(ret = self.column_privs_sort_by_name_.remove_if(column_priv.get_sort_key(), .., &mut column_priv_from_name_vec)), on the local ret, an ObResult, in the local-ret form (s2-errors.md 2.3); the reset stays at the same place and each log takes ret (s2-errors.md 2.4 rule 1, 2.5 rule 1). ObSortedVector's port keeps answering OB_ENTRY_NOT_EXIST for a value it does not hold, never an Option or a bool (s2-errors.md 2.4 rules 1 and 2). Core unit (core-manifest.tsv:301): this form where the core keeps the function (RULEBOOK section 0).	sweep: ret-compare.tsv:2009 (data row 2008). Producer: column_privs_sort_by_name_.remove_if(column_priv->get_sort_key(), cmp, equal, column_priv_from_name_vec) at ob_priv_mgr.cpp:731-734, on an ObSortedVector (src/share/schema/ob_priv_mgr.h:145, :321); its find answers OB_ENTRY_NOT_EXIST when no element equals the key (src/oblib/lib/container/ob_vector.ipp:523, :525-527, :570-574). Holder: the local ret (ob_priv_mgr.cpp:707). Code's branch: ret = OB_SUCCESS with an INFO log, under the comment that a missing item counts as success and may be rebuilt later (ob_priv_mgr.cpp:736-738); the count check that follows then rebuilds the name-sorted vector when the two vectors differ, as after any removal (ob_priv_mgr.cpp:747-756). The code never leaves the site.	confirmed
src/share/schema/ob_priv_mgr.cpp	ObPrivMgr::add_obj_priv	line 817: other variable hash_ret != OB_HASH_EXIST	LOOKUP_OUTCOME	if hash_ret.is_err() && !matches!(hash_ret, Err(OB_HASH_EXIST)) { ret = Err(OB_ERR_UNEXPECTED); } right after let hash_ret: ObResult = self.obj_priv_map_.set_refactored(new_obj_priv.get_sort_key(), new_obj_priv, 1), each comparison its own test joined as the C++ joins them, OB_SUCCESS != hash_ret being hash_ret.is_err() (s2-errors.md 2.3's table); hash_ret is a local ObResult, since it holds only codes (s2-errors.md 2.2 rule 5), in a function in the local-ret form (s2-errors.md 2.3), and the test stays though the code cannot arrive (vocabulary section 3, item 3). The ObPointerHashMap port keeps answering OB_HASH_NOT_EXIST for a miss, OB_HASH_EXIST for a key already set and OB_NOT_INIT before its first sub map exists, never an Option or a bool, until parity (s2-errors.md 2.4 rules 1 and 2); the schema the map points at is held as an Arc or an id, which changes no code. Core unit (core-manifest.tsv:301): this form where the core keeps the function (RULEBOOK section 0).	sweep: ret-compare.tsv:2010 (data row 2009). Producer: hash_ret = obj_priv_map_.set_refactored(new_obj_priv->get_sort_key(), new_obj_priv, 1) at ob_priv_mgr.cpp:816, overwrite passed as 1; obj_priv_map_ is an ObPointerHashMap keyed by the object priv sort key (src/share/schema/ob_priv_mgr.h:152, :324), and ObPointerHashMap::set_refactored sets OB_HASH_EXIST only when overwrite is 0 (src/oblib/lib/hash/ob_pointer_hashmap.h:405-409) and hands the caller's overwrite to every sub map it tries (ob_pointer_hashmap.h:553, :566, :807), so no statement of the producer sets OB_HASH_EXIST here, and the row takes what the branch would do (vocabulary section 3, item 3). Were it to arrive, it would be the map's answer that the key is already there, which passes value 9's tests before value 11, IGNORED, which the drop alone would give. Holder: the local hash_ret (ob_priv_mgr.cpp:816). Code's branch: the && is false for the code, so ret keeps OB_SUCCESS and nothing runs because of it; hash_ret is not read again. Other codes become OB_ERR_UNEXPECTED (ob_priv_mgr.cpp:818) and are returned (ob_priv_mgr.cpp:829); the count check after it only logs, for every code (ob_priv_mgr.cpp:822-827).	confirmed
src/share/schema/ob_priv_mgr.cpp	ObPrivMgr::del_routine_priv	line 871: other variable hash_ret != OB_HASH_NOT_EXIST	LOOKUP_OUTCOME	if hash_ret.is_err() { if !matches!(hash_ret, Err(OB_HASH_NOT_EXIST)) { ret = Err(OB_ERR_UNEXPECTED); } } right after let hash_ret: ObResult = self.routine_priv_map_.erase_refactored(routine_priv_key), hash_ret a local ObResult, since it holds only codes (s2-errors.md 2.2 rule 5), in a function in the local-ret form (s2-errors.md 2.3); OB_SUCCESS != hash_ret is hash_ret.is_err() (s2-errors.md 2.3's table). The ObPointerHashMap port keeps answering OB_HASH_NOT_EXIST for a miss, OB_HASH_EXIST for a key already set and OB_NOT_INIT before its first sub map exists, never an Option or a bool, until parity (s2-errors.md 2.4 rules 1 and 2); the schema the map points at is held as an Arc or an id, which changes no code. Core unit (core-manifest.tsv:301): this form where the core keeps the function (RULEBOOK section 0).	sweep: ret-compare.tsv:2011 (data row 2010). Producer: hash_ret = routine_priv_map_.erase_refactored(routine_priv_key) at ob_priv_mgr.cpp:869, run once the routine priv was taken out of the sorted vector (ob_priv_mgr.cpp:862-868); routine_priv_map_ is an ObPointerHashMap keyed by the routine priv sort key (src/share/schema/ob_priv_mgr.h:150, :319), and ObPointerHashMap::erase_refactored answers OB_HASH_NOT_EXIST when no sub map holds the key (src/oblib/lib/hash/ob_pointer_hashmap.h:671, :693-697) and OB_NOT_INIT before its first sub map exists (ob_pointer_hashmap.h:673-675). Holder: the local hash_ret (ob_priv_mgr.cpp:869), read only by this test and the one around it. Code's branch: nothing: the inner if has no else, so ret keeps OB_SUCCESS and the code dies: a key already gone from the map is not an error. The count check that follows rebuilds the map when it disagrees with the vector (ob_priv_mgr.cpp:876-884). Other codes become OB_ERR_UNEXPECTED (ob_priv_mgr.cpp:872) and are returned (ob_priv_mgr.cpp:885).	confirmed
src/share/schema/ob_priv_mgr.cpp	ObPrivMgr::get_routine_priv	line 979: other variable hash_ret != OB_HASH_NOT_EXIST	LOOKUP_OUTCOME	The if / else-if chain over codes on hash_ret at ob_priv_mgr.cpp:973-981 is match hash_ret { Ok(()) => { <the null check and the out-parameter as the C++ writes them> } Err(OB_HASH_NOT_EXIST) => {} _ => { ret = hash_ret; } } after let hash_ret: ObResult = self.routine_priv_map_.get_refactored(..) (s2-errors.md 2.3's table; RULEBOOK 2.1); this row is its Err(OB_HASH_NOT_EXIST) arm, empty like the C++, hash_ret a local ObResult, since it holds only codes (s2-errors.md 2.2 rule 5), in a function in the local-ret form (s2-errors.md 2.3). The ObPointerHashMap port keeps answering OB_HASH_NOT_EXIST for a miss, OB_HASH_EXIST for a key already set and OB_NOT_INIT before its first sub map exists, never an Option or a bool, until parity (s2-errors.md 2.4 rules 1 and 2); the schema the map points at is held as an Arc or an id, which changes no code. Core unit (core-manifest.tsv:301): this form where the core keeps the function (RULEBOOK section 0).	sweep: ret-compare.tsv:2012 (data row 2011). Producer: hash_ret = routine_priv_map_.get_refactored(..) at ob_priv_mgr.cpp:972; routine_priv_map_ is an ObPointerHashMap keyed by its priv sort key (src/share/schema/ob_priv_mgr.h:150, :319), and ObPointerHashMap::get_refactored answers OB_HASH_NOT_EXIST when no sub map holds the key (src/oblib/lib/hash/ob_pointer_hashmap.h:598, :604-605) and OB_NOT_INIT before its first sub map exists (ob_pointer_hashmap.h:600-601). Holder: the local hash_ret (ob_priv_mgr.cpp:972), read only in this chain. Code's branch: nothing: ret keeps OB_SUCCESS and routine_priv stays NULL (ob_priv_mgr.cpp:969), so the caller learns from the null pointer that no such privilege is held; the code dies. Every other code is copied into ret (ob_priv_mgr.cpp:980) and returned (ob_priv_mgr.cpp:982). Consumer: check_routine_priv reads a NULL routine_priv as no routine privilege (src/share/schema/ob_schema_getter_guard_priv.cpp:736-740).	confirmed
src/share/schema/ob_priv_mgr.cpp	ObPrivMgr::add_obj_mysql_priv	line 1672: other variable hash_ret != OB_HASH_EXIST	LOOKUP_OUTCOME	if hash_ret.is_err() && !matches!(hash_ret, Err(OB_HASH_EXIST)) { ret = Err(OB_ERR_UNEXPECTED); } right after let hash_ret: ObResult = self.obj_mysql_priv_map_.set_refactored(new_obj_mysql_priv.get_sort_key(), new_obj_mysql_priv, 1), each comparison its own test joined as the C++ joins them, OB_SUCCESS != hash_ret being hash_ret.is_err() (s2-errors.md 2.3's table); hash_ret is a local ObResult, since it holds only codes (s2-errors.md 2.2 rule 5), in a function in the local-ret form (s2-errors.md 2.3), and the test stays though the code cannot arrive (vocabulary section 3, item 3). The ObPointerHashMap port keeps answering OB_HASH_NOT_EXIST for a miss, OB_HASH_EXIST for a key already set and OB_NOT_INIT before its first sub map exists, never an Option or a bool, until parity (s2-errors.md 2.4 rules 1 and 2); the schema the map points at is held as an Arc or an id, which changes no code. Core unit (core-manifest.tsv:301): this form where the core keeps the function (RULEBOOK section 0).	sweep: ret-compare.tsv:2013 (data row 2012). Producer: hash_ret = obj_mysql_priv_map_.set_refactored(new_obj_mysql_priv->get_sort_key(), new_obj_mysql_priv, 1) at ob_priv_mgr.cpp:1671, overwrite passed as 1; obj_mysql_priv_map_ is an ObPointerHashMap keyed by the MySQL object priv sort key (src/share/schema/ob_priv_mgr.h:153, :327), and ObPointerHashMap::set_refactored sets OB_HASH_EXIST only when overwrite is 0 (src/oblib/lib/hash/ob_pointer_hashmap.h:405-409) and hands the caller's overwrite to every sub map it tries (ob_pointer_hashmap.h:553, :566, :807), so no statement of the producer sets OB_HASH_EXIST here, and the row takes what the branch would do (vocabulary section 3, item 3). Were it to arrive, it would be the map's answer that the key is already there, which passes value 9's tests before value 11, IGNORED, which the drop alone would give. Holder: the local hash_ret (ob_priv_mgr.cpp:1671). Code's branch: the && is false for the code, so ret keeps OB_SUCCESS and nothing runs because of it; hash_ret is not read again. Other codes become OB_ERR_UNEXPECTED (ob_priv_mgr.cpp:1673) and are returned (ob_priv_mgr.cpp:1684); the count check after it only logs, for every code (ob_priv_mgr.cpp:1677-1682).	confirmed
src/share/schema/ob_priv_mgr.cpp	ObPrivMgr::get_obj_mysql_priv	line 1726: other variable hash_ret != OB_HASH_NOT_EXIST	LOOKUP_OUTCOME	The if / else-if chain over codes on hash_ret at ob_priv_mgr.cpp:1720-1728 is match hash_ret { Ok(()) => { <the null check and the out-parameter as the C++ writes them> } Err(OB_HASH_NOT_EXIST) => {} _ => { ret = hash_ret; } } after let hash_ret: ObResult = self.obj_mysql_priv_map_.get_refactored(..) (s2-errors.md 2.3's table; RULEBOOK 2.1); this row is its Err(OB_HASH_NOT_EXIST) arm, empty like the C++, hash_ret a local ObResult, since it holds only codes (s2-errors.md 2.2 rule 5), in a function in the local-ret form (s2-errors.md 2.3). The ObPointerHashMap port keeps answering OB_HASH_NOT_EXIST for a miss, OB_HASH_EXIST for a key already set and OB_NOT_INIT before its first sub map exists, never an Option or a bool, until parity (s2-errors.md 2.4 rules 1 and 2); the schema the map points at is held as an Arc or an id, which changes no code. Core unit (core-manifest.tsv:301): this form where the core keeps the function (RULEBOOK section 0).	sweep: ret-compare.tsv:2014 (data row 2013). Producer: hash_ret = obj_mysql_priv_map_.get_refactored(..) at ob_priv_mgr.cpp:1718; obj_mysql_priv_map_ is an ObPointerHashMap keyed by its priv sort key (src/share/schema/ob_priv_mgr.h:153, :327), and ObPointerHashMap::get_refactored answers OB_HASH_NOT_EXIST when no sub map holds the key (src/oblib/lib/hash/ob_pointer_hashmap.h:598, :604-605) and OB_NOT_INIT before its first sub map exists (ob_pointer_hashmap.h:600-601). Holder: the local hash_ret (ob_priv_mgr.cpp:1718), read only in this chain. Code's branch: nothing: ret keeps OB_SUCCESS and obj_mysql_priv stays NULL (ob_priv_mgr.cpp:1716), so the caller learns from the null pointer that no such privilege is held; the code dies. Every other code is copied into ret (ob_priv_mgr.cpp:1727) and returned (ob_priv_mgr.cpp:1729). Consumer: get_obj_mysql_priv_set reads a NULL obj_mysql_priv as an empty privilege set (ob_priv_mgr.cpp:1736, :1739-1740).	confirmed
src/share/schema/ob_priv_sql_service.cpp	ObPrivSqlService::gen_delete_routine_priv_sql	line 355: ret != OB_ITER_END	END_OF_DATA	if !matches!(ret, Err(OB_ITER_END)) {} else { ret = Ok(()); } inside the failure branch of else if ob_fail!(ret = res.next()), on the local ret, an ObResult, in the local-ret form (s2-errors.md 2.3); the empty branch and the reset stay (s2-errors.md 2.3, 2.4 rule 1). The inner SQL result keeps ending with Err(OB_ITER_END), never an Option or a bool, and keeps that code at its boundary until parity (s2-errors.md 2.4 rules 1 and 2; ARCHITECTURE.md section 17 default 6). Core unit (core-manifest.tsv:320): this form where the core keeps the function (RULEBOOK section 0).	sweep: ret-compare.tsv:2015 (data row 2014). Producer: res->next() at ob_priv_sql_service.cpp:354, the second next() after the one row was read (ob_priv_sql_service.cpp:341-343); ObMySQLResult::next is pure virtual (src/oblib/common/mysqlclient/ob_mysql_result.h:1560), and its one implementation in src, ObInnerSQLResult::next (grep -rnE 'public +([a-z:]*::)?ObMySQLResult\b' src prints only src/observer/ob_inner_sql_result.h:42), answers OB_ITER_END once the rows are used up (src/observer/ob_inner_sql_result.cpp:207-208, :216). Holder: the local ret (ob_priv_sql_service.cpp:287). Code's branch: ret = OB_SUCCESS (ob_priv_sql_service.cpp:357): the SELECT returned exactly one row, as the comment expects (ob_priv_sql_service.cpp:351); a second row makes ret OB_ERR_UNEXPECTED (ob_priv_sql_service.cpp:359-360). The code never leaves the site. Other codes take the empty branch (ob_priv_sql_service.cpp:355) and are returned (ob_priv_sql_service.cpp:365) to grant_routine, which passes them on (ob_priv_sql_service.cpp:394).	confirmed
src/share/schema/ob_routine_mgr.cpp	ObRoutineMgr::add_routine	line 244: other variable hash_ret != OB_HASH_EXIST	LOOKUP_OUTCOME	if hash_ret.is_err() && !matches!(hash_ret, Err(OB_HASH_EXIST)) { ret = Err(OB_ERR_UNEXPECTED); } right after let mut hash_ret: ObResult = self.routine_id_map_.set_refactored(new_routine_schema.get_routine_id(), new_routine_schema, over_write), each comparison its own test joined as the C++ joins them, OB_SUCCESS != hash_ret being hash_ret.is_err() (s2-errors.md 2.3's table); hash_ret is a local ObResult, since it holds only codes (s2-errors.md 2.2 rule 5), in a function in the local-ret form (s2-errors.md 2.3), and the test stays though the code cannot arrive (vocabulary section 3, item 3). The ObPointerHashMap port keeps answering OB_HASH_NOT_EXIST for a miss, OB_HASH_EXIST for a key already set and OB_NOT_INIT before its first sub map exists, never an Option or a bool, until parity (s2-errors.md 2.4 rules 1 and 2); the schema the map points at is held as an Arc or an id, which changes no code. Core unit (core-manifest.tsv:310): this form where the core keeps the function (RULEBOOK section 0).	sweep: ret-compare.tsv:2016 (data row 2015). Producer: hash_ret = routine_id_map_.set_refactored(new_routine_schema->get_routine_id(), new_routine_schema, over_write) at ob_routine_mgr.cpp:242-243, over_write = 1 (ob_routine_mgr.cpp:241); routine_id_map_ is an ObPointerHashMap keyed by routine id (src/share/schema/ob_routine_mgr.h:249-250, :298), and ObPointerHashMap::set_refactored sets OB_HASH_EXIST only when overwrite is 0 (src/oblib/lib/hash/ob_pointer_hashmap.h:405-409) and hands the caller's overwrite to every sub map it tries (ob_pointer_hashmap.h:553, :566, :807), so no statement of the producer sets OB_HASH_EXIST here, and the row takes what the branch would do (vocabulary section 3, item 3). Were it to arrive, it would be the map's answer that the key is already there, which passes value 9's tests before value 11, IGNORED, which the drop alone would give. Holder: the local hash_ret (ob_routine_mgr.cpp:242), set again by the name map's set (ob_routine_mgr.cpp:253). Code's branch: the && is false for the code, so ret keeps OB_SUCCESS and nothing runs because of it; the name map's set overwrites hash_ret before any read (ob_routine_mgr.cpp:247-253). Other codes become OB_ERR_UNEXPECTED (ob_routine_mgr.cpp:245), skip the name map (ob_routine_mgr.cpp:247) and are returned (ob_routine_mgr.cpp:272); the consistency check that rebuilds the maps runs for every code (ob_routine_mgr.cpp:259-271).	confirmed
src/share/schema/ob_routine_mgr.cpp	ObRoutineMgr::add_routine	line 254: other variable hash_ret != OB_HASH_EXIST	LOOKUP_OUTCOME	if hash_ret.is_err() && !matches!(hash_ret, Err(OB_HASH_EXIST)) { ret = Err(OB_ERR_UNEXPECTED); } right after hash_ret = self.routine_name_map_.set_refactored(name_wrapper, new_routine_schema, over_write), each comparison its own test joined as the C++ joins them, OB_SUCCESS != hash_ret being hash_ret.is_err() (s2-errors.md 2.3's table); hash_ret is a local ObResult, since it holds only codes (s2-errors.md 2.2 rule 5), in a function in the local-ret form (s2-errors.md 2.3), and the test stays though the code cannot arrive (vocabulary section 3, item 3). The ObPointerHashMap port keeps answering OB_HASH_NOT_EXIST for a miss, OB_HASH_EXIST for a key already set and OB_NOT_INIT before its first sub map exists, never an Option or a bool, until parity (s2-errors.md 2.4 rules 1 and 2); the schema the map points at is held as an Arc or an id, which changes no code. Core unit (core-manifest.tsv:310): this form where the core keeps the function (RULEBOOK section 0).	sweep: ret-compare.tsv:2017 (data row 2016). Producer: hash_ret = routine_name_map_.set_refactored(name_wrapper, new_routine_schema, over_write) at ob_routine_mgr.cpp:253, over_write = 1 (ob_routine_mgr.cpp:241); routine_name_map_ is an ObPointerHashMap keyed by database id, package id, name, overload and type (src/share/schema/ob_routine_mgr.h:251-252, :299; ob_routine_mgr.cpp:248-252), and ObPointerHashMap::set_refactored sets OB_HASH_EXIST only when overwrite is 0 (src/oblib/lib/hash/ob_pointer_hashmap.h:405-409) and hands the caller's overwrite to every sub map it tries (ob_pointer_hashmap.h:553, :566, :807), so no statement of the producer sets OB_HASH_EXIST here, and the row takes what the branch would do (vocabulary section 3, item 3). Were it to arrive, it would be the map's answer that the key is already there, which passes value 9's tests before value 11, IGNORED, which the drop alone would give. Holder: the local hash_ret (ob_routine_mgr.cpp:242). Code's branch: the && is false for the code, so ret keeps OB_SUCCESS and nothing runs because of it; hash_ret is not read again. Other codes become OB_ERR_UNEXPECTED (ob_routine_mgr.cpp:255) and are returned (ob_routine_mgr.cpp:272); the consistency check that rebuilds the maps runs for every code (ob_routine_mgr.cpp:259-271).	confirmed
src/share/schema/ob_schema_cache.cpp	ObSchemaCache::get_schema	line 423: ret != OB_ENTRY_NOT_EXIST	LOOKUP_OUTCOME	if !matches!(ret, Err(OB_ENTRY_NOT_EXIST)) {} and then the cache-miss counter inside the failure branch of if ob_fail!(ret = self.cache_.get(&cache_key, &mut cache_value, handle)), on the local ret, an ObResult, in the local-ret form (s2-errors.md 2.3); the empty branch stays (s2-errors.md 2.3), and the code is returned unchanged, with no ok(), unwrap_or* or is_ok() swallowing it (s2-errors.md 2.12 item 2). The KV cache port keeps answering OB_ENTRY_NOT_EXIST for a key not cached, never an Option or a bool (s2-errors.md 2.4 rules 1 and 2). Core unit (core-manifest.tsv:322): this form where the core keeps the function (RULEBOOK section 0).	sweep: ret-compare.tsv:2018 (data row 2017). Producer: cache_.get(..) at ob_schema_cache.cpp:422, on an ObKVCache<ObSchemaCacheKey, ObSchemaCacheValue> (src/share/schema/ob_schema_cache.h:194, :203), keyed by schema type, id and version (ob_schema_cache.cpp:420); ObKVCache::get passes on the global cache's code (src/share/cache/ob_kv_storecache.h:538-541), and the cache map answers OB_ENTRY_NOT_EXIST when no entry has the key (src/share/cache/ob_kvcache_map.cpp:319-326). Holder: the local ret (ob_schema_cache.cpp:411). Code's branch: nothing because of the code: the miss counter runs for every failure (ob_schema_cache.cpp:425), the OB_SUCC(ret) block is skipped (ob_schema_cache.cpp:430), and OB_ENTRY_NOT_EXIST is returned with schema NULL (ob_schema_cache.cpp:413, :439): the cache does not hold that entry. Other codes take the same way. Consumer: ObMultiVersionSchemaService::get_schema tests it, then reads the version history and the inner tables (src/share/schema/ob_multi_version_schema_service.cpp:368-376, :440-448; ret-compare.tsv:1969, :1971).	confirmed
src/share/schema/ob_schema_cache.cpp	ObSchemaCache::get_tablet_cache	line 504: ret != OB_ENTRY_NOT_EXIST	LOOKUP_OUTCOME	if !matches!(ret, Err(OB_ENTRY_NOT_EXIST)) {} inside the failure branch of else if ob_fail!(ret = self.tablet_cache_.get(key, &mut value, &mut handle)), on the local ret, an ObResult, in the local-ret form (s2-errors.md 2.3); the empty branch stays (s2-errors.md 2.3), and the code is returned unchanged, with no ok(), unwrap_or* or is_ok() swallowing it (s2-errors.md 2.12 item 2). The KV cache port keeps answering OB_ENTRY_NOT_EXIST for a key not cached, never an Option or a bool (s2-errors.md 2.4 rules 1 and 2). Core unit (core-manifest.tsv:322): this form where the core keeps the function (RULEBOOK section 0).	sweep: ret-compare.tsv:2019 (data row 2018). Producer: tablet_cache_.get(..) at ob_schema_cache.cpp:503, on an ObKVCache<ObTabletCacheKey, ObTabletCacheValue> (src/share/schema/ob_schema_cache.h:196, :207), keyed by tablet id and schema version; ObKVCache::get passes on the global cache's code (src/share/cache/ob_kv_storecache.h:538-541), and the cache map answers OB_ENTRY_NOT_EXIST when no entry has the key (src/share/cache/ob_kvcache_map.cpp:319-326). Holder: the local ret (ob_schema_cache.cpp:495). Code's branch: nothing because of the code: table_id stays OB_INVALID_ID (ob_schema_cache.cpp:498) and OB_ENTRY_NOT_EXIST is returned (ob_schema_cache.cpp:511): the cache does not hold that entry. Other codes take the same way. Consumer: get_tablet_to_table_history tests it and puts the tablet in a batch read of the inner table (src/share/schema/ob_multi_version_schema_service.cpp:2435-2441; ret-compare.tsv:1988).	confirmed
src/share/schema/ob_schema_cache.cpp	ObSchemaCache::get_schema_history_cache	line 547: ret != OB_ENTRY_NOT_EXIST	LOOKUP_OUTCOME	if !matches!(ret, Err(OB_ENTRY_NOT_EXIST)) {} and then the history-miss counter inside the failure branch of if ob_fail!(ret = self.history_cache_.get(&cache_key, &mut cache_value, &mut handle)), on the local ret, an ObResult, in the local-ret form (s2-errors.md 2.3); the empty branch stays (s2-errors.md 2.3), and the code is returned unchanged, with no ok(), unwrap_or* or is_ok() swallowing it (s2-errors.md 2.12 item 2). The KV cache port keeps answering OB_ENTRY_NOT_EXIST for a key not cached, never an Option or a bool (s2-errors.md 2.4 rules 1 and 2). Core unit (core-manifest.tsv:322): this form where the core keeps the function (RULEBOOK section 0).	sweep: ret-compare.tsv:2020 (data row 2019). Producer: history_cache_.get(..) at ob_schema_cache.cpp:546, on an ObKVCache<ObSchemaCacheKey, ObSchemaHistoryCacheValue> (src/share/schema/ob_schema_cache.h:195, :204), keyed by schema type, id and version (ob_schema_cache.cpp:543); ObKVCache::get passes on the global cache's code (src/share/cache/ob_kv_storecache.h:538-541), and the cache map answers OB_ENTRY_NOT_EXIST when no entry has the key (src/share/cache/ob_kvcache_map.cpp:319-326). Holder: the local ret (ob_schema_cache.cpp:536). Code's branch: nothing because of the code: the miss counter runs for every failure (ob_schema_cache.cpp:549), precise_schema_version stays OB_INVALID_VERSION (ob_schema_cache.cpp:537), and OB_ENTRY_NOT_EXIST is returned (ob_schema_cache.cpp:557): the cache does not hold that entry. Other codes take the same way. Consumer: ObMultiVersionSchemaService::get_schema tests it and reads the precise version from the inner table (src/share/schema/ob_multi_version_schema_service.cpp:425-434; ret-compare.tsv:1970).	confirmed
src/share/schema/ob_schema_cache.cpp	ObSchemaFetcher::fetch_schema	line 637: ret == OB_SCHEMA_EAGAIN	RETRY	if matches!(ret, Err(OB_SCHEMA_EAGAIN)) { retry = { let n = retry_times; retry_times += 1; n < RETRY_TIMES_MAX }; if retry { ob_usleep(10_000_000); continue; } else { break; } } else { break; } inside the failure branch of else if ob_fail!(ret = self.schema_service_.can_read_schema_version(schema_status, schema_version)), in the do-while written as loop { ..; if !retry { break; } } (s2-errors.md Example 5), on the local ret, an ObResult, in the local-ret form (s2-errors.md 2.3). The sleep, the continue and the breaks keep the C++ order (RULEBOOK section 0, "Keep the control flow"); the block compares the count before adding 1, as retry_times++ does. The C++ continue jumps to the while (retry) test, which is true on this path, so the Rust continue, which starts the next round without the test, gives the same order. Core unit (core-manifest.tsv:322): this form where the core keeps the function (RULEBOOK section 0).	sweep: ret-compare.tsv:2021 (data row 2020). Producer: schema_service_->can_read_schema_version(schema_status, schema_version) at ob_schema_cache.cpp:636; ObSchemaService's own version answers OB_SUCCESS (src/share/schema/ob_schema_service.h:821-823), and its one subclass (git grep -nE 'public +([a-z:]*::)?ObSchemaService( |$|,|\{)' 834bbee1e -- src prints only src/observer/schema/ob_schema_service_sql_impl.h:64) answers OB_SCHEMA_EAGAIN when the wanted version is above both the core and the normal schema versions it reads (src/observer/schema/ob_schema_service_sql_impl.cpp:4897-4901). Holder: the local ret (ob_schema_cache.cpp:624). Retry step: while fewer than RETRY_TIMES_MAX, 8, rounds were used (ob_schema_cache.cpp:628, :638), the branch sleeps 10 s and continues the do-while, whose condition is retry (ob_schema_cache.cpp:639-641, :774), so can_read_schema_version runs again; after that it breaks with OB_SCHEMA_EAGAIN in ret (ob_schema_cache.cpp:642-643), which is returned (ob_schema_cache.cpp:776). Other codes break out at once (ob_schema_cache.cpp:645-646). Consumer: ObMultiVersionSchemaService::get_schema passes it on (src/share/schema/ob_multi_version_schema_service.cpp:460-465); its other call asks for the latest version, INT64_MAX, for which the check is skipped (src/share/schema/ob_multi_version_schema_service.cpp:307-314; ob_schema_cache.cpp:634-635).	confirmed
src/share/schema/ob_schema_cache.cpp	ObSchemaFetcher::fetch_schema	line 770: ret == OB_CONNECT_ERROR	RETRY	retry = matches!(ret, Err(OB_CONNECT_ERROR)) && { let n = retry_times; retry_times += 1; n < RETRY_TIMES_MAX }; if retry { ob_usleep(10_000_000); } at the end of the do-while body, written as loop { ..; if !retry { break; } } with the condition evaluated each round (s2-errors.md Example 5), on the local ret, an ObResult, in the local-ret form (s2-errors.md 2.3); the && keeps its short circuit, so the count moves only for OB_CONNECT_ERROR, as in the C++ (RULEBOOK section 0, "Keep the control flow"). Core unit (core-manifest.tsv:322): this form where the core keeps the function (RULEBOOK section 0).	sweep: ret-compare.tsv:2022 (data row 2021). Producer: the fetch_* call the switch picks for schema_type (ob_schema_cache.cpp:651-769), each reading the inner tables through sql_client_ (for example ob_schema_cache.cpp:793). git grep -n OB_CONNECT_ERROR 834bbee1e -- src | grep -v errno prints 13 lines, and the statements among them that set the code are in src/observer/mysql, the client protocol layer (for example src/observer/mysql/obmp_base.cpp:287 and src/observer/mysql/obmp_packet_sender.cpp:477); whether one lies on the inner-SQL path of these reads is not traced, and the value follows from the branch either way (vocabulary section 3, item 3). Holder: the local ret (ob_schema_cache.cpp:624). Retry step: when the code is OB_CONNECT_ERROR and fewer than RETRY_TIMES_MAX, 8, rounds were used, retry becomes true and the loop sleeps 10 s (ob_schema_cache.cpp:770-773), and the do-while runs the whole fetch again (ob_schema_cache.cpp:774); the rounds are shared with the OB_SCHEMA_EAGAIN retry (ob_schema_cache.cpp:638). Once they are used up, OB_CONNECT_ERROR is returned (ob_schema_cache.cpp:776).	confirmed
src/share/schema/ob_schema_getter_guard.cpp	ObSchemaGetterGuard::get_system_variable	line 316: ret != OB_ERR_SYS_VARIABLE_UNKNOWN	PASSED_ON	if !matches!(ret, Err(OB_ERR_SYS_VARIABLE_UNKNOWN)) { <the WARN log, which takes the ret in scope (s2-errors.md 2.5 rule 1)> } inside the failure branch of else if ob_fail!(ret = sys_variable_schema.get_sysvar_schema(var_name, var_schema)), on the local ret, an ObResult, in the local-ret form (s2-errors.md 2.3); the code is returned unchanged, with no ok(), unwrap_or* or is_ok() swallowing it (s2-errors.md 2.12 item 2). Core unit (core-manifest.tsv:324): this form where the core keeps the function (RULEBOOK section 0).	sweep: ret-compare.tsv:2023 (data row 2022). Producer: sys_variable_schema->get_sysvar_schema(var_name, var_schema) at ob_schema_getter_guard.cpp:315, which answers OB_ERR_SYS_VARIABLE_UNKNOWN for a name that is no system variable (src/share/schema/ob_schema_struct.cpp:957-959) and, through the id overload, when the tenant's schema holds no entry for it (src/share/schema/ob_schema_struct.cpp:961, :975-977). The code's name is not on value 9's list and has none of its endings, so value 9 does not hold. Holder: the local ret (ob_schema_getter_guard.cpp:309). Code's branch: nothing: the code is spared the WARN log the other codes get (ob_schema_getter_guard.cpp:316-318) and is returned unchanged (ob_schema_getter_guard.cpp:320). Escapes: the callers pass it on untested, for example the SET executor's read of a variable by name (src/sql/engine/cmd/ob_variable_set_executor.cpp:684); git grep -n OB_ERR_SYS_VARIABLE_UNKNOWN 834bbee1e over the files of the guard's callers finds no test of it after these calls; the one test there is of the session's own lookup (src/sql/engine/cmd/ob_variable_set_executor.cpp:160-161).	confirmed
src/share/schema/ob_schema_getter_guard.cpp	ObSchemaGetterGuard::get_system_variable	line 332: ret != OB_ERR_SYS_VARIABLE_UNKNOWN	PASSED_ON	if !matches!(ret, Err(OB_ERR_SYS_VARIABLE_UNKNOWN)) { <the WARN log, which takes the ret in scope (s2-errors.md 2.5 rule 1)> } inside the failure branch of else if ob_fail!(ret = sys_variable_schema.get_sysvar_schema(var_id, var_schema)), on the local ret, an ObResult, in the local-ret form (s2-errors.md 2.3); the code is returned unchanged, with no ok(), unwrap_or* or is_ok() swallowing it (s2-errors.md 2.12 item 2). Core unit (core-manifest.tsv:324): this form where the core keeps the function (RULEBOOK section 0).	sweep: ret-compare.tsv:2024 (data row 2023). Producer: sys_variable_schema->get_sysvar_schema(var_id, var_schema) at ob_schema_getter_guard.cpp:331, which answers OB_ERR_SYS_VARIABLE_UNKNOWN when the tenant's schema holds no entry at that variable's index (src/share/schema/ob_schema_struct.cpp:975-977). The code's name is not on value 9's list and has none of its endings, so value 9 does not hold. Holder: the local ret (ob_schema_getter_guard.cpp:325). Code's branch: nothing: the code is spared the WARN log the other codes get (ob_schema_getter_guard.cpp:332-334) and is returned unchanged (ob_schema_getter_guard.cpp:336). Escapes: the callers pass it on untested, for example ObSchemaUtils (src/share/schema/ob_schema_utils.cpp:291-292), the SQL memory manager (src/sql/engine/ob_sql_memory_manager.cpp:800-801) and the guard's own check of activate_all_roles_on_login (ob_schema_getter_guard.cpp:1249-1250); git grep -n OB_ERR_SYS_VARIABLE_UNKNOWN 834bbee1e over the files of the guard's callers finds no test of it after these calls; the one test there is of the session's own lookup (src/sql/engine/cmd/ob_variable_set_executor.cpp:160-161).	confirmed
src/share/schema/ob_schema_getter_guard.cpp	ObSchemaGetterGuard::get_schema	line 2314: ret != OB_ENTRY_NOT_EXIST	RENAMED	if !matches!(ret, Err(OB_ENTRY_NOT_EXIST)) {} else if ob_fail!(ret = self.get_schema_mgr(&mut mgr)) {} else if <mgr is not null> { if <schema_type is TABLE_SIMPLE_SCHEMA> { ret = Err(OB_NOT_SUPPORTED); } else { .. } } else { if <specified_version is not OB_INVALID_VERSION> { ret = Err(OB_INVALID_ARGUMENT); } .. } inside the failure branch of else if ob_fail!(ret = self.get_from_local_cache(schema_type, schema_id, schema)), on the local ret, an ObResult, in the local-ret form (s2-errors.md 2.3); the chain keeps the C++ order and the empty branch stays (s2-errors.md 2.3), and the two renames stay at their places as the C++ writes them, never map_err or if let Err (s2-errors.md 2.4 rule 3; 2.15 item 7). get_from_local_cache keeps answering OB_ENTRY_NOT_EXIST for a schema the guard does not hold, never an Option or a bool (s2-errors.md 2.4 rules 1 and 2). Core unit (core-manifest.tsv:325): this form where the core keeps the function (RULEBOOK section 0).	sweep: ret-compare.tsv:2025 (data row 2024). Producer: get_from_local_cache(schema_type, schema_id, schema) at ob_schema_getter_guard.cpp:2313, which looks through the guard's schema_objs_ for the type and id and sets OB_ENTRY_NOT_EXIST when none matches (ob_schema_getter_guard.cpp:2244-2252). Holder: the local ret (ob_schema_getter_guard.cpp:2300). Code's branch: the schema is fetched instead, and get_schema_mgr overwrites the code on every way (ob_schema_getter_guard.cpp:2315), so the compared code is never reported. With a schema mgr, TABLE_SIMPLE_SCHEMA gets ret = OB_NOT_SUPPORTED (ob_schema_getter_guard.cpp:2318-2319), and for any other type the version is looked up and the schema service's get_schema fills the guard's cache (ob_schema_getter_guard.cpp:2320-2349); in lazy mode a specified version gets ret = OB_INVALID_ARGUMENT (ob_schema_getter_guard.cpp:2352-2354), and otherwise the same fetch runs at the guard's version (ob_schema_getter_guard.cpp:2355-2371). Those two constants are assigned straight to ret and refuse a request the fetch does not serve; no step of the branch has failed, so value 7's exception, which covers the failure of the branch's own step such as the null check at :2341-2342, does not apply, and the branch renames the code (vocabulary value 7), as row 240 of this shard reads the state check after the miss in construct_fallback_schema_mgr_ (ret-compare.tsv:1973). Neither constant can arrive today: no call passes TABLE_SIMPLE_SCHEMA (git grep -n TABLE_SIMPLE_SCHEMA 834bbee1e -- src/share/schema/ob_schema_getter_guard.cpp finds only :2318), and every call that passes a version takes the simple schema from the guard's mgr first, after check_lazy_guard or its own NULL test answers OB_SCHEMA_EAGAIN for a lazy guard (ob_schema_getter_guard.cpp:3774-3775, :2607-2608, :2666-2667), as the header asks (src/share/schema/ob_schema_getter_guard.h:685). The value reads the branch as written, as vocabulary section 3 item 3 reads the branch of a producer that cannot set the code. Other codes take the empty branch (ob_schema_getter_guard.cpp:2314) and are returned (ob_schema_getter_guard.cpp:2375). Escapes: get_schema is private to the guard (src/share/schema/ob_schema_getter_guard.h:632, :686-690), and every call of it, all in src/share/schema/ob_schema_getter_guard.cpp (git grep -nE '[^>_a-zA-Z:.]get_schema\(' 834bbee1e -- src/share/schema/ob_schema_getter_guard.cpp prints 31 lines), tests it with OB_FAIL and an empty or log-only branch and passes the code on (for example ob_schema_getter_guard.cpp:842, :1019).	confirmed
src/share/schema/ob_schema_getter_guard_priv.cpp	ObSchemaGetterGuard::check_user_priv	line 418: ret == OB_ERR_NO_PRIVILEGE	OTHER	if matches!(ret, Err(OB_ERR_NO_PRIVILEGE)) { .. } after the check, on the local ret, an ObResult, in the local-ret form (s2-errors.md 2.3); the branch as the C++ writes it (RULEBOOK section 0, "Keep the control flow"; s2-errors.md 2.4 rule 1): ret = Err(OB_INVALID_ARGUMENT) when the name lookup gives no name, and otherwise each LOG_USER_ERROR a separate log_user_error!(OB_ERR_NO_PRIVILEGE, ..); statement, since ret already holds the code (s2-errors.md 2.7 rules 1 and 3); the assign_fmt's code stays in its own tmp_ret local (s2-errors.md 2.4 rule 4). Core unit (core-manifest.tsv:327): this form where the core keeps the function (RULEBOOK section 0).	sweep: ret-compare.tsv:2026 (data row 2025). Producer: the function's own ret = OB_ERR_NO_PRIVILEGE (ob_schema_getter_guard_priv.cpp:413), set when the user's privileges and those collected from the enabled roles do not cover priv_set (ob_schema_getter_guard_priv.cpp:400-413); grep -n OB_ERR_NO_PRIVILEGE src/share/schema/ob_schema_getter_guard_priv.cpp lists only this function and the mapping at ob_schema_getter_guard_priv.cpp:1150, and git grep -n NO_PRIVILEGE 834bbee1e -- src/share/schema/ob_priv_mgr.cpp finds nothing. Holder: the local ret (ob_schema_getter_guard_priv.cpp:394). Code's branch: the first missing privilege's name is looked up (ob_schema_getter_guard_priv.cpp:419-421); with no name ret becomes OB_INVALID_ARGUMENT, the failure of that lookup step, not a rename (ob_schema_getter_guard_priv.cpp:422-424); otherwise the user message is recorded, worded for ALTER SYSTEM, for CREATE USER or ROLE, for DROP ROLE, or with the plain name (ob_schema_getter_guard_priv.cpp:426-441), and OB_ERR_NO_PRIVILEGE stays in ret: the branch records a user message without renaming. Escapes: the function returns it (ob_schema_getter_guard_priv.cpp:445) to check_priv, which passes it on (ob_schema_getter_guard_priv.cpp:886-889, :935); git grep -nw check_user_priv 834bbee1e -- src finds no other caller.	confirmed
src/share/schema/ob_schema_getter_guard_priv.cpp	ObSchemaGetterGuard::check_single_table_priv	line 539: ret == OB_ERR_NO_TABLE_PRIVILEGE	OTHER	if matches!(ret, Err(OB_ERR_NO_TABLE_PRIVILEGE)) { .. } on the local ret, an ObResult, in the local-ret form (s2-errors.md 2.3); the branch as the C++ writes it (RULEBOOK section 0, "Keep the control flow"; s2-errors.md 2.4 rule 1), with its resets, its checks of column privileges and the tests of ret-compare.tsv:2028-2031 in the C++ order; each ret = OB_X next to LOG_USER_ERROR(OB_X, ..) in it is ret = Err(log_user_error!(OB_X, ..)); (s2-errors.md 2.7 rule 3). Core unit (core-manifest.tsv:327): this form where the core keeps the function (RULEBOOK section 0).	sweep: ret-compare.tsv:2027 (data row 2026). Producer: the function's own ret = OB_ERR_NO_TABLE_PRIVILEGE (ob_schema_getter_guard_priv.cpp:528, :532), set when neither the user nor its roles hold a privilege on the table, or those held do not cover the need together with the user and database privileges (ob_schema_getter_guard_priv.cpp:507-537). Holder: the local ret (ob_schema_getter_guard_priv.cpp:486). Code's branch: another way to grant the access, through column privileges. With no columns named and check_any_column_priv_ set, ret is reset and a column privilege that covers the need lets the check pass, or the code is set again (ob_schema_getter_guard_priv.cpp:541-561); with columns named, ret is reset and each named column is checked, then the roles' column privileges (ob_schema_getter_guard_priv.cpp:591-628). When neither passes, the code comes back with its user message (ob_schema_getter_guard_priv.cpp:578-589, :656-661), or OB_ERR_NO_COLUMN_PRIVILEGE takes its place on one way (ob_schema_getter_guard_priv.cpp:649-655); since one way still reports the compared code, value 7 does not hold. Escapes: the function returns ret (ob_schema_getter_guard_priv.cpp:673) to its callers (git grep -n 'check_single_table_priv(' 834bbee1e -- src). check_priv (ob_schema_getter_guard_priv.cpp:903-905) and ObPL::check_exec_priv (src/pl/ob_pl.cpp:2973) pass it on. The column-privilege printers ObInfoSchemaColumnsTable::fill_col_privs and ObExprInnerInfoColsPrivPrinter::fill_col_privs test OB_ERR_NO_TABLE_PRIVILEGE and reset ret, so that privilege is left out of the printed list (src/observer/virtual_table/ob_information_columns_table.cpp:964, :966-967; src/sql/engine/expr/ob_expr_inner_info_cols_printer.cpp:460, :462-463). ObExprCanAccessTrigger turns it into a false result (src/sql/engine/expr/ob_expr_can_access_trigger.cpp:78-81), and ObSchemaChecker::check_trigger_show resets any failure and hides the trigger (src/sql/resolver/ob_schema_checker.cpp:210-213). ObTableColumns compares the result with OB_SUCCESS only (src/observer/virtual_table/ob_table_columns.cpp:638, :644, :650, :656, :959, :966, :974, :982); its fill_col_privs, which would reset the code too (src/observer/virtual_table/ob_table_columns.cpp:333-336), has no caller: git grep -n fill_col_privs 834bbee1e -- src finds calls only in ObInfoSchemaColumnsTable and ObExprInnerInfoColsPrivPrinter, each to its own member.	confirmed
src/share/schema/ob_schema_getter_guard_priv.cpp	ObSchemaGetterGuard::check_single_table_priv	line 564: ret == OB_ERR_NO_COLUMN_PRIVILEGE	OTHER	if matches!(ret, Err(OB_ERR_NO_COLUMN_PRIVILEGE)) { ret = Ok(()); .. } on the local ret, an ObResult, in the local-ret form (s2-errors.md 2.3); the reset, the roles' column-privilege check and its ret = Err(OB_ERR_NO_COLUMN_PRIVILEGE) keep the C++ order (RULEBOOK section 0, "Keep the control flow"; s2-errors.md 2.4 rule 1), and the test stays though the code cannot arrive (vocabulary section 3, item 3). Core unit (core-manifest.tsv:327): this form where the core keeps the function (RULEBOOK section 0).	sweep: ret-compare.tsv:2028 (data row 2027). Producer: none. On this path ret enters the branch of ret-compare.tsv:2027 holding OB_ERR_NO_TABLE_PRIVILEGE (ob_schema_getter_guard_priv.cpp:539), and before this line only ret = OB_SUCCESS (ob_schema_getter_guard_priv.cpp:543), get_column_priv_in_table's code (ob_schema_getter_guard_priv.cpp:545-547), OB_ERR_UNEXPECTED (ob_schema_getter_guard_priv.cpp:552) and OB_ERR_NO_TABLE_PRIVILEGE (ob_schema_getter_guard_priv.cpp:559) can be put in it; get_column_priv_in_table sets only OB_INVALID_ARGUMENT, OB_ERR_UNEXPECTED or push_back's code (src/share/schema/ob_priv_mgr.cpp:1181-1182, :1189-1194). No statement sets OB_ERR_NO_COLUMN_PRIVILEGE here, the test is never true, and the row takes what the branch would do. Holder: the local ret (ob_schema_getter_guard_priv.cpp:486). Code's branch: ret would be reset and the enabled roles' column privileges collected; if they did not cover the need, ret would become OB_ERR_NO_COLUMN_PRIVILEGE again (ob_schema_getter_guard_priv.cpp:565-575): another way to grant the access, which comes back to the same code when it fails, so not value 7.	confirmed
src/share/schema/ob_schema_getter_guard_priv.cpp	ObSchemaGetterGuard::check_single_table_priv	line 578: ret == OB_ERR_NO_TABLE_PRIVILEGE	OTHER	if matches!(ret, Err(OB_ERR_NO_TABLE_PRIVILEGE)) { if priv_name.is_null() { ret = Err(OB_INVALID_ARGUMENT); <the WARN log> } else { ret = Err(log_user_error!(OB_ERR_NO_TABLE_PRIVILEGE, ..)); } } on the local ret, an ObResult, in the local-ret form (s2-errors.md 2.3): the assignment next to the LOG_USER_ERROR of the same code is one statement (s2-errors.md 2.7 rule 3), and the branch keeps the C++ order (RULEBOOK section 0). Core unit (core-manifest.tsv:327): this form where the core keeps the function (RULEBOOK section 0).	sweep: ret-compare.tsv:2029 (data row 2028). Producer: OB_ERR_NO_TABLE_PRIVILEGE from the check before the branch of ret-compare.tsv:2027 (ob_schema_getter_guard_priv.cpp:528, :532), kept when no columns are named and check_any_column_priv_ is off, or set again when no column privilege covers the need (ob_schema_getter_guard_priv.cpp:559). Holder: the local ret (ob_schema_getter_guard_priv.cpp:486). Code's branch: the first missing privilege's name is looked up (ob_schema_getter_guard_priv.cpp:579); with no name ret becomes OB_INVALID_ARGUMENT, the failure of that lookup step, not a rename (ob_schema_getter_guard_priv.cpp:580-582); otherwise ret is set to the same code with its user message, naming the privilege, the user, the host and the table (ob_schema_getter_guard_priv.cpp:584-588): the branch records a user message without renaming. Escapes: the function returns ret (ob_schema_getter_guard_priv.cpp:673) to its callers (git grep -n 'check_single_table_priv(' 834bbee1e -- src). check_priv (ob_schema_getter_guard_priv.cpp:903-905) and ObPL::check_exec_priv (src/pl/ob_pl.cpp:2973) pass it on. The column-privilege printers ObInfoSchemaColumnsTable::fill_col_privs and ObExprInnerInfoColsPrivPrinter::fill_col_privs test OB_ERR_NO_TABLE_PRIVILEGE and reset ret, so that privilege is left out of the printed list (src/observer/virtual_table/ob_information_columns_table.cpp:964, :966-967; src/sql/engine/expr/ob_expr_inner_info_cols_printer.cpp:460, :462-463). ObExprCanAccessTrigger turns it into a false result (src/sql/engine/expr/ob_expr_can_access_trigger.cpp:78-81), and ObSchemaChecker::check_trigger_show resets any failure and hides the trigger (src/sql/resolver/ob_schema_checker.cpp:210-213). ObTableColumns compares the result with OB_SUCCESS only (src/observer/virtual_table/ob_table_columns.cpp:638, :644, :650, :656, :959, :966, :974, :982); its fill_col_privs, which would reset the code too (src/observer/virtual_table/ob_table_columns.cpp:333-336), has no caller: git grep -n fill_col_privs 834bbee1e -- src finds calls only in ObInfoSchemaColumnsTable and ObExprInnerInfoColsPrivPrinter, each to its own member.	confirmed
src/share/schema/ob_schema_getter_guard_priv.cpp	ObSchemaGetterGuard::check_single_table_priv	line 616: ret == OB_ERR_NO_COLUMN_PRIVILEGE	OTHER	if matches!(ret, Err(OB_ERR_NO_COLUMN_PRIVILEGE)) { ret = Ok(()); .. } after the loop over the named columns, on the local ret, an ObResult, in the local-ret form (s2-errors.md 2.3); the reset, the roles' column-privilege check and its ret = Err(OB_ERR_NO_COLUMN_PRIVILEGE) keep the C++ order (RULEBOOK section 0, "Keep the control flow"; s2-errors.md 2.4 rule 1). Core unit (core-manifest.tsv:327): this form where the core keeps the function (RULEBOOK section 0).	sweep: ret-compare.tsv:2030 (data row 2029). Producer: the function's own ret = OB_ERR_NO_COLUMN_PRIVILEGE in the loop over the named columns (ob_schema_getter_guard_priv.cpp:607, :611), set for the first column that has no privilege or whose privileges, with the table, user and database ones, do not cover the need; that ends the loop (ob_schema_getter_guard_priv.cpp:595). Holder: the local ret (ob_schema_getter_guard_priv.cpp:486). Code's branch: ret is reset and the enabled roles' column privileges are collected; if they do not cover the need, ret becomes OB_ERR_NO_COLUMN_PRIVILEGE again (ob_schema_getter_guard_priv.cpp:617-627): another way to grant the access, which comes back to the same code when it fails, so not value 7. That code goes to the test of ret-compare.tsv:2031 (ob_schema_getter_guard_priv.cpp:630).	confirmed
src/share/schema/ob_schema_getter_guard_priv.cpp	ObSchemaGetterGuard::check_single_table_priv	line 630: ret == OB_ERR_NO_COLUMN_PRIVILEGE	OTHER	if matches!(ret, Err(OB_ERR_NO_COLUMN_PRIVILEGE)) { ret = Ok(()); .. if ret.is_err() {} else if found { ret = Err(log_user_error!(OB_ERR_NO_COLUMN_PRIVILEGE, ..)); } else { ret = Err(log_user_error!(OB_ERR_NO_TABLE_PRIVILEGE, ..)); } } on the local ret, an ObResult, in the local-ret form (s2-errors.md 2.3): each assignment next to the LOG_USER_ERROR of the same code is one statement (s2-errors.md 2.7 rule 3), and the reset and the search keep the C++ order (RULEBOOK section 0). Core unit (core-manifest.tsv:327): this form where the core keeps the function (RULEBOOK section 0).	sweep: ret-compare.tsv:2031 (data row 2030). Producer: ret = OB_ERR_NO_COLUMN_PRIVILEGE after the roles' column privileges did not cover the need (ob_schema_getter_guard_priv.cpp:624-625). Holder: the local ret (ob_schema_getter_guard_priv.cpp:486). Code's branch: ret is reset and the user's column privileges on the table are searched for one that grants any needed privilege (ob_schema_getter_guard_priv.cpp:631-645); if one does, the code comes back with a user message naming the column (ob_schema_getter_guard_priv.cpp:649-655), and otherwise OB_ERR_NO_TABLE_PRIVILEGE takes its place with a message naming the table (ob_schema_getter_guard_priv.cpp:656-661). One way still reports the compared code, so value 7 does not hold; the branch picks the message and the code the user gets. Escapes: the function returns ret (ob_schema_getter_guard_priv.cpp:673). Of its callers (git grep -n 'check_single_table_priv(' 834bbee1e -- src), only check_priv (ob_schema_getter_guard_priv.cpp:903-905), which passes the code on, can reach this branch: the others build need_priv with ObNeedPriv's constructors, which leave columns_ empty (src/share/schema/ob_schema_struct.h:4856, :4870, :4876), and never add a column (git grep -n 'columns_' 834bbee1e -- src/pl/ob_pl.cpp src/sql/engine/expr/ob_expr_can_access_trigger.cpp src/sql/resolver/ob_schema_checker.cpp src/observer/virtual_table/ob_information_columns_table.cpp src/sql/engine/expr/ob_expr_inner_info_cols_printer.cpp src/observer/virtual_table/ob_table_columns.cpp finds only an #include line), so they take the no-column path of :541 (ret-compare.tsv:2027-2029). Nothing in src tests OB_ERR_NO_COLUMN_PRIVILEGE outside this file: git grep -nw OB_ERR_NO_COLUMN_PRIVILEGE 834bbee1e -- src finds only the error catalog besides it.	confirmed
src/share/schema/ob_schema_getter_guard_priv.cpp	ObSchemaGetterGuard::check_routine_priv	line 788: ret == OB_ERR_NO_ROUTINE_PRIVILEGE	OTHER	if matches!(ret, Err(OB_ERR_NO_ROUTINE_PRIVILEGE)) { if priv_name.is_null() { ret = Err(OB_INVALID_ARGUMENT); <the WARN log> } else { log_user_error!(OB_ERR_NO_ROUTINE_PRIVILEGE, ..); } } on the local ret, an ObResult, in the local-ret form (s2-errors.md 2.3); the LOG_USER_ERROR stays a separate statement, since ret already holds the code (s2-errors.md 2.7 rules 1 and 3), and the branch keeps the C++ order (RULEBOOK section 0). Core unit (core-manifest.tsv:327): this form where the core keeps the function (RULEBOOK section 0).	sweep: ret-compare.tsv:2032 (data row 2031). Producer: the function's own ret = OB_ERR_NO_ROUTINE_PRIVILEGE (ob_schema_getter_guard_priv.cpp:777, :781), set when neither the user nor its roles hold a privilege on the routine, or those held do not cover the need together with the user and database privileges (ob_schema_getter_guard_priv.cpp:736-786). Holder: the local ret (ob_schema_getter_guard_priv.cpp:712). Code's branch: the first missing privilege's name is looked up (ob_schema_getter_guard_priv.cpp:789-790); with no name ret becomes OB_INVALID_ARGUMENT, the failure of that lookup step, not a rename (ob_schema_getter_guard_priv.cpp:791-793); otherwise the user message is recorded, naming the privilege, the user, the host and the routine, and the code stays in ret (ob_schema_getter_guard_priv.cpp:795-798): the branch records a user message without renaming. Escapes: the function returns it (ob_schema_getter_guard_priv.cpp:804) to check_priv (ob_schema_getter_guard_priv.cpp:917-919) and to the PL call check (src/pl/ob_pl.cpp:2948).	confirmed
src/share/schema/ob_schema_getter_guard_priv.cpp	ObSchemaGetterGuard::check_db_priv	line 861: ret == OB_ERR_NO_DB_PRIVILEGE	OTHER	if matches!(ret, Err(OB_ERR_NO_DB_PRIVILEGE)) { log_user_error!(OB_ERR_NO_DB_PRIVILEGE, ..); } inside the failure branch of if ob_fail!(ret = self.check_db_priv(session_priv, enable_role_id_array, db, need_priv_set, &mut user_db_priv_set)), on the local ret, an ObResult, in the local-ret form (s2-errors.md 2.3); the LOG_USER_ERROR stays a separate statement, since ret already holds the code (s2-errors.md 2.7 rules 1 and 3). Core unit (core-manifest.tsv:327): this form where the core keeps the function (RULEBOOK section 0).	sweep: ret-compare.tsv:2033 (data row 2032). Producer: the five-argument check_db_priv at ob_schema_getter_guard_priv.cpp:860, which sets OB_ERR_NO_DB_PRIVILEGE when the user, database and role privileges together do not cover the need (ob_schema_getter_guard_priv.cpp:842-844). Holder: the local ret (ob_schema_getter_guard_priv.cpp:856). Code's branch: the user message is recorded, naming the user, the host and the database (ob_schema_getter_guard_priv.cpp:862-864), and the code stays in ret: the branch records a user message without renaming. Escapes: the function returns it (ob_schema_getter_guard_priv.cpp:868) to check_priv, which passes it on (ob_schema_getter_guard_priv.cpp:894-898, :935).	confirmed
