file	symbol	source_construct	classification	target_translation	evidence	status
src/observer/ob_service.cpp	ObService::calc_column_checksum_request	line 382: tmp_ret == OB_EAGAIN	IGNORED	Inside the failure branch of ob_fail!(tmp_ret = dag_scheduler.add_dag(dag)), after saved_ret = tmp_ret, the if / else-if chain over codes on tmp_ret at ob_service.cpp:382-388 is match tmp_ret { Err(OB_EAGAIN) => { tmp_ret = Ok(()); } Err(OB_SIZE_OVERFLOW) => { tmp_ret = Err(OB_EAGAIN); } _ => { log_warn!(ret, "fail to add dag to queue", KR(tmp_ret)); } } (s2-errors.md 2.3's table; RULEBOOK 2.1), the last arm's WARN log taking the function's ret, the one in scope on the C++ line (s2-errors.md 2.5 rule 1); this row is its first arm, on the loop's local tmp_ret, an ObResult that stays its own local (s2-errors.md 2.2 rule 5, 2.4 rule 4), in a function in the local-ret form (s2-errors.md 2.3). The reset stays at the same place (s2-errors.md 2.4 rule 1); nothing replaces the test with ok() or let _ = (s2-errors.md 2.12 items 2 and 3). saved_ret, copied from tmp_ret before the test, keeps the code for the dag-freeing test as in C++.	sweep: ret-compare.tsv:595 (data row 594). Producer: dag_scheduler->add_dag(dag) at ob_service.cpp:380; ObDagScheduler::add_dag passes on inner_add_dag's code (src/storage/scheduler/ob_dag_scheduler.cpp:3912, :2668, :2128), and add_dag_into_list_and_map_ turns the dag map's OB_HASH_EXIST into OB_EAGAIN when an equal dag is already queued (ob_dag_scheduler.cpp:2081-2083). Holder: the local tmp_ret, declared in the loop (ob_service.cpp:361). Code's branch: tmp_ret = OB_SUCCESS (ob_service.cpp:383); saved_ret was set to the code before the test (ob_service.cpp:381) and only decides that the unused dag is freed (ob_service.cpp:390-394), as for every failing code. Where it goes: the push at ob_service.cpp:396 reports OB_SUCCESS for the tablet in res.ret_codes_, and the one caller (git grep -nw calc_column_checksum_request 834bbee1e -- src finds the definition, the two declarations and one call), send_batch_calc_rpc, counts that tablet as sent (src/rootserver/ddl_task/ob_ddl_task.cpp:1748, :1759-1762); the equal dag already queued does the work.	confirmed
src/observer/ob_service.cpp	ObService::calc_column_checksum_request	line 384: tmp_ret == OB_SIZE_OVERFLOW	RENAMED	The same match tmp_ret { .. } as ret-compare.tsv:595, for the if / else-if chain over codes on tmp_ret at ob_service.cpp:382-388 (s2-errors.md 2.3's table; RULEBOOK 2.1); this row is its second arm, Err(OB_SIZE_OVERFLOW) => { tmp_ret = Err(OB_EAGAIN); }, on the loop's local tmp_ret, an ObResult (s2-errors.md 2.2 rule 5), in the local-ret form (s2-errors.md 2.3); the rename at the same place, as the C++ writes it, never map_err or if let Err (s2-errors.md 2.4 rule 3; 2.15 item 7). The dag scheduler keeps answering OB_SIZE_OVERFLOW for a full dag type (s2-errors.md 2.4 rule 1).	sweep: ret-compare.tsv:596 (data row 595). Producer: dag_scheduler->add_dag(dag) at ob_service.cpp:380, whose inner_add_dag_ sets OB_SIZE_OVERFLOW when the dag type has reached its limit (src/storage/scheduler/ob_dag_scheduler.cpp:2125-2126; dag_count_overflow at ob_dag_scheduler.cpp:4445-4447). Holder: the local tmp_ret (ob_service.cpp:361). Code's branch: tmp_ret = OB_EAGAIN (ob_service.cpp:385), so the tablet's result is OB_EAGAIN and never OB_SIZE_OVERFLOW; saved_ret keeps OB_SIZE_OVERFLOW (ob_service.cpp:381) only to free the dag (ob_service.cpp:390-394). Escapes: the push at ob_service.cpp:396 writes OB_EAGAIN into res.ret_codes_, a list of int that is sent (src/share/ob_rpc_struct.h:2114; serialized at src/share/ob_rpc_struct.cpp:1764), so it stays i32 and takes tmp_ret.code() (s2-errors.md 2.2 rule 5). The one caller (git grep -nw calc_column_checksum_request 834bbee1e -- src), send_batch_calc_rpc (src/rootserver/ddl_task/ob_ddl_task.cpp:1748), logs OB_EAGAIN and leaves the tablet unsent (ob_ddl_task.cpp:1763-1764), so send_calc_rpc sends it again (ob_ddl_task.cpp:1795).	confirmed
src/observer/ob_service.cpp	ObService::handle_tablet_freeze_req_	line 462: ret == OB_EAGAIN	IGNORED	matches!(ret, Err(OB_EAGAIN)) on the local ret, an ObResult; the test puts the function in the local-ret form (s2-errors.md 2.3). The reset ret = Ok(()) stays at the same place and the else keeps its log (s2-errors.md 2.4 rule 1); nothing replaces the test with ok() or let _ = (s2-errors.md 2.12 items 2 and 3).	sweep: ret-compare.tsv:597 (data row 596). Producer: freezer->tablet_freeze(tablet_id, is_sync = true, 0, false, USER_MINOR_FREEZE) at ob_service.cpp:457; ObMemstoreFreezer::tablet_freeze passes on ObLS::tablet_freeze's code (src/storage/tx_storage/ob_memstore_freezer.cpp:396-400). ObLS::tablet_freeze hands a tablet that is not an LS inner tablet to its list overload (src/storage/ls/ob_ls.cpp:1408, :1414), whose sync loop calls tablet_freeze_task (ob_ls.cpp:1451); tablet_freeze_task sets OB_EAGAIN when some tablets failed to freeze (ob_ls.cpp:1515-1518), and the loop repeats the call while it gets OB_EAGAIN until its default timeout, then returns that OB_EAGAIN (ob_ls.cpp:1446-1461). Holder: the local ret (ob_service.cpp:447). Code's branch: ret = OB_SUCCESS (ob_service.cpp:463); other codes get LOG_ERROR (ob_service.cpp:465). Where it goes: the function returns the reset ret (ob_service.cpp:474), so minor_freeze reports success in result and in its return (ob_service.cpp:422, :427).	confirmed
src/observer/ob_service.cpp	ObService::server_freeze_	line 489: ret == OB_ENTRY_EXIST	IGNORED	matches!(ret, Err(OB_ENTRY_EXIST)) on the local ret, an ObResult; the test puts the function in the local-ret form (s2-errors.md 2.3). The reset ret = Ok(()) and the else's log stay as written (s2-errors.md 2.4 rule 1), and the test stays although freeze_all never returns the code, since RULEBOOK section 0's list of removable statements does not name it.	sweep: ret-compare.tsv:598 (data row 597). Producer: freezer->freeze_all(USER_MINOR_FREEZE) at ob_service.cpp:488, which returns its own OB_NOT_INIT or OB_ERR_UNEXPECTED or the code of get_abs_timeout, get_ls, set_freezing_ or ls_freeze_all_unit_ (src/storage/tx_storage/ob_memstore_freezer.cpp:345-356); ls_freeze_all_unit_ returns ObLS::advance_checkpoint_by_flush's code (ob_memstore_freezer.cpp:289-292), which is the checkpoint executor's (src/storage/ls/ob_ls.cpp:1559), and that one returns get_max_decided_scn's or check_need_flush_'s code, handler flush failures going to a dropped tmp_ret (src/storage/checkpoint/ob_checkpoint_executor.cpp:275-287). No statement on that path sets OB_ENTRY_EXIST: git grep -n OB_ENTRY_EXIST -- src/storage/tx_storage/ob_memstore_freezer.cpp src/storage/ls/ob_ls.cpp src/storage/checkpoint/ob_checkpoint_executor.cpp src/share/ob_share_util.cpp src/storage/tx_storage/ob_ls_service.cpp finds nothing, and the apply and replay services set it only in create_status (src/logservice/applyservice/ob_log_apply_service.cpp:1010; src/logservice/replayservice/ob_log_replay_service.cpp:395). Holder: the local ret (ob_service.cpp:479). Code's branch: ret = OB_SUCCESS (ob_service.cpp:490); the code would be dropped, and server_freeze_ returns the reset ret (ob_service.cpp:501).	confirmed
src/observer/ob_service.cpp	ObService::check_modify_time_elapsed	line 559: tmp_ret != OB_EAGAIN	PASSED_ON	!matches!(tmp_ret, Err(OB_EAGAIN)) on the loop's local tmp_ret, an ObResult (s2-errors.md 2.2 rule 5), in a function in the local-ret form (s2-errors.md 2.3). The log-only branch stays (s2-errors.md 2.3: empty branches stay), its log taking the ret in scope on the C++ line (s2-errors.md 2.5 rule 1), and OB_EAGAIN goes on to the statements after the chain as in C++. single_result.ret_code_, an int that is sent (src/share/ob_rpc_struct.h:2262; serialized at src/share/ob_rpc_struct.cpp:1848), stays i32 and receives tmp_ret.code() (s2-errors.md 2.2 rule 5); no ok() or unwrap_or swallows the code (s2-errors.md 2.12 item 2).	sweep: ret-compare.tsv:599 (data row 598). Producer: ls->check_modify_time_elapsed(...) at ob_service.cpp:556, which ObLS delegates to its tx service (src/storage/ls/ob_ls.h:530; src/storage/ls/ob_ls_tx_service.cpp:366); a table-lock operation on the tablet created before the timestamp gives OB_EAGAIN (src/storage/tablelock/ob_mem_ctx_table_lock.cpp:445-449), which ObTxCtx::check_modify_time_elapsed passes on (src/storage/tx/ob_tx_ctx.cpp:720-722). Holder: the local tmp_ret, declared in the loop (ob_service.cpp:553). Code's branch: the comparison is false for OB_EAGAIN, so only the WARN log at ob_service.cpp:560 is skipped; after the chain, ob_service.cpp:566-568 copy tmp_ret into single_result.ret_code_ and push it into result.results_, as for every code. Escapes: result is the out-parameter; the one caller's lambda (src/rootserver/ddl_task/ob_ddl_task.cpp:1357; git grep -nw check_modify_time_elapsed 834bbee1e -- src/rootserver finds no other call, and the matches elsewhere in src are the log stream's and the transaction layer's functions of that name) is run by check_trans_end (ob_ddl_task.cpp:1219), which copies ret_code_ into ret_array (ob_ddl_task.cpp:1251), and try_wait counts OB_EAGAIN as a retry code (ob_ddl_task.cpp:1427) through ObIDDLTask::in_ddl_retry_white_list (src/share/ob_ddl_task_executor.h:60-67, :88).	confirmed
src/observer/ob_service.cpp	ObService::build_ddl_local	line 939: ret == OB_EAGAIN	IGNORED	Inside the failure branch of ob_fail!(ret = <the add_dag_and_get_progress call>), after saved_ret = ret, the if / else-if chain over codes on ret at ob_service.cpp:939-944 is match ret { Err(OB_EAGAIN) => { ret = Ok(()); } Err(OB_SIZE_OVERFLOW) => { ret = Err(OB_EAGAIN); } _ => {} } (s2-errors.md 2.3's table; RULEBOOK 2.1), the last arm empty like the C++ else (s2-errors.md 2.3: empty branches stay); this row is its first arm, on the local ret, an ObResult, and the test puts the function in the local-ret form (s2-errors.md 2.3). The reset stays at the same place (s2-errors.md 2.4 rule 1). saved_ret, set from ret before the test, is a local ObResult (s2-errors.md 2.2 rule 5).	sweep: ret-compare.tsv:600 (data row 599). Producer: add_dag_and_get_progress<ObComplementDataDag> at ob_service.cpp:937, which returns add_dag's code and, for OB_EAGAIN, reads the queued dag's progress into res (src/storage/ddl/ob_complement_data_task.h:45-48); add_dag gives OB_EAGAIN when an equal dag is already queued (src/storage/scheduler/ob_dag_scheduler.cpp:2081-2083). Holder: the local ret (ob_service.cpp:922). Code's branch: ret = OB_SUCCESS (ob_service.cpp:940); saved_ret keeps the code (ob_service.cpp:938), the unused dag is freed as for every failure (ob_service.cpp:949-953), and the OB_FAIL(ret) block at ob_service.cpp:954-958 is skipped. Where it goes: build_ddl_local returns success (ob_service.cpp:990), and the one caller (git grep -nw build_ddl_local 834bbee1e -- src) marks the tablet's build as requested (src/rootserver/ddl_task/ob_ddl_local_build_executor.cpp:165, :173, :391-397); the comment at ob_service.cpp:955 gives the intent: RS does not resend when the dag exists.	confirmed
src/observer/ob_service.cpp	ObService::build_ddl_local	line 941: ret == OB_SIZE_OVERFLOW	RENAMED	The same match ret { .. } as ret-compare.tsv:600, for the if / else-if chain over codes on ret at ob_service.cpp:939-944 (s2-errors.md 2.3's table; RULEBOOK 2.1); this row is its second arm, Err(OB_SIZE_OVERFLOW) => { ret = Err(OB_EAGAIN); }, on the local ret, an ObResult, in the local-ret form (s2-errors.md 2.3); the rename at the same place, as the C++ writes it, never map_err or if let Err (s2-errors.md 2.4 rule 3; 2.15 item 7). The dag scheduler keeps answering OB_SIZE_OVERFLOW for a full dag type (s2-errors.md 2.4 rule 1).	sweep: ret-compare.tsv:601 (data row 600). Producer: add_dag_and_get_progress (ob_service.cpp:937) returns add_dag's OB_SIZE_OVERFLOW (src/storage/ddl/ob_complement_data_task.h:45), set when the dag type is full (src/storage/scheduler/ob_dag_scheduler.cpp:2125-2126). Holder: the local ret (ob_service.cpp:922). Code's branch: ret = OB_EAGAIN (ob_service.cpp:942); saved_ret keeps OB_SIZE_OVERFLOW (ob_service.cpp:938), and ob_service.cpp:956-957 leave ret OB_EAGAIN (ret-compare.tsv:602-603). Escapes: build_ddl_local returns OB_EAGAIN (ob_service.cpp:990); the one caller (git grep -nw build_ddl_local 834bbee1e -- src) passes it to update_build_ctx_status (src/rootserver/ddl_task/ob_ddl_local_build_executor.cpp:165, :173), which sets BUILD_RETRY for codes in the DDL retry white list (ob_ddl_local_build_executor.cpp:406-411), OB_EAGAIN among them (src/share/ob_ddl_task_executor.h:88).	confirmed
src/observer/ob_service.cpp	ObService::build_ddl_local	line 956: other variable saved_ret == OB_EAGAIN	IGNORED	The ternary is an if expression written as the C++ writes it, ret = if matches!(saved_ret, Err(OB_EAGAIN)) { Ok(()) } else { ret }; it is no "a unless a is success" merge, so no and (s2-errors.md 2.4 rule 4). saved_ret is a local ObResult (s2-errors.md 2.2 rule 5) and the function keeps the local-ret form (s2-errors.md 2.3). The line stays although its true arm cannot run, since RULEBOOK section 0's list of removable statements does not name it.	sweep: ret-compare.tsv:602 (data row 601). Producer: saved_ret = ret at ob_service.cpp:938, ret being add_dag_and_get_progress's code (ob_service.cpp:937), OB_EAGAIN when an equal dag is queued (src/storage/scheduler/ob_dag_scheduler.cpp:2081-2083). Holder: the local saved_ret (ob_service.cpp:930), which holds only codes. Code's branch: the true arm sets ret to OB_SUCCESS, dropping the error. It cannot run: saved_ret is OB_EAGAIN only after ob_service.cpp:939-940 has reset ret, so the OB_FAIL(ret) guard at ob_service.cpp:954 is false; the comment at ob_service.cpp:955 gives the intent (RS does not resend when the dag exists). saved_ret is not read after ob_service.cpp:957. Also sweep: reset.tsv:424 (the same line, a conditional reset): the same producer and the same Rust.	confirmed
src/observer/ob_service.cpp	ObService::build_ddl_local	line 957: other variable saved_ret == OB_SIZE_OVERFLOW	RENAMED	An if expression as the C++ writes it, ret = if matches!(saved_ret, Err(OB_SIZE_OVERFLOW)) { Err(OB_EAGAIN) } else { ret }; (s2-errors.md 2.4 rules 3 and 4: a rename at the same place, no map_err, no and). saved_ret is a local ObResult (s2-errors.md 2.2 rule 5).	sweep: ret-compare.tsv:603 (data row 602). Producer: saved_ret = ret at ob_service.cpp:938, ret being add_dag's OB_SIZE_OVERFLOW for a full dag type (src/storage/ddl/ob_complement_data_task.h:45; src/storage/scheduler/ob_dag_scheduler.cpp:2125-2126). Holder: the local saved_ret (ob_service.cpp:930). Code's branch: the true arm sets ret to OB_EAGAIN (ob_service.cpp:957), which ret already holds from ob_service.cpp:941-942 (ret-compare.tsv:601), so the site reports OB_EAGAIN and never OB_SIZE_OVERFLOW. Escapes: build_ddl_local returns OB_EAGAIN (ob_service.cpp:990), and update_build_ctx_status sets BUILD_RETRY for it (src/rootserver/ddl_task/ob_ddl_local_build_executor.cpp:406-411).	confirmed
src/observer/ob_service.cpp	ObService::build_ddl_local	line 971: ret == OB_EAGAIN	IGNORED	Inside the failure branch of ob_fail!(ret = dag_scheduler.add_dag(dag)), the if / else-if chain over codes on ret at ob_service.cpp:971-976 is match ret { Err(OB_EAGAIN) => { ret = Ok(()); } Err(OB_SIZE_OVERFLOW) => { ret = Err(OB_EAGAIN); } _ => {} } (s2-errors.md 2.3's table; RULEBOOK 2.1), the last arm empty like the C++ else (s2-errors.md 2.3: empty branches stay); this row is its first arm, on the local ret, an ObResult, and the test puts the function in the local-ret form (s2-errors.md 2.3). The reset stays at the same place (s2-errors.md 2.4 rule 1).	sweep: ret-compare.tsv:604 (data row 603). Producer: dag_scheduler->add_dag(dag) at ob_service.cpp:970, OB_EAGAIN when an equal ObDeleteLobMetaRowDag is already queued (src/storage/scheduler/ob_dag_scheduler.cpp:2081-2083). Holder: the local ret (ob_service.cpp:922). Code's branch: ret = OB_SUCCESS (ob_service.cpp:972); the unused dag then goes through handle_init_failed_ret_code with the reset ret and is freed, as for every failure (ob_service.cpp:980-984). Where it goes: build_ddl_local returns success (ob_service.cpp:990), and the one caller (git grep -nw build_ddl_local 834bbee1e -- src) marks the build as requested (src/rootserver/ddl_task/ob_ddl_local_build_executor.cpp:173, :391-397).	confirmed
src/observer/ob_service.cpp	ObService::build_ddl_local	line 973: ret == OB_SIZE_OVERFLOW	RENAMED	The same match ret { .. } as ret-compare.tsv:604, for the if / else-if chain over codes on ret at ob_service.cpp:971-976 (s2-errors.md 2.3's table; RULEBOOK 2.1); this row is its second arm, Err(OB_SIZE_OVERFLOW) => { ret = Err(OB_EAGAIN); }, on the local ret, an ObResult, in the local-ret form (s2-errors.md 2.3); the rename at the same place, as the C++ writes it, never map_err or if let Err (s2-errors.md 2.4 rule 3; 2.15 item 7). The dag scheduler keeps answering OB_SIZE_OVERFLOW for a full dag type (s2-errors.md 2.4 rule 1).	sweep: ret-compare.tsv:605 (data row 604). Producer: dag_scheduler->add_dag(dag) at ob_service.cpp:970, OB_SIZE_OVERFLOW when the dag type is full (src/storage/scheduler/ob_dag_scheduler.cpp:2125-2126). Holder: the local ret (ob_service.cpp:922). Code's branch: ret = OB_EAGAIN (ob_service.cpp:974), so the site reports OB_EAGAIN and never OB_SIZE_OVERFLOW; the dag is freed at ob_service.cpp:980-984 as for every failure. Escapes: build_ddl_local returns it (ob_service.cpp:990); update_build_ctx_status sets BUILD_RETRY for codes in the DDL retry white list (src/rootserver/ddl_task/ob_ddl_local_build_executor.cpp:406-411), OB_EAGAIN among them (src/share/ob_ddl_task_executor.h:88).	confirmed
src/observer/ob_service.cpp	ObService::inner_fill_tablet_info_	line 1078: ret != OB_TABLET_NOT_EXIST	LOOKUP_OUTCOME	!matches!(ret, Err(OB_TABLET_NOT_EXIST)) on the local ret, an ObResult; the test puts the function in the local-ret form (s2-errors.md 2.3). The empty branch stays (s2-errors.md 2.3) and the code is returned as in C++. The tablet lookup keeps its C++ code, never an Option or a bool, until parity (s2-errors.md 2.4 rule 1).	sweep: ret-compare.tsv:606 (data row 605). Producer: ls->get_tablet_svr()->get_tablet(tablet_id, ...) at ob_service.cpp:1073: ObLSTabletService::get_tablet passes on check_and_get_tablet's code (src/storage/ls/ob_ls_tablet_service.cpp:422-426), which passes on ObTabletCreateDeleteHelper::get_tablet's (src/storage/tablet/ob_tablet_create_delete_helper.cpp:103-106); that one looks the tablet up in the meta memory manager by its map key and turns a miss (OB_ENTRY_NOT_EXIST) into OB_TABLET_NOT_EXIST (ob_tablet_create_delete_helper.cpp:74, :77-78), also after waiting out an unset item (ob_tablet_create_delete_helper.cpp:79-82). Holder: the local ret (ob_service.cpp:1065). Code's branch: the comparison is false for OB_TABLET_NOT_EXIST, so the empty body is skipped too, and the function returns the code (ob_service.cpp:1085). Escapes: fill_tablet_runtime_info logs it at TRACE and returns it (ob_service.cpp:1112-1118, ret-compare.tsv:608).	confirmed
src/observer/ob_service.cpp	ObService::fill_tablet_runtime_info	line 1104: ret != OB_LS_NOT_EXIST	PASSED_ON	!matches!(ret, Err(OB_LS_NOT_EXIST)) on the local ret, an ObResult; the test puts the function in the local-ret form (s2-errors.md 2.3). The WARN branch and the else's TRACE log stay, each log taking the ret in scope on its C++ line (s2-errors.md 2.5 rule 1); the code is returned as in C++, with nothing swallowing it (s2-errors.md 2.12 item 2).	sweep: ret-compare.tsv:607 (data row 606). Producer: ls_svr->get_ls(ls) at ob_service.cpp:1103; ObLSService::get_ls takes no key: it hands out the service's one log stream and answers OB_LS_NOT_EXIST when that is null (src/storage/tx_storage/ob_ls_service.cpp:442-443), so value 9's lookup test does not hold. Holder: the local ret (ob_service.cpp:1092). Code's branch: the else logs at TRACE (ob_service.cpp:1107) in place of the WARN; nothing else. Escapes: the function returns it (ob_service.cpp:1123); ObTabletRuntimeMetaUpdater::generate_tasks_ tests it and treats the tablet as removed (src/observer/ob_tablet_runtime_meta_updater.cpp:475, :485, :489-491, ret-compare.tsv:615); the other caller is in the dead ob_tablet_meta_checker.cpp (not-translated.tsv:188).	confirmed
src/observer/ob_service.cpp	ObService::fill_tablet_runtime_info	line 1116: ret != OB_TABLET_NOT_EXIST	LOOKUP_OUTCOME	!matches!(ret, Err(OB_TABLET_NOT_EXIST)) on the local ret, an ObResult; the test puts the function in the local-ret form (s2-errors.md 2.3). The empty branch and the else's TRACE log stay (s2-errors.md 2.3, 2.5 rule 1) and the code is returned. The tablet lookup keeps OB_TABLET_NOT_EXIST, never an Option or a bool, until parity (s2-errors.md 2.4 rule 1).	sweep: ret-compare.tsv:608 (data row 607). Producer: inner_fill_tablet_info_ at ob_service.cpp:1112, which returns get_tablet's OB_TABLET_NOT_EXIST unchanged (ob_service.cpp:1073-1079; the lookup of ret-compare.tsv:606) and also gets it from the tablet report when the tablet has no major sstable (ob_service.cpp:1082; src/storage/tablet/ob_tablet.cpp:4099-4100). Holder: the local ret (ob_service.cpp:1092). Code's branch: the else logs at TRACE (ob_service.cpp:1118). Escapes: the function returns it (ob_service.cpp:1123); ObTabletRuntimeMetaUpdater::generate_tasks_ marks the tablet as removed and resets ret (src/observer/ob_tablet_runtime_meta_updater.cpp:489-491).	confirmed
src/observer/ob_srv_deliver.cpp	dispatch_req	line 49: ret == OB_SIZE_OVERFLOW	PASSED_ON	matches!(ret, Err(OB_SIZE_OVERFLOW)) on the local ret, an ObResult; the test puts the function in the local-ret form (s2-errors.md 2.3). The log-only branch, the DBA log with OB_SERVER_REQUEST_QUEUE_FULL, stays (s2-errors.md 2.3: empty branches stay), its code argument the ret in scope on the C++ line (s2-errors.md 2.5 rule 1); the code is returned as in C++, with no ok(), unwrap_or* or is_ok() swallowing it (s2-errors.md 2.12 item 2). The request queue keeps answering OB_SIZE_OVERFLOW once its count passes the limit (s2-errors.md 2.4 rule 1).	sweep: ret-compare.tsv:609 (data row 608). Producer: runtime->recv_request(req) at ob_srv_deliver.cpp:48; ObServerRuntime::recv_request pushes the request into its request queue (src/observer/omt/ob_server_runtime.cpp:622, :630, :636), an ObPriorityQueue2 (src/observer/omt/ob_server_runtime.h:50, :287) whose push answers OB_SIZE_OVERFLOW once an atomic count of queued requests passes limit_ plus a headroom that depends on the priority (src/oblib/lib/queue/ob_priority_queue.h:196-205). That is an admission limit on a count, not a write into a buffer or fixed-size container: the requests sit in unbounded ObLinkQueue lists (ob_priority_queue.h:293), and limit_ is the configured server_task_queue_size (src/observer/omt/ob_server_runtime.cpp:332), which each config reload sets again (src/observer/ob_server_reload_config.cpp:95; src/observer/omt/ob_server_runtime_controller.cpp:1016). So value 10's test (b) fails, as the inventory row of create_and_add_dag's test reads add_dag's count limit (ret-compare.tsv:4); the branch only logs and the code is returned unchanged, value 12. Holder: the local ret (ob_srv_deliver.cpp:40). Code's branch: LOG_DBA_ERROR_V2 with OB_SERVER_REQUEST_QUEUE_FULL (ob_srv_deliver.cpp:50-53), a server log line; ret is unchanged. Escapes: dispatch_req returns it (ob_srv_deliver.cpp:59) to its one caller (git grep -nw dispatch_req 834bbee1e -- src), deliver_mysql_request (ob_srv_deliver.cpp:96), which returns it to ObSrvDeliver::deliver (ob_srv_deliver.cpp:144); that calls on_translate_fail only for a lock-retry request (ob_srv_deliver.cpp:147-148) and returns it to the socket handler (src/oblib/rpc/obmysql/ob_sql_sock_handler.cpp:141).	confirmed
src/observer/ob_srv_deliver.cpp	ObSrvDeliver::deliver_mysql_request	line 114: ret == OB_SIZE_OVERFLOW	PASSED_ON	matches!(ret, Err(OB_SIZE_OVERFLOW)) on the local ret, an ObResult; the test puts the function in the local-ret form (s2-errors.md 2.3). The log-only branch, the DBA log with OB_SERVER_REQUEST_QUEUE_FULL, stays (s2-errors.md 2.3: empty branches stay), its code argument the ret in scope on the C++ line (s2-errors.md 2.5 rule 1); the code is returned as in C++, with no ok(), unwrap_or* or is_ok() swallowing it (s2-errors.md 2.12 item 2). The request queue keeps answering OB_SIZE_OVERFLOW once its count passes the limit (s2-errors.md 2.4 rule 1).	sweep: ret-compare.tsv:610 (data row 609). Producer: runtime->recv_request(req) at ob_srv_deliver.cpp:111, the request queue's push answering OB_SIZE_OVERFLOW once an atomic count of queued requests passes limit_ plus a headroom that depends on the priority (src/observer/omt/ob_server_runtime.cpp:622; src/oblib/lib/queue/ob_priority_queue.h:196-205). That is an admission limit on a count, not a write into a buffer or fixed-size container: the requests sit in unbounded ObLinkQueue lists (ob_priority_queue.h:293), and limit_ is the configured server_task_queue_size (src/observer/omt/ob_server_runtime.cpp:332), which each config reload sets again (src/observer/ob_server_reload_config.cpp:95; src/observer/omt/ob_server_runtime_controller.cpp:1016). So value 10's test (b) fails, as the inventory row of create_and_add_dag's test reads add_dag's count limit (ret-compare.tsv:4); the branch only logs and the code is returned unchanged, value 12. Holder: the local ret (ob_srv_deliver.cpp:70). Code's branch: the DBA log (ob_srv_deliver.cpp:115-118), after the event count and error log every failure gets (ob_srv_deliver.cpp:112-113); ret is unchanged. Escapes: deliver_mysql_request returns it (ob_srv_deliver.cpp:123) to ObSrvDeliver::deliver (ob_srv_deliver.cpp:144), which calls on_translate_fail for a lock-retry request (ob_srv_deliver.cpp:147-148) and returns it to the socket handler (src/oblib/rpc/obmysql/ob_sql_sock_handler.cpp:141).	confirmed
src/observer/ob_system_package_load_task.cpp	ObSystemPackageLoadTask::load_system_package_	line 97: ret == OB_ENTRY_NOT_EXIST	LOOKUP_OUTCOME	matches!(ret, Err(OB_ENTRY_NOT_EXIST)) on the local ret, an ObResult; the test puts the function in the local-ret form (s2-errors.md 2.3). The branch's reset ret = Ok(()), the sys_package_ready_ store and the log stay in the C++ order (s2-errors.md 2.4 rule 1). The admin-job lookup keeps answering OB_ENTRY_NOT_EXIST, never an Option or a bool, until parity (s2-errors.md 2.4 rule 1).	sweep: ret-compare.tsv:611 (data row 610). Producer: ADMIN_JOB_FIND(LOAD_MYSQL_SYS_PACKAGE, job_id) at ob_system_package_load_task.cpp:96, a macro over ObAdminJobTableOperator::find_job (src/rootserver/ob_admin_job_table_operator.h:105-110), which passes on the storage's find_job (src/rootserver/ob_admin_job_table_operator.cpp:151); that reads the INPROGRESS job of the type, by name, from __all_rootservice_job (src/share/storage/ob_admin_job_table_storage.cpp:202-216), and the SQLite query answers OB_ENTRY_NOT_EXIST when no row matches (src/share/storage/ob_sqlite_connection.cpp:405-407). Holder: the local ret (ob_system_package_load_task.cpp:85). Code's branch: ret = OB_SUCCESS, GCTX.sys_package_ready_ = true and an INFO log (ob_system_package_load_task.cpp:98-100): no job in progress means the packages are loaded.	confirmed
src/observer/ob_system_package_load_task.cpp	ObSystemPackageLoadTask::wait_system_package_ready	line 147: tmp_ret (assigned in the comparison) != OB_ENTRY_NOT_EXIST	LOOKUP_OUTCOME	The if condition is the block { tmp_ret = <the ADMIN_JOB_FIND call>; !matches!(tmp_ret, Err(OB_ENTRY_NOT_EXIST)) }, a test on an assignment (s2-errors.md 2.3; RULEBOOK 2.1, the test-on-an-assignment row); tmp_ret is the loop's own ObResult local (s2-errors.md 2.4 rule 4). The admin-job lookup keeps answering OB_ENTRY_NOT_EXIST (s2-errors.md 2.4 rule 1).	sweep: ret-compare.tsv:612 (data row 611). Producer: ADMIN_JOB_FIND(LOAD_MYSQL_SYS_PACKAGE, job_id) assigned inside the comparison at ob_system_package_load_task.cpp:147, the name lookup of ret-compare.tsv:611 (src/share/storage/ob_admin_job_table_storage.cpp:202-216; src/share/storage/ob_sqlite_connection.cpp:405-407). Holder: the local tmp_ret, declared in the loop (ob_system_package_load_task.cpp:142). Code's branch: the comparison is false, so inprogress_job_count stays 0 and finish is set (ob_system_package_load_task.cpp:150-151), ending the wait; any other code, a found job or an error, counts as in progress and the loop sleeps and asks again (ob_system_package_load_task.cpp:148, :153) until the context times out (ob_system_package_load_task.cpp:143-144). tmp_ret dies unread at the end of the iteration. Also sweep: tmp-ret.tsv:382 (the same line): the same producer and the same Rust.	confirmed
src/observer/ob_tablet_runtime_meta_updater.cpp	ObTabletRuntimeMetaUpdater::add_task_	line 305: ret == OB_EAGAIN	IGNORED	matches!(ret, Err(OB_EAGAIN)) on the local ret, an ObResult; the test puts the function in the local-ret form (s2-errors.md 2.3). The reset ret = Ok(()) stays at the same place (s2-errors.md 2.4 rule 1).	sweep: ret-compare.tsv:613 (data row 612). Producer: update_queue_.add(task) at ob_tablet_runtime_meta_updater.cpp:303, ObUniqTaskQueue::add, which renames its task set's OB_HASH_EXIST to OB_EAGAIN when an equal task is already queued (src/observer/ob_uniq_task_queue.h:329-331, ret-compare.tsv:617). Holder: the local ret (ob_tablet_runtime_meta_updater.cpp:296). Code's branch: ret = OB_SUCCESS (ob_tablet_runtime_meta_updater.cpp:306); the equal task already queued will run, and add_task_ takes its success path (ob_tablet_runtime_meta_updater.cpp:317-323) and returns success (ob_tablet_runtime_meta_updater.cpp:325).	confirmed
src/observer/ob_tablet_runtime_meta_updater.cpp	ObTabletRuntimeMetaUpdater::generate_tasks_	line 479: ret == OB_EAGAIN	RETRY	matches!(ret, Err(OB_EAGAIN)) on the local ret, an ObResult; the test puts the function in the local-ret form (s2-errors.md 2.3). The re-queue of the same task through add_task_, the retry count and the reset ret = Ok(()) stay as the C++ writes them, in the same order (RULEBOOK section 0, Keep the control flow); tmp_ret stays its own ObResult local (s2-errors.md 2.4 rule 4). The chain at ob_tablet_runtime_meta_updater.cpp:479-492 keeps the table's per-test forms in the C++ order: its second test is an && of three != tests, which is no match pattern (s2-errors.md 2.3's table).	sweep: ret-compare.tsv:614 (data row 613). Producer: ObService::fill_tablet_runtime_info at ob_tablet_runtime_meta_updater.cpp:475, whose tablet report turns a missing freeze info (OB_ENTRY_NOT_EXIST) into OB_EAGAIN (src/storage/tablet/ob_tablet.cpp:4147-4149, reached through src/observer/ob_service.cpp:1082 and ob_tablet.cpp:4102). Holder: the local ret (ob_tablet_runtime_meta_updater.cpp:455). Code's branch: the task goes back on the update queue through add_task_ (ob_tablet_runtime_meta_updater.cpp:480), and on success retry_tablet_count is raised and ret reset (ob_tablet_runtime_meta_updater.cpp:482-483), so the task runs again later; if the re-queue fails, ret keeps OB_EAGAIN and the loop stops (ob_tablet_runtime_meta_updater.cpp:468). The retry step: the add_task_ call at ob_tablet_runtime_meta_updater.cpp:480.	confirmed
src/observer/ob_tablet_runtime_meta_updater.cpp	ObTabletRuntimeMetaUpdater::generate_tasks_	line 485: ret != OB_SERVER_RUNTIME_NOT_READY; ret != OB_LS_NOT_EXIST; ret != OB_TABLET_NOT_EXIST	LOOKUP_OUTCOME	Three tests joined as the C++ joins them, !matches!(ret, Err(OB_SERVER_RUNTIME_NOT_READY)) && !matches!(ret, Err(OB_LS_NOT_EXIST)) && !matches!(ret, Err(OB_TABLET_NOT_EXIST)) on the local ret, an ObResult (s2-errors.md 2.3 table), the empty branch kept and the else-if chain in the C++ order (s2-errors.md 2.3). The tablet lookup keeps its C++ code (s2-errors.md 2.4 rule 1). The chain at ob_tablet_runtime_meta_updater.cpp:479-492 keeps the table's per-test forms in the C++ order: its second test is an && of three != tests, which is no match pattern (s2-errors.md 2.3's table).	sweep: ret-compare.tsv:615 (data row 614). Producer: fill_tablet_runtime_info at ob_tablet_runtime_meta_updater.cpp:475 (src/observer/ob_service.cpp:1088-1124). OB_TABLET_NOT_EXIST comes from the tablet lookup (ob_service.cpp:1073-1079; src/storage/tablet/ob_tablet_create_delete_helper.cpp:77-78) or from the report of a tablet without a major sstable (src/storage/tablet/ob_tablet.cpp:4099-4100): value 9. OB_LS_NOT_EXIST comes from get_ls, which takes no key (src/storage/tx_storage/ob_ls_service.cpp:442-443): value 13, as its branch below. OB_SERVER_RUNTIME_NOT_READY: no statement on fill_tablet_runtime_info's path sets it, since SERVER_MODULE_SCOPE only skips its body (src/share/rc/ob_server_runtime.h:230-232) and git grep -n 'ret = OB_SERVER_RUNTIME_NOT_READY' -- src finds it set only in request delivery, connection setup, inner-SQL results and the runtime controller; its branch gives value 13. Holder: the local ret (ob_tablet_runtime_meta_updater.cpp:455). Code's branch: for all three the comparison is false, so the chain goes on, OB_SERVER_RUNTIME_NOT_READY to ob_tablet_runtime_meta_updater.cpp:486-488 (ret-compare.tsv:616) and the other two to the else at ob_tablet_runtime_meta_updater.cpp:489-491; each sets is_remove_task and resets ret, and the tablet goes into the remove lists with placeholder runtime info (ob_tablet_runtime_meta_updater.cpp:494-502).	confirmed
src/observer/ob_tablet_runtime_meta_updater.cpp	ObTabletRuntimeMetaUpdater::generate_tasks_	line 486: ret == OB_SERVER_RUNTIME_NOT_READY	OTHER	matches!(ret, Err(OB_SERVER_RUNTIME_NOT_READY)) on the local ret, an ObResult, in the else-if chain of the local-ret form (s2-errors.md 2.3); the branch's is_remove_task = true and reset ret = Ok(()) stay as the C++ writes them (RULEBOOK section 0, Keep the control flow; s2-errors.md 2.4 rule 1), and the test stays although the code does not arrive, since RULEBOOK section 0's list of removable statements does not name it. The chain at ob_tablet_runtime_meta_updater.cpp:479-492 keeps the table's per-test forms in the C++ order: its second test is an && of three != tests, which is no match pattern (s2-errors.md 2.3's table).	sweep: ret-compare.tsv:616 (data row 615). Producer: fill_tablet_runtime_info at ob_tablet_runtime_meta_updater.cpp:475; no statement on its path sets OB_SERVER_RUNTIME_NOT_READY: SERVER_MODULE_SCOPE skips its body without a code (src/share/rc/ob_server_runtime.h:230-232), and git grep -n 'ret = OB_SERVER_RUNTIME_NOT_READY' -- src finds it set only in request delivery, connection setup, inner-SQL results and the runtime controller. Holder: the local ret (ob_tablet_runtime_meta_updater.cpp:455). Code's branch: is_remove_task = true and ret = OB_SUCCESS (ob_tablet_runtime_meta_updater.cpp:487-488), so the tablet goes to the remove lists with placeholder runtime info (ob_tablet_runtime_meta_updater.cpp:496-502): a fallback that treats the tablet as gone.	confirmed
src/observer/ob_uniq_task_queue.h	ObUniqTaskQueue::add	line 330: ret == OB_HASH_EXIST	RENAMED	matches!(ret, Err(OB_HASH_EXIST)) on the local ret, an ObResult; the test puts the function in the local-ret form (s2-errors.md 2.3). The rename ret = Err(OB_EAGAIN) stays at the same place, never map_err (s2-errors.md 2.4 rule 3), under the guard of cond_ as the C++ holds it (RULEBOOK 2.7, the OB lock row). The set stays an ObHashSet port answering OB_HASH_EXIST and OB_HASH_NOT_EXIST, and OB_NOT_INIT for a set never created, never an Option or a bool, until parity (s2-errors.md 2.4 rules 1 and 2).	sweep: ret-compare.tsv:617 (data row 616). Producer: task_set_.set_refactored(task, 0) at ob_uniq_task_queue.h:329, on an ObHashSet (src/observer/ob_uniq_task_queue.h:171-177), whose insert with flag 0 answers OB_HASH_EXIST for a key already present when flag is 0 (src/oblib/lib/hash/ob_hashtable.h:1235-1237) (the set passes the flag on, src/oblib/lib/hash/ob_hashset.h:179). Holder: the local ret (ob_uniq_task_queue.h:312). Code's branch: ret = OB_EAGAIN (ob_uniq_task_queue.h:331), under the ObThreadCondGuard of cond_ (ob_uniq_task_queue.h:320). Escapes: ObTabletRuntimeMetaUpdater::add_task_ resets OB_EAGAIN (src/observer/ob_tablet_runtime_meta_updater.cpp:305-306, ret-compare.tsv:613); ObServerSchemaUpdater's try_release_schema and async_refresh_schema pass it on through empty tests (src/observer/ob_server_schema_updater.cpp:268-270, :284-286).	confirmed
src/observer/ob_uniq_task_queue.h	ObUniqTaskQueue::get_group	line 595: ret != OB_HASH_EXIST	LOOKUP_OUTCOME	The condition joins the assignment and the test as the C++ does: if ob_fail!(ret = <the group_map_.set_refactored call>) && !matches!(ret, Err(OB_HASH_EXIST)) (s2-errors.md 2.3 table), in the local-ret form, the else-if chain kept in the C++ order. The map stays an ObHashMap port whose get_refactored, set_refactored and erase_refactored answer OB_HASH_NOT_EXIST and OB_HASH_EXIST, and OB_NOT_INIT for a map never created, never an Option or a bool, until parity (s2-errors.md 2.4 rules 1 and 2).	sweep: ret-compare.tsv:618 (data row 617). Producer: group_map_.set_refactored(group_id, new_group) at ob_uniq_task_queue.h:595, an ObHashMap (src/observer/ob_uniq_task_queue.h:179-186) insert with the default flag 0 (src/oblib/lib/hash/ob_hashmap.h:262), which answers OB_HASH_EXIST for a key already present when flag is 0 (src/oblib/lib/hash/ob_hashtable.h:1235-1237). Holder: the local ret (ob_uniq_task_queue.h:582). Code's branch: the comparison makes the condition false, so the chain goes on to fetch the existing group (ob_uniq_task_queue.h:597) and resets ret at ob_uniq_task_queue.h:605-606 (ret-compare.tsv:619); the group is not added to groups_ a second time (ob_uniq_task_queue.h:600-604).	confirmed
src/observer/ob_uniq_task_queue.h	ObUniqTaskQueue::get_group	line 605: ret == OB_HASH_EXIST	LOOKUP_OUTCOME	matches!(ret, Err(OB_HASH_EXIST)) on the local ret, an ObResult, in the else-if chain of the local-ret form (s2-errors.md 2.3); the reset ret = Ok(()) stays (s2-errors.md 2.4 rule 1). The map stays an ObHashMap port whose get_refactored, set_refactored and erase_refactored answer OB_HASH_NOT_EXIST and OB_HASH_EXIST, and OB_NOT_INIT for a map never created, never an Option or a bool, until parity (s2-errors.md 2.4 rules 1 and 2).	sweep: ret-compare.tsv:619 (data row 618). Producer: the insert of ret-compare.tsv:618, group_map_.set_refactored at ob_uniq_task_queue.h:595 (src/oblib/lib/hash/ob_hashtable.h:1235-1237); the get at ob_uniq_task_queue.h:597, which found the group, leaves ret as it is. Holder: the local ret (ob_uniq_task_queue.h:582). Code's branch: ret = OB_SUCCESS (ob_uniq_task_queue.h:606): the group exists, and get_group returns it (ob_uniq_task_queue.h:611).	confirmed
src/observer/ob_uniq_task_queue.h	ObUniqTaskQueue::try_lock	line 623: ret == OB_HASH_EXIST	RENAMED	matches!(ret, Err(OB_HASH_EXIST)) on the local ret, an ObResult; the test puts the function in the local-ret form (s2-errors.md 2.3). The rename ret = Err(OB_EAGAIN) stays at the same place, never map_err (s2-errors.md 2.4 rule 3). The set stays an ObHashSet port answering OB_HASH_EXIST and OB_HASH_NOT_EXIST, and OB_NOT_INIT for a set never created, never an Option or a bool, until parity (s2-errors.md 2.4 rules 1 and 2).	sweep: ret-compare.tsv:620 (data row 619). Producer: processing_task_set_.set_refactored(task, 0) at ob_uniq_task_queue.h:622, an ObHashSet (src/observer/ob_uniq_task_queue.h:187-193) whose insert with flag 0 answers OB_HASH_EXIST for a key already present when flag is 0 (src/oblib/lib/hash/ob_hashtable.h:1235-1237): an equal task is being processed. Holder: the local ret (ob_uniq_task_queue.h:617). Code's branch: ret = OB_EAGAIN (ob_uniq_task_queue.h:624). Escapes: the one caller (try_lock is private to the class template this header defines, and git grep -nw try_lock 834bbee1e -- src/observer/ob_uniq_task_queue.h finds its declaration, its definition and one call), the queue's run loop, resets any try_lock failure and stops taking tasks from the group, under cond_'s guard (ob_uniq_task_queue.h:392, :403-405), so the task stays queued for a later round.	confirmed
src/observer/omt/ob_server_runtime.cpp	ObPxPools::get_or_create	line 69: ret == OB_HASH_NOT_EXIST	LOOKUP_OUTCOME	matches!(ret, Err(OB_HASH_NOT_EXIST)) on the local ret, an ObResult; the test puts the function in the local-ret form (s2-errors.md 2.3). The branch's create_pool call and the empty else stay as written (s2-errors.md 2.3). The map stays an ObHashMap port whose get_refactored, set_refactored and erase_refactored answer OB_HASH_NOT_EXIST and OB_HASH_EXIST, and OB_NOT_INIT for a map never created, never an Option or a bool, until parity (s2-errors.md 2.4 rules 1 and 2).	sweep: ret-compare.tsv:621 (data row 620). Producer: pool_map_.get_refactored(group_id, pool) at src/observer/omt/ob_server_runtime.cpp:68, an ObHashMap<int64_t, ObPxPool *> (src/observer/omt/ob_server_runtime.h:160) that answers OB_HASH_NOT_EXIST for a miss (src/oblib/lib/hash/ob_hashtable.h:1131). Holder: the local ret (src/observer/omt/ob_server_runtime.cpp:65). Code's branch: create_pool(group_id, pool) (src/observer/omt/ob_server_runtime.cpp:70), whose code replaces ret (ret-compare.tsv:622); other codes pass on through the empty else (src/observer/omt/ob_server_runtime.cpp:72-73).	confirmed
src/observer/omt/ob_server_runtime.cpp	ObPxPools::create_pool	line 84: ret == OB_HASH_NOT_EXIST	LOOKUP_OUTCOME	matches!(ret, Err(OB_HASH_NOT_EXIST)) on the local ret, an ObResult; the test puts the function in the local-ret form (s2-errors.md 2.3). It stays under the write guard of lock_, which lives as long as the C++ holds it (RULEBOOK 2.7, the OB lock row); the branch's pool creation stays as written. The map stays an ObHashMap port whose get_refactored, set_refactored and erase_refactored answer OB_HASH_NOT_EXIST and OB_HASH_EXIST, and OB_NOT_INIT for a map never created, never an Option or a bool, until parity (s2-errors.md 2.4 rules 1 and 2).	sweep: ret-compare.tsv:622 (data row 621). Producer: pool_map_.get_refactored(group_id, pool) at src/observer/omt/ob_server_runtime.cpp:83, rechecked under the SpinWLockGuard of lock_ (src/observer/omt/ob_server_runtime.cpp:82), which answers OB_HASH_NOT_EXIST for a miss (src/oblib/lib/hash/ob_hashtable.h:1131). Holder: the local ret (src/observer/omt/ob_server_runtime.cpp:81). Code's branch: creates the pool, starts it and inserts it (src/observer/omt/ob_server_runtime.cpp:85-94), each call's code replacing ret; other codes pass on (src/observer/omt/ob_server_runtime.cpp:96-97). Escapes: get_or_create returns create_pool's code (src/observer/omt/ob_server_runtime.cpp:70, :75).	confirmed
src/observer/omt/ob_server_runtime_controller.cpp	ObServerRuntimeController::wait	line 249: call result runtime_->try_wait() == OB_EAGAIN	RETRY	The loop as the C++ writes it, while matches!(runtime.try_wait(), Err(OB_EAGAIN)) { usleep(50 * 1000); }, the call's result compared directly; it is an ObResult because try_wait's int return is a code (s2-errors.md 2.2 rule 1), and the condition calls try_wait again each round (RULEBOOK section 0, Keep the control flow).	sweep: ret-compare.tsv:623 (data row 622). Producer: runtime_->try_wait() at ob_server_runtime_controller.cpp:249: ObServerRuntime::try_wait answers OB_EAGAIN right after it starts the runtime's gc thread (src/observer/omt/ob_server_runtime.cpp:512-516) and later passes on ob_pthread_tryjoin_np's code until the thread has ended (src/observer/omt/ob_server_runtime.cpp:521; src/oblib/lib/thread/ob_pthread.cpp:63). Holder: the call's result, compared directly. Code's branch: the loop body sleeps 50 ms (ob_server_runtime_controller.cpp:250) and the condition calls try_wait again: the loop condition at ob_server_runtime_controller.cpp:249 is the retry. Any other code ends the loop and is dropped; wait returns void (ob_server_runtime_controller.cpp:246).	confirmed
src/observer/omt/ob_server_runtime_controller.cpp	ObIOManager::print_service_status	line 1129: ret != OB_HASH_NOT_EXIST	IGNORED	!matches!(ret, Err(OB_HASH_NOT_EXIST)) on the local ret, an ObResult; the test puts the function in the local-ret form (s2-errors.md 2.3). The empty branch stays and the else keeps its reset ret = Ok(()) (s2-errors.md 2.3, 2.4 rule 1). Core unit (core-manifest.tsv:177): this form where the core keeps the function (RULEBOOK section 0).	sweep: ret-compare.tsv:624 (data row 623). Producer: get_io_service(service_holder) at ob_server_runtime_controller.cpp:1128; ObIOManager::get_io_service holds the manager's one io_service_ and sets OB_HASH_NOT_EXIST itself when it is null (src/share/io/ob_io_manager.cpp:483-487): no key is looked up, so value 9 does not hold. Holder: the local ret (ob_server_runtime_controller.cpp:1124). Code's branch: the else resets ret (ob_server_runtime_controller.cpp:1131); ret is not read again, and print_service_status returns void (ob_server_runtime_controller.cpp:1122).	confirmed
src/observer/omt/ob_srs_service.cpp	ObSrsService::refresh_sys_srs	line 125: ret == OB_ERR_EMPTY_QUERY	PASSED_ON	matches!(ret, Err(OB_ERR_EMPTY_QUERY)) on the local ret, an ObResult; the test puts the function in the local-ret form (s2-errors.md 2.3). Both empty branches stay (s2-errors.md 2.3) and the code is returned as in C++, with nothing swallowing it (s2-errors.md 2.12 item 2).	sweep: ret-compare.tsv:625 (data row 624). Producer: fetch_all_srs(srs) at ob_srs_service.cpp:124, which sets OB_ERR_EMPTY_QUERY while the spatial reference system table holds fewer than its 5152 rows (ob_srs_service.cpp:195-202) or when the read returns no row (ob_srs_service.cpp:243-245). Holder: the local ret (ob_srs_service.cpp:121). Code's branch: empty (ob_srs_service.cpp:125-126), as is the else. Escapes: refresh_sys_srs returns it (ob_srs_service.cpp:156) to its one caller (git grep -nw refresh_sys_srs 834bbee1e -- src), get_tenant_srs_guard, which reports OB_ERR_SRS_EMPTY with LOG_USER_ERROR for any refresh failure, under srs_load_lock_ (ob_srs_service.cpp:85, :88-91).	confirmed
src/observer/omt/ob_srs_service.cpp	ObSrsCacheSnapShot::get_srs_item	line 178: ret == OB_HASH_NOT_EXIST	RENAMED	matches!(ret, Err(OB_HASH_NOT_EXIST)) on the local ret, an ObResult; the test puts the function in the local-ret form (s2-errors.md 2.3). The rename and its user message are one statement at the same place, ret = Err(log_user_error!(OB_ERR_SRS_NOT_FOUND, srid as u32)); (s2-errors.md 2.7 rule 3; 2.4 rule 3). The map stays an ObHashMap port whose get_refactored, set_refactored and erase_refactored answer OB_HASH_NOT_EXIST and OB_HASH_EXIST, and OB_NOT_INIT for a map never created, never an Option or a bool, until parity (s2-errors.md 2.4 rules 1 and 2).	sweep: ret-compare.tsv:626 (data row 625). Producer: srs_item_map_.get_refactored(srid, tmp_srs_item) at ob_srs_service.cpp:177, an ObHashMap<uint64_t, const ObSrsItem *> (src/observer/omt/ob_srs_service.h:69) that answers OB_HASH_NOT_EXIST for a miss (src/oblib/lib/hash/ob_hashtable.h:1131). Holder: the local ret (ob_srs_service.cpp:173). Code's branch: ret = OB_ERR_SRS_NOT_FOUND with LOG_USER_ERROR(OB_ERR_SRS_NOT_FOUND, srid) (ob_srs_service.cpp:179-180), whose user format takes one %u (src/share/ob_errno.def:1540). Escapes: callers test the new code: fetch_all_srs adds the missing item (ob_srs_service.cpp:229-233, ret-compare.tsv:627), the geo expressions turn it into a user warning (src/sql/engine/expr/ob_geo_expr_utils.cpp:142-144) or test it (src/sql/engine/expr/ob_expr_st_srid.cpp:133), and the SRS guard forwards it (src/share/geo/ob_srs_provider.h:58-62).	confirmed
src/observer/omt/ob_srs_service.cpp	ObSrsService::fetch_all_srs	line 232: ret == OB_ERR_SRS_NOT_FOUND	LOOKUP_OUTCOME	matches!(ret, Err(OB_ERR_SRS_NOT_FOUND)) on the local ret, an ObResult; the test puts the function in the local-ret form (s2-errors.md 2.3). The branch's add_srs_item, whose code replaces ret, and the empty else stay (s2-errors.md 2.3, 2.4 rule 1). get_srs_item keeps renaming the map's miss to OB_ERR_SRS_NOT_FOUND (ret-compare.tsv:626).	sweep: ret-compare.tsv:627 (data row 626). Producer: snapshot->get_srs_item(srs_item->get_srid(), tmp) at ob_srs_service.cpp:229, which looks the SRID up in its ObHashMap and renames the miss (ob_srs_service.cpp:177-180, ret-compare.tsv:626); the comment at ob_srs_service.cpp:230-231 says the snapshot exposes the domain code in place of the map's. Holder: the local ret (ob_srs_service.cpp:190). Code's branch: add_srs_item inserts the parsed item (ob_srs_service.cpp:233; src/observer/omt/ob_srs_service.h:55), its code replacing ret; a found SRID is a duplicate row and becomes OB_ERR_UNEXPECTED (ob_srs_service.cpp:237-238).	confirmed
src/observer/omt/ob_srs_service.cpp	ObSrsService::fetch_all_srs	line 243: ret == OB_ITER_END	RENAMED	matches!(ret, Err(OB_ITER_END)) on the local ret, an ObResult; the test puts the function in the local-ret form (s2-errors.md 2.3). The branch's rename ret = Err(OB_ERR_EMPTY_QUERY) for an empty read and its generate_pg_reserved_srs call stay as the C++ writes them, never map_err (s2-errors.md 2.4 rule 3). The inner SQL result keeps ending with Err(OB_ITER_END), never an Option or a bool, until parity (s2-errors.md 2.4 rules 1 and 2; ARCHITECTURE.md section 17 default 6).	sweep: ret-compare.tsv:628 (data row 627). Producer: result->next() in the loop condition at ob_srs_service.cpp:215, the inner SQL result's next: ObMySQLResult::next is pure virtual (src/oblib/common/mysqlclient/ob_mysql_result.h:1560), and ObInnerSQLResult::next answers OB_ITER_END once iter_end_ is set and passes on the result set's OB_ITER_END after the last row (src/observer/ob_inner_sql_result.cpp:207-208, :216-217). Holder: the local ret (ob_srs_service.cpp:190). Code's branch: with no row read, ret = OB_ERR_EMPTY_QUERY (ob_srs_service.cpp:244-245), the new code; otherwise generate_pg_reserved_srs's code replaces ret and the snapshot is handed out (ob_srs_service.cpp:247-251). OB_ITER_END is never reported. Escapes: refresh_sys_srs passes OB_ERR_EMPTY_QUERY on (ob_srs_service.cpp:124-127, ret-compare.tsv:625).	confirmed
src/observer/omt/ob_th_worker.cpp	ObThWorker::worker	line 295: ret == OB_ENTRY_NOT_EXIST	OTHER	matches!(ret, Err(OB_ENTRY_NOT_EXIST)) on the worker loop's ret, an ObResult (s2-errors.md 2.2 rule 5), in the else-if after the success test, in the local-ret form (s2-errors.md 2.3); the branch's idle bookkeeping, the shrink with stop() and break, and the reset ret = Ok(()) stay in the C++ order (RULEBOOK section 0, Keep the control flow).	sweep: ret-compare.tsv:629 (data row 628). Producer: runtime_->pop_with_idle(...) at ob_th_worker.cpp:267-269, whose pop function is get_new_request with a 100 ms poll (ob_th_worker.cpp:217, :268); ObServerRuntime::get_new_request returns the request queue's pop (src/observer/omt/ob_server_runtime.cpp:590), which answers OB_ENTRY_NOT_EXIST when no request arrives before the timeout (src/oblib/lib/queue/ob_priority_queue.h:262, :275-276). A queue pop takes no key, so value 9 does not hold. Holder: the local ret (ob_th_worker.cpp:211). Code's branch: records when the worker went idle and, after KEEP_ALIVE_TIMEOUT of idling, tries to shrink the pool, stopping this worker and leaving the loop when it may (ob_th_worker.cpp:296-304), then resets ret (ob_th_worker.cpp:305). The worker loop polls again for every code (ob_th_worker.cpp:223).	confirmed
src/observer/report/ob_tablet_meta_checker.cpp	ObTabletMetaChecker::build_tablet_meta_row_map_	line 192: ret != OB_ITER_END [not built]	NOT_TRANSLATED	none: dead (not-translated.tsv:188)	not-translated.tsv:188: unit src/observer/report/ob_tablet_meta_checker, reason dead (not compiled by the reference build).	confirmed
src/observer/report/ob_tablet_meta_checker.cpp	ObTabletMetaChecker::build_tablet_meta_row_map_	line 202: ret == OB_ITER_END [not built]	NOT_TRANSLATED	none: dead (not-translated.tsv:188)	not-translated.tsv:188: unit src/observer/report/ob_tablet_meta_checker, reason dead (not compiled by the reference build).	confirmed
src/observer/report/ob_tablet_meta_checker.cpp	ObTabletMetaChecker::check_tablet_not_exist_in_local_	line 264: ret == OB_TABLET_NOT_EXIST; ret == OB_ENTRY_NOT_EXIST [not built]	NOT_TRANSLATED	none: dead (not-translated.tsv:188)	not-translated.tsv:188: unit src/observer/report/ob_tablet_meta_checker, reason dead (not compiled by the reference build).	confirmed
src/observer/report/ob_tablet_meta_checker.cpp	ObTabletMetaChecker::check_missing_or_changed_tablet_meta_rows_	line 305: ret != OB_ITER_END [not built]	NOT_TRANSLATED	none: dead (not-translated.tsv:188)	not-translated.tsv:188: unit src/observer/report/ob_tablet_meta_checker, reason dead (not compiled by the reference build).	confirmed
src/observer/report/ob_tablet_meta_checker.cpp	ObTabletMetaChecker::check_missing_or_changed_tablet_meta_rows_	line 313: ret == OB_HASH_NOT_EXIST [not built]	NOT_TRANSLATED	none: dead (not-translated.tsv:188)	not-translated.tsv:188: unit src/observer/report/ob_tablet_meta_checker, reason dead (not compiled by the reference build).	confirmed
src/observer/report/ob_tablet_meta_checker.cpp	ObTabletMetaChecker::check_missing_or_changed_tablet_meta_rows_	line 326: ret == OB_EAGAIN [not built]	NOT_TRANSLATED	none: dead (not-translated.tsv:188)	not-translated.tsv:188: unit src/observer/report/ob_tablet_meta_checker, reason dead (not compiled by the reference build).	confirmed
src/observer/report/ob_tablet_meta_checker.cpp	ObTabletMetaChecker::check_missing_or_changed_tablet_meta_rows_	line 343: ret == OB_ITER_END [not built]	NOT_TRANSLATED	none: dead (not-translated.tsv:188)	not-translated.tsv:188: unit src/observer/report/ob_tablet_meta_checker, reason dead (not compiled by the reference build).	confirmed
src/observer/schema/ob_schema_retrieve_utils.ipp	ObSchemaRetrieveUtils::retrieve_table_schema	line 109: ret != OB_ITER_END	END_OF_DATA	!matches!(ret, Err(OB_ITER_END)) on the local ret, an ObResult; the test puts the function in the local-ret form (s2-errors.md 2.3). The log-only branch stays and the else keeps its log and reset ret = Ok(()) in the C++ place (s2-errors.md 2.3, 2.4 rule 1). The inner SQL result keeps ending with Err(OB_ITER_END), never an Option or a bool, until parity (s2-errors.md 2.4 rules 1 and 2; ARCHITECTURE.md section 17 default 6). Core unit (core-manifest.tsv:340): this form where the core keeps the function (RULEBOOK section 0).	sweep: ret-compare.tsv:637 (data row 636). Producer: result.next() in the loop condition at ob_schema_retrieve_utils.ipp:82; T is the inner SQL result, which every caller passes as *result (git grep -n 'ObSchemaRetrieveUtils::retrieve_' -- src/observer/schema/ob_schema_service_sql_impl.cpp); the inner SQL result's next: ObMySQLResult::next is pure virtual (src/oblib/common/mysqlclient/ob_mysql_result.h:1560), and ObInnerSQLResult::next answers OB_ITER_END once iter_end_ is set and passes on the result set's OB_ITER_END after the last row (src/observer/ob_inner_sql_result.cpp:207-208, :216-217). Holder: the local ret (ob_schema_retrieve_utils.ipp:78). Code's branch: the else logs and resets ret (ob_schema_retrieve_utils.ipp:112-113); any other code is logged (ob_schema_retrieve_utils.ipp:110) and returned (ob_schema_retrieve_utils.ipp:115).	confirmed
src/observer/schema/ob_schema_retrieve_utils.ipp	ObSchemaRetrieveUtils::retrieve_schema	line 152: ret != OB_ITER_END	END_OF_DATA	!matches!(ret, Err(OB_ITER_END)) on the local ret, an ObResult; the test puts the function in the local-ret form (s2-errors.md 2.3). The log-only branch stays and the else keeps its reset ret = Ok(()) in the C++ place (s2-errors.md 2.3, 2.4 rule 1). The inner SQL result keeps ending with Err(OB_ITER_END), never an Option or a bool, until parity (s2-errors.md 2.4 rules 1 and 2; ARCHITECTURE.md section 17 default 6). Core unit (core-manifest.tsv:340): this form where the core keeps the function (RULEBOOK section 0).	sweep: ret-compare.tsv:638 (data row 637). Producer: ret = result.next() in the loop condition at ob_schema_retrieve_utils.ipp:131; T is the inner SQL result, which every caller passes as *result (git grep -n 'ObSchemaRetrieveUtils::retrieve_' -- src/observer/schema/ob_schema_service_sql_impl.cpp); the inner SQL result's next: ObMySQLResult::next is pure virtual (src/oblib/common/mysqlclient/ob_mysql_result.h:1560), and ObInnerSQLResult::next answers OB_ITER_END once iter_end_ is set and passes on the result set's OB_ITER_END after the last row (src/observer/ob_inner_sql_result.cpp:207-208, :216-217). Holder: the local ret (ob_schema_retrieve_utils.ipp:124). Code's branch: the else resets ret (ob_schema_retrieve_utils.ipp:155), after which the last schema is added (ob_schema_retrieve_utils.ipp:157-163); any other code is logged (ob_schema_retrieve_utils.ipp:153) and returned (ob_schema_retrieve_utils.ipp:164).	confirmed
src/observer/schema/ob_schema_retrieve_utils.ipp	ObSchemaRetrieveUtils::retrieve_table_schema	line 249: ret == OB_ITER_END	RENAMED	matches!(ret, Err(OB_ITER_END)) on the local ret, an ObResult; the test puts the function in the local-ret form (s2-errors.md 2.3). The rename ret = Err(OB_ERR_SCHEMA_HISTORY_EMPTY) and its log stay at the same place, never map_err (s2-errors.md 2.4 rule 3). The inner SQL result keeps ending with Err(OB_ITER_END), never an Option or a bool, until parity (s2-errors.md 2.4 rules 1 and 2; ARCHITECTURE.md section 17 default 6). Core unit (core-manifest.tsv:340): this form where the core keeps the function (RULEBOOK section 0).	sweep: ret-compare.tsv:639 (data row 638). Producer: result.next() at ob_schema_retrieve_utils.ipp:248, the first read; T is the inner SQL result, which every caller passes as *result (git grep -n 'ObSchemaRetrieveUtils::retrieve_' -- src/observer/schema/ob_schema_service_sql_impl.cpp); the inner SQL result's next: ObMySQLResult::next is pure virtual (src/oblib/common/mysqlclient/ob_mysql_result.h:1560), and ObInnerSQLResult::next answers OB_ITER_END once iter_end_ is set and passes on the result set's OB_ITER_END after the last row (src/observer/ob_inner_sql_result.cpp:207-208, :216-217). Holder: the local ret (ob_schema_retrieve_utils.ipp:245). Code's branch: ret = OB_ERR_SCHEMA_HISTORY_EMPTY and a WARN log (ob_schema_retrieve_utils.ipp:250-251): the history has no row for the table. Escapes: fetch_table_info passes it on (src/observer/schema/ob_schema_service_sql_impl.cpp:4136); git grep -n OB_ERR_SCHEMA_HISTORY_EMPTY -- src finds its tests only in the medium compaction code (src/storage/compaction/ob_medium_compaction_func.cpp:147, :918).	confirmed
src/observer/schema/ob_schema_retrieve_utils.ipp	ObSchemaRetrieveUtils::retrieve_table_schema	line 262: ret (assigned in the comparison) != OB_ITER_END	END_OF_DATA	The if condition is the block { ret = result.next(); !matches!(ret, Err(OB_ITER_END)) }, a test on an assignment, so the if-else keeps its branches (s2-errors.md 2.3; RULEBOOK 2.1, the test-on-an-assignment row), on the local ret in the local-ret form; the rename to OB_ERR_UNEXPECTED and the else's reset ret = Ok(()) stay as written (s2-errors.md 2.4 rules 1 and 3). The inner SQL result keeps ending with Err(OB_ITER_END), never an Option or a bool, until parity (s2-errors.md 2.4 rules 1 and 2; ARCHITECTURE.md section 17 default 6). Core unit (core-manifest.tsv:340): this form where the core keeps the function (RULEBOOK section 0).	sweep: ret-compare.tsv:640 (data row 639). Producer: result.next() assigned inside the comparison at ob_schema_retrieve_utils.ipp:262, the read after the one expected row; T is the inner SQL result, which every caller passes as *result (git grep -n 'ObSchemaRetrieveUtils::retrieve_' -- src/observer/schema/ob_schema_service_sql_impl.cpp); the inner SQL result's next: ObMySQLResult::next is pure virtual (src/oblib/common/mysqlclient/ob_mysql_result.h:1560), and ObInnerSQLResult::next answers OB_ITER_END once iter_end_ is set and passes on the result set's OB_ITER_END after the last row (src/observer/ob_inner_sql_result.cpp:207-208, :216-217). Holder: the local ret (ob_schema_retrieve_utils.ipp:245). Code's branch: the else resets ret and logs success (ob_schema_retrieve_utils.ipp:266-267): OB_ITER_END here means the query returned exactly one row; any other code, a second row included, becomes OB_ERR_UNEXPECTED (ob_schema_retrieve_utils.ipp:263).	confirmed
src/observer/schema/ob_schema_retrieve_utils.ipp	ObSchemaRetrieveUtils::retrieve_schema	line 550: ret != OB_ITER_END	END_OF_DATA	!matches!(ret, Err(OB_ITER_END)) on the local ret, an ObResult; the test puts the function in the local-ret form (s2-errors.md 2.3). The log-only branch stays and the else keeps its reset ret = Ok(()) in the C++ place (s2-errors.md 2.3, 2.4 rule 1). The inner SQL result keeps ending with Err(OB_ITER_END), never an Option or a bool, until parity (s2-errors.md 2.4 rules 1 and 2; ARCHITECTURE.md section 17 default 6). Core unit (core-manifest.tsv:340): this form where the core keeps the function (RULEBOOK section 0).	sweep: ret-compare.tsv:641 (data row 640). Producer: ret = result.next() in the loop condition at ob_schema_retrieve_utils.ipp:528; T is the inner SQL result, which every caller passes as *result (git grep -n 'ObSchemaRetrieveUtils::retrieve_' -- src/observer/schema/ob_schema_service_sql_impl.cpp); the inner SQL result's next: ObMySQLResult::next is pure virtual (src/oblib/common/mysqlclient/ob_mysql_result.h:1560), and ObInnerSQLResult::next answers OB_ITER_END once iter_end_ is set and passes on the result set's OB_ITER_END after the last row (src/observer/ob_inner_sql_result.cpp:207-208, :216-217). Holder: the local ret (ob_schema_retrieve_utils.ipp:517). Code's branch: the else resets ret (ob_schema_retrieve_utils.ipp:553), after which the last schema is added and generated columns are cascaded (ob_schema_retrieve_utils.ipp:555-567); any other code is logged (ob_schema_retrieve_utils.ipp:551) and returned.	confirmed
src/observer/schema/ob_schema_retrieve_utils.ipp	ObSchemaRetrieveUtils::retrieve_subpart_schema	line 665: ret != OB_ITER_END	END_OF_DATA	!matches!(ret, Err(OB_ITER_END)) on the local ret, an ObResult; the test puts the function in the local-ret form (s2-errors.md 2.3). The log-only branch stays and the else keeps its reset ret = Ok(()) in the C++ place (s2-errors.md 2.3, 2.4 rule 1). The inner SQL result keeps ending with Err(OB_ITER_END), never an Option or a bool, until parity (s2-errors.md 2.4 rules 1 and 2; ARCHITECTURE.md section 17 default 6). Core unit (core-manifest.tsv:340): this form where the core keeps the function (RULEBOOK section 0).	sweep: ret-compare.tsv:642 (data row 641). Producer: result.next() in the loop condition at ob_schema_retrieve_utils.ipp:650; T is the inner SQL result, which every caller passes as *result (git grep -n 'ObSchemaRetrieveUtils::retrieve_' -- src/observer/schema/ob_schema_service_sql_impl.cpp); the inner SQL result's next: ObMySQLResult::next is pure virtual (src/oblib/common/mysqlclient/ob_mysql_result.h:1560), and ObInnerSQLResult::next answers OB_ITER_END once iter_end_ is set and passes on the result set's OB_ITER_END after the last row (src/observer/ob_inner_sql_result.cpp:207-208, :216-217). Holder: the local ret (ob_schema_retrieve_utils.ipp:645). Code's branch: the else resets ret (ob_schema_retrieve_utils.ipp:668), after which the last subpartition is added (ob_schema_retrieve_utils.ipp:670-676); any other code is logged (ob_schema_retrieve_utils.ipp:666) and returned (ob_schema_retrieve_utils.ipp:677).	confirmed
src/observer/schema/ob_schema_retrieve_utils.ipp	ObSchemaRetrieveUtils::retrieve_subpart_schema	line 710: ret != OB_ITER_END	END_OF_DATA	!matches!(ret, Err(OB_ITER_END)) on the local ret, an ObResult; the test puts the function in the local-ret form (s2-errors.md 2.3). The log-only branch stays and the else keeps its reset ret = Ok(()) in the C++ place (s2-errors.md 2.3, 2.4 rule 1). The inner SQL result keeps ending with Err(OB_ITER_END), never an Option or a bool, until parity (s2-errors.md 2.4 rules 1 and 2; ARCHITECTURE.md section 17 default 6). Core unit (core-manifest.tsv:340): this form where the core keeps the function (RULEBOOK section 0).	sweep: ret-compare.tsv:643 (data row 642). Producer: result.next() in the loop condition at ob_schema_retrieve_utils.ipp:695; T is the inner SQL result, which every caller passes as *result (git grep -n 'ObSchemaRetrieveUtils::retrieve_' -- src/observer/schema/ob_schema_service_sql_impl.cpp); the inner SQL result's next: ObMySQLResult::next is pure virtual (src/oblib/common/mysqlclient/ob_mysql_result.h:1560), and ObInnerSQLResult::next answers OB_ITER_END once iter_end_ is set and passes on the result set's OB_ITER_END after the last row (src/observer/ob_inner_sql_result.cpp:207-208, :216-217). Holder: the local ret (ob_schema_retrieve_utils.ipp:686). Code's branch: the else resets ret (ob_schema_retrieve_utils.ipp:713), after which the last subpartition is added (ob_schema_retrieve_utils.ipp:715-721); any other code is logged (ob_schema_retrieve_utils.ipp:711) and returned (ob_schema_retrieve_utils.ipp:723).	confirmed
src/observer/schema/ob_schema_retrieve_utils.ipp	ObSchemaRetrieveUtils::retrieve_constraint_column_info	line 773: ret != OB_ITER_END	END_OF_DATA	!matches!(ret, Err(OB_ITER_END)) on the local ret, an ObResult; the test puts the function in the local-ret form (s2-errors.md 2.3). The log-only branch stays and the else keeps its reset ret = Ok(()) in the C++ place (s2-errors.md 2.3, 2.4 rule 1). The inner SQL result keeps ending with Err(OB_ITER_END), never an Option or a bool, until parity (s2-errors.md 2.4 rules 1 and 2; ARCHITECTURE.md section 17 default 6). Core unit (core-manifest.tsv:340): this form where the core keeps the function (RULEBOOK section 0).	sweep: ret-compare.tsv:644 (data row 643). Producer: result.next() in the loop condition at ob_schema_retrieve_utils.ipp:763; T is the inner SQL result, which every caller passes as *result (git grep -n 'ObSchemaRetrieveUtils::retrieve_' -- src/observer/schema/ob_schema_service_sql_impl.cpp); the inner SQL result's next: ObMySQLResult::next is pure virtual (src/oblib/common/mysqlclient/ob_mysql_result.h:1560), and ObInnerSQLResult::next answers OB_ITER_END once iter_end_ is set and passes on the result set's OB_ITER_END after the last row (src/observer/ob_inner_sql_result.cpp:207-208, :216-217). Holder: the local ret (ob_schema_retrieve_utils.ipp:758). Code's branch: the else resets ret (ob_schema_retrieve_utils.ipp:776), after which the column ids are assigned to the constraint (ob_schema_retrieve_utils.ipp:778-781); any other code is logged (ob_schema_retrieve_utils.ipp:774) and returned (ob_schema_retrieve_utils.ipp:782).	confirmed
src/observer/schema/ob_schema_retrieve_utils.ipp	ObSchemaRetrieveUtils::retrieve_recycle_object	line 799: ret != OB_ITER_END	END_OF_DATA	!matches!(ret, Err(OB_ITER_END)) on the local ret, an ObResult; the test puts the function in the local-ret form (s2-errors.md 2.3). The log-only branch stays and the else keeps its reset ret = Ok(()) in the C++ place (s2-errors.md 2.3, 2.4 rule 1). The inner SQL result keeps ending with Err(OB_ITER_END), never an Option or a bool, until parity (s2-errors.md 2.4 rules 1 and 2; ARCHITECTURE.md section 17 default 6). Core unit (core-manifest.tsv:340): this form where the core keeps the function (RULEBOOK section 0).	sweep: ret-compare.tsv:645 (data row 644). Producer: ret = result.next() in the loop condition at ob_schema_retrieve_utils.ipp:792; T is the inner SQL result, which every caller passes as *result (git grep -n 'ObSchemaRetrieveUtils::retrieve_' -- src/observer/schema/ob_schema_service_sql_impl.cpp); the inner SQL result's next: ObMySQLResult::next is pure virtual (src/oblib/common/mysqlclient/ob_mysql_result.h:1560), and ObInnerSQLResult::next answers OB_ITER_END once iter_end_ is set and passes on the result set's OB_ITER_END after the last row (src/observer/ob_inner_sql_result.cpp:207-208, :216-217). Holder: the local ret (ob_schema_retrieve_utils.ipp:789). Code's branch: the else resets ret (ob_schema_retrieve_utils.ipp:802); any other code is logged (ob_schema_retrieve_utils.ipp:800) and returned (ob_schema_retrieve_utils.ipp:804).	confirmed
src/observer/schema/ob_schema_retrieve_utils.ipp	ObSchemaRetrieveUtils::retrieve_role_grantee_map_schema	line 1311: ret != OB_ITER_END	END_OF_DATA	!matches!(ret, Err(OB_ITER_END)) on the local ret, an ObResult; the test puts the function in the local-ret form (s2-errors.md 2.3). The log-only branch stays and the else keeps its reset ret = Ok(()) in the C++ place (s2-errors.md 2.3, 2.4 rule 1). The inner SQL result keeps ending with Err(OB_ITER_END), never an Option or a bool, until parity (s2-errors.md 2.4 rules 1 and 2; ARCHITECTURE.md section 17 default 6). Core unit (core-manifest.tsv:340): this form where the core keeps the function (RULEBOOK section 0).	sweep: ret-compare.tsv:646 (data row 645). Producer: result.next() in the loop condition at ob_schema_retrieve_utils.ipp:1251; T is the inner SQL result, which every caller passes as *result (git grep -n 'ObSchemaRetrieveUtils::retrieve_' -- src/observer/schema/ob_schema_service_sql_impl.cpp); the inner SQL result's next: ObMySQLResult::next is pure virtual (src/oblib/common/mysqlclient/ob_mysql_result.h:1560), and ObInnerSQLResult::next answers OB_ITER_END once iter_end_ is set and passes on the result set's OB_ITER_END after the last row (src/observer/ob_inner_sql_result.cpp:207-208, :216-217). Holder: the local ret (ob_schema_retrieve_utils.ipp:1244). Code's branch: the else resets ret (ob_schema_retrieve_utils.ipp:1314); any other code is logged (ob_schema_retrieve_utils.ipp:1312) and returned (ob_schema_retrieve_utils.ipp:1316).	confirmed
src/observer/schema/ob_schema_retrieve_utils.ipp	ObSchemaRetrieveUtils::fill_trigger_schema	line 1726: ret == OB_ERR_NULL_VALUE	LOOKUP_OUTCOME	matches!(ret, Err(OB_ERR_NULL_VALUE)) on the local ret, an ObResult; the test puts the function in the local-ret form (s2-errors.md 2.3). The branch's reset ret = Ok(()) and its read of trigger_body_v2 stay in the C++ order (s2-errors.md 2.4 rule 1). The result-set column getter keeps answering OB_ERR_NULL_VALUE for a NULL cell, never an Option, until parity (s2-errors.md 2.4 rule 1). Core unit (core-manifest.tsv:341): this form where the core keeps the function (RULEBOOK section 0).	sweep: ret-compare.tsv:647 (data row 646). Producer: result.get_varchar("trigger_body", str_value) at ob_schema_retrieve_utils.ipp:1725, a column read by name; T is the inner SQL result, which every caller passes as *result (git grep -n 'ObSchemaRetrieveUtils::retrieve_' -- src/observer/schema/ob_schema_service_sql_impl.cpp); ObInnerSQLResult's by-name getter (DEF_GET_VALUE_BY_NAME, src/observer/ob_inner_sql_result.cpp:516) finds the column's index and calls the by-index getter (ob_inner_sql_result.cpp:501), whose check_extend_value answers OB_ERR_NULL_VALUE for a NULL cell (ob_inner_sql_result.cpp:314, :38-39); the by-name getter passes it on without a log (ob_inner_sql_result.cpp:502-503). Holder: the local ret (ob_schema_retrieve_utils.ipp:1699). Code's branch: a NULL trigger_body is not an error: ret is reset and the body is read from trigger_body_v2, whose code replaces ret (ob_schema_retrieve_utils.ipp:1727-1729); other codes are logged (ob_schema_retrieve_utils.ipp:1731).	confirmed
src/observer/schema/ob_schema_retrieve_utils.ipp	ObSchemaRetrieveUtils::retrieve_system_variable	line 1884: ret == OB_ERR_SYS_VARIABLE_UNKNOWN	RENAMED	matches!(ret, Err(OB_ERR_SYS_VARIABLE_UNKNOWN)) on the local ret, an ObResult; the test puts the function in the local-ret form (s2-errors.md 2.3). The rename ret = Err(OB_VERSION_NOT_MATCH) stays at the same place, never map_err (s2-errors.md 2.4 rule 3), followed by the log that every failure of the add gets. Core unit (core-manifest.tsv:341): this form where the core keeps the function (RULEBOOK section 0).	sweep: ret-compare.tsv:648 (data row 647). Producer: sys_variable_schema.add_sysvar_schema(sysvar_schema) at ob_schema_retrieve_utils.ipp:1883: ObSysVariableSchema::add_sysvar_schema sets OB_ERR_SYS_VARIABLE_UNKNOWN when the stored name is no known system variable (src/share/schema/ob_schema_struct.cpp:876-879) or when the variable's index comes from a different version (ob_schema_struct.cpp:880-884). Holder: the local ret (ob_schema_retrieve_utils.ipp:1869). Code's branch: ret = OB_VERSION_NOT_MATCH (ob_schema_retrieve_utils.ipp:1885); the WARN log at ob_schema_retrieve_utils.ipp:1887 runs for every failure of the add; the loop stops and ob_schema_retrieve_utils.ipp:1894-1895 log it (ret-compare.tsv:649). Escapes: retrieve_system_variable returns it (ob_schema_retrieve_utils.ipp:1899); its callers pass it on (src/observer/schema/ob_schema_service_sql_impl.cpp:1277, :1294), and git grep -n OB_VERSION_NOT_MATCH -- src/observer/schema src/share/schema finds only this rename.	confirmed
src/observer/schema/ob_schema_retrieve_utils.ipp	ObSchemaRetrieveUtils::retrieve_system_variable	line 1894: ret != OB_ITER_END	END_OF_DATA	!matches!(ret, Err(OB_ITER_END)) on the local ret, an ObResult; the test puts the function in the local-ret form (s2-errors.md 2.3). The log-only branch stays and the else keeps its reset ret = Ok(()) in the C++ place (s2-errors.md 2.3, 2.4 rule 1). The inner SQL result keeps ending with Err(OB_ITER_END), never an Option or a bool, until parity (s2-errors.md 2.4 rules 1 and 2; ARCHITECTURE.md section 17 default 6). Core unit (core-manifest.tsv:341): this form where the core keeps the function (RULEBOOK section 0).	sweep: ret-compare.tsv:649 (data row 648). Producer: result.next() in the loop condition at ob_schema_retrieve_utils.ipp:1874; T is the inner SQL result, which every caller passes as *result (git grep -n 'ObSchemaRetrieveUtils::retrieve_' -- src/observer/schema/ob_schema_service_sql_impl.cpp); the inner SQL result's next: ObMySQLResult::next is pure virtual (src/oblib/common/mysqlclient/ob_mysql_result.h:1560), and ObInnerSQLResult::next answers OB_ITER_END once iter_end_ is set and passes on the result set's OB_ITER_END after the last row (src/observer/ob_inner_sql_result.cpp:207-208, :216-217). Holder: the local ret (ob_schema_retrieve_utils.ipp:1869). Code's branch: the else resets ret (ob_schema_retrieve_utils.ipp:1897); any other code is logged (ob_schema_retrieve_utils.ipp:1895) and returned (ob_schema_retrieve_utils.ipp:1899).	confirmed
src/observer/schema/ob_schema_retrieve_utils.ipp	#define RETRIEVE_SCHEMA_FUNC_DEFINE	line 1960: ret != OB_ITER_END	END_OF_DATA	!matches!(ret, Err(OB_ITER_END)) on the local ret, an ObResult, inside the Rust form of RETRIEVE_SCHEMA_FUNC_DEFINE: the macro pastes the schema name into the function names it defines, so it is a lowercase macro_rules! defining retrieve_<SCHEMA>_schema, in the local-ret form (RULEBOOK 2.3, the function-like macro row; s2-errors.md 2.3). The log-only branch stays and the else keeps its reset ret = Ok(()) and log in the C++ place (s2-errors.md 2.3, 2.4 rule 1). The inner SQL result keeps ending with Err(OB_ITER_END), never an Option or a bool, until parity (s2-errors.md 2.4 rules 1 and 2; ARCHITECTURE.md section 17 default 6). Core unit (core-manifest.tsv:341): this form where the core keeps the function (RULEBOOK section 0).	sweep: ret-compare.tsv:650 (data row 649). Producer: ret = result.next() in the loop condition inside the macro body, ob_schema_retrieve_utils.ipp:1941, the call being in the body. T is the inner SQL result: the macro's uses (ob_schema_retrieve_utils.ipp:1969-1974) only define retrieve_user_schema, retrieve_database_schema, retrieve_outline_schema, retrieve_package_schema, retrieve_trigger_schema and retrieve_mock_fk_parent_table_schema, and every call of them (git grep -nwE 'retrieve_(user|database|outline|package|trigger|mock_fk_parent_table)_schema' 834bbee1e -- src) passes *result, the ObMySQLResult that res.get_result() returned (src/observer/schema/ob_schema_service_sql_impl.cpp:2260, :2993, :3240, :3316, :3368, :3708). The inner SQL result's next: ObMySQLResult::next is pure virtual (src/oblib/common/mysqlclient/ob_mysql_result.h:1560), and ObInnerSQLResult::next answers OB_ITER_END once iter_end_ is set and passes on the result set's OB_ITER_END after the last row (src/observer/ob_inner_sql_result.cpp:207-208, :216-217). Holder: the body's local ret (ob_schema_retrieve_utils.ipp:1936). Code's branch: the else resets ret and logs the schemas read (ob_schema_retrieve_utils.ipp:1963-1964); any other code is logged (ob_schema_retrieve_utils.ipp:1961) and returned (ob_schema_retrieve_utils.ipp:1966).	confirmed
src/observer/schema/ob_schema_retrieve_utils.ipp	ObSchemaRetrieveUtils::retrieve_routine_schema	line 2001: ret != OB_ITER_END	END_OF_DATA	!matches!(ret, Err(OB_ITER_END)) on the local ret, an ObResult; the test puts the function in the local-ret form (s2-errors.md 2.3). The log-only branch stays and the else keeps its reset ret = Ok(()) in the C++ place (s2-errors.md 2.3, 2.4 rule 1). The inner SQL result keeps ending with Err(OB_ITER_END), never an Option or a bool, until parity (s2-errors.md 2.4 rules 1 and 2; ARCHITECTURE.md section 17 default 6). Core unit (core-manifest.tsv:341): this form where the core keeps the function (RULEBOOK section 0).	sweep: ret-compare.tsv:651 (data row 650). Producer: ret = result.next() in the loop condition at ob_schema_retrieve_utils.ipp:1984; T is the inner SQL result, which every caller passes as *result (git grep -n 'ObSchemaRetrieveUtils::retrieve_' -- src/observer/schema/ob_schema_service_sql_impl.cpp); the inner SQL result's next: ObMySQLResult::next is pure virtual (src/oblib/common/mysqlclient/ob_mysql_result.h:1560), and ObInnerSQLResult::next answers OB_ITER_END once iter_end_ is set and passes on the result set's OB_ITER_END after the last row (src/observer/ob_inner_sql_result.cpp:207-208, :216-217). Holder: the local ret (ob_schema_retrieve_utils.ipp:1980). Code's branch: the else resets ret (ob_schema_retrieve_utils.ipp:2004-2005); any other code is logged (ob_schema_retrieve_utils.ipp:2002) and returned (ob_schema_retrieve_utils.ipp:2007).	confirmed
src/observer/schema/ob_schema_retrieve_utils.ipp	ObSchemaRetrieveUtils::retrieve_trigger_list	line 2030: ret == OB_ITER_END	END_OF_DATA	matches!(ret, Err(OB_ITER_END)) on the local ret, an ObResult; the test puts the function in the local-ret form (s2-errors.md 2.3). The reset ret = Ok(()) stays in the C++ place (s2-errors.md 2.4 rule 1). The inner SQL result keeps ending with Err(OB_ITER_END), never an Option or a bool, until parity (s2-errors.md 2.4 rules 1 and 2; ARCHITECTURE.md section 17 default 6). Core unit (core-manifest.tsv:341): this form where the core keeps the function (RULEBOOK section 0).	sweep: ret-compare.tsv:652 (data row 651). Producer: result.next() in the loop condition at ob_schema_retrieve_utils.ipp:2018; T is the inner SQL result, which every caller passes as *result (git grep -n 'ObSchemaRetrieveUtils::retrieve_' -- src/observer/schema/ob_schema_service_sql_impl.cpp); the inner SQL result's next: ObMySQLResult::next is pure virtual (src/oblib/common/mysqlclient/ob_mysql_result.h:1560), and ObInnerSQLResult::next answers OB_ITER_END once iter_end_ is set and passes on the result set's OB_ITER_END after the last row (src/observer/ob_inner_sql_result.cpp:207-208, :216-217). Holder: the local ret (ob_schema_retrieve_utils.ipp:2014). Code's branch: ret = OB_SUCCESS (ob_schema_retrieve_utils.ipp:2031); any other code is returned without a log (ob_schema_retrieve_utils.ipp:2033).	confirmed
src/observer/schema/ob_schema_retrieve_utils.ipp	ObSchemaRetrieveUtils::retrieve_routine_param_schema	line 2064: ret == OB_ITER_END	END_OF_DATA	matches!(ret, Err(OB_ITER_END)) on the local ret, an ObResult; the test puts the function in the local-ret form (s2-errors.md 2.3). The reset ret = Ok(()) stays in the C++ place (s2-errors.md 2.4 rule 1). The inner SQL result keeps ending with Err(OB_ITER_END), never an Option or a bool, until parity (s2-errors.md 2.4 rules 1 and 2; ARCHITECTURE.md section 17 default 6). Core unit (core-manifest.tsv:341): this form where the core keeps the function (RULEBOOK section 0).	sweep: ret-compare.tsv:653 (data row 652). Producer: result.next() in the loop condition at ob_schema_retrieve_utils.ipp:2047; T is the inner SQL result, which every caller passes as *result (git grep -n 'ObSchemaRetrieveUtils::retrieve_' -- src/observer/schema/ob_schema_service_sql_impl.cpp); the inner SQL result's next: ObMySQLResult::next is pure virtual (src/oblib/common/mysqlclient/ob_mysql_result.h:1560), and ObInnerSQLResult::next answers OB_ITER_END once iter_end_ is set and passes on the result set's OB_ITER_END after the last row (src/observer/ob_inner_sql_result.cpp:207-208, :216-217). Holder: the local ret (ob_schema_retrieve_utils.ipp:2040). Code's branch: ret = OB_SUCCESS (ob_schema_retrieve_utils.ipp:2065); any other code is returned without a log (ob_schema_retrieve_utils.ipp:2067).	confirmed
src/observer/schema/ob_schema_retrieve_utils.ipp	ObSchemaRetrieveUtils::retrieve_db_priv_schema	line 2096: ret != OB_ITER_END	END_OF_DATA	!matches!(ret, Err(OB_ITER_END)) on the local ret, an ObResult; the test puts the function in the local-ret form (s2-errors.md 2.3). The log-only branch stays and the else keeps its reset ret = Ok(()) in the C++ place (s2-errors.md 2.3, 2.4 rule 1). The inner SQL result keeps ending with Err(OB_ITER_END), never an Option or a bool, until parity (s2-errors.md 2.4 rules 1 and 2; ARCHITECTURE.md section 17 default 6). Core unit (core-manifest.tsv:341): this form where the core keeps the function (RULEBOOK section 0).	sweep: ret-compare.tsv:654 (data row 653). Producer: ret = result.next() in the loop condition at ob_schema_retrieve_utils.ipp:2079; T is the inner SQL result, which every caller passes as *result (git grep -n 'ObSchemaRetrieveUtils::retrieve_' -- src/observer/schema/ob_schema_service_sql_impl.cpp); the inner SQL result's next: ObMySQLResult::next is pure virtual (src/oblib/common/mysqlclient/ob_mysql_result.h:1560), and ObInnerSQLResult::next answers OB_ITER_END once iter_end_ is set and passes on the result set's OB_ITER_END after the last row (src/observer/ob_inner_sql_result.cpp:207-208, :216-217). Holder: the local ret (ob_schema_retrieve_utils.ipp:2074). Code's branch: the else resets ret (ob_schema_retrieve_utils.ipp:2099); any other code is logged (ob_schema_retrieve_utils.ipp:2097) and returned (ob_schema_retrieve_utils.ipp:2101).	confirmed
src/observer/schema/ob_schema_retrieve_utils.ipp	ObSchemaRetrieveUtils::retrieve_obj_priv_schema_inner	line 2144: ret != OB_ITER_END	END_OF_DATA	!matches!(ret, Err(OB_ITER_END)) on the local ret, an ObResult; the test puts the function in the local-ret form (s2-errors.md 2.3). The log-only branch stays and the else keeps its reset ret = Ok(()) in the C++ place (s2-errors.md 2.3, 2.4 rule 1). The inner SQL result keeps ending with Err(OB_ITER_END), never an Option or a bool, until parity (s2-errors.md 2.4 rules 1 and 2; ARCHITECTURE.md section 17 default 6). Core unit (core-manifest.tsv:341): this form where the core keeps the function (RULEBOOK section 0).	sweep: ret-compare.tsv:655 (data row 654). Producer: ret = result.next() in the loop condition at ob_schema_retrieve_utils.ipp:2118; T is the inner SQL result, which every caller passes as *result (git grep -n 'ObSchemaRetrieveUtils::retrieve_' -- src/observer/schema/ob_schema_service_sql_impl.cpp); the inner SQL result's next: ObMySQLResult::next is pure virtual (src/oblib/common/mysqlclient/ob_mysql_result.h:1560), and ObInnerSQLResult::next answers OB_ITER_END once iter_end_ is set and passes on the result set's OB_ITER_END after the last row (src/observer/ob_inner_sql_result.cpp:207-208, :216-217). Holder: the local ret (ob_schema_retrieve_utils.ipp:2108). Code's branch: the else resets ret (ob_schema_retrieve_utils.ipp:2147); any other code is logged (ob_schema_retrieve_utils.ipp:2145) and returned (ob_schema_retrieve_utils.ipp:2150).	confirmed
src/observer/schema/ob_schema_retrieve_utils.ipp	ObSchemaRetrieveUtils::retrieve_sys_priv_schema_inner	line 2196: ret != OB_ITER_END	END_OF_DATA	!matches!(ret, Err(OB_ITER_END)) on the local ret, an ObResult; the test puts the function in the local-ret form (s2-errors.md 2.3). The log-only branch stays and the else keeps its reset ret = Ok(()) in the C++ place (s2-errors.md 2.3, 2.4 rule 1). The inner SQL result keeps ending with Err(OB_ITER_END), never an Option or a bool, until parity (s2-errors.md 2.4 rules 1 and 2; ARCHITECTURE.md section 17 default 6). Core unit (core-manifest.tsv:341): this form where the core keeps the function (RULEBOOK section 0).	sweep: ret-compare.tsv:656 (data row 655). Producer: ret = result.next() in the loop condition at ob_schema_retrieve_utils.ipp:2167; T is the inner SQL result, which every caller passes as *result (git grep -n 'ObSchemaRetrieveUtils::retrieve_' -- src/observer/schema/ob_schema_service_sql_impl.cpp); the inner SQL result's next: ObMySQLResult::next is pure virtual (src/oblib/common/mysqlclient/ob_mysql_result.h:1560), and ObInnerSQLResult::next answers OB_ITER_END once iter_end_ is set and passes on the result set's OB_ITER_END after the last row (src/observer/ob_inner_sql_result.cpp:207-208, :216-217). Holder: the local ret (ob_schema_retrieve_utils.ipp:2157). Code's branch: the else resets ret (ob_schema_retrieve_utils.ipp:2199); any other code is logged (ob_schema_retrieve_utils.ipp:2197) and returned (ob_schema_retrieve_utils.ipp:2202).	confirmed
src/observer/schema/ob_schema_retrieve_utils.ipp	ObSchemaRetrieveUtils::retrieve_table_priv_schema	line 2287: ret != OB_ITER_END	END_OF_DATA	!matches!(ret, Err(OB_ITER_END)) on the local ret, an ObResult; the test puts the function in the local-ret form (s2-errors.md 2.3). The log-only branch stays and the else keeps its reset ret = Ok(()) in the C++ place (s2-errors.md 2.3, 2.4 rule 1). The inner SQL result keeps ending with Err(OB_ITER_END), never an Option or a bool, until parity (s2-errors.md 2.4 rules 1 and 2; ARCHITECTURE.md section 17 default 6). Core unit (core-manifest.tsv:341): this form where the core keeps the function (RULEBOOK section 0).	sweep: ret-compare.tsv:657 (data row 656). Producer: ret = result.next() in the loop condition at ob_schema_retrieve_utils.ipp:2270; T is the inner SQL result, which every caller passes as *result (git grep -n 'ObSchemaRetrieveUtils::retrieve_' -- src/observer/schema/ob_schema_service_sql_impl.cpp); the inner SQL result's next: ObMySQLResult::next is pure virtual (src/oblib/common/mysqlclient/ob_mysql_result.h:1560), and ObInnerSQLResult::next answers OB_ITER_END once iter_end_ is set and passes on the result set's OB_ITER_END after the last row (src/observer/ob_inner_sql_result.cpp:207-208, :216-217). Holder: the local ret (ob_schema_retrieve_utils.ipp:2265). Code's branch: the else resets ret (ob_schema_retrieve_utils.ipp:2290); any other code is logged (ob_schema_retrieve_utils.ipp:2288) and returned (ob_schema_retrieve_utils.ipp:2292).	confirmed
src/observer/schema/ob_schema_retrieve_utils.ipp	ObSchemaRetrieveUtils::retrieve_routine_priv_schema	line 2321: ret != OB_ITER_END	END_OF_DATA	!matches!(ret, Err(OB_ITER_END)) on the local ret, an ObResult; the test puts the function in the local-ret form (s2-errors.md 2.3). The log-only branch stays and the else keeps its reset ret = Ok(()) in the C++ place (s2-errors.md 2.3, 2.4 rule 1). The inner SQL result keeps ending with Err(OB_ITER_END), never an Option or a bool, until parity (s2-errors.md 2.4 rules 1 and 2; ARCHITECTURE.md section 17 default 6). Core unit (core-manifest.tsv:341): this form where the core keeps the function (RULEBOOK section 0).	sweep: ret-compare.tsv:658 (data row 657). Producer: ret = result.next() in the loop condition at ob_schema_retrieve_utils.ipp:2304; T is the inner SQL result, which every caller passes as *result (git grep -n 'ObSchemaRetrieveUtils::retrieve_' -- src/observer/schema/ob_schema_service_sql_impl.cpp); the inner SQL result's next: ObMySQLResult::next is pure virtual (src/oblib/common/mysqlclient/ob_mysql_result.h:1560), and ObInnerSQLResult::next answers OB_ITER_END once iter_end_ is set and passes on the result set's OB_ITER_END after the last row (src/observer/ob_inner_sql_result.cpp:207-208, :216-217). Holder: the local ret (ob_schema_retrieve_utils.ipp:2299). Code's branch: the else resets ret (ob_schema_retrieve_utils.ipp:2324); any other code is logged (ob_schema_retrieve_utils.ipp:2322) and returned (ob_schema_retrieve_utils.ipp:2326).	confirmed
src/observer/schema/ob_schema_retrieve_utils.ipp	ObSchemaRetrieveUtils::retrieve_column_priv_schema	line 2352: ret != OB_ITER_END	END_OF_DATA	!matches!(ret, Err(OB_ITER_END)) on the local ret, an ObResult; the test puts the function in the local-ret form (s2-errors.md 2.3). The log-only branch stays and the else keeps its reset ret = Ok(()) in the C++ place (s2-errors.md 2.3, 2.4 rule 1). The inner SQL result keeps ending with Err(OB_ITER_END), never an Option or a bool, until parity (s2-errors.md 2.4 rules 1 and 2; ARCHITECTURE.md section 17 default 6). Core unit (core-manifest.tsv:341): this form where the core keeps the function (RULEBOOK section 0).	sweep: ret-compare.tsv:659 (data row 658). Producer: ret = result.next() in the loop condition at ob_schema_retrieve_utils.ipp:2337; T is the inner SQL result, which every caller passes as *result (git grep -n 'ObSchemaRetrieveUtils::retrieve_' -- src/observer/schema/ob_schema_service_sql_impl.cpp); the inner SQL result's next: ObMySQLResult::next is pure virtual (src/oblib/common/mysqlclient/ob_mysql_result.h:1560), and ObInnerSQLResult::next answers OB_ITER_END once iter_end_ is set and passes on the result set's OB_ITER_END after the last row (src/observer/ob_inner_sql_result.cpp:207-208, :216-217). Holder: the local ret (ob_schema_retrieve_utils.ipp:2333). Code's branch: the else resets ret (ob_schema_retrieve_utils.ipp:2355); any other code is logged (ob_schema_retrieve_utils.ipp:2353) and returned (ob_schema_retrieve_utils.ipp:2357).	confirmed
src/observer/schema/ob_schema_retrieve_utils.ipp	ObSchemaRetrieveUtils::retrieve_obj_mysql_priv_schema	line 2441: ret != OB_ITER_END	END_OF_DATA	!matches!(ret, Err(OB_ITER_END)) on the local ret, an ObResult; the test puts the function in the local-ret form (s2-errors.md 2.3). The log-only branch stays and the else keeps its reset ret = Ok(()) in the C++ place (s2-errors.md 2.3, 2.4 rule 1). The inner SQL result keeps ending with Err(OB_ITER_END), never an Option or a bool, until parity (s2-errors.md 2.4 rules 1 and 2; ARCHITECTURE.md section 17 default 6). Core unit (core-manifest.tsv:341): this form where the core keeps the function (RULEBOOK section 0).	sweep: ret-compare.tsv:660 (data row 659). Producer: ret = result.next() in the loop condition at ob_schema_retrieve_utils.ipp:2424; T is the inner SQL result, which every caller passes as *result (git grep -n 'ObSchemaRetrieveUtils::retrieve_' -- src/observer/schema/ob_schema_service_sql_impl.cpp); the inner SQL result's next: ObMySQLResult::next is pure virtual (src/oblib/common/mysqlclient/ob_mysql_result.h:1560), and ObInnerSQLResult::next answers OB_ITER_END once iter_end_ is set and passes on the result set's OB_ITER_END after the last row (src/observer/ob_inner_sql_result.cpp:207-208, :216-217). Holder: the local ret (ob_schema_retrieve_utils.ipp:2419). Code's branch: the else resets ret (ob_schema_retrieve_utils.ipp:2444); any other code is logged (ob_schema_retrieve_utils.ipp:2442) and returned (ob_schema_retrieve_utils.ipp:2446).	confirmed
src/observer/schema/ob_schema_retrieve_utils.ipp	ObSchemaRetrieveUtils::fill_base_part_info	line 2831: ret == OB_ERR_NULL_VALUE	LOOKUP_OUTCOME	matches!(ret, Err(OB_ERR_NULL_VALUE)) on the local ret, an ObResult; the test puts the function in the local-ret form (s2-errors.md 2.3). The reset ret = Ok(()) stays in the C++ place and the else-if chain keeps its order (s2-errors.md 2.3, 2.4 rule 1). The result-set column getter keeps answering OB_ERR_NULL_VALUE for a NULL cell, never an Option, until parity (s2-errors.md 2.4 rule 1). Core unit (core-manifest.tsv:341): this form where the core keeps the function (RULEBOOK section 0).	sweep: ret-compare.tsv:661 (data row 660). Producer: ret = result.get_varchar("b_high_bound_val", bhigh_bound_val) at ob_schema_retrieve_utils.ipp:2830, a column read by name; T is the inner SQL result the retrieve functions pass on (ob_schema_retrieve_utils.ipp:2718, :2745, :2772); ObInnerSQLResult's by-name getter (DEF_GET_VALUE_BY_NAME, src/observer/ob_inner_sql_result.cpp:516) finds the column's index and calls the by-index getter (ob_inner_sql_result.cpp:501), whose check_extend_value answers OB_ERR_NULL_VALUE for a NULL cell (ob_inner_sql_result.cpp:314, :38-39); the by-name getter passes it on without a log (ob_inner_sql_result.cpp:502-503). Holder: the local ret (ob_schema_retrieve_utils.ipp:2804). Code's branch: ret = OB_SUCCESS (ob_schema_retrieve_utils.ipp:2832): a NULL bound leaves the partition's high bound unset; a value is parsed into it (ob_schema_retrieve_utils.ipp:2835).	confirmed
src/observer/schema/ob_schema_retrieve_utils.ipp	ObSchemaRetrieveUtils::fill_base_part_info	line 2841: ret == OB_ERR_NULL_VALUE	LOOKUP_OUTCOME	After ret = <the get_varchar call> (ob_schema_retrieve_utils.ipp:2840), the if / else-if chain over codes on ret at ob_schema_retrieve_utils.ipp:2841-2848 is match ret { Err(OB_ERR_NULL_VALUE) => { ret = Ok(()); } Err(_) => {} Ok(()) => { if ret.is_err() {} else if ob_fail!(ret = <the set_list_vector_values_with_hex_str call>) {} } } (s2-errors.md 2.3's table; RULEBOOK 2.1): the empty OB_SUCCESS != ret branch is the empty Err(_) arm (s2-errors.md 2.3: empty branches stay), and the else's FAILEDx is its expansion (src/oblib/lib/utility/ob_macro_utils.h:455). This row is its first arm, on the local ret, an ObResult, and the test puts the function in the local-ret form (s2-errors.md 2.3). The reset stays in the C++ place (s2-errors.md 2.4 rule 1). The result-set column getter keeps answering OB_ERR_NULL_VALUE for a NULL cell, never an Option, until parity (s2-errors.md 2.4 rule 1). Core unit (core-manifest.tsv:341): this form where the core keeps the function (RULEBOOK section 0).	sweep: ret-compare.tsv:662 (data row 661). Producer: ret = result.get_varchar("b_list_val", blist_val) at ob_schema_retrieve_utils.ipp:2840, a column read by name; T is the inner SQL result the retrieve functions pass on (ob_schema_retrieve_utils.ipp:2718, :2745, :2772); ObInnerSQLResult's by-name getter (DEF_GET_VALUE_BY_NAME, src/observer/ob_inner_sql_result.cpp:516) finds the column's index and calls the by-index getter (ob_inner_sql_result.cpp:501), whose check_extend_value answers OB_ERR_NULL_VALUE for a NULL cell (ob_inner_sql_result.cpp:314, :38-39); the by-name getter passes it on without a log (ob_inner_sql_result.cpp:502-503). Holder: the local ret (ob_schema_retrieve_utils.ipp:2804). Code's branch: ret = OB_SUCCESS (ob_schema_retrieve_utils.ipp:2842): a NULL list value leaves the partition's list values unset; a value is parsed into them (ob_schema_retrieve_utils.ipp:2846).	confirmed
src/observer/schema/ob_schema_retrieve_utils.ipp	ObSchemaRetrieveUtils::retrieve_aux_tables	line 2882: ret != OB_ITER_END	END_OF_DATA	!matches!(ret, Err(OB_ITER_END)) on the local ret, an ObResult; the test puts the function in the local-ret form (s2-errors.md 2.3). The log-only branch stays and the else keeps its reset ret = Ok(()) in the C++ place (s2-errors.md 2.3, 2.4 rule 1). The inner SQL result keeps ending with Err(OB_ITER_END), never an Option or a bool, until parity (s2-errors.md 2.4 rules 1 and 2; ARCHITECTURE.md section 17 default 6). Core unit (core-manifest.tsv:341): this form where the core keeps the function (RULEBOOK section 0).	sweep: ret-compare.tsv:663 (data row 662). Producer: ret = result.next() in the loop condition at ob_schema_retrieve_utils.ipp:2864; T is the inner SQL result, which every caller passes as *result (git grep -n 'ObSchemaRetrieveUtils::retrieve_' -- src/observer/schema/ob_schema_service_sql_impl.cpp); the inner SQL result's next: ObMySQLResult::next is pure virtual (src/oblib/common/mysqlclient/ob_mysql_result.h:1560), and ObInnerSQLResult::next answers OB_ITER_END once iter_end_ is set and passes on the result set's OB_ITER_END after the last row (src/observer/ob_inner_sql_result.cpp:207-208, :216-217). Holder: the local ret (ob_schema_retrieve_utils.ipp:2862). Code's branch: the else resets ret (ob_schema_retrieve_utils.ipp:2885); any other code is logged (ob_schema_retrieve_utils.ipp:2883) and returned (ob_schema_retrieve_utils.ipp:2887).	confirmed
src/observer/schema/ob_schema_retrieve_utils.ipp	ObSchemaRetrieveUtils::retrieve_schema_version	line 2910: ret != OB_ITER_END	END_OF_DATA	!matches!(ret, Err(OB_ITER_END)) on the local ret, an ObResult; the test puts the function in the local-ret form (s2-errors.md 2.3). The log-only branch stays and the else keeps its reset ret = Ok(()) in the C++ place (s2-errors.md 2.3, 2.4 rule 1). The inner SQL result keeps ending with Err(OB_ITER_END), never an Option or a bool, until parity (s2-errors.md 2.4 rules 1 and 2; ARCHITECTURE.md section 17 default 6). Core unit (core-manifest.tsv:341): this form where the core keeps the function (RULEBOOK section 0).	sweep: ret-compare.tsv:664 (data row 663). Producer: ret = result.next() in the loop condition at ob_schema_retrieve_utils.ipp:2897; T is the inner SQL result, which every caller passes as *result (git grep -n 'ObSchemaRetrieveUtils::retrieve_' -- src/observer/schema/ob_schema_service_sql_impl.cpp); the inner SQL result's next: ObMySQLResult::next is pure virtual (src/oblib/common/mysqlclient/ob_mysql_result.h:1560), and ObInnerSQLResult::next answers OB_ITER_END once iter_end_ is set and passes on the result set's OB_ITER_END after the last row (src/observer/ob_inner_sql_result.cpp:207-208, :216-217). Holder: the local ret (ob_schema_retrieve_utils.ipp:2894). Code's branch: the else resets ret (ob_schema_retrieve_utils.ipp:2913-2914); any other code is logged (ob_schema_retrieve_utils.ipp:2911) and returned (ob_schema_retrieve_utils.ipp:2916).	confirmed
src/observer/schema/ob_schema_retrieve_utils.ipp	ObSchemaRetrieveUtils::retrieve_mock_fk_parent_table_schema_column	line 2952: ret != OB_ITER_END	END_OF_DATA	!matches!(ret, Err(OB_ITER_END)) on the local ret, an ObResult; the test puts the function in the local-ret form (s2-errors.md 2.3). The log-only branch stays and the else keeps its reset ret = Ok(()) in the C++ place (s2-errors.md 2.3, 2.4 rule 1). The inner SQL result keeps ending with Err(OB_ITER_END), never an Option or a bool, until parity (s2-errors.md 2.4 rules 1 and 2; ARCHITECTURE.md section 17 default 6). Core unit (core-manifest.tsv:341): this form where the core keeps the function (RULEBOOK section 0).	sweep: ret-compare.tsv:665 (data row 664). Producer: result.next() in the loop condition at ob_schema_retrieve_utils.ipp:2941; T is the inner SQL result, which every caller passes as *result (git grep -n 'ObSchemaRetrieveUtils::retrieve_' -- src/observer/schema/ob_schema_service_sql_impl.cpp); the inner SQL result's next: ObMySQLResult::next is pure virtual (src/oblib/common/mysqlclient/ob_mysql_result.h:1560), and ObInnerSQLResult::next answers OB_ITER_END once iter_end_ is set and passes on the result set's OB_ITER_END after the last row (src/observer/ob_inner_sql_result.cpp:207-208, :216-217). Holder: the local ret (ob_schema_retrieve_utils.ipp:2935). Code's branch: the else resets ret (ob_schema_retrieve_utils.ipp:2955-2956); any other code is logged (ob_schema_retrieve_utils.ipp:2953) and returned (ob_schema_retrieve_utils.ipp:2958).	confirmed
src/observer/schema/ob_schema_retrieve_utils.ipp	ObSchemaRetrieveUtils::retrieve_foreign_key_info	line 2984: ret != OB_ITER_END	END_OF_DATA	!matches!(ret, Err(OB_ITER_END)) on the local ret, an ObResult; the test puts the function in the local-ret form (s2-errors.md 2.3). The log-only branch stays and the else keeps its reset ret = Ok(()) in the C++ place (s2-errors.md 2.3, 2.4 rule 1). The inner SQL result keeps ending with Err(OB_ITER_END), never an Option or a bool, until parity (s2-errors.md 2.4 rules 1 and 2; ARCHITECTURE.md section 17 default 6). Core unit (core-manifest.tsv:341): this form where the core keeps the function (RULEBOOK section 0).	sweep: ret-compare.tsv:666 (data row 665). Producer: result.next() in the loop condition at ob_schema_retrieve_utils.ipp:2970; T is the inner SQL result, which every caller passes as *result (git grep -n 'ObSchemaRetrieveUtils::retrieve_' -- src/observer/schema/ob_schema_service_sql_impl.cpp); the inner SQL result's next: ObMySQLResult::next is pure virtual (src/oblib/common/mysqlclient/ob_mysql_result.h:1560), and ObInnerSQLResult::next answers OB_ITER_END once iter_end_ is set and passes on the result set's OB_ITER_END after the last row (src/observer/ob_inner_sql_result.cpp:207-208, :216-217). Holder: the local ret (ob_schema_retrieve_utils.ipp:2965). Code's branch: the else resets ret (ob_schema_retrieve_utils.ipp:2987); any other code is logged (ob_schema_retrieve_utils.ipp:2985) and returned (ob_schema_retrieve_utils.ipp:2989).	confirmed
src/observer/schema/ob_schema_retrieve_utils.ipp	ObSchemaRetrieveUtils::retrieve_foreign_key_column_info	line 3016: ret != OB_ITER_END	END_OF_DATA	!matches!(ret, Err(OB_ITER_END)) on the local ret, an ObResult; the test puts the function in the local-ret form (s2-errors.md 2.3). The log-only branch stays and the else keeps its reset ret = Ok(()) in the C++ place (s2-errors.md 2.3, 2.4 rule 1). The inner SQL result keeps ending with Err(OB_ITER_END), never an Option or a bool, until parity (s2-errors.md 2.4 rules 1 and 2; ARCHITECTURE.md section 17 default 6). Core unit (core-manifest.tsv:341): this form where the core keeps the function (RULEBOOK section 0).	sweep: ret-compare.tsv:667 (data row 666). Producer: result.next() in the loop condition at ob_schema_retrieve_utils.ipp:3004; T is the inner SQL result, which every caller passes as *result (git grep -n 'ObSchemaRetrieveUtils::retrieve_' -- src/observer/schema/ob_schema_service_sql_impl.cpp); the inner SQL result's next: ObMySQLResult::next is pure virtual (src/oblib/common/mysqlclient/ob_mysql_result.h:1560), and ObInnerSQLResult::next answers OB_ITER_END once iter_end_ is set and passes on the result set's OB_ITER_END after the last row (src/observer/ob_inner_sql_result.cpp:207-208, :216-217). Holder: the local ret (ob_schema_retrieve_utils.ipp:2996). Code's branch: the else resets ret (ob_schema_retrieve_utils.ipp:3019); any other code is logged (ob_schema_retrieve_utils.ipp:3017) and returned (ob_schema_retrieve_utils.ipp:3021).	confirmed
src/observer/schema/ob_schema_retrieve_utils.ipp	ObSchemaRetrieveUtils::retrieve_simple_foreign_key_info	line 3109: ret != OB_ITER_END	END_OF_DATA	!matches!(ret, Err(OB_ITER_END)) on the local ret, an ObResult; the test puts the function in the local-ret form (s2-errors.md 2.3). The log-only branch stays and the else keeps its reset ret = Ok(()) in the C++ place (s2-errors.md 2.3, 2.4 rule 1). The inner SQL result keeps ending with Err(OB_ITER_END), never an Option or a bool, until parity (s2-errors.md 2.4 rules 1 and 2; ARCHITECTURE.md section 17 default 6). Core unit (core-manifest.tsv:341): this form where the core keeps the function (RULEBOOK section 0).	sweep: ret-compare.tsv:668 (data row 667). Producer: result.next() in the loop condition at ob_schema_retrieve_utils.ipp:3091; T is the inner SQL result, which every caller passes as *result (git grep -n 'ObSchemaRetrieveUtils::retrieve_' -- src/observer/schema/ob_schema_service_sql_impl.cpp); the inner SQL result's next: ObMySQLResult::next is pure virtual (src/oblib/common/mysqlclient/ob_mysql_result.h:1560), and ObInnerSQLResult::next answers OB_ITER_END once iter_end_ is set and passes on the result set's OB_ITER_END after the last row (src/observer/ob_inner_sql_result.cpp:207-208, :216-217). Holder: the local ret (ob_schema_retrieve_utils.ipp:3083). Code's branch: the else resets ret (ob_schema_retrieve_utils.ipp:3112-3113); any other code is logged (ob_schema_retrieve_utils.ipp:3110) and returned (ob_schema_retrieve_utils.ipp:3116).	confirmed
src/observer/schema/ob_schema_retrieve_utils.ipp	ObSchemaRetrieveUtils::retrieve_simple_constraint_info	line 3183: ret != OB_ITER_END	END_OF_DATA	!matches!(ret, Err(OB_ITER_END)) on the local ret, an ObResult; the test puts the function in the local-ret form (s2-errors.md 2.3). The log-only branch stays and the else keeps its reset ret = Ok(()) in the C++ place (s2-errors.md 2.3, 2.4 rule 1). The inner SQL result keeps ending with Err(OB_ITER_END), never an Option or a bool, until parity (s2-errors.md 2.4 rules 1 and 2; ARCHITECTURE.md section 17 default 6). Core unit (core-manifest.tsv:341): this form where the core keeps the function (RULEBOOK section 0).	sweep: ret-compare.tsv:669 (data row 668). Producer: result.next() in the loop condition at ob_schema_retrieve_utils.ipp:3161; T is the inner SQL result, which every caller passes as *result (git grep -n 'ObSchemaRetrieveUtils::retrieve_' -- src/observer/schema/ob_schema_service_sql_impl.cpp); the inner SQL result's next: ObMySQLResult::next is pure virtual (src/oblib/common/mysqlclient/ob_mysql_result.h:1560), and ObInnerSQLResult::next answers OB_ITER_END once iter_end_ is set and passes on the result set's OB_ITER_END after the last row (src/observer/ob_inner_sql_result.cpp:207-208, :216-217). Holder: the local ret (ob_schema_retrieve_utils.ipp:3151). Code's branch: the else resets ret (ob_schema_retrieve_utils.ipp:3186-3187); any other code is logged (ob_schema_retrieve_utils.ipp:3184) and returned (ob_schema_retrieve_utils.ipp:3190).	confirmed
src/observer/schema/ob_schema_retrieve_utils.ipp	ObSchemaRetrieveUtils::retrieve_object_list	line 3274: ret == OB_ITER_END	END_OF_DATA	matches!(ret, Err(OB_ITER_END)) on the local ret, an ObResult; the test puts the function in the local-ret form (s2-errors.md 2.3). The reset ret = Ok(()) stays in the C++ place (s2-errors.md 2.4 rule 1). The inner SQL result keeps ending with Err(OB_ITER_END), never an Option or a bool, until parity (s2-errors.md 2.4 rules 1 and 2; ARCHITECTURE.md section 17 default 6). Core unit (core-manifest.tsv:341): this form where the core keeps the function (RULEBOOK section 0).	sweep: ret-compare.tsv:670 (data row 669). Producer: result.next() in the loop condition at ob_schema_retrieve_utils.ipp:3262; T is the inner SQL result, which every caller passes as *result (git grep -n 'ObSchemaRetrieveUtils::retrieve_' -- src/observer/schema/ob_schema_service_sql_impl.cpp); the inner SQL result's next: ObMySQLResult::next is pure virtual (src/oblib/common/mysqlclient/ob_mysql_result.h:1560), and ObInnerSQLResult::next answers OB_ITER_END once iter_end_ is set and passes on the result set's OB_ITER_END after the last row (src/observer/ob_inner_sql_result.cpp:207-208, :216-217). Holder: the local ret (ob_schema_retrieve_utils.ipp:3258). Code's branch: ret = OB_SUCCESS (ob_schema_retrieve_utils.ipp:3275); any other code is returned without a log (ob_schema_retrieve_utils.ipp:3277).	confirmed
src/observer/schema/ob_schema_retrieve_utils.ipp	ObSchemaRetrieveUtils::retrieve_table_latest_schema_versions	line 3312: ret == OB_ITER_END	END_OF_DATA	matches!(ret, Err(OB_ITER_END)) on the local ret, an ObResult; the test puts the function in the local-ret form (s2-errors.md 2.3). The reset ret = Ok(()) and the else's log stay in the C++ place (s2-errors.md 2.3, 2.4 rule 1). The inner SQL result keeps ending with Err(OB_ITER_END), never an Option or a bool, until parity (s2-errors.md 2.4 rules 1 and 2; ARCHITECTURE.md section 17 default 6). Core unit (core-manifest.tsv:341): this form where the core keeps the function (RULEBOOK section 0).	sweep: ret-compare.tsv:671 (data row 670). Producer: result.next() in the loop condition at ob_schema_retrieve_utils.ipp:3298; T is the inner SQL result, which every caller passes as *result (git grep -n 'ObSchemaRetrieveUtils::retrieve_' -- src/observer/schema/ob_schema_service_sql_impl.cpp); the inner SQL result's next: ObMySQLResult::next is pure virtual (src/oblib/common/mysqlclient/ob_mysql_result.h:1560), and ObInnerSQLResult::next answers OB_ITER_END once iter_end_ is set and passes on the result set's OB_ITER_END after the last row (src/observer/ob_inner_sql_result.cpp:207-208, :216-217). Holder: the local ret (ob_schema_retrieve_utils.ipp:3295). Code's branch: ret = OB_SUCCESS (ob_schema_retrieve_utils.ipp:3313); any other code is logged (ob_schema_retrieve_utils.ipp:3315) and returned (ob_schema_retrieve_utils.ipp:3317).	confirmed
src/observer/schema/ob_schema_service_sql_impl.cpp	ObSchemaServiceSQLImpl::retrieve_schema_version	line 151: ret == OB_ITER_END	RENAMED	matches!(ret, Err(OB_ITER_END)) on the local ret, an ObResult; the test puts the function in the local-ret form (s2-errors.md 2.3). The rename ret = Err(OB_EMPTY_RESULT) and the empty else stay at the same place, never map_err (s2-errors.md 2.4 rule 3). The inner SQL result keeps ending with Err(OB_ITER_END), never an Option or a bool, until parity (s2-errors.md 2.4 rules 1 and 2; ARCHITECTURE.md section 17 default 6). Core unit (core-manifest.tsv:337): this form where the core keeps the function (RULEBOOK section 0).	sweep: ret-compare.tsv:672 (data row 671). Producer: result.next() at ob_schema_service_sql_impl.cpp:150, the first read; T is the inner SQL result fetch_schema_version passes (ob_schema_service_sql_impl.cpp:2568); the inner SQL result's next: ObMySQLResult::next is pure virtual (src/oblib/common/mysqlclient/ob_mysql_result.h:1560), and ObInnerSQLResult::next answers OB_ITER_END once iter_end_ is set and passes on the result set's OB_ITER_END after the last row (src/observer/ob_inner_sql_result.cpp:207-208, :216-217). Holder: the local ret (ob_schema_service_sql_impl.cpp:149). Code's branch: ret = OB_EMPTY_RESULT (ob_schema_service_sql_impl.cpp:152): the query returned no row. Escapes: fetch_schema_version returns it (ob_schema_service_sql_impl.cpp:2568, :2573), and its callers pass it on (src/share/schema/ob_server_schema_service.cpp:3133; src/rootserver/freeze/ob_major_merge_info_manager.cpp:205); git grep -n OB_EMPTY_RESULT over those two files finds no test of it.	confirmed
src/observer/schema/ob_schema_service_sql_impl.cpp	ObSchemaServiceSQLImpl::retrieve_schema_version	line 169: ret (assigned in the comparison) != OB_ITER_END	END_OF_DATA	The if condition is the block { ret = result.next(); !matches!(ret, Err(OB_ITER_END)) }, a test on an assignment, so the if-else keeps its branches (s2-errors.md 2.3; RULEBOOK 2.1, the test-on-an-assignment row), on the local ret in the local-ret form; the rename to OB_ERR_UNEXPECTED and the else's reset ret = Ok(()) stay as written (s2-errors.md 2.4 rules 1 and 3). The inner SQL result keeps ending with Err(OB_ITER_END), never an Option or a bool, until parity (s2-errors.md 2.4 rules 1 and 2; ARCHITECTURE.md section 17 default 6). Core unit (core-manifest.tsv:337): this form where the core keeps the function (RULEBOOK section 0).	sweep: ret-compare.tsv:673 (data row 672). Producer: result.next() assigned inside the comparison at ob_schema_service_sql_impl.cpp:169, the read after the one expected row; the inner SQL result's next: ObMySQLResult::next is pure virtual (src/oblib/common/mysqlclient/ob_mysql_result.h:1560), and ObInnerSQLResult::next answers OB_ITER_END once iter_end_ is set and passes on the result set's OB_ITER_END after the last row (src/observer/ob_inner_sql_result.cpp:207-208, :216-217). Holder: the local ret (ob_schema_service_sql_impl.cpp:149). Code's branch: the else resets ret (ob_schema_service_sql_impl.cpp:172): OB_ITER_END here means the query returned exactly one row; any other code, a second row included, becomes OB_ERR_UNEXPECTED (ob_schema_service_sql_impl.cpp:170).	confirmed
src/observer/schema/ob_schema_service_sql_impl.cpp	ObSchemaServiceSQLImpl::get_core_table_priorities	line 536: ret == OB_ITER_END	END_OF_DATA	matches!(ret, Err(OB_ITER_END)) on the local ret, an ObResult; the test puts the function in the local-ret form (s2-errors.md 2.3). The branch's reset ret = Ok(()) and break, and the empty else, stay in the C++ place (s2-errors.md 2.3, 2.4 rule 1). The core table proxy keeps ending with Err(OB_ITER_END), never an Option or a bool, until parity (s2-errors.md 2.4 rules 1 and 2). Core unit (core-manifest.tsv:337): this form where the core keeps the function (RULEBOOK section 0).	sweep: ret-compare.tsv:674 (data row 673). Producer: core_kv.next() at ob_schema_service_sql_impl.cpp:535, ObCoreTableProxy::next, which answers OB_ITER_END once its cursor has passed the last row it loaded (src/share/ob_core_table_proxy.cpp:444-445). Holder: the local ret (ob_schema_service_sql_impl.cpp:512). Code's branch: ret = OB_SUCCESS and break (ob_schema_service_sql_impl.cpp:537-538), ending the read of the core table's history rows; any other code leaves the loop through its condition and is returned (ob_schema_service_sql_impl.cpp:533, :592).	confirmed
src/observer/schema/ob_schema_service_sql_impl.cpp	ObSchemaServiceSQLImpl::get_core_table_columns	line 615: ret == OB_ITER_END	END_OF_DATA	matches!(ret, Err(OB_ITER_END)) on the local ret, an ObResult; the test puts the function in the local-ret form (s2-errors.md 2.3). The branch's reset ret = Ok(()) and break, and the empty else, stay in the C++ place (s2-errors.md 2.3, 2.4 rule 1). The core table proxy keeps ending with Err(OB_ITER_END), never an Option or a bool, until parity (s2-errors.md 2.4 rules 1 and 2). Core unit (core-manifest.tsv:337): this form where the core keeps the function (RULEBOOK section 0).	sweep: ret-compare.tsv:675 (data row 674). Producer: core_kv.next() at ob_schema_service_sql_impl.cpp:614, ObCoreTableProxy::next, which answers OB_ITER_END once its cursor has passed the last row it loaded (src/share/ob_core_table_proxy.cpp:444-445). Holder: the local ret (ob_schema_service_sql_impl.cpp:601). Code's branch: ret = OB_SUCCESS and break (ob_schema_service_sql_impl.cpp:616-617), ending the read of the core column rows; any other code leaves the loop through its condition (ob_schema_service_sql_impl.cpp:612) and is returned (ob_schema_service_sql_impl.cpp:681).	confirmed
src/observer/schema/ob_schema_service_sql_impl.cpp	ObSchemaServiceSQLImpl::fetch_sys_variable	line 1030: ret == OB_ENTRY_NOT_EXIST	LOOKUP_OUTCOME	matches!(ret, Err(OB_ENTRY_NOT_EXIST)) on the local ret, an ObResult; the test puts the function in the local-ret form (s2-errors.md 2.3). The branch's set_name_case_mode and reset ret = Ok(()) stay in the C++ order, and the empty else stays (s2-errors.md 2.3, 2.4 rule 1). The lookup keeps its codes, OB_ENTRY_NOT_EXIST for a deleted variable and OB_ITER_END for a missing one, as the C++ has them (s2-errors.md 2.4 rule 1). Core unit (core-manifest.tsv:337): this form where the core keeps the function (RULEBOOK section 0).	sweep: ret-compare.tsv:676 (data row 675). Producer: get_system_variable(..., lower_case_name, var_lower_case) at ob_schema_service_sql_impl.cpp:1028, get_system_variable (ob_schema_service_sql_impl.cpp:1066-1120), which reads the variable's rows by name from __all_sys_variable_history (ob_schema_service_sql_impl.cpp:1085-1094) and sets nothing itself on a miss: retrieve_system_variable_obj answers OB_ENTRY_NOT_EXIST when the newest row is marked deleted (src/observer/schema/ob_schema_retrieve_utils.ipp:1829-1830), while a name with no row returns the inner SQL result's OB_ITER_END (ob_schema_service_sql_impl.cpp:1093), because the rename to OB_ENTRY_NOT_EXIST at ob_schema_service_sql_impl.cpp:1111-1112 sits in a block that never runs (try_sys_variable is only ever false, ob_schema_service_sql_impl.cpp:1074, :1099). Holder: the local ret (ob_schema_service_sql_impl.cpp:1017). Code's branch: the name case mode defaults to OB_LOWERCASE_AND_INSENSITIVE and ret is reset (ob_schema_service_sql_impl.cpp:1031-1032); an OB_ITER_END (no row) goes through the empty else and is returned (ob_schema_service_sql_impl.cpp:1062).	confirmed
src/observer/schema/ob_schema_service_sql_impl.cpp	ObSchemaServiceSQLImpl::fetch_sys_variable	line 1048: ret == OB_ENTRY_NOT_EXIST	LOOKUP_OUTCOME	matches!(ret, Err(OB_ENTRY_NOT_EXIST)) on the local ret, an ObResult; the test puts the function in the local-ret form (s2-errors.md 2.3). The reset ret = Ok(()) and the empty else stay (s2-errors.md 2.3, 2.4 rule 1). The lookup keeps its codes as the C++ has them (s2-errors.md 2.4 rule 1). Core unit (core-manifest.tsv:337): this form where the core keeps the function (RULEBOOK section 0).	sweep: ret-compare.tsv:677 (data row 676). Producer: get_system_variable(..., read_only_name, var_read_only) at ob_schema_service_sql_impl.cpp:1046, get_system_variable (ob_schema_service_sql_impl.cpp:1066-1120), which reads the variable's rows by name from __all_sys_variable_history (ob_schema_service_sql_impl.cpp:1085-1094) and sets nothing itself on a miss: retrieve_system_variable_obj answers OB_ENTRY_NOT_EXIST when the newest row is marked deleted (src/observer/schema/ob_schema_retrieve_utils.ipp:1829-1830), while a name with no row returns the inner SQL result's OB_ITER_END (ob_schema_service_sql_impl.cpp:1093), because the rename to OB_ENTRY_NOT_EXIST at ob_schema_service_sql_impl.cpp:1111-1112 sits in a block that never runs (try_sys_variable is only ever false, ob_schema_service_sql_impl.cpp:1074, :1099). Holder: the local ret (ob_schema_service_sql_impl.cpp:1017). Code's branch: ret = OB_SUCCESS (ob_schema_service_sql_impl.cpp:1049): a deleted read_only variable leaves the default read-only flag; an OB_ITER_END (no row) goes through the empty else and is returned (ob_schema_service_sql_impl.cpp:1062).	confirmed
src/observer/schema/ob_schema_service_sql_impl.cpp	ObSchemaServiceSQLImpl::get_system_variable	line 1111: ret == OB_ITER_END	RENAMED	matches!(ret, Err(OB_ITER_END)) on the local ret, an ObResult; the test puts the function in the local-ret form (s2-errors.md 2.3). The rename ret = Err(OB_ENTRY_NOT_EXIST) and the empty else stay at the same place, never map_err (s2-errors.md 2.4 rule 3), inside the if (ret.is_ok() && try_sys_variable) block, which the Rust keeps although it never runs, since RULEBOOK section 0's list of removable statements does not name it. The inner SQL result keeps ending with Err(OB_ITER_END), never an Option or a bool, until parity (s2-errors.md 2.4 rules 1 and 2; ARCHITECTURE.md section 17 default 6). Core unit (core-manifest.tsv:337): this form where the core keeps the function (RULEBOOK section 0).	sweep: ret-compare.tsv:678 (data row 677). Producer: result->next() at ob_schema_service_sql_impl.cpp:1110, the first read of __all_sys_variable; the inner SQL result's next: ObMySQLResult::next is pure virtual (src/oblib/common/mysqlclient/ob_mysql_result.h:1560), and ObInnerSQLResult::next answers OB_ITER_END once iter_end_ is set and passes on the result set's OB_ITER_END after the last row (src/observer/ob_inner_sql_result.cpp:207-208, :216-217). Holder: the local ret (ob_schema_service_sql_impl.cpp:1073). Code's branch: ret = OB_ENTRY_NOT_EXIST (ob_schema_service_sql_impl.cpp:1112), so a missing variable would be reported as a missing entry. The block never runs: try_sys_variable is set only at its declaration, to false (ob_schema_service_sql_impl.cpp:1074), and read only by the guard at ob_schema_service_sql_impl.cpp:1099. Escapes: none while the block is dead; the callers test OB_ENTRY_NOT_EXIST (ob_schema_service_sql_impl.cpp:1030, :1048; ret-compare.tsv:676-677).	confirmed
src/observer/schema/ob_schema_service_sql_impl.cpp	ObSchemaServiceSQLImpl::get_increment_schema_operations	line 2470: ret != OB_ITER_END	END_OF_DATA	!matches!(ret, Err(OB_ITER_END)) on the local ret, an ObResult; the test puts the function in the local-ret form (s2-errors.md 2.3). The empty branch stays and the else keeps its reset ret = Ok(()) in the C++ place (s2-errors.md 2.3, 2.4 rule 1). The inner SQL result keeps ending with Err(OB_ITER_END), never an Option or a bool, until parity (s2-errors.md 2.4 rules 1 and 2; ARCHITECTURE.md section 17 default 6). Core unit (core-manifest.tsv:338): this form where the core keeps the function (RULEBOOK section 0).	sweep: ret-compare.tsv:679 (data row 678). Producer: ret = result->next() in the loop condition at ob_schema_service_sql_impl.cpp:2458; the inner SQL result's next: ObMySQLResult::next is pure virtual (src/oblib/common/mysqlclient/ob_mysql_result.h:1560), and ObInnerSQLResult::next answers OB_ITER_END once iter_end_ is set and passes on the result set's OB_ITER_END after the last row (src/observer/ob_inner_sql_result.cpp:207-208, :216-217). Holder: the local ret (ob_schema_service_sql_impl.cpp:2434). Code's branch: the else resets ret (ob_schema_service_sql_impl.cpp:2472): the DDL operations of the version range have all been read; any other code passes through the empty branch and is returned (ob_schema_service_sql_impl.cpp:2478).	confirmed
src/observer/schema/ob_schema_service_sql_impl.cpp	ObSchemaServiceSQLImpl::check_sys_schema_change	line 2522: ret == OB_ITER_END	END_OF_DATA	matches!(ret, Err(OB_ITER_END)) on the local ret, an ObResult; the test puts the function in the local-ret form (s2-errors.md 2.3). The branch's sys_schema_change = false and reset ret = Ok(()), and the empty else, stay in the C++ order (s2-errors.md 2.3, 2.4 rule 1). The inner SQL result keeps ending with Err(OB_ITER_END), never an Option or a bool, until parity (s2-errors.md 2.4 rules 1 and 2; ARCHITECTURE.md section 17 default 6). Core unit (core-manifest.tsv:338): this form where the core keeps the function (RULEBOOK section 0).	sweep: ret-compare.tsv:680 (data row 679). Producer: result->next() at ob_schema_service_sql_impl.cpp:2521, the first read of a SELECT 1 over the DDL operations on the system tables (ob_schema_service_sql_impl.cpp:2501-2512); the inner SQL result's next: ObMySQLResult::next is pure virtual (src/oblib/common/mysqlclient/ob_mysql_result.h:1560), and ObInnerSQLResult::next answers OB_ITER_END once iter_end_ is set and passes on the result set's OB_ITER_END after the last row (src/observer/ob_inner_sql_result.cpp:207-208, :216-217). The producer's end of rows answers an existence question here: no row means no system table changed. Holder: the local ret (ob_schema_service_sql_impl.cpp:2489). Code's branch: sys_schema_change = false and ret = OB_SUCCESS (ob_schema_service_sql_impl.cpp:2523-2524); a row sets sys_schema_change = true (ob_schema_service_sql_impl.cpp:2528).	confirmed
src/observer/schema/ob_schema_service_sql_impl.cpp	ObSchemaServiceSQLImpl::fetch_sys_variable_version	line 3489: ret != OB_ITER_END	END_OF_DATA	!matches!(ret, Err(OB_ITER_END)) on the local ret, an ObResult; the test puts the function in the local-ret form (s2-errors.md 2.3). The rename of the other codes to OB_ERR_UNEXPECTED and the empty else stay as written (s2-errors.md 2.3, 2.4 rules 1 and 3), so OB_ITER_END is returned as in C++. The inner SQL result keeps ending with Err(OB_ITER_END), never an Option or a bool, until parity (s2-errors.md 2.4 rules 1 and 2; ARCHITECTURE.md section 17 default 6). Core unit (core-manifest.tsv:338): this form where the core keeps the function (RULEBOOK section 0).	sweep: ret-compare.tsv:681 (data row 680). Producer: result->next() at ob_schema_service_sql_impl.cpp:3488, the first read of a SELECT max(schema_version) (ob_schema_service_sql_impl.cpp:3477-3480); the inner SQL result's next: ObMySQLResult::next is pure virtual (src/oblib/common/mysqlclient/ob_mysql_result.h:1560), and ObInnerSQLResult::next answers OB_ITER_END once iter_end_ is set and passes on the result set's OB_ITER_END after the last row (src/observer/ob_inner_sql_result.cpp:207-208, :216-217). Holder: the local ret (ob_schema_service_sql_impl.cpp:3471). Code's branch: the empty else (ob_schema_service_sql_impl.cpp:3491-3492) keeps OB_ITER_END, and the function returns it (ob_schema_service_sql_impl.cpp:3502) with fetch_schema_version still OB_INVALID_VERSION (ob_schema_service_sql_impl.cpp:3475). Escapes: both callers (git grep -nw fetch_sys_variable_version 834bbee1e -- src) pass it on (ob_schema_service_sql_impl.cpp:1005, :1263).	confirmed
src/observer/schema/ob_schema_service_sql_impl.cpp	ObSchemaServiceSQLImpl::construct_recycle_table_object	line 4643: ret != OB_ITER_END	END_OF_DATA	!matches!(ret, Err(OB_ITER_END)) on the local ret, an ObResult; the test puts the function in the local-ret form (s2-errors.md 2.3). The empty branch stays and the else keeps its reset ret = Ok(()) in the C++ place (s2-errors.md 2.3, 2.4 rule 1), inside the block the if (true || ...) guard never lets run, which the Rust keeps since RULEBOOK section 0's list of removable statements does not name it. The inner SQL result keeps ending with Err(OB_ITER_END), never an Option or a bool, until parity (s2-errors.md 2.4 rules 1 and 2; ARCHITECTURE.md section 17 default 6). Core unit (core-manifest.tsv:339): this form where the core keeps the function (RULEBOOK section 0).	sweep: ret-compare.tsv:682 (data row 681). Producer: result->next() at ob_schema_service_sql_impl.cpp:4642, the read after the one expected row; the inner SQL result's next: ObMySQLResult::next is pure virtual (src/oblib/common/mysqlclient/ob_mysql_result.h:1560), and ObInnerSQLResult::next answers OB_ITER_END once iter_end_ is set and passes on the result set's OB_ITER_END after the last row (src/observer/ob_inner_sql_result.cpp:207-208, :216-217). Holder: the local ret (ob_schema_service_sql_impl.cpp:4597). Code's branch: the else resets ret (ob_schema_service_sql_impl.cpp:4645): exactly one row was found; a second row becomes OB_ERR_UNEXPECTED (ob_schema_service_sql_impl.cpp:4648). The site cannot run: the guard at ob_schema_service_sql_impl.cpp:4605-4609 opens with true, so the function sets OB_NOT_INIT when check_inner_stat() fails (ob_schema_service_sql_impl.cpp:4603-4604) and OB_INVALID_ARGUMENT otherwise (ob_schema_service_sql_impl.cpp:4609), and never reaches the query.	confirmed
src/observer/schema/ob_schema_service_sql_impl.cpp	ObSchemaServiceSQLImpl::construct_recycle_database_object	line 4704: ret != OB_ITER_END	END_OF_DATA	!matches!(ret, Err(OB_ITER_END)) on the local ret, an ObResult; the test puts the function in the local-ret form (s2-errors.md 2.3). The empty branch stays and the else keeps its reset ret = Ok(()) in the C++ place (s2-errors.md 2.3, 2.4 rule 1), inside the block the if (true || ...) guard never lets run, which the Rust keeps since RULEBOOK section 0's list of removable statements does not name it. The inner SQL result keeps ending with Err(OB_ITER_END), never an Option or a bool, until parity (s2-errors.md 2.4 rules 1 and 2; ARCHITECTURE.md section 17 default 6). Core unit (core-manifest.tsv:339): this form where the core keeps the function (RULEBOOK section 0).	sweep: ret-compare.tsv:683 (data row 682). Producer: result->next() at ob_schema_service_sql_impl.cpp:4703, the read after the one expected row; the inner SQL result's next: ObMySQLResult::next is pure virtual (src/oblib/common/mysqlclient/ob_mysql_result.h:1560), and ObInnerSQLResult::next answers OB_ITER_END once iter_end_ is set and passes on the result set's OB_ITER_END after the last row (src/observer/ob_inner_sql_result.cpp:207-208, :216-217). Holder: the local ret (ob_schema_service_sql_impl.cpp:4663). Code's branch: the else resets ret (ob_schema_service_sql_impl.cpp:4706): exactly one row was found; a second row becomes OB_ERR_UNEXPECTED (ob_schema_service_sql_impl.cpp:4709). The site cannot run: the guard at ob_schema_service_sql_impl.cpp:4669-4673 opens with true, so the function always sets OB_INVALID_ARGUMENT.	confirmed
src/observer/schema/ob_schema_service_sql_impl.cpp	ObSchemaServiceSQLImpl::get_ori_schema_version	line 4939: tmp_ret (assigned in the comparison) != OB_ITER_END	END_OF_DATA	The else-if condition is the block { tmp_ret = result.next(); !matches!(tmp_ret, Err(OB_ITER_END)) }, a test on an assignment, so the chain keeps its branches (s2-errors.md 2.3; RULEBOOK 2.1, the test-on-an-assignment row); tmp_ret is its own ObResult local (s2-errors.md 2.4 rule 4). The inner SQL result keeps ending with Err(OB_ITER_END), never an Option or a bool, until parity (s2-errors.md 2.4 rules 1 and 2; ARCHITECTURE.md section 17 default 6). Core unit (core-manifest.tsv:339): this form where the core keeps the function (RULEBOOK section 0).	sweep: ret-compare.tsv:684 (data row 683). Producer: result->next() assigned inside the comparison at ob_schema_service_sql_impl.cpp:4939, the read after the one expected row; the inner SQL result's next: ObMySQLResult::next is pure virtual (src/oblib/common/mysqlclient/ob_mysql_result.h:1560), and ObInnerSQLResult::next answers OB_ITER_END once iter_end_ is set and passes on the result set's OB_ITER_END after the last row (src/observer/ob_inner_sql_result.cpp:207-208, :216-217). Holder: the local tmp_ret (ob_schema_service_sql_impl.cpp:4936). Code's branch: nothing runs: ret keeps the success of the read of the one row, and tmp_ret dies unread; any other code becomes ret, OB_ERR_UNEXPECTED for a second row (ob_schema_service_sql_impl.cpp:4940). Also sweep: tmp-ret.tsv:432 (the same line): the same producer and the same Rust.	confirmed
src/observer/schema/ob_schema_service_sql_impl.cpp	ObSchemaServiceSQLImpl::get_schema_version_by_timestamp	line 5275: ret == OB_ITER_END	RENAMED	matches!(ret, Err(OB_ITER_END)) on the local ret, an ObResult; the test puts the function in the local-ret form (s2-errors.md 2.3). The branch's nested test and its rename ret = Err(OB_EAGAIN), or reset ret = Ok(()), stay as the C++ writes them, never map_err (s2-errors.md 2.4 rules 1 and 3). The inner SQL result keeps ending with Err(OB_ITER_END), never an Option or a bool, until parity (s2-errors.md 2.4 rules 1 and 2; ARCHITECTURE.md section 17 default 6). Core unit (core-manifest.tsv:339): this form where the core keeps the function (RULEBOOK section 0).	sweep: ret-compare.tsv:685 (data row 684). Producer: result->next() in the loop condition at ob_schema_service_sql_impl.cpp:5261; the inner SQL result's next: ObMySQLResult::next is pure virtual (src/oblib/common/mysqlclient/ob_mysql_result.h:1560), and ObInnerSQLResult::next answers OB_ITER_END once iter_end_ is set and passes on the result set's OB_ITER_END after the last row (src/observer/ob_inner_sql_result.cpp:207-208, :216-217). Holder: the local ret (ob_schema_service_sql_impl.cpp:5238). Code's branch: when no formal schema version was read (an empty __all_ddl_operation or an informal max), ret = OB_EAGAIN (ob_schema_service_sql_impl.cpp:5276-5280), the new code; otherwise ret is reset (ob_schema_service_sql_impl.cpp:5282). OB_ITER_END is never reported. Escapes: ObMultiVersionSchemaService::get_schema_version_by_timestamp passes it on (src/share/schema/ob_multi_version_schema_service.cpp:1621), and so does the change stream fetcher (src/observer/change_stream/ob_change_stream_fetcher.cpp:158).	confirmed
src/observer/schema/ob_schema_service_sql_impl.cpp	ObSchemaServiceSQLImpl::retrieve_schema_id_with_name_	line 5484: ret == OB_ITER_END	END_OF_DATA	matches!(ret, Err(OB_ITER_END)) on the local ret, an ObResult; the test puts the function in the local-ret form (s2-errors.md 2.3). The branch's reset ret = Ok(()) and break, and the empty else, stay in the C++ place (s2-errors.md 2.3, 2.4 rule 1). The inner SQL result keeps ending with Err(OB_ITER_END), never an Option or a bool, until parity (s2-errors.md 2.4 rules 1 and 2; ARCHITECTURE.md section 17 default 6). Core unit (core-manifest.tsv:339): this form where the core keeps the function (RULEBOOK section 0).	sweep: ret-compare.tsv:686 (data row 685). Producer: result->next() at ob_schema_service_sql_impl.cpp:5483, in the read loop; the inner SQL result's next: ObMySQLResult::next is pure virtual (src/oblib/common/mysqlclient/ob_mysql_result.h:1560), and ObInnerSQLResult::next answers OB_ITER_END once iter_end_ is set and passes on the result set's OB_ITER_END after the last row (src/observer/ob_inner_sql_result.cpp:207-208, :216-217). Holder: the local ret (ob_schema_service_sql_impl.cpp:5466). Code's branch: ret = OB_SUCCESS and break (ob_schema_service_sql_impl.cpp:5485-5486), ending the read of the ids matching the name; any other code leaves the loop through its condition and is returned (ob_schema_service_sql_impl.cpp:5503).	confirmed
src/observer/schema/ob_schema_service_sql_impl.cpp	ObSchemaServiceSQLImpl::get_table_id	line 5659: ret == OB_ITER_END	END_OF_DATA	matches!(ret, Err(OB_ITER_END)) on the local ret, an ObResult; the test puts the function in the local-ret form (s2-errors.md 2.3). The branch's reset ret = Ok(()) and break, and the empty else, stay in the C++ place (s2-errors.md 2.3, 2.4 rule 1). The inner SQL result keeps ending with Err(OB_ITER_END), never an Option or a bool, until parity (s2-errors.md 2.4 rules 1 and 2; ARCHITECTURE.md section 17 default 6). Core unit (core-manifest.tsv:339): this form where the core keeps the function (RULEBOOK section 0).	sweep: ret-compare.tsv:687 (data row 686). Producer: result->next() at ob_schema_service_sql_impl.cpp:5658, in the read loop; the inner SQL result's next: ObMySQLResult::next is pure virtual (src/oblib/common/mysqlclient/ob_mysql_result.h:1560), and ObInnerSQLResult::next answers OB_ITER_END once iter_end_ is set and passes on the result set's OB_ITER_END after the last row (src/observer/ob_inner_sql_result.cpp:207-208, :216-217). Holder: the local ret (ob_schema_service_sql_impl.cpp:5590). Code's branch: ret = OB_SUCCESS and break (ob_schema_service_sql_impl.cpp:5660-5661), ending the read of the candidate tables; any other code leaves the loop through its condition and is returned (ob_schema_service_sql_impl.cpp:5712).	confirmed
src/observer/schema/ob_schema_service_sql_impl.cpp	ObSchemaServiceSQLImpl::get_constraint_id	line 5844: ret == OB_ITER_END	END_OF_DATA	matches!(ret, Err(OB_ITER_END)) on the local ret, an ObResult; the test puts the function in the local-ret form (s2-errors.md 2.3). The branch's reset ret = Ok(()) and break, and the empty else, stay in the C++ place (s2-errors.md 2.3, 2.4 rule 1). The inner SQL result keeps ending with Err(OB_ITER_END), never an Option or a bool, until parity (s2-errors.md 2.4 rules 1 and 2; ARCHITECTURE.md section 17 default 6). Core unit (core-manifest.tsv:339): this form where the core keeps the function (RULEBOOK section 0).	sweep: ret-compare.tsv:688 (data row 687). Producer: result->next() at ob_schema_service_sql_impl.cpp:5843, in the read loop; the inner SQL result's next: ObMySQLResult::next is pure virtual (src/oblib/common/mysqlclient/ob_mysql_result.h:1560), and ObInnerSQLResult::next answers OB_ITER_END once iter_end_ is set and passes on the result set's OB_ITER_END after the last row (src/observer/ob_inner_sql_result.cpp:207-208, :216-217). Holder: the local ret (ob_schema_service_sql_impl.cpp:5811). Code's branch: ret = OB_SUCCESS and break (ob_schema_service_sql_impl.cpp:5845-5846), ending the read of the constraints of the name; any other code leaves the loop through its condition and is returned (ob_schema_service_sql_impl.cpp:5875).	confirmed
src/observer/schema/ob_schema_service_sql_impl.cpp	ObSchemaServiceSQLImpl::get_foreign_key_id	line 5917: ret == OB_ITER_END	END_OF_DATA	matches!(ret, Err(OB_ITER_END)) on the local ret, an ObResult; the test puts the function in the local-ret form (s2-errors.md 2.3). The branch's reset ret = Ok(()) and break, and the empty else, stay in the C++ place (s2-errors.md 2.3, 2.4 rule 1). The inner SQL result keeps ending with Err(OB_ITER_END), never an Option or a bool, until parity (s2-errors.md 2.4 rules 1 and 2; ARCHITECTURE.md section 17 default 6). Core unit (core-manifest.tsv:339): this form where the core keeps the function (RULEBOOK section 0).	sweep: ret-compare.tsv:689 (data row 688). Producer: result->next() at ob_schema_service_sql_impl.cpp:5916, in the read loop; the inner SQL result's next: ObMySQLResult::next is pure virtual (src/oblib/common/mysqlclient/ob_mysql_result.h:1560), and ObInnerSQLResult::next answers OB_ITER_END once iter_end_ is set and passes on the result set's OB_ITER_END after the last row (src/observer/ob_inner_sql_result.cpp:207-208, :216-217). Holder: the local ret (ob_schema_service_sql_impl.cpp:5884). Code's branch: ret = OB_SUCCESS and break (ob_schema_service_sql_impl.cpp:5918-5919), ending the read of the foreign keys of the name; any other code leaves the loop through its condition and is returned (ob_schema_service_sql_impl.cpp:5945).	confirmed
src/observer/schema/ob_schema_service_sql_impl.cpp	ObSchemaServiceSQLImpl::get_routine_id	line 6030: ret == OB_ITER_END	END_OF_DATA	matches!(ret, Err(OB_ITER_END)) on the local ret, an ObResult; the test puts the function in the local-ret form (s2-errors.md 2.3). The branch's reset ret = Ok(()) and break, and the empty else, stay in the C++ place (s2-errors.md 2.3, 2.4 rule 1). The inner SQL result keeps ending with Err(OB_ITER_END), never an Option or a bool, until parity (s2-errors.md 2.4 rules 1 and 2; ARCHITECTURE.md section 17 default 6). Core unit (core-manifest.tsv:339): this form where the core keeps the function (RULEBOOK section 0).	sweep: ret-compare.tsv:690 (data row 689). Producer: result->next() at ob_schema_service_sql_impl.cpp:6029, in the read loop; the inner SQL result's next: ObMySQLResult::next is pure virtual (src/oblib/common/mysqlclient/ob_mysql_result.h:1560), and ObInnerSQLResult::next answers OB_ITER_END once iter_end_ is set and passes on the result set's OB_ITER_END after the last row (src/observer/ob_inner_sql_result.cpp:207-208, :216-217). Holder: the local ret (ob_schema_service_sql_impl.cpp:5996). Code's branch: ret = OB_SUCCESS and break (ob_schema_service_sql_impl.cpp:6031-6032), ending the read of the routines of the name; any other code leaves the loop through its condition and is returned (ob_schema_service_sql_impl.cpp:6055).	confirmed
src/observer/schema/ob_schema_service_sql_impl.cpp	ObSchemaServiceSQLImpl::get_table_schema_versions	line 6125: ret == OB_ITER_END	END_OF_DATA	matches!(ret, Err(OB_ITER_END)) on the local ret, an ObResult; the test puts the function in the local-ret form (s2-errors.md 2.3). The branch's reset ret = Ok(()) and break, and the empty else, stay in the C++ place (s2-errors.md 2.3, 2.4 rule 1). The inner SQL result keeps ending with Err(OB_ITER_END), never an Option or a bool, until parity (s2-errors.md 2.4 rules 1 and 2; ARCHITECTURE.md section 17 default 6). Core unit (core-manifest.tsv:339): this form where the core keeps the function (RULEBOOK section 0).	sweep: ret-compare.tsv:691 (data row 690). Producer: result->next() at ob_schema_service_sql_impl.cpp:6124, in the read loop; the inner SQL result's next: ObMySQLResult::next is pure virtual (src/oblib/common/mysqlclient/ob_mysql_result.h:1560), and ObInnerSQLResult::next answers OB_ITER_END once iter_end_ is set and passes on the result set's OB_ITER_END after the last row (src/observer/ob_inner_sql_result.cpp:207-208, :216-217). Holder: the local ret (ob_schema_service_sql_impl.cpp:6063). Code's branch: ret = OB_SUCCESS and break (ob_schema_service_sql_impl.cpp:6126-6127), ending the read of the table schema versions; any other code leaves the loop through its condition and is returned (ob_schema_service_sql_impl.cpp:6141).	confirmed
src/observer/schema/ob_schema_service_sql_impl.cpp	ObSchemaServiceSQLImpl::get_mock_fk_parent_table_schema_versions	line 6180: ret == OB_ITER_END	END_OF_DATA	matches!(ret, Err(OB_ITER_END)) on the local ret, an ObResult; the test puts the function in the local-ret form (s2-errors.md 2.3). The branch's reset ret = Ok(()) and break, and the empty else, stay in the C++ place (s2-errors.md 2.3, 2.4 rule 1). The inner SQL result keeps ending with Err(OB_ITER_END), never an Option or a bool, until parity (s2-errors.md 2.4 rules 1 and 2; ARCHITECTURE.md section 17 default 6). Core unit (core-manifest.tsv:339): this form where the core keeps the function (RULEBOOK section 0).	sweep: ret-compare.tsv:692 (data row 691). Producer: result->next() at ob_schema_service_sql_impl.cpp:6179, in the read loop; the inner SQL result's next: ObMySQLResult::next is pure virtual (src/oblib/common/mysqlclient/ob_mysql_result.h:1560), and ObInnerSQLResult::next answers OB_ITER_END once iter_end_ is set and passes on the result set's OB_ITER_END after the last row (src/observer/ob_inner_sql_result.cpp:207-208, :216-217). Holder: the local ret (ob_schema_service_sql_impl.cpp:6149). Code's branch: ret = OB_SUCCESS and break (ob_schema_service_sql_impl.cpp:6181-6182), ending the read of the mock parent table schema versions; any other code leaves the loop through its condition and is returned (ob_schema_service_sql_impl.cpp:6195).	confirmed
src/observer/schema/ob_schema_service_sql_impl.cpp	ObSchemaServiceSQLImpl::get_table_index_infos	line 6246: ret == OB_ITER_END	END_OF_DATA	matches!(ret, Err(OB_ITER_END)) on the local ret, an ObResult; the test puts the function in the local-ret form (s2-errors.md 2.3). The branch's reset ret = Ok(()) and break, and the empty else, stay in the C++ place (s2-errors.md 2.3, 2.4 rule 1). The inner SQL result keeps ending with Err(OB_ITER_END), never an Option or a bool, until parity (s2-errors.md 2.4 rules 1 and 2; ARCHITECTURE.md section 17 default 6). Core unit (core-manifest.tsv:339): this form where the core keeps the function (RULEBOOK section 0).	sweep: ret-compare.tsv:693 (data row 692). Producer: result->next() at ob_schema_service_sql_impl.cpp:6245, in the read loop; the inner SQL result's next: ObMySQLResult::next is pure virtual (src/oblib/common/mysqlclient/ob_mysql_result.h:1560), and ObInnerSQLResult::next answers OB_ITER_END once iter_end_ is set and passes on the result set's OB_ITER_END after the last row (src/observer/ob_inner_sql_result.cpp:207-208, :216-217). Holder: the local ret (ob_schema_service_sql_impl.cpp:6205). Code's branch: ret = OB_SUCCESS and break (ob_schema_service_sql_impl.cpp:6247-6248), ending the read of the index infos; any other code leaves the loop through its condition and is returned (ob_schema_service_sql_impl.cpp:6266).	confirmed
src/observer/vector_index/ob_hybrid_vector_refresh_task.cpp	ObHybridVectorRefreshTask::prepare_for_task	line 220: ret == OB_HASH_NOT_EXIST	RENAMED	matches!(ret, Err(OB_HASH_NOT_EXIST)) on the local ret, an ObResult; the test puts the function in the local-ret form (s2-errors.md 2.3). The rename ret = Err(OB_EAGAIN) and its log stay at the same place, never map_err (s2-errors.md 2.4 rule 3). The adapter maps stay ObHashMap ports answering OB_HASH_NOT_EXIST (s2-errors.md 2.4 rule 2).	sweep: ret-compare.tsv:694 (data row 693). Producer: vec_idx_mgr_->get_adapter_inst_guard(tablet_id, adp_guard) at ob_hybrid_vector_refresh_task.cpp:219: get_adapter_inst_ looks the tablet up in the partial adapter map, then in the complete one, and returns the complete map's OB_HASH_NOT_EXIST (src/observer/vector_index/ob_plugin_vector_index_service.cpp:204, :226-240), an ObHashMap<ObTabletID, ObPluginVectorIndexAdaptor *> (src/observer/vector_index/ob_plugin_vector_index_scheduler.h:442) that answers OB_HASH_NOT_EXIST for a miss (src/oblib/lib/hash/ob_hashtable.h:1131). Holder: the local ret (ob_hybrid_vector_refresh_task.cpp:214). Code's branch: ret = OB_EAGAIN with an INFO log (ob_hybrid_vector_refresh_task.cpp:221-222): no adapter yet, the task must wait. Escapes: do_work stores it in the task status under the context lock and returns it (ob_hybrid_vector_refresh_task.cpp:164, :202-203, :209); the executor puts a task whose code is in the DDL retry white list back to prepare (src/observer/vector_index/ob_vector_index_i_task_executor.cpp:269-276), OB_EAGAIN among them (src/share/ob_ddl_task_executor.h:88).	confirmed
src/observer/vector_index/ob_hybrid_vector_refresh_task.cpp	ObHybridVectorRefreshTask::prepare_for_embedding	line 483: other variable task_ctx->task_status_.last_error_code_ == OB_TRY_LOCK_ROW_CONFLICT	OTHER	Q1's conservative translation (RULEBOOK 2.10, the UNKNOWN rule): last_error_code_ keeps its C++ type, i64, and the test is written as the C++ promotes it, task_ctx.task_status_.last_error_code_ == i64::from(OB_TRY_LOCK_ROW_CONFLICT.code()), in the else-if chain of the local-ret form (s2-errors.md 2.3); the branch's batch shrink and retry-count reset stay as the C++ writes them (RULEBOOK section 0, Keep the control flow), under the marker // TODO(port): ret-compare Q1: which form tests a code held in the int64_t last_error_code_, whose default -1 is no code, and which Rust integer does it keep? (src/observer/vector_index/ob_hybrid_vector_refresh_task.cpp:483)	sweep: ret-compare.tsv:695 (data row 694). Producer: when the executor sets a task back to prepare, it copies ret_code_ into last_error_code_: a retried task's code, one of the DDL retry white list (which holds OB_TRY_LOCK_ROW_CONFLICT, src/share/ob_ddl_task_executor.h:65, :92) with retries left (src/observer/vector_index/ob_vector_index_i_task_executor.cpp:269-275), or OB_SUCCESS for an embedding task that is not all finished (ob_vector_index_i_task_executor.cpp:287-289), so the field holds -1, 0 or a code. ret_code_ is the previous run's ret, stored by do_work (ob_hybrid_vector_refresh_task.cpp:203), so OB_TRY_LOCK_ROW_CONFLICT is a row-lock conflict of that run's writes to the index tables (for example ob_hybrid_vector_refresh_task.cpp:954); not traced into storage. Holder: task_ctx->task_status_.last_error_code_, an int64_t (src/observer/vector_index/ob_vector_index_async_task_util.h:96) that starts as VEC_ASYNC_TASK_DEFAULT_ERR_CODE, -1, which is no catalog code (ob_vector_index_async_task_util.h:39, :111), so it holds a value that is not a code and stays an integer (s2-errors.md 2.2 rule 5): Q1. Code's branch: when the batch is above its minimum, retry_time_ is reset and batch_cnt_ quartered, down to MIN_BATCH_CNT (ob_hybrid_vector_refresh_task.cpp:484-487), so the next retries write smaller batches. Question: which form tests a code held in an int64_t field that also holds the non-code -1, and does the field stay int64_t?	unknown
src/observer/vector_index/ob_hybrid_vector_refresh_task.cpp	ObHybridVectorRefreshTask::prepare_for_embedding	line 501: ret != OB_ITER_END	END_OF_DATA	!matches!(ret, Err(OB_ITER_END)) on the local ret, an ObResult; the test puts the function in the local-ret form (s2-errors.md 2.3). The empty branch stays (s2-errors.md 2.3); OB_ITER_END ends the loop through its condition and the reset after it (ret-compare.tsv:697) as in C++. The scan iterator keeps ending with Err(OB_ITER_END), never an Option or a bool, until parity (s2-errors.md 2.4 rules 1 and 2; ARCHITECTURE.md section 17 default 6).	sweep: ret-compare.tsv:696 (data row 695). Producer: tsc_iter->get_next_row(datum_row) at ob_hybrid_vector_refresh_task.cpp:500, tsc_iter being the ObTableScanIterator of the delta buffer scan (ob_hybrid_vector_refresh_task.cpp:467-478); ObTableScanIterator::get_next_row answers OB_ITER_END when it has no main iterator and passes on the main iterator's OB_ITER_END after the last row (src/storage/access/ob_table_scan_iterator.cpp:603-604, :610-611). Holder: the local ret (ob_hybrid_vector_refresh_task.cpp:437). Code's branch: nothing; the loop condition ends the batch (ob_hybrid_vector_refresh_task.cpp:497) and ob_hybrid_vector_refresh_task.cpp:529-531 reset the code (ret-compare.tsv:697).	confirmed
src/observer/vector_index/ob_hybrid_vector_refresh_task.cpp	ObHybridVectorRefreshTask::prepare_for_embedding	line 529: ret == OB_ITER_END	END_OF_DATA	matches!(ret, Err(OB_ITER_END)) on the local ret, an ObResult; the test puts the function in the local-ret form (s2-errors.md 2.3). The reset ret = Ok(()) stays in the C++ place (s2-errors.md 2.4 rule 1). The scan iterator keeps ending with Err(OB_ITER_END), never an Option or a bool, until parity (s2-errors.md 2.4 rules 1 and 2; ARCHITECTURE.md section 17 default 6).	sweep: ret-compare.tsv:697 (data row 696). Producer: tsc_iter->get_next_row(datum_row) at ob_hybrid_vector_refresh_task.cpp:500, the delta buffer scan; ObTableScanIterator::get_next_row answers OB_ITER_END when it has no main iterator and passes on the main iterator's OB_ITER_END after the last row (src/storage/access/ob_table_scan_iterator.cpp:603-604, :610-611). Holder: the local ret (ob_hybrid_vector_refresh_task.cpp:437). Code's branch: ret = OB_SUCCESS (ob_hybrid_vector_refresh_task.cpp:530): the delta rows are all read; the batch then goes on to drop deleted vids and start the embedding (ob_hybrid_vector_refresh_task.cpp:532-581). A batch that stopped at batch_cnt_ rows reaches this test with OB_SUCCESS.	confirmed
src/observer/vector_index/ob_hybrid_vector_refresh_task.cpp	ObHybridVectorRefreshTask::prepare_index_id_data	line 663: ret != OB_ITER_END	END_OF_DATA	!matches!(ret, Err(OB_ITER_END)) on the local ret, an ObResult; the test puts the function in the local-ret form (s2-errors.md 2.3). The empty branch stays (s2-errors.md 2.3); OB_ITER_END ends the loop and is reset after it (ret-compare.tsv:699) as in C++. The value-row iterator keeps ending with Err(OB_ITER_END), never an Option or a bool, until parity (s2-errors.md 2.4 rule 1).	sweep: ret-compare.tsv:698 (data row 697). Producer: delta_iter.get_next_row(datum_row) at ob_hybrid_vector_refresh_task.cpp:662, delta_iter being the task context's delta_delete_iter_ (ob_hybrid_vector_refresh_task.cpp:653), an ObValueRowIterator: ObValueRowIterator::get_next_row, which answers OB_ITER_END once its cursor has passed the rows added to it (src/storage/ob_value_row_iterator.cpp:121-124). Holder: the local ret (ob_hybrid_vector_refresh_task.cpp:646). Code's branch: nothing; the loop condition ends the loop (ob_hybrid_vector_refresh_task.cpp:660) and ob_hybrid_vector_refresh_task.cpp:698-700 reset the code (ret-compare.tsv:699).	confirmed
src/observer/vector_index/ob_hybrid_vector_refresh_task.cpp	ObHybridVectorRefreshTask::prepare_index_id_data	line 698: ret == OB_ITER_END	END_OF_DATA	matches!(ret, Err(OB_ITER_END)) on the local ret, an ObResult; the test puts the function in the local-ret form (s2-errors.md 2.3). The reset ret = Ok(()) stays in the C++ place (s2-errors.md 2.4 rule 1). The value-row iterator keeps ending with Err(OB_ITER_END), never an Option or a bool, until parity (s2-errors.md 2.4 rule 1).	sweep: ret-compare.tsv:699 (data row 698). Producer: delta_iter.get_next_row(datum_row) at ob_hybrid_vector_refresh_task.cpp:662, an ObValueRowIterator: ObValueRowIterator::get_next_row, which answers OB_ITER_END once its cursor has passed the rows added to it (src/storage/ob_value_row_iterator.cpp:121-124). Holder: the local ret (ob_hybrid_vector_refresh_task.cpp:646). Code's branch: ret = OB_SUCCESS (ob_hybrid_vector_refresh_task.cpp:699), after which delta_iter is reset (ob_hybrid_vector_refresh_task.cpp:701).	confirmed
src/observer/vector_index/ob_hybrid_vector_refresh_task.cpp	ObHybridVectorRefreshTask::delete_embedded_table	line 745: ret != OB_ITER_END	END_OF_DATA	!matches!(ret, Err(OB_ITER_END)) on the local ret, an ObResult; the test puts the function in the local-ret form (s2-errors.md 2.3). The empty branch stays and the else keeps its scan_finish = true and reset ret = Ok(()) in the C++ order (s2-errors.md 2.3, 2.4 rule 1). The scan iterator keeps ending with Err(OB_ITER_END), never an Option or a bool, until parity (s2-errors.md 2.4 rules 1 and 2; ARCHITECTURE.md section 17 default 6).	sweep: ret-compare.tsv:700 (data row 699). Producer: table_scan_iter->get_next_row(datum_row) at ob_hybrid_vector_refresh_task.cpp:744, the scan of the embedded table (ob_hybrid_vector_refresh_task.cpp:724-738); ObTableScanIterator::get_next_row answers OB_ITER_END when it has no main iterator and passes on the main iterator's OB_ITER_END after the last row (src/storage/access/ob_table_scan_iterator.cpp:603-604, :610-611). Holder: the local ret (ob_hybrid_vector_refresh_task.cpp:709). Code's branch: the else sets scan_finish and resets ret (ob_hybrid_vector_refresh_task.cpp:747-748), ending the scan loop (ob_hybrid_vector_refresh_task.cpp:739); any other code leaves the loop through its condition.	confirmed
src/observer/vector_index/ob_hybrid_vector_refresh_task.cpp	ObHybridVectorRefreshTask::after_embedding	line 871: ret != OB_ITER_END	RENAMED	!matches!(ret, Err(OB_ITER_END)) on the local ret, an ObResult; the test puts the function in the local-ret form (s2-errors.md 2.3). The empty branch stays and the else keeps its rename ret = Err(OB_ERR_UNEXPECTED) at the same place, never map_err (s2-errors.md 2.3, 2.4 rule 3). The scan iterator keeps ending with Err(OB_ITER_END), never an Option or a bool, until parity (s2-errors.md 2.4 rules 1 and 2; ARCHITECTURE.md section 17 default 6).	sweep: ret-compare.tsv:701 (data row 700). Producer: table_scan_iter->get_next_row(vid_rowkey_datum) at ob_hybrid_vector_refresh_task.cpp:870, after the scan was set to one vid's key range and rescanned (ob_hybrid_vector_refresh_task.cpp:866-867): here the end of rows means the vid-rowkey table has no row for the vid; ObTableScanIterator::get_next_row answers OB_ITER_END when it has no main iterator and passes on the main iterator's OB_ITER_END after the last row (src/storage/access/ob_table_scan_iterator.cpp:603-604, :610-611). Holder: the local ret (ob_hybrid_vector_refresh_task.cpp:786). Code's branch: the else sets ret = OB_ERR_UNEXPECTED (ob_hybrid_vector_refresh_task.cpp:873), the new code, so OB_ITER_END is never reported. Escapes: after_embedding returns it (do_work, ob_hybrid_vector_refresh_task.cpp:180), and do_work stores it in the task status under the context lock and returns it (ob_hybrid_vector_refresh_task.cpp:202-203, :209).	confirmed
src/observer/vector_index/ob_hybrid_vector_refresh_task.cpp	ObHybridVectorRefreshTask::after_embedding	line 912: ret != OB_ITER_END	END_OF_DATA	!matches!(ret, Err(OB_ITER_END)) on the local ret, an ObResult; the test puts the function in the local-ret form (s2-errors.md 2.3). The empty branch stays and the else keeps its reset ret = Ok(()) in the C++ place (s2-errors.md 2.3, 2.4 rule 1). The scan iterator keeps ending with Err(OB_ITER_END), never an Option or a bool, until parity (s2-errors.md 2.4 rules 1 and 2; ARCHITECTURE.md section 17 default 6).	sweep: ret-compare.tsv:702 (data row 701). Producer: embedded_table_scan_iter->get_next_row(datum_row) at ob_hybrid_vector_refresh_task.cpp:911, after the scan was set to one rowkey and rescanned (ob_hybrid_vector_refresh_task.cpp:907-908); the producer's end of rows is a point-lookup miss here: the embedded table has no row for the key; ObTableScanIterator::get_next_row answers OB_ITER_END when it has no main iterator and passes on the main iterator's OB_ITER_END after the last row (src/storage/access/ob_table_scan_iterator.cpp:603-604, :610-611). Holder: the local ret (ob_hybrid_vector_refresh_task.cpp:786). Code's branch: the else resets ret (ob_hybrid_vector_refresh_task.cpp:914), so no updated row is added for the vid (ob_hybrid_vector_refresh_task.cpp:916-920 are skipped) and the loop goes on to the next vid.	confirmed
src/observer/vector_index/ob_ivf_async_task.cpp	ObIvfAsyncTask::delete_deprecated_cache	line 31: ret != OB_HASH_NOT_EXIST	LOOKUP_OUTCOME	!matches!(ret, Err(OB_HASH_NOT_EXIST)) on the local ret, an ObResult; the test puts the function in the local-ret form (s2-errors.md 2.3). The empty branch stays and the else keeps its reset ret = Ok(()) (s2-errors.md 2.3, 2.4 rule 1). The map stays an ObHashMap port whose get_refactored, set_refactored and erase_refactored answer OB_HASH_NOT_EXIST and OB_HASH_EXIST, and OB_NOT_INIT for a map never created, never an Option or a bool, until parity (s2-errors.md 2.4 rules 1 and 2).	sweep: ret-compare.tsv:703 (data row 702). Producer: index_mgr->erase_ivf_cache_mgr(tablet_id) at ob_ivf_async_task.cpp:30, which passes on the map's erase code through an empty test (src/observer/vector_index/ob_plugin_vector_index_service.cpp:1265-1267); the map is an IvfCacheMgrMap, an ObHashMap (src/observer/vector_index/ob_plugin_vector_index_service.h:106), whose erase answers OB_HASH_NOT_EXIST for a missing key (src/oblib/lib/hash/ob_hashtable.h:1379). Holder: the local ret (ob_ivf_async_task.cpp:28). Code's branch: the else resets ret, commented as already removed (ob_ivf_async_task.cpp:32-33).	confirmed
src/observer/vector_index/ob_ivf_async_task_executor.cpp	ObIvfAsyncTaskExector::LoadTaskCallback::is_cache_mgr_deprecated	line 39: ret != OB_TABLET_NOT_EXIST	LOOKUP_OUTCOME	!matches!(ret, Err(OB_TABLET_NOT_EXIST)) on the local ret, an ObResult; the test puts the function in the local-ret form (s2-errors.md 2.3). The empty branch stays and the else keeps its reset ret = Ok(()) and is_deprecated = true in the C++ order (s2-errors.md 2.3, 2.4 rule 1). The tablet lookup keeps its C++ code, never an Option or a bool, until parity (s2-errors.md 2.4 rule 1).	sweep: ret-compare.tsv:704 (data row 703). Producer: ls_->get_tablet_svr()->get_tablet(cache_mgr.get_cache_mgr_key(), tablet_handle) at ob_ivf_async_task_executor.cpp:38, ObLSTabletService::get_tablet (src/storage/ls/ob_ls_tablet_service.cpp:408-429), which turns the meta memory manager's miss for the tablet's map key into OB_TABLET_NOT_EXIST (src/storage/tablet/ob_tablet_create_delete_helper.cpp:74, :77-78). Holder: the local ret (ob_ivf_async_task_executor.cpp:30). Code's branch: ret = OB_SUCCESS and is_deprecated = true (ob_ivf_async_task_executor.cpp:41-42): the tablet moved from this log stream, so its cache manager is deprecated.	confirmed
src/observer/vector_index/ob_ivf_async_task_executor.cpp	ObIvfAsyncTaskExector::get_tablet_ids_by_ls	line 240: ret == OB_TABLET_NOT_EXIST	LOOKUP_OUTCOME	After ret = <the get_tablet call> (ob_ivf_async_task_executor.cpp:236), the if / else-if chain over codes on ret at ob_ivf_async_task_executor.cpp:237-244 is match ret { Ok(()) => { <the push_back test as the C++ writes it> } Err(OB_TABLET_NOT_EXIST) => { ret = Ok(()); } _ => {} } (s2-errors.md 2.3's table; RULEBOOK 2.1), the last arm empty like the C++ else (s2-errors.md 2.3: empty branches stay); this row is its second arm, on the local ret, an ObResult, and the test puts the function in the local-ret form (s2-errors.md 2.3). The reset stays in the C++ place (s2-errors.md 2.4 rule 1). The tablet lookup keeps its C++ code until parity (s2-errors.md 2.4 rule 1).	sweep: ret-compare.tsv:705 (data row 704). Producer: ret = ls_->get_tablet_svr()->get_tablet(tmp_tablet_id_array.at(i), tablet_handle) at ob_ivf_async_task_executor.cpp:236, the tablet lookup of ObLSTabletService::get_tablet (src/storage/ls/ob_ls_tablet_service.cpp:408-429; src/storage/tablet/ob_tablet_create_delete_helper.cpp:77-78). Holder: the local ret (ob_ivf_async_task_executor.cpp:227). Code's branch: ret = OB_SUCCESS (ob_ivf_async_task_executor.cpp:242): a tablet not in this log stream is left out of tablet_id_array. The loop has no success guard (ob_ivf_async_task_executor.cpp:235), so the next lookup overwrites ret in any case.	confirmed
src/observer/vector_index/ob_ivf_async_task_executor.cpp	ObIvfAsyncTaskExector::generate_aux_table_info_map	line 334: ret != OB_HASH_NOT_EXIST	LOOKUP_OUTCOME	!matches!(ret, Err(OB_HASH_NOT_EXIST)) on the local ret, an ObResult; the test puts the function in the local-ret form (s2-errors.md 2.3). The empty branch stays and the else keeps its reset ret = Ok(()) and the data_table_id_ store in the C++ order (s2-errors.md 2.3, 2.4 rule 1). The map stays an ObHashMap port whose get_refactored, set_refactored and erase_refactored answer OB_HASH_NOT_EXIST and OB_HASH_EXIST, and OB_NOT_INIT for a map never created, never an Option or a bool, until parity (s2-errors.md 2.4 rules 1 and 2).	sweep: ret-compare.tsv:706 (data row 705). Producer: aux_table_info_map.get_refactored(key, cur_aux_table_info) at ob_ivf_async_task_executor.cpp:333, an ObIvfAuxTableInfoMap, which is an ObHashMap (src/observer/vector_index/ob_ivf_async_task_executor.h:73-74), that answers OB_HASH_NOT_EXIST for a miss (src/oblib/lib/hash/ob_hashtable.h:1131). Holder: the local ret (ob_ivf_async_task_executor.cpp:310). Code's branch: ret = OB_SUCCESS and the new entry takes the index's data table id (ob_ivf_async_task_executor.cpp:336-337); the entry is then filled and inserted with overwrite (ob_ivf_async_task_executor.cpp:342-345).	confirmed
src/observer/vector_index/ob_ivf_async_task_executor.cpp	ObIvfAsyncTaskExector::generate_aux_table_info_map	line 352: tmp_ret != OB_HASH_NOT_EXIST	LOOKUP_OUTCOME	!matches!(tmp_ret, Err(OB_HASH_NOT_EXIST)) on the local tmp_ret, its own ObResult (s2-errors.md 2.4 rule 4), with the ob_fail!(tmp_ret = ..) of OB_TMP_FAIL before it (s2-errors.md 2.3 table), in the local-ret form; the empty branch stays (s2-errors.md 2.3). The map stays an ObHashMap port whose get_refactored, set_refactored and erase_refactored answer OB_HASH_NOT_EXIST and OB_HASH_EXIST, and OB_NOT_INIT for a map never created, never an Option or a bool, until parity (s2-errors.md 2.4 rules 1 and 2).	sweep: ret-compare.tsv:707 (data row 706). Producer: aux_table_info_map.erase_refactored(key) at ob_ivf_async_task_executor.cpp:351, an ObHashMap (src/observer/vector_index/ob_ivf_async_task_executor.h:73-74) whose erase answers OB_HASH_NOT_EXIST for a missing key (src/oblib/lib/hash/ob_hashtable.h:1379): the failed entry was never inserted. Holder: the local tmp_ret (ob_ivf_async_task_executor.cpp:350). Code's branch: nothing; tmp_ret dies unread and ret keeps the failure that led to the cleanup (ob_ivf_async_task_executor.cpp:348). The empty test for other codes (ob_ivf_async_task_executor.cpp:352-353) logs nothing either.	confirmed
src/observer/vector_index/ob_plugin_vector_index_adaptor.cpp	ObVectorQueryAdaptorResultContext::init_bitmaps	line 227: ret == OB_ALLOCATE_MEMORY_FAILED	OUT_OF_MEMORY	Kept as written: the test and its branch unchanged (s2-errors.md 2.4 rule 9; s3-memory.md 3.5, the row on comparisons with OB_ALLOCATE_MEMORY_FAILED). The test is matches!(ret, Err(OB_ALLOCATE_MEMORY_FAILED)) on the local ret in the else-if after the null test (s2-errors.md 2.3), and its branch clears insert_bitmap_ as the C++ writes it.	sweep: ret-compare.tsv:708 (data row 707). Producer: CROARING_TRY_CATCH(bitmaps->insert_bitmap_ = roaring64_bitmap_create()) at ob_plugin_vector_index_adaptor.cpp:224. -4013 reaches ret only from CROARING_TRY_CATCH, which turns a std::bad_alloc thrown through CRoaring into OB_ALLOCATE_MEMORY_FAILED (src/share/roaringbitmap/ob_rb_memory_mgr.h:30-38); the Rust CRoaring hook never refuses, so that catch has no counterpart and the code can no longer arrive (s7-islands-unsafe.md 7.4, the CRoaring paragraph): allocation-guard. Holder: the local ret (ob_plugin_vector_index_adaptor.cpp:210). Code's branch: insert_bitmap_ = nullptr (ob_plugin_vector_index_adaptor.cpp:228); ret keeps -4013 and the failure path frees the bitmaps (ob_plugin_vector_index_adaptor.cpp:237-250). Also sweep: oom-sites.tsv:22 (the same line).	confirmed
src/observer/vector_index/ob_plugin_vector_index_adaptor.cpp	ObVectorQueryAdaptorResultContext::init_bitmaps	line 233: ret == OB_ALLOCATE_MEMORY_FAILED	OUT_OF_MEMORY	Kept as written: the test and its branch unchanged (s2-errors.md 2.4 rule 9; s3-memory.md 3.5, the row on comparisons with OB_ALLOCATE_MEMORY_FAILED). The test is matches!(ret, Err(OB_ALLOCATE_MEMORY_FAILED)) on the local ret in the else-if after the null test (s2-errors.md 2.3), and its branch clears delete_bitmap_ as the C++ writes it.	sweep: ret-compare.tsv:709 (data row 708). Producer: CROARING_TRY_CATCH(bitmaps->delete_bitmap_ = roaring64_bitmap_create()) at ob_plugin_vector_index_adaptor.cpp:230, or the -4013 of the insert bitmap still in ret (ob_plugin_vector_index_adaptor.cpp:224-229), since the macro skips its statement once ret failed (src/share/roaringbitmap/ob_rb_memory_mgr.h:32). -4013 reaches this test from the catches at ob_plugin_vector_index_adaptor.cpp:224 and :230, which turn a std::bad_alloc thrown through CRoaring into OB_ALLOCATE_MEMORY_FAILED (src/share/roaringbitmap/ob_rb_memory_mgr.h:30-38), or from the null check after the insert bitmap's create (ob_plugin_vector_index_adaptor.cpp:225-226), whose code gets past the first test on the delete bitmap because that test needs OB_SUCC(ret) (ob_plugin_vector_index_adaptor.cpp:231). Both are general allocation failures of CRoaring, and the Rust CRoaring hook never refuses, so neither source has a counterpart and the code can no longer arrive (s7-islands-unsafe.md 7.4, the CRoaring paragraph): allocation-guard. Holder: the local ret (ob_plugin_vector_index_adaptor.cpp:210). Code's branch: delete_bitmap_ = nullptr (ob_plugin_vector_index_adaptor.cpp:234); ret keeps -4013 and the failure path frees the bitmaps (ob_plugin_vector_index_adaptor.cpp:237-250). Also sweep: oom-sites.tsv:23 (the same line).	confirmed
src/observer/vector_index/ob_plugin_vector_index_adaptor.cpp	ObPluginVectorIndexAdaptor::check_delta_buffer_table_readnext_status	line 2091: ret != OB_ITER_END	END_OF_DATA	!matches!(ret, Err(OB_ITER_END)) on the local ret, an ObResult; the test puts the function in the local-ret form (s2-errors.md 2.3). The empty branch stays (s2-errors.md 2.3); OB_ITER_END ends the loop and is reset after it (ret-compare.tsv:711) as in C++. The scan iterator keeps ending with Err(OB_ITER_END), never an Option or a bool, until parity (s2-errors.md 2.4 rules 1 and 2; ARCHITECTURE.md section 17 default 6).	sweep: ret-compare.tsv:710 (data row 709). Producer: table_scan_iter->get_next_row(datum_row) at ob_plugin_vector_index_adaptor.cpp:2090, the row iterator of the delta buffer table cast to ObTableScanIterator (ob_plugin_vector_index_adaptor.cpp:2085); ObTableScanIterator::get_next_row answers OB_ITER_END when it has no main iterator and passes on the main iterator's OB_ITER_END after the last row (src/storage/access/ob_table_scan_iterator.cpp:603-604, :610-611). Holder: the local ret (ob_plugin_vector_index_adaptor.cpp:2077). Code's branch: nothing; the loop condition ends the loop (ob_plugin_vector_index_adaptor.cpp:2086) and ob_plugin_vector_index_adaptor.cpp:2119-2124 reset the code (ret-compare.tsv:711).	confirmed
src/observer/vector_index/ob_plugin_vector_index_adaptor.cpp	ObPluginVectorIndexAdaptor::check_delta_buffer_table_readnext_status	line 2119: ret == OB_ITER_END	END_OF_DATA	matches!(ret, Err(OB_ITER_END)) on the local ret, an ObResult; the test puts the function in the local-ret form (s2-errors.md 2.3). The branch's reset ret = Ok(()) and its can-skip update stay in the C++ order (s2-errors.md 2.4 rule 1). The scan iterator keeps ending with Err(OB_ITER_END), never an Option or a bool, until parity (s2-errors.md 2.4 rules 1 and 2; ARCHITECTURE.md section 17 default 6).	sweep: ret-compare.tsv:711 (data row 710). Producer: table_scan_iter->get_next_row(datum_row) at ob_plugin_vector_index_adaptor.cpp:2090, the delta buffer scan; ObTableScanIterator::get_next_row answers OB_ITER_END when it has no main iterator and passes on the main iterator's OB_ITER_END after the last row (src/storage/access/ob_table_scan_iterator.cpp:603-604, :610-611). Holder: the local ret (ob_plugin_vector_index_adaptor.cpp:2077). Code's branch: ret = OB_SUCCESS and, when a delta row was seen, the adapter's can-skip state becomes NOT_SKIP (ob_plugin_vector_index_adaptor.cpp:2120-2123); the context status is then set to PVQ_LACK_SCN (ob_plugin_vector_index_adaptor.cpp:2131-2133).	confirmed
src/observer/vector_index/ob_plugin_vector_index_adaptor.cpp	ObPluginVectorIndexAdaptor::check_index_id_table_readnext_status	line 2366: ret == OB_ITER_END	END_OF_DATA	matches!(ret, Err(OB_ITER_END)) on the local ret, an ObResult; the test puts the function in the local-ret form (s2-errors.md 2.3). The branch's reset ret = Ok(()) and can-skip update, and the empty else, stay in the C++ order (s2-errors.md 2.3, 2.4 rule 1). The scan iterator keeps ending with Err(OB_ITER_END), never an Option or a bool, until parity (s2-errors.md 2.4 rules 1 and 2; ARCHITECTURE.md section 17 default 6).	sweep: ret-compare.tsv:712 (data row 711). Producer: table_scan_iter->get_next_row(datum_row) at ob_plugin_vector_index_adaptor.cpp:2365, the first read of the index-id table (the iterator cast at ob_plugin_vector_index_adaptor.cpp:2344); ObTableScanIterator::get_next_row answers OB_ITER_END when it has no main iterator and passes on the main iterator's OB_ITER_END after the last row (src/storage/access/ob_table_scan_iterator.cpp:603-604, :610-611); here it means the table is empty. Holder: the local ret (ob_plugin_vector_index_adaptor.cpp:2339). Code's branch: ret = OB_SUCCESS and, if the can-skip state is not yet set, it becomes SKIP (ob_plugin_vector_index_adaptor.cpp:2367-2370).	confirmed
src/observer/vector_index/ob_plugin_vector_index_adaptor.cpp	ObPluginVectorIndexAdaptor::check_index_id_table_readnext_status_async	line 2458: ret == OB_ITER_END	END_OF_DATA	matches!(ret, Err(OB_ITER_END)) on the local ret, an ObResult; the test puts the function in the local-ret form (s2-errors.md 2.3). The branch's reset ret = Ok(()) and can-skip update, and the empty else, stay in the C++ order (s2-errors.md 2.3, 2.4 rule 1). The scan iterator keeps ending with Err(OB_ITER_END), never an Option or a bool, until parity (s2-errors.md 2.4 rules 1 and 2; ARCHITECTURE.md section 17 default 6).	sweep: ret-compare.tsv:713 (data row 712). Producer: table_scan_iter->get_next_row(datum_row) at ob_plugin_vector_index_adaptor.cpp:2457, the first read of the index-id table (the iterator cast at ob_plugin_vector_index_adaptor.cpp:2419); ObTableScanIterator::get_next_row answers OB_ITER_END when it has no main iterator and passes on the main iterator's OB_ITER_END after the last row (src/storage/access/ob_table_scan_iterator.cpp:603-604, :610-611); here it means the table is empty. Holder: the local ret (ob_plugin_vector_index_adaptor.cpp:2416). Code's branch: ret = OB_SUCCESS and, if the can-skip state is not yet set, it becomes SKIP (ob_plugin_vector_index_adaptor.cpp:2459-2462).	confirmed
src/observer/vector_index/ob_plugin_vector_index_adaptor.cpp	ObPluginVectorIndexAdaptor::build_temp_bitmap_from_index_id_table	line 2540: ret != OB_ITER_END	END_OF_DATA	!matches!(ret, Err(OB_ITER_END)) on the local ret, an ObResult; the test puts the function in the local-ret form (s2-errors.md 2.3). The empty branch stays (s2-errors.md 2.3), and the break that follows it runs for every code, as in C++. The scan iterator keeps ending with Err(OB_ITER_END), never an Option or a bool, until parity (s2-errors.md 2.4 rules 1 and 2; ARCHITECTURE.md section 17 default 6).	sweep: ret-compare.tsv:714 (data row 713). Producer: table_scan_iter->get_next_row(datum_row) at ob_plugin_vector_index_adaptor.cpp:2539, the rest of the index-id table after the first row (the iterator cast at ob_plugin_vector_index_adaptor.cpp:2504); ObTableScanIterator::get_next_row answers OB_ITER_END when it has no main iterator and passes on the main iterator's OB_ITER_END after the last row (src/storage/access/ob_table_scan_iterator.cpp:603-604, :610-611). Holder: the local ret (ob_plugin_vector_index_adaptor.cpp:2502). Code's branch: nothing; the break at ob_plugin_vector_index_adaptor.cpp:2542, taken for every code, leaves the loop, and ob_plugin_vector_index_adaptor.cpp:2567-2569 reset the code (ret-compare.tsv:715).	confirmed
src/observer/vector_index/ob_plugin_vector_index_adaptor.cpp	ObPluginVectorIndexAdaptor::build_temp_bitmap_from_index_id_table	line 2567: ret == OB_ITER_END	END_OF_DATA	matches!(ret, Err(OB_ITER_END)) on the local ret, an ObResult; the test puts the function in the local-ret form (s2-errors.md 2.3). The reset ret = Ok(()) stays in the C++ place (s2-errors.md 2.4 rule 1). The scan iterator keeps ending with Err(OB_ITER_END), never an Option or a bool, until parity (s2-errors.md 2.4 rules 1 and 2; ARCHITECTURE.md section 17 default 6).	sweep: ret-compare.tsv:715 (data row 714). Producer: table_scan_iter->get_next_row(datum_row) at ob_plugin_vector_index_adaptor.cpp:2539; ObTableScanIterator::get_next_row answers OB_ITER_END when it has no main iterator and passes on the main iterator's OB_ITER_END after the last row (src/storage/access/ob_table_scan_iterator.cpp:603-604, :610-611). Holder: the local ret (ob_plugin_vector_index_adaptor.cpp:2502). Code's branch: ret = OB_SUCCESS (ob_plugin_vector_index_adaptor.cpp:2568): the index-id rows are all merged into the query's bitmaps.	confirmed
src/observer/vector_index/ob_plugin_vector_index_adaptor.cpp	ObPluginVectorIndexAdaptor::complete_index_mem_data	line 2706: ret != OB_ITER_END	END_OF_DATA	!matches!(ret, Err(OB_ITER_END)) on the local ret, an ObResult; the test puts the function in the local-ret form (s2-errors.md 2.3). The empty branch stays (s2-errors.md 2.3); OB_ITER_END ends the loop and is reset after it (ret-compare.tsv:717) as in C++. The scan iterator keeps ending with Err(OB_ITER_END), never an Option or a bool, until parity (s2-errors.md 2.4 rules 1 and 2; ARCHITECTURE.md section 17 default 6).	sweep: ret-compare.tsv:716 (data row 715). Producer: table_scan_iter->get_next_row(datum_row) at ob_plugin_vector_index_adaptor.cpp:2705, the index-id table iterator cast at ob_plugin_vector_index_adaptor.cpp:2700; ObTableScanIterator::get_next_row answers OB_ITER_END when it has no main iterator and passes on the main iterator's OB_ITER_END after the last row (src/storage/access/ob_table_scan_iterator.cpp:603-604, :610-611). Holder: the local ret (ob_plugin_vector_index_adaptor.cpp:2692). Code's branch: nothing; the loop condition ends the loop (ob_plugin_vector_index_adaptor.cpp:2701) and ob_plugin_vector_index_adaptor.cpp:2712-2714 reset the code (ret-compare.tsv:717).	confirmed
src/observer/vector_index/ob_plugin_vector_index_adaptor.cpp	ObPluginVectorIndexAdaptor::complete_index_mem_data	line 2712: ret == OB_ITER_END	END_OF_DATA	matches!(ret, Err(OB_ITER_END)) on the local ret, an ObResult; the test puts the function in the local-ret form (s2-errors.md 2.3). The reset ret = Ok(()) stays in the C++ place (s2-errors.md 2.4 rule 1). The scan iterator keeps ending with Err(OB_ITER_END), never an Option or a bool, until parity (s2-errors.md 2.4 rules 1 and 2; ARCHITECTURE.md section 17 default 6).	sweep: ret-compare.tsv:717 (data row 716). Producer: table_scan_iter->get_next_row(datum_row) at ob_plugin_vector_index_adaptor.cpp:2705; ObTableScanIterator::get_next_row answers OB_ITER_END when it has no main iterator and passes on the main iterator's OB_ITER_END after the last row (src/storage/access/ob_table_scan_iterator.cpp:603-604, :610-611). Holder: the local ret (ob_plugin_vector_index_adaptor.cpp:2692). Code's branch: ret = OB_SUCCESS (ob_plugin_vector_index_adaptor.cpp:2713), after which the collected vids are written into the index memory (ob_plugin_vector_index_adaptor.cpp:2716-2719).	confirmed
src/observer/vector_index/ob_plugin_vector_index_adaptor.cpp	ObPluginVectorIndexAdaptor::complete_index_mem_data_incremental	line 2760: ret == OB_ITEM_NOT_MATCH	RENAMED	matches!(ret, Err(OB_ITEM_NOT_MATCH)) on the local ret, an ObResult; the test puts the function in the local-ret form (s2-errors.md 2.3). The rename ret = Err(OB_EAGAIN) and the empty else stay at the same place, never map_err (s2-errors.md 2.4 rule 3).	sweep: ret-compare.tsv:718 (data row 717). Producer: ObTabletMappingTableOperator::batch_get(*GCTX.sql_proxy_, tablet_ids, tablet_infos) at ob_plugin_vector_index_adaptor.cpp:2758-2759, which sets OB_ITEM_NOT_MATCH when it read fewer or more mappings than the tablet ids it was asked for (src/share/tablet/ob_tablet_mapping_operator.cpp:301-302). Holder: the local ret (ob_plugin_vector_index_adaptor.cpp:2729). Code's branch: ret = OB_EAGAIN (ob_plugin_vector_index_adaptor.cpp:2762), commented: the tablet mapping is not visible yet, retry later. Escapes: complete_index_mem_data_incremental returns it to its two callers (git grep -nw complete_index_mem_data_incremental 834bbee1e -- src). check_index_id_table_readnext_status_async (ob_plugin_vector_index_adaptor.cpp:2429) returns it through check_index_id_table_readnext_status (ob_plugin_vector_index_adaptor.cpp:2364) to the HNSW scan iterator (src/sql/das/iter/ob_das_hnsw_scan_iter.cpp:2785) and the memdata refresh (src/observer/vector_index/ob_plugin_vector_index_utils.cpp:622). refresh_bitmap_background returns it (ob_plugin_vector_index_adaptor.cpp:2941, :2945) to its one caller (git grep -nw refresh_bitmap_background 834bbee1e -- src), ObCSAsyncIndexProcessor::write_to_vsag_, which keeps it in a tmp_ret whose test has an empty branch and drops it (src/observer/change_stream/ob_cs_plugin_async_index.cpp:1120-1122).	confirmed
src/observer/vector_index/ob_plugin_vector_index_adaptor.cpp	ObPluginVectorIndexAdaptor::complete_index_mem_data_incremental	line 2844: ret != OB_ITER_END	END_OF_DATA	!matches!(ret, Err(OB_ITER_END)) on the local ret, an ObResult; the test puts the function in the local-ret form (s2-errors.md 2.3). The empty branch stays (s2-errors.md 2.3); OB_ITER_END ends the loop and is reset after it (ret-compare.tsv:720) as in C++. The scan iterator keeps ending with Err(OB_ITER_END), never an Option or a bool, until parity (s2-errors.md 2.4 rules 1 and 2; ARCHITECTURE.md section 17 default 6).	sweep: ret-compare.tsv:719 (data row 718). Producer: table_scan_iter->get_next_row(datum_row) at ob_plugin_vector_index_adaptor.cpp:2843, the scan of the index-id table read from the copied base SCN (ob_plugin_vector_index_adaptor.cpp:2827-2840); ObTableScanIterator::get_next_row answers OB_ITER_END when it has no main iterator and passes on the main iterator's OB_ITER_END after the last row (src/storage/access/ob_table_scan_iterator.cpp:603-604, :610-611). Holder: the local ret (ob_plugin_vector_index_adaptor.cpp:2729). Code's branch: nothing; the loop condition ends the loop (ob_plugin_vector_index_adaptor.cpp:2841) and ob_plugin_vector_index_adaptor.cpp:2861-2863 reset the code (ret-compare.tsv:720).	confirmed
src/observer/vector_index/ob_plugin_vector_index_adaptor.cpp	ObPluginVectorIndexAdaptor::complete_index_mem_data_incremental	line 2861: ret == OB_ITER_END	END_OF_DATA	matches!(ret, Err(OB_ITER_END)) on the local ret, an ObResult; the test puts the function in the local-ret form (s2-errors.md 2.3). The reset ret = Ok(()) stays in the C++ place (s2-errors.md 2.4 rule 1). The scan iterator keeps ending with Err(OB_ITER_END), never an Option or a bool, until parity (s2-errors.md 2.4 rules 1 and 2; ARCHITECTURE.md section 17 default 6).	sweep: ret-compare.tsv:720 (data row 719). Producer: table_scan_iter->get_next_row(datum_row) at ob_plugin_vector_index_adaptor.cpp:2843; ObTableScanIterator::get_next_row answers OB_ITER_END when it has no main iterator and passes on the main iterator's OB_ITER_END after the last row (src/storage/access/ob_table_scan_iterator.cpp:603-604, :610-611). Holder: the local ret (ob_plugin_vector_index_adaptor.cpp:2729). Code's branch: ret = OB_SUCCESS (ob_plugin_vector_index_adaptor.cpp:2862), after which the rows read are applied to the copied bitmaps (ob_plugin_vector_index_adaptor.cpp:2865-2878).	confirmed
src/observer/vector_index/ob_plugin_vector_index_adaptor.cpp	ObPluginVectorIndexAdaptor::query_result	line 3933: ret == OB_ITER_END	END_OF_DATA	matches!(ret, Err(OB_ITER_END)) on the local ret, an ObResult; the test puts the function in the local-ret form (s2-errors.md 2.3). The branch's reset ret = Ok(()) and the empty else stay in the C++ place (s2-errors.md 2.3, 2.4 rule 1). The scan iterator keeps ending with Err(OB_ITER_END), never an Option or a bool, until parity (s2-errors.md 2.4 rules 1 and 2; ARCHITECTURE.md section 17 default 6).	sweep: ret-compare.tsv:721 (data row 720). Producer: table_scan_iter->get_next_row(row) at ob_plugin_vector_index_adaptor.cpp:3932, the first read of the snapshot table (the iterator cast at ob_plugin_vector_index_adaptor.cpp:3931); ObTableScanIterator::get_next_row answers OB_ITER_END when it has no main iterator and passes on the main iterator's OB_ITER_END after the last row (src/storage/access/ob_table_scan_iterator.cpp:603-604, :610-611); here it means the snapshot table has no row. Holder: the local ret (ob_plugin_vector_index_adaptor.cpp:3896). Code's branch: ret = OB_SUCCESS (ob_plugin_vector_index_adaptor.cpp:3934), and the query goes on with the memory data it has (ob_plugin_vector_index_adaptor.cpp:3961-3965).	confirmed
src/observer/vector_index/ob_plugin_vector_index_adaptor.cpp	ObPluginVectorIndexAdaptor::query_result	line 3947: ret == OB_ERR_VSAG_RETURN_ERROR	RETRY	matches!(ret, Err(OB_ERR_VSAG_RETURN_ERROR)) on the local ret, an ObResult; the test puts the function in the local-ret form (s2-errors.md 2.3). The branch's ctx.status_ = PVQ_REFRESH, the reset ret = Ok(()) and the log stay in the C++ order (RULEBOOK section 0, Keep the control flow); the code entered from the vsag island through ObError::from_code (s2-errors.md 2.4 rule 8).	sweep: ret-compare.tsv:722 (data row 721). Producer: deserialize_snap_data(query_cond, row) at ob_plugin_vector_index_adaptor.cpp:3946, which loads the snapshot through the vector index serializer and vsag (ob_plugin_vector_index_adaptor.cpp:4003-4004); vsag's errors other than the mapped kinds become OB_ERR_VSAG_RETURN_ERROR (src/oblib/lib/vector/ob_vsag_adaptor.cpp:40-42, :65-66). Holder: the local ret (ob_plugin_vector_index_adaptor.cpp:3896). Code's branch: ctx->status_ = PVQ_REFRESH and ret = OB_SUCCESS (ob_plugin_vector_index_adaptor.cpp:3950-3951), commented: snapshot data may be incomplete under concurrent DDL or DML, let the upper layer retry with refreshed memdata. The retry step: the HNSW scan iterator sees PVQ_REFRESH and calls query_need_refresh_memdata (src/sql/das/iter/ob_das_hnsw_scan_iter.cpp:1386-1393), which refreshes the adapter and answers OB_SCHEMA_EAGAIN, commented sql retry (src/observer/vector_index/ob_plugin_vector_index_utils.cpp:836-837).	confirmed
src/observer/vector_index/ob_plugin_vector_index_adaptor.cpp	ObHnswBitmapFilter::upgrade_to_roaring_bitmap	line 4627: ret == OB_ALLOCATE_MEMORY_FAILED	OUT_OF_MEMORY	Kept as written: the test and its branch unchanged (s2-errors.md 2.4 rule 9; s3-memory.md 3.5, the row on comparisons with OB_ALLOCATE_MEMORY_FAILED). The test is matches!(ret, Err(OB_ALLOCATE_MEMORY_FAILED)) on the local ret in the else-if after the null test (s2-errors.md 2.3), and its branch clears new_bitmap as the C++ writes it.	sweep: ret-compare.tsv:723 (data row 722). Producer: CROARING_TRY_CATCH(new_bitmap = roaring64_bitmap_create()) at ob_plugin_vector_index_adaptor.cpp:4624. -4013 reaches ret only from CROARING_TRY_CATCH, which turns a std::bad_alloc thrown through CRoaring into OB_ALLOCATE_MEMORY_FAILED (src/share/roaringbitmap/ob_rb_memory_mgr.h:30-38); the Rust CRoaring hook never refuses, so that catch has no counterpart and the code can no longer arrive (s7-islands-unsafe.md 7.4, the CRoaring paragraph): allocation-guard. Holder: the local ret (ob_plugin_vector_index_adaptor.cpp:4621). Code's branch: new_bitmap = nullptr (ob_plugin_vector_index_adaptor.cpp:4628); ret keeps -4013, so the copy loop does not run (ob_plugin_vector_index_adaptor.cpp:4630). Also sweep: oom-sites.tsv:24 (the same line).	confirmed
src/observer/vector_index/ob_plugin_vector_index_scheduler.cpp	ObPluginVectorIndexLoadScheduler::clean_deprecated_adapters	line 98: ret != OB_TABLET_NOT_EXIST	LOOKUP_OUTCOME	!matches!(ret, Err(OB_TABLET_NOT_EXIST)) on the local ret, an ObResult; the test puts the function in the local-ret form (s2-errors.md 2.3). It stays under the read guard of the adapter map lock, which lives as long as the C++ holds it (RULEBOOK 2.7, the OB lock row); the empty branch stays and the else keeps its reset and push in the C++ order (s2-errors.md 2.3, 2.4 rule 1). The tablet lookup keeps its C++ code, never an Option or a bool, until parity (s2-errors.md 2.4 rule 1).	sweep: ret-compare.tsv:724 (data row 723). Producer: ls_->get_tablet_svr()->get_tablet(tablet_id, tablet_handle) at ob_plugin_vector_index_scheduler.cpp:97, ObLSTabletService::get_tablet (src/storage/ls/ob_ls_tablet_service.cpp:408-429), which turns the meta memory manager's miss for the tablet's map key into OB_TABLET_NOT_EXIST (src/storage/tablet/ob_tablet_create_delete_helper.cpp:74, :77-78). Holder: the local ret (ob_plugin_vector_index_scheduler.cpp:73). Code's branch: ret = OB_SUCCESS and the tablet id goes into delete_tablet_id_array (ob_plugin_vector_index_scheduler.cpp:100-101): the tablet moved from this log stream, so its complete adapter is erased later (ob_plugin_vector_index_scheduler.cpp:112-113). The test runs under the RLockGuard of the adapter map lock (ob_plugin_vector_index_scheduler.cpp:81).	confirmed
src/observer/vector_index/ob_plugin_vector_index_scheduler.cpp	ObPluginVectorIndexLoadScheduler::clean_deprecated_adapters	line 114: ret != OB_HASH_NOT_EXIST	LOOKUP_OUTCOME	!matches!(ret, Err(OB_HASH_NOT_EXIST)) on the local ret, an ObResult; the test puts the function in the local-ret form (s2-errors.md 2.3). The empty branch stays and the else keeps its reset ret = Ok(()) (s2-errors.md 2.3, 2.4 rule 1). The map stays an ObHashMap port whose get_refactored, set_refactored and erase_refactored answer OB_HASH_NOT_EXIST and OB_HASH_EXIST, and OB_NOT_INIT for a map never created, never an Option or a bool, until parity (s2-errors.md 2.4 rules 1 and 2).	sweep: ret-compare.tsv:725 (data row 724). Producer: index_mgr->erase_complete_adapter(tablet_id) at ob_plugin_vector_index_scheduler.cpp:113, which passes on the complete adapter map's erase code through an empty test (src/observer/vector_index/ob_plugin_vector_index_service.cpp:141-143); the map is a VectorIndexAdaptorMap, an ObHashMap<ObTabletID, ObPluginVectorIndexAdaptor *> (src/observer/vector_index/ob_plugin_vector_index_scheduler.h:442), whose erase answers OB_HASH_NOT_EXIST for a missing key (src/oblib/lib/hash/ob_hashtable.h:1379). Holder: the local ret (ob_plugin_vector_index_scheduler.cpp:73). Code's branch: the else resets ret, commented as already removed (ob_plugin_vector_index_scheduler.cpp:115-116); clean_deprecated_adapters returns void (ob_plugin_vector_index_scheduler.cpp:71).	confirmed
src/observer/vector_index/ob_plugin_vector_index_scheduler.cpp	ObPluginVectorIndexLoadScheduler::clean_deprecated_adapters	line 131: ret != OB_TABLET_NOT_EXIST	LOOKUP_OUTCOME	!matches!(ret, Err(OB_TABLET_NOT_EXIST)) on the local ret, an ObResult; the test puts the function in the local-ret form (s2-errors.md 2.3). The empty branch stays and the else keeps its reset and push in the C++ order (s2-errors.md 2.3, 2.4 rule 1). The tablet lookup keeps its C++ code, never an Option or a bool, until parity (s2-errors.md 2.4 rule 1).	sweep: ret-compare.tsv:726 (data row 725). Producer: ls_->get_tablet_svr()->get_tablet(tablet_id, tablet_handle) at ob_plugin_vector_index_scheduler.cpp:130, ObLSTabletService::get_tablet (src/storage/ls/ob_ls_tablet_service.cpp:408-429), which turns the meta memory manager's miss for the tablet's map key into OB_TABLET_NOT_EXIST (src/storage/tablet/ob_tablet_create_delete_helper.cpp:74, :77-78). Holder: the local ret (ob_plugin_vector_index_scheduler.cpp:73). Code's branch: ret = OB_SUCCESS and the tablet id goes into delete_tablet_id_array (ob_plugin_vector_index_scheduler.cpp:133-134), so its partial adapter is erased later (ob_plugin_vector_index_scheduler.cpp:174-175).	confirmed
src/observer/vector_index/ob_plugin_vector_index_scheduler.cpp	ObPluginVectorIndexLoadScheduler::clean_deprecated_adapters	line 140: ret == OB_HASH_EXIST	LOOKUP_OUTCOME	After ret = full_partial_adaptor_hash_set.exist_refactored(adapter_addr) (ob_plugin_vector_index_scheduler.cpp:139), the if / else-if chain over codes on ret at ob_plugin_vector_index_scheduler.cpp:140-155 is match ret { Err(OB_HASH_EXIST) => { ret = Ok(()); } Err(OB_HASH_NOT_EXIST) => { ret = Ok(()); .. } _ => {} } (s2-errors.md 2.3's table; RULEBOOK 2.1), the last arm empty like the C++ else (s2-errors.md 2.3: empty branches stay); this row is its first arm, on the local ret, an ObResult, in the local-ret form (s2-errors.md 2.3), and its reset stays (s2-errors.md 2.4 rule 1). The set is keyed by the adapter's address (ob_plugin_vector_index_scheduler.cpp:138), so it is an IdHashSet (RULEBOOK section 1, the hash maps and sets row; RULEBOOK 2.4, the address-keyed map row; s4-sql-front.md 2.1 rule 4), whose exist_refactored keeps ObHashSet's OB_HASH_EXIST and OB_HASH_NOT_EXIST, and OB_NOT_INIT for a set never created, never an Option or a bool, until parity (s2-errors.md 2.4 rules 1 and 2). What key stands for the adapter's address is for a pointer-identity.tsv row to decide, and that sweep has no row for this cast (a sweep gap reported to the orchestrator).	sweep: ret-compare.tsv:727 (data row 726). Producer: ret = full_partial_adaptor_hash_set.exist_refactored(adapter_addr) at ob_plugin_vector_index_scheduler.cpp:139, on a local ObHashSet<uintptr_t> (ob_plugin_vector_index_scheduler.cpp:122) keyed by the adapter's address, adapter_addr = reinterpret_cast<uintptr_t>(adapter) (ob_plugin_vector_index_scheduler.cpp:138), a cast that pointer-identity.tsv has no row for (grep -c ob_plugin_vector_index_scheduler.cpp migration/inventory/sweep/pointer-identity.tsv prints 0); exist_refactored turns a hit into OB_HASH_EXIST (src/oblib/lib/hash/ob_hashset.h:162-163) and otherwise returns the table's get code, OB_HASH_NOT_EXIST for a miss (ob_hashset.h:161; src/oblib/lib/hash/ob_hashtable.h:1131). Holder: the local ret (ob_plugin_vector_index_scheduler.cpp:73). Code's branch: ret = OB_SUCCESS (ob_plugin_vector_index_scheduler.cpp:141): the adapter was already counted in this round, so it is not counted twice.	confirmed
src/observer/vector_index/ob_plugin_vector_index_scheduler.cpp	ObPluginVectorIndexLoadScheduler::clean_deprecated_adapters	line 142: ret == OB_HASH_NOT_EXIST	LOOKUP_OUTCOME	The same match ret { .. } as ret-compare.tsv:727, for the if / else-if chain over codes on ret at ob_plugin_vector_index_scheduler.cpp:140-155 (s2-errors.md 2.3's table; RULEBOOK 2.1); this row is its second arm, Err(OB_HASH_NOT_EXIST) => { .. }, on the local ret, an ObResult, in the local-ret form (s2-errors.md 2.3); the arm's reset, insert, idle count and deprecation check stay in the C++ order (s2-errors.md 2.4 rule 1). The set is keyed by the adapter's address (ob_plugin_vector_index_scheduler.cpp:138), so it is an IdHashSet (RULEBOOK section 1, the hash maps and sets row; RULEBOOK 2.4, the address-keyed map row; s4-sql-front.md 2.1 rule 4), whose exist_refactored and set_refactored keep ObHashSet's codes, OB_HASH_EXIST and OB_HASH_NOT_EXIST, and OB_NOT_INIT for a set never created, never an Option or a bool, until parity (s2-errors.md 2.4 rules 1 and 2). What key stands for the adapter's address is for a pointer-identity.tsv row to decide, and that sweep has no row for this cast (a sweep gap reported to the orchestrator).	sweep: ret-compare.tsv:728 (data row 727). Producer: ret = full_partial_adaptor_hash_set.exist_refactored(adapter_addr) at ob_plugin_vector_index_scheduler.cpp:139, on a local ObHashSet<uintptr_t> (ob_plugin_vector_index_scheduler.cpp:122) keyed by the adapter's address (ob_plugin_vector_index_scheduler.cpp:138, the key the insert at :144 uses too), a cast that pointer-identity.tsv has no row for (grep -c ob_plugin_vector_index_scheduler.cpp migration/inventory/sweep/pointer-identity.tsv prints 0), which returns the table's get code, OB_HASH_NOT_EXIST for a miss (src/oblib/lib/hash/ob_hashset.h:161; src/oblib/lib/hash/ob_hashtable.h:1131). Holder: the local ret (ob_plugin_vector_index_scheduler.cpp:73). Code's branch: ret = OB_SUCCESS, the adapter's address is inserted, its idle count raised, and a deprecated adapter's tablet goes into delete_tablet_id_array (ob_plugin_vector_index_scheduler.cpp:143-151).	confirmed
src/observer/vector_index/ob_plugin_vector_index_scheduler.cpp	ObPluginVectorIndexLoadScheduler::clean_deprecated_adapters	line 176: ret != OB_HASH_NOT_EXIST	LOOKUP_OUTCOME	!matches!(ret, Err(OB_HASH_NOT_EXIST)) on the local ret, an ObResult; the test puts the function in the local-ret form (s2-errors.md 2.3). The empty branch stays and the else keeps its reset ret = Ok(()) (s2-errors.md 2.3, 2.4 rule 1). The map stays an ObHashMap port whose get_refactored, set_refactored and erase_refactored answer OB_HASH_NOT_EXIST and OB_HASH_EXIST, and OB_NOT_INIT for a map never created, never an Option or a bool, until parity (s2-errors.md 2.4 rules 1 and 2).	sweep: ret-compare.tsv:729 (data row 728). Producer: index_mgr->erase_partial_adapter(delete_tablet_id_array.at(i)) at ob_plugin_vector_index_scheduler.cpp:175, which returns the partial adapter map's erase code (src/observer/vector_index/ob_plugin_vector_index_service.cpp:169, :181); the map is a VectorIndexAdaptorMap, an ObHashMap<ObTabletID, ObPluginVectorIndexAdaptor *> (src/observer/vector_index/ob_plugin_vector_index_scheduler.h:442), whose erase answers OB_HASH_NOT_EXIST for a missing key (src/oblib/lib/hash/ob_hashtable.h:1379). Holder: the local ret (ob_plugin_vector_index_scheduler.cpp:73). Code's branch: the else resets ret, commented as already removed (ob_plugin_vector_index_scheduler.cpp:177-178).	confirmed
src/observer/vector_index/ob_plugin_vector_index_scheduler.cpp	ObPluginVectorIndexLoadScheduler::acquire_adapter_in_maintenance	line 269: ret != OB_TABLET_NOT_EXIST	LOOKUP_OUTCOME	!matches!(ret, Err(OB_TABLET_NOT_EXIST)) on the local ret, an ObResult; the test puts the function in the local-ret form (s2-errors.md 2.3). The empty branch stays and the else keeps its reset ret = Ok(()) (s2-errors.md 2.3, 2.4 rule 1). The tablet lookup keeps its C++ code, never an Option or a bool, until parity (s2-errors.md 2.4 rule 1).	sweep: ret-compare.tsv:730 (data row 729). Producer: ls_->get_tablet_svr()->get_tablet(tablet_ids.at(i), tablet_handle) at ob_plugin_vector_index_scheduler.cpp:268, ObLSTabletService::get_tablet (src/storage/ls/ob_ls_tablet_service.cpp:408-429), which turns the meta memory manager's miss for the tablet's map key into OB_TABLET_NOT_EXIST (src/storage/tablet/ob_tablet_create_delete_helper.cpp:74, :77-78). Holder: the local ret (ob_plugin_vector_index_scheduler.cpp:256). Code's branch: the else resets ret, commented not found, continue loop (ob_plugin_vector_index_scheduler.cpp:271): a tablet of another log stream gets no adapter here.	confirmed
src/observer/vector_index/ob_plugin_vector_index_scheduler.cpp	ObPluginVectorIndexLoadScheduler::acquire_adapter_in_maintenance	line 301: ret != OB_HASH_NOT_EXIST	LOOKUP_OUTCOME	!matches!(ret, Err(OB_HASH_NOT_EXIST)) on the local ret, an ObResult; the test puts the function in the local-ret form (s2-errors.md 2.3). The empty branch stays and the else keeps its reset and insert in the C++ order (s2-errors.md 2.3, 2.4 rule 1). The map stays an ObHashMap port whose get_refactored, set_refactored and erase_refactored answer OB_HASH_NOT_EXIST and OB_HASH_EXIST, and OB_NOT_INIT for a map never created, never an Option or a bool, until parity (s2-errors.md 2.4 rules 1 and 2).	sweep: ret-compare.tsv:731 (data row 730). Producer: shared_table_info_map.get_refactored(data_tablet_id, info) at ob_plugin_vector_index_scheduler.cpp:300, an ObVecIdxSharedTableInfoMap, an ObHashMap<ObTabletID, ObVectorIndexSharedTableInfo> (src/observer/vector_index/ob_plugin_vector_index_scheduler.h:185) that answers OB_HASH_NOT_EXIST for a miss (src/oblib/lib/hash/ob_hashtable.h:1131). Holder: the local ret (ob_plugin_vector_index_scheduler.cpp:256). Code's branch: the else resets ret, sets the entry's data table id and inserts it (ob_plugin_vector_index_scheduler.cpp:303-305); a hit is updated with overwrite instead (ob_plugin_vector_index_scheduler.cpp:309-311).	confirmed
src/observer/vector_index/ob_plugin_vector_index_scheduler.cpp	ObPluginVectorIndexLoadScheduler::set_shared_table_info_in_maintenance	line 337: ret != OB_TABLET_NOT_EXIST	LOOKUP_OUTCOME	!matches!(ret, Err(OB_TABLET_NOT_EXIST)) on the local ret, an ObResult; the test puts the function in the local-ret form (s2-errors.md 2.3). The empty branch stays and the else keeps its reset ret = Ok(()) (s2-errors.md 2.3, 2.4 rule 1). The tablet lookup keeps its C++ code, never an Option or a bool, until parity (s2-errors.md 2.4 rule 1).	sweep: ret-compare.tsv:732 (data row 731). Producer: ls_->get_tablet_svr()->get_tablet(tablet_ids.at(i), tablet_handle) at ob_plugin_vector_index_scheduler.cpp:336, ObLSTabletService::get_tablet (src/storage/ls/ob_ls_tablet_service.cpp:408-429), which turns the meta memory manager's miss for the tablet's map key into OB_TABLET_NOT_EXIST (src/storage/tablet/ob_tablet_create_delete_helper.cpp:74, :77-78). Holder: the local ret (ob_plugin_vector_index_scheduler.cpp:326). Code's branch: the else resets ret, commented not found, continue loop (ob_plugin_vector_index_scheduler.cpp:339).	confirmed
src/observer/vector_index/ob_plugin_vector_index_scheduler.cpp	ObPluginVectorIndexLoadScheduler::set_shared_table_info_in_maintenance	line 343: ret != OB_HASH_NOT_EXIST	LOOKUP_OUTCOME	!matches!(ret, Err(OB_HASH_NOT_EXIST)) on the local ret, an ObResult; the test puts the function in the local-ret form (s2-errors.md 2.3). The empty branch stays and the else keeps its field stores and insert in the C++ order (s2-errors.md 2.3, 2.4 rule 1). The map stays an ObHashMap port whose get_refactored, set_refactored and erase_refactored answer OB_HASH_NOT_EXIST and OB_HASH_EXIST, and OB_NOT_INIT for a map never created, never an Option or a bool, until parity (s2-errors.md 2.4 rules 1 and 2).	sweep: ret-compare.tsv:733 (data row 732). Producer: shared_table_info_map.get_refactored(data_tablet_id, info) at ob_plugin_vector_index_scheduler.cpp:342, an ObVecIdxSharedTableInfoMap, an ObHashMap<ObTabletID, ObVectorIndexSharedTableInfo> (src/observer/vector_index/ob_plugin_vector_index_scheduler.h:185) that answers OB_HASH_NOT_EXIST for a miss (src/oblib/lib/hash/ob_hashtable.h:1131). Holder: the local ret (ob_plugin_vector_index_scheduler.cpp:326). Code's branch: the else fills the new entry's table and tablet ids and inserts it, the insert's code replacing ret (ob_plugin_vector_index_scheduler.cpp:345-353).	confirmed
src/observer/vector_index/ob_plugin_vector_index_scheduler.cpp	ObPluginVectorIndexLoadScheduler::execute_one_memdata_sync_task	line 561: ret != OB_SIZE_OVERFLOW	IGNORED	!matches!(ret, Err(OB_SIZE_OVERFLOW)) on the local ret, an ObResult, after the ob_fail! of the condition (s2-errors.md 2.3 table), in the local-ret form; the empty branch stays and the else keeps its reset ret = Ok(()) (s2-errors.md 2.3, 2.4 rule 1). The test stays although the code does not arrive, since RULEBOOK section 0's list of removable statements does not name it.	sweep: ret-compare.tsv:734 (data row 733). Producer: try_schedule_task(mgr, task_ctx) at ob_plugin_vector_index_scheduler.cpp:560; try_schedule_task returns OB_SUCCESS whatever its ret holds (ob_plugin_vector_index_scheduler.cpp:601), so the OB_SIZE_OVERFLOW its dag scheduling can meet (ob_plugin_vector_index_scheduler.cpp:585) never reaches this test. Holder: the local ret (ob_plugin_vector_index_scheduler.cpp:530). Code's branch: the else would reset ret, commented size overflow, schedule later (ob_plugin_vector_index_scheduler.cpp:563): the task stays prepared for a later round. The test runs under the task context's spin lock (ob_plugin_vector_index_scheduler.cpp:538).	confirmed
src/observer/vector_index/ob_plugin_vector_index_scheduler.cpp	ObPluginVectorIndexLoadScheduler::try_schedule_task	line 583: ret == OB_EAGAIN	IGNORED	Inside the failure branch of ob_fail!(ret = self.generate_vec_idx_memdata_dag(mgr, task_ctx)), the if / else-if chain over codes on ret at ob_plugin_vector_index_scheduler.cpp:583-587 is match ret { Err(OB_EAGAIN) => { ret = Ok(()); } Err(OB_SIZE_OVERFLOW) => {} _ => {} } (s2-errors.md 2.3's table; RULEBOOK 2.1), the empty arms kept like the C++ branches (s2-errors.md 2.3: empty branches stay); this row is its first arm, on the local ret, an ObResult, and the test puts the function in the local-ret form (s2-errors.md 2.3). The reset stays in the C++ place (s2-errors.md 2.4 rule 1).	sweep: ret-compare.tsv:735 (data row 734). Producer: generate_vec_idx_memdata_dag(mgr, task_ctx) at ob_plugin_vector_index_scheduler.cpp:582, which returns add_dag's OB_EAGAIN with an INFO log when the same memdata sync dag is already queued (ob_plugin_vector_index_scheduler.cpp:675-678; src/storage/scheduler/ob_dag_scheduler.cpp:2081-2083). Holder: the local ret (ob_plugin_vector_index_scheduler.cpp:575). Code's branch: ret = OB_SUCCESS (ob_plugin_vector_index_scheduler.cpp:584); try_schedule_task returns OB_SUCCESS in every case anyway (ob_plugin_vector_index_scheduler.cpp:601).	confirmed
src/observer/vector_index/ob_plugin_vector_index_scheduler.cpp	ObPluginVectorIndexLoadScheduler::try_schedule_task	line 585: ret == OB_SIZE_OVERFLOW	IGNORED	The same match ret { .. } as ret-compare.tsv:735, for the if / else-if chain over codes on ret at ob_plugin_vector_index_scheduler.cpp:583-587 (s2-errors.md 2.3's table; RULEBOOK 2.1); this row is its second arm, Err(OB_SIZE_OVERFLOW) => {}, empty like the C++ branch (s2-errors.md 2.3: empty branches stay), on the local ret, an ObResult, in the local-ret form (s2-errors.md 2.3). The function's final return of OB_SUCCESS, which lets the code die unread as the C++ does, stays too (s2-errors.md 2.4 rule 1; RULEBOOK section 0, Keep the control flow), and nothing replaces the test with ok() or let _ = (s2-errors.md 2.12 items 2 and 3). The dag scheduler keeps answering OB_SIZE_OVERFLOW once the dag type's count reaches its limit (s2-errors.md 2.4 rule 1).	sweep: ret-compare.tsv:736 (data row 735). Producer: generate_vec_idx_memdata_dag(mgr, task_ctx) at ob_plugin_vector_index_scheduler.cpp:582, which returns add_dag's OB_SIZE_OVERFLOW with an INFO log (ob_plugin_vector_index_scheduler.cpp:675, :679-680). add_dag checks the size by default (src/data_plane/api/data_plane/scheduler/ob_dag_scheduler.h:1148), and inner_add_dag_ sets OB_SIZE_OVERFLOW when the count of dags of that type has reached its limit (src/storage/scheduler/ob_dag_scheduler.cpp:2125-2126; dag_count_overflow compares get_dag_count with get_dag_limit, ob_dag_scheduler.cpp:4445-4447): a limit on the number of dags, not a write into a buffer or fixed-size container, so value 10's test (b) fails, as the inventory row of create_and_add_dag's test reads the same limit (ret-compare.tsv:4). Holder: the local ret (ob_plugin_vector_index_scheduler.cpp:575). Code's branch: nothing, commented handled by caller (ob_plugin_vector_index_scheduler.cpp:585). Nothing reads ret after the chain, and try_schedule_task returns OB_SUCCESS whatever ret holds (ob_plugin_vector_index_scheduler.cpp:601), so the code dies unread and the callers' OB_SIZE_OVERFLOW tests never see it (ret-compare.tsv:734, :737-738); the task stays prepared for a later round, as after any failure to make the dag.	confirmed
src/observer/vector_index/ob_plugin_vector_index_scheduler.cpp	ObPluginVectorIndexLoadScheduler::try_schedule_remaining_tasks	line 622: ret != OB_SIZE_OVERFLOW	IGNORED	!matches!(ret, Err(OB_SIZE_OVERFLOW)) on the local ret, an ObResult, after the ob_fail! of the call (s2-errors.md 2.3 table), in the local-ret form; the empty branch stays (s2-errors.md 2.3), and the test stays although the code does not arrive, since RULEBOOK section 0's list of removable statements does not name it.	sweep: ret-compare.tsv:737 (data row 736). Producer: try_schedule_task(mgr, task_ctx) at ob_plugin_vector_index_scheduler.cpp:621; try_schedule_task returns OB_SUCCESS whatever its ret holds (ob_plugin_vector_index_scheduler.cpp:601), so the OB_SIZE_OVERFLOW its dag scheduling can meet (ob_plugin_vector_index_scheduler.cpp:585) never reaches this test. Holder: the local ret (ob_plugin_vector_index_scheduler.cpp:607). Code's branch: nothing here; the loop condition would stop the loop (ob_plugin_vector_index_scheduler.cpp:611) and ob_plugin_vector_index_scheduler.cpp:629-630 would reset the code (ret-compare.tsv:738), commented task queue full, schedule later.	confirmed
src/observer/vector_index/ob_plugin_vector_index_scheduler.cpp	ObPluginVectorIndexLoadScheduler::try_schedule_remaining_tasks	line 629: ret == OB_SIZE_OVERFLOW	IGNORED	matches!(ret, Err(OB_SIZE_OVERFLOW)) on the local ret, an ObResult; the test puts the function in the local-ret form (s2-errors.md 2.3). The reset ret = Ok(()) stays in the C++ place (s2-errors.md 2.4 rule 1), and the test stays although the code does not arrive, since RULEBOOK section 0's list of removable statements does not name it.	sweep: ret-compare.tsv:738 (data row 737). Producer: the loop's calls of try_schedule_task (ob_plugin_vector_index_scheduler.cpp:621); try_schedule_task returns OB_SUCCESS whatever its ret holds (ob_plugin_vector_index_scheduler.cpp:601), so the OB_SIZE_OVERFLOW its dag scheduling can meet (ob_plugin_vector_index_scheduler.cpp:585) never reaches this test, and the loop itself sets only OB_ERR_UNEXPECTED (ob_plugin_vector_index_scheduler.cpp:614). Holder: the local ret (ob_plugin_vector_index_scheduler.cpp:607). Code's branch: ret = OB_SUCCESS (ob_plugin_vector_index_scheduler.cpp:630), commented task queue full, schedule later.	confirmed
src/observer/vector_index/ob_plugin_vector_index_scheduler.cpp	ObPluginVectorIndexLoadScheduler::generate_vec_idx_memdata_dag	line 677: ret == OB_EAGAIN	PASSED_ON	Inside the failure branch of ob_fail!(ret = dag_scheduler.add_dag(dag)), the if / else-if chain over codes on ret at ob_plugin_vector_index_scheduler.cpp:677-682 is match ret { Err(OB_EAGAIN) => { log_info!(..); } Err(OB_SIZE_OVERFLOW) => { log_info!(..); } _ => {} } (s2-errors.md 2.3's table; RULEBOOK 2.1), the INFO logs taking no code (s2-errors.md 2.5 rule 1) and the last arm empty like the C++ else (s2-errors.md 2.3: empty branches stay); this row is its first arm, on the local ret, an ObResult, and the test puts the function in the local-ret form (s2-errors.md 2.3). The code is returned as in C++, with nothing swallowing it (s2-errors.md 2.12 item 2).	sweep: ret-compare.tsv:739 (data row 738). Producer: dag_scheduler->add_dag(dag) at ob_plugin_vector_index_scheduler.cpp:675, OB_EAGAIN when an equal memdata sync dag is already queued (src/storage/scheduler/ob_dag_scheduler.cpp:2081-2083). Holder: the local ret (ob_plugin_vector_index_scheduler.cpp:659). Code's branch: an INFO log, no need to re-schedule (ob_plugin_vector_index_scheduler.cpp:678); the unused dag is freed as for every failure (ob_plugin_vector_index_scheduler.cpp:687-689). Escapes: returned (ob_plugin_vector_index_scheduler.cpp:690) to try_schedule_task, its one caller (git grep -nw generate_vec_idx_memdata_dag 834bbee1e -- src), which resets it (ob_plugin_vector_index_scheduler.cpp:582-584, ret-compare.tsv:735).	confirmed
src/observer/vector_index/ob_plugin_vector_index_scheduler.cpp	ObPluginVectorIndexLoadScheduler::generate_vec_idx_memdata_dag	line 679: ret == OB_SIZE_OVERFLOW	PASSED_ON	The same match ret { .. } as ret-compare.tsv:739, for the if / else-if chain over codes on ret at ob_plugin_vector_index_scheduler.cpp:677-682 (s2-errors.md 2.3's table; RULEBOOK 2.1); this row is its second arm, Err(OB_SIZE_OVERFLOW) => { log_info!(..); }, the log-only arm kept (s2-errors.md 2.3) with the INFO log taking no code (s2-errors.md 2.5 rule 1), on the local ret, an ObResult, in the local-ret form (s2-errors.md 2.3); the code is returned as in C++, with nothing swallowing it (s2-errors.md 2.12 item 2). The dag scheduler keeps answering OB_SIZE_OVERFLOW once the dag type's count reaches its limit (s2-errors.md 2.4 rule 1).	sweep: ret-compare.tsv:740 (data row 739). Producer: dag_scheduler->add_dag(dag) at ob_plugin_vector_index_scheduler.cpp:675, which checks the size by default (src/data_plane/api/data_plane/scheduler/ob_dag_scheduler.h:1148); inner_add_dag_ sets OB_SIZE_OVERFLOW when the count of dags of that type has reached its limit (src/storage/scheduler/ob_dag_scheduler.cpp:2125-2126; dag_count_overflow compares get_dag_count with get_dag_limit, ob_dag_scheduler.cpp:4445-4447): a limit on the number of dags, not a write into a buffer or fixed-size container, so value 10's test (b) fails, as the inventory row of create_and_add_dag's test reads the same limit (ret-compare.tsv:4). Holder: the local ret (ob_plugin_vector_index_scheduler.cpp:659). Code's branch: an INFO log, dag scheduler is full (ob_plugin_vector_index_scheduler.cpp:680); the dag is freed as for every failure (ob_plugin_vector_index_scheduler.cpp:687-689). Escapes: returned (ob_plugin_vector_index_scheduler.cpp:690) to try_schedule_task, its one caller (git grep -nw generate_vec_idx_memdata_dag 834bbee1e -- src), whose empty branch keeps it until its final return of OB_SUCCESS drops it (ob_plugin_vector_index_scheduler.cpp:585, :601, ret-compare.tsv:736).	confirmed
src/observer/vector_index/ob_plugin_vector_index_scheduler.cpp	ObPluginVectorIndexLoadScheduler::check_task_state	line 723: other variable task_ctx->err_code_ == OB_PARTITION_NOT_EXIST	OTHER	The six-code || chain at ob_plugin_vector_index_scheduler.cpp:723-728 is one test, matches!(task_ctx.err_code_, Err(OB_PARTITION_NOT_EXIST | OB_PARTITION_IS_BLOCKED | OB_TABLE_NOT_EXIST | OB_ERR_UNKNOWN_TABLE | OB_LS_NOT_EXIST | OB_TABLET_NOT_EXIST)) on the member err_code_, an ObResult (s2-errors.md 2.2 rule 5, 2.3 table), in the else-if chain of the local-ret form; the branch's log and its task_status_ = OB_VECTOR_INDEX_TASK_CANCEL stay as the C++ writes them (RULEBOOK section 0, Keep the control flow). This row is OB_PARTITION_NOT_EXIST's part; the test stays although the code does not arrive, since RULEBOOK section 0's list of removable statements does not name it.	sweep: ret-compare.tsv:741 (data row 740). Producer: the memdata sync dag's process_one stores its ret in err_code_ (ob_plugin_vector_index_scheduler.cpp:1389); that ret comes from get_task_read_snapshot, get_adapter_inst_guard and refresh_memdata (ob_plugin_vector_index_scheduler.cpp:1371-1381). No statement on that path is known to set OB_PARTITION_NOT_EXIST: of its setters (git grep -n 'ret = OB_PARTITION_NOT_EXIST' -- src), the lob tablet check (src/storage/lob/ob_lob_location.cpp:44) reaches the lob query handler only as a tmp_ret that is logged and dropped (src/storage/lob/ob_lob_handler.cpp:63-66), and the others sit in schema retrieval, DDL, partition exchange, the optimizer and the IVF aux-info SQL builder; the row takes the value of its branch. Holder: task_ctx->err_code_, an int64_t member of the memdata sync task context (src/observer/vector_index/ob_plugin_vector_index_scheduler.h:180), which holds only codes: OB_SUCCESS from the constructor (ob_plugin_vector_index_scheduler.h:169) and the dag task's writes (ob_plugin_vector_index_scheduler.cpp:1339, :1385, :1389); it is not serialized and no atomic-fields.tsv row names it, so it is an ObResult (s2-errors.md 2.2 rule 5). The test runs in the dag task that wrote it (ob_plugin_vector_index_scheduler.cpp:1354) under the context's spin lock (ob_plugin_vector_index_scheduler.cpp:708). Code's branch: an INFO log and task_status_ = OB_VECTOR_INDEX_TASK_CANCEL (ob_plugin_vector_index_scheduler.cpp:729-730): the partition state changed, so the sync task is cancelled and the next one scheduled (ob_plugin_vector_index_scheduler.cpp:749-752).	confirmed
src/observer/vector_index/ob_plugin_vector_index_scheduler.cpp	ObPluginVectorIndexLoadScheduler::check_task_state	line 724: other variable task_ctx->err_code_ == OB_PARTITION_IS_BLOCKED	OTHER	The six-code || chain at ob_plugin_vector_index_scheduler.cpp:723-728 is one test, matches!(task_ctx.err_code_, Err(OB_PARTITION_NOT_EXIST | OB_PARTITION_IS_BLOCKED | OB_TABLE_NOT_EXIST | OB_ERR_UNKNOWN_TABLE | OB_LS_NOT_EXIST | OB_TABLET_NOT_EXIST)) on the member err_code_, an ObResult (s2-errors.md 2.2 rule 5, 2.3 table), in the else-if chain of the local-ret form; the branch's log and its task_status_ = OB_VECTOR_INDEX_TASK_CANCEL stay as the C++ writes them (RULEBOOK section 0, Keep the control flow). This row is OB_PARTITION_IS_BLOCKED's part.	sweep: ret-compare.tsv:742 (data row 741). Producer: the memdata sync dag's process_one stores its ret in err_code_ (ob_plugin_vector_index_scheduler.cpp:1389); that ret comes from get_task_read_snapshot, get_adapter_inst_guard and refresh_memdata (ob_plugin_vector_index_scheduler.cpp:1371-1381); OB_PARTITION_IS_BLOCKED is set by the transaction context manager while the log stream blocks new transactions (src/storage/tx/ob_trans_ctx_mgr_v4.cpp:299, :1072), not traced into the refresh. The code is no lookup code, so the row takes the value of its branch. Holder: task_ctx->err_code_, an int64_t member of the memdata sync task context (src/observer/vector_index/ob_plugin_vector_index_scheduler.h:180), which holds only codes: OB_SUCCESS from the constructor (ob_plugin_vector_index_scheduler.h:169) and the dag task's writes (ob_plugin_vector_index_scheduler.cpp:1339, :1385, :1389); it is not serialized and no atomic-fields.tsv row names it, so it is an ObResult (s2-errors.md 2.2 rule 5). The test runs in the dag task that wrote it (ob_plugin_vector_index_scheduler.cpp:1354) under the context's spin lock (ob_plugin_vector_index_scheduler.cpp:708). Code's branch: an INFO log and task_status_ = OB_VECTOR_INDEX_TASK_CANCEL (ob_plugin_vector_index_scheduler.cpp:729-730): the partition state changed, so the sync task is cancelled and the next one scheduled (ob_plugin_vector_index_scheduler.cpp:749-752).	confirmed
src/observer/vector_index/ob_plugin_vector_index_scheduler.cpp	ObPluginVectorIndexLoadScheduler::check_task_state	line 725: other variable task_ctx->err_code_ == OB_TABLE_NOT_EXIST	LOOKUP_OUTCOME	The six-code || chain at ob_plugin_vector_index_scheduler.cpp:723-728 is one test, matches!(task_ctx.err_code_, Err(OB_PARTITION_NOT_EXIST | OB_PARTITION_IS_BLOCKED | OB_TABLE_NOT_EXIST | OB_ERR_UNKNOWN_TABLE | OB_LS_NOT_EXIST | OB_TABLET_NOT_EXIST)) on the member err_code_, an ObResult (s2-errors.md 2.2 rule 5, 2.3 table), in the else-if chain of the local-ret form; the branch's log and its task_status_ = OB_VECTOR_INDEX_TASK_CANCEL stay as the C++ writes them (RULEBOOK section 0, Keep the control flow). This row is OB_TABLE_NOT_EXIST's part; the schema lookup keeps its code (s2-errors.md 2.4 rule 1).	sweep: ret-compare.tsv:743 (data row 742). Producer: the memdata sync dag's process_one stores its ret in err_code_ (ob_plugin_vector_index_scheduler.cpp:1389); that ret comes from get_task_read_snapshot, get_adapter_inst_guard and refresh_memdata (ob_plugin_vector_index_scheduler.cpp:1371-1381); refresh_memdata reads the index tables through read_local_tablet (src/observer/vector_index/ob_plugin_vector_index_utils.cpp:782, :859), whose init_table_param sets OB_TABLE_NOT_EXIST right after the schema guard finds no table for the id, commented: table may be removed, handle in scheduler routine (ob_plugin_vector_index_utils.cpp:961, :1146-1148). Holder: task_ctx->err_code_, an int64_t member of the memdata sync task context (src/observer/vector_index/ob_plugin_vector_index_scheduler.h:180), which holds only codes: OB_SUCCESS from the constructor (ob_plugin_vector_index_scheduler.h:169) and the dag task's writes (ob_plugin_vector_index_scheduler.cpp:1339, :1385, :1389); it is not serialized and no atomic-fields.tsv row names it, so it is an ObResult (s2-errors.md 2.2 rule 5). The test runs in the dag task that wrote it (ob_plugin_vector_index_scheduler.cpp:1354) under the context's spin lock (ob_plugin_vector_index_scheduler.cpp:708). Code's branch: an INFO log and task_status_ = OB_VECTOR_INDEX_TASK_CANCEL (ob_plugin_vector_index_scheduler.cpp:729-730): the partition state changed, so the sync task is cancelled and the next one scheduled (ob_plugin_vector_index_scheduler.cpp:749-752).	confirmed
src/observer/vector_index/ob_plugin_vector_index_scheduler.cpp	ObPluginVectorIndexLoadScheduler::check_task_state	line 726: other variable task_ctx->err_code_ == OB_ERR_UNKNOWN_TABLE	OTHER	The six-code || chain at ob_plugin_vector_index_scheduler.cpp:723-728 is one test, matches!(task_ctx.err_code_, Err(OB_PARTITION_NOT_EXIST | OB_PARTITION_IS_BLOCKED | OB_TABLE_NOT_EXIST | OB_ERR_UNKNOWN_TABLE | OB_LS_NOT_EXIST | OB_TABLET_NOT_EXIST)) on the member err_code_, an ObResult (s2-errors.md 2.2 rule 5, 2.3 table), in the else-if chain of the local-ret form; the branch's log and its task_status_ = OB_VECTOR_INDEX_TASK_CANCEL stay as the C++ writes them (RULEBOOK section 0, Keep the control flow). This row is OB_ERR_UNKNOWN_TABLE's part; the test stays although the code does not arrive, since RULEBOOK section 0's list of removable statements does not name it.	sweep: ret-compare.tsv:744 (data row 743). Producer: the memdata sync dag's process_one stores its ret in err_code_ (ob_plugin_vector_index_scheduler.cpp:1389); that ret comes from get_task_read_snapshot, get_adapter_inst_guard and refresh_memdata (ob_plugin_vector_index_scheduler.cpp:1371-1381). No statement on that path is known to set OB_ERR_UNKNOWN_TABLE: git grep -n 'ret = OB_ERR_UNKNOWN_TABLE' -- src finds it set only in the PL and SQL resolvers. The code is no lookup code, so the row takes the value of its branch. Holder: task_ctx->err_code_, an int64_t member of the memdata sync task context (src/observer/vector_index/ob_plugin_vector_index_scheduler.h:180), which holds only codes: OB_SUCCESS from the constructor (ob_plugin_vector_index_scheduler.h:169) and the dag task's writes (ob_plugin_vector_index_scheduler.cpp:1339, :1385, :1389); it is not serialized and no atomic-fields.tsv row names it, so it is an ObResult (s2-errors.md 2.2 rule 5). The test runs in the dag task that wrote it (ob_plugin_vector_index_scheduler.cpp:1354) under the context's spin lock (ob_plugin_vector_index_scheduler.cpp:708). Code's branch: an INFO log and task_status_ = OB_VECTOR_INDEX_TASK_CANCEL (ob_plugin_vector_index_scheduler.cpp:729-730): the partition state changed, so the sync task is cancelled and the next one scheduled (ob_plugin_vector_index_scheduler.cpp:749-752).	confirmed
src/observer/vector_index/ob_plugin_vector_index_scheduler.cpp	ObPluginVectorIndexLoadScheduler::check_task_state	line 727: other variable task_ctx->err_code_ == OB_LS_NOT_EXIST	OTHER	The six-code || chain at ob_plugin_vector_index_scheduler.cpp:723-728 is one test, matches!(task_ctx.err_code_, Err(OB_PARTITION_NOT_EXIST | OB_PARTITION_IS_BLOCKED | OB_TABLE_NOT_EXIST | OB_ERR_UNKNOWN_TABLE | OB_LS_NOT_EXIST | OB_TABLET_NOT_EXIST)) on the member err_code_, an ObResult (s2-errors.md 2.2 rule 5, 2.3 table), in the else-if chain of the local-ret form; the branch's log and its task_status_ = OB_VECTOR_INDEX_TASK_CANCEL stay as the C++ writes them (RULEBOOK section 0, Keep the control flow). This row is OB_LS_NOT_EXIST's part.	sweep: ret-compare.tsv:745 (data row 744). Producer: the memdata sync dag's process_one stores its ret in err_code_ (ob_plugin_vector_index_scheduler.cpp:1389); that ret comes from get_task_read_snapshot, get_adapter_inst_guard and refresh_memdata (ob_plugin_vector_index_scheduler.cpp:1371-1381); OB_LS_NOT_EXIST comes from get_ls in get_task_read_snapshot and in read_local_tablet (src/observer/vector_index/ob_plugin_vector_index_utils.cpp:34, :951), which takes no key: it hands out the service's one log stream and answers OB_LS_NOT_EXIST when that is null (src/storage/tx_storage/ob_ls_service.cpp:442-443), so value 9's lookup test does not hold and the row takes the value of its branch. Holder: task_ctx->err_code_, an int64_t member of the memdata sync task context (src/observer/vector_index/ob_plugin_vector_index_scheduler.h:180), which holds only codes: OB_SUCCESS from the constructor (ob_plugin_vector_index_scheduler.h:169) and the dag task's writes (ob_plugin_vector_index_scheduler.cpp:1339, :1385, :1389); it is not serialized and no atomic-fields.tsv row names it, so it is an ObResult (s2-errors.md 2.2 rule 5). The test runs in the dag task that wrote it (ob_plugin_vector_index_scheduler.cpp:1354) under the context's spin lock (ob_plugin_vector_index_scheduler.cpp:708). Code's branch: an INFO log and task_status_ = OB_VECTOR_INDEX_TASK_CANCEL (ob_plugin_vector_index_scheduler.cpp:729-730): the partition state changed, so the sync task is cancelled and the next one scheduled (ob_plugin_vector_index_scheduler.cpp:749-752).	confirmed
src/observer/vector_index/ob_plugin_vector_index_scheduler.cpp	ObPluginVectorIndexLoadScheduler::check_task_state	line 728: other variable task_ctx->err_code_ == OB_TABLET_NOT_EXIST	LOOKUP_OUTCOME	The six-code || chain at ob_plugin_vector_index_scheduler.cpp:723-728 is one test, matches!(task_ctx.err_code_, Err(OB_PARTITION_NOT_EXIST | OB_PARTITION_IS_BLOCKED | OB_TABLE_NOT_EXIST | OB_ERR_UNKNOWN_TABLE | OB_LS_NOT_EXIST | OB_TABLET_NOT_EXIST)) on the member err_code_, an ObResult (s2-errors.md 2.2 rule 5, 2.3 table), in the else-if chain of the local-ret form; the branch's log and its task_status_ = OB_VECTOR_INDEX_TASK_CANCEL stay as the C++ writes them (RULEBOOK section 0, Keep the control flow). This row is OB_TABLET_NOT_EXIST's part; the tablet lookup keeps its code (s2-errors.md 2.4 rule 1).	sweep: ret-compare.tsv:746 (data row 745). Producer: the memdata sync dag's process_one stores its ret in err_code_ (ob_plugin_vector_index_scheduler.cpp:1389); that ret comes from get_task_read_snapshot, get_adapter_inst_guard and refresh_memdata (ob_plugin_vector_index_scheduler.cpp:1371-1381); read_local_tablet gets the tablet with ls->get_tablet_with_timeout (src/observer/vector_index/ob_plugin_vector_index_utils.cpp:952), the tablet lookup by id, which answers OB_TABLET_NOT_EXIST for a tablet not in the log stream (src/storage/tablet/ob_tablet_create_delete_helper.cpp:77-78). Holder: task_ctx->err_code_, an int64_t member of the memdata sync task context (src/observer/vector_index/ob_plugin_vector_index_scheduler.h:180), which holds only codes: OB_SUCCESS from the constructor (ob_plugin_vector_index_scheduler.h:169) and the dag task's writes (ob_plugin_vector_index_scheduler.cpp:1339, :1385, :1389); it is not serialized and no atomic-fields.tsv row names it, so it is an ObResult (s2-errors.md 2.2 rule 5). The test runs in the dag task that wrote it (ob_plugin_vector_index_scheduler.cpp:1354) under the context's spin lock (ob_plugin_vector_index_scheduler.cpp:708). Code's branch: an INFO log and task_status_ = OB_VECTOR_INDEX_TASK_CANCEL (ob_plugin_vector_index_scheduler.cpp:729-730): the partition state changed, so the sync task is cancelled and the next one scheduled (ob_plugin_vector_index_scheduler.cpp:749-752).	confirmed
src/observer/vector_index/ob_plugin_vector_index_scheduler.cpp	ObPluginVectorIndexLoadScheduler::check_task_state	line 732: other variable task_ctx->err_code_ == OB_ALLOCATE_MEMORY_FAILED	OUT_OF_MEMORY	Kept as written: the test and its branch unchanged (s2-errors.md 2.4 rule 9; s3-memory.md 3.5, the row on comparisons with OB_ALLOCATE_MEMORY_FAILED). The two-code || at ob_plugin_vector_index_scheduler.cpp:732-733 is one matches!(task_ctx.err_code_, Err(OB_ALLOCATE_MEMORY_FAILED | OB_ERR_VSAG_MEM_LIMIT_EXCEEDED)) on the member err_code_, an ObResult (s2-errors.md 2.2 rule 5, 2.3 table).	sweep: ret-compare.tsv:747 (data row 746). Producer: the memdata sync dag's process_one stores its ret in err_code_ (ob_plugin_vector_index_scheduler.cpp:1389); that ret comes from get_task_read_snapshot, get_adapter_inst_guard and refresh_memdata (ob_plugin_vector_index_scheduler.cpp:1371-1381). Not traced beyond process_one (ob_plugin_vector_index_scheduler.cpp:1364-1389): its refresh loads the index through vsag, whose NO_ENOUGH_MEMORY maps to -4013 (src/oblib/lib/vector/ob_vsag_adaptor.cpp:61-62), and that is how the vector budget's refusal comes back, the budget handing vsag a null allocation (s3-memory.md 3.7.2, the vector module row), a precondition-guard; its general allocations are allocation-guards. Holder: task_ctx->err_code_, an int64_t member of the memdata sync task context (src/observer/vector_index/ob_plugin_vector_index_scheduler.h:180), which holds only codes: OB_SUCCESS from the constructor (ob_plugin_vector_index_scheduler.h:169) and the dag task's writes (ob_plugin_vector_index_scheduler.cpp:1339, :1385, :1389); it is not serialized and no atomic-fields.tsv row names it, so it is an ObResult (s2-errors.md 2.2 rule 5). The test runs in the dag task that wrote it (ob_plugin_vector_index_scheduler.cpp:1354) under the context's spin lock (ob_plugin_vector_index_scheduler.cpp:708). Code's branch: task_status_ = OB_VECTOR_INDEX_TASK_CANCEL (ob_plugin_vector_index_scheduler.cpp:734). Also sweep: oom-sites.tsv:25 (the same line).	confirmed
src/observer/vector_index/ob_plugin_vector_index_scheduler.cpp	ObPluginVectorIndexLoadScheduler::check_task_state	line 733: other variable task_ctx->err_code_ == OB_ERR_VSAG_MEM_LIMIT_EXCEEDED	OTHER	The two-code || at ob_plugin_vector_index_scheduler.cpp:732-733 is one test, matches!(task_ctx.err_code_, Err(OB_ALLOCATE_MEMORY_FAILED | OB_ERR_VSAG_MEM_LIMIT_EXCEEDED)) on the member err_code_, an ObResult (s2-errors.md 2.2 rule 5, 2.3 table); this row is OB_ERR_VSAG_MEM_LIMIT_EXCEEDED's part. The branch stays as written (RULEBOOK section 0, Keep the control flow), and the test stays although the code does not arrive, since RULEBOOK section 0's list of removable statements does not name it.	sweep: ret-compare.tsv:748 (data row 747). Producer: the memdata sync dag's process_one stores its ret in err_code_ (ob_plugin_vector_index_scheduler.cpp:1389); that ret comes from get_task_read_snapshot, get_adapter_inst_guard and refresh_memdata (ob_plugin_vector_index_scheduler.cpp:1371-1381). The code does not arrive: git grep -n OB_ERR_VSAG_MEM_LIMIT_EXCEEDED -- src finds one setter, ObVectorMemContext::alloc, where it stays in a local ret while the function returns a null pointer (src/storage/allocator/ob_vector_allocator.cpp:131-155; s3-memory.md 3.7.2, the vector module row). The row takes the value of its branch. Holder: task_ctx->err_code_, an int64_t member of the memdata sync task context (src/observer/vector_index/ob_plugin_vector_index_scheduler.h:180), which holds only codes: OB_SUCCESS from the constructor (ob_plugin_vector_index_scheduler.h:169) and the dag task's writes (ob_plugin_vector_index_scheduler.cpp:1339, :1385, :1389); it is not serialized and no atomic-fields.tsv row names it, so it is an ObResult (s2-errors.md 2.2 rule 5). The test runs in the dag task that wrote it (ob_plugin_vector_index_scheduler.cpp:1354) under the context's spin lock (ob_plugin_vector_index_scheduler.cpp:708). Code's branch: task_status_ = OB_VECTOR_INDEX_TASK_CANCEL (ob_plugin_vector_index_scheduler.cpp:734). Also sweep: oom-sites.tsv:26 (the same line, a budget error test).	confirmed
src/observer/vector_index/ob_plugin_vector_index_scheduler.cpp	ObPluginVectorIndexLoadScheduler::check_and_execute_memdata_sync_task	line 912: ret != OB_SIZE_OVERFLOW	IGNORED	!matches!(ret, Err(OB_SIZE_OVERFLOW)) on the local ret, an ObResult, after the ob_fail! of the call (s2-errors.md 2.3 table), in the local-ret form; the empty branch stays and the else keeps its reset ret = Ok(()) (s2-errors.md 2.3, 2.4 rule 1), and the test stays although the code does not arrive, since RULEBOOK section 0's list of removable statements does not name it.	sweep: ret-compare.tsv:749 (data row 748). Producer: execute_all_memdata_sync_task(mgr) at ob_plugin_vector_index_scheduler.cpp:911, which returns the last execute_one_memdata_sync_task's code (ob_plugin_vector_index_scheduler.cpp:867-871); that one resets OB_SIZE_OVERFLOW itself (ob_plugin_vector_index_scheduler.cpp:561-563), and try_schedule_task, where the code could start, returns OB_SUCCESS in every case (ob_plugin_vector_index_scheduler.cpp:601). Holder: the local ret (ob_plugin_vector_index_scheduler.cpp:879). Code's branch: the else would reset ret (ob_plugin_vector_index_scheduler.cpp:914); check_task_state(mgr) runs next for every code (ob_plugin_vector_index_scheduler.cpp:917).	confirmed
src/observer/vector_index/ob_plugin_vector_index_scheduler.cpp	ObPluginVectorIndexLoadScheduler::handle_replay_result	line 1114: ret == OB_ALLOCATE_MEMORY_FAILED	OUT_OF_MEMORY	Kept as written: the test and its reset ret = Ok(()) unchanged (s2-errors.md 2.4 rule 9; s3-memory.md 3.5, the row on comparisons with OB_ALLOCATE_MEMORY_FAILED). The test is matches!(ret, Err(OB_ALLOCATE_MEMORY_FAILED)) on the local ret in the local-ret form (s2-errors.md 2.3).	sweep: ret-compare.tsv:750 (data row 749). Producer: mgr->get_mem_sync_info().add_task_to_waiting_map(ls_log) at ob_plugin_vector_index_scheduler.cpp:1112, which sets -4013 when the waiting allocator returns null for a task context (ob_plugin_vector_index_scheduler.cpp:1475-1480) and passes on the map insert's code (ob_plugin_vector_index_scheduler.cpp:1485): allocation-guard, only general allocations produce it. Holder: the local ret (ob_plugin_vector_index_scheduler.cpp:1110). Code's branch: ret = OB_SUCCESS (ob_plugin_vector_index_scheduler.cpp:1115), so a replayed sync log whose task cannot be queued does not fail the replay (ob_plugin_vector_index_scheduler.cpp:1136). Also sweep: oom-sites.tsv:27 (the same line).	confirmed
src/observer/vector_index/ob_plugin_vector_index_scheduler.cpp	ObVectorIndexMemSyncInfo::add_task_to_waiting_map	line 1483: ret == OB_HASH_NOT_EXIST	LOOKUP_OUTCOME	matches!(ret, Err(OB_HASH_NOT_EXIST)) on the local ret, an ObResult; the test puts the function in the local-ret form (s2-errors.md 2.3). The branch's reset, insert and log stay in the C++ order, under the guard of switch_lock_ as the C++ holds it (RULEBOOK 2.7, the OB lock row). The map stays an ObHashMap port whose get_refactored, set_refactored and erase_refactored answer OB_HASH_NOT_EXIST and OB_HASH_EXIST, and OB_NOT_INIT for a map never created, never an Option or a bool, until parity (s2-errors.md 2.4 rules 1 and 2).	sweep: ret-compare.tsv:751 (data row 750). Producer: waiting_task_map.get_refactored(tablet_id, tmp_task_ctx) at ob_plugin_vector_index_scheduler.cpp:1482, a VectorIndexMemSyncMap, an ObHashMap<ObTabletID, ObPluginVectorIndexTaskCtx *> (src/observer/vector_index/ob_plugin_vector_index_scheduler.h:441), that answers OB_HASH_NOT_EXIST for a miss (src/oblib/lib/hash/ob_hashtable.h:1131). Holder: the local ret (ob_plugin_vector_index_scheduler.cpp:1469). Code's branch: ret = OB_SUCCESS and the new task context is inserted, its code replacing ret (ob_plugin_vector_index_scheduler.cpp:1484-1485); a tablet already waiting keeps its context (ob_plugin_vector_index_scheduler.cpp:1490-1491). The loop runs under the SpinLockGuard of switch_lock_ (ob_plugin_vector_index_scheduler.cpp:1470).	confirmed
src/observer/vector_index/ob_plugin_vector_index_scheduler.h	ObPluginVectorIndexLoadScheduler::in_retry_list	line 318: other variable ret_code == OB_REPLICA_NOT_READABLE	CODE_PREDICATE	in_retry_list takes ObError (s2-errors.md 2.1 rule 6) and answers matches!(ret_code, OB_REPLICA_NOT_READABLE), the constant as a pattern (s2-errors.md 2.1 rule 3); it stays a static method of ObPluginVectorIndexLoadScheduler in its own file, as predicates defined outside src/share/ob_define.h do (s2-errors.md 2.1 rule 6). Its caller, check_task_state, which holds err_code_ as an ObResult, writes task_ctx.err_code_.is_err_and(ObPluginVectorIndexLoadScheduler::in_retry_list) (s2-errors.md 2.1 rule 6).	sweep: ret-compare.tsv:752 (data row 751). Signature: static bool in_retry_list(const int ret_code) at ob_plugin_vector_index_scheduler.h:318, the whole body being return OB_REPLICA_NOT_READABLE == ret_code. For OB_SUCCESS it answers false, as is_err_and does for Ok(()). Caller: check_task_state, the one call (git grep -nw in_retry_list 834bbee1e -- src), after its OB_SUCCESS test (src/observer/vector_index/ob_plugin_vector_index_scheduler.cpp:716, :720); a true answer sets the task back to prepare to retry it (ob_plugin_vector_index_scheduler.cpp:721).	confirmed
src/observer/vector_index/ob_plugin_vector_index_serialize.cpp	ObVectorIndexSerializer::serialize	line 198: call result streambuf.get_error_code() != OB_ITER_END	END_OF_DATA	The condition is streambuf.get_error_code().is_err() && !matches!(streambuf.get_error_code(), Err(OB_ITER_END)), each comparison its own form joined as the C++ joins them (s2-errors.md 2.3 table), the getter's result an ObResult (ret-compare.md section 6, the call-result row); the branch's ret = streambuf.get_error_code() stays as written, in the local-ret form. The stream callbacks keep their C++ codes (s2-errors.md 2.4 rule 1).	sweep: ret-compare.tsv:753 (data row 752). Producer: the stream buffer's last_error_code_, an int that holds only codes: OB_SUCCESS from the constructor and the callback's or OB_INVALID_ARGUMENT from the buffer's own methods (src/query/api/query/vector/ob_vector_index_serialize.h:39, :48; ob_plugin_vector_index_serialize.cpp:39, :48, :61, :82), in a buffer local to the function, so an ObResult (s2-errors.md 2.2 rule 5), read through ObOStreamBuf::get_error_code (ob_vector_index_serialize.h:68), which returns that type. In serialize the buffer's code comes from the write callback through do_callback (ob_plugin_vector_index_serialize.cpp:66-77); the callback in this file, ObHNSWSerializeCallback, returns the lob append's or push_back's code (ob_plugin_vector_index_serialize.cpp:385, :390), not traced further, so OB_ITER_END is the end code this test shares with the deserializer (ob_plugin_vector_index_serialize.cpp:226). Holder: the call's result, compared directly. Code's branch: for OB_ITER_END the condition is false, so ret keeps fserialize's failure code (ob_plugin_vector_index_serialize.cpp:197) and the buffer's code is dropped with the buffer; any other buffer code replaces ret (ob_plugin_vector_index_serialize.cpp:199).	confirmed
src/observer/vector_index/ob_plugin_vector_index_serialize.cpp	ObVectorIndexSerializer::deserialize	line 217: ret == OB_ITER_END	END_OF_DATA	matches!(ret, Err(OB_ITER_END)) on the local ret, an ObResult; the test puts the function in the local-ret form (s2-errors.md 2.3). The branch's log and reset ret = Ok(()), and the empty else, stay in the C++ order (s2-errors.md 2.3, 2.4 rule 1). The read callback keeps ending with Err(OB_ITER_END) at the end of the snapshot rows, never an Option or a bool, until parity (s2-errors.md 2.4 rule 1).	sweep: ret-compare.tsv:754 (data row 753). Producer: streambuf.init() at ob_plugin_vector_index_serialize.cpp:216, which fills the buffer through do_callback (ob_plugin_vector_index_serialize.cpp:94, :175) and so returns the read callback, ObHNSWDeserializeCallback::operator(), which reads the snapshot rows with ObTableScanIterator::get_next_row and keeps its OB_ITER_END once the rows are exhausted (ob_plugin_vector_index_serialize.cpp:287, :337-349); here it means the snapshot table is empty. Holder: the local ret (ob_plugin_vector_index_serialize.cpp:212). Code's branch: an INFO log, read table is empty, and ret = OB_SUCCESS (ob_plugin_vector_index_serialize.cpp:218-219): nothing is deserialized.	confirmed
src/observer/vector_index/ob_plugin_vector_index_serialize.cpp	ObVectorIndexSerializer::deserialize	line 226: call result streambuf.get_error_code() != OB_ITER_END	END_OF_DATA	The condition is streambuf.get_error_code().is_err() && !matches!(streambuf.get_error_code(), Err(OB_ITER_END)), each comparison its own form joined as the C++ joins them (s2-errors.md 2.3 table), the getter's result an ObResult (ret-compare.md section 6, the call-result row); the branch's ret = streambuf.get_error_code() stays as written, in the local-ret form. The read callback keeps ending with Err(OB_ITER_END) (s2-errors.md 2.4 rule 1).	sweep: ret-compare.tsv:755 (data row 754). Producer: the stream buffer's last_error_code_, an int that holds only codes: OB_SUCCESS from the constructor (src/query/api/query/vector/ob_vector_index_serialize.h:39, :48), and, in deserialize's ObIStreamBuf (ob_plugin_vector_index_serialize.cpp:214), the read callback's code from init, seekoff, xsgetn and underflow (ob_plugin_vector_index_serialize.cpp:95, :106, :136, :145, :156, :162) or OB_INVALID_ARGUMENT from xsgetn (ob_plugin_vector_index_serialize.cpp:134), in a buffer local to the function, so an ObResult (s2-errors.md 2.2 rule 5), read through ObIStreamBuf::get_error_code (ob_vector_index_serialize.h:99), which returns that type. In deserialize the buffer's code comes from the read callback, ObHNSWDeserializeCallback::operator(), which reads the snapshot rows with ObTableScanIterator::get_next_row and keeps its OB_ITER_END once the rows are exhausted (ob_plugin_vector_index_serialize.cpp:287, :337-349), through the refills of xsgetn and underflow (ob_plugin_vector_index_serialize.cpp:145, :156, :162). Holder: the call's result, compared directly. Code's branch: for OB_ITER_END the condition is false, so ret keeps fdeserialize's failure code (ob_plugin_vector_index_serialize.cpp:225): the rows ran out while vsag still read; any other buffer code replaces ret (ob_plugin_vector_index_serialize.cpp:227).	confirmed
src/observer/vector_index/ob_plugin_vector_index_serialize.cpp	ObVectorIndexSerializer::deserialize	line 233: ret == OB_ITER_END	END_OF_DATA	matches!(ret, Err(OB_ITER_END)) on the local ret, an ObResult; the test puts the function in the local-ret form (s2-errors.md 2.3). The branch's log and reset ret = Ok(()), and the empty else, stay in the C++ order (s2-errors.md 2.3, 2.4 rule 1). The read callback keeps ending with Err(OB_ITER_END) (s2-errors.md 2.4 rule 1).	sweep: ret-compare.tsv:756 (data row 755). Producer: ret = streambuf.get_error_code() at ob_plugin_vector_index_serialize.cpp:232 (OB_FAIL assigns it), the stream buffer's last_error_code_, an int that holds only codes: OB_SUCCESS from the constructor (src/query/api/query/vector/ob_vector_index_serialize.h:39, :48), and, in deserialize's ObIStreamBuf (ob_plugin_vector_index_serialize.cpp:214), the read callback's code from init, seekoff, xsgetn and underflow (ob_plugin_vector_index_serialize.cpp:95, :106, :136, :145, :156, :162) or OB_INVALID_ARGUMENT from xsgetn (ob_plugin_vector_index_serialize.cpp:134), in a buffer local to the function, so an ObResult (s2-errors.md 2.2 rule 5), read through ObIStreamBuf::get_error_code (ob_vector_index_serialize.h:99), which returns that type; the buffer holds the read callback, ObHNSWDeserializeCallback::operator(), which reads the snapshot rows with ObTableScanIterator::get_next_row and keeps its OB_ITER_END once the rows are exhausted (ob_plugin_vector_index_serialize.cpp:287, :337-349). An empty snapshot table reaches this test too: init stores the callback's OB_ITER_END in the buffer (ob_plugin_vector_index_serialize.cpp:95) and deserialize resets only ret (ob_plugin_vector_index_serialize.cpp:217-219), so the read at ob_plugin_vector_index_serialize.cpp:232 gets the code back. Holder: the local ret (ob_plugin_vector_index_serialize.cpp:212). Code's branch: an INFO log, read table finish, and ret = OB_SUCCESS (ob_plugin_vector_index_serialize.cpp:234-235): the whole snapshot was read, or it was empty.	confirmed
src/observer/vector_index/ob_plugin_vector_index_serialize.cpp	ObHNSWDeserializeCallback::operator()	line 337: ret == OB_ITER_END	END_OF_DATA	matches!(ret, Err(OB_ITER_END)) on the local ret, an ObResult; the test puts the function in the local-ret form (s2-errors.md 2.3). The branch's reset, the snap-data initialization and the two ret = Err(OB_ITER_END) that put the code back stay in the C++ order (s2-errors.md 2.4 rule 1). The scan iterator keeps ending with Err(OB_ITER_END), never an Option or a bool, until parity (s2-errors.md 2.4 rules 1 and 2; ARCHITECTURE.md section 17 default 6).	sweep: ret-compare.tsv:757 (data row 756). Producer: row_iter->get_next_row(row) at ob_plugin_vector_index_serialize.cpp:287, the snapshot table's ObTableScanIterator (ob_plugin_vector_index_serialize.cpp:250); ObTableScanIterator::get_next_row answers OB_ITER_END when it has no main iterator and passes on the main iterator's OB_ITER_END after the last row (src/storage/access/ob_table_scan_iterator.cpp:603-604, :610-611). Holder: the local ret (ob_plugin_vector_index_serialize.cpp:245). Code's branch: ret is reset, the adapter's snap data is initialized as HNSW if it is not yet (ob_plugin_vector_index_serialize.cpp:338-344), and ret is set back to OB_ITER_END (ob_plugin_vector_index_serialize.cpp:345, :348), so the callback still reports the end to the stream buffer; an initialization failure replaces it with that call's code. Escapes: the stream buffer keeps it as its code (ob_plugin_vector_index_serialize.cpp:94-95, :145, :156, :162), which deserialize tests (ret-compare.tsv:754-756).	confirmed
src/observer/vector_index/ob_plugin_vector_index_service.cpp	ObPluginVectorIndexMgr::erase_complete_adapter	line 142: ret != OB_HASH_NOT_EXIST	LOOKUP_OUTCOME	!matches!(ret, Err(OB_HASH_NOT_EXIST)) on the local ret, an ObResult; the test puts the function in the local-ret form (s2-errors.md 2.3). The empty branch stays (s2-errors.md 2.3) and the code is returned as in C++. The map stays an ObHashMap port whose get_refactored, set_refactored and erase_refactored answer OB_HASH_NOT_EXIST and OB_HASH_EXIST, and OB_NOT_INIT for a map never created, never an Option or a bool, until parity (s2-errors.md 2.4 rules 1 and 2).	sweep: ret-compare.tsv:758 (data row 757). Producer: complete_index_adpt_map_.erase_refactored(tablet_id, &adapter_inst) at ob_plugin_vector_index_service.cpp:141, a VectorIndexAdaptorMap, an ObHashMap<ObTabletID, ObPluginVectorIndexAdaptor *> (src/observer/vector_index/ob_plugin_vector_index_scheduler.h:442), whose erase answers OB_HASH_NOT_EXIST for a missing key (src/oblib/lib/hash/ob_hashtable.h:1379). Holder: the local ret (ob_plugin_vector_index_service.cpp:139). Code's branch: nothing; erase_complete_adapter returns the code (ob_plugin_vector_index_service.cpp:150). Escapes: git grep -nw erase_complete_adapter 834bbee1e -- src finds three callers. clean_deprecated_adapters resets it (src/observer/vector_index/ob_plugin_vector_index_scheduler.cpp:113-116, ret-compare.tsv:725). replace_with_complete_adapter's clean-up after a failed insert keeps it in ret (ob_plugin_vector_index_service.cpp:1097, :1102-1103, :1108-1110) and returns it (ob_plugin_vector_index_service.cpp:1130) to check_and_merge_partial_inner (ob_plugin_vector_index_service.cpp:688). replace_old_adapter passes it on (ob_plugin_vector_index_service.cpp:1153-1155, :1162).	confirmed
src/observer/vector_index/ob_plugin_vector_index_service.cpp	ObPluginVectorIndexMgr::get_adapter_inst_	line 227: ret != OB_HASH_NOT_EXIST	LOOKUP_OUTCOME	!matches!(ret, Err(OB_HASH_NOT_EXIST)) on the local ret, an ObResult; the test puts the function in the local-ret form (s2-errors.md 2.3). The empty branch stays and the else keeps its reset ret = Ok(()) (s2-errors.md 2.3, 2.4 rule 1). The map stays an ObHashMap port whose get_refactored, set_refactored and erase_refactored answer OB_HASH_NOT_EXIST and OB_HASH_EXIST, and OB_NOT_INIT for a map never created, never an Option or a bool, until parity (s2-errors.md 2.4 rules 1 and 2).	sweep: ret-compare.tsv:759 (data row 758). Producer: partial_index_adpt_map_.get_refactored(tablet_id, index_inst) at ob_plugin_vector_index_service.cpp:226, a VectorIndexAdaptorMap, an ObHashMap<ObTabletID, ObPluginVectorIndexAdaptor *> (src/observer/vector_index/ob_plugin_vector_index_scheduler.h:442) that answers OB_HASH_NOT_EXIST for a miss (src/oblib/lib/hash/ob_hashtable.h:1131). Holder: the local ret (ob_plugin_vector_index_service.cpp:223). Code's branch: the else resets ret, commented not in partial adapter (ob_plugin_vector_index_service.cpp:229), so the complete adapter map is asked next (ob_plugin_vector_index_service.cpp:235-236).	confirmed
src/observer/vector_index/ob_plugin_vector_index_service.cpp	ObPluginVectorIndexMgr::get_adapter_inst_	line 237: ret != OB_HASH_NOT_EXIST	LOOKUP_OUTCOME	!matches!(ret, Err(OB_HASH_NOT_EXIST)) on the local ret, an ObResult; the test puts the function in the local-ret form (s2-errors.md 2.3). The empty branch and the commented empty else stay (s2-errors.md 2.3), and the code is returned as in C++. The map stays an ObHashMap port whose get_refactored, set_refactored and erase_refactored answer OB_HASH_NOT_EXIST and OB_HASH_EXIST, and OB_NOT_INIT for a map never created, never an Option or a bool, until parity (s2-errors.md 2.4 rules 1 and 2).	sweep: ret-compare.tsv:760 (data row 759). Producer: complete_index_adpt_map_.get_refactored(tablet_id, index_inst) at ob_plugin_vector_index_service.cpp:236, a VectorIndexAdaptorMap, an ObHashMap<ObTabletID, ObPluginVectorIndexAdaptor *> (src/observer/vector_index/ob_plugin_vector_index_scheduler.h:442) that answers OB_HASH_NOT_EXIST for a miss (src/oblib/lib/hash/ob_hashtable.h:1131). Holder: the local ret (ob_plugin_vector_index_service.cpp:223). Code's branch: nothing, commented not found (ob_plugin_vector_index_service.cpp:239); get_adapter_inst_ returns it (ob_plugin_vector_index_service.cpp:245). Escapes: get_adapter_inst_guard passes it on (ob_plugin_vector_index_service.cpp:204), and the vector index code tests it: prepare_for_task and ObVecIndexAsyncTask::do_work rename it to OB_EAGAIN (src/observer/vector_index/ob_hybrid_vector_refresh_task.cpp:219-221; src/observer/vector_index/ob_vector_index_async_task_util.cpp:1143-1145), and the acquire functions create the adapter (ob_plugin_vector_index_service.cpp:391-394, :580-583).	confirmed
src/observer/vector_index/ob_plugin_vector_index_service.cpp	ObPluginVectorIndexMgr::get_build_helper_inst_	line 305: ret != OB_HASH_NOT_EXIST	LOOKUP_OUTCOME	!matches!(ret, Err(OB_HASH_NOT_EXIST)) on the local ret, an ObResult; the test puts the function in the local-ret form (s2-errors.md 2.3). The empty branch stays (s2-errors.md 2.3) and the code is returned as in C++. The map stays an ObHashMap port whose get_refactored, set_refactored and erase_refactored answer OB_HASH_NOT_EXIST and OB_HASH_EXIST, and OB_NOT_INIT for a map never created, never an Option or a bool, until parity (s2-errors.md 2.4 rules 1 and 2).	sweep: ret-compare.tsv:761 (data row 760). Producer: ivf_index_helper_map_.get_refactored(key, helper_inst) at ob_plugin_vector_index_service.cpp:304, an IvfVectorIndexHelperMap, an ObHashMap<ObIvfHelperKey, ObIvfBuildHelper *> (src/observer/vector_index/ob_plugin_vector_index_service.h:105) that answers OB_HASH_NOT_EXIST for a miss (src/oblib/lib/hash/ob_hashtable.h:1131). Holder: the local ret (ob_plugin_vector_index_service.cpp:301). Code's branch: nothing; get_build_helper_inst_ returns it (ob_plugin_vector_index_service.cpp:311). Escapes: get_build_helper_inst_guard passes it on (ob_plugin_vector_index_service.cpp:318), and acquire_ivf_build_helper_guard creates the helper for it (ob_plugin_vector_index_service.cpp:554-557, ret-compare.tsv:764).	confirmed
src/observer/vector_index/ob_plugin_vector_index_service.cpp	ObPluginVectorIndexMgr::get_or_create_partial_adapter_	line 392: ret != OB_HASH_NOT_EXIST	LOOKUP_OUTCOME	!matches!(ret, Err(OB_HASH_NOT_EXIST)) on the local ret, an ObResult; the test puts the function in the local-ret form (s2-errors.md 2.3). The empty branch stays and the else keeps its create_partial_adapter call and the fetch after it (s2-errors.md 2.3, 2.4 rule 1). The map stays an ObHashMap port whose get_refactored, set_refactored and erase_refactored answer OB_HASH_NOT_EXIST and OB_HASH_EXIST, and OB_NOT_INIT for a map never created, never an Option or a bool, until parity (s2-errors.md 2.4 rules 1 and 2).	sweep: ret-compare.tsv:762 (data row 761). Producer: get_adapter_inst_guard(tablet_id, adapter_guard) at ob_plugin_vector_index_service.cpp:391, which returns the adapter maps' OB_HASH_NOT_EXIST (ob_plugin_vector_index_service.cpp:204, :236-240, ret-compare.tsv:760). Holder: the local ret (ob_plugin_vector_index_service.cpp:390). Code's branch: creates a partial adapter (ob_plugin_vector_index_service.cpp:394), its code replacing ret, and fetches it (ob_plugin_vector_index_service.cpp:396-397).	confirmed
src/observer/vector_index/ob_plugin_vector_index_service.cpp	ObPluginVectorIndexMgr::get_or_create_partial_adapter_	line 396: ret != OB_HASH_EXIST	LOOKUP_OUTCOME	The condition joins the tests as the C++ does, ret.is_err() && !matches!(ret, Err(OB_HASH_EXIST)) (s2-errors.md 2.3 table), in the local-ret form; the else-if chain keeps its order. The map stays an ObHashMap port whose get_refactored, set_refactored and erase_refactored answer OB_HASH_NOT_EXIST and OB_HASH_EXIST, and OB_NOT_INIT for a map never created, never an Option or a bool, until parity (s2-errors.md 2.4 rules 1 and 2).	sweep: ret-compare.tsv:763 (data row 762). Producer: create_partial_adapter(...) at ob_plugin_vector_index_service.cpp:394, whose insert into the partial adapter map with overwrite 0 (ob_plugin_vector_index_service.cpp:284-285, :158; src/observer/vector_index/ob_plugin_vector_index_service.h:224) answers OB_HASH_EXIST for a key already present when flag is 0 (src/oblib/lib/hash/ob_hashtable.h:1235-1237): another thread made the adapter first; the new adapter is then freed (ob_plugin_vector_index_service.cpp:288-293). Holder: the local ret (ob_plugin_vector_index_service.cpp:390). Code's branch: the condition is false, so the else-if fetches the adapter now in the map, its code replacing ret (ob_plugin_vector_index_service.cpp:397).	confirmed
src/observer/vector_index/ob_plugin_vector_index_service.cpp	ObPluginVectorIndexService::acquire_ivf_build_helper_guard	line 555: ret != OB_HASH_NOT_EXIST	LOOKUP_OUTCOME	!matches!(ret, Err(OB_HASH_NOT_EXIST)) on the local ret, an ObResult; the test puts the function in the local-ret form (s2-errors.md 2.3). The empty branch stays and the else keeps its create_ivf_build_helper call and the fetch after it (s2-errors.md 2.3, 2.4 rule 1). The map stays an ObHashMap port whose get_refactored, set_refactored and erase_refactored answer OB_HASH_NOT_EXIST and OB_HASH_EXIST, and OB_NOT_INIT for a map never created, never an Option or a bool, until parity (s2-errors.md 2.4 rules 1 and 2).	sweep: ret-compare.tsv:764 (data row 763). Producer: index_mgr->get_build_helper_inst_guard(key, helper_guard) at ob_plugin_vector_index_service.cpp:554, which passes on the helper map's OB_HASH_NOT_EXIST (ob_plugin_vector_index_service.cpp:318, :304-306, ret-compare.tsv:761). Holder: the local ret (ob_plugin_vector_index_service.cpp:552). Code's branch: creates the build helper (ob_plugin_vector_index_service.cpp:557), its code replacing ret, and fetches it (ob_plugin_vector_index_service.cpp:559-560).	confirmed
src/observer/vector_index/ob_plugin_vector_index_service.cpp	ObPluginVectorIndexService::acquire_ivf_build_helper_guard	line 559: ret != OB_HASH_EXIST	LOOKUP_OUTCOME	The condition joins the tests as the C++ does, ret.is_err() && !matches!(ret, Err(OB_HASH_EXIST)) (s2-errors.md 2.3 table), in the local-ret form; the else-if chain keeps its order. The map stays an ObHashMap port whose get_refactored, set_refactored and erase_refactored answer OB_HASH_NOT_EXIST and OB_HASH_EXIST, and OB_NOT_INIT for a map never created, never an Option or a bool, until parity (s2-errors.md 2.4 rules 1 and 2).	sweep: ret-compare.tsv:765 (data row 764). Producer: index_mgr->create_ivf_build_helper(key, ...) at ob_plugin_vector_index_service.cpp:557, whose set_ivf_build_helper_ inserts into an IvfVectorIndexHelperMap, an ObHashMap<ObIvfHelperKey, ObIvfBuildHelper *> (src/observer/vector_index/ob_plugin_vector_index_service.h:105) with the default flag 0 (ob_plugin_vector_index_service.cpp:361, :376), which answers OB_HASH_EXIST for a key already present when flag is 0 (src/oblib/lib/hash/ob_hashtable.h:1235-1237): another thread made the helper first; the new helper is then freed (ob_plugin_vector_index_service.cpp:364-369). Holder: the local ret (ob_plugin_vector_index_service.cpp:552). Code's branch: the condition is false, so the else-if fetches the helper now in the map, its code replacing ret (ob_plugin_vector_index_service.cpp:560).	confirmed
src/observer/vector_index/ob_plugin_vector_index_service.cpp	ObPluginVectorIndexService::acquire_adapter_guard	line 581: ret != OB_HASH_NOT_EXIST	LOOKUP_OUTCOME	!matches!(ret, Err(OB_HASH_NOT_EXIST)) on the local ret, an ObResult; the test puts the function in the local-ret form (s2-errors.md 2.3). The empty branch stays and the else keeps its create_partial_adapter call and the fetch after it (s2-errors.md 2.3, 2.4 rule 1). The map stays an ObHashMap port whose get_refactored, set_refactored and erase_refactored answer OB_HASH_NOT_EXIST and OB_HASH_EXIST, and OB_NOT_INIT for a map never created, never an Option or a bool, until parity (s2-errors.md 2.4 rules 1 and 2).	sweep: ret-compare.tsv:766 (data row 765). Producer: index_mgr->get_adapter_inst_guard(tablet_id, adapter_guard) at ob_plugin_vector_index_service.cpp:580, which returns the adapter maps' OB_HASH_NOT_EXIST (ob_plugin_vector_index_service.cpp:204, :236-240, ret-compare.tsv:760). Holder: the local ret (ob_plugin_vector_index_service.cpp:578). Code's branch: creates a partial adapter (ob_plugin_vector_index_service.cpp:583), its code replacing ret, and fetches it (ob_plugin_vector_index_service.cpp:585-586).	confirmed
src/observer/vector_index/ob_plugin_vector_index_service.cpp	ObPluginVectorIndexService::acquire_adapter_guard	line 585: ret != OB_HASH_EXIST	LOOKUP_OUTCOME	The condition joins the tests as the C++ does, ret.is_err() && !matches!(ret, Err(OB_HASH_EXIST)) (s2-errors.md 2.3 table), in the local-ret form; the else-if chain keeps its order. The map stays an ObHashMap port whose get_refactored, set_refactored and erase_refactored answer OB_HASH_NOT_EXIST and OB_HASH_EXIST, and OB_NOT_INIT for a map never created, never an Option or a bool, until parity (s2-errors.md 2.4 rules 1 and 2).	sweep: ret-compare.tsv:767 (data row 766). Producer: index_mgr->create_partial_adapter(...) at ob_plugin_vector_index_service.cpp:583, whose insert into the partial adapter map with overwrite 0 (ob_plugin_vector_index_service.cpp:284-285, :158; src/observer/vector_index/ob_plugin_vector_index_service.h:224) answers OB_HASH_EXIST for a key already present when flag is 0 (src/oblib/lib/hash/ob_hashtable.h:1235-1237): another thread made the adapter first. Holder: the local ret (ob_plugin_vector_index_service.cpp:578). Code's branch: the condition is false, so the else-if fetches the adapter now in the map, its code replacing ret (ob_plugin_vector_index_service.cpp:586).	confirmed
src/observer/vector_index/ob_plugin_vector_index_service.cpp	ObPluginVectorIndexMgr::check_and_merge_partial_inner	line 633: ret != OB_HASH_NOT_EXIST	LOOKUP_OUTCOME	!matches!(ret, Err(OB_HASH_NOT_EXIST)) on the local ret, an ObResult; the test puts the function in the local-ret form (s2-errors.md 2.3). It stays under the read guard of the adapter map lock, which lives as long as the C++ holds it (RULEBOOK 2.7, the OB lock row); the empty branch stays and the else keeps its candidate creation and insert (s2-errors.md 2.3, 2.4 rule 1). The map stays an ObHashMap port whose get_refactored, set_refactored and erase_refactored answer OB_HASH_NOT_EXIST and OB_HASH_EXIST, and OB_NOT_INIT for a map never created, never an Option or a bool, until parity (s2-errors.md 2.4 rules 1 and 2).	sweep: ret-compare.tsv:768 (data row 767). Producer: data_tablet_id_map.get_refactored(index_identity, candidate) at ob_plugin_vector_index_service.cpp:632, a local ObHashMap<ObPluginVectorIndexIdentity, ObVectorIndexAdapterCandiate *> (ob_plugin_vector_index_service.cpp:612-613) that answers OB_HASH_NOT_EXIST for a miss (src/oblib/lib/hash/ob_hashtable.h:1131). Holder: the local ret (ob_plugin_vector_index_service.cpp:611). Code's branch: the else allocates a candidate for the identity and inserts it (ob_plugin_vector_index_service.cpp:635-640), under the RLockGuard of the adapter map lock (ob_plugin_vector_index_service.cpp:620).	confirmed
src/observer/vector_index/ob_plugin_vector_index_service.cpp	ObPluginVectorIndexMgr::replace_old_adapter	line 1142: tmp_ret == OB_HASH_NOT_EXIST	LOOKUP_OUTCOME	matches!(tmp_ret, Err(OB_HASH_NOT_EXIST)) on the local tmp_ret, its own ObResult initialized from the call (s2-errors.md 2.4 rule 4); the branch's reset tmp_ret = Ok(()) and old_adapter = None stay in the C++ order, and the merge ret = tmp_ret after it is written as the C++ writes it (s2-errors.md 2.4 rules 1 and 4). The map stays an ObHashMap port whose get_refactored, set_refactored and erase_refactored answer OB_HASH_NOT_EXIST and OB_HASH_EXIST, and OB_NOT_INIT for a map never created, never an Option or a bool, until parity (s2-errors.md 2.4 rules 1 and 2).	sweep: ret-compare.tsv:769 (data row 768). Producer: complete_index_adpt_map_.get_refactored(new_adapter->get_inc_tablet_id(), old_adapter) at ob_plugin_vector_index_service.cpp:1141, a VectorIndexAdaptorMap, an ObHashMap<ObTabletID, ObPluginVectorIndexAdaptor *> (src/observer/vector_index/ob_plugin_vector_index_scheduler.h:442) that answers OB_HASH_NOT_EXIST for a miss (src/oblib/lib/hash/ob_hashtable.h:1131). Holder: the local tmp_ret, declared with that call (ob_plugin_vector_index_service.cpp:1141). Code's branch: tmp_ret = OB_SUCCESS and old_adapter = nullptr (ob_plugin_vector_index_service.cpp:1143-1144): there is no old adapter to inherit from, and the new one is installed (ob_plugin_vector_index_service.cpp:1152-1158).	confirmed
src/observer/vector_index/ob_plugin_vector_index_service.cpp	ObPluginVectorIndexMgr::erase_ivf_cache_mgr	line 1266: ret != OB_HASH_NOT_EXIST	LOOKUP_OUTCOME	!matches!(ret, Err(OB_HASH_NOT_EXIST)) on the local ret, an ObResult; the test puts the function in the local-ret form (s2-errors.md 2.3). The empty branch stays (s2-errors.md 2.3) and the code is returned as in C++. The map stays an ObHashMap port whose get_refactored, set_refactored and erase_refactored answer OB_HASH_NOT_EXIST and OB_HASH_EXIST, and OB_NOT_INIT for a map never created, never an Option or a bool, until parity (s2-errors.md 2.4 rules 1 and 2).	sweep: ret-compare.tsv:770 (data row 769). Producer: ivf_cache_mgr_map_.erase_refactored(cachr_mgr_key, &cache_mgr) at ob_plugin_vector_index_service.cpp:1265, an IvfCacheMgrMap, an ObHashMap<ObTabletID, ObIvfCacheMgr *> (src/observer/vector_index/ob_plugin_vector_index_service.h:106), whose erase answers OB_HASH_NOT_EXIST for a missing key (src/oblib/lib/hash/ob_hashtable.h:1379). Holder: the local ret (ob_plugin_vector_index_service.cpp:1263). Code's branch: nothing; the function returns it (ob_plugin_vector_index_service.cpp:1274). Escapes: ObIvfAsyncTask::delete_deprecated_cache resets it as already removed (src/observer/vector_index/ob_ivf_async_task.cpp:30-33, ret-compare.tsv:703).	confirmed
src/observer/vector_index/ob_plugin_vector_index_service.cpp	ObPluginVectorIndexMgr::get_ivf_cache_mgr	line 1281: ret != OB_HASH_NOT_EXIST	LOOKUP_OUTCOME	!matches!(ret, Err(OB_HASH_NOT_EXIST)) on the local ret, an ObResult; the test puts the function in the local-ret form (s2-errors.md 2.3). The empty branch and the else's INFO log stay (s2-errors.md 2.3, 2.5 rule 1), and the code is returned as in C++. The map stays an ObHashMap port whose get_refactored, set_refactored and erase_refactored answer OB_HASH_NOT_EXIST and OB_HASH_EXIST, and OB_NOT_INIT for a map never created, never an Option or a bool, until parity (s2-errors.md 2.4 rules 1 and 2).	sweep: ret-compare.tsv:771 (data row 770). Producer: ivf_cache_mgr_map_.get_refactored(cachr_mgr_key, cache_mgr) at ob_plugin_vector_index_service.cpp:1280, an IvfCacheMgrMap, an ObHashMap<ObTabletID, ObIvfCacheMgr *> (src/observer/vector_index/ob_plugin_vector_index_service.h:106) that answers OB_HASH_NOT_EXIST for a miss (src/oblib/lib/hash/ob_hashtable.h:1131). Holder: the local ret (ob_plugin_vector_index_service.cpp:1279). Code's branch: an INFO log, cache mgr not exist (ob_plugin_vector_index_service.cpp:1283); the function returns it (ob_plugin_vector_index_service.cpp:1288). Escapes: get_ivf_cache_mgr_guard passes it on (ob_plugin_vector_index_service.cpp:1296-1297, ret-compare.tsv:772).	confirmed
src/observer/vector_index/ob_plugin_vector_index_service.cpp	ObPluginVectorIndexMgr::get_ivf_cache_mgr_guard	line 1297: ret != OB_HASH_NOT_EXIST	LOOKUP_OUTCOME	!matches!(ret, Err(OB_HASH_NOT_EXIST)) on the local ret, an ObResult; the test puts the function in the local-ret form (s2-errors.md 2.3). The empty branch stays (s2-errors.md 2.3) and the code is returned as in C++. The map stays an ObHashMap port whose get_refactored, set_refactored and erase_refactored answer OB_HASH_NOT_EXIST and OB_HASH_EXIST, and OB_NOT_INIT for a map never created, never an Option or a bool, until parity (s2-errors.md 2.4 rules 1 and 2).	sweep: ret-compare.tsv:772 (data row 771). Producer: get_ivf_cache_mgr(cachr_mgr_key, cache_mgr) at ob_plugin_vector_index_service.cpp:1296, which returns the cache manager map's OB_HASH_NOT_EXIST (ob_plugin_vector_index_service.cpp:1280-1284, ret-compare.tsv:771). Holder: the local ret (ob_plugin_vector_index_service.cpp:1293). Code's branch: nothing; the function returns it (ob_plugin_vector_index_service.cpp:1301). Escapes: get_or_create_ivf_cache_mgr_guard creates the manager for it (ob_plugin_vector_index_service.cpp:1312-1314, ret-compare.tsv:773), and acquire_ivf_cache_mgr_guard passes it on (ob_plugin_vector_index_service.cpp:1530) to the memory info filler, which stops on it (src/observer/vector_index/ob_plugin_vector_index_utils.cpp:1818-1820, ret-compare.tsv:800).	confirmed
src/observer/vector_index/ob_plugin_vector_index_service.cpp	ObPluginVectorIndexMgr::get_or_create_ivf_cache_mgr_guard	line 1313: ret == OB_HASH_NOT_EXIST	LOOKUP_OUTCOME	matches!(ret, Err(OB_HASH_NOT_EXIST)) on the local ret, an ObResult; the test puts the function in the local-ret form (s2-errors.md 2.3). The branch's create_ivf_cache_mgr call and the fetch after it, and the empty else, stay (s2-errors.md 2.3, 2.4 rule 1). The map stays an ObHashMap port whose get_refactored, set_refactored and erase_refactored answer OB_HASH_NOT_EXIST and OB_HASH_EXIST, and OB_NOT_INIT for a map never created, never an Option or a bool, until parity (s2-errors.md 2.4 rules 1 and 2).	sweep: ret-compare.tsv:773 (data row 772). Producer: get_ivf_cache_mgr_guard(key, cache_mgr_guard) at ob_plugin_vector_index_service.cpp:1312, which passes on the cache manager map's OB_HASH_NOT_EXIST (ob_plugin_vector_index_service.cpp:1296-1297, ret-compare.tsv:772). Holder: the local ret (ob_plugin_vector_index_service.cpp:1311). Code's branch: creates the cache manager (ob_plugin_vector_index_service.cpp:1314) and fetches it (ob_plugin_vector_index_service.cpp:1315), each call's code replacing ret.	confirmed
src/observer/vector_index/ob_plugin_vector_index_service.cpp	ObPluginVectorIndexMgr::create_ivf_cache_mgr	line 1340: ret == OB_HASH_EXIST	LOOKUP_OUTCOME	matches!(ret, Err(OB_HASH_EXIST)) on the local ret, an ObResult; the test puts the function in the local-ret form (s2-errors.md 2.3). The branch's log and reset ret = Ok(()), and the empty else, stay in the C++ order (s2-errors.md 2.3, 2.4 rule 1). The map stays an ObHashMap port whose get_refactored, set_refactored and erase_refactored answer OB_HASH_NOT_EXIST and OB_HASH_EXIST, and OB_NOT_INIT for a map never created, never an Option or a bool, until parity (s2-errors.md 2.4 rules 1 and 2).	sweep: ret-compare.tsv:774 (data row 773). Producer: set_ivf_cache_mgr(key, tmp_ivf_cache_mgr) at ob_plugin_vector_index_service.cpp:1339, an insert into an IvfCacheMgrMap, an ObHashMap<ObTabletID, ObIvfCacheMgr *> (src/observer/vector_index/ob_plugin_vector_index_service.h:106) with the default overwrite 0 (ob_plugin_vector_index_service.cpp:1254; src/observer/vector_index/ob_plugin_vector_index_service.h:199), which answers OB_HASH_EXIST for a key already present when flag is 0 (src/oblib/lib/hash/ob_hashtable.h:1235-1237). Holder: the local ret (ob_plugin_vector_index_service.cpp:1329). Code's branch: an INFO log, may be created by other threads, and ret = OB_SUCCESS (ob_plugin_vector_index_service.cpp:1341-1342); the new manager is kept by nobody, since the cleanup runs only on failure (ob_plugin_vector_index_service.cpp:1348-1353), and the caller fetches the one in the map (ob_plugin_vector_index_service.cpp:1315).	confirmed
src/observer/vector_index/ob_plugin_vector_index_service.cpp	ObPluginVectorIndexService::get_ivf_aux_info	line 1420: ret == OB_ITER_END	END_OF_DATA	matches!(ret, Err(OB_ITER_END)) on the local ret, an ObResult; the test puts the function in the local-ret form (s2-errors.md 2.3). The reset ret = Ok(()) stays in the C++ place (s2-errors.md 2.4 rule 1). The inner SQL result keeps ending with Err(OB_ITER_END), never an Option or a bool, until parity (s2-errors.md 2.4 rules 1 and 2; ARCHITECTURE.md section 17 default 6).	sweep: ret-compare.tsv:775 (data row 774). Producer: result->next() in the loop condition at ob_plugin_vector_index_service.cpp:1390, the result of the aux-info query (ob_plugin_vector_index_service.cpp:1386-1387); the inner SQL result's next: ObMySQLResult::next is pure virtual (src/oblib/common/mysqlclient/ob_mysql_result.h:1560), and ObInnerSQLResult::next answers OB_ITER_END once iter_end_ is set and passes on the result set's OB_ITER_END after the last row (src/observer/ob_inner_sql_result.cpp:207-208, :216-217). Holder: the local ret (ob_plugin_vector_index_service.cpp:1367). Code's branch: ret = OB_SUCCESS (ob_plugin_vector_index_service.cpp:1421): all centers are read into aux_info.	confirmed
src/observer/vector_index/ob_plugin_vector_index_service.h	ObPluginVectorIndexService::process_ivf_aux_info	line 531: ret == OB_ITER_END	END_OF_DATA	matches!(ret, Err(OB_ITER_END)) on the local ret, an ObResult; the test puts the function in the local-ret form (s2-errors.md 2.3). The reset ret = Ok(()) stays in the C++ place (s2-errors.md 2.4 rule 1). The inner SQL result keeps ending with Err(OB_ITER_END), never an Option or a bool, until parity (s2-errors.md 2.4 rules 1 and 2; ARCHITECTURE.md section 17 default 6).	sweep: ret-compare.tsv:776 (data row 775). Producer: result->next() in the loop condition at ob_plugin_vector_index_service.h:509, the result of the aux-info query (ob_plugin_vector_index_service.h:504-505); the inner SQL result's next: ObMySQLResult::next is pure virtual (src/oblib/common/mysqlclient/ob_mysql_result.h:1560), and ObInnerSQLResult::next answers OB_ITER_END once iter_end_ is set and passes on the result set's OB_ITER_END after the last row (src/observer/ob_inner_sql_result.cpp:207-208, :216-217). Holder: the local ret (ob_plugin_vector_index_service.h:482). Code's branch: ret = OB_SUCCESS (ob_plugin_vector_index_service.h:532): every center row went through the callback.	confirmed
src/observer/vector_index/ob_plugin_vector_index_util.cpp	ObVectorQueryRowkeyIterator::get_next_row	line 74: ret != OB_ITER_END	END_OF_DATA	!matches!(ret, Err(OB_ITER_END)) on the local ret, an ObResult; the test puts the function in the local-ret form (s2-errors.md 2.3). The empty branch stays (s2-errors.md 2.3) and the code is returned as in C++. The DAS iterators keep ending with Err(OB_ITER_END), never an Option or a bool, until parity (s2-errors.md 2.4 rules 1 and 2).	sweep: ret-compare.tsv:777 (data row 776). Producer: scan_iter_->get_next_row() at ob_plugin_vector_index_util.cpp:73, scan_iter_, an ObDASIter * (src/query/api/query/vector/ob_vector_query_result.h:72), whose get_next_row and get_next_rows return the virtual inner_get_next_row's and inner_get_next_rows's codes (src/sql/das/iter/ob_das_iter.cpp:108, :120), OB_ITER_END after the last row. Holder: the local ret (ob_plugin_vector_index_util.cpp:65). Code's branch: nothing; the function returns it (ob_plugin_vector_index_util.cpp:78). Escapes: the IVF scan iterator reads saved rowkeys through it (src/sql/das/iter/ob_das_ivf_scan_iter.cpp:502).	confirmed
src/observer/vector_index/ob_plugin_vector_index_util.cpp	ObVectorQueryRowkeyIterator::get_next_rows	line 94: ret != OB_ITER_END	END_OF_DATA	!matches!(ret, Err(OB_ITER_END)) on the local ret, an ObResult; the test puts the function in the local-ret form (s2-errors.md 2.3). The empty branch stays (s2-errors.md 2.3) and the code is returned as in C++. The DAS iterators keep ending with Err(OB_ITER_END), never an Option or a bool, until parity (s2-errors.md 2.4 rules 1 and 2).	sweep: ret-compare.tsv:778 (data row 777). Producer: scan_iter_->get_next_rows(count, batch_size_) at ob_plugin_vector_index_util.cpp:93, scan_iter_, an ObDASIter * (src/query/api/query/vector/ob_vector_query_result.h:72), whose get_next_row and get_next_rows return the virtual inner_get_next_row's and inner_get_next_rows's codes (src/sql/das/iter/ob_das_iter.cpp:108, :120), OB_ITER_END after the last row. Holder: the local ret (ob_plugin_vector_index_util.cpp:83). Code's branch: nothing; the function returns it (ob_plugin_vector_index_util.cpp:97). Escapes: the IVF scan iterator passes it on through an empty test (src/sql/das/iter/ob_das_ivf_scan_iter.cpp:535-537).	confirmed
src/observer/vector_index/ob_plugin_vector_index_util.cpp	ObPluginVectorIndexHelper::driect_merge_delta_and_snap_vids	line 400: ret == OB_HASH_EXIST	LOOKUP_OUTCOME	After ret = vid_hash_set.exist_refactored(..) (ob_plugin_vector_index_util.cpp:399), the if / else-if chain over codes on ret at ob_plugin_vector_index_util.cpp:400-414 is match ret { Err(OB_HASH_EXIST) => { ret = Ok(()); i += 1; } Err(OB_HASH_NOT_EXIST) => { ret = Ok(()); .. } _ => {} } (s2-errors.md 2.3's table; RULEBOOK 2.1), the last arm empty like the C++ else (s2-errors.md 2.3: empty branches stay); this row is its first arm, on the local ret, an ObResult, in the local-ret form (s2-errors.md 2.3); the reset and the skip stay (s2-errors.md 2.4 rule 1). The set stays an ObHashSet port answering OB_HASH_EXIST and OB_HASH_NOT_EXIST, and OB_NOT_INIT for a set never created, never an Option or a bool, until parity (s2-errors.md 2.4 rules 1 and 2). The lookup index at ob_plugin_vector_index_util.cpp:399 is kept as written, res_num - first.total_ (see evidence), marked BUG(port) with this site (RULEBOOK 2.10, the BUG rule).	sweep: ret-compare.tsv:779 (data row 778). Producer: ret = vid_hash_set, a local ObHashSet<int64_t> (ob_plugin_vector_index_util.cpp:382), .exist_refactored(second.vids_[res_num - first.total_]) at ob_plugin_vector_index_util.cpp:399; exist_refactored turns a hit into OB_HASH_EXIST (src/oblib/lib/hash/ob_hashset.h:162-163) and otherwise returns the table's get code, OB_HASH_NOT_EXIST for a miss (ob_hashset.h:161; src/oblib/lib/hash/ob_hashtable.h:1131). Holder: the local ret (ob_plugin_vector_index_util.cpp:366). Code's branch: ret = OB_SUCCESS and i++ (ob_plugin_vector_index_util.cpp:401-402): the vid of second is already among first's, so it is skipped. The lookup indexes second by res_num, not by i, and a skip does not move res_num, so after the first duplicate the same vid is looked up again until i runs out and the rest of second is dropped (ob_plugin_vector_index_util.cpp:398-415): a C++ defect the port reproduces.	confirmed
src/observer/vector_index/ob_plugin_vector_index_util.cpp	ObPluginVectorIndexHelper::driect_merge_delta_and_snap_vids	line 403: ret == OB_HASH_NOT_EXIST	LOOKUP_OUTCOME	The same match ret { .. } as ret-compare.tsv:779, for the if / else-if chain over codes on ret at ob_plugin_vector_index_util.cpp:400-414 (s2-errors.md 2.3's table; RULEBOOK 2.1); this row is its second arm, Err(OB_HASH_NOT_EXIST) => { .. }, on the local ret, an ObResult, in the local-ret form (s2-errors.md 2.3); the arm's reset, copies and counters stay in the C++ order (s2-errors.md 2.4 rule 1). The set stays an ObHashSet port answering OB_HASH_EXIST and OB_HASH_NOT_EXIST, and OB_NOT_INIT for a set never created, never an Option or a bool, until parity (s2-errors.md 2.4 rules 1 and 2).	sweep: ret-compare.tsv:780 (data row 779). Producer: ret = vid_hash_set, a local ObHashSet<int64_t> (ob_plugin_vector_index_util.cpp:382), .exist_refactored(...) at ob_plugin_vector_index_util.cpp:399; exist_refactored turns a hit into OB_HASH_EXIST (src/oblib/lib/hash/ob_hashset.h:162-163) and otherwise returns the table's get code, OB_HASH_NOT_EXIST for a miss (ob_hashset.h:161; src/oblib/lib/hash/ob_hashtable.h:1131). Holder: the local ret (ob_plugin_vector_index_util.cpp:366). Code's branch: ret = OB_SUCCESS, and second's vid, distance and extra info are copied into the result (ob_plugin_vector_index_util.cpp:404-412).	confirmed
src/observer/vector_index/ob_plugin_vector_index_util.cpp	ObPluginVectorIndexHelper::sort_merge_delta_and_snap_vids	line 467: tmp_ret == OB_HASH_EXIST	LOOKUP_OUTCOME	After tmp_ret is declared with vid_hash_set.exist_refactored(..) (ob_plugin_vector_index_util.cpp:466), the if / else-if chain over codes on tmp_ret at ob_plugin_vector_index_util.cpp:467-480 is match tmp_ret { Err(OB_HASH_EXIST) => { i += 1; } Err(OB_HASH_NOT_EXIST) => { if ob_fail!(ret = vid_hash_set.set_refactored(..)) {} else { .. } } _ => {} } (s2-errors.md 2.3's table; RULEBOOK 2.1), the last arm empty like the C++ else (s2-errors.md 2.3: empty branches stay); this row is its first arm, on the local tmp_ret, its own ObResult (s2-errors.md 2.4 rule 4), in the local-ret form (s2-errors.md 2.3); the skip stays (s2-errors.md 2.4 rule 1). The set stays an ObHashSet port answering OB_HASH_EXIST and OB_HASH_NOT_EXIST, and OB_NOT_INIT for a set never created, never an Option or a bool, until parity (s2-errors.md 2.4 rules 1 and 2).	sweep: ret-compare.tsv:781 (data row 780). Producer: vid_hash_set, a local ObHashSet<int64_t> (ob_plugin_vector_index_util.cpp:460), .exist_refactored(first.vids_[i]) at ob_plugin_vector_index_util.cpp:466; exist_refactored turns a hit into OB_HASH_EXIST (src/oblib/lib/hash/ob_hashset.h:162-163) and otherwise returns the table's get code, OB_HASH_NOT_EXIST for a miss (ob_hashset.h:161; src/oblib/lib/hash/ob_hashtable.h:1131). Holder: the local tmp_ret, declared with that call (ob_plugin_vector_index_util.cpp:466). Code's branch: i++ (ob_plugin_vector_index_util.cpp:468): the vid is already in the result, so it is skipped. Any other code takes the empty else (ob_plugin_vector_index_util.cpp:479-480), and the loop repeats without moving i or j.	confirmed
src/observer/vector_index/ob_plugin_vector_index_util.cpp	ObPluginVectorIndexHelper::sort_merge_delta_and_snap_vids	line 469: tmp_ret == OB_HASH_NOT_EXIST	LOOKUP_OUTCOME	The same match tmp_ret { .. } as ret-compare.tsv:781, for the if / else-if chain over codes on tmp_ret at ob_plugin_vector_index_util.cpp:467-480 (s2-errors.md 2.3's table; RULEBOOK 2.1); this row is its second arm, Err(OB_HASH_NOT_EXIST) => { .. }, on the local tmp_ret, its own ObResult (s2-errors.md 2.4 rule 4), in the local-ret form (s2-errors.md 2.3); the arm's insert, whose code goes into ret, and its copies stay in the C++ order (s2-errors.md 2.4 rule 1). The set stays an ObHashSet port answering OB_HASH_EXIST and OB_HASH_NOT_EXIST, and OB_NOT_INIT for a set never created, never an Option or a bool, until parity (s2-errors.md 2.4 rules 1 and 2).	sweep: ret-compare.tsv:782 (data row 781). Producer: vid_hash_set, a local ObHashSet<int64_t> (ob_plugin_vector_index_util.cpp:460), .exist_refactored(first.vids_[i]) at ob_plugin_vector_index_util.cpp:466; exist_refactored turns a hit into OB_HASH_EXIST (src/oblib/lib/hash/ob_hashset.h:162-163) and otherwise returns the table's get code, OB_HASH_NOT_EXIST for a miss (ob_hashset.h:161; src/oblib/lib/hash/ob_hashtable.h:1131). Holder: the local tmp_ret, declared with that call (ob_plugin_vector_index_util.cpp:466). Code's branch: the vid is inserted into the set, the insert's code going into ret (ob_plugin_vector_index_util.cpp:470), and on success first's distance, vid and extra info are copied into the result (ob_plugin_vector_index_util.cpp:472-477).	confirmed
src/observer/vector_index/ob_plugin_vector_index_util.cpp	ObPluginVectorIndexHelper::sort_merge_delta_and_snap_vids	line 483: tmp_ret == OB_HASH_EXIST	LOOKUP_OUTCOME	After tmp_ret is declared with vid_hash_set.exist_refactored(..) (ob_plugin_vector_index_util.cpp:482), the if / else-if chain over codes on tmp_ret at ob_plugin_vector_index_util.cpp:483-496 is match tmp_ret { Err(OB_HASH_EXIST) => { j += 1; } Err(OB_HASH_NOT_EXIST) => { if ob_fail!(ret = vid_hash_set.set_refactored(..)) {} else { .. } } _ => {} } (s2-errors.md 2.3's table; RULEBOOK 2.1), the last arm empty like the C++ else (s2-errors.md 2.3: empty branches stay); this row is its first arm, on the local tmp_ret, its own ObResult (s2-errors.md 2.4 rule 4), in the local-ret form (s2-errors.md 2.3); the skip stays (s2-errors.md 2.4 rule 1). The set stays an ObHashSet port answering OB_HASH_EXIST and OB_HASH_NOT_EXIST, and OB_NOT_INIT for a set never created, never an Option or a bool, until parity (s2-errors.md 2.4 rules 1 and 2).	sweep: ret-compare.tsv:783 (data row 782). Producer: vid_hash_set, a local ObHashSet<int64_t> (ob_plugin_vector_index_util.cpp:460), .exist_refactored(second.vids_[j]) at ob_plugin_vector_index_util.cpp:482; exist_refactored turns a hit into OB_HASH_EXIST (src/oblib/lib/hash/ob_hashset.h:162-163) and otherwise returns the table's get code, OB_HASH_NOT_EXIST for a miss (ob_hashset.h:161; src/oblib/lib/hash/ob_hashtable.h:1131). Holder: the local tmp_ret, declared with that call (ob_plugin_vector_index_util.cpp:482). Code's branch: j++ (ob_plugin_vector_index_util.cpp:484): the vid is already in the result, so it is skipped.	confirmed
src/observer/vector_index/ob_plugin_vector_index_util.cpp	ObPluginVectorIndexHelper::sort_merge_delta_and_snap_vids	line 485: tmp_ret == OB_HASH_NOT_EXIST	LOOKUP_OUTCOME	The same match tmp_ret { .. } as ret-compare.tsv:783, for the if / else-if chain over codes on tmp_ret at ob_plugin_vector_index_util.cpp:483-496 (s2-errors.md 2.3's table; RULEBOOK 2.1); this row is its second arm, Err(OB_HASH_NOT_EXIST) => { .. }, on the local tmp_ret, its own ObResult (s2-errors.md 2.4 rule 4), in the local-ret form (s2-errors.md 2.3); the arm's insert, whose code goes into ret, and its copies stay in the C++ order (s2-errors.md 2.4 rule 1). The set stays an ObHashSet port answering OB_HASH_EXIST and OB_HASH_NOT_EXIST, and OB_NOT_INIT for a set never created, never an Option or a bool, until parity (s2-errors.md 2.4 rules 1 and 2).	sweep: ret-compare.tsv:784 (data row 783). Producer: vid_hash_set, a local ObHashSet<int64_t> (ob_plugin_vector_index_util.cpp:460), .exist_refactored(second.vids_[j]) at ob_plugin_vector_index_util.cpp:482; exist_refactored turns a hit into OB_HASH_EXIST (src/oblib/lib/hash/ob_hashset.h:162-163) and otherwise returns the table's get code, OB_HASH_NOT_EXIST for a miss (ob_hashset.h:161; src/oblib/lib/hash/ob_hashtable.h:1131). Holder: the local tmp_ret, declared with that call (ob_plugin_vector_index_util.cpp:482). Code's branch: the vid is inserted into the set, the insert's code going into ret (ob_plugin_vector_index_util.cpp:486), and on success second's distance, vid and extra info are copied into the result (ob_plugin_vector_index_util.cpp:488-493).	confirmed
src/observer/vector_index/ob_plugin_vector_index_util.cpp	ObPluginVectorIndexHelper::sort_merge_delta_and_snap_vids	line 502: tmp_ret == OB_HASH_EXIST	LOOKUP_OUTCOME	After tmp_ret is declared with vid_hash_set.exist_refactored(..) (ob_plugin_vector_index_util.cpp:501), the if / else-if chain over codes on tmp_ret at ob_plugin_vector_index_util.cpp:502-515 is match tmp_ret { Err(OB_HASH_EXIST) => { i += 1; } Err(OB_HASH_NOT_EXIST) => { if ob_fail!(ret = vid_hash_set.set_refactored(..)) {} else { .. } } _ => {} } (s2-errors.md 2.3's table; RULEBOOK 2.1), the last arm empty like the C++ else (s2-errors.md 2.3: empty branches stay); this row is its first arm, on the local tmp_ret, its own ObResult (s2-errors.md 2.4 rule 4), in the local-ret form (s2-errors.md 2.3); the skip stays (s2-errors.md 2.4 rule 1). The set stays an ObHashSet port answering OB_HASH_EXIST and OB_HASH_NOT_EXIST, and OB_NOT_INIT for a set never created, never an Option or a bool, until parity (s2-errors.md 2.4 rules 1 and 2).	sweep: ret-compare.tsv:785 (data row 784). Producer: vid_hash_set, a local ObHashSet<int64_t> (ob_plugin_vector_index_util.cpp:460), .exist_refactored(first.vids_[i]) at ob_plugin_vector_index_util.cpp:501; exist_refactored turns a hit into OB_HASH_EXIST (src/oblib/lib/hash/ob_hashset.h:162-163) and otherwise returns the table's get code, OB_HASH_NOT_EXIST for a miss (ob_hashset.h:161; src/oblib/lib/hash/ob_hashtable.h:1131). Holder: the local tmp_ret, declared with that call (ob_plugin_vector_index_util.cpp:501). Code's branch: i++ (ob_plugin_vector_index_util.cpp:503): the vid is already in the result, so it is skipped.	confirmed
src/observer/vector_index/ob_plugin_vector_index_util.cpp	ObPluginVectorIndexHelper::sort_merge_delta_and_snap_vids	line 504: tmp_ret == OB_HASH_NOT_EXIST	LOOKUP_OUTCOME	The same match tmp_ret { .. } as ret-compare.tsv:785, for the if / else-if chain over codes on tmp_ret at ob_plugin_vector_index_util.cpp:502-515 (s2-errors.md 2.3's table; RULEBOOK 2.1); this row is its second arm, Err(OB_HASH_NOT_EXIST) => { .. }, on the local tmp_ret, its own ObResult (s2-errors.md 2.4 rule 4), in the local-ret form (s2-errors.md 2.3); the arm's insert, whose code goes into ret, and its copies stay in the C++ order (s2-errors.md 2.4 rule 1). The set stays an ObHashSet port answering OB_HASH_EXIST and OB_HASH_NOT_EXIST, and OB_NOT_INIT for a set never created, never an Option or a bool, until parity (s2-errors.md 2.4 rules 1 and 2).	sweep: ret-compare.tsv:786 (data row 785). Producer: vid_hash_set, a local ObHashSet<int64_t> (ob_plugin_vector_index_util.cpp:460), .exist_refactored(first.vids_[i]) at ob_plugin_vector_index_util.cpp:501; exist_refactored turns a hit into OB_HASH_EXIST (src/oblib/lib/hash/ob_hashset.h:162-163) and otherwise returns the table's get code, OB_HASH_NOT_EXIST for a miss (ob_hashset.h:161; src/oblib/lib/hash/ob_hashtable.h:1131). Holder: the local tmp_ret, declared with that call (ob_plugin_vector_index_util.cpp:501). Code's branch: the vid is inserted into the set, the insert's code going into ret (ob_plugin_vector_index_util.cpp:505), and on success first's distance, vid and extra info are copied into the result (ob_plugin_vector_index_util.cpp:507-512).	confirmed
src/observer/vector_index/ob_plugin_vector_index_util.cpp	ObPluginVectorIndexHelper::sort_merge_delta_and_snap_vids	line 520: tmp_ret == OB_HASH_EXIST	LOOKUP_OUTCOME	After tmp_ret is declared with vid_hash_set.exist_refactored(..) (ob_plugin_vector_index_util.cpp:519), the if / else-if chain over codes on tmp_ret at ob_plugin_vector_index_util.cpp:520-533 is match tmp_ret { Err(OB_HASH_EXIST) => { j += 1; } Err(OB_HASH_NOT_EXIST) => { if ob_fail!(ret = vid_hash_set.set_refactored(..)) {} else { .. } } _ => {} } (s2-errors.md 2.3's table; RULEBOOK 2.1), the last arm empty like the C++ else (s2-errors.md 2.3: empty branches stay); this row is its first arm, on the local tmp_ret, its own ObResult (s2-errors.md 2.4 rule 4), in the local-ret form (s2-errors.md 2.3); the skip stays (s2-errors.md 2.4 rule 1). The set stays an ObHashSet port answering OB_HASH_EXIST and OB_HASH_NOT_EXIST, and OB_NOT_INIT for a set never created, never an Option or a bool, until parity (s2-errors.md 2.4 rules 1 and 2).	sweep: ret-compare.tsv:787 (data row 786). Producer: vid_hash_set, a local ObHashSet<int64_t> (ob_plugin_vector_index_util.cpp:460), .exist_refactored(second.vids_[j]) at ob_plugin_vector_index_util.cpp:519; exist_refactored turns a hit into OB_HASH_EXIST (src/oblib/lib/hash/ob_hashset.h:162-163) and otherwise returns the table's get code, OB_HASH_NOT_EXIST for a miss (ob_hashset.h:161; src/oblib/lib/hash/ob_hashtable.h:1131). Holder: the local tmp_ret, declared with that call (ob_plugin_vector_index_util.cpp:519). Code's branch: j++ (ob_plugin_vector_index_util.cpp:521): the vid is already in the result, so it is skipped.	confirmed
src/observer/vector_index/ob_plugin_vector_index_util.cpp	ObPluginVectorIndexHelper::sort_merge_delta_and_snap_vids	line 522: tmp_ret == OB_HASH_NOT_EXIST	LOOKUP_OUTCOME	The same match tmp_ret { .. } as ret-compare.tsv:787, for the if / else-if chain over codes on tmp_ret at ob_plugin_vector_index_util.cpp:520-533 (s2-errors.md 2.3's table; RULEBOOK 2.1); this row is its second arm, Err(OB_HASH_NOT_EXIST) => { .. }, on the local tmp_ret, its own ObResult (s2-errors.md 2.4 rule 4), in the local-ret form (s2-errors.md 2.3); the arm's insert, whose code goes into ret, and its copies stay in the C++ order (s2-errors.md 2.4 rule 1). The set stays an ObHashSet port answering OB_HASH_EXIST and OB_HASH_NOT_EXIST, and OB_NOT_INIT for a set never created, never an Option or a bool, until parity (s2-errors.md 2.4 rules 1 and 2).	sweep: ret-compare.tsv:788 (data row 787). Producer: vid_hash_set, a local ObHashSet<int64_t> (ob_plugin_vector_index_util.cpp:460), .exist_refactored(second.vids_[j]) at ob_plugin_vector_index_util.cpp:519; exist_refactored turns a hit into OB_HASH_EXIST (src/oblib/lib/hash/ob_hashset.h:162-163) and otherwise returns the table's get code, OB_HASH_NOT_EXIST for a miss (ob_hashset.h:161; src/oblib/lib/hash/ob_hashtable.h:1131). Holder: the local tmp_ret, declared with that call (ob_plugin_vector_index_util.cpp:519). Code's branch: the vid is inserted into the set, the insert's code going into ret (ob_plugin_vector_index_util.cpp:523), and on success second's distance, vid and extra info are copied into the result (ob_plugin_vector_index_util.cpp:525-530).	confirmed
src/observer/vector_index/ob_plugin_vector_index_utils.cpp	ObPluginVectorIndexUtils::read_object_from_data_table_iter	line 151: ret != OB_ITER_END	END_OF_DATA	!matches!(ret, Err(OB_ITER_END)) on the local ret, an ObResult; the test puts the function in the local-ret form (s2-errors.md 2.3). The empty branch stays and the else keeps its output reset and ret = Ok(()) in the C++ order (s2-errors.md 2.3, 2.4 rule 1). The scan iterator keeps ending with Err(OB_ITER_END), never an Option or a bool, until parity (s2-errors.md 2.4 rules 1 and 2; ARCHITECTURE.md section 17 default 6).	sweep: ret-compare.tsv:789 (data row 788). Producer: scan_iter->get_next_row(datum_row) at ob_plugin_vector_index_utils.cpp:150, after the scan was set to one rowkey and rescanned (ob_plugin_vector_index_utils.cpp:142-143) and the iterator cast to ObTableScanIterator (ob_plugin_vector_index_utils.cpp:146); ObTableScanIterator::get_next_row answers OB_ITER_END when it has no main iterator and passes on the main iterator's OB_ITER_END after the last row (src/storage/access/ob_table_scan_iterator.cpp:603-604, :610-611); the end of rows is a point-lookup miss here: the data table has no row for the key. Holder: the local ret (ob_plugin_vector_index_utils.cpp:138). Code's branch: output_vec_obj is reset and ret = OB_SUCCESS (ob_plugin_vector_index_utils.cpp:153-154), so get_data stays false.	confirmed
src/observer/vector_index/ob_plugin_vector_index_utils.cpp	ObPluginVectorIndexUtils::read_object_from_vid_rowkey_table_iter	line 205: ret != OB_ITER_END	END_OF_DATA	!matches!(ret, Err(OB_ITER_END)) on the local ret, an ObResult; the test puts the function in the local-ret form (s2-errors.md 2.3). The empty branch and the else's INFO log stay (s2-errors.md 2.3), and the code is returned as in C++. The scan iterator keeps ending with Err(OB_ITER_END), never an Option or a bool, until parity (s2-errors.md 2.4 rules 1 and 2; ARCHITECTURE.md section 17 default 6).	sweep: ret-compare.tsv:790 (data row 789). Producer: scan_iter->get_next_row(datum_row) at ob_plugin_vector_index_utils.cpp:204, after the scan was set to one vid and rescanned (ob_plugin_vector_index_utils.cpp:196-197) and the iterator cast to ObTableScanIterator (ob_plugin_vector_index_utils.cpp:200); ObTableScanIterator::get_next_row answers OB_ITER_END when it has no main iterator and passes on the main iterator's OB_ITER_END after the last row (src/storage/access/ob_table_scan_iterator.cpp:603-604, :610-611); the end of rows is a point-lookup miss here: the vid-rowkey table has no row for the vid. Holder: the local ret (ob_plugin_vector_index_utils.cpp:193). Code's branch: an INFO log, vid is removed (ob_plugin_vector_index_utils.cpp:208); the function returns the code (ob_plugin_vector_index_utils.cpp:229). Escapes: its one caller (git grep -nw read_object_from_vid_rowkey_table_iter 834bbee1e -- src), read_vector_info, resets it and clears the vector for that vid (ob_plugin_vector_index_utils.cpp:474, :482-491, ret-compare.tsv:792).	confirmed
src/observer/vector_index/ob_plugin_vector_index_utils.cpp	ObPluginVectorIndexUtils::read_object_from_embedded_table_iter	line 255: ret != OB_ITER_END	END_OF_DATA	!matches!(ret, Err(OB_ITER_END)) on the local ret, an ObResult; the test puts the function in the local-ret form (s2-errors.md 2.3). The empty branch stays and the else keeps its output reset and ret = Ok(()) in the C++ order (s2-errors.md 2.3, 2.4 rule 1). The scan iterator keeps ending with Err(OB_ITER_END), never an Option or a bool, until parity (s2-errors.md 2.4 rules 1 and 2; ARCHITECTURE.md section 17 default 6).	sweep: ret-compare.tsv:791 (data row 790). Producer: scan_iter->get_next_row(datum_row) at ob_plugin_vector_index_utils.cpp:254, after the scan was set to one rowkey and rescanned (ob_plugin_vector_index_utils.cpp:246-247) and the iterator cast to ObTableScanIterator (ob_plugin_vector_index_utils.cpp:250); ObTableScanIterator::get_next_row answers OB_ITER_END when it has no main iterator and passes on the main iterator's OB_ITER_END after the last row (src/storage/access/ob_table_scan_iterator.cpp:603-604, :610-611); the end of rows is a point-lookup miss here: the embedded table has no row for the key. Holder: the local ret (ob_plugin_vector_index_utils.cpp:243). Code's branch: output_vec_obj is reset and ret = OB_SUCCESS (ob_plugin_vector_index_utils.cpp:257-258), so get_data stays false.	confirmed
src/observer/vector_index/ob_plugin_vector_index_utils.cpp	ObPluginVectorIndexUtils::read_vector_info	line 482: ret != OB_ITER_END	END_OF_DATA	!matches!(ret, Err(OB_ITER_END)) on the local ret, an ObResult; the test puts the function in the local-ret form (s2-errors.md 2.3). The empty branch stays and the else keeps its reset and the clearing of the vid's vector and extra infos in the C++ order (s2-errors.md 2.3, 2.4 rule 1). The scan iterator keeps ending with Err(OB_ITER_END), never an Option or a bool, until parity (s2-errors.md 2.4 rules 1 and 2; ARCHITECTURE.md section 17 default 6).	sweep: ret-compare.tsv:792 (data row 791). Producer: read_object_from_vid_rowkey_table_iter(...) at ob_plugin_vector_index_utils.cpp:474, which returns the point lookup's OB_ITER_END when the vid-rowkey table has no row for the vid (ob_plugin_vector_index_utils.cpp:204-209, ret-compare.tsv:790). Holder: the local ret (ob_plugin_vector_index_utils.cpp:398). Code's branch: ret = OB_SUCCESS, commented read next vid, and the vid's vector and extra infos are reset (ob_plugin_vector_index_utils.cpp:484-490): a removed vid gets an empty vector.	confirmed
src/observer/vector_index/ob_plugin_vector_index_utils.cpp	ObPluginVectorIndexUtils::read_vector_info	line 516: ret == OB_ITER_END	END_OF_DATA	matches!(ret, Err(OB_ITER_END)) on the local ret, an ObResult; the test puts the function in the local-ret form (s2-errors.md 2.3). The reset ret = Ok(()) stays in the C++ place (s2-errors.md 2.4 rule 1), and the test stays whatever codes arrive, since RULEBOOK section 0's list of removable statements does not name it. The scan iterator keeps ending with Err(OB_ITER_END), never an Option or a bool, until parity (s2-errors.md 2.4 rules 1 and 2; ARCHITECTURE.md section 17 default 6).	sweep: ret-compare.tsv:793 (data row 792). Producer: the reads of the batch loop (ob_plugin_vector_index_utils.cpp:474, :492, :502); the point lookups' own OB_ITER_END is reset before it gets here (ob_plugin_vector_index_utils.cpp:151-155, :255-259, :482-484), so the test catches an OB_ITER_END only from their other calls, add_key_ranges and iter_table_rescan (ob_plugin_vector_index_utils.cpp:142-143, :196-197, :246-247). Holder: the local ret (ob_plugin_vector_index_utils.cpp:398). Code's branch: ret = OB_SUCCESS (ob_plugin_vector_index_utils.cpp:517), after which the batch's vectors go to the adapter (ob_plugin_vector_index_utils.cpp:520-523).	confirmed
src/observer/vector_index/ob_plugin_vector_index_utils.cpp	ObPluginVectorIndexUtils::read_vector_info	line 564: ret == OB_ITER_END	END_OF_DATA	matches!(ret, Err(OB_ITER_END)) on the local ret, an ObResult; the test puts the function in the local-ret form (s2-errors.md 2.3). The reset ret = Ok(()) stays in the C++ place (s2-errors.md 2.4 rule 1), and the test stays whatever codes arrive, since RULEBOOK section 0's list of removable statements does not name it. The scan iterator keeps ending with Err(OB_ITER_END), never an Option or a bool, until parity (s2-errors.md 2.4 rules 1 and 2; ARCHITECTURE.md section 17 default 6).	sweep: ret-compare.tsv:794 (data row 793). Producer: the reads of the batch loop without vids (ob_plugin_vector_index_utils.cpp:540, :551); their point lookups' own OB_ITER_END is reset before it gets here (ob_plugin_vector_index_utils.cpp:151-155, :255-259), so the test catches an OB_ITER_END only from their other calls, add_key_ranges and iter_table_rescan (ob_plugin_vector_index_utils.cpp:142-143, :246-247). Holder: the local ret (ob_plugin_vector_index_utils.cpp:398). Code's branch: ret = OB_SUCCESS (ob_plugin_vector_index_utils.cpp:565), after which the batch's vectors go to the adapter (ob_plugin_vector_index_utils.cpp:568-571).	confirmed
src/observer/vector_index/ob_plugin_vector_index_utils.cpp	ObPluginVectorIndexUtils::try_sync_snapshot_memdata	line 665: ret == OB_ITER_END	END_OF_DATA	matches!(ret, Err(OB_ITER_END)) on the local ret, an ObResult; the test puts the function in the local-ret form (s2-errors.md 2.3). The reset ret = Ok(()) and the empty else stay in the C++ place (s2-errors.md 2.3, 2.4 rule 1). The scan iterator keeps ending with Err(OB_ITER_END), never an Option or a bool, until parity (s2-errors.md 2.4 rules 1 and 2; ARCHITECTURE.md section 17 default 6).	sweep: ret-compare.tsv:795 (data row 794). Producer: table_scan_iter->get_next_row(row) at ob_plugin_vector_index_utils.cpp:664, the snapshot table's row iterator that read_local_tablet opened (ob_plugin_vector_index_utils.cpp:653), cast to ObTableScanIterator (ob_plugin_vector_index_utils.cpp:663); ObTableScanIterator::get_next_row answers OB_ITER_END when it has no main iterator and passes on the main iterator's OB_ITER_END after the last row (src/storage/access/ob_table_scan_iterator.cpp:603-604, :610-611). Holder: the local ret (ob_plugin_vector_index_utils.cpp:641). Code's branch: ret = OB_SUCCESS (ob_plugin_vector_index_utils.cpp:666): the snapshot table has no row, so nothing is deserialized, index_count stays 0 and adapter is left as it was, since the release after the chain frees only a new adapter and none is made on this path (ob_plugin_vector_index_utils.cpp:744-751); any other code passes on through the empty else (ob_plugin_vector_index_utils.cpp:667-668). The function returns the reset ret after reverting the scan iterator (ob_plugin_vector_index_utils.cpp:752-758).	confirmed
src/observer/vector_index/ob_plugin_vector_index_utils.cpp	ObPluginVectorIndexUtils::erase_ivf_build_helper	line 1668: ret == OB_HASH_NOT_EXIST	LOOKUP_OUTCOME	matches!(ret, Err(OB_HASH_NOT_EXIST)) on the local ret, an ObResult; the test puts the function in the local-ret form (s2-errors.md 2.3). The test sits after the if chain and reads every ret, as the C++ has it, and its reset ret = Ok(()) stays at the same place (s2-errors.md 2.4 rule 1). The helper map stays an ObHashMap port whose erase_refactored answers OB_HASH_NOT_EXIST for a missing key, and OB_NOT_INIT for a map never created, never an Option or a bool, until parity (s2-errors.md 2.4 rules 1 and 2; RULEBOOK 2.5, the ObHashMap row).	sweep: ret-compare.tsv:796 (data row 795). Producer: vec_index_service->erase_ivf_build_helper(key) at ob_plugin_vector_index_utils.cpp:1666; the service passes on its manager's code (src/observer/vector_index/ob_plugin_vector_index_service.cpp:778), and ObPluginVectorIndexMgr::erase_ivf_build_helper erases the key from ivf_index_helper_map_ (ob_plugin_vector_index_service.cpp:188), an IvfVectorIndexHelperMap, an ObHashMap<ObIvfHelperKey, ObIvfBuildHelper *> (src/observer/vector_index/ob_plugin_vector_index_service.h:105), whose erase answers OB_HASH_NOT_EXIST for a missing key (src/oblib/lib/hash/ob_hashtable.h:1379). Holder: the local ret (ob_plugin_vector_index_utils.cpp:1662). Code's branch: ret = OB_SUCCESS (ob_plugin_vector_index_utils.cpp:1669): a helper already gone counts as erased, and the function returns the reset ret (ob_plugin_vector_index_utils.cpp:1671). The function has no caller: git grep -n erase_ivf_build_helper 834bbee1e -- src finds only its declaration and definition (src/observer/vector_index/ob_plugin_vector_index_utils.h:153; ob_plugin_vector_index_utils.cpp:1660), the service's and the manager's functions of that name (ob_plugin_vector_index_service.cpp:184, :775; ob_plugin_vector_index_service.h:195, :378), their one call each (ob_plugin_vector_index_utils.cpp:1666; ob_plugin_vector_index_service.cpp:778), and a pure virtual that no code calls (src/storage/api/storage/vector/ob_i_vector_index_runtime.h:71).	confirmed
src/observer/vector_index/ob_plugin_vector_index_utils.cpp	ObPluginVectorIndexUtils::fill_mem_context_detail_info	line 1750: ret != OB_HASH_NOT_EXIST	LOOKUP_OUTCOME	!matches!(ret, Err(OB_HASH_NOT_EXIST)) on the local ret, an ObResult; the test puts the function in the local-ret form (s2-errors.md 2.3). The empty branch stays (s2-errors.md 2.3); OB_HASH_NOT_EXIST stays in ret, ends the loop through its OB_SUCC(ret) condition and is returned, as in C++. The adapter maps stay ObHashMap ports whose get_refactored answers OB_HASH_NOT_EXIST for a miss, and OB_NOT_INIT for a map never created, never an Option or a bool, until parity (s2-errors.md 2.4 rules 1 and 2; RULEBOOK 2.5, the ObHashMap row).	sweep: ret-compare.tsv:797 (data row 796). Producer: service->get_adapter_inst_guard(tablet_id, adapter_guard) at ob_plugin_vector_index_utils.cpp:1749; ObPluginVectorIndexService::get_adapter_inst_guard passes on its manager's code (src/observer/vector_index/ob_plugin_vector_index_service.cpp:723), whose get_adapter_inst_ looks the tablet id up in the partial adapter map, resets a miss there, and then answers the complete adapter map's OB_HASH_NOT_EXIST unchanged (ob_plugin_vector_index_service.cpp:204, :226-230, :236-240); both maps are a VectorIndexAdaptorMap, an ObHashMap<ObTabletID, ObPluginVectorIndexAdaptor *> (src/observer/vector_index/ob_plugin_vector_index_scheduler.h:442), whose get_refactored answers OB_HASH_NOT_EXIST for a miss (src/oblib/lib/hash/ob_hashtable.h:1131). Holder: the local ret (ob_plugin_vector_index_utils.cpp:1742). Code's branch: nothing; the code stays in ret, the loop ends on its OB_SUCC(ret) condition (ob_plugin_vector_index_utils.cpp:1746) and the function returns it (ob_plugin_vector_index_utils.cpp:1791). Escapes: get_mem_context_detail_info passes it on (ob_plugin_vector_index_utils.cpp:1801-1806) to its one caller (git grep -nw get_mem_context_detail_info 834bbee1e -- src), ObAllVirtualVectorMemInfo::inner_get_next_row, whose OB_FAIL keeps it (src/observer/virtual_table/ob_all_virtual_vector_mem_info.cpp:92-93) until the read of the empty scanner overwrites it with OB_ITER_END (ob_all_virtual_vector_mem_info.cpp:141), so the table then shows no row and no error; the tablet ids come from the service's lists just before (ob_all_virtual_vector_mem_info.cpp:89-90).	confirmed
src/observer/vector_index/ob_plugin_vector_index_utils.cpp	ObPluginVectorIndexUtils::fill_mem_context_detail_info	line 1757: ret == OB_HASH_EXIST	LOOKUP_OUTCOME	Inside the failure branch of ob_fail!(ret = adaptor_ptr_set.exist_refactored(..)), the if / else-if chain over codes on ret at ob_plugin_vector_index_utils.cpp:1757-1786 is match ret { Err(OB_HASH_EXIST) => { ret = Ok(()); } Err(OB_HASH_NOT_EXIST) => { ret = Ok(()); .. } _ => {} } (s2-errors.md 2.3's table; RULEBOOK 2.1), the last arm empty like the C++ else (s2-errors.md 2.3: empty branches stay); this row is its first arm, on the local ret, an ObResult, and the test puts the function in the local-ret form (s2-errors.md 2.3); the reset stays (s2-errors.md 2.4 rule 1). The set is keyed by the object's address (its pointer-identity.tsv row decides the key's Rust form); whatever key the port uses, the set's exist_refactored answers OB_HASH_EXIST and OB_HASH_NOT_EXIST, never an Option or a bool, until parity (s2-errors.md 2.4 rules 1 and 2; RULEBOOK 2.4, the address-keyed map row).	sweep: ret-compare.tsv:798 (data row 797). Producer: adaptor_ptr_set.exist_refactored(reinterpret_cast<int64_t>(adaptor)) at ob_plugin_vector_index_utils.cpp:1756, a local hash::ObHashSet<int64_t> (ob_plugin_vector_index_utils.cpp:1743) keyed by the object's address (pointer-identity.tsv:29); exist_refactored turns a hit into OB_HASH_EXIST (src/oblib/lib/hash/ob_hashset.h:162-163) and otherwise returns the table's get code, OB_HASH_NOT_EXIST for a miss (ob_hashset.h:161; src/oblib/lib/hash/ob_hashtable.h:1131). Holder: the local ret (ob_plugin_vector_index_utils.cpp:1742). Code's branch: ret = OB_SUCCESS (ob_plugin_vector_index_utils.cpp:1759): the adapter was printed already for an earlier tablet id of the list, so it is skipped and the loop goes on (ob_plugin_vector_index_utils.cpp:1746).	confirmed
src/observer/vector_index/ob_plugin_vector_index_utils.cpp	ObPluginVectorIndexUtils::fill_mem_context_detail_info	line 1760: ret == OB_HASH_NOT_EXIST	LOOKUP_OUTCOME	The same match ret { .. } as ret-compare.tsv:798, for the if / else-if chain over codes on ret at ob_plugin_vector_index_utils.cpp:1757-1786 (s2-errors.md 2.3's table; RULEBOOK 2.1); this row is its second arm, Err(OB_HASH_NOT_EXIST) => { .. }, on the local ret, an ObResult, in the local-ret form (s2-errors.md 2.3); the arm's reset, its databuff_printf! calls and the set insert under oz! stay in the C++ order (s2-errors.md 2.4 rule 1; RULEBOOK 2.1, the check macro row). The set is keyed by the object's address (its pointer-identity.tsv row decides the key's Rust form); whatever key the port uses, the set's exist_refactored answers OB_HASH_EXIST and OB_HASH_NOT_EXIST, never an Option or a bool, until parity (s2-errors.md 2.4 rules 1 and 2; RULEBOOK 2.4, the address-keyed map row).	sweep: ret-compare.tsv:799 (data row 798). Producer: adaptor_ptr_set.exist_refactored(reinterpret_cast<int64_t>(adaptor)) at ob_plugin_vector_index_utils.cpp:1756, a local hash::ObHashSet<int64_t> (ob_plugin_vector_index_utils.cpp:1743) keyed by the object's address (pointer-identity.tsv:29); exist_refactored turns a hit into OB_HASH_EXIST (src/oblib/lib/hash/ob_hashset.h:162-163) and otherwise returns the table's get code, OB_HASH_NOT_EXIST for a miss (ob_hashset.h:161; src/oblib/lib/hash/ob_hashtable.h:1131). Holder: the local ret (ob_plugin_vector_index_utils.cpp:1742). Code's branch: ret = OB_SUCCESS, the adapter's incremental, snapshot and bitmap memory are printed into buf (ob_plugin_vector_index_utils.cpp:1761-1782), and its address goes into the set through OZ (ob_plugin_vector_index_utils.cpp:1784), so each adapter is printed once.	confirmed
src/observer/vector_index/ob_plugin_vector_index_utils.cpp	ObPluginVectorIndexUtils::fill_ivf_mem_context_detail_info	line 1819: ret != OB_HASH_NOT_EXIST	LOOKUP_OUTCOME	!matches!(ret, Err(OB_HASH_NOT_EXIST)) on the local ret, an ObResult; the test puts the function in the local-ret form (s2-errors.md 2.3). The empty branch stays (s2-errors.md 2.3); OB_HASH_NOT_EXIST stays in ret, ends the loop through its OB_SUCC(ret) condition and is returned, as in C++. The cache manager map stays an ObHashMap port whose get_refactored answers OB_HASH_NOT_EXIST for a miss, and OB_NOT_INIT for a map never created, never an Option or a bool, until parity (s2-errors.md 2.4 rules 1 and 2; RULEBOOK 2.5, the ObHashMap row).	sweep: ret-compare.tsv:800 (data row 799). Producer: service->acquire_ivf_cache_mgr_guard(tablet_id, cache_mgr_guard) at ob_plugin_vector_index_utils.cpp:1818; the two-argument form passes on its manager's get_ivf_cache_mgr_guard (src/observer/vector_index/ob_plugin_vector_index_service.cpp:1530), which passes on get_ivf_cache_mgr's code (ob_plugin_vector_index_service.cpp:1296-1298); that one looks the key up in ivf_cache_mgr_map_ and logs a miss at INFO (ob_plugin_vector_index_service.cpp:1280-1283), an IvfCacheMgrMap, an ObHashMap<ObTabletID, ObIvfCacheMgr *> (src/observer/vector_index/ob_plugin_vector_index_service.h:106), whose get_refactored answers OB_HASH_NOT_EXIST for a miss (src/oblib/lib/hash/ob_hashtable.h:1131). Holder: the local ret (ob_plugin_vector_index_utils.cpp:1811). Code's branch: nothing; the code stays in ret, the loop ends on its OB_SUCC(ret) condition (ob_plugin_vector_index_utils.cpp:1815) and the function returns it (ob_plugin_vector_index_utils.cpp:1841). Escapes: get_mem_context_detail_info passes it on (ob_plugin_vector_index_utils.cpp:1803, :1806) to its one caller (git grep -nw get_mem_context_detail_info 834bbee1e -- src), ObAllVirtualVectorMemInfo::inner_get_next_row, whose OB_FAIL keeps it (src/observer/virtual_table/ob_all_virtual_vector_mem_info.cpp:92-93) until the read of the empty scanner overwrites it with OB_ITER_END (ob_all_virtual_vector_mem_info.cpp:141), so the table then shows no row and no error; the tablet ids come from the service's lists just before (ob_all_virtual_vector_mem_info.cpp:89-90).	confirmed
src/observer/vector_index/ob_plugin_vector_index_utils.cpp	ObPluginVectorIndexUtils::fill_ivf_mem_context_detail_info	line 1826: ret == OB_HASH_EXIST	LOOKUP_OUTCOME	Inside the failure branch of ob_fail!(ret = adaptor_ptr_set.exist_refactored(..)), the if / else-if chain over codes on ret at ob_plugin_vector_index_utils.cpp:1826-1837 is match ret { Err(OB_HASH_EXIST) => { ret = Ok(()); } Err(OB_HASH_NOT_EXIST) => { ret = Ok(()); .. } _ => {} } (s2-errors.md 2.3's table; RULEBOOK 2.1), the last arm empty like the C++ else (s2-errors.md 2.3: empty branches stay); this row is its first arm, on the local ret, an ObResult, and the test puts the function in the local-ret form (s2-errors.md 2.3); the reset stays (s2-errors.md 2.4 rule 1). The set is keyed by the object's address (its pointer-identity.tsv row decides the key's Rust form); whatever key the port uses, the set's exist_refactored answers OB_HASH_EXIST and OB_HASH_NOT_EXIST, never an Option or a bool, until parity (s2-errors.md 2.4 rules 1 and 2; RULEBOOK 2.4, the address-keyed map row).	sweep: ret-compare.tsv:801 (data row 800). Producer: adaptor_ptr_set.exist_refactored(reinterpret_cast<int64_t>(adaptor)) at ob_plugin_vector_index_utils.cpp:1825, a local hash::ObHashSet<int64_t> (ob_plugin_vector_index_utils.cpp:1812) keyed by the object's address (pointer-identity.tsv:31); exist_refactored turns a hit into OB_HASH_EXIST (src/oblib/lib/hash/ob_hashset.h:162-163) and otherwise returns the table's get code, OB_HASH_NOT_EXIST for a miss (ob_hashset.h:161; src/oblib/lib/hash/ob_hashtable.h:1131). Holder: the local ret (ob_plugin_vector_index_utils.cpp:1811). Code's branch: ret = OB_SUCCESS (ob_plugin_vector_index_utils.cpp:1828): the cache manager was printed already for an earlier tablet id of the list, so it is skipped and the loop goes on (ob_plugin_vector_index_utils.cpp:1815).	confirmed
src/observer/vector_index/ob_plugin_vector_index_utils.cpp	ObPluginVectorIndexUtils::fill_ivf_mem_context_detail_info	line 1829: ret == OB_HASH_NOT_EXIST	LOOKUP_OUTCOME	The same match ret { .. } as ret-compare.tsv:801, for the if / else-if chain over codes on ret at ob_plugin_vector_index_utils.cpp:1826-1837 (s2-errors.md 2.3's table; RULEBOOK 2.1); this row is its second arm, Err(OB_HASH_NOT_EXIST) => { .. }, on the local ret, an ObResult, in the local-ret form (s2-errors.md 2.3); the arm's reset, its databuff_printf! call and the set insert under oz! stay in the C++ order (s2-errors.md 2.4 rule 1; RULEBOOK 2.1, the check macro row). The set is keyed by the object's address (its pointer-identity.tsv row decides the key's Rust form); whatever key the port uses, the set's exist_refactored answers OB_HASH_EXIST and OB_HASH_NOT_EXIST, never an Option or a bool, until parity (s2-errors.md 2.4 rules 1 and 2; RULEBOOK 2.4, the address-keyed map row).	sweep: ret-compare.tsv:802 (data row 801). Producer: adaptor_ptr_set.exist_refactored(reinterpret_cast<int64_t>(adaptor)) at ob_plugin_vector_index_utils.cpp:1825, a local hash::ObHashSet<int64_t> (ob_plugin_vector_index_utils.cpp:1812) keyed by the object's address (pointer-identity.tsv:31); exist_refactored turns a hit into OB_HASH_EXIST (src/oblib/lib/hash/ob_hashset.h:162-163) and otherwise returns the table's get code, OB_HASH_NOT_EXIST for a miss (ob_hashset.h:161; src/oblib/lib/hash/ob_hashtable.h:1131). Holder: the local ret (ob_plugin_vector_index_utils.cpp:1811). Code's branch: ret = OB_SUCCESS, the cache manager's memory is printed into buf (ob_plugin_vector_index_utils.cpp:1831-1834), and its address goes into the set through OZ (ob_plugin_vector_index_utils.cpp:1835), so each cache manager is printed once.	confirmed
src/observer/vector_index/ob_vector_index_async_task.cpp	ObVecTaskManager::check_task_status	line 394: ret == OB_ITER_END	END_OF_DATA	matches!(ret, Err(OB_ITER_END)) on the local ret, an ObResult; the test puts the function in the local-ret form (s2-errors.md 2.3). The reset ret = Ok(()) and the empty else stay in the C++ place (s2-errors.md 2.3, 2.4 rule 1). The inner SQL result keeps ending with Err(OB_ITER_END), never an Option or a bool, until parity (s2-errors.md 2.4 rules 1 and 2; ARCHITECTURE.md section 17 default 6).	sweep: ret-compare.tsv:803 (data row 802). Producer: result->next() at ob_vector_index_async_task.cpp:393, the first row of the read of one task's row from the task history table (ob_vector_index_async_task.cpp:383-385, :390); ObMySQLResult::next is pure virtual (src/oblib/common/mysqlclient/ob_mysql_result.h:1560), and ObInnerSQLResult::next answers OB_ITER_END once iter_end_ is set and passes on the result set's OB_ITER_END after the last row (src/observer/ob_inner_sql_result.cpp:207-208, :216-217). Holder: the local ret (ob_vector_index_async_task.cpp:369). Code's branch: ret = OB_SUCCESS (ob_vector_index_async_task.cpp:395): the task has no history row yet, so it is not added to finished_task and stays in task_ids_ (ob_vector_index_async_task.cpp:401, :416-419), and the loop goes on to the next task (ob_vector_index_async_task.cpp:376).	confirmed
src/observer/vector_index/ob_vector_index_async_task.cpp	ObVecTaskManager::check_task_status	line 409: ret == OB_EAGAIN	RENAMED	Inside the failure branch of the if (OB_FAIL(ret)) chain (ob_vector_index_async_task.cpp:408), matches!(ret, Err(OB_EAGAIN)) on the local ret, an ObResult, in the local-ret form (s2-errors.md 2.3); the rename and its user message are one statement at the same place, ret = Err(log_user_error!(OB_OP_NOT_ALLOW, b"call dbms_vector.refresh_index/rebuild_index before vector index adapter ready is")), never map_err (s2-errors.md 2.4 rule 3; 2.7 rule 3), followed by the INFO log, which takes no code (s2-errors.md 2.5 rule 1).	sweep: ret-compare.tsv:804 (data row 803). Producer: the loop's last code; OB_EAGAIN reaches ret from OB_FAIL(task_result.ret_code_) (ob_vector_index_async_task.cpp:400), the stored code of a finished task read from the history table's ret_code column (src/observer/vector_index/ob_vector_index_async_task_util.cpp:712), OB_EAGAIN for a task still getting it when its retries ran out, which the executor then finishes with that code (src/observer/vector_index/ob_vector_index_i_task_executor.cpp:271-272), such as an embedding refresh that finds no adapter (src/observer/vector_index/ob_hybrid_vector_refresh_task.cpp:220-221, ret-compare.tsv:694); the loop's other calls (ob_vector_index_async_task.cpp:382-385, :390, :398) are not traced for it. Holder: the local ret (ob_vector_index_async_task.cpp:369). Code's branch: ret = OB_OP_NOT_ALLOW with LOG_USER_ERROR(OB_OP_NOT_ALLOW, ..) and an INFO log (ob_vector_index_async_task.cpp:410-414), so the client sees "call dbms_vector.refresh_index/rebuild_index before vector index adapter ready is not allowed" (OB_OP_NOT_ALLOW's message, src/share/ob_errno.def:219) and never OB_EAGAIN. Escapes: check_task_status returns it (ob_vector_index_async_task.cpp:421) to ObVecTaskManager::process_task, whose loop ends and returns it (ob_vector_index_async_task.cpp:312-313, :322), to process_vector_index_embedding_task and process_vector_index_optimization_task (ob_vector_index_async_task.cpp:438, :446), which the refresh commands call (src/sql/engine/cmd/ob_vector_index_refresh.cpp:408, :586).	confirmed
src/observer/vector_index/ob_vector_index_async_task_util.cpp	ObVecIndexAsyncTaskOption::add_task_ctx	line 186: ret == OB_HASH_EXIST	LOOKUP_OUTCOME	Inside the failure branch of ob_fail!(ret = self.task_ctx_map_.set_refactored(..)), matches!(ret, Err(OB_HASH_EXIST)) on the local ret, an ObResult, in the local-ret form (s2-errors.md 2.3); the reset ret = Ok(()) and the empty else stay in the C++ place (s2-errors.md 2.3, 2.4 rule 1), and inc_new_task keeps the false it was given, the output parameter staying &mut (s2-errors.md 2.2 rule 2). The task map stays an ObHashMap port whose set_refactored answers OB_HASH_EXIST for a key already present, never an Option or a bool, until parity (s2-errors.md 2.4 rules 1 and 2; RULEBOOK 2.5, the ObHashMap row).	sweep: ret-compare.tsv:805 (data row 804). Producer: task_ctx_map_.set_refactored(tablet_id, task) at ob_vector_index_async_task_util.cpp:185, a VecIndexAsyncTaskMap, an ObHashMap<ObTabletID, ObVecIndexAsyncTaskCtx *> (src/observer/vector_index/ob_vector_index_async_task_util.h:186, :228); with the default flag 0 the hash table answers OB_HASH_EXIST when the key is present (src/oblib/lib/hash/ob_hashmap.h:262; src/oblib/lib/hash/ob_hashtable.h:1236-1237). Holder: the local ret (ob_vector_index_async_task_util.cpp:181). Code's branch: ret = OB_SUCCESS (ob_vector_index_async_task_util.cpp:187) with inc_new_task still false (ob_vector_index_async_task_util.cpp:182): the tablet already has a task context and the new one is not stored. Where it goes: add_task_ctx returns success (ob_vector_index_async_task_util.cpp:193); callers such as ObVecAsyncTaskExector::load_task (src/observer/vector_index/ob_vector_index_async_task.cpp:226, :280-289) and resume_task_from_inner_table (ob_vector_index_async_task_util.cpp:581-592) take inc_new_task false as a task already queued and free the new context.	confirmed
src/observer/vector_index/ob_vector_index_async_task_util.cpp	ObVecIndexAsyncTaskOption::del_task_ctx	line 200: ret != OB_HASH_NOT_EXIST	LOOKUP_OUTCOME	!matches!(ret, Err(OB_HASH_NOT_EXIST)) on the local ret, an ObResult; the test puts the function in the local-ret form (s2-errors.md 2.3). The empty branch stays and the else keeps its reset ret = Ok(()) (s2-errors.md 2.3, 2.4 rule 1). The task map stays an ObHashMap port whose erase_refactored answers OB_HASH_NOT_EXIST for a missing key, never an Option or a bool, until parity (s2-errors.md 2.4 rules 1 and 2; RULEBOOK 2.5, the ObHashMap row).	sweep: ret-compare.tsv:806 (data row 805). Producer: task_ctx_map_.erase_refactored(tablet_id) at ob_vector_index_async_task_util.cpp:199, a VecIndexAsyncTaskMap, an ObHashMap<ObTabletID, ObVecIndexAsyncTaskCtx *> (src/observer/vector_index/ob_vector_index_async_task_util.h:186, :228), whose erase answers OB_HASH_NOT_EXIST for a missing key (src/oblib/lib/hash/ob_hashtable.h:1379). Holder: the local ret (ob_vector_index_async_task_util.cpp:198). Code's branch: the comparison is false, so the else resets ret (ob_vector_index_async_task_util.cpp:202): a context already removed counts as removed, and del_task_ctx returns success (ob_vector_index_async_task_util.cpp:205). Where it goes: its one caller (git grep -nw del_task_ctx 834bbee1e -- src), ObVecITaskExecutor::clear_task_ctx, frees the context after the call (src/observer/vector_index/ob_vector_index_i_task_executor.cpp:223, :230-232); that caller's own test of OB_ENTRY_NOT_EXIST never sees a code from here (ret-compare.tsv:824).	confirmed
src/observer/vector_index/ob_vector_index_async_task_util.cpp	ObVecIndexAsyncTaskOption::is_task_ctx_exist	line 214: ret != OB_HASH_NOT_EXIST	LOOKUP_OUTCOME	!matches!(ret, Err(OB_HASH_NOT_EXIST)) on the local ret, an ObResult; the test puts the function in the local-ret form (s2-errors.md 2.3). The empty branch stays and the else keeps its reset ret = Ok(()) (s2-errors.md 2.3, 2.4 rule 1); is_exist keeps the false it was set to, the output parameter staying &mut (s2-errors.md 2.2 rule 2). The task map stays an ObHashMap port whose get_refactored answers OB_HASH_NOT_EXIST for a miss, never an Option or a bool, until parity (s2-errors.md 2.4 rules 1 and 2; RULEBOOK 2.5, the ObHashMap row).	sweep: ret-compare.tsv:807 (data row 806). Producer: task_ctx_map_.get_refactored(tablet_id, tmp_ctx) at ob_vector_index_async_task_util.cpp:213, a VecIndexAsyncTaskMap, an ObHashMap<ObTabletID, ObVecIndexAsyncTaskCtx *> (src/observer/vector_index/ob_vector_index_async_task_util.h:186, :228), whose get_refactored answers OB_HASH_NOT_EXIST for a miss (src/oblib/lib/hash/ob_hashtable.h:1131). Holder: the local ret (ob_vector_index_async_task_util.cpp:210). Code's branch: the else resets ret (ob_vector_index_async_task_util.cpp:216) and is_exist stays false (ob_vector_index_async_task_util.cpp:212): the miss is the answer, and is_task_ctx_exist returns success (ob_vector_index_async_task_util.cpp:221). Where it goes: its one caller (git grep -nw is_task_ctx_exist 834bbee1e -- src), ObIvfAsyncTaskExector::LoadTaskCallback::operator(), goes on to create a task for the tablet when is_exist is false (src/observer/vector_index/ob_ivf_async_task_executor.cpp:155-161).	confirmed
src/observer/vector_index/ob_vector_index_async_task_util.cpp	ObVecIndexAsyncTaskUtil::update_vec_task	line 508: ret == OB_ERR_EXCLUSIVE_LOCK_CONFLICT	PASSED_ON	Inside the failure branch of ob_fail!(ret = proxy.write(..)), matches!(ret, Err(OB_ERR_EXCLUSIVE_LOCK_CONFLICT)) on the local ret, an ObResult, in the local-ret form (s2-errors.md 2.3). The log-only branch stays, its INFO log taking no code (s2-errors.md 2.5 rule 1), and the code is returned as in C++, with nothing swallowing it (s2-errors.md 2.12 item 2).	sweep: ret-compare.tsv:808 (data row 807). Producer: proxy.write(sql.ptr(), affect_rows) at ob_vector_index_async_task_util.cpp:507, the inner SQL UPDATE of one task row (ob_vector_index_async_task_util.cpp:476, :500-502); the code is the statement's answer to a row lock it could not take in time: the retry controller turns a lock wait that timed out into OB_ERR_EXCLUSIVE_LOCK_CONFLICT (src/sql/ob_query_retry_ctrl.cpp:195, :669), as does the memtable's row conflict handler once the wait has expired (src/storage/memtable/ob_row_conflict_handler.cpp:257-258); not traced further into the transaction layer. Holder: the local ret (ob_vector_index_async_task_util.cpp:473). Code's branch: an INFO log that the row is locked by another thread (ob_vector_index_async_task_util.cpp:509); ret keeps the code. Escapes: update_vec_task returns it (ob_vector_index_async_task_util.cpp:515) to its one caller (git grep -nw update_vec_task 834bbee1e -- src), ObVecITaskExecutor::update_status_and_ret_code (src/observer/vector_index/ob_vector_index_i_task_executor.cpp:197), which ends its transaction with trans.end(false), a rollback (ob_vector_index_i_task_executor.cpp:203), and returns the code (ob_vector_index_i_task_executor.cpp:210) to the executor's loop over the task map, whose FOREACH_X condition then stops it (ob_vector_index_i_task_executor.cpp:116, :133, :141, :148) and skips clear_task_ctxs for the round (ob_vector_index_i_task_executor.cpp:159-160).	confirmed
src/observer/vector_index/ob_vector_index_async_task_util.cpp	ObVecIndexAsyncTaskUtil::resume_task_from_inner_table	line 553: ret != OB_TABLET_NOT_EXIST	LOOKUP_OUTCOME	!matches!(ret, Err(OB_TABLET_NOT_EXIST)) on the local ret, an ObResult; the test puts the function in the local-ret form (s2-errors.md 2.3). The empty branch stays and the else keeps its reset ret = Ok(()) (s2-errors.md 2.3, 2.4 rule 1). The tablet lookup keeps its C++ code, never an Option or a bool, until parity (s2-errors.md 2.4 rule 1).	sweep: ret-compare.tsv:809 (data row 808). Producer: ls->get_tablet_svr()->get_tablet(tablet_id, unused_tablet_handle) at ob_vector_index_async_task_util.cpp:551: ObLSTabletService::get_tablet passes on check_and_get_tablet's code (src/storage/ls/ob_ls_tablet_service.cpp:422-426), which passes on ObTabletCreateDeleteHelper::get_tablet's (src/storage/tablet/ob_tablet_create_delete_helper.cpp:103-106); that one looks the tablet up by its map key and turns a miss into OB_TABLET_NOT_EXIST (ob_tablet_create_delete_helper.cpp:74, :77-78). Holder: the local ret (ob_vector_index_async_task_util.cpp:527). Code's branch: need_resumed is set false for every failure (ob_vector_index_async_task_util.cpp:552), and for this code the else resets ret (ob_vector_index_async_task_util.cpp:555), so the task row of a tablet that is not in this log stream is skipped and the read goes on (ob_vector_index_async_task_util.cpp:566, :540).	confirmed
src/observer/vector_index/ob_vector_index_async_task_util.cpp	ObVecIndexAsyncTaskUtil::resume_task_from_inner_table	line 597: ret == OB_ITER_END	END_OF_DATA	matches!(ret, Err(OB_ITER_END)) on the local ret, an ObResult; the test puts the function in the local-ret form (s2-errors.md 2.3). The reset ret = Ok(()) stays in the C++ place (s2-errors.md 2.4 rule 1). The inner SQL result keeps ending with Err(OB_ITER_END), never an Option or a bool, until parity (s2-errors.md 2.4 rules 1 and 2; ARCHITECTURE.md section 17 default 6).	sweep: ret-compare.tsv:810 (data row 809). Producer: result->next() in the read loop at ob_vector_index_async_task_util.cpp:541, over the task rows the inner SQL read returns (ob_vector_index_async_task_util.cpp:531, :536); ObMySQLResult::next is pure virtual (src/oblib/common/mysqlclient/ob_mysql_result.h:1560), and ObInnerSQLResult::next answers OB_ITER_END once iter_end_ is set and passes on the result set's OB_ITER_END after the last row (src/observer/ob_inner_sql_result.cpp:207-208, :216-217). Holder: the local ret (ob_vector_index_async_task_util.cpp:527). Code's branch: ret = OB_SUCCESS (ob_vector_index_async_task_util.cpp:598) after the last task row; resume_task_from_inner_table returns it (ob_vector_index_async_task_util.cpp:604).	confirmed
src/observer/vector_index/ob_vector_index_async_task_util.cpp	ObVecIndexAsyncTaskUtil::read_vec_tasks	line 638: ret == OB_ITER_END	END_OF_DATA	matches!(ret, Err(OB_ITER_END)) on the local ret, an ObResult; the test puts the function in the local-ret form (s2-errors.md 2.3). The reset ret = Ok(()) stays in the C++ place (s2-errors.md 2.4 rule 1). The inner SQL result keeps ending with Err(OB_ITER_END), never an Option or a bool, until parity (s2-errors.md 2.4 rules 1 and 2; ARCHITECTURE.md section 17 default 6).	sweep: ret-compare.tsv:811 (data row 810). Producer: result->next() in the read loop at ob_vector_index_async_task_util.cpp:630, over the task rows the inner SQL read returns (ob_vector_index_async_task_util.cpp:621, :625); ObMySQLResult::next is pure virtual (src/oblib/common/mysqlclient/ob_mysql_result.h:1560), and ObInnerSQLResult::next answers OB_ITER_END once iter_end_ is set and passes on the result set's OB_ITER_END after the last row (src/observer/ob_inner_sql_result.cpp:207-208, :216-217). Holder: the local ret (ob_vector_index_async_task_util.cpp:615). Code's branch: ret = OB_SUCCESS (ob_vector_index_async_task_util.cpp:639) after the last task row, whose rows are in result_arr; read_vec_tasks returns it (ob_vector_index_async_task_util.cpp:644).	confirmed
src/observer/vector_index/ob_vector_index_async_task_util.cpp	ObVecIndexAsyncTaskUtil::add_sys_task	line 742: ret == OB_ENTRY_EXIST	LOOKUP_OUTCOME	Inside the failure branch of ob_fail!(ret = <the task status manager's add_task call>), matches!(ret, Err(OB_ENTRY_EXIST)) on the local ret, an ObResult, in the local-ret form (s2-errors.md 2.3); the reset ret = Ok(()) with its INFO log, which takes no code (s2-errors.md 2.5 rule 1), and the empty else stay in the C++ place (s2-errors.md 2.3, 2.4 rule 1). The task status manager's add_task keeps answering OB_ENTRY_EXIST for a task id already listed, never an Option or a bool, until parity (s2-errors.md 2.4 rule 1).	sweep: ret-compare.tsv:812 (data row 811). Producer: SYS_TASK_STATUS_MGR.add_task(sys_task_status) at ob_vector_index_async_task_util.cpp:741, the task status manager (src/data_plane/api/data_plane/scheduler/ob_sys_task_stat.h:110); ObSysTaskStatMgr::add_task walks its task list under the write lock and sets OB_ENTRY_EXIST when a task with the same task id is listed (src/storage/scheduler/ob_sys_task_stat.cpp:254-259), the id being the vector task's trace id (ob_vector_index_async_task_util.cpp:738). Holder: the local ret (ob_vector_index_async_task_util.cpp:732). Code's branch: ret = OB_SUCCESS with an INFO log (ob_vector_index_async_task_util.cpp:743-744); the task then takes the listed id as its sys_task_id_, as the comment says (ob_vector_index_async_task_util.cpp:748-749). add_sys_task returns the reset ret (ob_vector_index_async_task_util.cpp:754).	confirmed
src/observer/vector_index/ob_vector_index_async_task_util.cpp	ObVecIndexATaskUpdIterator::get_next_row	line 1113: ret != OB_ITER_END	END_OF_DATA	!matches!(ret, Err(OB_ITER_END)) on the local ret, an ObResult; the test puts the function in the local-ret form (s2-errors.md 2.3). The empty branch stays (s2-errors.md 2.3), and OB_ITER_END goes on to the caller in ret, as in C++. ObValueRowIterator (a Step 3 unit, manifest.tsv:637) keeps ending with Err(OB_ITER_END), never an Option or a bool, until parity (s2-errors.md 2.4 rule 1; ARCHITECTURE.md section 17 default 6).	sweep: ret-compare.tsv:813 (data row 812). Producer: old_row_.get_next_row(row) at ob_vector_index_async_task_util.cpp:1112, old_row_ a storage::ObValueRowIterator (src/observer/vector_index/ob_vector_index_async_task_util.h:334), whose get_next_row answers OB_ITER_END once its rows are all read (src/storage/ob_value_row_iterator.cpp:121-124). Holder: the local ret (ob_vector_index_async_task_util.cpp:1109). Code's branch: nothing; get_next_row returns it (ob_vector_index_async_task_util.cpp:1123). The iterator hands out an old row and a new row in turn (ob_vector_index_async_task_util.cpp:1110-1118), so either list running out ends it. Consumer: the hybrid refresh task passes the iterator, embedded_iter, to the storage's update_rows (src/observer/vector_index/ob_hybrid_vector_refresh_task.cpp:792, :954), which reads it to its end; not traced into storage.	confirmed
src/observer/vector_index/ob_vector_index_async_task_util.cpp	ObVecIndexATaskUpdIterator::get_next_row	line 1119: ret != OB_ITER_END	END_OF_DATA	!matches!(ret, Err(OB_ITER_END)) on the local ret, an ObResult; the test puts the function in the local-ret form (s2-errors.md 2.3). The empty branch stays (s2-errors.md 2.3), and OB_ITER_END goes on to the caller in ret, as in C++. ObValueRowIterator (a Step 3 unit, manifest.tsv:637) keeps ending with Err(OB_ITER_END), never an Option or a bool, until parity (s2-errors.md 2.4 rule 1; ARCHITECTURE.md section 17 default 6).	sweep: ret-compare.tsv:814 (data row 813). Producer: new_row_.get_next_row(row) at ob_vector_index_async_task_util.cpp:1118, new_row_ a storage::ObValueRowIterator (src/observer/vector_index/ob_vector_index_async_task_util.h:335), whose get_next_row answers OB_ITER_END once its rows are all read (src/storage/ob_value_row_iterator.cpp:121-124). Holder: the local ret (ob_vector_index_async_task_util.cpp:1109). Code's branch: nothing; get_next_row returns it (ob_vector_index_async_task_util.cpp:1123). The iterator hands out an old row and a new row in turn (ob_vector_index_async_task_util.cpp:1110-1118), so either list running out ends it. Consumer: the hybrid refresh task passes the iterator, embedded_iter, to the storage's update_rows (src/observer/vector_index/ob_hybrid_vector_refresh_task.cpp:792, :954), which reads it to its end; not traced into storage.	confirmed
src/observer/vector_index/ob_vector_index_async_task_util.cpp	ObVecIndexAsyncTask::do_work	line 1144: ret == OB_HASH_NOT_EXIST	RENAMED	Inside the failure branch of ob_fail!(ret = self.vec_idx_mgr_.get_adapter_inst_guard(..)), matches!(ret, Err(OB_HASH_NOT_EXIST)) on the local ret, an ObResult, in the local-ret form (s2-errors.md 2.3); the rename ret = Err(OB_EAGAIN) and its INFO log, which takes no code (s2-errors.md 2.5 rule 1), stay at the same place, never map_err (s2-errors.md 2.4 rule 3), and so does the empty else (s2-errors.md 2.3). The adapter maps stay ObHashMap ports answering OB_HASH_NOT_EXIST (s2-errors.md 2.4 rule 2).	sweep: ret-compare.tsv:815 (data row 814). Producer: vec_idx_mgr_->get_adapter_inst_guard(tablet_id, adpt_guard) at ob_vector_index_async_task_util.cpp:1143: get_adapter_inst_ looks the tablet up in the partial adapter map, then in the complete one, and returns the complete map's OB_HASH_NOT_EXIST (src/observer/vector_index/ob_plugin_vector_index_service.cpp:204, :226-240), an ObHashMap<ObTabletID, ObPluginVectorIndexAdaptor *> (src/observer/vector_index/ob_plugin_vector_index_scheduler.h:442) that answers OB_HASH_NOT_EXIST for a miss (src/oblib/lib/hash/ob_hashtable.h:1131). Holder: the local ret (ob_vector_index_async_task_util.cpp:1129). Code's branch: ret = OB_EAGAIN with an INFO log (ob_vector_index_async_task_util.cpp:1145-1146): no adapter yet, the task must wait. Escapes: do_work stores the code in the task status under the context lock and returns it (ob_vector_index_async_task_util.cpp:1189-1194); the executor puts a task whose code is in the DDL retry white list back to prepare (src/observer/vector_index/ob_vector_index_i_task_executor.cpp:269-276), OB_EAGAIN among them (src/share/ob_ddl_task_executor.h:88).	confirmed
src/observer/vector_index/ob_vector_index_async_task_util.cpp	ObVecIndexAsyncTask::process_data_for_index	line 1319: ret != OB_ITER_END	END_OF_DATA	!matches!(ret, Err(OB_ITER_END)) on the local ret, an ObResult; the test puts the function in the local-ret form (s2-errors.md 2.3). The empty branch stays (s2-errors.md 2.3); OB_ITER_END ends the loop and is reset after it (ret-compare.tsv:818) as in C++. The scan iterator keeps ending with Err(OB_ITER_END), never an Option or a bool, until parity (s2-errors.md 2.4 rules 1 and 2; ARCHITECTURE.md section 17 default 6).	sweep: ret-compare.tsv:816 (data row 815). Producer: table_scan_iter->get_next_row(datum_row) at ob_vector_index_async_task_util.cpp:1318, the data table's row iterator cast to ObTableScanIterator (ob_vector_index_async_task_util.cpp:1299); ObTableScanIterator::get_next_row answers OB_ITER_END when it has no main iterator and passes on the main iterator's OB_ITER_END after the last row (src/storage/access/ob_table_scan_iterator.cpp:603-604, :610-611). Holder: the local ret (ob_vector_index_async_task_util.cpp:1229). Code's branch: nothing; the loop condition ends the loop (ob_vector_index_async_task_util.cpp:1314) and ob_vector_index_async_task_util.cpp:1428-1430 reset the code (ret-compare.tsv:818).	confirmed
src/observer/vector_index/ob_vector_index_async_task_util.cpp	ObVecIndexAsyncTask::process_data_for_index	line 1329: ret != OB_ITER_END	RENAMED	!matches!(ret, Err(OB_ITER_END)) on the local ret, an ObResult; the test puts the function in the local-ret form (s2-errors.md 2.3). The empty branch stays, and the else's rename ret = Err(OB_ERR_UNEXPECTED) and its ERROR log, which takes that ret (s2-errors.md 2.5 rule 1), stay at the same place, never map_err (s2-errors.md 2.4 rule 3). The scan iterator keeps ending with Err(OB_ITER_END), never an Option or a bool, until parity (s2-errors.md 2.4 rules 1 and 2).	sweep: ret-compare.tsv:817 (data row 816). Producer: vid_scan_iter->get_next_row(datum_vid) at ob_vector_index_async_task_util.cpp:1328, the rowkey-vid table's row iterator cast to ObTableScanIterator (ob_vector_index_async_task_util.cpp:1304), read once for each data row that needs a vid (ob_vector_index_async_task_util.cpp:1318, :1325); ObTableScanIterator::get_next_row answers OB_ITER_END when it has no main iterator and passes on the main iterator's OB_ITER_END after the last row (src/storage/access/ob_table_scan_iterator.cpp:603-604, :610-611). Holder: the local ret (ob_vector_index_async_task_util.cpp:1229). Code's branch: the vid table ran out before the data table, so the else sets ret = OB_ERR_UNEXPECTED and logs data table row count mismatched at ERROR (ob_vector_index_async_task_util.cpp:1331-1332); the site never reports OB_ITER_END. Escapes: the loop ends (ob_vector_index_async_task_util.cpp:1314) and the reset after it does not apply (ob_vector_index_async_task_util.cpp:1428); process_data_for_index returns the code to optimize_vector_index (ob_vector_index_async_task_util.cpp:1475), which returns it unless ending its transaction fails (ob_vector_index_async_task_util.cpp:1491-1492, :1499); do_work stores it as the task's ret_code_ (ob_vector_index_async_task_util.cpp:1176, :1189-1191), and since OB_ERR_UNEXPECTED is not in the DDL retry white list the executor finishes the task (src/observer/vector_index/ob_vector_index_i_task_executor.cpp:269-270).	confirmed
src/observer/vector_index/ob_vector_index_async_task_util.cpp	ObVecIndexAsyncTask::process_data_for_index	line 1428: ret == OB_ITER_END	END_OF_DATA	matches!(ret, Err(OB_ITER_END)) on the local ret, an ObResult; the test puts the function in the local-ret form (s2-errors.md 2.3). The reset ret = Ok(()) stays in the C++ place (s2-errors.md 2.4 rule 1). The scan iterator keeps ending with Err(OB_ITER_END), never an Option or a bool, until parity (s2-errors.md 2.4 rules 1 and 2; ARCHITECTURE.md section 17 default 6).	sweep: ret-compare.tsv:818 (data row 817). Producer: the data scan's table_scan_iter->get_next_row(datum_row) at ob_vector_index_async_task_util.cpp:1318, whose OB_ITER_END passes the empty branch (ob_vector_index_async_task_util.cpp:1319, ret-compare.tsv:816) and ends the loop (ob_vector_index_async_task_util.cpp:1314); ObTableScanIterator::get_next_row answers it after the last row (src/storage/access/ob_table_scan_iterator.cpp:610-611). The vid scan's OB_ITER_END never gets here: it is renamed to OB_ERR_UNEXPECTED (ob_vector_index_async_task_util.cpp:1329-1332, ret-compare.tsv:817). Holder: the local ret (ob_vector_index_async_task_util.cpp:1229). Code's branch: ret = OB_SUCCESS (ob_vector_index_async_task_util.cpp:1429); the scan iterators are reverted and the last partial batch is added to the snapshot index (ob_vector_index_async_task_util.cpp:1434-1451).	confirmed
src/observer/vector_index/ob_vector_index_async_task_util.cpp	ObVecIndexAsyncTask::get_old_snapshot_data	line 1785: ret != OB_ITER_END	END_OF_DATA	!matches!(ret, Err(OB_ITER_END)) on the local ret, an ObResult; the test puts the function in the local-ret form (s2-errors.md 2.3). The empty branch stays (s2-errors.md 2.3); OB_ITER_END ends the loop and is reset after it (ret-compare.tsv:820) as in C++. The scan iterator keeps ending with Err(OB_ITER_END), never an Option or a bool, until parity (s2-errors.md 2.4 rules 1 and 2; ARCHITECTURE.md section 17 default 6).	sweep: ret-compare.tsv:819 (data row 818). Producer: table_scan_iter->get_next_row(datum_row) at ob_vector_index_async_task_util.cpp:1784, the ObTableScanIterator its caller passes in (ob_vector_index_async_task_util.cpp:1766); ObTableScanIterator::get_next_row answers OB_ITER_END when it has no main iterator and passes on the main iterator's OB_ITER_END after the last row (src/storage/access/ob_table_scan_iterator.cpp:603-604, :610-611). Holder: the local ret (ob_vector_index_async_task_util.cpp:1769). Code's branch: nothing; the loop condition ends the loop (ob_vector_index_async_task_util.cpp:1782) and ob_vector_index_async_task_util.cpp:1836-1838 reset the code (ret-compare.tsv:820).	confirmed
src/observer/vector_index/ob_vector_index_async_task_util.cpp	ObVecIndexAsyncTask::get_old_snapshot_data	line 1836: ret == OB_ITER_END	END_OF_DATA	matches!(ret, Err(OB_ITER_END)) on the local ret, an ObResult; the test puts the function in the local-ret form (s2-errors.md 2.3). The reset ret = Ok(()) stays in the C++ place (s2-errors.md 2.4 rule 1). The scan iterator keeps ending with Err(OB_ITER_END), never an Option or a bool, until parity (s2-errors.md 2.4 rules 1 and 2; ARCHITECTURE.md section 17 default 6).	sweep: ret-compare.tsv:820 (data row 819). Producer: the loop's table_scan_iter->get_next_row(datum_row) at ob_vector_index_async_task_util.cpp:1784, whose OB_ITER_END passes the empty branch (ob_vector_index_async_task_util.cpp:1785, ret-compare.tsv:819) and ends the loop (ob_vector_index_async_task_util.cpp:1782); ObTableScanIterator::get_next_row answers it after the last row (src/storage/access/ob_table_scan_iterator.cpp:610-611). Holder: the local ret (ob_vector_index_async_task_util.cpp:1769). Code's branch: ret = OB_SUCCESS (ob_vector_index_async_task_util.cpp:1837), and get_old_snapshot_data returns success with the rows to delete in delete_row_iter (ob_vector_index_async_task_util.cpp:1829, :1839).	confirmed
src/observer/vector_index/ob_vector_index_async_task_util.cpp	ObVecIndexAsyncTask::delete_tablet_data	line 1869: ret != OB_ITER_END	END_OF_DATA	!matches!(ret, Err(OB_ITER_END)) on the local ret, an ObResult; the test puts the function in the local-ret form (s2-errors.md 2.3). The empty branch stays (s2-errors.md 2.3); OB_ITER_END ends the batch loop and is reset after it (ret-compare.tsv:822) as in C++. The scan iterator keeps ending with Err(OB_ITER_END), never an Option or a bool, until parity (s2-errors.md 2.4 rules 1 and 2; ARCHITECTURE.md section 17 default 6).	sweep: ret-compare.tsv:821 (data row 820). Producer: table_scan_iter->get_next_row(datum_row) at ob_vector_index_async_task_util.cpp:1868, the ObTableScanIterator passed in (ob_vector_index_async_task_util.cpp:1847); ObTableScanIterator::get_next_row answers OB_ITER_END when it has no main iterator and passes on the main iterator's OB_ITER_END after the last row (src/storage/access/ob_table_scan_iterator.cpp:603-604, :610-611). Holder: the local ret (ob_vector_index_async_task_util.cpp:1851). Code's branch: nothing; the inner loop's condition ends the batch (ob_vector_index_async_task_util.cpp:1866) and ob_vector_index_async_task_util.cpp:1882-1884 reset the code (ret-compare.tsv:822) before the batch is deleted.	confirmed
src/observer/vector_index/ob_vector_index_async_task_util.cpp	ObVecIndexAsyncTask::delete_tablet_data	line 1882: ret == OB_ITER_END	END_OF_DATA	matches!(ret, Err(OB_ITER_END)) on the local ret, an ObResult; the test puts the function in the local-ret form (s2-errors.md 2.3). The reset ret = Ok(()) stays in the C++ place (s2-errors.md 2.4 rule 1). The scan iterator keeps ending with Err(OB_ITER_END), never an Option or a bool, until parity (s2-errors.md 2.4 rules 1 and 2; ARCHITECTURE.md section 17 default 6).	sweep: ret-compare.tsv:822 (data row 821). Producer: the inner loop's table_scan_iter->get_next_row(datum_row) at ob_vector_index_async_task_util.cpp:1868, whose OB_ITER_END passes the empty branch (ob_vector_index_async_task_util.cpp:1869, ret-compare.tsv:821) and ends the batch (ob_vector_index_async_task_util.cpp:1866). Holder: the local ret (ob_vector_index_async_task_util.cpp:1851). Code's branch: ret = OB_SUCCESS (ob_vector_index_async_task_util.cpp:1883); then an empty batch ends the outer loop through delete_unfinish = false and a non-empty one is deleted with oas->delete_rows (ob_vector_index_async_task_util.cpp:1886-1888), after which the outer loop starts another batch (ob_vector_index_async_task_util.cpp:1862).	confirmed
src/observer/vector_index/ob_vector_index_async_task_util.cpp	ObVecIndexAsyncTask::delete_tablet_data	line 1895: ret == OB_ITER_END	END_OF_DATA	matches!(ret, Err(OB_ITER_END)) on the local ret, an ObResult; the test puts the function in the local-ret form (s2-errors.md 2.3). The reset ret = Ok(()) stays in the C++ place (s2-errors.md 2.4 rule 1), and the test stays although no statement leaves OB_ITER_END here (see evidence), since RULEBOOK section 0's list of removable statements does not name it.	sweep: ret-compare.tsv:823 (data row 822). Producer: the outer loop's last code (ob_vector_index_async_task_util.cpp:1862-1894). The inner loop's OB_ITER_END is reset at ob_vector_index_async_task_util.cpp:1882-1884 (ret-compare.tsv:822) before the outer condition reads ret, and the delete that follows (ob_vector_index_async_task_util.cpp:1888) goes through ObAccessService::delete_rows to the log stream's tablet service (src/storage/tx_storage/ob_access_service.cpp:920), whose loop resets its own OB_ITER_END (src/storage/ls/ob_ls_tablet_service.cpp:2516-2518); so no statement leaves the code here, and value 8 follows from the code alone (vocabulary section 4). Holder: the local ret (ob_vector_index_async_task_util.cpp:1851). Code's branch: ret = OB_SUCCESS (ob_vector_index_async_task_util.cpp:1896); delete_tablet_data returns ret (ob_vector_index_async_task_util.cpp:1898).	confirmed
src/observer/vector_index/ob_vector_index_i_task_executor.cpp	ObVecITaskExecutor::clear_task_ctx	line 224: ret != OB_ENTRY_NOT_EXIST	IGNORED	Inside the failure branch of ob_fail!(ret = task_opt.del_task_ctx(&mut tablet_id)), !matches!(ret, Err(OB_ENTRY_NOT_EXIST)) on the local ret, an ObResult, in the local-ret form (s2-errors.md 2.3); the empty branch stays and the else keeps its reset ret = Ok(()) at the same place (s2-errors.md 2.3, 2.4 rule 1). The test stays although del_task_ctx never answers the code (see evidence), since RULEBOOK section 0's list of removable statements does not name it; nothing replaces it with ok() or let _ = (s2-errors.md 2.12 items 2 and 3).	sweep: ret-compare.tsv:824 (data row 823). Producer: task_opt.del_task_ctx(tablet_id) at ob_vector_index_i_task_executor.cpp:223; ObVecIndexAsyncTaskOption::del_task_ctx erases the tablet from its task map and resets the map's OB_HASH_NOT_EXIST itself (src/observer/vector_index/ob_vector_index_async_task_util.cpp:199-203, ret-compare.tsv:806), so it returns OB_SUCCESS or the erase's other codes, never OB_ENTRY_NOT_EXIST, and the row takes what the branch would do with the code (vocabulary section 3, item 3). Holder: the local ret (ob_vector_index_i_task_executor.cpp:216). Code's branch: the else would reset ret (ob_vector_index_i_task_executor.cpp:226), dropping the code; the context is freed after the test for every code (ob_vector_index_i_task_executor.cpp:230-232).	confirmed
src/observer/vector_index/ob_vector_index_util.cpp	validate_vsag_create_index_param	line 112: ret == OB_INVALID_ARGUMENT; ret == OB_NOT_SUPPORTED	RENAMED	The condition joins the tests as the C++ does, ret.is_err() && matches!(ret, Err(OB_INVALID_ARGUMENT | OB_NOT_SUPPORTED)), the || of two == tests on ret being one matches! (s2-errors.md 2.3's table), on the local ret, an ObResult, in the local-ret form (s2-errors.md 2.3). The branch's choice of message and its ret = OB_NOT_SUPPORTED with LOG_USER_ERROR become ret = Err(log_user_error!(OB_NOT_SUPPORTED, user_error_msg)); at the same place, never map_err (s2-errors.md 2.4 rule 3; 2.7 rule 3), the message a byte slice of vsag's text or of the fixed string (s2-errors.md 2.9). The island's codes enter through ObError::from_code where they enter (s2-errors.md 2.4 rule 8).	sweep: ret-compare.tsv:825 (data row 824). Producer: obvectorutil::validate_create_index(param, vsag_error_msg) at ob_vector_index_util.cpp:101, which forwards to the vsag island (src/oblib/lib/vector/ob_vector_util.cpp:113; an island, not-translated.tsv:147); obvsag::validate_create_index sets OB_INVALID_ARGUMENT for a null dtype or metric (src/oblib/lib/vector/ob_vsag_adaptor.cpp:851-852) and, when vsag's factory rejects the parameters, vsag_errcode2ob's code (ob_vsag_adaptor.cpp:889-890): OB_INVALID_ARGUMENT for INVALID_ARGUMENT and DIMENSION_NOT_EQUAL (ob_vsag_adaptor.cpp:44-45, :53-54) and OB_NOT_SUPPORTED for the unsupported index types (ob_vsag_adaptor.cpp:48-50). Holder: the local ret (ob_vector_index_util.cpp:99). Code's branch: ret = OB_NOT_SUPPORTED with LOG_USER_ERROR(OB_NOT_SUPPORTED, user_error_msg) (ob_vector_index_util.cpp:116-117), the message being vsag's own text or invalid vector index params rejected by vsag is (ob_vector_index_util.cpp:113-115), so the client sees that text followed by not supported (src/share/ob_errno.def:77). For OB_INVALID_ARGUMENT this is a rename (value 7); for OB_NOT_SUPPORTED the branch keeps the code and only records the user message (value 13, OTHER), so the row takes RENAMED (vocabulary section 3, a line comparing several codes). Escapes: validate_vector_index_vsag_create_index_param passes it on from each of its calls (ob_vector_index_util.cpp:167, :171, :177, :180, :186, :198) and returns it (ob_vector_index_util.cpp:203) to ObVectorIndexUtil::check_index_param (ob_vector_index_util.cpp:3356, :3425), which returns it (ob_vector_index_util.cpp:3465) to check_vec_index_param (ob_vector_index_util.cpp:2568).	confirmed
src/observer/vector_index/ob_vector_index_util.cpp	ObVectorIndexUtil::determine_vid_type	line 1490: ret == OB_ERR_INDEX_KEY_NOT_FOUND	LOOKUP_OUTCOME	Inside the failure branch of ob_fail!(ret = table_schema.get_vec_index_vid_col_id(&mut vid_col_id, false)), matches!(ret, Err(OB_ERR_INDEX_KEY_NOT_FOUND)) on the local ret, an ObResult, in the local-ret form (s2-errors.md 2.3); the branch's reset ret = Ok(()) and its vid_type choice, and the empty else, stay as the C++ writes them (s2-errors.md 2.3, 2.4 rule 1). The column search keeps answering OB_ERR_INDEX_KEY_NOT_FOUND, never an Option or a bool, until parity (s2-errors.md 2.4 rule 1).	sweep: ret-compare.tsv:826 (data row 825). Producer: table_schema.get_vec_index_vid_col_id(vid_col_id, false) at ob_vector_index_util.cpp:1489, which walks the table's column schemas for its vid column and sets OB_ERR_INDEX_KEY_NOT_FOUND itself when the walk finds none (src/share/schema/ob_table_schema.cpp:6689-6700): a lookup of the vid column in the schema catalog. Holder: the local ret (ob_vector_index_util.cpp:1483). Code's branch: ret = OB_SUCCESS and vid_type = HIDDEN_INC_PK, ENABLE_VID_OPT being the constant true (ob_vector_index_util.cpp:1485, :1491-1492): a table with a hidden primary key and no vid column takes the hidden increment key as its vid. determine_vid_type returns the reset ret (ob_vector_index_util.cpp:1499).	confirmed
src/observer/vector_index/ob_vector_index_util.cpp	ObVectorIndexUtil::check_index_param	line 2947: ret == OB_HASH_EXIST	RENAMED	Inside the failure branch of ob_fail!(ret = param_set.set_refactored(new_variable_name, 0)), matches!(ret, Err(OB_HASH_EXIST)) on the local ret, an ObResult, in the local-ret form (s2-errors.md 2.3); the rename and its user message are one statement at the same place, ret = Err(log_user_error!(OB_NOT_SUPPORTED, b"duplicate param is")), never map_err (s2-errors.md 2.4 rule 3; 2.7 rule 3), and the empty else stays (s2-errors.md 2.3). The set stays an ObHashSet port whose set_refactored answers OB_HASH_EXIST for a name already present (s2-errors.md 2.4 rule 2).	sweep: ret-compare.tsv:827 (data row 826). Producer: param_set.set_refactored(new_variable_name, 0/*flag*/) at ob_vector_index_util.cpp:2946, a local hash::ObHashSet<ObString> of the index parameter names seen so far (ob_vector_index_util.cpp:2910, :2912); with flag 0 the hash table answers OB_HASH_EXIST when the name is present (src/oblib/lib/hash/ob_hashset.h:172, :179; src/oblib/lib/hash/ob_hashtable.h:1236-1237). Holder: the local ret (ob_vector_index_util.cpp:2828). Code's branch: ret = OB_NOT_SUPPORTED with LOG_USER_ERROR(OB_NOT_SUPPORTED, "duplicate param is") (ob_vector_index_util.cpp:2948-2949), so the client sees duplicate param is not supported (src/share/ob_errno.def:77) and never OB_HASH_EXIST. Escapes: the parameter loop ends on it (ob_vector_index_util.cpp:2915) and check_index_param returns it (ob_vector_index_util.cpp:3465) to its one caller (git grep -nw check_index_param 834bbee1e -- src; its other matches are declarations, one of them ObDDLResolver's own check_index_param, which nothing defines), check_vec_index_param (ob_vector_index_util.cpp:2568).	confirmed
src/observer/vector_index/ob_vector_index_util.cpp	ObVectorIndexUtil::get_dropping_vec_index_invisiable_table_schema	line 4887: ret == OB_TABLE_NOT_EXIST	LOOKUP_OUTCOME	matches!(ret, Err(OB_TABLE_NOT_EXIST)) && is_vec_inner_drop, the code test on the local ret, an ObResult, joined with the flag as the C++ joins them (s2-errors.md 2.3's table), in the local-ret form (s2-errors.md 2.3); the reset ret = Ok(()) stays in the C++ place (s2-errors.md 2.4 rule 1). The schema lookups keep their C++ code, never an Option or a bool, until parity (s2-errors.md 2.4 rule 1).	sweep: ret-compare.tsv:828 (data row 827). Producer: the loop's lookups of the dropped vector index's auxiliary tables: each looks a table up, by id through the schema guard or by the index name through ObVecIndexBuilderUtil::get_vec_table_schema_by_name, and sets OB_TABLE_NOT_EXIST itself when the schema found is null (for example ob_vector_index_util.cpp:4739-4741, :4758-4765, :4873-4880). Holder: the local ret (ob_vector_index_util.cpp:4693). Code's branch: when is_vec_inner_drop, a parameter (ob_vector_index_util.cpp:4687), ret = OB_SUCCESS (ob_vector_index_util.cpp:4888): an inner drop skips a missing auxiliary table and the loop goes on (ob_vector_index_util.cpp:4735). Otherwise the code ends the loop and is returned (ob_vector_index_util.cpp:4894). Escapes: the one caller (git grep -nw get_dropping_vec_index_invisiable_table_schema 834bbee1e -- src) passes it on through its OB_FAIL (src/rootserver/ob_ddl_service.cpp:6118-6119).	confirmed
src/observer/vector_index/ob_vector_index_util.cpp	ObVectorIndexUtil::check_drop_vec_indexs_ith_valid	line 4908: ret == OB_ERR_INDEX_KEY_NOT_FOUND	LOOKUP_OUTCOME	Inside the failure branch of ob_fail!(ret = index_schema.get_vec_index_vid_col_id(&mut vid_col_id, false)), matches!(ret, Err(OB_ERR_INDEX_KEY_NOT_FOUND)) on the local ret, an ObResult, in the local-ret form (s2-errors.md 2.3); the branch's has_vid_col = false and reset ret = Ok(()), and the empty else, stay as the C++ writes them (s2-errors.md 2.3, 2.4 rule 1). The column search keeps answering OB_ERR_INDEX_KEY_NOT_FOUND, never an Option or a bool, until parity (s2-errors.md 2.4 rule 1).	sweep: ret-compare.tsv:829 (data row 828). Producer: index_schema.get_vec_index_vid_col_id(vid_col_id, false) at ob_vector_index_util.cpp:4907, which walks the index table's column schemas for its vid column and sets OB_ERR_INDEX_KEY_NOT_FOUND itself when it finds none (src/share/schema/ob_table_schema.cpp:6689-6700): a lookup of the vid column in the schema catalog. Holder: the local ret (ob_vector_index_util.cpp:4902). Code's branch: has_vid_col = false and ret = OB_SUCCESS (ob_vector_index_util.cpp:4909-4910), so the position checks that follow skip the rowkey-vid and vid-rowkey tables (ob_vector_index_util.cpp:4917-4918). The code does not leave the function; its one caller (git grep -nw check_drop_vec_indexs_ith_valid 834bbee1e -- src) is the index builder's drop path (src/rootserver/ob_index_builder.cpp:1048).	confirmed
src/observer/virtual_table/ob_all_data_type_class_table.cpp	ObAllDataTypeClassTable::inner_get_next_row	line 103: ret != OB_ITER_END	END_OF_DATA	!matches!(ret, Err(OB_ITER_END)) on the local ret, an ObResult; the test puts the function in the local-ret form (s2-errors.md 2.3). The branch keeps its log line, which takes the ret in scope on the C++ line (s2-errors.md 2.5 rule 1), and OB_ITER_END goes on to the caller in ret, as in C++. ObRowStore::Iterator (a Step 3 unit, manifest.tsv:280) keeps ending with Err(OB_ITER_END), never an Option or a bool, until parity (s2-errors.md 2.4 rule 1; ARCHITECTURE.md section 17 default 6).	sweep: ret-compare.tsv:830 (data row 829). Producer: scanner_it_.get_next_row(cur_row_) at ob_all_data_type_class_table.cpp:102, the scanner iterator every ObVirtualTableScannerIterator holds (ob_virtual_table_scanner_iterator.h:37), an ObRowStore::Iterator (src/sql/ob_scanner.h:48) whose get_next_row returns get_next_stored_row's code (src/oblib/common/row/ob_row_store.cpp:353), OB_ITER_END from next_iter_pos once the last block is read (ob_row_store.cpp:318, :398, :402). The table fills the scanner on its first call (ob_all_data_type_class_table.cpp:43-97). Holder: the local ret (ob_all_data_type_class_table.cpp:37). Code's branch: the WARN log at ob_all_data_type_class_table.cpp:104 is skipped for OB_ITER_END; the else (ob_all_data_type_class_table.cpp:106-107) does not run and ret is returned (ob_all_data_type_class_table.cpp:112). Consumer: ObVirtualTableIterator::get_next_row calls this override (ob_virtual_table_iterator.cpp:328) and passes OB_ITER_END on through its empty branch (ob_virtual_table_iterator.cpp:329; ret-compare.tsv:1038), as get_next_row() and get_next_rows do (ob_virtual_table_iterator.cpp:429-430, :410-411; ret-compare.tsv:1040, :1039).	confirmed
src/observer/virtual_table/ob_all_data_type_table.cpp	ObAllDataTypeTable::inner_get_next_row	line 102: ret != OB_ITER_END	END_OF_DATA	!matches!(ret, Err(OB_ITER_END)) on the local ret, an ObResult; the test puts the function in the local-ret form (s2-errors.md 2.3). The branch keeps its log line, which takes the ret in scope on the C++ line (s2-errors.md 2.5 rule 1), and OB_ITER_END goes on to the caller in ret, as in C++. ObRowStore::Iterator (a Step 3 unit, manifest.tsv:280) keeps ending with Err(OB_ITER_END), never an Option or a bool, until parity (s2-errors.md 2.4 rule 1; ARCHITECTURE.md section 17 default 6).	sweep: ret-compare.tsv:831 (data row 830). Producer: scanner_it_.get_next_row(cur_row_) at ob_all_data_type_table.cpp:101, the scanner iterator every ObVirtualTableScannerIterator holds (ob_virtual_table_scanner_iterator.h:37), an ObRowStore::Iterator (src/sql/ob_scanner.h:48) whose get_next_row returns get_next_stored_row's code (src/oblib/common/row/ob_row_store.cpp:353), OB_ITER_END from next_iter_pos once the last block is read (ob_row_store.cpp:318, :398, :402). The table fills the scanner on its first call (ob_all_data_type_table.cpp:43-96). Holder: the local ret (ob_all_data_type_table.cpp:37). Code's branch: the WARN log at ob_all_data_type_table.cpp:103 is skipped for OB_ITER_END; the else (ob_all_data_type_table.cpp:105-106) does not run and ret is returned (ob_all_data_type_table.cpp:111). Consumer: ObVirtualTableIterator::get_next_row calls this override (ob_virtual_table_iterator.cpp:328) and passes OB_ITER_END on through its empty branch (ob_virtual_table_iterator.cpp:329; ret-compare.tsv:1038), as get_next_row() and get_next_rows do (ob_virtual_table_iterator.cpp:429-430, :410-411; ret-compare.tsv:1040, :1039).	confirmed
src/observer/virtual_table/ob_all_plan_cache_stat.cpp	ObAllPlanCacheBase::inner_get_next_row	line 52: ret != OB_ITER_END	END_OF_DATA	!matches!(ret, Err(OB_ITER_END)) on the local ret, an ObResult; the test puts the function in the local-ret form (s2-errors.md 2.3). The branch keeps its log line, which takes the ret in scope on the C++ line (s2-errors.md 2.5 rule 1), and OB_ITER_END goes on to the caller in ret, as in C++. Each subclass's inner_get_next_row() keeps ending with Err(OB_ITER_END), never an Option or a bool, until parity (s2-errors.md 2.4 rule 1; ARCHITECTURE.md section 17 default 6).	sweep: ret-compare.tsv:832 (data row 831). Producer: the pure virtual inner_get_next_row() at ob_all_plan_cache_stat.cpp:51 (declared at src/observer/virtual_table/ob_all_plan_cache_stat.h:50); ObAllPlanCacheStat's override, get_row, answers OB_ITER_END once iter_end_ is set (ob_all_plan_cache_stat.h:62; ob_all_plan_cache_stat.cpp:134-135), and ObAllVirtualPsItemInfo's does the same and also once its statements are all read (src/observer/virtual_table/ob_all_virtual_ps_item_info.cpp:35-36, :40-42). Holder: the local ret (ob_all_plan_cache_stat.cpp:50). Code's branch: the WARN log at ob_all_plan_cache_stat.cpp:53 is skipped for OB_ITER_END; the else (ob_all_plan_cache_stat.cpp:55-56) does not run and ret is returned (ob_all_plan_cache_stat.cpp:58). ObAllPlanCacheBase is an ObVirtualTableIterator (src/observer/virtual_table/ob_all_plan_cache_stat.h:42). Consumer: ObVirtualTableIterator::get_next_row calls this override (ob_virtual_table_iterator.cpp:328) and passes OB_ITER_END on through its empty branch (ob_virtual_table_iterator.cpp:329; ret-compare.tsv:1038), as get_next_row() and get_next_rows do (ob_virtual_table_iterator.cpp:429-430, :410-411; ret-compare.tsv:1040, :1039).	confirmed
src/observer/virtual_table/ob_all_virtual_activity_metrics.cpp	ObAllVirtualActivityMetric::inner_get_next_row	line 84: ret != OB_ITER_END	END_OF_DATA	!matches!(ret, Err(OB_ITER_END)) on the local ret, an ObResult; the test puts the function in the local-ret form (s2-errors.md 2.3). The branch keeps its log line, which takes the ret in scope on the C++ line (s2-errors.md 2.5 rule 1), and OB_ITER_END goes on to the caller in ret, as in C++. get_next_freezer_stat_ keeps ending with Err(OB_ITER_END), never an Option or a bool, until parity (s2-errors.md 2.4 rule 1; ARCHITECTURE.md section 17 default 6).	sweep: ret-compare.tsv:833 (data row 832). Producer: get_next_freezer_stat_(stat) at ob_all_virtual_activity_metrics.cpp:83, which sets OB_ITER_END once current_pos_ has reached length_ (ob_all_virtual_activity_metrics.cpp:51, :55), the length of the freezer's stat history taken on the first call (ob_all_virtual_activity_metrics.cpp:66-67, :81). Holder: the local ret (ob_all_virtual_activity_metrics.cpp:75). Code's branch: the WARN log at ob_all_virtual_activity_metrics.cpp:85 is skipped for OB_ITER_END; the else that fills the row (ob_all_virtual_activity_metrics.cpp:87) does not run and ret is returned (ob_all_virtual_activity_metrics.cpp:138). Consumer: ObVirtualTableIterator::get_next_row calls this override (ob_virtual_table_iterator.cpp:328) and passes OB_ITER_END on through its empty branch (ob_virtual_table_iterator.cpp:329; ret-compare.tsv:1038), as get_next_row() and get_next_rows do (ob_virtual_table_iterator.cpp:429-430, :410-411; ret-compare.tsv:1040, :1039).	confirmed
src/observer/virtual_table/ob_all_virtual_all_tables.cpp	ObAllVirtualAllTables::get_table_stats	line 220: ret == OB_ITER_END [not built]	NOT_TRANSLATED	none: dead (not-translated.tsv:189)	not-translated.tsv:189: unit src/observer/virtual_table/ob_all_virtual_all_tables, reason dead (not compiled by the reference build).	confirmed
src/observer/virtual_table/ob_all_virtual_all_tables.cpp	ObAllVirtualAllTables::get_table_stats	line 244: ret == OB_HASH_EXIST [not built]	NOT_TRANSLATED	none: dead (not-translated.tsv:189)	not-translated.tsv:189: unit src/observer/virtual_table/ob_all_virtual_all_tables, reason dead (not compiled by the reference build).	confirmed
src/observer/virtual_table/ob_all_virtual_all_tables.cpp	ObAllVirtualAllTables::inner_get_next_row	line 275: ret != OB_ITER_END [not built]	NOT_TRANSLATED	none: dead (not-translated.tsv:189)	not-translated.tsv:189: unit src/observer/virtual_table/ob_all_virtual_all_tables, reason dead (not compiled by the reference build).	confirmed
src/observer/virtual_table/ob_all_virtual_all_tables.cpp	ObAllVirtualAllTables::inner_get_next_row	line 333: other variable stat_ret != OB_HASH_NOT_EXIST [not built]	NOT_TRANSLATED	none: dead (not-translated.tsv:189)	not-translated.tsv:189: unit src/observer/virtual_table/ob_all_virtual_all_tables, reason dead (not compiled by the reference build).	confirmed
src/observer/virtual_table/ob_all_virtual_all_tables.cpp	ObAllVirtualAllTables::inner_get_next_row	line 458: other variable err != OB_HASH_NOT_EXIST [not built]	NOT_TRANSLATED	none: dead (not-translated.tsv:189)	not-translated.tsv:189: unit src/observer/virtual_table/ob_all_virtual_all_tables, reason dead (not compiled by the reference build).	confirmed
src/observer/virtual_table/ob_all_virtual_all_tables.cpp	ObAllVirtualAllTables::inner_get_next_row	line 462: other variable err == OB_HASH_NOT_EXIST [not built]	NOT_TRANSLATED	none: dead (not-translated.tsv:189)	not-translated.tsv:189: unit src/observer/virtual_table/ob_all_virtual_all_tables, reason dead (not compiled by the reference build).	confirmed
src/observer/virtual_table/ob_all_virtual_change_stream_refresh_stat.cpp	ObAllVirtualChangeStreamRefreshStat::inner_get_next_row	line 82: ret == OB_ENTRY_NOT_EXIST	OTHER	Inside the failure branch of ob_fail!(ret = <the get_change_stream_min_dep_lsn call>), matches!(ret, Err(OB_ENTRY_NOT_EXIST)) on the local ret, an ObResult, in the local-ret form (s2-errors.md 2.3); the branch's reset ret = Ok(()) and default min_dep_lsn_val = 0, and the else's WARN log with the ret in scope (s2-errors.md 2.5 rule 1), stay as the C++ writes them (RULEBOOK section 0, Keep the control flow; s2-errors.md 2.4 rule 1). The test stays although the read never answers the code (see evidence), since RULEBOOK section 0's list of removable statements does not name it.	sweep: ret-compare.tsv:840 (data row 839). Producer: ObGlobalStatProxy::get_change_stream_min_dep_lsn(*GCTX.sql_proxy_, false, min_dep_lsn_val) at ob_all_virtual_change_stream_refresh_stat.cpp:80-81, which reads the change_stream_min_dep_lsn row of __all_global_stat from __all_core_table by name (src/share/ob_global_stat_proxy.cpp:493-497) and never sets OB_ENTRY_NOT_EXIST: a missing row leaves the read's OB_ITER_END in ret (ob_global_stat_proxy.cpp:500), and its own codes are OB_ERR_UNEXPECTED and OB_INVALID_DATA (ob_global_stat_proxy.cpp:499, :512, :518); bootstrap writes the row with 0 (ob_global_stat_proxy.cpp:54; src/rootserver/ob_bootstrap.cpp:679). So the code cannot arrive, and the row takes what the branch would do with it (vocabulary section 3, item 3). Holder: the local ret (ob_all_virtual_change_stream_refresh_stat.cpp:55). Code's branch: ret = OB_SUCCESS and min_dep_lsn_val = 0, the default the comment names for a change stream not initialized yet (ob_all_virtual_change_stream_refresh_stat.cpp:83-85); 0 is also the value the declaration and the producer already gave it (ob_all_virtual_change_stream_refresh_stat.cpp:66; ob_global_stat_proxy.cpp:487). A missing row's OB_ITER_END takes the WARN log instead (ob_all_virtual_change_stream_refresh_stat.cpp:87), skips the row fill (ob_all_virtual_change_stream_refresh_stat.cpp:105, :142) and is returned (ob_all_virtual_change_stream_refresh_stat.cpp:148), so the table then shows no row.	confirmed
src/observer/virtual_table/ob_all_virtual_charset.cpp	ObAllVirtualCharset::inner_get_next_row	line 37: ret != OB_ITER_END	END_OF_DATA	!matches!(ret, Err(OB_ITER_END)) on the local ret, an ObResult; the test puts the function in the local-ret form (s2-errors.md 2.3). The branch keeps its log line, which takes the ret in scope on the C++ line (s2-errors.md 2.5 rule 1), and OB_ITER_END goes on to the caller in ret, as in C++. ObRowStore::Iterator (a Step 3 unit, manifest.tsv:280) keeps ending with Err(OB_ITER_END), never an Option or a bool, until parity (s2-errors.md 2.4 rule 1; ARCHITECTURE.md section 17 default 6).	sweep: ret-compare.tsv:841 (data row 840). Producer: scanner_it_.get_next_row(cur_row_) at ob_all_virtual_charset.cpp:36, the scanner iterator every ObVirtualTableScannerIterator holds (ob_virtual_table_scanner_iterator.h:37), an ObRowStore::Iterator (src/sql/ob_scanner.h:48) whose get_next_row returns get_next_stored_row's code (src/oblib/common/row/ob_row_store.cpp:353), OB_ITER_END from next_iter_pos once the last block is read (ob_row_store.cpp:318, :398, :402). The table fills the scanner once, on its first call (ob_all_virtual_charset.cpp:29-33). Holder: the local ret (ob_all_virtual_charset.cpp:28). Code's branch: the WARN log at ob_all_virtual_charset.cpp:38 is skipped for OB_ITER_END; the else (ob_all_virtual_charset.cpp:40-41) does not run and ret is returned (ob_all_virtual_charset.cpp:44). Consumer: ObVirtualTableIterator::get_next_row calls this override (ob_virtual_table_iterator.cpp:328) and passes OB_ITER_END on through its empty branch (ob_virtual_table_iterator.cpp:329; ret-compare.tsv:1038), as get_next_row() and get_next_rows do (ob_virtual_table_iterator.cpp:429-430, :410-411; ret-compare.tsv:1040, :1039).	confirmed
src/observer/virtual_table/ob_all_virtual_checkpoint.cpp	ObAllVirtualCheckpointInfo::get_next_	line 86: ret != OB_ITER_END	END_OF_DATA	!matches!(ret, Err(OB_ITER_END)) on the local ret, an ObResult; the test puts the function in the local-ret form (s2-errors.md 2.3). The branch keeps its log line, which takes the ret in scope on the C++ line (s2-errors.md 2.5 rule 1), and OB_ITER_END goes on to the caller in ret, as in C++. ObSimpleIterator::get_next (a Step 3 unit, manifest.tsv:199) keeps ending with Err(OB_ITER_END), never an Option or a bool, until parity (s2-errors.md 2.4 rule 1; ARCHITECTURE.md section 17 default 6).	sweep: ret-compare.tsv:842 (data row 841). Producer: ob_checkpoint_iter_.get_next(checkpoint) at ob_all_virtual_checkpoint.cpp:85, an ObCheckpointVTIterator, a common::ObSimpleIterator (src/observer/virtual_table/ob_all_virtual_checkpoint.h:34-35), filled by prepare_to_read_ on the first call (ob_all_virtual_checkpoint.cpp:64, :69, :83); ObSimpleIterator::get_next returns OB_ITER_END at the end of its array (src/oblib/common/ob_simple_iterator.h:101-104). Holder: the local ret (ob_all_virtual_checkpoint.cpp:82). Code's branch: the WARN log at ob_all_virtual_checkpoint.cpp:87 is skipped for OB_ITER_END and ret is returned (ob_all_virtual_checkpoint.cpp:90). Consumer: inner_get_next_row passes it on (ob_all_virtual_checkpoint.cpp:100-101; ret-compare.tsv:843).	confirmed
src/observer/virtual_table/ob_all_virtual_checkpoint.cpp	ObAllVirtualCheckpointInfo::inner_get_next_row	line 101: ret != OB_ITER_END	END_OF_DATA	!matches!(ret, Err(OB_ITER_END)) on the local ret, an ObResult; the test puts the function in the local-ret form (s2-errors.md 2.3). The branch keeps its log line, which takes the ret in scope on the C++ line (s2-errors.md 2.5 rule 1), and OB_ITER_END goes on to the caller in ret, as in C++. ObSimpleIterator::get_next (a Step 3 unit, manifest.tsv:199) keeps ending with Err(OB_ITER_END), never an Option or a bool, until parity (s2-errors.md 2.4 rule 1; ARCHITECTURE.md section 17 default 6).	sweep: ret-compare.tsv:843 (data row 842). Producer: get_next_(checkpoint) at ob_all_virtual_checkpoint.cpp:100 (ret-compare.tsv:842), which passes on ObSimpleIterator's OB_ITER_END (src/oblib/common/ob_simple_iterator.h:104). Holder: the local ret (ob_all_virtual_checkpoint.cpp:95). Code's branch: the WARN log at ob_all_virtual_checkpoint.cpp:102 is skipped for OB_ITER_END; the else that fills the row (ob_all_virtual_checkpoint.cpp:104) does not run and ret is returned (ob_all_virtual_checkpoint.cpp:135). Consumer: ObVirtualTableIterator::get_next_row calls this override (ob_virtual_table_iterator.cpp:328) and passes OB_ITER_END on through its empty branch (ob_virtual_table_iterator.cpp:329; ret-compare.tsv:1038), as get_next_row() and get_next_rows do (ob_virtual_table_iterator.cpp:429-430, :410-411; ret-compare.tsv:1040, :1039).	confirmed
src/observer/virtual_table/ob_all_virtual_collation.cpp	ObAllVirtualCollation::inner_get_next_row	line 37: ret != OB_ITER_END	END_OF_DATA	!matches!(ret, Err(OB_ITER_END)) on the local ret, an ObResult; the test puts the function in the local-ret form (s2-errors.md 2.3). The branch keeps its log line, which takes the ret in scope on the C++ line (s2-errors.md 2.5 rule 1), and OB_ITER_END goes on to the caller in ret, as in C++. ObRowStore::Iterator (a Step 3 unit, manifest.tsv:280) keeps ending with Err(OB_ITER_END), never an Option or a bool, until parity (s2-errors.md 2.4 rule 1; ARCHITECTURE.md section 17 default 6).	sweep: ret-compare.tsv:844 (data row 843). Producer: scanner_it_.get_next_row(cur_row_) at ob_all_virtual_collation.cpp:36, the scanner iterator every ObVirtualTableScannerIterator holds (ob_virtual_table_scanner_iterator.h:37), an ObRowStore::Iterator (src/sql/ob_scanner.h:48) whose get_next_row returns get_next_stored_row's code (src/oblib/common/row/ob_row_store.cpp:353), OB_ITER_END from next_iter_pos once the last block is read (ob_row_store.cpp:318, :398, :402). The table fills the scanner once, on its first call (ob_all_virtual_collation.cpp:29-33). Holder: the local ret (ob_all_virtual_collation.cpp:28). Code's branch: the WARN log at ob_all_virtual_collation.cpp:38 is skipped for OB_ITER_END; the else (ob_all_virtual_collation.cpp:40-41) does not run and ret is returned (ob_all_virtual_collation.cpp:44). Consumer: ObVirtualTableIterator::get_next_row calls this override (ob_virtual_table_iterator.cpp:328) and passes OB_ITER_END on through its empty branch (ob_virtual_table_iterator.cpp:329; ret-compare.tsv:1038), as get_next_row() and get_next_rows do (ob_virtual_table_iterator.cpp:429-430, :410-411; ret-compare.tsv:1040, :1039).	confirmed
src/observer/virtual_table/ob_all_virtual_compaction_diagnose_info.cpp	ObAllVirtualCompactionDiagnoseInfo::inner_get_next_row	line 58: ret != OB_ITER_END	END_OF_DATA	!matches!(ret, Err(OB_ITER_END)) on the local ret, an ObResult; the test puts the function in the local-ret form (s2-errors.md 2.3). The branch keeps its log line, which takes the ret in scope on the C++ line (s2-errors.md 2.5 rule 1), and OB_ITER_END goes on to the caller in ret, as in C++. ObCompactionDiagnoseIterator::get_next_info (a Step 3 unit, manifest.tsv:698) keeps ending with Err(OB_ITER_END), never an Option or a bool, until parity (s2-errors.md 2.4 rule 1; ARCHITECTURE.md section 17 default 6).	sweep: ret-compare.tsv:845 (data row 844). Producer: diagnose_info_iter_.get_next_info(diagnose_info_) at ob_all_virtual_compaction_diagnose_info.cpp:57, an ObCompactionDiagnoseIterator (src/observer/virtual_table/ob_all_virtual_compaction_diagnose_info.h:48) whose get_next_info sets OB_ITER_END once cur_idx_ reaches cnt_ (src/storage/compaction/ob_compaction_diagnose.cpp:1420-1421). Holder: the local ret (ob_all_virtual_compaction_diagnose_info.cpp:52). Code's branch: the WARN log at ob_all_virtual_compaction_diagnose_info.cpp:59 is skipped for OB_ITER_END; fill_cells and the row assignment (ob_all_virtual_compaction_diagnose_info.cpp:61-63) do not run and ret is returned (ob_all_virtual_compaction_diagnose_info.cpp:65). ObAllVirtualCompactionDiagnoseInfo is an ObVirtualTableScannerIterator (ob_all_virtual_compaction_diagnose_info.h:27). Consumer: ObVirtualTableIterator::get_next_row calls this override (ob_virtual_table_iterator.cpp:328) and passes OB_ITER_END on through its empty branch (ob_virtual_table_iterator.cpp:329; ret-compare.tsv:1038), as get_next_row() and get_next_rows do (ob_virtual_table_iterator.cpp:429-430, :410-411; ret-compare.tsv:1040, :1039).	confirmed
src/observer/virtual_table/ob_all_virtual_compaction_suggestion.cpp	ObAllVirtualCompactionSuggestion::inner_get_next_row	line 57: ret != OB_ITER_END	END_OF_DATA	!matches!(ret, Err(OB_ITER_END)) on the local ret, an ObResult; the test puts the function in the local-ret form (s2-errors.md 2.3). The branch keeps its log line, which takes the ret in scope on the C++ line (s2-errors.md 2.5 rule 1), and OB_ITER_END goes on to the caller in ret, as in C++. ObCompactionSuggestionIterator::get_next_info (a Step 3 unit, manifest.tsv:658) keeps ending with Err(OB_ITER_END), never an Option or a bool, until parity (s2-errors.md 2.4 rule 1; ARCHITECTURE.md section 17 default 6).	sweep: ret-compare.tsv:846 (data row 845). Producer: suggestion_iter_.get_next_info(suggestion_) at ob_all_virtual_compaction_suggestion.cpp:56, an ObCompactionSuggestionIterator (src/observer/virtual_table/ob_all_virtual_compaction_suggestion.h:49) whose get_next_info sets OB_ITER_END once cur_idx_ reaches the count of suggestion_array_ (src/storage/compaction/ob_compaction_suggestion.cpp:596-597). Holder: the local ret (ob_all_virtual_compaction_suggestion.cpp:51). Code's branch: the WARN log at ob_all_virtual_compaction_suggestion.cpp:58 is skipped for OB_ITER_END; fill_cells and the row assignment (ob_all_virtual_compaction_suggestion.cpp:60-62) do not run and ret is returned (ob_all_virtual_compaction_suggestion.cpp:64). ObAllVirtualCompactionSuggestion is an ObVirtualTableScannerIterator (ob_all_virtual_compaction_suggestion.h:28). Consumer: ObVirtualTableIterator::get_next_row calls this override (ob_virtual_table_iterator.cpp:328) and passes OB_ITER_END on through its empty branch (ob_virtual_table_iterator.cpp:329; ret-compare.tsv:1038), as get_next_row() and get_next_rows do (ob_virtual_table_iterator.cpp:429-430, :410-411; ret-compare.tsv:1040, :1039).	confirmed
src/observer/virtual_table/ob_all_virtual_ctx_memory_info.cpp	ObAllVirtualCtxMemoryInfo::inner_get_next_row	line 67: ret != OB_ITER_END	END_OF_DATA	!matches!(ret, Err(OB_ITER_END)) on the local ret, an ObResult; the test puts the function in the local-ret form (s2-errors.md 2.3). The branch keeps its log line, which takes the ret in scope on the C++ line (s2-errors.md 2.5 rule 1), and OB_ITER_END goes on to the caller in ret, as in C++. ObRowStore::Iterator (a Step 3 unit, manifest.tsv:280) keeps ending with Err(OB_ITER_END), never an Option or a bool, until parity (s2-errors.md 2.4 rule 1; ARCHITECTURE.md section 17 default 6).	sweep: ret-compare.tsv:847 (data row 846). Producer: scanner_it_.get_next_row(cur_row_) at ob_all_virtual_ctx_memory_info.cpp:66, the scanner iterator every ObVirtualTableScannerIterator holds (ob_virtual_table_scanner_iterator.h:37), an ObRowStore::Iterator (src/sql/ob_scanner.h:48) whose get_next_row returns get_next_stored_row's code (src/oblib/common/row/ob_row_store.cpp:353), OB_ITER_END from next_iter_pos once the last block is read (ob_row_store.cpp:318, :398, :402). The table fills the scanner on its first call, one row per context allocator (ob_all_virtual_ctx_memory_info.cpp:45-63). Holder: the local ret (ob_all_virtual_ctx_memory_info.cpp:44). Code's branch: the WARN log at ob_all_virtual_ctx_memory_info.cpp:68 is skipped for OB_ITER_END; the else that sets row (ob_all_virtual_ctx_memory_info.cpp:70-71) does not run and ret is returned (ob_all_virtual_ctx_memory_info.cpp:74). ObAllVirtualCtxMemoryInfo is an ObVirtualTableScannerIterator (src/observer/virtual_table/ob_all_virtual_ctx_memory_info.h:27). Consumer: ObVirtualTableIterator::get_next_row calls this override (ob_virtual_table_iterator.cpp:328) and passes OB_ITER_END on through its empty branch (ob_virtual_table_iterator.cpp:329; ret-compare.tsv:1038), as get_next_row() and get_next_rows do (ob_virtual_table_iterator.cpp:429-430, :410-411; ret-compare.tsv:1040, :1039).	confirmed
src/observer/virtual_table/ob_all_virtual_ctx_memory_info.cpp	ObAllVirtualCtxMemoryInfo::add_row	line 121: ret == OB_SIZE_OVERFLOW	BUFFER_TOO_SMALL	matches!(ret, Err(OB_SIZE_OVERFLOW)) on the local ret, an ObResult, inside the failure branch of ob_fail!(ret = self.scanner_.add_row(&self.cur_row_)), in the local-ret form (s2-errors.md 2.3); the WARN log before the test takes the ret in scope on its C++ line (s2-errors.md 2.5 rule 1), and the reset ret = Ok(()) stays at the same place (s2-errors.md 2.4 rule 1). ObScanner (a Step 3 unit, manifest.tsv:2107) keeps answering OB_SIZE_OVERFLOW when a row does not fit under its memory limit, the writer keeping its code (s2-errors.md 2.4 rule 1).	sweep: ret-compare.tsv:848 (data row 847). Producer: scanner_.add_row(cur_row_) at ob_all_virtual_ctx_memory_info.cpp:119; ObScanner::add_row adds the row to its row store and, once the store's data size is above mem_size_limit_ (src/sql/ob_scanner.cpp:173), rolls the row back and sets OB_SIZE_OVERFLOW (ob_scanner.cpp:186-188), unless it is the store's only row and fits the serialize limit (ob_scanner.cpp:174). Holder: the local ret of add_row (ob_all_virtual_ctx_memory_info.cpp:79). Code's branch: ret = OB_SUCCESS (ob_all_virtual_ctx_memory_info.cpp:122), after the WARN log every failure of the add gets (ob_all_virtual_ctx_memory_info.cpp:120), so the context's row is left out of the table, as the comment at ob_all_virtual_ctx_memory_info.cpp:118 accepts; add_row returns the reset ret (ob_all_virtual_ctx_memory_info.cpp:127) into inner_get_next_row's ret, and its loop goes on to the next context (ob_all_virtual_ctx_memory_info.cpp:49, :54-55). The code never leaves add_row.	confirmed
src/observer/virtual_table/ob_all_virtual_dag.cpp	ObAllVirtualDag::inner_get_next_row	line 118: ret != OB_ITER_END	END_OF_DATA	!matches!(ret, Err(OB_ITER_END)) on the local ret, an ObResult; the test puts the function in the local-ret form (s2-errors.md 2.3). The branch keeps its log line, which takes the ret in scope on the C++ line (s2-errors.md 2.5 rule 1), and OB_ITER_END goes on to the caller in ret, as in C++. ObDagInfoIterator<ObDagInfo>::get_next_info keeps ending with Err(OB_ITER_END), never an Option or a bool, until parity (s2-errors.md 2.4 rule 1; ARCHITECTURE.md section 17 default 6).	sweep: ret-compare.tsv:849 (data row 848). Producer: dag_info_iter_.get_next_info(dag_info_) at ob_all_virtual_dag.cpp:117, an ObDagInfoIterator<share::ObDagInfo> (src/observer/virtual_table/ob_all_virtual_dag.h:82) whose get_next_info sets OB_ITER_END once cur_idx_ reaches the count of dag_infos_ (ob_all_virtual_dag.cpp:69-70). Holder: the local ret (ob_all_virtual_dag.cpp:112). Code's branch: the WARN log at ob_all_virtual_dag.cpp:119 is skipped for OB_ITER_END; fill_cells and the row assignment (ob_all_virtual_dag.cpp:121-123) do not run and ret is returned (ob_all_virtual_dag.cpp:125). ObAllVirtualDag is an ObVirtualTableScannerIterator (ob_all_virtual_dag.h:56). Consumer: ObVirtualTableIterator::get_next_row calls this override (ob_virtual_table_iterator.cpp:328) and passes OB_ITER_END on through its empty branch (ob_virtual_table_iterator.cpp:329; ret-compare.tsv:1038), as get_next_row() and get_next_rows do (ob_virtual_table_iterator.cpp:429-430, :410-411; ret-compare.tsv:1040, :1039).	confirmed
src/observer/virtual_table/ob_all_virtual_dag.cpp	ObAllVirtualDagScheduler::inner_get_next_row	line 244: ret != OB_ITER_END	END_OF_DATA	!matches!(ret, Err(OB_ITER_END)) on the local ret, an ObResult; the test puts the function in the local-ret form (s2-errors.md 2.3). The branch keeps its log line, which takes the ret in scope on the C++ line (s2-errors.md 2.5 rule 1), and OB_ITER_END goes on to the caller in ret, as in C++. ObDagInfoIterator<ObDagSchedulerInfo>::get_next_info keeps ending with Err(OB_ITER_END), never an Option or a bool, until parity (s2-errors.md 2.4 rule 1; ARCHITECTURE.md section 17 default 6).	sweep: ret-compare.tsv:850 (data row 849). Producer: dag_scheduler_info_iter_.get_next_info(dag_scheduler_info_) at ob_all_virtual_dag.cpp:243, an ObDagInfoIterator<share::ObDagSchedulerInfo> (src/observer/virtual_table/ob_all_virtual_dag.h:108) whose get_next_info sets OB_ITER_END once cur_idx_ reaches the count of dag_infos_ (ob_all_virtual_dag.cpp:69-70). Holder: the local ret (ob_all_virtual_dag.cpp:238). Code's branch: the WARN log at ob_all_virtual_dag.cpp:245 is skipped for OB_ITER_END; fill_cells and the row assignment (ob_all_virtual_dag.cpp:247-249) do not run and ret is returned (ob_all_virtual_dag.cpp:251). ObAllVirtualDagScheduler is an ObVirtualTableScannerIterator (ob_all_virtual_dag.h:88). Consumer: ObVirtualTableIterator::get_next_row calls this override (ob_virtual_table_iterator.cpp:328) and passes OB_ITER_END on through its empty branch (ob_virtual_table_iterator.cpp:329; ret-compare.tsv:1038), as get_next_row() and get_next_rows do (ob_virtual_table_iterator.cpp:429-430, :410-411; ret-compare.tsv:1040, :1039).	confirmed
src/observer/virtual_table/ob_all_virtual_dag_warning_history.cpp	ObAllVirtualDagWarningHistory::inner_get_next_row	line 55: ret != OB_ITER_END	END_OF_DATA	!matches!(ret, Err(OB_ITER_END)) on the local ret, an ObResult; the test puts the function in the local-ret form (s2-errors.md 2.3). The branch keeps its log line, which takes the ret in scope on the C++ line (s2-errors.md 2.5 rule 1), and OB_ITER_END goes on to the caller in ret, as in C++. ObIDiagnoseInfoMgr::Iterator::get_next (a Step 3 unit, manifest.tsv:698) keeps ending with Err(OB_ITER_END), never an Option or a bool, until parity (s2-errors.md 2.4 rule 1; ARCHITECTURE.md section 17 default 6).	sweep: ret-compare.tsv:851 (data row 850). Producer: dag_warning_info_iter_.get_next(&dag_warning_info_, comment_, sizeof(comment_)) at ob_all_virtual_dag_warning_history.cpp:54, a compaction::ObIDiagnoseInfoMgr::Iterator (src/observer/virtual_table/ob_all_virtual_dag_warning_history.h:55) opened on the first call (ob_all_virtual_dag_warning_history.cpp:48-49); its get_next loops on next() (src/storage/compaction/ob_compaction_diagnose.cpp:92, :103), which sets OB_ITER_END once the walk is back at the list's header or had already ended (ob_compaction_diagnose.cpp:137-139, :143-146). Holder: the local ret (ob_all_virtual_dag_warning_history.cpp:42). Code's branch: the WARN log at ob_all_virtual_dag_warning_history.cpp:56 is skipped for OB_ITER_END; the column loop, guarded by OB_SUCC(ret) (ob_all_virtual_dag_warning_history.cpp:60), fills nothing, row stays nullptr (ob_all_virtual_dag_warning_history.cpp:43, :127-128) and ret is returned (ob_all_virtual_dag_warning_history.cpp:130). ObAllVirtualDagWarningHistory is an ObVirtualTableScannerIterator (ob_all_virtual_dag_warning_history.h:28). Consumer: ObVirtualTableIterator::get_next_row calls this override (ob_virtual_table_iterator.cpp:328) and passes OB_ITER_END on through its empty branch (ob_virtual_table_iterator.cpp:329; ret-compare.tsv:1038), as get_next_row() and get_next_rows do (ob_virtual_table_iterator.cpp:429-430, :410-411; ret-compare.tsv:1040, :1039).	confirmed
src/observer/virtual_table/ob_all_virtual_dml_stats.cpp	ObAllVirtualDMmlStats::inner_get_next_row	line 100: ret != OB_ITER_END	END_OF_DATA	!matches!(ret, Err(OB_ITER_END)) on the local ret, an ObResult; the test puts the function in the local-ret form (s2-errors.md 2.3). The WARN branch keeps its log line, which takes the ret in scope on the C++ line (s2-errors.md 2.5 rule 1), and the else keeps done_ = true in the C++ place (RULEBOOK section 0, Keep the control flow); OB_ITER_END goes on to the caller in ret, as in C++. ObRowStore::Iterator (a Step 3 unit, manifest.tsv:280) keeps ending with Err(OB_ITER_END), never an Option or a bool, until parity (s2-errors.md 2.4 rule 1; ARCHITECTURE.md section 17 default 6).	sweep: ret-compare.tsv:852 (data row 851). Producer: scanner_it_.get_next_row(cur_row_) at ob_all_virtual_dml_stats.cpp:99, the scanner iterator every ObVirtualTableScannerIterator holds (ob_virtual_table_scanner_iterator.h:37), an ObRowStore::Iterator (src/sql/ob_scanner.h:48) whose get_next_row returns get_next_stored_row's code (src/oblib/common/row/ob_row_store.cpp:353), OB_ITER_END from next_iter_pos once the last block is read (ob_row_store.cpp:318, :398, :402). The table fills the scanner on its first call (ob_all_virtual_dml_stats.cpp:92-96). Holder: the local ret (ob_all_virtual_dml_stats.cpp:89). Code's branch: the else sets done_ = true (ob_all_virtual_dml_stats.cpp:102-103), so a later call answers OB_ITER_END at once without reading the scanner (ob_all_virtual_dml_stats.cpp:90-91); ret keeps OB_ITER_END and is returned (ob_all_virtual_dml_stats.cpp:109). Any other code takes the WARN log (ob_all_virtual_dml_stats.cpp:101). ObAllVirtualDMmlStats is an ObVirtualTableScannerIterator (src/observer/virtual_table/ob_all_virtual_dml_stats.h:59). Consumer: ObVirtualTableIterator::get_next_row calls this override (ob_virtual_table_iterator.cpp:328) and passes OB_ITER_END on through its empty branch (ob_virtual_table_iterator.cpp:329; ret-compare.tsv:1038), as get_next_row() and get_next_rows do (ob_virtual_table_iterator.cpp:429-430, :410-411; ret-compare.tsv:1040, :1039).	confirmed
src/observer/virtual_table/ob_all_virtual_dtl_channel.cpp	ObAllVirtualDtlChannel::inner_get_next_row	line 288: ret != OB_ITER_END	END_OF_DATA	!matches!(ret, Err(OB_ITER_END)) on the local ret, an ObResult; the test puts the function in the local-ret form (s2-errors.md 2.3). The empty branch stays (s2-errors.md 2.3) and the else keeps its arena_allocator_.reuse() in the C++ place (RULEBOOK section 0, Keep the control flow); OB_ITER_END goes on to the caller in ret, as in C++. ObVirtualDtlChannelIterator::get_next_channel keeps ending with Err(OB_ITER_END), never an Option or a bool, until parity (s2-errors.md 2.4 rule 1; ARCHITECTURE.md section 17 default 6).	sweep: ret-compare.tsv:853 (data row 852). Producer: iter_.get_next_channel(ch_info) at ob_all_virtual_dtl_channel.cpp:287, an ObVirtualDtlChannelIterator (src/observer/virtual_table/ob_all_virtual_dtl_channel.h:157) whose get_next_channel sets OB_ITER_END once cur_nth_channel_ reaches the count of channels_ (ob_all_virtual_dtl_channel.cpp:97, :100-101). Holder: the local ret (ob_all_virtual_dtl_channel.cpp:285). Code's branch: the else calls arena_allocator_.reuse() (ob_all_virtual_dtl_channel.cpp:290), releasing the arena the iterator was built on (ob_all_virtual_dtl_channel.cpp:110) once every channel was read; get_row does not run and ret is returned (ob_all_virtual_dtl_channel.cpp:292, :294). Any other code passes through the empty branch (ob_all_virtual_dtl_channel.cpp:288-289). ObAllVirtualDtlChannel is an ObVirtualTableScannerIterator (ob_all_virtual_dtl_channel.h:113). Consumer: ObVirtualTableIterator::get_next_row calls this override (ob_virtual_table_iterator.cpp:328) and passes OB_ITER_END on through its empty branch (ob_virtual_table_iterator.cpp:329; ret-compare.tsv:1038), as get_next_row() and get_next_rows do (ob_virtual_table_iterator.cpp:429-430, :410-411; ret-compare.tsv:1040, :1039).	confirmed
src/observer/virtual_table/ob_all_virtual_dtl_interm_result_monitor.cpp	ObAllDtlIntermResultMonitor::inner_get_next_row	line 194: ret != OB_ITER_END	END_OF_DATA	!matches!(ret, Err(OB_ITER_END)) on the local ret, an ObResult; the test puts the function in the local-ret form (s2-errors.md 2.3). The branch keeps its log line, which takes the ret in scope on the C++ line (s2-errors.md 2.5 rule 1), and OB_ITER_END goes on to the caller in ret, as in C++. ObRowStore::Iterator (a Step 3 unit, manifest.tsv:280) keeps ending with Err(OB_ITER_END), never an Option or a bool, until parity (s2-errors.md 2.4 rule 1; ARCHITECTURE.md section 17 default 6).	sweep: ret-compare.tsv:854 (data row 853). Producer: scanner_it_.get_next_row(cur_row_) at ob_all_virtual_dtl_interm_result_monitor.cpp:193, the scanner iterator every ObVirtualTableScannerIterator holds (ob_virtual_table_scanner_iterator.h:37), an ObRowStore::Iterator (src/sql/ob_scanner.h:48) whose get_next_row returns get_next_stored_row's code (src/oblib/common/row/ob_row_store.cpp:353), OB_ITER_END from next_iter_pos once the last block is read (ob_row_store.cpp:318, :398, :402). The table fills the scanner on its first call (ob_all_virtual_dtl_interm_result_monitor.cpp:185-190). Holder: the local ret (ob_all_virtual_dtl_interm_result_monitor.cpp:183). Code's branch: the WARN log at ob_all_virtual_dtl_interm_result_monitor.cpp:195 is skipped for OB_ITER_END; the else that sets row (ob_all_virtual_dtl_interm_result_monitor.cpp:197-198) does not run and ret is returned (ob_all_virtual_dtl_interm_result_monitor.cpp:201). ObAllDtlIntermResultMonitor is an ObVirtualTableScannerIterator (src/observer/virtual_table/ob_all_virtual_dtl_interm_result_monitor.h:55). Consumer: ObVirtualTableIterator::get_next_row calls this override (ob_virtual_table_iterator.cpp:328) and passes OB_ITER_END on through its empty branch (ob_virtual_table_iterator.cpp:329; ret-compare.tsv:1038), as get_next_row() and get_next_rows do (ob_virtual_table_iterator.cpp:429-430, :410-411; ret-compare.tsv:1040, :1039).	confirmed
src/observer/virtual_table/ob_all_virtual_dtl_memory.cpp	ObAllVirtualDtlMemoryIterator::get_next_mem_pool_info	line 137: ret != OB_ITER_END	END_OF_DATA	!matches!(ret, Err(OB_ITER_END)) on the local ret, an ObResult; the test puts the function in the local-ret form (s2-errors.md 2.3). The empty branch stays (s2-errors.md 2.3), and the do-while keeps its condition, evaluated each round (RULEBOOK section 0, Keep the control flow; s2-errors.md Example 5 writes a do-while as loop { ..; if !(..) { break; } }); OB_ITER_END goes on to the caller in ret, as in C++. get_next_memory_pools keeps ending with Err(OB_ITER_END), never an Option or a bool, until parity (s2-errors.md 2.4 rule 1; ARCHITECTURE.md section 17 default 6).	sweep: ret-compare.tsv:855 (data row 854). Producer: get_next_memory_pools() at ob_all_virtual_dtl_memory.cpp:136, called once the pools read so far are all handed out (ob_all_virtual_dtl_memory.cpp:129, :133-135); it reads the pool infos once, marking done_ (ob_all_virtual_dtl_memory.cpp:108-110), and sets OB_ITER_END on any later call (ob_all_virtual_dtl_memory.cpp:112-113) or when the read found no pool (ob_all_virtual_dtl_memory.cpp:117-118). Holder: the local ret (ob_all_virtual_dtl_memory.cpp:126). Code's branch: nothing; the do-while's condition, OB_SUCC(ret) && !get_pool (ob_all_virtual_dtl_memory.cpp:141), ends the loop and ret is returned (ob_all_virtual_dtl_memory.cpp:143). Consumer: ObAllVirtualDtlMemory::inner_get_next_row, the one caller (git grep -nw get_next_mem_pool_info 834bbee1e -- src), releases its arena and passes OB_ITER_END on (ob_all_virtual_dtl_memory.cpp:201-205; ret-compare.tsv:856).	confirmed
src/observer/virtual_table/ob_all_virtual_dtl_memory.cpp	ObAllVirtualDtlMemory::inner_get_next_row	line 202: ret != OB_ITER_END	END_OF_DATA	!matches!(ret, Err(OB_ITER_END)) on the local ret, an ObResult; the test puts the function in the local-ret form (s2-errors.md 2.3). The empty branch stays (s2-errors.md 2.3) and the else keeps its arena_allocator_.reuse() in the C++ place (RULEBOOK section 0, Keep the control flow); OB_ITER_END goes on to the caller in ret, as in C++. ObAllVirtualDtlMemoryIterator::get_next_mem_pool_info keeps ending with Err(OB_ITER_END), never an Option or a bool, until parity (s2-errors.md 2.4 rule 1; ARCHITECTURE.md section 17 default 6).	sweep: ret-compare.tsv:856 (data row 855). Producer: iter_.get_next_mem_pool_info(mem_pool_info) at ob_all_virtual_dtl_memory.cpp:201, an ObAllVirtualDtlMemoryIterator (src/observer/virtual_table/ob_all_virtual_dtl_memory.h:117), which passes on get_next_memory_pools's OB_ITER_END once the pools are all handed out (ob_all_virtual_dtl_memory.cpp:112-113, :117-118, :136-137; ret-compare.tsv:855). Holder: the local ret (ob_all_virtual_dtl_memory.cpp:199). Code's branch: the else calls arena_allocator_.reuse() (ob_all_virtual_dtl_memory.cpp:204), releasing the arena the iterator was built on (ob_all_virtual_dtl_memory.cpp:150); get_row does not run and ret is returned (ob_all_virtual_dtl_memory.cpp:206, :208). Any other code passes through the empty branch (ob_all_virtual_dtl_memory.cpp:202-203). ObAllVirtualDtlMemory is an ObVirtualTableScannerIterator (ob_all_virtual_dtl_memory.h:82). Consumer: ObVirtualTableIterator::get_next_row calls this override (ob_virtual_table_iterator.cpp:328) and passes OB_ITER_END on through its empty branch (ob_virtual_table_iterator.cpp:329; ret-compare.tsv:1038), as get_next_row() and get_next_rows do (ob_virtual_table_iterator.cpp:429-430, :410-411; ret-compare.tsv:1040, :1039).	confirmed
src/observer/virtual_table/ob_all_virtual_dump_info.cpp	ObAllVirtualDumpInfo::inner_get_next_row	line 121: ret != OB_ITER_END	END_OF_DATA	!matches!(ret, Err(OB_ITER_END)) on the local ret, an ObResult; the test puts the function in the local-ret form (s2-errors.md 2.3). The branch keeps its log line, which takes the ret in scope on the C++ line (s2-errors.md 2.5 rule 1), and OB_ITER_END goes on to the caller in ret, as in C++. ObRowStore::Iterator (a Step 3 unit, manifest.tsv:280) keeps ending with Err(OB_ITER_END), never an Option or a bool, until parity (s2-errors.md 2.4 rule 1; ARCHITECTURE.md section 17 default 6).	sweep: ret-compare.tsv:857 (data row 856). Producer: scanner_it_.get_next_row(cur_row_) at ob_all_virtual_dump_info.cpp:120, the scanner iterator every ObVirtualTableScannerIterator holds (ob_virtual_table_scanner_iterator.h:37), an ObRowStore::Iterator (src/sql/ob_scanner.h:48) whose get_next_row returns get_next_stored_row's code (src/oblib/common/row/ob_row_store.cpp:353), OB_ITER_END from next_iter_pos once the last block is read (ob_row_store.cpp:318, :398, :402). The table fills the scanner on its first call with the one server runtime's row (ob_all_virtual_dump_info.cpp:40, :106-115). Holder: the local ret (ob_all_virtual_dump_info.cpp:39). Code's branch: the WARN log at ob_all_virtual_dump_info.cpp:122 is skipped for OB_ITER_END; the else that sets row (ob_all_virtual_dump_info.cpp:124-125) does not run and ret is returned (ob_all_virtual_dump_info.cpp:129). ObAllVirtualDumpInfo is an ObVirtualTableScannerIterator (src/observer/virtual_table/ob_all_virtual_dump_info.h:25). Consumer: ObVirtualTableIterator::get_next_row calls this override (ob_virtual_table_iterator.cpp:328) and passes OB_ITER_END on through its empty branch (ob_virtual_table_iterator.cpp:329; ret-compare.tsv:1038), as get_next_row() and get_next_rows do (ob_virtual_table_iterator.cpp:429-430, :410-411; ret-compare.tsv:1040, :1039).	confirmed
src/observer/virtual_table/ob_all_virtual_engine_table.cpp	ObAllVirtualEngineTable::inner_get_next_row	line 115: ret != OB_ITER_END	END_OF_DATA	!matches!(ret, Err(OB_ITER_END)) on the local ret, an ObResult; the test puts the function in the local-ret form (s2-errors.md 2.3). The branch keeps its log line, which takes the ret in scope on the C++ line (s2-errors.md 2.5 rule 1), and OB_ITER_END goes on to the caller in ret, as in C++. ObRowStore::Iterator (a Step 3 unit, manifest.tsv:280) keeps ending with Err(OB_ITER_END), never an Option or a bool, until parity (s2-errors.md 2.4 rule 1; ARCHITECTURE.md section 17 default 6).	sweep: ret-compare.tsv:858 (data row 857). Producer: scanner_it_.get_next_row(cur_row_) at ob_all_virtual_engine_table.cpp:114, the scanner iterator every ObVirtualTableScannerIterator holds (ob_virtual_table_scanner_iterator.h:37), an ObRowStore::Iterator (src/sql/ob_scanner.h:48) whose get_next_row returns get_next_stored_row's code (src/oblib/common/row/ob_row_store.cpp:353), OB_ITER_END from next_iter_pos once the last block is read (ob_row_store.cpp:318, :398, :402). The table fills the scanner with its one row on the first call (ob_all_virtual_engine_table.cpp:43, :102-109). Holder: the local ret (ob_all_virtual_engine_table.cpp:37). Code's branch: the WARN log at ob_all_virtual_engine_table.cpp:116 is skipped for OB_ITER_END; the else that sets row (ob_all_virtual_engine_table.cpp:118-119) does not run and ret is returned (ob_all_virtual_engine_table.cpp:124). ObAllVirtualEngineTable is an ObVirtualTableScannerIterator (src/observer/virtual_table/ob_all_virtual_engine_table.h:26). Consumer: ObVirtualTableIterator::get_next_row calls this override (ob_virtual_table_iterator.cpp:328) and passes OB_ITER_END on through its empty branch (ob_virtual_table_iterator.cpp:329; ret-compare.tsv:1038), as get_next_row() and get_next_rows do (ob_virtual_table_iterator.cpp:429-430, :410-411; ret-compare.tsv:1040, :1039).	confirmed
src/observer/virtual_table/ob_all_virtual_id_service.cpp	ObAllVirtualIDService::inner_get_next_row	line 86: ret != OB_ITER_END	END_OF_DATA	!matches!(ret, Err(OB_ITER_END)) on the local ret, an ObResult; the test puts the function in the local-ret form (s2-errors.md 2.3). The branch keeps its log line, which takes the ret in scope on the C++ line (s2-errors.md 2.5 rule 1), and OB_ITER_END goes on to the caller in ret, as in C++. get_next_info_ keeps ending with Err(OB_ITER_END), never an Option or a bool, until parity (s2-errors.md 2.4 rule 1; ARCHITECTURE.md section 17 default 6).	sweep: ret-compare.tsv:859 (data row 858). Producer: get_next_info_() at ob_all_virtual_id_service.cpp:85, which sets OB_ITER_END once service_types_index_ + 1 reaches ObIDService::MAX_SERVICE_TYPE (ob_all_virtual_id_service.cpp:55-56), so the table shows one row per id service type. Holder: the local ret (ob_all_virtual_id_service.cpp:81). Code's branch: the WARN log at ob_all_virtual_id_service.cpp:87 is skipped for OB_ITER_END; the row fill, guarded by OB_SUCC(ret) (ob_all_virtual_id_service.cpp:90), does not run and ret is returned (ob_all_virtual_id_service.cpp:138). ObAllVirtualIDService is an ObVirtualTableScannerIterator (src/observer/virtual_table/ob_all_virtual_id_service.h:27). Consumer: ObVirtualTableIterator::get_next_row calls this override (ob_virtual_table_iterator.cpp:328) and passes OB_ITER_END on through its empty branch (ob_virtual_table_iterator.cpp:329; ret-compare.tsv:1038), as get_next_row() and get_next_rows do (ob_virtual_table_iterator.cpp:429-430, :410-411; ret-compare.tsv:1040, :1039).	confirmed
src/observer/virtual_table/ob_all_virtual_io_status.cpp	ObAllVirtualIOQuota::init	line 304: ret != OB_HASH_NOT_EXIST	RENAMED	!matches!(ret, Err(OB_HASH_NOT_EXIST)) on the local ret, an ObResult; the test puts the function in the local-ret form (s2-errors.md 2.3). The empty branch stays (s2-errors.md 2.3) and the else keeps the rename ret = Err(OB_ENTRY_NOT_EXIST) at the same place, as the C++ writes it, never map_err or if let Err (s2-errors.md 2.4 rule 3; 2.15 item 7). The IO manager, a core unit (core-manifest.tsv:232), keeps answering OB_HASH_NOT_EXIST when it holds no IO service, the code of the C++ API it replaces (s2-errors.md 2.4 rule 2).	sweep: ret-compare.tsv:860 (data row 859). Producer: OB_IO_MANAGER.get_io_service(service_holder) at ob_all_virtual_io_status.cpp:303; ObIOManager::get_io_service holds the manager's one io_service_ and sets OB_HASH_NOT_EXIST itself when it has none (src/share/io/ob_io_manager.cpp:483-487). Holder: the local ret (ob_all_virtual_io_status.cpp:298). Code's branch: ret = OB_ENTRY_NOT_EXIST (ob_all_virtual_io_status.cpp:306), so the site reports OB_ENTRY_NOT_EXIST and never OB_HASH_NOT_EXIST; is_inited_ stays false (ob_all_virtual_io_status.cpp:312-314). Escapes: ObAllVirtualIOQuota::init returns it (ob_all_virtual_io_status.cpp:316); git grep -n ObAllVirtualIOQuota 834bbee1e -- src finds the class made only in ObVirtualTableIteratorFactory::create_virtual_table_iterator outside its own files (src/observer/virtual_table/ob_virtual_table_iterator_factory.cpp:1480-1481), whose empty OB_FAIL branch keeps the code (ob_virtual_table_iterator_factory.cpp:1482), and git grep -n OB_ENTRY_NOT_EXIST over that file finds no test of it.	confirmed
src/observer/virtual_table/ob_all_virtual_io_status.cpp	ObAllVirtualGroupIOStat::init	line 528: ret != OB_HASH_NOT_EXIST	RENAMED	!matches!(ret, Err(OB_HASH_NOT_EXIST)) on the local ret, an ObResult; the test puts the function in the local-ret form (s2-errors.md 2.3). The empty branch stays (s2-errors.md 2.3) and the else keeps the rename ret = Err(OB_ENTRY_NOT_EXIST) at the same place, as the C++ writes it, never map_err or if let Err (s2-errors.md 2.4 rule 3; 2.15 item 7). The IO manager, a core unit (core-manifest.tsv:232), keeps answering OB_HASH_NOT_EXIST when it holds no IO service, the code of the C++ API it replaces (s2-errors.md 2.4 rule 2).	sweep: ret-compare.tsv:861 (data row 860). Producer: OB_IO_MANAGER.get_io_service(service_holder) at ob_all_virtual_io_status.cpp:527; ObIOManager::get_io_service holds the manager's one io_service_ and sets OB_HASH_NOT_EXIST itself when it has none (src/share/io/ob_io_manager.cpp:483-487). Holder: the local ret (ob_all_virtual_io_status.cpp:520). Code's branch: ret = OB_ENTRY_NOT_EXIST (ob_all_virtual_io_status.cpp:530), so the site reports OB_ENTRY_NOT_EXIST and never OB_HASH_NOT_EXIST; is_inited_ stays false (ob_all_virtual_io_status.cpp:537-539). Escapes: ObAllVirtualGroupIOStat::init returns it (ob_all_virtual_io_status.cpp:542); git grep -n ObAllVirtualGroupIOStat 834bbee1e -- src finds the class made only in ObVirtualTableIteratorFactory::create_virtual_table_iterator outside its own files (src/observer/virtual_table/ob_virtual_table_iterator_factory.cpp:1490-1491), whose empty OB_FAIL branch keeps the code (ob_virtual_table_iterator_factory.cpp:1492), and git grep -n OB_ENTRY_NOT_EXIST over that file finds no test of it.	confirmed
src/observer/virtual_table/ob_all_virtual_load_data_stat.cpp	ObAllVirtualLoadDataStat::inner_get_next_row	line 63: ret != OB_ITER_END	END_OF_DATA	!matches!(ret, Err(OB_ITER_END)) on the local ret, an ObResult; the test puts the function in the local-ret form (s2-errors.md 2.3). OB_UNLIKELY becomes the bare condition (RULEBOOK 2.3). The branch keeps its log line, which takes the ret in scope on the C++ line (s2-errors.md 2.5 rule 1), and OB_ITER_END goes on to the caller in ret, as in C++. ObGetAllJobStatusOp::get_next_job_status (a Step 3 unit, manifest.tsv:2052) keeps ending with Err(OB_ITER_END), never an Option or a bool, until parity (s2-errors.md 2.4 rule 1; ARCHITECTURE.md section 17 default 6).	sweep: ret-compare.tsv:862 (data row 861). Producer: all_job_status_op_.get_next_job_status(job_status) at ob_all_virtual_load_data_stat.cpp:62, a sql::ObGetAllJobStatusOp (src/observer/virtual_table/ob_all_virtual_load_data_stat.h:69) whose get_next_job_status sets OB_ITER_END once current_job_index_ reaches the count of job_status_array_ (src/sql/engine/cmd/ob_load_data_utils.cpp:209-210). Holder: the local ret (ob_all_virtual_load_data_stat.cpp:60). Code's branch: the WARN log at ob_all_virtual_load_data_stat.cpp:64 is skipped for OB_ITER_END; the else that fills the columns (ob_all_virtual_load_data_stat.cpp:66) and the row assignment (ob_all_virtual_load_data_stat.cpp:163-164) do not run and ret is returned (ob_all_virtual_load_data_stat.cpp:167). ObAllVirtualLoadDataStat is an ObVirtualTableScannerIterator (ob_all_virtual_load_data_stat.h:30). Consumer: ObVirtualTableIterator::get_next_row calls this override (ob_virtual_table_iterator.cpp:328) and passes OB_ITER_END on through its empty branch (ob_virtual_table_iterator.cpp:329; ret-compare.tsv:1038), as get_next_row() and get_next_rows do (ob_virtual_table_iterator.cpp:429-430, :410-411; ret-compare.tsv:1040, :1039).	confirmed
src/observer/virtual_table/ob_all_virtual_mds_event_history.cpp	ObAllVirtualMdsEventHistory::point_read_	line 86: ret == OB_ENTRY_NOT_EXIST	LOOKUP_OUTCOME	Inside the failure branch of ob_fail!(ret = <the ObMdsEventBuffer::for_each(key, ..) call>), the if / else on ret is if matches!(ret, Err(OB_ENTRY_NOT_EXIST)) { ret = Ok(()); log_warn!(..); } else { log_warn!(..); } on the local ret, an ObResult, in the local-ret form (s2-errors.md 2.3), each log taking the ret in scope on its C++ line (s2-errors.md 2.5 rule 1); the reset stays at the same place (s2-errors.md 2.4 rule 1). The closure passed to for_each keeps its own ObResult local, as the C++ lambda keeps its own ret. The MDS event buffer and its recycle cache, core units (core-manifest.tsv:765, :207, :199), keep answering OB_ENTRY_NOT_EXIST for a key with no event, the code of the C++ API they replace, never an Option or a bool, until parity (s2-errors.md 2.4 rules 1 and 2).	sweep: ret-compare.tsv:863 (data row 862). Producer: ObMdsEventBuffer::for_each(key, <lambda>) at ob_all_virtual_mds_event_history.cpp:77, a static that forwards to the singleton's keyed for_each (src/storage/multi_data_source/ob_mds_event_buffer.h:327-328, :288, :293); that one looks the key up in the event cache's bucket for its hash (src/share/cache/ob_vtable_event_recycle_buffer.h:114, :120), and ObRecycleMultiKVCache::for_each sets OB_ENTRY_NOT_EXIST when the bucket holds no list for the key (src/share/cache/ob_recycle_multi_kvcache.ipp:293, :299-302); otherwise it runs the lambda on each event, whose codes are the row conversion's and the scanner's (ob_all_virtual_mds_event_history.cpp:79, :81), and git grep -n OB_ENTRY_NOT_EXIST 834bbee1e -- src/observer/virtual_table/ob_all_virtual_mds_event_history.cpp finds only this test and its log (ob_all_virtual_mds_event_history.cpp:86, :88). Holder: the local ret of point_read_ (ob_all_virtual_mds_event_history.cpp:72); the lambda has its own (ob_all_virtual_mds_event_history.cpp:78). Code's branch: ret = OB_SUCCESS and a WARN log (ob_all_virtual_mds_event_history.cpp:87-88): a tablet point with no event adds no row, and the loop goes on to the next tablet point (ob_all_virtual_mds_event_history.cpp:75). The code never leaves point_read_.	confirmed
src/observer/virtual_table/ob_all_virtual_mds_event_history.cpp	ObAllVirtualMdsEventHistory::inner_get_next_row	line 127: ret != OB_ITER_END	END_OF_DATA	!matches!(ret, Err(OB_ITER_END)) on the local ret, an ObResult; the test puts the function in the local-ret form (s2-errors.md 2.3). The branch keeps its log line, which takes the ret in scope on the C++ line (s2-errors.md 2.5 rule 1), and OB_ITER_END goes on to the caller in ret, as in C++. ObRowStore::Iterator (a Step 3 unit, manifest.tsv:280) keeps ending with Err(OB_ITER_END), never an Option or a bool, until parity (s2-errors.md 2.4 rule 1; ARCHITECTURE.md section 17 default 6).	sweep: ret-compare.tsv:864 (data row 863). Producer: scanner_it_.get_next_row(cur_row_) at ob_all_virtual_mds_event_history.cpp:126, the scanner iterator every ObVirtualTableScannerIterator holds (ob_virtual_table_scanner_iterator.h:37), an ObRowStore::Iterator (src/sql/ob_scanner.h:48) whose get_next_row returns get_next_stored_row's code (src/oblib/common/row/ob_row_store.cpp:353), OB_ITER_END from next_iter_pos once the last block is read (ob_row_store.cpp:318, :398, :402). The table fills the scanner on its first call, by a range scan or a point read of the event buffer (ob_all_virtual_mds_event_history.cpp:103, :112-120). Holder: the local ret (ob_all_virtual_mds_event_history.cpp:102). Code's branch: the WARN log at ob_all_virtual_mds_event_history.cpp:128 is skipped for OB_ITER_END; the else that sets row (ob_all_virtual_mds_event_history.cpp:130-131) does not run and ret is returned (ob_all_virtual_mds_event_history.cpp:134). ObAllVirtualMdsEventHistory is an ObVirtualTableScannerIterator (src/observer/virtual_table/ob_all_virtual_mds_event_history.h:37). Consumer: ObVirtualTableIterator::get_next_row calls this override (ob_virtual_table_iterator.cpp:328) and passes OB_ITER_END on through its empty branch (ob_virtual_table_iterator.cpp:329; ret-compare.tsv:1038), as get_next_row() and get_next_rows do (ob_virtual_table_iterator.cpp:429-430, :410-411; ret-compare.tsv:1040, :1039).	confirmed
src/observer/virtual_table/ob_all_virtual_mds_node_stat.cpp	ApplyOnTabletOp::operator()	line 42: ret == OB_ENTRY_NOT_EXIST	IGNORED	Inside the failure branch of ob_fail!(ret = <the get_mds_table_handle_ call>), matches!(ret, Err(OB_ENTRY_NOT_EXIST)) on the operator's local ret, an ObResult, in the local-ret form (s2-errors.md 2.3); the reset ret = Ok(()) and the else's WARN log, which takes the ret in scope (s2-errors.md 2.5 rule 1), stay as the C++ writes them (s2-errors.md 2.4 rule 1); nothing replaces the test with ok() or let _ = (s2-errors.md 2.12 items 2 and 3). The tablet and its MDS table handler, core units (core-manifest.tsv:899, :884), keep answering OB_ENTRY_NOT_EXIST when the tablet has no MDS table (s2-errors.md 2.4 rule 2).	sweep: ret-compare.tsv:865 (data row 864). Producer: table_->get_mds_table_handle_(tablet, mds_table_handle, false) at ob_all_virtual_mds_node_stat.cpp:41, which returns ObTablet::get_mds_table_handle_for_diagnostics's code (ob_all_virtual_mds_node_stat.cpp:69; src/storage/tablet/ob_tablet.h:140-144); ObTablet::get_mds_table_handle_ sets OB_ENTRY_NOT_EXIST itself for a log stream's inner tablet (src/storage/tablet/ob_tablet.cpp:4999-5000) and otherwise passes on the tablet pointer's code (ob_tablet.cpp:5001, :4715; src/storage/meta_mem/ob_tablet_pointer.cpp:469-474), whose ObMdsTableHandler answers OB_ENTRY_NOT_EXIST when the one MDS table handle it keeps is not valid and none is to be created (src/storage/multi_data_source/mds_table_handler.cpp:43-47, :59-60). No key, id or name is looked up on that path, so value 9's lookup test does not hold. Holder: the local ret of ApplyOnTabletOp::operator() (ob_all_virtual_mds_node_stat.cpp:37). Code's branch: ret = OB_SUCCESS (ob_all_virtual_mds_node_stat.cpp:43) and nothing else; the statements after the test, which read the tablet's own MDS data into rows (ob_all_virtual_mds_node_stat.cpp:49-57), run for every success, so a tablet without an MDS table still shows its persisted MDS nodes. The code is dropped: the operator returns the reset ret (ob_all_virtual_mds_node_stat.cpp:59).	confirmed
src/observer/virtual_table/ob_all_virtual_mds_node_stat.cpp	ObAllVirtualMdsNodeStat::inner_get_next_row	line 108: ret != OB_ITER_END	END_OF_DATA	!matches!(ret, Err(OB_ITER_END)) on the local ret, an ObResult; the test puts the function in the local-ret form (s2-errors.md 2.3). The branch keeps its log line, which takes the ret in scope on the C++ line (s2-errors.md 2.5 rule 1), and OB_ITER_END goes on to the caller in ret, as in C++. ObRowStore::Iterator (a Step 3 unit, manifest.tsv:280) keeps ending with Err(OB_ITER_END), never an Option or a bool, until parity (s2-errors.md 2.4 rule 1; ARCHITECTURE.md section 17 default 6).	sweep: ret-compare.tsv:866 (data row 865). Producer: scanner_it_.get_next_row(cur_row_) at ob_all_virtual_mds_node_stat.cpp:107, the scanner iterator every ObVirtualTableScannerIterator holds (ob_virtual_table_scanner_iterator.h:37), an ObRowStore::Iterator (src/sql/ob_scanner.h:48) whose get_next_row returns get_next_stored_row's code (src/oblib/common/row/ob_row_store.cpp:353), OB_ITER_END from next_iter_pos once the last block is read (ob_row_store.cpp:318, :398, :402). The table fills the scanner on its first call from the tablets the scan names, a tablet id being required (ob_all_virtual_mds_node_stat.cpp:75-79, :93-100). Holder: the local ret (ob_all_virtual_mds_node_stat.cpp:74). Code's branch: the WARN log at ob_all_virtual_mds_node_stat.cpp:109 is skipped for OB_ITER_END; the else that sets row (ob_all_virtual_mds_node_stat.cpp:111-112) does not run and ret is returned (ob_all_virtual_mds_node_stat.cpp:115). ObAllVirtualMdsNodeStat is an ObVirtualTableScannerIterator (src/observer/virtual_table/ob_all_virtual_mds_node_stat.h:37). Consumer: ObVirtualTableIterator::get_next_row calls this override (ob_virtual_table_iterator.cpp:328) and passes OB_ITER_END on through its empty branch (ob_virtual_table_iterator.cpp:329; ret-compare.tsv:1038), as get_next_row() and get_next_rows do (ob_virtual_table_iterator.cpp:429-430, :410-411; ret-compare.tsv:1040, :1039).	confirmed
src/observer/virtual_table/ob_all_virtual_memory_info.cpp	ObAllVirtualMemoryInfo::inner_get_next_row	line 133: ret == OB_SIZE_OVERFLOW	BUFFER_TOO_SMALL	matches!(ret, Err(OB_SIZE_OVERFLOW)) on the add_row closure's own local ret, an ObResult, inside the failure branch of ob_fail!(ret = self.scanner_.add_row(&self.cur_row_)), in the local-ret form (s2-errors.md 2.3); the WARN log before the test takes the ret in scope on its C++ line (s2-errors.md 2.5 rule 1), and the reset ret = Ok(()) stays at the same place (s2-errors.md 2.4 rule 1). ObScanner (a Step 3 unit, manifest.tsv:2107) keeps answering OB_SIZE_OVERFLOW when a row does not fit under its memory limit, the writer keeping its code (s2-errors.md 2.4 rule 1).	sweep: ret-compare.tsv:867 (data row 866). Producer: scanner_.add_row(cur_row_) at ob_all_virtual_memory_info.cpp:131; ObScanner::add_row adds the row to its row store and, once the store's data size is above mem_size_limit_ (src/sql/ob_scanner.cpp:173), rolls the row back and sets OB_SIZE_OVERFLOW (ob_scanner.cpp:186-188), unless it is the store's only row and fits the serialize limit (ob_scanner.cpp:174). Holder: the local ret of the add_row lambda defined in inner_get_next_row (ob_all_virtual_memory_info.cpp:65, :68). Code's branch: ret = OB_SUCCESS (ob_all_virtual_memory_info.cpp:134), after the WARN log every failure of the add gets (ob_all_virtual_memory_info.cpp:132), so the label's row is left out of the table, as the comment at ob_all_virtual_memory_info.cpp:130 accepts; the lambda returns the reset ret (ob_all_virtual_memory_info.cpp:138) to the label walk of iter_label, which goes on to the next label (ob_all_virtual_memory_info.cpp:147-149). The code never leaves the lambda.	confirmed
src/observer/virtual_table/ob_all_virtual_memory_info.cpp	ObAllVirtualMemoryInfo::inner_get_next_row	line 163: ret != OB_ITER_END	END_OF_DATA	!matches!(ret, Err(OB_ITER_END)) on the local ret, an ObResult; the test puts the function in the local-ret form (s2-errors.md 2.3). The branch keeps its log line, which takes the ret in scope on the C++ line (s2-errors.md 2.5 rule 1), and OB_ITER_END goes on to the caller in ret, as in C++. ObRowStore::Iterator (a Step 3 unit, manifest.tsv:280) keeps ending with Err(OB_ITER_END), never an Option or a bool, until parity (s2-errors.md 2.4 rule 1; ARCHITECTURE.md section 17 default 6).	sweep: ret-compare.tsv:868 (data row 867). Producer: scanner_it_.get_next_row(cur_row_) at ob_all_virtual_memory_info.cpp:162, the scanner iterator every ObVirtualTableScannerIterator holds (ob_virtual_table_scanner_iterator.h:37), an ObRowStore::Iterator (src/sql/ob_scanner.h:48) whose get_next_row returns get_next_stored_row's code (src/oblib/common/row/ob_row_store.cpp:353), OB_ITER_END from next_iter_pos once the last block is read (ob_row_store.cpp:318, :398, :402). The table fills the scanner on its first call, one row per label of each context allocator (ob_all_virtual_memory_info.cpp:58, :141-157). Holder: the local ret (ob_all_virtual_memory_info.cpp:57). Code's branch: the WARN log at ob_all_virtual_memory_info.cpp:164 is skipped for OB_ITER_END; the else that sets row (ob_all_virtual_memory_info.cpp:166-167) does not run and ret is returned (ob_all_virtual_memory_info.cpp:170). ObAllVirtualMemoryInfo is an ObVirtualTableScannerIterator (src/observer/virtual_table/ob_all_virtual_memory_info.h:27). Consumer: ObVirtualTableIterator::get_next_row calls this override (ob_virtual_table_iterator.cpp:328) and passes OB_ITER_END on through its empty branch (ob_virtual_table_iterator.cpp:329; ret-compare.tsv:1038), as get_next_row() and get_next_rows do (ob_virtual_table_iterator.cpp:429-430, :410-411; ret-compare.tsv:1040, :1039).	confirmed
src/observer/virtual_table/ob_all_virtual_memstore_info.cpp	ObAllVirtualMemstoreInfo::get_next_tablet	line 68: ret != OB_ITER_END	END_OF_DATA	!matches!(ret, Err(OB_ITER_END)) on the local ret, an ObResult, inside the branch of ret.is_ok() && ob_fail!(ret = self.tablet_iter_.get_next_tablet(tablet_handle)) (s2-errors.md 2.3 table); the test puts the function in the local-ret form (s2-errors.md 2.3). The branch keeps its log line, which takes the ret in scope on the C++ line (s2-errors.md 2.5 rule 1), and OB_ITER_END goes on to the caller in ret, as in C++. The core's ObLSTabletIterator (core-manifest.tsv:894) keeps the C++ API's Err(OB_ITER_END) at its boundary, never an Option or a bool, until parity (s2-errors.md 2.4 rules 1 and 2; ARCHITECTURE.md section 17 default 6).	sweep: ret-compare.tsv:869 (data row 868). Producer: tablet_iter_.get_next_tablet(tablet_handle) at ob_all_virtual_memstore_info.cpp:67, an ObLSTabletIterator (src/observer/virtual_table/ob_all_virtual_memstore_info.h:54) built on the first call, without the log stream's inner tablets (ob_all_virtual_memstore_info.cpp:57, :63-64); its get_next_tablet sets OB_ITER_END once idx_ reaches the count of tablet_ids_ (src/storage/tablet/ob_tablet_iterator.cpp:62-63). Holder: the local ret (ob_all_virtual_memstore_info.cpp:56). Code's branch: the WARN log at ob_all_virtual_memstore_info.cpp:69 is skipped for OB_ITER_END and ret is returned (ob_all_virtual_memstore_info.cpp:72). Consumer: get_next_memtable, the one caller (get_next_tablet is private, src/observer/virtual_table/ob_all_virtual_memstore_info.h:48-49, and git grep -nw get_next_tablet 834bbee1e -- src/observer/virtual_table/ob_all_virtual_memstore_info.cpp finds its definition, its one call and the tablet iterator's function of that name, ob_all_virtual_memstore_info.cpp:54, :90, :67), passes it on (ob_all_virtual_memstore_info.cpp:90-93; ret-compare.tsv:870).	confirmed
src/observer/virtual_table/ob_all_virtual_memstore_info.cpp	ObAllVirtualMemstoreInfo::get_next_memtable	line 91: ret != OB_ITER_END	END_OF_DATA	!matches!(ret, Err(OB_ITER_END)) on the local ret, an ObResult; the test puts the function in the local-ret form (s2-errors.md 2.3). The branch keeps its log line, which takes the ret in scope on the C++ line (s2-errors.md 2.5 rule 1), and OB_ITER_END ends the while loop through its condition, re-evaluated each round, and goes on to the caller in ret, as in C++ (RULEBOOK section 0, Keep the control flow). get_next_tablet keeps passing on the core ObLSTabletIterator's Err(OB_ITER_END) (core-manifest.tsv:894), never an Option or a bool, until parity (s2-errors.md 2.4 rules 1 and 2; ARCHITECTURE.md section 17 default 6).	sweep: ret-compare.tsv:870 (data row 869). Producer: get_next_tablet(tablet_handle) at ob_all_virtual_memstore_info.cpp:90, called once the memtables of the current tablet are all handed out (ob_all_virtual_memstore_info.cpp:84-86), which passes on the tablet iterator's OB_ITER_END after the log stream's last tablet (ob_all_virtual_memstore_info.cpp:67-68; src/storage/tablet/ob_tablet_iterator.cpp:62-63; ret-compare.tsv:869). Holder: the local ret (ob_all_virtual_memstore_info.cpp:77). Code's branch: the WARN log at ob_all_virtual_memstore_info.cpp:92 is skipped for OB_ITER_END; the while condition OB_SUCC(ret) (ob_all_virtual_memstore_info.cpp:83) ends the loop and ret is returned (ob_all_virtual_memstore_info.cpp:110). Consumer: inner_get_next_row, the one caller (get_next_memtable is private, src/observer/virtual_table/ob_all_virtual_memstore_info.h:48, :50, and git grep -nw get_next_memtable 834bbee1e -- src/observer/virtual_table/ob_all_virtual_memstore_info.cpp finds its definition, one call, two comment lines and a log text, ob_all_virtual_memstore_info.cpp:75, :143, :80-81, :145), passes it on (ob_all_virtual_memstore_info.cpp:143-146; ret-compare.tsv:871).	confirmed
src/observer/virtual_table/ob_all_virtual_memstore_info.cpp	ObAllVirtualMemstoreInfo::inner_get_next_row	line 144: ret != OB_ITER_END	END_OF_DATA	!matches!(ret, Err(OB_ITER_END)) on the local ret, an ObResult; the test puts the function in the local-ret form (s2-errors.md 2.3). The branch keeps its log line, which takes the ret in scope on the C++ line (s2-errors.md 2.5 rule 1), and OB_ITER_END goes on to the caller in ret, as in C++. get_next_memtable, which passes on the core ObLSTabletIterator's code (core-manifest.tsv:894), keeps ending with Err(OB_ITER_END), never an Option or a bool, until parity (s2-errors.md 2.4 rule 1; ARCHITECTURE.md section 17 default 6).	sweep: ret-compare.tsv:871 (data row 870). Producer: get_next_memtable(mt) at ob_all_virtual_memstore_info.cpp:143, which returns the tablet iterator's OB_ITER_END once every tablet's memtables are handed out (ob_all_virtual_memstore_info.cpp:90-93, :110; ret-compare.tsv:870). Holder: the local ret (ob_all_virtual_memstore_info.cpp:137). Code's branch: the WARN log at ob_all_virtual_memstore_info.cpp:145 is skipped for OB_ITER_END; the else that fills the row (ob_all_virtual_memstore_info.cpp:150) does not run and ret is returned (ob_all_virtual_memstore_info.cpp:262). ObAllVirtualMemstoreInfo is an ObVirtualTableScannerIterator (src/observer/virtual_table/ob_all_virtual_memstore_info.h:40). Consumer: ObVirtualTableIterator::get_next_row calls this override (ob_virtual_table_iterator.cpp:328) and passes OB_ITER_END on through its empty branch (ob_virtual_table_iterator.cpp:329; ret-compare.tsv:1038), as get_next_row() and get_next_rows do (ob_virtual_table_iterator.cpp:429-430, :410-411; ret-compare.tsv:1040, :1039).	confirmed
src/observer/virtual_table/ob_all_virtual_minor_freeze_info.cpp	ObAllVirtualMinorFreezeInfo::inner_get_next_row	line 62: ret != OB_ITER_END	END_OF_DATA	!matches!(ret, Err(OB_ITER_END)) on the local ret, an ObResult; the test puts the function in the local-ret form (s2-errors.md 2.3). The branch keeps its log line, which takes the ret in scope on the C++ line (s2-errors.md 2.5 rule 1), and OB_ITER_END goes on to the caller in ret, as in C++. get_next_freeze_stat keeps ending with Err(OB_ITER_END), never an Option or a bool, until parity (s2-errors.md 2.4 rule 1; ARCHITECTURE.md section 17 default 6).	sweep: ret-compare.tsv:872 (data row 871). Producer: get_next_freeze_stat(freeze_stat) at ob_all_virtual_minor_freeze_info.cpp:61, which deep-copies the log stream's freezer stat and sets OB_ITER_END when the copy is not valid (ob_all_virtual_minor_freeze_info.cpp:170-172). The table shows that one stat at most: after the first row start_to_read_ is set and every later call answers OB_ITER_END at once (ob_all_virtual_minor_freeze_info.cpp:59-60, :66). So here the producer also uses OB_ITER_END for a stat that is not valid, an empty table, and not only for an exhausted iteration. Holder: the local ret (ob_all_virtual_minor_freeze_info.cpp:54). Code's branch: the WARN log at ob_all_virtual_minor_freeze_info.cpp:63 is skipped for OB_ITER_END; the else that fills the row (ob_all_virtual_minor_freeze_info.cpp:65) does not run and ret is returned (ob_all_virtual_minor_freeze_info.cpp:154). ObAllVirtualMinorFreezeInfo is an ObVirtualTableScannerIterator (src/observer/virtual_table/ob_all_virtual_minor_freeze_info.h:37). Consumer: ObVirtualTableIterator::get_next_row calls this override (ob_virtual_table_iterator.cpp:328) and passes OB_ITER_END on through its empty branch (ob_virtual_table_iterator.cpp:329; ret-compare.tsv:1038), as get_next_row() and get_next_rows do (ob_virtual_table_iterator.cpp:429-430, :410-411; ret-compare.tsv:1040, :1039).	confirmed
src/observer/virtual_table/ob_all_virtual_obj_lock.cpp	ObAllVirtualObjLock::get_next_tx_ctx	line 77: ret != OB_ITER_END	END_OF_DATA	!matches!(ret, Err(OB_ITER_END)) on the local ret, an ObResult; the test puts the function in the local-ret form (s2-errors.md 2.3). The branch keeps its log line, which takes the ret in scope on the C++ line (s2-errors.md 2.5 rule 1), and OB_ITER_END ends the while loop through its condition, re-evaluated each round, and goes on to the caller in ret, as in C++ (RULEBOOK section 0, Keep the control flow). The core's ObLSTxCtxIterator (core-manifest.tsv:670) keeps the C++ API's Err(OB_ITER_END) at its boundary, never an Option or a bool, until parity (s2-errors.md 2.4 rules 1 and 2; ARCHITECTURE.md section 17 default 6).	sweep: ret-compare.tsv:873 (data row 872). Producer: tx_ctx_iter_.get_next_tx_ctx(tx_ctx) at ob_all_virtual_obj_lock.cpp:76, a transaction::ObLSTxCtxIterator (src/observer/virtual_table/ob_all_virtual_obj_lock.h:74) that the log stream fills on first use (ob_all_virtual_obj_lock.cpp:70, :74); its get_next_tx_ctx passes on get_next_tx_id_'s code (src/storage/tx/ob_trans_ctx_mgr_v4.cpp:77), which sets OB_ITER_END once the last bucket of transaction ids is read (ob_trans_ctx_mgr_v4.cpp:121-123). Holder: the local ret (ob_all_virtual_obj_lock.cpp:67). Code's branch: the WARN log at ob_all_virtual_obj_lock.cpp:78 is skipped for OB_ITER_END; the while condition OB_SUCC(ret) (ob_all_virtual_obj_lock.cpp:69) ends the loop and ret is returned (ob_all_virtual_obj_lock.cpp:85). Consumer: get_next_lock_op_iter_from_tx_ctx passes it on (ob_all_virtual_obj_lock.cpp:204-207, :230; ret-compare.tsv:881), and get_next_lock_op_iter then leaves the transaction contexts for the lock memtable (ob_all_virtual_obj_lock.cpp:166-170; ret-compare.tsv:879).	confirmed
src/observer/virtual_table/ob_all_virtual_obj_lock.cpp	ObAllVirtualObjLock::get_next_lock_id	line 100: ret != OB_ITER_END	END_OF_DATA	!matches!(ret, Err(OB_ITER_END)) on the local ret, an ObResult; the test puts the function in the local-ret form (s2-errors.md 2.3). The branch keeps its log line, which takes the ret in scope on the C++ line (s2-errors.md 2.5 rule 1), and OB_ITER_END ends the while loop through its condition, re-evaluated each round, and goes on to the caller in ret, as in C++ (RULEBOOK section 0, Keep the control flow). ObLockIDIterator, an ObSimpleIterator (a Step 3 unit, manifest.tsv:199), keeps ending with Err(OB_ITER_END), never an Option or a bool, until parity (s2-errors.md 2.4 rule 1; ARCHITECTURE.md section 17 default 6).	sweep: ret-compare.tsv:874 (data row 873). Producer: obj_lock_iter_.get_next(lock_id) at ob_all_virtual_obj_lock.cpp:99, an ObLockIDIterator (src/observer/virtual_table/ob_all_virtual_obj_lock.h:76), which is a common::ObSimpleIterator (src/storage/tablelock/ob_table_lock_common.h:582) that the log stream fills on first use (ob_all_virtual_obj_lock.cpp:93, :97); ObSimpleIterator::get_next returns OB_ITER_END at the end of its array (src/oblib/common/ob_simple_iterator.h:101-104). Holder: the local ret (ob_all_virtual_obj_lock.cpp:90). Code's branch: the WARN log at ob_all_virtual_obj_lock.cpp:101 is skipped for OB_ITER_END; the while condition OB_SUCC(ret) (ob_all_virtual_obj_lock.cpp:92) ends the loop and ret is returned (ob_all_virtual_obj_lock.cpp:108). Consumer: get_next_lock_op_iter_from_lock_memtable, the one caller (git grep -nw get_next_lock_id 834bbee1e -- src finds the private declaration, the definition and one call, src/observer/virtual_table/ob_all_virtual_obj_lock.h:42; ob_all_virtual_obj_lock.cpp:88, :238), passes it on (ob_all_virtual_obj_lock.cpp:238-241, :252; ret-compare.tsv:882).	confirmed
src/observer/virtual_table/ob_all_virtual_obj_lock.cpp	ObAllVirtualObjLock::get_next_lock_op	line 122: ret != OB_ITER_END	END_OF_DATA	!matches!(ret, Err(OB_ITER_END)) on the local ret, an ObResult; the test puts the function in the local-ret form (s2-errors.md 2.3). The WARN branch keeps its log line, which takes the ret in scope on the C++ line (s2-errors.md 2.5 rule 1), and the else keeps lock_op_iter_.reset() in the C++ place (RULEBOOK section 0, Keep the control flow); the while loop and the else-if on OB_ITER_END after the chain stay as written (ret-compare.tsv:877). ObLockOpIterator, an ObSimpleIterator (a Step 3 unit, manifest.tsv:199), keeps ending with Err(OB_ITER_END), never an Option or a bool, until parity (s2-errors.md 2.4 rule 1; ARCHITECTURE.md section 17 default 6).	sweep: ret-compare.tsv:875 (data row 874). Producer: lock_op_iter_.get_next(..) at ob_all_virtual_obj_lock.cpp:121, an ObLockOpIterator (src/observer/virtual_table/ob_all_virtual_obj_lock.h:78), which is a common::ObSimpleIterator (src/storage/tablelock/ob_table_lock_common.h:584) that holds one transaction context's or one lock id's lock ops (ob_all_virtual_obj_lock.cpp:216-217, :243-244); ObSimpleIterator::get_next returns OB_ITER_END at the end of its array (src/oblib/common/ob_simple_iterator.h:101-104). Holder: the local ret (ob_all_virtual_obj_lock.cpp:115). Code's branch: the else resets lock_op_iter_ to free its memory (ob_all_virtual_obj_lock.cpp:124-125); has_lock_op stays false, so the else-if at ob_all_virtual_obj_lock.cpp:147-148 (ret-compare.tsv:877) asks get_next_lock_op_iter for the next source's iterator, and the while loop (ob_all_virtual_obj_lock.cpp:118) reads from that one. The loop goes on with a new iterator, not with the exhausted one, so value 5's test (the branch repeats the operation that produced the code) does not hold; OB_ITER_END stays in ret until that call replaces it.	confirmed
src/observer/virtual_table/ob_all_virtual_obj_lock.cpp	ObAllVirtualObjLock::get_next_lock_op	line 134: ret != OB_ITER_END	END_OF_DATA	!matches!(ret, Err(OB_ITER_END)) on the local ret, an ObResult; the test puts the function in the local-ret form (s2-errors.md 2.3). The WARN branch keeps its log line, which takes the ret in scope on the C++ line (s2-errors.md 2.5 rule 1), and the else keeps prio_op_iter_.reset() in the C++ place (RULEBOOK section 0, Keep the control flow); the while loop and the else-if on OB_ITER_END after the chain stay as written (ret-compare.tsv:877). ObPrioOpIterator, an ObSimpleIterator (a Step 3 unit, manifest.tsv:199), keeps ending with Err(OB_ITER_END), never an Option or a bool, until parity (s2-errors.md 2.4 rule 1; ARCHITECTURE.md section 17 default 6).	sweep: ret-compare.tsv:876 (data row 875). Producer: prio_op_iter_.get_next(..) at ob_all_virtual_obj_lock.cpp:133, an ObPrioOpIterator (src/observer/virtual_table/ob_all_virtual_obj_lock.h:80), which is a common::ObSimpleIterator (src/storage/tablelock/ob_table_lock_common.h:586) that holds one transaction context's lock priority list (ob_all_virtual_obj_lock.cpp:220-221); ObSimpleIterator::get_next returns OB_ITER_END at the end of its array (src/oblib/common/ob_simple_iterator.h:101-104). Holder: the local ret (ob_all_virtual_obj_lock.cpp:115). Code's branch: the else resets prio_op_iter_ to free its memory (ob_all_virtual_obj_lock.cpp:136-137); has_lock_op stays false, so the else-if at ob_all_virtual_obj_lock.cpp:147-148 (ret-compare.tsv:877) asks get_next_lock_op_iter for the next source's iterator, and the while loop (ob_all_virtual_obj_lock.cpp:118) reads from that one. The loop goes on with a new iterator, not with the exhausted one, so value 5's test (the branch repeats the operation that produced the code) does not hold; OB_ITER_END stays in ret until that call replaces it.	confirmed
src/observer/virtual_table/ob_all_virtual_obj_lock.cpp	ObAllVirtualObjLock::get_next_lock_op	line 147: ret == OB_ITER_END	END_OF_DATA	matches!(ret, Err(OB_ITER_END)) on the local ret, an ObResult, in the else-if after if has_lock_op, in the local-ret form (s2-errors.md 2.3); the branch's ob_fail!(ret = self.get_next_lock_op_iter()) and the log-only test inside it (ret-compare.tsv:878) stay as the C++ writes them, and the while loop re-evaluates OB_SUCC(ret) each round (RULEBOOK section 0, Keep the control flow). The lock-op iterators, ObSimpleIterator instances (a Step 3 unit, manifest.tsv:199), keep ending with Err(OB_ITER_END), never an Option or a bool, until parity (s2-errors.md 2.4 rule 1; ARCHITECTURE.md section 17 default 6).	sweep: ret-compare.tsv:877 (data row 876). Producer: this round's lock-op read, lock_op_iter_.get_next or prio_op_iter_.get_next (ob_all_virtual_obj_lock.cpp:121, :133), each an ObSimpleIterator that returns OB_ITER_END at the end of its array (src/storage/tablelock/ob_table_lock_common.h:584, :586; src/oblib/common/ob_simple_iterator.h:101-104); ret-compare.tsv:875-876 are those reads' own tests. Holder: the local ret (ob_all_virtual_obj_lock.cpp:115). Code's branch: get_next_lock_op_iter() replaces ret (ob_all_virtual_obj_lock.cpp:148): OB_SUCCESS once the next transaction context's or lock id's iterator is ready, and the while loop then reads from it (ob_all_virtual_obj_lock.cpp:118); its own OB_ITER_END once both sources are exhausted (ob_all_virtual_obj_lock.cpp:178-181, :188; ret-compare.tsv:880), which ends the loop and is returned (ob_all_virtual_obj_lock.cpp:156). The branch moves the read on to the next source instead of repeating the exhausted read, so value 5 does not hold, and it sets no code of its own (value 7). Consumer: inner_get_next_row passes OB_ITER_END on (ob_all_virtual_obj_lock.cpp:280-281; ret-compare.tsv:884).	confirmed
src/observer/virtual_table/ob_all_virtual_obj_lock.cpp	ObAllVirtualObjLock::get_next_lock_op	line 149: ret != OB_ITER_END	END_OF_DATA	!matches!(ret, Err(OB_ITER_END)) on the local ret, an ObResult; the test puts the function in the local-ret form (s2-errors.md 2.3). The branch keeps its log line, which takes the ret in scope on the C++ line (s2-errors.md 2.5 rule 1), and OB_ITER_END ends the while loop through its condition, re-evaluated each round, and goes on to the caller in ret, as in C++ (RULEBOOK section 0, Keep the control flow). get_next_lock_op_iter keeps ending with Err(OB_ITER_END), from the lock id iterator, an ObSimpleIterator (a Step 3 unit, manifest.tsv:199), never an Option or a bool, until parity (s2-errors.md 2.4 rule 1; ARCHITECTURE.md section 17 default 6).	sweep: ret-compare.tsv:878 (data row 877). Producer: get_next_lock_op_iter() at ob_all_virtual_obj_lock.cpp:148, which returns OB_ITER_END once the transaction contexts and then the lock memtable's lock ids are exhausted: the transaction side's OB_ITER_END is reset there (ob_all_virtual_obj_lock.cpp:166-170; ret-compare.tsv:879) and the lock memtable side's is returned (ob_all_virtual_obj_lock.cpp:178-181, :188; ret-compare.tsv:880), from the lock id iterator (ob_all_virtual_obj_lock.cpp:99-100, :238-239; ret-compare.tsv:874). Holder: the local ret (ob_all_virtual_obj_lock.cpp:115). Code's branch: the WARN log at ob_all_virtual_obj_lock.cpp:150 is skipped for OB_ITER_END; the while condition OB_SUCC(ret) (ob_all_virtual_obj_lock.cpp:118) ends the loop and ret is returned (ob_all_virtual_obj_lock.cpp:156). Consumer: inner_get_next_row, the one caller (get_next_lock_op is private, src/observer/virtual_table/ob_all_virtual_obj_lock.h:40, :43, and git grep -nw get_next_lock_op 834bbee1e -- src/observer/virtual_table/ob_all_virtual_obj_lock.cpp finds its definition, one call and a log text, ob_all_virtual_obj_lock.cpp:111, :280, :282), passes it on (ob_all_virtual_obj_lock.cpp:280-281; ret-compare.tsv:884).	confirmed
src/observer/virtual_table/ob_all_virtual_obj_lock.cpp	ObAllVirtualObjLock::get_next_lock_op_iter	line 167: ret == OB_ITER_END	END_OF_DATA	matches!(ret, Err(OB_ITER_END)) on the local ret, an ObResult, inside the failure branch of ob_fail!(ret = self.get_next_lock_op_iter_from_tx_ctx()), in the local-ret form (s2-errors.md 2.3); the branch's is_iter_tx_ = false, tx_ctx_iter_.reset() and reset ret = Ok(()) stay in the C++ order, and the else keeps its WARN log with the ret in scope (s2-errors.md 2.4 rule 1, 2.5 rule 1); the while loop re-evaluates OB_SUCC(ret) each round (RULEBOOK section 0, Keep the control flow). The core's ObLSTxCtxIterator (core-manifest.tsv:670) keeps the C++ API's Err(OB_ITER_END) at its boundary, never an Option or a bool, until parity (s2-errors.md 2.4 rules 1 and 2; ARCHITECTURE.md section 17 default 6).	sweep: ret-compare.tsv:879 (data row 878). Producer: get_next_lock_op_iter_from_tx_ctx() at ob_all_virtual_obj_lock.cpp:166, which passes on get_next_tx_ctx's OB_ITER_END once the log stream's transaction contexts are exhausted (ob_all_virtual_obj_lock.cpp:204-207, :230; ret-compare.tsv:881, :873). Holder: the local ret (ob_all_virtual_obj_lock.cpp:161). Code's branch: is_iter_tx_ = false, tx_ctx_iter_.reset() and ret = OB_SUCCESS (ob_all_virtual_obj_lock.cpp:168-170), so the while loop (ob_all_virtual_obj_lock.cpp:164) goes on to the lock memtable's side (ob_all_virtual_obj_lock.cpp:177-178): the transaction contexts are done and the other source is read, not the same one again, so value 5 does not hold. The code never leaves the function.	confirmed
src/observer/virtual_table/ob_all_virtual_obj_lock.cpp	ObAllVirtualObjLock::get_next_lock_op_iter	line 179: ret != OB_ITER_END	END_OF_DATA	!matches!(ret, Err(OB_ITER_END)) on the local ret, an ObResult; the test puts the function in the local-ret form (s2-errors.md 2.3). The branch keeps its log line, which takes the ret in scope on the C++ line (s2-errors.md 2.5 rule 1), and OB_ITER_END ends the while loop through its condition, re-evaluated each round, and goes on to the caller in ret, as in C++ (RULEBOOK section 0, Keep the control flow). ObLockIDIterator, an ObSimpleIterator (a Step 3 unit, manifest.tsv:199), keeps ending with Err(OB_ITER_END), never an Option or a bool, until parity (s2-errors.md 2.4 rule 1; ARCHITECTURE.md section 17 default 6).	sweep: ret-compare.tsv:880 (data row 879). Producer: get_next_lock_op_iter_from_lock_memtable() at ob_all_virtual_obj_lock.cpp:178, which passes on get_next_lock_id's OB_ITER_END once the lock memtable's lock ids are all read (ob_all_virtual_obj_lock.cpp:238-241, :252; ret-compare.tsv:882, :874). Holder: the local ret (ob_all_virtual_obj_lock.cpp:161). Code's branch: the WARN log at ob_all_virtual_obj_lock.cpp:180 is skipped for OB_ITER_END; the while condition OB_SUCC(ret) (ob_all_virtual_obj_lock.cpp:164) ends the loop and ret is returned (ob_all_virtual_obj_lock.cpp:188). Consumer: get_next_lock_op passes it on through its log-only test (ob_all_virtual_obj_lock.cpp:148-150, :156; ret-compare.tsv:878), and so does prepare_start_to_read on the first call (ob_all_virtual_obj_lock.cpp:266, :270), whose failure inner_get_next_row logs and returns (ob_all_virtual_obj_lock.cpp:278-279).	confirmed
src/observer/virtual_table/ob_all_virtual_obj_lock.cpp	ObAllVirtualObjLock::get_next_lock_op_iter_from_tx_ctx	line 205: ret != OB_ITER_END	END_OF_DATA	!matches!(ret, Err(OB_ITER_END)) on the local ret, an ObResult; the test puts the function in the local-ret form (s2-errors.md 2.3). The branch keeps its log line, which takes the ret in scope on the C++ line (s2-errors.md 2.5 rule 1), and OB_ITER_END goes on through the empty if (OB_FAIL(ret)) that follows to the caller in ret, as in C++ (s2-errors.md 2.3: empty branches stay). The core's ObLSTxCtxIterator (core-manifest.tsv:670) keeps the C++ API's Err(OB_ITER_END) at its boundary, never an Option or a bool, until parity (s2-errors.md 2.4 rules 1 and 2; ARCHITECTURE.md section 17 default 6).	sweep: ret-compare.tsv:881 (data row 880). Producer: get_next_tx_ctx(tx_ctx_) at ob_all_virtual_obj_lock.cpp:204, called when a new transaction context is needed (ob_all_virtual_obj_lock.cpp:195, :203), which passes on the transaction context iterator's OB_ITER_END (ob_all_virtual_obj_lock.cpp:76-77, :85; ret-compare.tsv:873). Holder: the local ret (ob_all_virtual_obj_lock.cpp:193). Code's branch: the WARN log at ob_all_virtual_obj_lock.cpp:206 is skipped for OB_ITER_END; the empty if (OB_FAIL(ret)) (ob_all_virtual_obj_lock.cpp:211) skips the iterator set-up, no context is reverted since none was fetched on this path (ob_all_virtual_obj_lock.cpp:196, :225), and ret is returned (ob_all_virtual_obj_lock.cpp:230). Consumer: get_next_lock_op_iter resets it and turns to the lock memtable (ob_all_virtual_obj_lock.cpp:166-170; ret-compare.tsv:879).	confirmed
src/observer/virtual_table/ob_all_virtual_obj_lock.cpp	ObAllVirtualObjLock::get_next_lock_op_iter_from_lock_memtable	line 239: ret != OB_ITER_END	END_OF_DATA	!matches!(ret, Err(OB_ITER_END)) on the local ret, an ObResult; the test puts the function in the local-ret form (s2-errors.md 2.3). The branch keeps its log line, which takes the ret in scope on the C++ line (s2-errors.md 2.5 rule 1), and OB_ITER_END goes on to the caller in ret, as in C++. ObLockIDIterator, an ObSimpleIterator (a Step 3 unit, manifest.tsv:199), keeps ending with Err(OB_ITER_END), never an Option or a bool, until parity (s2-errors.md 2.4 rule 1; ARCHITECTURE.md section 17 default 6).	sweep: ret-compare.tsv:882 (data row 881). Producer: get_next_lock_id(lock_id) at ob_all_virtual_obj_lock.cpp:238, which passes on the lock id iterator's OB_ITER_END once the lock memtable's lock ids are all read (ob_all_virtual_obj_lock.cpp:99-100, :108; ret-compare.tsv:874). Holder: the local ret (ob_all_virtual_obj_lock.cpp:235). Code's branch: the WARN log at ob_all_virtual_obj_lock.cpp:240 is skipped for OB_ITER_END; the else that builds the next lock-op iterator (ob_all_virtual_obj_lock.cpp:242-244) does not run and ret is returned (ob_all_virtual_obj_lock.cpp:252). Consumer: get_next_lock_op_iter passes it on (ob_all_virtual_obj_lock.cpp:178-181, :188; ret-compare.tsv:880).	confirmed
src/observer/virtual_table/ob_all_virtual_obj_lock.cpp	ObAllVirtualObjLock::get_next_lock_op_iter_from_lock_memtable	line 245: ret == OB_ENTRY_NOT_EXIST	IGNORED	Inside the failure branch of ob_fail!(ret = <the ls_.get_lock_op_iter(lock_id, lock_op_iter_) call>), matches!(ret, Err(OB_ENTRY_NOT_EXIST)) on the local ret, an ObResult, in the local-ret form (s2-errors.md 2.3); the branch's WARN log and reset ret = Ok(()), and the WARN log after it that every failure gets, stay in the C++ order, each log taking the ret in scope on its C++ line (s2-errors.md 2.4 rule 1, 2.5 rule 1); nothing replaces the test with ok() or let _ = (s2-errors.md 2.12 items 2 and 3). The reset leaves lock_op_iter_ in the not-ready state its reset() gave it, so the next read of it fails with OB_ERR_UNEXPECTED (see evidence): kept as written and marked BUG(port) with that repro (RULEBOOK 2.10, the BUG rule).	sweep: ret-compare.tsv:883 (data row 882). Producer: ls_->get_lock_op_iter(lock_id, lock_op_iter_) at ob_all_virtual_obj_lock.cpp:244, which ObLS delegates to its lock table (src/storage/ls/ob_ls.h:427); ObLockTable::get_lock_op_iter first gets the lock memtable (src/storage/tablelock/ob_lock_table.cpp:594-595), and two statements on that path set OB_ENTRY_NOT_EXIST: ObIMemtableMgr::get_active_memtable, for a manager that holds no memtable (src/storage/ob_i_memtable_mgr.cpp:48-49), which ObLockTable::get_lock_memtable calls only while it has no cached handle (ob_lock_table.cpp:355-357, :367), and ObTableHandleV2::get_lock_memtable, for a handle whose table is not a lock memtable (src/storage/ob_i_table.cpp:354-355); git grep -n '= OB_ENTRY_NOT_EXIST;' 834bbee1e -- src/storage/tablelock/ob_lock_table.cpp src/storage/tablelock/ob_lock_memtable.cpp src/storage/tablelock/ob_obj_lock.cpp finds no setter in the lock table's own files. A lock id missing from the lock map does not give the code: the map's miss becomes OB_OBJ_LOCK_NOT_EXIST (src/storage/tablelock/ob_obj_lock.cpp:2150-2153), which ObOBJLockMap::get_lock_op_iter turns into success with an empty ready iterator (ob_obj_lock.cpp:939-943). No key is looked up where the code is set, so value 9's lookup test does not hold. Holder: the local ret (ob_all_virtual_obj_lock.cpp:235). Code's branch: a WARN log and ret = OB_SUCCESS (ob_all_virtual_obj_lock.cpp:246-247), commented continue; the WARN log at ob_all_virtual_obj_lock.cpp:249 runs for every failure. The code is dropped: the function returns success (ob_all_virtual_obj_lock.cpp:252). Where it goes: get_next_lock_op_iter takes the success as a ready iterator (ob_all_virtual_obj_lock.cpp:178, :183), but lock_op_iter_ was reset (ob_all_virtual_obj_lock.cpp:243) and not made ready, so the next read of it in get_next_lock_op (ob_all_virtual_obj_lock.cpp:121) fails with OB_ERR_UNEXPECTED (src/oblib/common/ob_simple_iterator.h:98-100) instead of moving on to the next lock id as the log text at ob_all_virtual_obj_lock.cpp:246 intends. Repro: read the table while the log stream's lock table goes offline after the lock ids were read, since ObLockTable::offline drops the cached handle (ob_lock_table.cpp:243, :263).	confirmed
src/observer/virtual_table/ob_all_virtual_obj_lock.cpp	ObAllVirtualObjLock::inner_get_next_row	line 281: ret != OB_ITER_END	END_OF_DATA	!matches!(ret, Err(OB_ITER_END)) on the local ret, an ObResult; the test puts the function in the local-ret form (s2-errors.md 2.3). The branch keeps its log line, which takes the ret in scope on the C++ line (s2-errors.md 2.5 rule 1), and OB_ITER_END goes on to the caller in ret, as in C++. get_next_lock_op, from the lock id iterator, an ObSimpleIterator (a Step 3 unit, manifest.tsv:199), keeps ending with Err(OB_ITER_END), never an Option or a bool, until parity (s2-errors.md 2.4 rule 1; ARCHITECTURE.md section 17 default 6).	sweep: ret-compare.tsv:884 (data row 883). Producer: get_next_lock_op(lock_op, priority) at ob_all_virtual_obj_lock.cpp:280, which returns OB_ITER_END once the transaction contexts and the lock memtable's lock ids are exhausted (ob_all_virtual_obj_lock.cpp:147-150, :156; ret-compare.tsv:877-878). Holder: the local ret (ob_all_virtual_obj_lock.cpp:275). Code's branch: the WARN log at ob_all_virtual_obj_lock.cpp:282 is skipped for OB_ITER_END; the else that fills the row (ob_all_virtual_obj_lock.cpp:284) does not run and ret is returned (ob_all_virtual_obj_lock.cpp:409). ObAllVirtualObjLock is an ObVirtualTableScannerIterator (src/observer/virtual_table/ob_all_virtual_obj_lock.h:32). Consumer: ObVirtualTableIterator::get_next_row calls this override (ob_virtual_table_iterator.cpp:328) and passes OB_ITER_END on through its empty branch (ob_virtual_table_iterator.cpp:329; ret-compare.tsv:1038), as get_next_row() and get_next_rows do (ob_virtual_table_iterator.cpp:429-430, :410-411; ret-compare.tsv:1040, :1039).	confirmed
src/observer/virtual_table/ob_all_virtual_outline.cpp	ObAllVirtualOutlineBase::is_database_recycle	line 96: ret == OB_HASH_NOT_EXIST [not built]	NOT_TRANSLATED	none: dead (not-translated.tsv:191)	not-translated.tsv:191: unit src/observer/virtual_table/ob_all_virtual_outline, reason dead (not compiled by the reference build).	confirmed
src/observer/virtual_table/ob_all_virtual_privilege.cpp	ObAllVirtualPrivilege::inner_get_next_row	line 39: ret != OB_ITER_END	END_OF_DATA	!matches!(ret, Err(OB_ITER_END)) on the local ret, an ObResult; the test puts the function in the local-ret form (s2-errors.md 2.3). The empty branch stays (s2-errors.md 2.3), and OB_ITER_END goes on to the caller in ret, as in C++. ObRowStore::Iterator (a Step 3 unit, manifest.tsv:280) keeps ending with Err(OB_ITER_END), never an Option or a bool, until parity (s2-errors.md 2.4 rule 1; ARCHITECTURE.md section 17 default 6).	sweep: ret-compare.tsv:886 (data row 885). Producer: scanner_it_.get_next_row(cur_row_) at ob_all_virtual_privilege.cpp:38, the scanner iterator every ObVirtualTableScannerIterator holds (ob_virtual_table_scanner_iterator.h:37), an ObRowStore::Iterator (src/sql/ob_scanner.h:48) whose get_next_row returns get_next_stored_row's code (src/oblib/common/row/ob_row_store.cpp:353), OB_ITER_END from next_iter_pos once the last block is read (ob_row_store.cpp:318, :398, :402). The table fills the scanner on its first call (ob_all_virtual_privilege.cpp:30-35). Holder: the local ret (ob_all_virtual_privilege.cpp:29). Code's branch: nothing, the branch being empty (ob_all_virtual_privilege.cpp:39-40); the else that sets row (ob_all_virtual_privilege.cpp:41-42) does not run and ret is returned (ob_all_virtual_privilege.cpp:45). ObAllVirtualPrivilege is an ObVirtualTableScannerIterator (src/observer/virtual_table/ob_all_virtual_privilege.h:24). Consumer: ObVirtualTableIterator::get_next_row calls this override (ob_virtual_table_iterator.cpp:328) and passes OB_ITER_END on through its empty branch (ob_virtual_table_iterator.cpp:329; ret-compare.tsv:1038), as get_next_row() and get_next_rows do (ob_virtual_table_iterator.cpp:429-430, :410-411; ret-compare.tsv:1040, :1039).	confirmed
src/observer/virtual_table/ob_all_virtual_ps_item_info.cpp	ObAllVirtualPsItemInfo::get_next_row	line 176: tmp_ret == OB_HASH_NOT_EXIST	LOOKUP_OUTCOME	The if / else-if chain at ob_all_virtual_ps_item_info.cpp:176-194 keeps its tests in the C++ order, each in its own form, since the chain mixes tests on tmp_ret, ret and pointers (s2-errors.md 2.3 table); this row is its first test, matches!(tmp_ret, Err(OB_HASH_NOT_EXIST)) on tmp_ret, a local ObResult initialized from the call (s2-errors.md 2.2 rule 5, 2.4 rule 4), with its empty branch kept (s2-errors.md 2.3); the function is in the local-ret form (s2-errors.md 2.3). ObPsCache::ref_stmt_info keeps answering its map's OB_HASH_NOT_EXIST for a missing statement id, never an Option or a bool, until parity (s2-errors.md 2.4 rules 1 and 2).	sweep: ret-compare.tsv:887 (data row 886). Producer: int tmp_ret = ps_cache_->ref_stmt_info(stmt_id, stmt_info) at ob_all_virtual_ps_item_info.cpp:175; ObPsCache::ref_stmt_info looks the statement id up in stmt_info_map_ with read_atomic and keeps the map's OB_HASH_NOT_EXIST for a missing id, with a log (src/sql/plan_cache/ob_ps_cache.cpp:684, :697-699), stmt_info_map_ being an ObHashMap keyed by ObPsStmtId (src/sql/plan_cache/ob_ps_cache.h:79, :180). Holder: tmp_ret, a local that holds only codes (ob_all_virtual_ps_item_info.cpp:175). Code's branch: nothing, the branch being empty (ob_all_virtual_ps_item_info.cpp:176-177): stmt_info stays NULL, so no cells are filled and is_filled stays false (ob_all_virtual_ps_item_info.cpp:196-203), and the loop goes on to the next statement id (ob_all_virtual_ps_item_info.cpp:155): a statement removed after the id list was taken (ob_all_virtual_ps_item_info.cpp:148) shows no row. tmp_ret dies unread at the end of the iteration, and the code never leaves the function.	confirmed
src/observer/virtual_table/ob_all_virtual_ps_item_info.cpp	ObAllVirtualPsItemInfo::get_next_row	line 185: tmp_ret == OB_HASH_NOT_EXIST	LOOKUP_OUTCOME	The same if / else-if chain as ret-compare.tsv:887, in the C++ order, each test in its own form (s2-errors.md 2.3 table); this row's test is matches!(tmp_ret, Err(OB_HASH_NOT_EXIST)) on tmp_ret, the local ObResult that false_it!(tmp_ret = ..) has just reassigned (RULEBOOK 2.1, the FALSE_IT row), its branch's DEBUG log kept, which takes no code (s2-errors.md 2.5 rule 1). ObPsCache::ref_stmt_item keeps answering its map's OB_HASH_NOT_EXIST for a missing SQL key, never an Option or a bool, until parity (s2-errors.md 2.4 rules 1 and 2).	sweep: ret-compare.tsv:888 (data row 887). Producer: tmp_ret = ps_cache_->ref_stmt_item(stmt_info->get_sql_key(), stmt_item) inside FALSE_IT at ob_all_virtual_ps_item_info.cpp:183-184; ObPsCache::ref_stmt_item passes on inner_ref_stmt_item's code (src/sql/plan_cache/ob_ps_cache.cpp:437), which looks the SQL key up in stmt_id_map_ with read_atomic and keeps the map's OB_HASH_NOT_EXIST for a missing key (ob_ps_cache.cpp:402, :415-417), stmt_id_map_ being an ObHashMap keyed by ObPsSqlKey (src/sql/plan_cache/ob_ps_cache.h:77, :179). Holder: tmp_ret, a local that holds only codes (ob_all_virtual_ps_item_info.cpp:175). Code's branch: a DEBUG log, may be deleted (ob_all_virtual_ps_item_info.cpp:186-187); stmt_item stays NULL, and the row is still filled from stmt_info (ob_all_virtual_ps_item_info.cpp:196-201), with 0 as the item's reference count (ob_all_virtual_ps_item_info.cpp:102-103). tmp_ret is next overwritten by the release of stmt_info (ob_all_virtual_ps_item_info.cpp:213), and the code never leaves the function.	confirmed
src/observer/virtual_table/ob_all_virtual_resource_limit.cpp	ObResourceLimitTable::get_next_resource_info_	line 53: ret != OB_ITER_END	END_OF_DATA	!matches!(ret, Err(OB_ITER_END)) on the local ret, an ObResult; the test puts the function in the local-ret form (s2-errors.md 2.3). The empty branch stays (s2-errors.md 2.3), and OB_ITER_END goes on to the caller in ret, as in C++. ObLogicResourceStatIterator::get_next (a Step 3 unit, manifest.tsv:172) keeps ending with Err(OB_ITER_END), never an Option or a bool, until parity (s2-errors.md 2.4 rule 1; ARCHITECTURE.md section 17 default 6).	sweep: ret-compare.tsv:889 (data row 888). Producer: iter_.get_next(info) at ob_all_virtual_resource_limit.cpp:52, a share::ObLogicResourceStatIterator (src/observer/virtual_table/ob_all_virtual_resource_limit.h:52) made ready on first use (ob_all_virtual_resource_limit.cpp:50-51), whose get_next sets OB_ITER_END once curr_type_ reaches MAX_LOGIC_RESOURCE (src/share/resource_limit_calculator/ob_resource_limit_calculator.cpp:56-57). Holder: the local ret (ob_all_virtual_resource_limit.cpp:49). Code's branch: nothing, the branch being empty (ob_all_virtual_resource_limit.cpp:53-54), and ret is returned (ob_all_virtual_resource_limit.cpp:56). Consumer: inner_get_next_row, the one caller (git grep -nw get_next_resource_info_ 834bbee1e -- src), passes it on (ob_all_virtual_resource_limit.cpp:66-68; ret-compare.tsv:890).	confirmed
src/observer/virtual_table/ob_all_virtual_resource_limit.cpp	ObResourceLimitTable::inner_get_next_row	line 67: ret != OB_ITER_END	END_OF_DATA	!matches!(ret, Err(OB_ITER_END)) on the local ret, an ObResult; the test puts the function in the local-ret form (s2-errors.md 2.3). The empty branch stays (s2-errors.md 2.3), and OB_ITER_END goes on to the caller in ret, as in C++. ObLogicResourceStatIterator::get_next (a Step 3 unit, manifest.tsv:172) keeps ending with Err(OB_ITER_END), never an Option or a bool, until parity (s2-errors.md 2.4 rule 1; ARCHITECTURE.md section 17 default 6).	sweep: ret-compare.tsv:890 (data row 889). Producer: get_next_resource_info_(info) at ob_all_virtual_resource_limit.cpp:66, which passes on the logic resource iterator's OB_ITER_END after the last resource type (ob_all_virtual_resource_limit.cpp:52-53; src/share/resource_limit_calculator/ob_resource_limit_calculator.cpp:56-57; ret-compare.tsv:889). Holder: the local ret (ob_all_virtual_resource_limit.cpp:61). Code's branch: nothing, the branch being empty (ob_all_virtual_resource_limit.cpp:67-68); the else that fills the row (ob_all_virtual_resource_limit.cpp:69) does not run and ret is returned (ob_all_virtual_resource_limit.cpp:105). ObResourceLimitTable is an ObVirtualTableScannerIterator (src/observer/virtual_table/ob_all_virtual_resource_limit.h:32). Consumer: ObVirtualTableIterator::get_next_row calls this override (ob_virtual_table_iterator.cpp:328) and passes OB_ITER_END on through its empty branch (ob_virtual_table_iterator.cpp:329; ret-compare.tsv:1038), as get_next_row() and get_next_rows do (ob_virtual_table_iterator.cpp:429-430, :410-411; ret-compare.tsv:1040, :1039).	confirmed
src/observer/virtual_table/ob_all_virtual_resource_limit_detail.cpp	ObResourceLimitDetailTable::get_next_resource_limit_val_	line 58: ret != OB_ITER_END	END_OF_DATA	!matches!(ret, Err(OB_ITER_END)) on the local ret, an ObResult; the test puts the function in the local-ret form (s2-errors.md 2.3). The empty branch stays (s2-errors.md 2.3), and OB_ITER_END ends the while loop through its condition, re-evaluated each round, and goes on to the caller in ret, as in C++ (RULEBOOK section 0, Keep the control flow). ObLogicResourceStatIterator::get_next_type (a Step 3 unit, manifest.tsv:172) keeps ending with Err(OB_ITER_END), never an Option or a bool, until parity (s2-errors.md 2.4 rule 1; ARCHITECTURE.md section 17 default 6).	sweep: ret-compare.tsv:891 (data row 890). Producer: iter_.get_next_type() at ob_all_virtual_resource_limit_detail.cpp:57, called for the first resource type and after a type's constraints are all read (ob_all_virtual_resource_limit_detail.cpp:56); ObLogicResourceStatIterator::get_next_type sets OB_ITER_END once curr_type_ reaches MAX_LOGIC_RESOURCE (src/share/resource_limit_calculator/ob_resource_limit_calculator.cpp:77-78). Holder: the local ret (ob_all_virtual_resource_limit_detail.cpp:51). Code's branch: nothing, the branch being empty (ob_all_virtual_resource_limit_detail.cpp:58-59); the while condition OB_SUCC(ret) (ob_all_virtual_resource_limit_detail.cpp:53) ends the loop and ret is returned (ob_all_virtual_resource_limit_detail.cpp:77). Consumer: inner_get_next_row, the one caller (git grep -nw get_next_resource_limit_val_ 834bbee1e -- src), passes it on (ob_all_virtual_resource_limit_detail.cpp:87-89; ret-compare.tsv:893).	confirmed
src/observer/virtual_table/ob_all_virtual_resource_limit_detail.cpp	ObResourceLimitDetailTable::get_next_resource_limit_val_	line 65: ret != OB_ITER_END	END_OF_DATA	!matches!(ret, Err(OB_ITER_END)) on the local ret, an ObResult; the test puts the function in the local-ret form (s2-errors.md 2.3). The empty branch stays (s2-errors.md 2.3), and the else keeps constraint_iter_.reset(), iter_next_res = true and the reset ret = Ok(()) in the C++ order, the while loop re-evaluating OB_SUCC(ret) each round (RULEBOOK section 0, Keep the control flow; s2-errors.md 2.4 rule 1). ObResourceConstraintIterator::get_next (a Step 3 unit, manifest.tsv:172) keeps ending with Err(OB_ITER_END), never an Option or a bool, until parity (s2-errors.md 2.4 rule 1; ARCHITECTURE.md section 17 default 6).	sweep: ret-compare.tsv:892 (data row 891). Producer: constraint_iter_.get_next(val) at ob_all_virtual_resource_limit_detail.cpp:64, a share::ObResourceConstraintIterator (src/observer/virtual_table/ob_all_virtual_resource_limit_detail.h:51) made ready for the current resource type (ob_all_virtual_resource_limit_detail.cpp:60-63), whose get_next sets OB_ITER_END once curr_constraint_type_ reaches MAX_CONSTRAINT (src/share/resource_limit_calculator/ob_resource_limit_calculator.cpp:123-124). Holder: the local ret (ob_all_virtual_resource_limit_detail.cpp:51). Code's branch: the else resets constraint_iter_, sets iter_next_res and resets ret (ob_all_virtual_resource_limit_detail.cpp:66-70), so the while loop (ob_all_virtual_resource_limit_detail.cpp:53) moves to the next resource type (ob_all_virtual_resource_limit_detail.cpp:56-57) and readies the constraint iterator for it: the next type's constraints are read, not the exhausted ones again, so value 5 does not hold. The code never leaves the function; the type iterator's own end is ret-compare.tsv:891.	confirmed
src/observer/virtual_table/ob_all_virtual_resource_limit_detail.cpp	ObResourceLimitDetailTable::inner_get_next_row	line 88: ret != OB_ITER_END	END_OF_DATA	!matches!(ret, Err(OB_ITER_END)) on the local ret, an ObResult; the test puts the function in the local-ret form (s2-errors.md 2.3). The empty branch stays (s2-errors.md 2.3), and OB_ITER_END goes on to the caller in ret, as in C++. ObLogicResourceStatIterator::get_next_type (a Step 3 unit, manifest.tsv:172) keeps ending with Err(OB_ITER_END), never an Option or a bool, until parity (s2-errors.md 2.4 rule 1; ARCHITECTURE.md section 17 default 6).	sweep: ret-compare.tsv:893 (data row 892). Producer: get_next_resource_limit_val_(limit_value) at ob_all_virtual_resource_limit_detail.cpp:87, which returns the resource type iterator's OB_ITER_END after the last type (ob_all_virtual_resource_limit_detail.cpp:57-59, :77; ret-compare.tsv:891). Holder: the local ret (ob_all_virtual_resource_limit_detail.cpp:82). Code's branch: nothing, the branch being empty (ob_all_virtual_resource_limit_detail.cpp:88-89); the else that fills the row (ob_all_virtual_resource_limit_detail.cpp:90) does not run and ret is returned (ob_all_virtual_resource_limit_detail.cpp:116). ObResourceLimitDetailTable is an ObVirtualTableScannerIterator (src/observer/virtual_table/ob_all_virtual_resource_limit_detail.h:32-33). Consumer: ObVirtualTableIterator::get_next_row calls this override (ob_virtual_table_iterator.cpp:328) and passes OB_ITER_END on through its empty branch (ob_virtual_table_iterator.cpp:329; ret-compare.tsv:1038), as get_next_row() and get_next_rows do (ob_virtual_table_iterator.cpp:429-430, :410-411; ret-compare.tsv:1040, :1039).	confirmed
src/observer/virtual_table/ob_all_virtual_scheduler_running_job.cpp	ObAllVirtualSchedulerRunningJob::inner_get_next_row	line 64: ret != OB_ITER_END	END_OF_DATA	!matches!(ret, Err(OB_ITER_END)) on the local ret, an ObResult; the test puts the function in the local-ret form (s2-errors.md 2.3). OB_UNLIKELY becomes the bare condition (RULEBOOK 2.3). The branch keeps its log line, which takes the ret in scope on the C++ line (s2-errors.md 2.5 rule 1), and OB_ITER_END goes on to the caller in ret, as in C++. ObRowStore::Iterator (a Step 3 unit, manifest.tsv:280) keeps ending with Err(OB_ITER_END), never an Option or a bool, until parity (s2-errors.md 2.4 rule 1; ARCHITECTURE.md section 17 default 6).	sweep: ret-compare.tsv:894 (data row 893). Producer: scanner_it_.get_next_row(cur_row_) at ob_all_virtual_scheduler_running_job.cpp:63, the scanner iterator every ObVirtualTableScannerIterator holds (ob_virtual_table_scanner_iterator.h:37), an ObRowStore::Iterator (src/sql/ob_scanner.h:48) whose get_next_row returns get_next_stored_row's code (src/oblib/common/row/ob_row_store.cpp:353), OB_ITER_END from next_iter_pos once the last block is read (ob_row_store.cpp:318, :398, :402). The table fills the scanner on its first call from every session (ob_all_virtual_scheduler_running_job.cpp:52-60). Holder: the local ret (ob_all_virtual_scheduler_running_job.cpp:47). Code's branch: the WARN log at ob_all_virtual_scheduler_running_job.cpp:65 is skipped for OB_ITER_END; the else that sets row (ob_all_virtual_scheduler_running_job.cpp:67-68) does not run and ret is returned (ob_all_virtual_scheduler_running_job.cpp:72). ObAllVirtualSchedulerRunningJob is an ObVirtualTableScannerIterator (src/observer/virtual_table/ob_all_virtual_scheduler_running_job.h:35). Consumer: ObVirtualTableIterator::get_next_row calls this override (ob_virtual_table_iterator.cpp:328) and passes OB_ITER_END on through its empty branch (ob_virtual_table_iterator.cpp:329; ret-compare.tsv:1038), as get_next_row() and get_next_rows do (ob_virtual_table_iterator.cpp:429-430, :410-411; ret-compare.tsv:1040, :1039).	confirmed
