file	symbol	source_construct	classification	target_translation	evidence	status
src/observer/mysql/obmp_query.cpp	ObMPQuery::process	line 61: declare tmp_ret (plan definition)	DECLARATION	let mut tmp_ret: ObResult = Ok(()); (RULEBOOK 2.1, the int ret and tmp_ret rows; s2-errors.md 2.2 rule 5). The function keeps the local-ret form (s2-errors.md 2.3: it merges tmp_ret into its result at src/observer/mysql/obmp_query.cpp:287).	sweep: tmp-ret.tsv:296 (data row 295). Writers: src/observer/mysql/obmp_query.cpp:273, OB_CONNECT_ERROR when the connection is no longer valid (tmp-ret.tsv:298), and :275, the code of flush_buffer(true) (tmp-ret.tsv:299), both in the else-if of :271 that runs when the response was not handed to an async sender and THIS_WORKER.need_retry() is false. Readers: the log at :274 (K(tmp_ret)); the return at :287, (OB_SUCCESS != ret) ? ret : tmp_ret, an AND-shaped merge into the function result that no sweep list holds (grep -P with the key src/observer/mysql/obmp_query.cpp and 287 over migration/inventory/sweep/*.tsv prints nothing). Only codes reach it: OB_CONNECT_ERROR and the code of ObMPBase::flush_buffer (src/observer/mysql/obmp_base.cpp:204-206).	confirmed
src/observer/mysql/obmp_query.cpp	ObMPQuery::process	line 176: merge OB_NOT_SUPPORTED into ret (continue-and-record through another variable)	MERGE_AND	ret = ret.and(Err(OB_NOT_SUPPORTED)); (RULEBOOK 2.1, the COVER_SUCC row: a merge meaning a unless a is success, then b is a.and(b); s2-errors.md 2.3 table, 2.4 rule 4), in the else-if branch of src/observer/mysql/obmp_query.cpp:172-175, followed by need_disconnect = false and need_response_error = true as written. The function keeps the local-ret form (s2-errors.md 2.3).	sweep: tmp-ret.tsv:297 (data row 296). Shape: the condition OB_SUCC(ret) tests only ret; the value is the constant OB_NOT_SUPPORTED when ret succeeded and ret otherwise: a = ret, b = Err(OB_NOT_SUPPORTED), a constant (the continue-and-record idiom through a code constant). a: the chain of src/observer/mysql/obmp_query.cpp:163-179 is reached only through the else-if branches of :131, :133 and :140, which leave ret at OB_SUCCESS, and its first branch (:163-171) takes every failure of try_batched_multi_stmt_optimization, so ret is OB_SUCCESS at :176 and the merge sets OB_NOT_SUPPORTED for an EXPLAIN in a batched multi-statement (:172-175). After it, ret goes to send_error_packet at :263 and is the function result at :287.	confirmed
src/observer/mysql/obmp_query.cpp	ObMPQuery::process	line 273: assign tmp_ret	PASSED_ON	tmp_ret = Err(OB_CONNECT_ERROR); (RULEBOOK 2.1, the ret = OB_X row), then the LOG_WARN of src/observer/mysql/obmp_query.cpp:274 with the ret in scope and K(tmp_ret) among its keys (s2-errors.md 2.5 rule 1). The merge the code reaches, the return at :287, is AND-shaped and becomes the tail value ret.and(tmp_ret) (RULEBOOK 2.1, the COVER_SUCC row); no sweep list holds that line.	sweep: tmp-ret.tsv:298 (data row 297). Created: src/observer/mysql/obmp_query.cpp:273 sets OB_CONNECT_ERROR when is_conn_valid() is false (:272), in the else-if of :271 that runs when async_resp_used is false and THIS_WORKER.need_retry() is false. Tested: never against a named code. Reaches: the return at :287, (OB_SUCCESS != ret) ? ret : tmp_ret, with no assignment of tmp_ret in between (:278-286 do not write it), so the code becomes the function result when ret is OB_SUCCESS. The log at :274 only prints it.	confirmed
src/observer/mysql/obmp_query.cpp	ObMPQuery::process	line 275: assign tmp_ret	PASSED_ON	} else if ob_fail!(tmp_ret = self.flush_buffer(true)) { with its empty branch; OB_UNLIKELY goes (RULEBOOK 2.1, the tmp_ret row; s2-errors.md 2.3 table; RULEBOOK 2.3). The code reaches the return at src/observer/mysql/obmp_query.cpp:287, the tail value ret.and(tmp_ret), which no sweep list holds.	sweep: tmp-ret.tsv:299 (data row 298). Created: src/observer/mysql/obmp_query.cpp:275 puts the code of ObMPBase::flush_buffer(true) into tmp_ret; flush_buffer returns OB_SUCCESS when responses are disabled and the code of packet_sender_.flush_buffer otherwise (src/observer/mysql/obmp_base.cpp:204-206). Tested: never against a named code; the failing branch at obmp_query.cpp:275-276 is empty. Reaches: the return at :287 with no assignment of tmp_ret in between, so a flush failure becomes the function result when ret is OB_SUCCESS.	confirmed
src/observer/mysql/obmp_query.cpp	ObMPQuery::try_batched_multi_stmt_optimization	line 322: declare tmp_ret	IGNORED	let tmp_ret: ObResult = ret; (let without mut: nothing assigns it after the declaration; RULEBOOK 2.1, the int ret and tmp_ret rows), in the failing branch of the OB_FAIL at src/observer/mysql/obmp_query.cpp:315; the LOG_WARN at :328-329 takes the ret in scope, with K(tmp_ret) among its keys (s2-errors.md 2.5 rule 1). The code dies in the variable.	sweep: tmp-ret.tsv:300 (data row 299). Created: src/observer/mysql/obmp_query.cpp:322 copies ret, which holds the error of process_single_stmt (the OB_FAIL of :315), before :326 resets ret to OB_SUCCESS unless THIS_WORKER.need_retry() (:323). Tested: never against a named code. Read only by the log at :328-329; never merged, stored or returned (try_batched_multi_stmt_optimization returns ret at :336), and it leaves scope when the branch closes at :330.	confirmed
src/observer/mysql/obmp_query.cpp	ObMPQuery::process_single_stmt	line 430: declare tmp_ret (plan definition)	DECLARATION	let mut tmp_ret: ObResult = Ok(()); (RULEBOOK 2.1, the int ret and tmp_ret rows; s2-errors.md 2.2 rule 5).	sweep: tmp-ret.tsv:301 (data row 300). Declared in the debug_sync_timeout > 0 block of src/observer/mysql/obmp_query.cpp:428-434. Writer: :431, GDS.collect_result_actions (tmp-ret.tsv:302). Reader: :432, a test against OB_SUCCESS with an empty branch. No other line reads it.	confirmed
src/observer/mysql/obmp_query.cpp	ObMPQuery::process_single_stmt	line 431: assign tmp_ret	IGNORED	tmp_ret = <GDS.collect_result_actions(session.get_debug_sync_actions()), signature from the declaration index>; then if tmp_ret.is_err() {} for the empty branch of src/observer/mysql/obmp_query.cpp:432-433; OB_UNLIKELY goes (RULEBOOK 2.1, the tmp_ret row; s2-errors.md 2.3 table; RULEBOOK 2.3). The code dies in the variable.	sweep: tmp-ret.tsv:302 (data row 301). Created: src/observer/mysql/obmp_query.cpp:431 puts the code of ObDebugSync::collect_result_actions into tmp_ret; that function returns the code of get_thread_local_result or OB_SUCCESS (src/share/ob_debug_sync.cpp:934-943). Tested: only against OB_SUCCESS at obmp_query.cpp:432, with an empty branch (:432-433); the comment at :429 says the failure is ignored. Not read after :432; never merged, stored or returned (process_single_stmt returns ret at :457).	confirmed
src/observer/mysql/obmp_query.cpp	ObMPQuery::process_single_stmt	line 437: declare tmp_ret (plan definition)	DECLARATION	let mut tmp_ret: ObResult = Ok(()); (RULEBOOK 2.1, the int ret and tmp_ret rows; s2-errors.md 2.2 rule 5). The declaration stays although nothing reads the variable (RULEBOOK section 0 does not list it among the statements a translation may remove).	sweep: tmp-ret.tsv:303 (data row 302). Writer: src/observer/mysql/obmp_query.cpp:439, do_after_process (tmp-ret.tsv:304). No line reads it: process_single_stmt returns ret at :457, and the comment at :436 says the code need not reach ret. (tmp-ret.md section 12 gives this row the same value.)	confirmed
src/observer/mysql/obmp_query.cpp	ObMPQuery::process_single_stmt	line 439: assign tmp_ret	IGNORED	tmp_ret = self.do_after_process(session, async_resp_used, ret); with the call as the declaration index gives it (RULEBOOK 2.1, the tmp_ret row). The code dies in the variable.	sweep: tmp-ret.tsv:304 (data row 303). Created: src/observer/mysql/obmp_query.cpp:439 puts the code of ObMPBase::do_after_process into tmp_ret; that function never sets an error: its ret is declared at src/observer/mysql/obmp_base.cpp:343 and returned unchanged at :372. Tested, merged, stored: never; process_single_stmt goes on through obmp_query.cpp:444-456 and returns ret at :457.	confirmed
src/observer/mysql/obmp_query.cpp	ObMPQuery::do_process_trans_ctrl	line 638: declare tmp_ret (plan definition)	DECLARATION	let mut tmp_ret: ObResult = Ok(()); (RULEBOOK 2.1, the int ret and tmp_ret rows; s2-errors.md 2.2 rule 5).	sweep: tmp-ret.tsv:305 (data row 304). Writer: src/observer/mysql/obmp_query.cpp:639, the tracepoint EN_PRINT_QUERY_SQL (tmp-ret.tsv:306). Reader: :640, a test against OB_SUCCESS with an empty branch. Step 3 does not apply although the pre-classifier marked the function: the tracepoint value is only tested against OB_SUCCESS, never used as a number, so the variable holds only codes (tmp-ret.md 6.3, 6.15). No later line of do_process_trans_ctrl reads it.	confirmed
src/observer/mysql/obmp_query.cpp	ObMPQuery::do_process_trans_ctrl	line 639: assign tmp_ret	IGNORED	tmp_ret = ObError::from_code(ob_e!(EventTable::EN_PRINT_QUERY_SQL, 0)); then if tmp_ret.is_err() {} for the empty branch of src/observer/mysql/obmp_query.cpp:640-641: a tracepoint used as an on-off switch enters through from_code (s2-errors.md 2.4 rule 8; RULEBOOK 2.3, the tracepoint row). The code dies in the variable.	sweep: tmp-ret.tsv:306 (data row 305). Created: src/observer/mysql/obmp_query.cpp:639 reads the tracepoint EN_PRINT_QUERY_SQL (OB_E(EventTable::EN_PRINT_QUERY_SQL) OB_SUCCESS). Tested: only against OB_SUCCESS at :640, with an empty branch (:640-641); never used as a number. Not read after :640; never merged, stored or returned (do_process_trans_ctrl returns ret at :696). (tmp-ret.md 6.15 lists this site as IGNORED.)	confirmed
src/observer/mysql/obmp_query.cpp	ObMPQuery::process_trans_ctrl_cmd	line 768: declare cancel_ret (continue-and-record variable)	PASSED_ON	let cancel_ret: ObResult = self.cancel_unsubmitted_callback(session.get_mysql_end_trans_cb()); (let without mut, as for the C++ const int; RULEBOOK 2.1, the tmp_ret row; s2-errors.md 2.2 rule 5), then if cancel_ret.is_err() { with the LOG_ERROR of src/observer/mysql/obmp_query.cpp:770 taking the ret in scope and K(cancel_ret) among its keys (s2-errors.md 2.5 rule 1).	sweep: tmp-ret.tsv:307 (data row 306). Created: src/observer/mysql/obmp_query.cpp:768 puts the code of ObMPBase::cancel_unsubmitted_callback into cancel_ret, in the branch of :767 that runs when the end-trans callback was armed (:744) but not submitted; that function returns the code of end_trans_cb.cancel_unsubmitted or OB_STATE_NOT_MATCH (src/observer/mysql/obmp_base.cpp:177, :180-183), codes only. Tested: only against OB_SUCCESS at obmp_query.cpp:769. Reaches: the merge at :771 (tmp-ret.tsv:308, MERGE_AND) inside that test, with no assignment in between; process_trans_ctrl_cmd returns ret at :775.	confirmed
src/observer/mysql/obmp_query.cpp	ObMPQuery::process_trans_ctrl_cmd	line 771: merge cancel_ret into ret (continue-and-record through another variable)	MERGE_AND	ret = ret.and(cancel_ret); (RULEBOOK 2.1, the COVER_SUCC row; s2-errors.md 2.3 table, 2.4 rule 4). The function keeps the local-ret form (s2-errors.md 2.3).	sweep: tmp-ret.tsv:308 (data row 307). Shape: the condition OB_SUCCESS == ret tests only ret; the value is cancel_ret when ret succeeded and ret otherwise: a = ret, b = cancel_ret, a variable. b: declared at src/observer/mysql/obmp_query.cpp:768 from cancel_unsubmitted_callback (tmp-ret.tsv:307), and the merge sits in its failing branch (:769), so b holds an error. a: ret holds the first error of :740-748 or of end_trans at :756, or OB_SUCCESS; the merge keeps that error, else takes cancel_ret. process_trans_ctrl_cmd returns ret at :775.	confirmed
src/observer/mysql/obmp_query.cpp	ObMPQuery::do_process	line 903: declare tmp_ret (plan definition)	DECLARATION	let mut tmp_ret: ObResult = Ok(()); (RULEBOOK 2.1, the int ret and tmp_ret rows; s2-errors.md 2.2 rule 5).	sweep: tmp-ret.tsv:309 (data row 308). Writer: src/observer/mysql/obmp_query.cpp:904, the tracepoint EN_PRINT_QUERY_SQL (tmp-ret.tsv:310). Reader: :905, a test against OB_SUCCESS with an empty branch. Step 3 does not apply although the pre-classifier marked the function: the tracepoint value is only tested against OB_SUCCESS, never used as a number (tmp-ret.md 6.3). No later line of do_process reads it.	confirmed
src/observer/mysql/obmp_query.cpp	ObMPQuery::do_process	line 904: assign tmp_ret	IGNORED	tmp_ret = ObError::from_code(ob_e!(EventTable::EN_PRINT_QUERY_SQL, 0)); then if tmp_ret.is_err() {} for the empty branch of src/observer/mysql/obmp_query.cpp:905-906 (s2-errors.md 2.4 rule 8; RULEBOOK 2.3, the tracepoint row). The code dies in the variable.	sweep: tmp-ret.tsv:310 (data row 309). Created: src/observer/mysql/obmp_query.cpp:904 reads the tracepoint EN_PRINT_QUERY_SQL, the same switch as :639 (tmp-ret.tsv:306). Tested: only against OB_SUCCESS at :905, with an empty branch (:905-906); never used as a number. Not read after :905; never merged, stored or returned.	confirmed
src/observer/mysql/obmp_query.cpp	ObMPQuery::response_result	line 1233: declare cancel_ret (continue-and-record variable)	PASSED_ON	let cancel_ret: ObResult = self.cancel_unsubmitted_callback(session.get_mysql_end_trans_cb()); (let without mut, as for the C++ const int; RULEBOOK 2.1, the tmp_ret row; s2-errors.md 2.2 rule 5), then if cancel_ret.is_err() { with the LOG_ERROR of src/observer/mysql/obmp_query.cpp:1235 taking the ret in scope (s2-errors.md 2.5 rule 1).	sweep: tmp-ret.tsv:311 (data row 310). Created: src/observer/mysql/obmp_query.cpp:1233 puts the code of ObMPBase::cancel_unsubmitted_callback (src/observer/mysql/obmp_base.cpp:173-192, codes only) into cancel_ret, in the branch of obmp_query.cpp:1232 that runs when the callback was armed (:1192, or :1209 in the CMD_EXEC body) and the response was not sent asynchronously. Tested: only against OB_SUCCESS at :1234. Reaches: the merge at :1236 (tmp-ret.tsv:312, MERGE_AND) with no assignment in between; response_result returns ret at :1240.	confirmed
src/observer/mysql/obmp_query.cpp	ObMPQuery::response_result	line 1236: merge cancel_ret into ret (continue-and-record through another variable)	MERGE_AND	ret = ret.and(cancel_ret); (RULEBOOK 2.1, the COVER_SUCC row; s2-errors.md 2.3 table, 2.4 rule 4). The function keeps the local-ret form (s2-errors.md 2.3).	sweep: tmp-ret.tsv:312 (data row 311). Shape: the condition OB_SUCCESS == ret tests only ret; a = ret, b = cancel_ret, a variable declared at src/observer/mysql/obmp_query.cpp:1233 (tmp-ret.tsv:311) and holding an error inside the test of :1234. a: callback_armed, declared false at :1178, is set only at :1192 and at :1209 in the CMD_EXEC body (expanded at :1223 and :1225), each time after sql_end_cb.init succeeded, and the sync drivers of :1199 and :1218 never set it; so under the guard of :1232 ret holds the error of drv.response_result at :1193 or :1210, or OB_SUCCESS; the merge keeps the error, else takes cancel_ret. response_result returns ret at :1240.	confirmed
src/observer/mysql/obmp_reset_connection.cpp	ObMPResetConnection::process	line 217: declare tmp_ret (plan definition)	DECLARATION	let mut tmp_ret: ObResult = Ok(()); (RULEBOOK 2.1, the int ret and tmp_ret rows; s2-errors.md 2.2 rule 5). The declaration stays although nothing reads the variable (RULEBOOK section 0).	sweep: tmp-ret.tsv:313 (data row 312). Writer: src/observer/mysql/obmp_reset_connection.cpp:219, do_after_process (tmp-ret.tsv:314). No line reads it: ObMPResetConnection::process returns ret at :226.	confirmed
src/observer/mysql/obmp_reset_connection.cpp	ObMPResetConnection::process	line 219: assign tmp_ret	IGNORED	tmp_ret = self.do_after_process(session, false, ret); inside the OB_NOT_NULL(session) test of src/observer/mysql/obmp_reset_connection.cpp:218, with the call as the declaration index gives it (RULEBOOK 2.1, the tmp_ret row). The code dies in the variable.	sweep: tmp-ret.tsv:314 (data row 313). Created: src/observer/mysql/obmp_reset_connection.cpp:219 puts the code of ObMPBase::do_after_process into tmp_ret; that function never sets an error (src/observer/mysql/obmp_base.cpp:343, :372). Tested, merged, stored: never; process returns ret at obmp_reset_connection.cpp:226.	confirmed
src/observer/mysql/obmp_stmt_close.cpp	ObMPStmtClose::process	line 69: declare tmp_ret (plan definition)	DECLARATION	let mut tmp_ret: ObResult = Ok(()); (RULEBOOK 2.1, the int ret and tmp_ret rows; s2-errors.md 2.2 rule 5).	sweep: tmp-ret.tsv:315 (data row 314). Writer: src/observer/mysql/obmp_stmt_close.cpp:72, tmp_ret = ret after a failed close_cursor (tmp-ret.tsv:316). Readers: :78, a test against OB_SUCCESS, and :80, ret = tmp_ret (tmp-ret.tsv:317, MERGE_AS_WRITTEN).	confirmed
src/observer/mysql/obmp_stmt_close.cpp	ObMPStmtClose::process	line 72: assign tmp_ret	PASSED_ON	tmp_ret = ret; (RULEBOOK 2.1, the tmp_ret row), in the failing branch of the OB_FAIL at src/observer/mysql/obmp_stmt_close.cpp:71. The merge at :80 is written as the C++ writes it (its own row).	sweep: tmp-ret.tsv:316 (data row 315). Created: src/observer/mysql/obmp_stmt_close.cpp:72 copies ret, which holds the error of session->close_cursor(stmt_id_) (the OB_FAIL of :71), before close_ps_stmt at :75-76 overwrites ret. Tested: only against OB_SUCCESS at :78. Reaches: ret = tmp_ret at :80 (tmp-ret.tsv:317), with no assignment of tmp_ret in between; the comment at :79 says the close_cursor error takes priority over the close_ps_stmt one. process returns ret at :87.	confirmed
src/observer/mysql/obmp_stmt_close.cpp	ObMPStmtClose::process	line 80: merge into ret	MERGE_AS_WRITTEN	if tmp_ret.is_err() { ret = tmp_ret; } as the C++ writes it (RULEBOOK 2.1: any other merge as the C++ writes it; s2-errors.md 2.4 rule 4; tmp-ret.md section 9, Q2: a plain ret = X under a guard). The function keeps the local-ret form (s2-errors.md 2.3).	sweep: tmp-ret.tsv:317 (data row 316). Guard: OB_SUCCESS != tmp_ret at src/observer/mysql/obmp_stmt_close.cpp:78. ret can hold the error of close_ps_stmt (the OB_FAIL of :75) there, and the merge overwrites it with the close_cursor error, as the comment at :79 intends. X: tmp_ret, set only at :72 from ret after close_cursor failed (tmp-ret.tsv:316).	confirmed
src/observer/mysql/obmp_stmt_execute.cpp	ObMPStmtExecute::execute_response	line 1469: declare tmp_ret	PASSED_ON	let tmp_ret: ObResult = ret; (let without mut: nothing assigns it after the declaration; RULEBOOK 2.1, the int ret and tmp_ret rows), in the block of src/observer/mysql/obmp_stmt_execute.cpp:1468-1473. The restore at :1472 is its own row.	sweep: tmp-ret.tsv:318 (data row 317). Created: src/observer/mysql/obmp_stmt_execute.cpp:1469 saves ret, which holds an error there (the test OB_SUCCESS != ret at :1468), before the OB_FAIL of session.close_cursor at :1470 overwrites ret. Tested: never against a named code. Reaches: ret = tmp_ret at :1472 (tmp-ret.tsv:319), the next statement, with no assignment of tmp_ret in between.	confirmed
src/observer/mysql/obmp_stmt_execute.cpp	ObMPStmtExecute::execute_response	line 1472: merge into ret	MERGE_AS_WRITTEN	ret = tmp_ret; as the C++ writes it (RULEBOOK 2.1: any other merge as the C++ writes it; s2-errors.md 2.4 rule 4). The function keeps the local-ret form (s2-errors.md 2.3).	sweep: tmp-ret.tsv:319 (data row 318). Guard: none inside the block of src/observer/mysql/obmp_stmt_execute.cpp:1468-1473, which runs only when ret holds an error and the cursor is not null (:1468). ret holds the result of close_cursor (:1470) here, and the merge overwrites it with the saved error. X: tmp_ret, declared at :1469 from ret (tmp-ret.tsv:318).	confirmed
src/observer/mysql/obmp_stmt_execute.cpp	ObMPStmtExecute::response_result	line 1740: declare cancel_ret (continue-and-record variable)	PASSED_ON	let cancel_ret: ObResult = self.cancel_unsubmitted_callback(session.get_mysql_end_trans_cb()); (let without mut, as for the C++ const int; RULEBOOK 2.1, the tmp_ret row; s2-errors.md 2.2 rule 5), then if cancel_ret.is_err() { with the LOG_ERROR of src/observer/mysql/obmp_stmt_execute.cpp:1742 taking the ret in scope (s2-errors.md 2.5 rule 1).	sweep: tmp-ret.tsv:320 (data row 319). Created: src/observer/mysql/obmp_stmt_execute.cpp:1740 puts the code of ObMPBase::cancel_unsubmitted_callback (src/observer/mysql/obmp_base.cpp:173-192, codes only) into cancel_ret, in the branch of obmp_stmt_execute.cpp:1739 that runs when the callback was armed (:1703 or :1719) and the response was not sent asynchronously. Tested: only against OB_SUCCESS at :1741. Reaches: the merge at :1743 (tmp-ret.tsv:321, MERGE_AND) with no assignment in between; response_result returns ret at :1746.	confirmed
src/observer/mysql/obmp_stmt_execute.cpp	ObMPStmtExecute::response_result	line 1743: merge cancel_ret into ret (continue-and-record through another variable)	MERGE_AND	ret = ret.and(cancel_ret); (RULEBOOK 2.1, the COVER_SUCC row; s2-errors.md 2.3 table, 2.4 rule 4). The function keeps the local-ret form (s2-errors.md 2.3).	sweep: tmp-ret.tsv:321 (data row 320). Shape: the condition OB_SUCCESS == ret tests only ret; a = ret, b = cancel_ret, a variable declared at src/observer/mysql/obmp_stmt_execute.cpp:1740 (tmp-ret.tsv:320) and holding an error inside the test of :1741. a: callback_armed, declared false at :1691, is set only at :1703 and :1719, each time after sql_end_cb.init succeeded, and the sync drivers of :1711 and :1730 never set it; so under the guard of :1739 ret holds the error of drv.response_result at :1704 or :1720, or OB_SUCCESS; the merge keeps the error, else takes cancel_ret. response_result returns ret at :1746.	confirmed
src/observer/mysql/obmp_stmt_execute.cpp	ObMPStmtExecute::process_execute_stmt	line 1887: declare tmp_ret (plan definition)	DECLARATION	let mut tmp_ret: ObResult = Ok(()); (RULEBOOK 2.1, the int ret and tmp_ret rows; s2-errors.md 2.2 rule 5).	sweep: tmp-ret.tsv:322 (data row 321). Declared in the debug_sync_timeout > 0 block of src/observer/mysql/obmp_stmt_execute.cpp:1885-1891. Writer: :1888, GDS.collect_result_actions (tmp-ret.tsv:323). Reader: :1889, a test against OB_SUCCESS with an empty branch. No other line reads it.	confirmed
src/observer/mysql/obmp_stmt_execute.cpp	ObMPStmtExecute::process_execute_stmt	line 1888: assign tmp_ret	IGNORED	tmp_ret = <GDS.collect_result_actions(session.get_debug_sync_actions()), signature from the declaration index>; then if tmp_ret.is_err() {} for the empty branch of src/observer/mysql/obmp_stmt_execute.cpp:1889-1890; OB_UNLIKELY goes (RULEBOOK 2.1, the tmp_ret row; s2-errors.md 2.3 table; RULEBOOK 2.3). The code dies in the variable.	sweep: tmp-ret.tsv:323 (data row 322). Created: src/observer/mysql/obmp_stmt_execute.cpp:1888 puts the code of ObDebugSync::collect_result_actions (src/share/ob_debug_sync.cpp:934-943) into tmp_ret. Tested: only against OB_SUCCESS at obmp_stmt_execute.cpp:1889, with an empty branch; the comment at :1886 says the failure is ignored. Not read after :1889; process_execute_stmt returns ret at :1900.	confirmed
src/observer/mysql/obmp_stmt_fetch.cpp	ObMPStmtFetch::process_fetch_stmt	line 386: declare tmp_ret (plan definition)	DECLARATION	let mut tmp_ret: ObResult = Ok(()); (RULEBOOK 2.1, the int ret and tmp_ret rows; s2-errors.md 2.2 rule 5).	sweep: tmp-ret.tsv:324 (data row 323). Declared in the debug_sync_timeout > 0 block of src/observer/mysql/obmp_stmt_fetch.cpp:384-390. Writer: :387, GDS.collect_result_actions (tmp-ret.tsv:325). Reader: :388, a test against OB_SUCCESS with an empty branch. No other line reads it.	confirmed
src/observer/mysql/obmp_stmt_fetch.cpp	ObMPStmtFetch::process_fetch_stmt	line 387: assign tmp_ret	IGNORED	tmp_ret = <GDS.collect_result_actions(session.get_debug_sync_actions()), signature from the declaration index>; then if tmp_ret.is_err() {} for the empty branch of src/observer/mysql/obmp_stmt_fetch.cpp:388-389; OB_UNLIKELY goes (RULEBOOK 2.1, the tmp_ret row; s2-errors.md 2.3 table; RULEBOOK 2.3). The code dies in the variable.	sweep: tmp-ret.tsv:325 (data row 324). Created: src/observer/mysql/obmp_stmt_fetch.cpp:387 puts the code of ObDebugSync::collect_result_actions (src/share/ob_debug_sync.cpp:934-943) into tmp_ret. Tested: only against OB_SUCCESS at obmp_stmt_fetch.cpp:388, with an empty branch; the comment at :385 says the failure is ignored. Not read after :388; process_fetch_stmt returns ret at :398.	confirmed
src/observer/mysql/obmp_stmt_fetch.cpp	ObMPStmtFetch::process_fetch_stmt	line 393: declare tmp_ret (plan definition)	DECLARATION	let mut tmp_ret: ObResult = Ok(()); (RULEBOOK 2.1, the int ret and tmp_ret rows; s2-errors.md 2.2 rule 5).	sweep: tmp-ret.tsv:326 (data row 325). Declared in the block of src/observer/mysql/obmp_stmt_fetch.cpp:392-397. Writer: :395, do_after_process (tmp-ret.tsv:327). Reader: :396, UNUSED(tmp_ret), which is ((void)(tmp_ret)) (src/oblib/lib/utility/ob_macro_utils.h:603) and becomes let _ = tmp_ret; (RULEBOOK 2.1, the row on a code the C++ ignores).	confirmed
src/observer/mysql/obmp_stmt_fetch.cpp	ObMPStmtFetch::process_fetch_stmt	line 395: assign tmp_ret	IGNORED	tmp_ret = self.do_after_process(session, false, ret); with the call as the declaration index gives it, then let _ = tmp_ret; for the UNUSED of src/observer/mysql/obmp_stmt_fetch.cpp:396 (RULEBOOK 2.1, the tmp_ret row and the row on a code the C++ ignores). The code dies in the variable.	sweep: tmp-ret.tsv:327 (data row 326). Created: src/observer/mysql/obmp_stmt_fetch.cpp:395 puts the code of ObMPBase::do_after_process into tmp_ret; that function never sets an error (src/observer/mysql/obmp_base.cpp:343, :372). Read only by UNUSED at obmp_stmt_fetch.cpp:396, a cast to void; the block ends at :397 and process_fetch_stmt returns ret at :398.	confirmed
src/observer/mysql/obmp_stmt_fetch.cpp	ObMPStmtFetch::process	line 457: declare tmp_ret	PASSED_ON	let tmp_ret: ObResult = session.close_cursor(self.cursor_id_); (let without mut: nothing assigns it after the declaration; RULEBOOK 2.1, the int ret and tmp_ret rows; the call as the declaration index gives it), in the need_close_cursor() block of src/observer/mysql/obmp_stmt_fetch.cpp:455-461.	sweep: tmp-ret.tsv:328 (data row 327). Created: src/observer/mysql/obmp_stmt_fetch.cpp:457 puts the code of session.close_cursor(cursor_id_) into tmp_ret. Tested: only against OB_SUCCESS at :459, with an empty branch (:459-460). Reaches: the merge at :458 (tmp-ret.tsv:329, MERGE_AND), the next statement; after the error packet and disconnect handling of :467-474, process returns (OB_SUCCESS != ret) ? ret : flush_ret at :483, so an error merged at :458 is the function result. That return also merges flush_ret (declared at :403, set by flush_buffer at :477), and no sweep list holds :403, :477 or :483 (grep -P with the keys src/observer/mysql/obmp_stmt_fetch.cpp and 403, 477 or 483 over migration/inventory/sweep/*.tsv prints nothing).	confirmed
src/observer/mysql/obmp_stmt_fetch.cpp	ObMPStmtFetch::process	line 458: merge into ret	MERGE_AND	ret = ret.and(tmp_ret); (RULEBOOK 2.1, the COVER_SUCC row; s2-errors.md 2.3 table, 2.4 rule 4). The function keeps the local-ret form (s2-errors.md 2.3).	sweep: tmp-ret.tsv:329 (data row 328). Shape: the condition ret == OB_SUCCESS tests only ret; the value is tmp_ret when ret succeeded and ret otherwise: a = ret, b = tmp_ret, a variable declared at src/observer/mysql/obmp_stmt_fetch.cpp:457 from close_cursor (tmp-ret.tsv:328). a: ret holds the result of process_fetch_stmt (:449); the merge keeps its error, else takes the close_cursor code.	confirmed
src/observer/mysql/obmp_stmt_prepare.cpp	ObMPStmtPrepare::process_prepare_stmt	line 263: declare tmp_ret (plan definition)	DECLARATION	let mut tmp_ret: ObResult = Ok(()); (RULEBOOK 2.1, the int ret and tmp_ret rows; s2-errors.md 2.2 rule 5).	sweep: tmp-ret.tsv:330 (data row 329). Writer: src/observer/mysql/obmp_stmt_prepare.cpp:265, do_after_process (tmp-ret.tsv:331). Reader: :273, UNUSED(tmp_ret), a cast to void (src/oblib/lib/utility/ob_macro_utils.h:603) that becomes let _ = tmp_ret; (RULEBOOK 2.1, the row on a code the C++ ignores). No other line reads it.	confirmed
src/observer/mysql/obmp_stmt_prepare.cpp	ObMPStmtPrepare::process_prepare_stmt	line 265: assign tmp_ret	IGNORED	tmp_ret = self.do_after_process(session, async_resp_used, ret); with the call as the declaration index gives it, and let _ = tmp_ret; for the UNUSED of src/observer/mysql/obmp_stmt_prepare.cpp:273 (RULEBOOK 2.1, the tmp_ret row and the row on a code the C++ ignores). The code dies in the variable.	sweep: tmp-ret.tsv:331 (data row 330). Created: src/observer/mysql/obmp_stmt_prepare.cpp:265 puts the code of ObMPBase::do_after_process into tmp_ret; that function never sets an error (src/observer/mysql/obmp_base.cpp:343, :372). Read only by UNUSED at obmp_stmt_prepare.cpp:273; process_prepare_stmt returns ret at :274.	confirmed
src/observer/mysql/obmp_stmt_send_long_data.cpp	ObMPStmtSendLongData::process_send_long_data_stmt	line 175: declare tmp_ret (plan definition)	DECLARATION	let mut tmp_ret: ObResult = Ok(()); (RULEBOOK 2.1, the int ret and tmp_ret rows; s2-errors.md 2.2 rule 5).	sweep: tmp-ret.tsv:332 (data row 331). Writer: src/observer/mysql/obmp_stmt_send_long_data.cpp:177, do_after_process (tmp-ret.tsv:333). Reader: :178, UNUSED(tmp_ret), a cast to void (src/oblib/lib/utility/ob_macro_utils.h:603) that becomes let _ = tmp_ret; (RULEBOOK 2.1, the row on a code the C++ ignores). No other line reads it.	confirmed
src/observer/mysql/obmp_stmt_send_long_data.cpp	ObMPStmtSendLongData::process_send_long_data_stmt	line 177: assign tmp_ret	IGNORED	tmp_ret = self.do_after_process(session, false, ret); with the call as the declaration index gives it, and let _ = tmp_ret; for the UNUSED of src/observer/mysql/obmp_stmt_send_long_data.cpp:178 (RULEBOOK 2.1, the tmp_ret row and the row on a code the C++ ignores). The code dies in the variable.	sweep: tmp-ret.tsv:333 (data row 332). Created: src/observer/mysql/obmp_stmt_send_long_data.cpp:177 puts the code of ObMPBase::do_after_process into tmp_ret; that function never sets an error (src/observer/mysql/obmp_base.cpp:343, :372). Read only by UNUSED at obmp_stmt_send_long_data.cpp:178; process_send_long_data_stmt returns ret at :179.	confirmed
src/observer/mysql/obmp_stmt_send_long_data.cpp	ObMPStmtSendLongData::store_piece	line 262: merge OB_ERR_UNEXPECTED into ret (continue-and-record through another variable)	MERGE_AND	ret = ret.and(Err(OB_ERR_UNEXPECTED)); (RULEBOOK 2.1, the COVER_SUCC row; s2-errors.md 2.3 table, 2.4 rule 4), in the branch of src/observer/mysql/obmp_stmt_send_long_data.cpp:261, followed by need_disconnect_ = true as written. The function keeps the local-ret form (s2-errors.md 2.3).	sweep: tmp-ret.tsv:334 (data row 333). Shape: the condition OB_SUCCESS == ret tests only ret; the value is the constant OB_ERR_UNEXPECTED when ret succeeded and ret otherwise: a = ret, b = Err(OB_ERR_UNEXPECTED) (the continue-and-record idiom through a code constant). a: the branch of src/observer/mysql/obmp_stmt_send_long_data.cpp:261 runs when ret holds the error of get_piece (:256) or make_piece (:258), which the merge keeps, or when ret is OB_SUCCESS but the piece is still NULL, where it sets OB_ERR_UNEXPECTED. store_piece returns ret at :273.	confirmed
src/observer/mysql/obsm_conn_callback.cpp	ObSMConnectionCallback::destroy	line 112: declare tmp_ret (plan definition)	DECLARATION	let mut tmp_ret: ObResult = Ok(()); (RULEBOOK 2.1, the int ret and tmp_ret rows; s2-errors.md 2.2 rule 5).	sweep: tmp-ret.tsv:335 (data row 334). Writers: src/observer/mysql/obsm_conn_callback.cpp:115, guard.get_session (tmp-ret.tsv:336), and :118, OB_ERR_UNEXPECTED (tmp-ret.tsv:337). Readers: the logs at :116 and :119, LOG_WARN_RET(tmp_ret, ...) with K(tmp_ret). Declared in the block of :111-124, whose end is its last use.	confirmed
src/observer/mysql/obsm_conn_callback.cpp	ObSMConnectionCallback::destroy	line 115: assign tmp_ret	IGNORED	if ob_fail!(tmp_ret = guard.get_session(&mut sess_info)) { log_warn_ret with tmp_ret as the C++ LOG_WARN_RET passes it } with the call as the declaration index gives it; OB_UNLIKELY goes (RULEBOOK 2.1, the tmp_ret row; s2-errors.md 2.3 table, 2.5 rule 1; RULEBOOK 2.3). The code dies in the variable.	sweep: tmp-ret.tsv:336 (data row 335). Created: src/observer/mysql/obsm_conn_callback.cpp:115 puts the code of ObSessionGetterGuard::get_session into tmp_ret; the guard is built at :114 on the session manager and conn.sessid_. Tested: never against a named code; the failing branch only logs (:116). Not read after :119; the block ends at :124 and ObSMConnectionCallback::destroy returns void, reading only ret afterwards (:142).	confirmed
src/observer/mysql/obsm_conn_callback.cpp	ObSMConnectionCallback::destroy	line 118: assign tmp_ret	IGNORED	tmp_ret = Err(OB_ERR_UNEXPECTED); (RULEBOOK 2.1, the ret = OB_X row), then the LOG_WARN_RET of src/observer/mysql/obsm_conn_callback.cpp:119 passing tmp_ret (s2-errors.md 2.5 rule 1). The code dies in the variable.	sweep: tmp-ret.tsv:337 (data row 336). Created: src/observer/mysql/obsm_conn_callback.cpp:118 sets OB_ERR_UNEXPECTED when get_session succeeded but gave a NULL session (:117), a test on the session just fetched, not on an allocation or a service slot. Tested: never against a named code. Read only by the log at :119; the block ends at :124 and the function returns void.	confirmed
src/observer/ob_inner_sql_connection.cpp	ObInnerSQLConnection::init	line 268: declare tmp_ret (plan definition)	DECLARATION	let mut tmp_ret: ObResult = Ok(()); (RULEBOOK 2.1, the int ret and tmp_ret rows; s2-errors.md 2.2 rule 5).	sweep: tmp-ret.tsv:338 (data row 337). Writer: src/observer/ob_inner_sql_connection.cpp:269, destroy_inner_session (tmp-ret.tsv:339). Reader: only the test against OB_SUCCESS on the same line, whose branch is empty. Declared in the failing branch of init_session (:267).	confirmed
src/observer/ob_inner_sql_connection.cpp	ObInnerSQLConnection::init	line 269: assign tmp_ret	IGNORED	if ob_fail!(tmp_ret = self.destroy_inner_session()) {} with its empty branch (RULEBOOK 2.1, the tmp_ret row; s2-errors.md 2.3 table). The code dies in the variable.	sweep: tmp-ret.tsv:339 (data row 338). Created: src/observer/ob_inner_sql_connection.cpp:269 puts the code of ObInnerSQLConnection::destroy_inner_session into tmp_ret, in the failing branch of init_session (:267); destroy_inner_session fails only with OB_ERR_UNEXPECTED when the session manager slot is null (:1418-1420). Tested: never against a named code; the branch at :269-270 is empty. Not read again; init returns the init_session error in ret at :276.	confirmed
src/observer/ob_server.cpp	ObServer::submit_px_task	line 536: declare tmp_ret	PASSED_ON	let tmp_ret: ObResult = pool.inc_thread_count(1); (let without mut: nothing assigns it after the declaration; RULEBOOK 2.1, the int ret and tmp_ret rows; the call as the declaration index gives it), then if tmp_ret.is_err() { with the LOG_WARN of src/observer/ob_server.cpp:538 taking the ret in scope (s2-errors.md 2.5 rule 1); the merge and break of :539-540 follow as written.	sweep: tmp-ret.tsv:340 (data row 339). Created: src/observer/ob_server.cpp:536 puts the code of inc_thread_count(1) on the PX pool into tmp_ret (omt::ObPxPool is a share::ObThreadPool, src/observer/omt/ob_server_runtime.h:51-52, which is lib::Threads, src/share/ob_thread_pool.h:25; Threads::inc_thread_count returns do_set_thread_count code, src/oblib/lib/thread/threads.cpp:122-127), in the OB_SIZE_OVERFLOW branch (ob_server.cpp:535, ret-compare.tsv:586) of the submit loop of :531-545. Tested: only against OB_SUCCESS at :537. Reaches: ret = tmp_ret at :539 (tmp-ret.tsv:341) and the break at :540; on success the loop sleeps 5 ms (:543) and repeats submit while ret is OB_SIZE_OVERFLOW (:545, ret-compare.tsv:587), a retry decided by the code of submit in ret, not by this code.	confirmed
src/observer/ob_server.cpp	ObServer::submit_px_task	line 539: merge into ret	MERGE_AS_WRITTEN	ret = tmp_ret; as the C++ writes it, followed by break (RULEBOOK 2.1: any other merge as the C++ writes it; s2-errors.md 2.4 rule 4). The function keeps the local-ret form (s2-errors.md 2.3).	sweep: tmp-ret.tsv:341 (data row 340). Guard: OB_SUCCESS != tmp_ret at src/observer/ob_server.cpp:537, inside the OB_SIZE_OVERFLOW == ret branch of :535 (ret-compare.tsv:586), so ret always holds the OB_SIZE_OVERFLOW of pool->submit there and the merge overwrites it with the inc_thread_count error; the break at :540 leaves the loop of :531-545 and submit_px_task returns ret at :547. X: tmp_ret, declared at :536 (tmp-ret.tsv:340).	confirmed
src/observer/ob_server.cpp	ObServer::start	line 1165: declare tmp_ret	OTHER_CODE	let tmp_ret: ObResult = self.server_runtime_controller_.get_server_log_disk_size(&mut runtime_log_disk_size); (let without mut, as for the C++ const int; RULEBOOK 2.1, the int ret and tmp_ret rows), then the tests as written: if tmp_ret.is_ok() { ... } else if !matches!(tmp_ret, Err(OB_SERVER_RUNTIME_NOT_READY)) { ret = tmp_ret; ... } (RULEBOOK 2.1: OB_X == tmp_ret is matches!; s2-errors.md 2.4 rule 1).	sweep: tmp-ret.tsv:342 (data row 341). Created: src/observer/ob_server.cpp:1165 puts the code of ObServerRuntimeController::get_server_log_disk_size into tmp_ret, in the block of :1163 guarded by OB_SUCC(ret) and a zero log_disk_size config; the callee returns the code of get_server_resources (src/observer/omt/ob_server_runtime_controller.cpp:693), whose get_runtime_unsafe answers OB_SERVER_RUNTIME_NOT_READY while no runtime is active (src/observer/omt/ob_server_runtime_controller.cpp:807-808). Tested: OB_SUCCESS at ob_server.cpp:1166 reuses the runtime size (:1167); OB_SERVER_RUNTIME_NOT_READY at :1169 (ret-compare.tsv:588) skips both the reuse and the merge, so start goes on with the configured size; that name is not a lookup code (tmp-ret.md 6.10), so the value is OTHER_CODE. Any other code is merged at :1170 (tmp-ret.tsv:343).	confirmed
src/observer/ob_server.cpp	ObServer::start	line 1170: merge into ret	MERGE_AS_WRITTEN	ret = tmp_ret; as the C++ writes it, in the else-if branch of src/observer/ob_server.cpp:1169 (RULEBOOK 2.1: any other merge as the C++ writes it; s2-errors.md 2.4 rule 4). The function keeps the local-ret form (s2-errors.md 2.3).	sweep: tmp-ret.tsv:343 (data row 342). Guard: OB_SERVER_RUNTIME_NOT_READY != tmp_ret at src/observer/ob_server.cpp:1169 (ret-compare.tsv:588) after OB_SUCCESS == tmp_ret failed at :1166, in the block of :1163 entered only when OB_SUCC(ret), so ret is OB_SUCCESS there and the merge gives it the error. X: tmp_ret, declared at :1165 from get_server_log_disk_size (tmp-ret.tsv:342). The FAILEDx calls of :1175 onward then skip on it.	confirmed
src/observer/ob_server.cpp	ObServer::clean_up_invalid_tables	line 2824: declare tmp_ret (plan definition)	DECLARATION	let mut tmp_ret: ObResult = Ok(()); (RULEBOOK 2.1, the int ret and tmp_ret rows; s2-errors.md 2.2 rule 5).	sweep: tmp-ret.tsv:344 (data row 343). Writer: src/observer/ob_server.cpp:2860, OB_ERR_UNEXPECTED when the session manager slot is null (tmp-ret.tsv:345). Reader: the loop condition at :2837, i < table_ids.count() && OB_SUCC(tmp_ret), whose OB_SUCC assigns ret = tmp_ret each time it runs (src/oblib/lib/utility/ob_macro_utils.h:654): one of the hidden merges no sweep list holds (tmp-ret.md section 10), written ob_succ!(ret = tmp_ret) (MERGE_AS_WRITTEN there). Only codes reach the variable.	confirmed
src/observer/ob_server.cpp	ObServer::clean_up_invalid_tables	line 2860: assign tmp_ret	PASSED_ON	tmp_ret = Err(OB_ERR_UNEXPECTED); (RULEBOOK 2.1, the ret = OB_X row); kept unless the null test at src/observer/ob_server.cpp:2859 goes (server-service-slots.tsv:68). The code reaches the loop condition of :2837, ob_succ!(ret = tmp_ret), a hidden merge written as the C++ writes it (RULEBOOK 2.1, the OB_SUCC(x) row).	sweep: tmp-ret.tsv:345 (data row 344). Created: src/observer/ob_server.cpp:2860 sets OB_ERR_UNEXPECTED in the branch of the null test on server_service<ObSQLSessionMgr>() at :2859 (server-service-slots.tsv:68); the log at :2861 prints ret. Tested: never against a named code. Reaches: the loop condition at :2837, whose OB_SUCC(tmp_ret) assigns the code to ret and ends the loop when another table id remains (the comment at :2836 says only this null slot ends the loop); when the failing table is the last, i < table_ids.count() stops the loop first and the code dies. The hidden merge line is not in any sweep list (tmp-ret.md section 10). clean_up_invalid_tables returns ret at :2901.	confirmed
src/observer/ob_server_reload_config.cpp	ObServerReloadConfig::operator()	line 48: declare tmp_ret (plan definition)	DECLARATION	let mut tmp_ret: ObResult = Ok(()); (RULEBOOK 2.1, the int ret and tmp_ret rows; s2-errors.md 2.2 rule 5). The function keeps the local-ret form (s2-errors.md 2.3: ret is initialised from tmp_ret at src/observer/ob_server_reload_config.cpp:49).	sweep: tmp-ret.tsv:346 (data row 345). Writers: src/observer/ob_server_reload_config.cpp:52 (OB_INNER_STAT_ERROR, tmp-ret.tsv:348) and the OB_TMP_FAIL tests at :54, :56, :58, :66, :85, :121, :123 and :124 (tmp-ret.tsv:349-356). Readers: :49, int ret = tmp_ret (tmp-ret.tsv:347), and :52, which passes the value just assigned on to ret (tmp-ret.tsv:348). No line after :124 reads it; the function returns ret at :143. Only codes reach it.	confirmed
src/observer/ob_server_reload_config.cpp	ObServerReloadConfig::operator()	line 49: merge into ret	MERGE_AS_WRITTEN	let mut ret: ObResult = tmp_ret; as the C++ writes it (RULEBOOK 2.1: any other merge as the C++ writes it; s2-errors.md 2.4 rule 4; tmp-ret.md 6.5 lists int ret = tmp_ret;). The function keeps the local-ret form (s2-errors.md 2.3).	sweep: tmp-ret.tsv:347 (data row 346). Guard: none; the declaration of ret at src/observer/ob_server_reload_config.cpp:49 is the first statement after the declaration of tmp_ret at :48 (tmp-ret.tsv:346), so X holds OB_SUCCESS and ret starts at OB_SUCCESS. Later ret changes only at :52 and at :140-141.	confirmed
src/observer/ob_server_reload_config.cpp	ObServerReloadConfig::operator()	line 52: assign tmp_ret; merge into ret	MERGE_AS_WRITTEN	tmp_ret = Err(OB_INNER_STAT_ERROR); ret = tmp_ret; for the chained assignment (RULEBOOK 2.1: any other merge as the C++ writes it; s2-errors.md 2.4 rule 4; tmp-ret.md 6.5 lists this site). The function keeps the local-ret form (s2-errors.md 2.3).	sweep: tmp-ret.tsv:348 (data row 347). Guard: the branch of !gctx_.is_inited() at src/observer/ob_server_reload_config.cpp:51, where ret still holds the OB_SUCCESS of :49, so the merge gives it OB_INNER_STAT_ERROR. X: the constant, assigned to tmp_ret on the same line. After it the block of :62-97 still runs and overwrites tmp_ret at :66, while ret keeps the code: the OB_FAIL(ret) at :140 skips refresh_runtime_resources and operator() returns it at :143.	confirmed
src/observer/ob_server_reload_config.cpp	ObServerReloadConfig::operator()	line 54: OB_TMP_FAIL (plan definition)	IGNORED	if ob_fail!(tmp_ret = <the ObReloadConfig::operator() call on self, signature from the declaration index>) {} with its empty branch (RULEBOOK 2.1, the tmp_ret row; s2-errors.md 2.3 table). The code dies in the variable.	sweep: tmp-ret.tsv:349 (data row 348). Created: src/observer/ob_server_reload_config.cpp:54 puts the code of the base class ObReloadConfig::operator() into tmp_ret, in the else branch of :51; that operator returns OB_SUCCESS whatever happens (src/share/config/ob_reload_config.h:45-49). Tested: never against a named code; the branch at ob_server_reload_config.cpp:54-55 is empty. Overwritten by the OB_TMP_FAIL of :56, which always runs next.	confirmed
src/observer/ob_server_reload_config.cpp	ObServerReloadConfig::operator()	line 56: OB_TMP_FAIL (plan definition)	IGNORED	if ob_fail!(tmp_ret = <OBSERVER.reload_config(), the server reached through the context (RULEBOOK 2.8), signature from the declaration index>) {} with its empty branch (RULEBOOK 2.1, the tmp_ret row; s2-errors.md 2.3 table). The code dies in the variable.	sweep: tmp-ret.tsv:350 (data row 349). Created: src/observer/ob_server_reload_config.cpp:56 puts the code of ObServer::reload_config into tmp_ret; it returns the code of set_bf_cache_miss_count_threshold, OB_NOT_INIT without a standby module, or the code of the standby module reload_config (src/observer/ob_server.cpp:2626-2633). Tested: never against a named code; the branch at ob_server_reload_config.cpp:56-57 is empty. Overwritten by the OB_TMP_FAIL of :58, which always runs next.	confirmed
src/observer/ob_server_reload_config.cpp	ObServerReloadConfig::operator()	line 58: OB_TMP_FAIL (plan definition)	IGNORED	if ob_fail!(tmp_ret = <OBSERVER.get_net_frame().reload_config(), signature from the declaration index>) {} with its empty branch (RULEBOOK 2.1, the tmp_ret row; s2-errors.md 2.3 table). The code dies in the variable.	sweep: tmp-ret.tsv:351 (data row 350). Created: src/observer/ob_server_reload_config.cpp:58 puts the code of ObSrvNetworkFrame::reload_config into tmp_ret, which is the code of update_tcp_keepalive_parameters_for_sql_nio_server (src/observer/ob_srv_network_frame.cpp:135-139). Tested: never against a named code; the branch at ob_server_reload_config.cpp:58-59 is empty. Overwritten by the OB_TMP_FAIL of :66, since the block of :62-97 always runs.	confirmed
src/observer/ob_server_reload_config.cpp	ObServerReloadConfig::operator()	line 66: OB_TMP_FAIL (plan definition)	IGNORED	if ob_fail!(tmp_ret = <the ObReloadConfig::operator() call on self, signature from the declaration index>) {} with its empty branch (RULEBOOK 2.1, the tmp_ret row; s2-errors.md 2.3 table). The code dies in the variable.	sweep: tmp-ret.tsv:352 (data row 351). Created: src/observer/ob_server_reload_config.cpp:66 calls the base-class ObReloadConfig::operator() again after GMEMCONF is reloaded (:63-65); that operator returns OB_SUCCESS whatever happens (src/share/config/ob_reload_config.h:45-49). Tested: never against a named code; the branch at ob_server_reload_config.cpp:66-67 is empty. Overwritten by the OB_TMP_FAIL of :85, which always runs.	confirmed
src/observer/ob_server_reload_config.cpp	ObServerReloadConfig::operator()	line 85: OB_TMP_FAIL (plan definition)	IGNORED	if ob_fail!(tmp_ret = <the ObIOManager set_io_config call, the IO manager reached through the context (RULEBOOK 2.8), signature from the declaration index>) {} with its empty branch (RULEBOOK 2.1, the tmp_ret row; s2-errors.md 2.3 table). The code dies in the variable.	sweep: tmp-ret.tsv:353 (data row 352). Created: src/observer/ob_server_reload_config.cpp:85 puts the code of ObIOManager::set_io_config into tmp_ret; it returns OB_NOT_INIT, OB_INVALID_ARGUMENT or the code of channel_map_.foreach_refactored (src/share/io/ob_io_manager.cpp:357-366). Tested: never against a named code; the branch at ob_server_reload_config.cpp:85-86 is empty. Overwritten by the OB_TMP_FAIL of :121, which always runs.	confirmed
src/observer/ob_server_reload_config.cpp	ObServerReloadConfig::operator()	line 121: OB_TMP_FAIL (plan definition)	IGNORED	if ob_fail!(tmp_ret = <ObServerUtils::get_data_disk_info_in_config(&mut data_disk_size, &mut data_disk_percentage), signature from the declaration index>) {} with its empty branch, the first test of the else-if chain of src/observer/ob_server_reload_config.cpp:121-128 (RULEBOOK 2.1, the tmp_ret row; s2-errors.md 2.3 table). The code dies in the variable.	sweep: tmp-ret.tsv:354 (data row 353). Created: src/observer/ob_server_reload_config.cpp:121 puts the code of ObServerUtils::get_data_disk_info_in_config into tmp_ret, the codes of calculate_disk_layout_defaults or decide_disk_size (src/observer/ob_server_utils.cpp:106-116). Tested: never against a named code; the branch is empty. On failure the chain stops and no later line reads tmp_ret before operator() returns ret at ob_server_reload_config.cpp:143; on success :123 overwrites it.	confirmed
src/observer/ob_server_reload_config.cpp	ObServerReloadConfig::operator()	line 123: OB_TMP_FAIL (plan definition)	IGNORED	} else if ob_fail!(tmp_ret = <the get_reserved_size call on the server storage meta service reached through the context (RULEBOOK 2.8), signature from the declaration index>) {} with its empty branch (RULEBOOK 2.1, the tmp_ret row; s2-errors.md 2.3 table). The code dies in the variable.	sweep: tmp-ret.tsv:355 (data row 354). Created: src/observer/ob_server_reload_config.cpp:123 puts the code of ObServerStorageMetaService::get_reserved_size into tmp_ret, OB_NOT_INIT or the code of get_using_disk_space (src/storage/meta_store/ob_server_storage_meta_service.cpp:125-129). Tested: never against a named code; the branch is empty. On failure no later line reads tmp_ret before ob_server_reload_config.cpp:143; on success :124 overwrites it.	confirmed
src/observer/ob_server_reload_config.cpp	ObServerReloadConfig::operator()	line 124: OB_TMP_FAIL (plan definition)	IGNORED	} else if ob_fail!(tmp_ret = <the resize_local_device call on the object manager reached through the context (RULEBOOK 2.8), signature from the declaration index>) {} with its empty branch (RULEBOOK 2.1, the tmp_ret row; s2-errors.md 2.3 table). The code dies in the variable.	sweep: tmp-ret.tsv:356 (data row 355). Created: src/observer/ob_server_reload_config.cpp:124-127 puts the code of ObObjectManager::resize_local_device into tmp_ret, which includes OB_NOT_INIT and an OB_EAGAIN when the device size changed meanwhile (src/storage/blocksstable/ob_object_manager.cpp:205-211). Tested: never against a named code; the branch at ob_server_reload_config.cpp:127-128 is empty. No later line reads tmp_ret before operator() returns ret at :143.	confirmed
src/observer/ob_server_schema_updater.cpp	ObServerSchemaUpdater::process_async_refresh_tasks	line 239: declare tmp_ret (plan definition)	DECLARATION	let mut tmp_ret: ObResult = Ok(()); (RULEBOOK 2.1, the int ret and tmp_ret rows; s2-errors.md 2.2 rule 5).	sweep: tmp-ret.tsv:357 (data row 356). Declared in the !need_refresh block of src/observer/ob_server_schema_updater.cpp:237-250, once per loop round. Writer: :242, get_runtime_refreshed_schema_version (tmp-ret.tsv:358). Readers: :244, the test against OB_ENTRY_NOT_EXIST (ret-compare.tsv:592), and the log at :245 (KR(tmp_ret)).	confirmed
src/observer/ob_server_schema_updater.cpp	ObServerSchemaUpdater::process_async_refresh_tasks	line 242: assign tmp_ret	OTHER_CODE	} else if ob_fail!(tmp_ret = self.schema_mgr_.get_runtime_refreshed_schema_version(&mut local_version, ..)) { if !matches!(tmp_ret, Err(OB_ENTRY_NOT_EXIST)) { <the LOG_WARN with the ret in scope> } } with the call as the declaration index gives it, every argument passed (RULEBOOK 2.1, the tmp_ret row and OB_X == tmp_ret as matches!; s2-errors.md 2.3 table, 2.4 rule 1). The test stays although the producer never returns that code (RULEBOOK section 0 does not list it among the statements a translation may remove).	sweep: tmp-ret.tsv:358 (data row 357). Created: src/observer/ob_server_schema_updater.cpp:242 puts the code of ObMultiVersionSchemaService::get_runtime_refreshed_schema_version into tmp_ret, for the first task only (:240). That function reads the schema store refreshed version and returns OB_SUCCESS on every path (src/share/schema/ob_multi_version_schema_service.cpp:2163-2172); it is virtual (src/share/schema/ob_multi_version_schema_service.h:208) and grep -rn get_runtime_refreshed_schema_version src finds no override. Tested: ob_server_schema_updater.cpp:244 against OB_ENTRY_NOT_EXIST (ret-compare.tsv:592), which only silences the log of :245; the producer is no keyed lookup, so the second condition of LOOKUP_OUTCOME fails (tmp-ret.md 6.10 (b)) and the value is OTHER_CODE. Where the codes go: nowhere; the comment at ob_server_schema_updater.cpp:243 says ret is ignored, and tmp_ret leaves scope at :250.	confirmed
src/observer/ob_service.cpp	ObService::calc_column_checksum_request	line 361: declare tmp_ret (plan definition)	DECLARATION	let mut tmp_ret: ObResult = Ok(()); (RULEBOOK 2.1, the int ret and tmp_ret rows; s2-errors.md 2.2 rule 5).	sweep: tmp-ret.tsv:359 (data row 358). Declared once per round of the loop of src/observer/ob_service.cpp:358. Writers: the OB_TMP_FAIL chain at :363, :364, :365, :373, :379 and :380 (tmp-ret.tsv:360-365), the reset at :383 (tmp-ret.tsv:366) and the rename at :385 (tmp-ret.tsv:367). Readers: the copy saved_ret = tmp_ret at :381, the tests at :382 and :384 (ret-compare.tsv:595, :596), the log at :387, saved_ret = OB_SUCCESS != saved_ret ? saved_ret : tmp_ret at :390 (saved_ret is a local that only decides the free_dag of :391-394), and the store at :396, res.ret_codes_.push_back(tmp_ret). Only codes reach it.	confirmed
src/observer/ob_service.cpp	ObService::calc_column_checksum_request	line 363: OB_TMP_FAIL (plan definition)	STORED	if ob_fail!(tmp_ret = <DDL_SIM(arg.task_id_, CALC_COLUMN_CHECKSUM_RPC_SLOW) in its Rust form: Ok(()) without the errsim feature, as src/share/ob_ddl_sim_point.h:158 defines it (RULEBOOK 2.3, the function-like macro and ERRSIM rows)>) { with its empty branch, the first test of the else-if chain of src/observer/ob_service.cpp:363-389 (RULEBOOK 2.1, the tmp_ret row; s2-errors.md 2.3 table). At the store, src/observer/ob_service.cpp:396 becomes res.ret_codes_.push_back(tmp_ret.code()) under its own ob_fail!(ret = ..) (ErrCode::code gives 0 for Ok; s2-errors.md 2.1, 2.2 rule 5): ret_codes_ stays an array of i32, as codes of a serialized result (s2-errors.md 2.2 rule 5, codes in packets; tmp-ret.md section 9, Q1). tmp_ret is the ObResult local declared at :361.	sweep: tmp-ret.tsv:360 (data row 359). Created: src/observer/ob_service.cpp:363 puts the code of the DDL_SIM simulation point into tmp_ret; the tests of the else-if chain of :363-389 after it run only when it succeeded, so after a failure tmp_ret keeps this code. Without ERRSIM, DDL_SIM is OB_SUCCESS (src/share/ob_ddl_sim_point.h:158) and the branch never fails; with ERRSIM it calls ObDDLSimPointMgr::try_sim (src/share/ob_ddl_sim_point.h:155), which no file under src defines (grep -rn try_sim src prints only that macro line). Tested: never against a named code (the tests of :382 and :384 sit in the branch of :380). Reaches: saved_ret at :390, a local that only decides whether the dag is freed (:391-394), and the store at :396, res.ret_codes_.push_back(tmp_ret), inside the if (OB_SUCC(ret)) of :395, which always holds (the loop condition at :358 requires OB_SUCC(ret) and :359-394 do not write ret). Slot: ret_codes_ is common::ObSEArray<int, 10> of ObCalcColumnChecksumRequestRes (src/share/ob_rpc_struct.h:2114), a struct with OB_UNIS_VERSION(1) (src/share/ob_rpc_struct.h:2112) and OB_SERIALIZE_MEMBER (src/share/ob_rpc_struct.cpp:1764). Reader: send_batch_calc_rpc, after the direct call at src/rootserver/ddl_task/ob_ddl_task.cpp:1748, copies each entry into an int at :1758, treats OB_SUCCESS as sent at :1759, ignores OB_EAGAIN and OB_HASH_EXIST at :1763 and keeps the first other error at :1766.	confirmed
src/observer/ob_service.cpp	ObService::calc_column_checksum_request	line 364: OB_TMP_FAIL (plan definition)	STORED	} else if ob_fail!(tmp_ret = <the alloc_dag call on the dag scheduler, signature from the declaration index>) { with its empty branch (RULEBOOK 2.1, the tmp_ret row; s2-errors.md 2.3 table). At the store, src/observer/ob_service.cpp:396 becomes res.ret_codes_.push_back(tmp_ret.code()) under its own ob_fail!(ret = ..) (ErrCode::code gives 0 for Ok; s2-errors.md 2.1, 2.2 rule 5): ret_codes_ stays an array of i32, as codes of a serialized result (s2-errors.md 2.2 rule 5, codes in packets; tmp-ret.md section 9, Q1). tmp_ret is the ObResult local declared at :361.	sweep: tmp-ret.tsv:361 (data row 360). Created: src/observer/ob_service.cpp:364 puts the code of ObDagScheduler::alloc_dag into tmp_ret; the tests of the else-if chain of :363-389 after it run only when it succeeded, so after a failure tmp_ret keeps this code. alloc_dag also fails with OB_NOT_INIT, OB_INVALID_ARGUMENT, OB_ERR_UNEXPECTED and the code of basic_init, not only on allocation (src/data_plane/api/data_plane/scheduler/ob_dag_scheduler.h:1404-1436). Tested: never against a named code (the tests of :382 and :384 sit in the branch of :380). Reaches: saved_ret at :390, a local that only decides whether the dag is freed (:391-394), and the store at :396, res.ret_codes_.push_back(tmp_ret), inside the if (OB_SUCC(ret)) of :395, which always holds (the loop condition at :358 requires OB_SUCC(ret) and :359-394 do not write ret). Slot: ret_codes_ is common::ObSEArray<int, 10> of ObCalcColumnChecksumRequestRes (src/share/ob_rpc_struct.h:2114), a struct with OB_UNIS_VERSION(1) (src/share/ob_rpc_struct.h:2112) and OB_SERIALIZE_MEMBER (src/share/ob_rpc_struct.cpp:1764). Reader: send_batch_calc_rpc, after the direct call at src/rootserver/ddl_task/ob_ddl_task.cpp:1748, copies each entry into an int at :1758, treats OB_SUCCESS as sent at :1759, ignores OB_EAGAIN and OB_HASH_EXIST at :1763 and keeps the first other error at :1766.	confirmed
src/observer/ob_service.cpp	ObService::calc_column_checksum_request	line 365: OB_TMP_FAIL (plan definition)	STORED	} else if ob_fail!(tmp_ret = <dag.init(..) with the eight arguments of src/observer/ob_service.cpp:365-372, signature from the declaration index>) { with its empty branch (RULEBOOK 2.1, the tmp_ret row; s2-errors.md 2.3 table). At the store, src/observer/ob_service.cpp:396 becomes res.ret_codes_.push_back(tmp_ret.code()) under its own ob_fail!(ret = ..) (ErrCode::code gives 0 for Ok; s2-errors.md 2.1, 2.2 rule 5): ret_codes_ stays an array of i32, as codes of a serialized result (s2-errors.md 2.2 rule 5, codes in packets; tmp-ret.md section 9, Q1). tmp_ret is the ObResult local declared at :361.	sweep: tmp-ret.tsv:362 (data row 361). Created: src/observer/ob_service.cpp:365 puts the code of ObUniqueCheckingDag::init into tmp_ret; the tests of the else-if chain of :363-389 after it run only when it succeeded, so after a failure tmp_ret keeps this code. Tested: never against a named code (the tests of :382 and :384 sit in the branch of :380). Reaches: saved_ret at :390, a local that only decides whether the dag is freed (:391-394), and the store at :396, res.ret_codes_.push_back(tmp_ret), inside the if (OB_SUCC(ret)) of :395, which always holds (the loop condition at :358 requires OB_SUCC(ret) and :359-394 do not write ret). Slot: ret_codes_ is common::ObSEArray<int, 10> of ObCalcColumnChecksumRequestRes (src/share/ob_rpc_struct.h:2114), a struct with OB_UNIS_VERSION(1) (src/share/ob_rpc_struct.h:2112) and OB_SERIALIZE_MEMBER (src/share/ob_rpc_struct.cpp:1764). Reader: send_batch_calc_rpc, after the direct call at src/rootserver/ddl_task/ob_ddl_task.cpp:1748, copies each entry into an int at :1758, treats OB_SUCCESS as sent at :1759, ignores OB_EAGAIN and OB_HASH_EXIST at :1763 and keeps the first other error at :1766.	confirmed
src/observer/ob_service.cpp	ObService::calc_column_checksum_request	line 373: OB_TMP_FAIL (plan definition)	STORED	} else if ob_fail!(tmp_ret = <dag.alloc_global_index_task_callback(..) with the arguments of src/observer/ob_service.cpp:373-378, signature from the declaration index>) { with its empty branch (RULEBOOK 2.1, the tmp_ret row; s2-errors.md 2.3 table). At the store, src/observer/ob_service.cpp:396 becomes res.ret_codes_.push_back(tmp_ret.code()) under its own ob_fail!(ret = ..) (ErrCode::code gives 0 for Ok; s2-errors.md 2.1, 2.2 rule 5): ret_codes_ stays an array of i32, as codes of a serialized result (s2-errors.md 2.2 rule 5, codes in packets; tmp-ret.md section 9, Q1). tmp_ret is the ObResult local declared at :361.	sweep: tmp-ret.tsv:363 (data row 362). Created: src/observer/ob_service.cpp:373 puts the code of alloc_global_index_task_callback on the dag into tmp_ret; the tests of the else-if chain of :363-389 after it run only when it succeeded, so after a failure tmp_ret keeps this code. Tested: never against a named code (the tests of :382 and :384 sit in the branch of :380). Reaches: saved_ret at :390, a local that only decides whether the dag is freed (:391-394), and the store at :396, res.ret_codes_.push_back(tmp_ret), inside the if (OB_SUCC(ret)) of :395, which always holds (the loop condition at :358 requires OB_SUCC(ret) and :359-394 do not write ret). Slot: ret_codes_ is common::ObSEArray<int, 10> of ObCalcColumnChecksumRequestRes (src/share/ob_rpc_struct.h:2114), a struct with OB_UNIS_VERSION(1) (src/share/ob_rpc_struct.h:2112) and OB_SERIALIZE_MEMBER (src/share/ob_rpc_struct.cpp:1764). Reader: send_batch_calc_rpc, after the direct call at src/rootserver/ddl_task/ob_ddl_task.cpp:1748, copies each entry into an int at :1758, treats OB_SUCCESS as sent at :1759, ignores OB_EAGAIN and OB_HASH_EXIST at :1763 and keeps the first other error at :1766.	confirmed
src/observer/ob_service.cpp	ObService::calc_column_checksum_request	line 379: OB_TMP_FAIL (plan definition)	STORED	} else if ob_fail!(tmp_ret = <dag.alloc_unique_checking_prepare_task(dag.get_param(), dag.get_context()), signature from the declaration index>) { with its empty branch (RULEBOOK 2.1, the tmp_ret row; s2-errors.md 2.3 table). At the store, src/observer/ob_service.cpp:396 becomes res.ret_codes_.push_back(tmp_ret.code()) under its own ob_fail!(ret = ..) (ErrCode::code gives 0 for Ok; s2-errors.md 2.1, 2.2 rule 5): ret_codes_ stays an array of i32, as codes of a serialized result (s2-errors.md 2.2 rule 5, codes in packets; tmp-ret.md section 9, Q1). tmp_ret is the ObResult local declared at :361.	sweep: tmp-ret.tsv:364 (data row 363). Created: src/observer/ob_service.cpp:379 puts the code of alloc_unique_checking_prepare_task on the dag into tmp_ret; the tests of the else-if chain of :363-389 after it run only when it succeeded, so after a failure tmp_ret keeps this code. Tested: never against a named code (the tests of :382 and :384 sit in the branch of :380). Reaches: saved_ret at :390, a local that only decides whether the dag is freed (:391-394), and the store at :396, res.ret_codes_.push_back(tmp_ret), inside the if (OB_SUCC(ret)) of :395, which always holds (the loop condition at :358 requires OB_SUCC(ret) and :359-394 do not write ret). Slot: ret_codes_ is common::ObSEArray<int, 10> of ObCalcColumnChecksumRequestRes (src/share/ob_rpc_struct.h:2114), a struct with OB_UNIS_VERSION(1) (src/share/ob_rpc_struct.h:2112) and OB_SERIALIZE_MEMBER (src/share/ob_rpc_struct.cpp:1764). Reader: send_batch_calc_rpc, after the direct call at src/rootserver/ddl_task/ob_ddl_task.cpp:1748, copies each entry into an int at :1758, treats OB_SUCCESS as sent at :1759, ignores OB_EAGAIN and OB_HASH_EXIST at :1763 and keeps the first other error at :1766.	confirmed
src/observer/ob_service.cpp	ObService::calc_column_checksum_request	line 380: OB_TMP_FAIL (plan definition)	RENAMED	} else if ob_fail!(tmp_ret = <the add_dag call on the dag scheduler, the dag passed as arena-handoff.tsv:30 decides, signature from the declaration index>) { saved_ret = tmp_ret; if matches!(tmp_ret, Err(OB_EAGAIN)) { tmp_ret = Ok(()); } else if matches!(tmp_ret, Err(OB_SIZE_OVERFLOW)) { tmp_ret = Err(OB_EAGAIN); } else { <the STORAGE_LOG WARN of src/observer/ob_service.cpp:387> } } with the renames at the C++ place, never map_err (RULEBOOK 2.1, the tmp_ret row and the rename row; s2-errors.md 2.4 rule 3). The store at :396 is res.ret_codes_.push_back(tmp_ret.code()) into an i32 array (tmp-ret.md section 9, Q1).	sweep: tmp-ret.tsv:365 (data row 364). Created: src/observer/ob_service.cpp:380 puts the code of ObDagScheduler::add_dag into tmp_ret; OB_SIZE_OVERFLOW comes from a full dag list (src/storage/scheduler/ob_dag_scheduler.cpp:2125-2126, reached through add_dag at :3912) and OB_EAGAIN from the dag map insert that found the same dag (src/storage/scheduler/ob_dag_scheduler.cpp:2081-2083, OB_HASH_EXIST renamed). Tested: ob_service.cpp:382 against OB_EAGAIN (ret-compare.tsv:595), reset to OB_SUCCESS at :383 (tmp-ret.tsv:366); :384 against OB_SIZE_OVERFLOW (ret-compare.tsv:596), renamed to OB_EAGAIN at :385 (tmp-ret.tsv:367); other codes are logged (:387). Reaches: saved_ret at :381 with the code before the rename, which frees the dag at :391-394, and the store at :396 with the renamed code. The line is also arena-handoff.tsv:30 (the dag handed to the scheduler through add_dag): the same call, whose argument that row decides; this row decides only the code. The value is RENAMED (tmp-ret.md 6.8 lists this site). In src/rootserver/ddl_task/ob_ddl_task.cpp, the caller skips an OB_EAGAIN entry without marking it sent (:1763-1764; only OB_SUCCESS sets the entry's snapshot_, at :1760), and ObDDLWaitColumnChecksumCtx::send_calc_rpc sends every entry whose snapshot_ is still <= 0 again on a later round of try_wait (:1795, called at :1654). Whether that later send makes the row RETRY, which step 6 takes first, is a question for the vocabulary; the send happens in the DDL task, not at this site, so either value gives this row the same Rust.	confirmed
src/observer/ob_service.cpp	ObService::calc_column_checksum_request	line 383: assign tmp_ret	OTHER_CODE	tmp_ret = Ok(()); inside if matches!(tmp_ret, Err(OB_EAGAIN)) { at the C++ place (RULEBOOK 2.1: resets written as the C++ writes them; s2-errors.md 2.4 rule 1).	sweep: tmp-ret.tsv:366 (data row 365). The reset at src/observer/ob_service.cpp:383 clears the OB_EAGAIN of add_dag tested at :382 (ret-compare.tsv:595): the dag map already held the same dag (src/storage/scheduler/ob_dag_scheduler.cpp:2081-2083). OB_EAGAIN is not a lookup name (tmp-ret.md 6.10 (a)) and nothing here repeats add_dag, so the cleared code takes OTHER_CODE. Effect: the OB_SUCCESS stored at ob_service.cpp:396 makes the caller mark the tablet as sent (src/rootserver/ddl_task/ob_ddl_task.cpp:1759-1762), while saved_ret, set at ob_service.cpp:381 before the reset, still frees this function dag at :391-394.	confirmed
src/observer/ob_service.cpp	ObService::calc_column_checksum_request	line 385: assign tmp_ret	RENAMED	tmp_ret = Err(OB_EAGAIN); inside } else if matches!(tmp_ret, Err(OB_SIZE_OVERFLOW)) { at the C++ place, never map_err (s2-errors.md 2.4 rule 3; 2.15 item 7). The store at src/observer/ob_service.cpp:396 is res.ret_codes_.push_back(tmp_ret.code()) into an i32 array (tmp-ret.md section 9, Q1).	sweep: tmp-ret.tsv:367 (data row 366). Test: src/observer/ob_service.cpp:384 against OB_SIZE_OVERFLOW (ret-compare.tsv:596), the code of add_dag at :380 when the dag list is full (src/storage/scheduler/ob_dag_scheduler.cpp:2125-2126). New code: OB_EAGAIN at ob_service.cpp:385, stored at :396; the caller skips an OB_EAGAIN entry without marking the tablet as sent (src/rootserver/ddl_task/ob_ddl_task.cpp:1763-1764). saved_ret keeps OB_SIZE_OVERFLOW (ob_service.cpp:381) and frees the dag at :391-394. (tmp-ret.md 6.8 lists this site.)	confirmed
src/observer/ob_service.cpp	ObService::handle_server_freeze_req_	line 436: declare tmp_ret (plan definition)	DECLARATION	let mut tmp_ret: ObResult = Ok(()); (RULEBOOK 2.1, the int ret and tmp_ret rows; s2-errors.md 2.2 rule 5).	sweep: tmp-ret.tsv:368 (data row 367). Writer: src/observer/ob_service.cpp:437, server_freeze_ (tmp-ret.tsv:369). Readers: :439, a test against OB_SUCCESS, and :440, ret = tmp_ret (tmp-ret.tsv:370, MERGE_AS_WRITTEN).	confirmed
src/observer/ob_service.cpp	ObService::handle_server_freeze_req_	line 437: assign tmp_ret	PASSED_ON	if ob_fail!(tmp_ret = self.server_freeze_()) {} with its empty branch; OB_UNLIKELY goes (RULEBOOK 2.1, the tmp_ret row; s2-errors.md 2.3 table; RULEBOOK 2.3). The merge at src/observer/ob_service.cpp:440 is its own row.	sweep: tmp-ret.tsv:369 (data row 368). Created: src/observer/ob_service.cpp:437 puts the code of server_freeze_ into tmp_ret; the branch at :437-438 is empty. Tested: only against OB_SUCCESS at :439. Reaches: ret = tmp_ret at :440 (tmp-ret.tsv:370) with no assignment in between; handle_server_freeze_req_ returns ret at :442, and minor_freeze copies it into its result at :424 and :427.	confirmed
src/observer/ob_service.cpp	ObService::handle_server_freeze_req_	line 440: merge into ret	MERGE_AS_WRITTEN	if tmp_ret.is_err() && ret.is_ok() { ret = tmp_ret; } as the C++ writes it (RULEBOOK 2.1: any other merge as the C++ writes it; s2-errors.md 2.4 rule 4; tmp-ret.md section 9, Q2). The function keeps the local-ret form (s2-errors.md 2.3).	sweep: tmp-ret.tsv:370 (data row 369). Guard: OB_SUCCESS != tmp_ret && OB_SUCC(ret) at src/observer/ob_service.cpp:439; nothing writes ret between its declaration at :435 and the merge, so ret is OB_SUCCESS and the merge gives it the error. X: tmp_ret from server_freeze_ at :437 (tmp-ret.tsv:369).	confirmed
src/observer/ob_service.cpp	ObService::check_modify_time_elapsed	line 553: declare tmp_ret (plan definition)	DECLARATION	let mut tmp_ret: ObResult = Ok(()); (RULEBOOK 2.1, the int ret and tmp_ret rows; s2-errors.md 2.2 rule 5).	sweep: tmp-ret.tsv:371 (data row 370). Declared once per round of the loop of src/observer/ob_service.cpp:547. Writers: the OB_TMP_FAIL chain at :554, :555, :556 and :562 (tmp-ret.tsv:372-375). Readers: the test against OB_EAGAIN at :559 (ret-compare.tsv:599), the log at :560 (K(tmp_ret)), and the store at :567, single_result.ret_code_ = tmp_ret. Only codes reach it.	confirmed
src/observer/ob_service.cpp	ObService::check_modify_time_elapsed	line 554: OB_TMP_FAIL (plan definition)	STORED	if ob_fail!(tmp_ret = <DDL_SIM(arg.ddl_task_id_, CHECK_MODIFY_TIME_ELAPSED_SLOW) in its Rust form: Ok(()) without the errsim feature, as src/share/ob_ddl_sim_point.h:158 defines it (RULEBOOK 2.3, the function-like macro and ERRSIM rows)>) { with its empty branch, the first test of the else-if chain of src/observer/ob_service.cpp:554-565 (RULEBOOK 2.1, the tmp_ret row; s2-errors.md 2.3 table). At the store, src/observer/ob_service.cpp:567 becomes single_result.ret_code_ = tmp_ret.code(); (ErrCode::code gives 0 for Ok; s2-errors.md 2.1, 2.2 rule 5): ObCheckTransElapsedResult::ret_code_ stays i32 under its C++ name, as a code field of a serialized result (s2-errors.md 2.2 rule 5, codes in packets; tmp-ret.md section 9, Q1). tmp_ret is the ObResult local declared at :553.	sweep: tmp-ret.tsv:372 (data row 371). Created: src/observer/ob_service.cpp:554 puts the code of the DDL_SIM simulation point into tmp_ret; the later tests of the else-if chain of :554-565 run only when it succeeded, so after a failure tmp_ret keeps this code. Without ERRSIM, DDL_SIM is OB_SUCCESS (src/share/ob_ddl_sim_point.h:158) and the branch never fails; with ERRSIM it calls ObDDLSimPointMgr::try_sim (src/share/ob_ddl_sim_point.h:155), which no file under src defines (grep -rn try_sim src prints only that macro line). Tested: never against a named code (the OB_EAGAIN test of :559 sits in the branch of :556). Stored: :567, single_result.ret_code_ = tmp_ret, inside the if (OB_SUCC(ret)) of :566, which always holds (the loop condition at :547 requires OB_SUCC(ret) and :548-565 do not write ret); the result is appended to result.results_ at :568. Field: int ret_code_ of ObCheckTransElapsedResult (src/share/ob_rpc_struct.h:2262), a struct with OB_UNIS_VERSION(1) at src/share/ob_rpc_struct.h:2253 and OB_SERIALIZE_MEMBER at src/share/ob_rpc_struct.cpp:1848; ObCheckModifyTimeElapsedResult is ObCheckSchemaVersionElapsedResult (src/share/ob_rpc_struct.h:2287). Other writers: ob_service.cpp:612 and src/rootserver/ddl_task/ob_ddl_task.cpp:1235. Reader: src/rootserver/ddl_task/ob_ddl_task.cpp:1251 copies it into ret_array; the one call of check_modify_time_elapsed is the direct call in the lambda at src/rootserver/ddl_task/ob_ddl_task.cpp:1357, run by check_trans_end at :1219, so no seekdb path serializes this result.	confirmed
src/observer/ob_service.cpp	ObService::check_modify_time_elapsed	line 555: OB_TMP_FAIL (plan definition)	STORED	} else if ob_fail!(tmp_ret = <the get_ls call on the LS service reached through the context (RULEBOOK 2.8), signature from the declaration index>) { with its empty branch (RULEBOOK 2.1, the tmp_ret row; s2-errors.md 2.3 table). At the store, src/observer/ob_service.cpp:567 becomes single_result.ret_code_ = tmp_ret.code(); (ErrCode::code gives 0 for Ok; s2-errors.md 2.1, 2.2 rule 5): ObCheckTransElapsedResult::ret_code_ stays i32 under its C++ name, as a code field of a serialized result (s2-errors.md 2.2 rule 5, codes in packets; tmp-ret.md section 9, Q1). tmp_ret is the ObResult local declared at :553.	sweep: tmp-ret.tsv:373 (data row 372). Created: src/observer/ob_service.cpp:555 puts the code of ls_service->get_ls(ls) into tmp_ret; the later tests of the else-if chain of :554-565 run only when it succeeded, so after a failure tmp_ret keeps this code. Tested: never against a named code (the OB_EAGAIN test of :559 sits in the branch of :556). Stored: :567, single_result.ret_code_ = tmp_ret, inside the if (OB_SUCC(ret)) of :566, which always holds (the loop condition at :547 requires OB_SUCC(ret) and :548-565 do not write ret); the result is appended to result.results_ at :568. Field: int ret_code_ of ObCheckTransElapsedResult (src/share/ob_rpc_struct.h:2262), a struct with OB_UNIS_VERSION(1) at src/share/ob_rpc_struct.h:2253 and OB_SERIALIZE_MEMBER at src/share/ob_rpc_struct.cpp:1848; ObCheckModifyTimeElapsedResult is ObCheckSchemaVersionElapsedResult (src/share/ob_rpc_struct.h:2287). Other writers: ob_service.cpp:612 and src/rootserver/ddl_task/ob_ddl_task.cpp:1235. Reader: src/rootserver/ddl_task/ob_ddl_task.cpp:1251 copies it into ret_array; the one call of check_modify_time_elapsed is the direct call in the lambda at src/rootserver/ddl_task/ob_ddl_task.cpp:1357, run by check_trans_end at :1219, so no seekdb path serializes this result.	confirmed
src/observer/ob_service.cpp	ObService::check_modify_time_elapsed	line 556: OB_TMP_FAIL (plan definition)	OTHER_CODE	} else if ob_fail!(tmp_ret = <ls.check_modify_time_elapsed(tablet_id, arg.sstable_exist_ts_, &mut single_result.pending_tx_id_), signature from the declaration index>) { if !matches!(tmp_ret, Err(OB_EAGAIN)) { <the LOG_WARN of src/observer/ob_service.cpp:560 with the ret in scope> } } (RULEBOOK 2.1, the tmp_ret row and OB_X == tmp_ret as matches!; s2-errors.md 2.3 table, 2.4 rule 1). At the store, src/observer/ob_service.cpp:567 becomes single_result.ret_code_ = tmp_ret.code(); (ErrCode::code gives 0 for Ok; s2-errors.md 2.1, 2.2 rule 5): ObCheckTransElapsedResult::ret_code_ stays i32 under its C++ name, as a code field of a serialized result (s2-errors.md 2.2 rule 5, codes in packets; tmp-ret.md section 9, Q1). tmp_ret is the ObResult local declared at :553.	sweep: tmp-ret.tsv:374 (data row 373). Created: src/observer/ob_service.cpp:556 puts the code of ObLS::check_modify_time_elapsed into tmp_ret. Tested: :559 against OB_EAGAIN (ret-compare.tsv:599), which only silences the log of :560; nothing in this function repeats the check, and OB_EAGAIN alone does not make a row RETRY (tmp-ret.md 6.7), so the value is OTHER_CODE. Every code, OB_EAGAIN included, is then stored at :567 into single_result.ret_code_ (int ret_code_ of ObCheckTransElapsedResult, src/share/ob_rpc_struct.h:2262, serialized per :2253 and src/share/ob_rpc_struct.cpp:1848; tmp-ret.md section 9, Q1), inside the if (OB_SUCC(ret)) of ob_service.cpp:566, which always holds; the caller copies it into ret_array (src/rootserver/ddl_task/ob_ddl_task.cpp:1251).	confirmed
src/observer/ob_service.cpp	ObService::check_modify_time_elapsed	line 562: OB_TMP_FAIL (plan definition)	STORED	} else if ob_fail!(tmp_ret = <the get_max_commit_version call on the transaction service reached through the context (RULEBOOK 2.8), signature from the declaration index>) { with its empty branch, then the else of src/observer/ob_service.cpp:563-565 (RULEBOOK 2.1, the tmp_ret row; s2-errors.md 2.3 table). At the store, src/observer/ob_service.cpp:567 becomes single_result.ret_code_ = tmp_ret.code(); (ErrCode::code gives 0 for Ok; s2-errors.md 2.1, 2.2 rule 5): ObCheckTransElapsedResult::ret_code_ stays i32 under its C++ name, as a code field of a serialized result (s2-errors.md 2.2 rule 5, codes in packets; tmp-ret.md section 9, Q1). tmp_ret is the ObResult local declared at :553.	sweep: tmp-ret.tsv:375 (data row 374). Created: src/observer/ob_service.cpp:562 puts the code of txs->get_max_commit_version(snapshot_version) into tmp_ret; the later tests of the else-if chain of :554-565 run only when it succeeded, so after a failure tmp_ret keeps this code. Tested: never against a named code (the OB_EAGAIN test of :559 sits in the branch of :556). Stored: :567, single_result.ret_code_ = tmp_ret, inside the if (OB_SUCC(ret)) of :566, which always holds (the loop condition at :547 requires OB_SUCC(ret) and :548-565 do not write ret); the result is appended to result.results_ at :568. Field: int ret_code_ of ObCheckTransElapsedResult (src/share/ob_rpc_struct.h:2262), a struct with OB_UNIS_VERSION(1) at src/share/ob_rpc_struct.h:2253 and OB_SERIALIZE_MEMBER at src/share/ob_rpc_struct.cpp:1848; ObCheckModifyTimeElapsedResult is ObCheckSchemaVersionElapsedResult (src/share/ob_rpc_struct.h:2287). Other writers: ob_service.cpp:612 and src/rootserver/ddl_task/ob_ddl_task.cpp:1235. Reader: src/rootserver/ddl_task/ob_ddl_task.cpp:1251 copies it into ret_array; the one call of check_modify_time_elapsed is the direct call in the lambda at src/rootserver/ddl_task/ob_ddl_task.cpp:1357, run by check_trans_end at :1219, so no seekdb path serializes this result.	confirmed
src/observer/ob_service.cpp	ObService::check_schema_version_elapsed	line 599: declare tmp_ret (plan definition)	DECLARATION	let mut tmp_ret: ObResult = Ok(()); (RULEBOOK 2.1, the int ret and tmp_ret rows; s2-errors.md 2.2 rule 5).	sweep: tmp-ret.tsv:376 (data row 375). Declared once per round of the loop of src/observer/ob_service.cpp:594. Writers: the OB_TMP_FAIL chain at :600, :601, :602 and :606 (tmp-ret.tsv:377-380). Reader: the store at :612, single_result.ret_code_ = tmp_ret. Only codes reach it.	confirmed
src/observer/ob_service.cpp	ObService::check_schema_version_elapsed	line 600: OB_TMP_FAIL (plan definition)	STORED	if ob_fail!(tmp_ret = <DDL_SIM(arg.ddl_task_id_, CHECK_SCHEMA_TRANS_END_SLOW) in its Rust form: Ok(()) without the errsim feature, as src/share/ob_ddl_sim_point.h:158 defines it (RULEBOOK 2.3, the function-like macro and ERRSIM rows)>) { with its empty branch, the first test of the else-if chain of src/observer/ob_service.cpp:600-610 (RULEBOOK 2.1, the tmp_ret row; s2-errors.md 2.3 table). At the store, src/observer/ob_service.cpp:612 becomes single_result.ret_code_ = tmp_ret.code(); (ErrCode::code gives 0 for Ok; s2-errors.md 2.1, 2.2 rule 5): ObCheckTransElapsedResult::ret_code_ stays i32 under its C++ name, as a code field of a serialized result (s2-errors.md 2.2 rule 5, codes in packets; tmp-ret.md section 9, Q1); its readers convert with ObError::from_code. tmp_ret is the ObResult local declared at :599.	sweep: tmp-ret.tsv:377 (data row 376). Created: src/observer/ob_service.cpp:600 puts the code of the DDL_SIM simulation point into tmp_ret; the later tests of the else-if chain of :600-610 run only when it succeeded, so after a failure tmp_ret keeps this code at the store. Without ERRSIM, DDL_SIM is OB_SUCCESS (src/share/ob_ddl_sim_point.h:158) and the branch never fails; with ERRSIM it calls ObDDLSimPointMgr::try_sim (src/share/ob_ddl_sim_point.h:155), which no file under src defines (grep -rn try_sim src prints only that macro line). Tested: never against a named code in ObService::check_schema_version_elapsed; never merged into ret. Stored: :612 (single_result.ret_code_ = tmp_ret), inside the if (OB_SUCC(ret)) of :611, which always holds there: the loop condition at :594 requires OB_SUCC(ret) and no statement of :595-610 writes ret; the result is appended to result.results_ at :613. Field: int ret_code_ of ObCheckTransElapsedResult (src/share/ob_rpc_struct.h:2262), a struct with OB_UNIS_VERSION(1) at src/share/ob_rpc_struct.h:2253 and OB_SERIALIZE_MEMBER at src/share/ob_rpc_struct.cpp:1848. Other writers: ob_service.cpp:567 and src/rootserver/ddl_task/ob_ddl_task.cpp:1235. Reader: src/rootserver/ddl_task/ob_ddl_task.cpp:1251 copies it into the ObIArray<int> ret_array. ObService implements ObIRootserverLocalRuntime (src/observer/ob_service.h:76), and the one call of check_schema_version_elapsed through it is the direct call at src/rootserver/ddl_task/ob_ddl_task.cpp:1292, so no seekdb path serializes this result.	confirmed
src/observer/ob_service.cpp	ObService::check_schema_version_elapsed	line 601: OB_TMP_FAIL (plan definition)	STORED	} else if ob_fail!(tmp_ret = <the get_ls call, signature from the declaration index>) { with its empty branch, as the second test of the else-if chain at src/observer/ob_service.cpp:600-610 (RULEBOOK 2.1, the tmp_ret row; s2-errors.md 2.3 table). At the store, src/observer/ob_service.cpp:612 becomes single_result.ret_code_ = tmp_ret.code(); (ErrCode::code gives 0 for Ok; s2-errors.md 2.1, 2.2 rule 5): ObCheckTransElapsedResult::ret_code_ stays i32 under its C++ name, as a code field of a serialized result (s2-errors.md 2.2 rule 5, codes in packets; tmp-ret.md section 9, Q1); its readers convert with ObError::from_code. tmp_ret is the ObResult local declared at :599.	sweep: tmp-ret.tsv:378 (data row 377). Created: src/observer/ob_service.cpp:601 puts the code of ls_service->get_ls(ls) into tmp_ret; the later tests of the else-if chain of :600-610 run only when it succeeded, so after a failure tmp_ret keeps this code at the store. This test runs only when DDL_SIM at :600 succeeded. (tmp-ret.md section 8, example 1, is this row.) Tested: never against a named code in ObService::check_schema_version_elapsed; never merged into ret. Stored: :612 (single_result.ret_code_ = tmp_ret), inside the if (OB_SUCC(ret)) of :611, which always holds there: the loop condition at :594 requires OB_SUCC(ret) and no statement of :595-610 writes ret; the result is appended to result.results_ at :613. Field: int ret_code_ of ObCheckTransElapsedResult (src/share/ob_rpc_struct.h:2262), a struct with OB_UNIS_VERSION(1) at src/share/ob_rpc_struct.h:2253 and OB_SERIALIZE_MEMBER at src/share/ob_rpc_struct.cpp:1848. Other writers: ob_service.cpp:567 and src/rootserver/ddl_task/ob_ddl_task.cpp:1235. Reader: src/rootserver/ddl_task/ob_ddl_task.cpp:1251 copies it into the ObIArray<int> ret_array. ObService implements ObIRootserverLocalRuntime (src/observer/ob_service.h:76), and the one call of check_schema_version_elapsed through it is the direct call at src/rootserver/ddl_task/ob_ddl_task.cpp:1292, so no seekdb path serializes this result.	confirmed
src/observer/ob_service.cpp	ObService::check_schema_version_elapsed	line 602: OB_TMP_FAIL (plan definition)	STORED	} else if ob_fail!(tmp_ret = <ls.get_tablet(tablet_id, &mut tablet_handle, ObTabletCommon::DEFAULT_GET_TABLET_DURATION_US, ObMDSGetTabletMode::READ_ALL_COMMITED), signature from the declaration index>) { with its empty branch (RULEBOOK 2.1, the tmp_ret row; s2-errors.md 2.3 table). At the store, src/observer/ob_service.cpp:612 becomes single_result.ret_code_ = tmp_ret.code(); (ErrCode::code gives 0 for Ok; s2-errors.md 2.1, 2.2 rule 5): ObCheckTransElapsedResult::ret_code_ stays i32 under its C++ name, as a code field of a serialized result (s2-errors.md 2.2 rule 5, codes in packets; tmp-ret.md section 9, Q1); its readers convert with ObError::from_code. tmp_ret is the ObResult local declared at :599.	sweep: tmp-ret.tsv:379 (data row 378). Created: src/observer/ob_service.cpp:602 puts the code of ls->get_tablet(..) at :602-605 into tmp_ret; the later tests of the else-if chain of :600-610 run only when it succeeded, so after a failure tmp_ret keeps this code at the store. A missing tablet is not tested here: every code goes to the store. Tested: never against a named code in ObService::check_schema_version_elapsed; never merged into ret. Stored: :612 (single_result.ret_code_ = tmp_ret), inside the if (OB_SUCC(ret)) of :611, which always holds there: the loop condition at :594 requires OB_SUCC(ret) and no statement of :595-610 writes ret; the result is appended to result.results_ at :613. Field: int ret_code_ of ObCheckTransElapsedResult (src/share/ob_rpc_struct.h:2262), a struct with OB_UNIS_VERSION(1) at src/share/ob_rpc_struct.h:2253 and OB_SERIALIZE_MEMBER at src/share/ob_rpc_struct.cpp:1848. Other writers: ob_service.cpp:567 and src/rootserver/ddl_task/ob_ddl_task.cpp:1235. Reader: src/rootserver/ddl_task/ob_ddl_task.cpp:1251 copies it into the ObIArray<int> ret_array. ObService implements ObIRootserverLocalRuntime (src/observer/ob_service.h:76), and the one call of check_schema_version_elapsed through it is the direct call at src/rootserver/ddl_task/ob_ddl_task.cpp:1292, so no seekdb path serializes this result.	confirmed
src/observer/ob_service.cpp	ObService::check_schema_version_elapsed	line 606: OB_TMP_FAIL (plan definition)	STORED	} else if ob_fail!(tmp_ret = <tablet_handle.get_obj().check_schema_version_elapsed(..) with the arguments of src/observer/ob_service.cpp:606-609, signature from the declaration index>) { with its empty branch (RULEBOOK 2.1, the tmp_ret row; s2-errors.md 2.3 table). At the store, src/observer/ob_service.cpp:612 becomes single_result.ret_code_ = tmp_ret.code(); (ErrCode::code gives 0 for Ok; s2-errors.md 2.1, 2.2 rule 5): ObCheckTransElapsedResult::ret_code_ stays i32 under its C++ name, as a code field of a serialized result (s2-errors.md 2.2 rule 5, codes in packets; tmp-ret.md section 9, Q1); its readers convert with ObError::from_code. tmp_ret is the ObResult local declared at :599.	sweep: tmp-ret.tsv:380 (data row 379). Created: src/observer/ob_service.cpp:606 puts the code of ObTablet::check_schema_version_elapsed at :606-609 into tmp_ret; the later tests of the else-if chain of :600-610 run only when it succeeded, so after a failure tmp_ret keeps this code at the store. Tested: never against a named code in ObService::check_schema_version_elapsed; never merged into ret. Stored: :612 (single_result.ret_code_ = tmp_ret), inside the if (OB_SUCC(ret)) of :611, which always holds there: the loop condition at :594 requires OB_SUCC(ret) and no statement of :595-610 writes ret; the result is appended to result.results_ at :613. Field: int ret_code_ of ObCheckTransElapsedResult (src/share/ob_rpc_struct.h:2262), a struct with OB_UNIS_VERSION(1) at src/share/ob_rpc_struct.h:2253 and OB_SERIALIZE_MEMBER at src/share/ob_rpc_struct.cpp:1848. Other writers: ob_service.cpp:567 and src/rootserver/ddl_task/ob_ddl_task.cpp:1235. Reader: src/rootserver/ddl_task/ob_ddl_task.cpp:1251 copies it into the ObIArray<int> ret_array. ObService implements ObIRootserverLocalRuntime (src/observer/ob_service.h:76), and the one call of check_schema_version_elapsed through it is the direct call at src/rootserver/ddl_task/ob_ddl_task.cpp:1292, so no seekdb path serializes this result.	confirmed
src/observer/ob_system_package_load_task.cpp	ObSystemPackageLoadTask::wait_system_package_ready	line 142: declare tmp_ret (plan definition)	DECLARATION	let mut tmp_ret: ObResult = Ok(()); (RULEBOOK 2.1, the int ret and tmp_ret rows; s2-errors.md 2.2 rule 5).	sweep: tmp-ret.tsv:381 (data row 380). Declared once per round of the wait loop of src/observer/ob_system_package_load_task.cpp:141. Writer: :147, ADMIN_JOB_FIND (tmp-ret.tsv:382). Reader: the test against OB_ENTRY_NOT_EXIST on the same line (ret-compare.tsv:612). No other line reads it.	confirmed
src/observer/ob_system_package_load_task.cpp	ObSystemPackageLoadTask::wait_system_package_ready	line 147: assign tmp_ret	LOOKUP_OUTCOME	if { tmp_ret = <ADMIN_JOB_FIND(LOAD_MYSQL_SYS_PACKAGE, job_id) in its Rust form>; !matches!(tmp_ret, Err(OB_ENTRY_NOT_EXIST)) } { inprogress_job_count += 1; } (RULEBOOK 2.1, the row on a test on an assignment; s2-errors.md 2.3 table). The lookup keeps OB_ENTRY_NOT_EXIST at its boundary (s2-errors.md 2.4 rules 1 and 2), and the wait loop, its sleep and the finish flag stay as written (RULEBOOK section 0).	sweep: tmp-ret.tsv:382 (data row 381). Producer: the statement expression ADMIN_JOB_FIND (src/rootserver/ob_admin_job_table_operator.h:105-110) returns ObAdminJobTableOperator::find_job (src/rootserver/ob_admin_job_table_operator.cpp:139-154), which passes on ObAdminJobTableStorage::find_job, an inner-table read of the in-progress job of this type (src/share/storage/ob_admin_job_table_storage.cpp:193-223); OB_ENTRY_NOT_EXIST comes from the SQLite query that finds no row (src/share/storage/ob_sqlite_connection.cpp:405-407). Tested: src/observer/ob_system_package_load_task.cpp:147, the same line as ret-compare.tsv:612 (same producer, same Rust). A miss leaves inprogress_job_count at 0 and ends the wait (:150-151); any other code, a found job or an error, counts as in progress (:148), sleeps 500 ms (:153) and repeats the lookup until the timeout of :143-144. The loop stops on the code, which is not a retry (tmp-ret.md 6.7). Where the codes go: nowhere; tmp_ret is not read after ob_system_package_load_task.cpp:147, and ret only takes OB_TIMEOUT (:144).	confirmed
src/observer/ob_tablet_runtime_meta_updater.cpp	ObTabletRuntimeMetaUpdater::cal_thread_count_	line 239: declare tmp_ret (plan definition)	DECLARATION	let mut tmp_ret: ObResult = Ok(()); (RULEBOOK 2.1, the int ret and tmp_ret rows; s2-errors.md 2.2 rule 5).	sweep: tmp-ret.tsv:383 (data row 382). Writers: src/observer/ob_tablet_runtime_meta_updater.cpp:246 (OB_INVALID_ARGUMENT, tmp-ret.tsv:384) and :248 (get_server_cpu, tmp-ret.tsv:385). Readers: the logs at :247 and :249, LOG_WARN_RET(tmp_ret, ...). cal_thread_count_ returns an int64_t thread count (:256) and has no ret.	confirmed
src/observer/ob_tablet_runtime_meta_updater.cpp	ObTabletRuntimeMetaUpdater::cal_thread_count_	line 246: assign tmp_ret	IGNORED	tmp_ret = Err(OB_INVALID_ARGUMENT); (RULEBOOK 2.1, the ret = OB_X row), then the LOG_WARN_RET of src/observer/ob_tablet_runtime_meta_updater.cpp:247 passing tmp_ret (s2-errors.md 2.5 rule 1); kept unless the null test at :245 goes (server-service-slots.tsv:98). The code dies in the variable.	sweep: tmp-ret.tsv:384 (data row 383). Created: src/observer/ob_tablet_runtime_meta_updater.cpp:246 sets OB_INVALID_ARGUMENT when the runtime controller slot looked up at :244 (server-service-slots.tsv:98) is NULL (:245). Tested: never against a named code. Read only by the log at :247; the thread count keeps its mini-mode default (:240), and cal_thread_count_ returns it at :256, never the code.	confirmed
src/observer/ob_tablet_runtime_meta_updater.cpp	ObTabletRuntimeMetaUpdater::cal_thread_count_	line 248: OB_TMP_FAIL (plan definition)	IGNORED	} else if ob_fail!(tmp_ret = runtime_controller.get_server_cpu(&mut min_cpu, &mut max_cpu)) { with the LOG_WARN_RET of src/observer/ob_tablet_runtime_meta_updater.cpp:249 passing tmp_ret (RULEBOOK 2.1, the tmp_ret row; s2-errors.md 2.3 table, 2.5 rule 1). The code dies in the variable.	sweep: tmp-ret.tsv:385 (data row 384). Created: src/observer/ob_tablet_runtime_meta_updater.cpp:248 puts the code of ObServerRuntimeController::get_server_cpu into tmp_ret. Tested: never against a named code. The failing branch only logs (:249), so the thread count keeps its mini-mode default (:240) instead of the computed one (:251-253); cal_thread_count_ returns the count at :256, never the code.	confirmed
src/observer/ob_tablet_runtime_meta_updater.cpp	ObTabletRuntimeMetaUpdater::add_task_	line 297: declare tmp_ret (plan definition)	DECLARATION	let mut tmp_ret: ObResult = Ok(()); (RULEBOOK 2.1, the int ret and tmp_ret rows; s2-errors.md 2.2 rule 5).	sweep: tmp-ret.tsv:386 (data row 385). Writer: src/observer/ob_tablet_runtime_meta_updater.cpp:310, ADD_SUSPECT_INFO (tmp-ret.tsv:387). Reader: the log at :315, LOG_WARN_RET(tmp_ret, ...). add_task_ returns ret at :325.	confirmed
src/observer/ob_tablet_runtime_meta_updater.cpp	ObTabletRuntimeMetaUpdater::add_task_	line 310: OB_TMP_FAIL (plan definition)	IGNORED	if task.need_diagnose() && ob_fail!(tmp_ret = <compaction::ADD_SUSPECT_INFO(..) with the arguments of src/observer/ob_tablet_runtime_meta_updater.cpp:310-314, signature from the declaration index>) { with the LOG_WARN_RET of :315 passing tmp_ret } (RULEBOOK 2.1, the tmp_ret row; s2-errors.md 2.3 table, 2.5 rule 1). The code dies in the variable.	sweep: tmp-ret.tsv:387 (data row 386). Created: src/observer/ob_tablet_runtime_meta_updater.cpp:310 puts the code of the ADD_SUSPECT_INFO function (defined by the DEFINE_SUSPECT_INFO_ADD macro, src/storage/compaction/ob_compaction_diagnose.h:674-703: the codes of add_suspect_info at :694 and add_diagnose_tablet at :696) into tmp_ret, in the failure branch of :309; the call records ret itself as an info value (ob_tablet_runtime_meta_updater.cpp:314). Tested: never against a named code. The failing branch only logs (:315); add_task_ returns ret at :325, never tmp_ret.	confirmed
src/observer/ob_tablet_runtime_meta_updater.cpp	ObTabletRuntimeMetaUpdater::diagnose_batch_tasks_	line 413: declare tmp_ret (plan definition)	DECLARATION	let mut tmp_ret: ObResult = Ok(()); (RULEBOOK 2.1, the int ret and tmp_ret rows; s2-errors.md 2.2 rule 5).	sweep: tmp-ret.tsv:388 (data row 387). Writer: src/observer/ob_tablet_runtime_meta_updater.cpp:418, ADD_SUSPECT_INFO in the loop of :415 (tmp-ret.tsv:389). Reader: the log at :423, LOG_WARN_RET(tmp_ret, ...). diagnose_batch_tasks_ returns void.	confirmed
src/observer/ob_tablet_runtime_meta_updater.cpp	ObTabletRuntimeMetaUpdater::diagnose_batch_tasks_	line 418: OB_TMP_FAIL (plan definition)	IGNORED	if ob_fail!(tmp_ret = <compaction::ADD_SUSPECT_INFO(..) with the arguments of src/observer/ob_tablet_runtime_meta_updater.cpp:418-422, signature from the declaration index>) { with the LOG_WARN_RET of :423 passing tmp_ret } else { diagnose_cnt += 1; } (RULEBOOK 2.1, the tmp_ret row; s2-errors.md 2.3 table, 2.5 rule 1). The code dies in the variable.	sweep: tmp-ret.tsv:389 (data row 388). Created: src/observer/ob_tablet_runtime_meta_updater.cpp:418 puts the code of the ADD_SUSPECT_INFO function (src/storage/compaction/ob_compaction_diagnose.h:674-703) into tmp_ret, for each task that needs a diagnosis. Tested: never against a named code. The failing branch only logs (ob_tablet_runtime_meta_updater.cpp:423) and does not count the task; the loop of :415 goes on to the next task, whose call overwrites tmp_ret; the function returns void.	confirmed
src/observer/ob_tablet_runtime_meta_updater.cpp	ObTabletRuntimeMetaUpdater::generate_tasks_	line 456: declare tmp_ret (plan definition)	DECLARATION	let mut tmp_ret: ObResult = Ok(()); (RULEBOOK 2.1, the int ret and tmp_ret rows; s2-errors.md 2.2 rule 5).	sweep: tmp-ret.tsv:390 (data row 389). Writer: src/observer/ob_tablet_runtime_meta_updater.cpp:480, add_task_ (tmp-ret.tsv:391). Reader: the OB_TMP_FAIL test on that line; it picks between its empty failing branch and the else of :481-484, which counts the task for a later retry and resets ret. No other line reads it; generate_tasks_ returns ret at :525.	confirmed
src/observer/ob_tablet_runtime_meta_updater.cpp	ObTabletRuntimeMetaUpdater::generate_tasks_	line 480: OB_TMP_FAIL (plan definition)	IGNORED	if ob_fail!(tmp_ret = self.add_task_(task)) {} else { retry_tablet_count += 1; ret = Ok(()); } inside if matches!(ret, Err(OB_EAGAIN)) { as the C++ writes it (RULEBOOK 2.1, the tmp_ret row; s2-errors.md 2.3 table). The code dies in the variable.	sweep: tmp-ret.tsv:391 (data row 390). Created: src/observer/ob_tablet_runtime_meta_updater.cpp:480 puts the code of add_task_ (:293-326) into tmp_ret, in the OB_EAGAIN branch (:479) of fill_tablet_runtime_info. Tested: never against a named code; the failing branch is empty, so ret keeps the OB_EAGAIN of fill_tablet_runtime_info, which ends the FOREACH_CNT_X loop of :468 and is returned at :525; on success the task is counted for a later retry (:482) and ret is reset (:483). tmp_ret is read only by the OB_TMP_FAIL test on this line: no merge, store, return or named-code test takes it.	confirmed
src/observer/ob_tablet_runtime_meta_updater.cpp	ObTabletRuntimeMetaUpdater::batch_process_tasks	line 534: declare tmp_ret (plan definition)	DECLARATION	let mut tmp_ret: ObResult = Ok(()); (RULEBOOK 2.1, the int ret and tmp_ret rows; s2-errors.md 2.2 rule 5).	sweep: tmp-ret.tsv:392 (data row 391). Writers: src/observer/ob_tablet_runtime_meta_updater.cpp:570, do_batch_update_ (tmp-ret.tsv:393), and :582, do_batch_remove_ (tmp-ret.tsv:395). Readers: the tests against OB_SUCCESS at :571 and :583, the merges at :572 and :584 (tmp-ret.tsv:394, :396, MERGE_AND), the logs at :573 and :585, and the calls diagnose_batch_tasks_(.., tmp_ret) at :576 and :588. Only codes reach it.	confirmed
src/observer/ob_tablet_runtime_meta_updater.cpp	ObTabletRuntimeMetaUpdater::batch_process_tasks	line 570: assign tmp_ret	STORED	tmp_ret = self.do_batch_update_(start_time, &update_tablet_tasks, &update_tablet_infos, &update_tablet_checksums); with the call as the declaration index gives it (RULEBOOK 2.1, the tmp_ret row), then if tmp_ret.is_err() { ret = ret.and(tmp_ret); <log>; self.diagnose_batch_tasks_(&update_tablet_tasks, tmp_ret); } else { succ_cnt += update_task_cnt; } as written. diagnose_batch_tasks_ takes it as const int error_code (src/observer/ob_tablet_runtime_meta_updater.cpp:411), which holds only codes (its only calls are :576 and :588): an ObResult parameter (s2-errors.md 2.2 rule 5), which :422 hands to ADD_SUSPECT_INFO as the int64_t info value i64::from(error_code.code()) (s2-errors.md 2.1, the ErrCode trait).	sweep: tmp-ret.tsv:393 (data row 392). Created: src/observer/ob_tablet_runtime_meta_updater.cpp:570 puts the code of do_batch_update_ (:661-716) into tmp_ret. Tested: only against OB_SUCCESS at :571. Reaches, in the failing branch: the merge at :572 (tmp-ret.tsv:394, MERGE_AND) and the call diagnose_batch_tasks_(update_tablet_tasks, tmp_ret) at :576, which takes it as a code argument and stores it in each suspect info through ADD_SUSPECT_INFO (:418-422); that store comes before the merge in the order of the steps (tmp-ret.md section 5, step 7), so the value is STORED. The next writer is :582.	confirmed
src/observer/ob_tablet_runtime_meta_updater.cpp	ObTabletRuntimeMetaUpdater::batch_process_tasks	line 572: merge into ret	MERGE_AND	ret = ret.and(tmp_ret); (RULEBOOK 2.1, the COVER_SUCC row; s2-errors.md 2.3 table, 2.4 rule 4). The function keeps the local-ret form (s2-errors.md 2.3).	sweep: tmp-ret.tsv:394 (data row 393). Shape: the condition OB_SUCC(ret) tests only ret; the value is tmp_ret when ret succeeded and ret otherwise: a = ret, b = tmp_ret, a variable set at src/observer/ob_tablet_runtime_meta_updater.cpp:570 from do_batch_update_ (tmp-ret.tsv:393) and holding an error inside the test of :571. a: the merge sits in the else branch of :566, reached only when generate_tasks_ succeeded, so ret is OB_SUCCESS and takes tmp_ret; batch_process_tasks returns ret at :608.	confirmed
src/observer/ob_tablet_runtime_meta_updater.cpp	ObTabletRuntimeMetaUpdater::batch_process_tasks	line 582: assign tmp_ret	STORED	tmp_ret = self.do_batch_remove_(start_time, &remove_tablet_tasks, &remove_tablet_infos); with the call as the declaration index gives it (RULEBOOK 2.1, the tmp_ret row), then if tmp_ret.is_err() { ret = ret.and(tmp_ret); <log>; self.diagnose_batch_tasks_(&remove_tablet_tasks, tmp_ret); } else { succ_cnt += remove_task_cnt; } as written. diagnose_batch_tasks_ takes it as const int error_code (src/observer/ob_tablet_runtime_meta_updater.cpp:411), which holds only codes (its only calls are :576 and :588): an ObResult parameter (s2-errors.md 2.2 rule 5), which :422 hands to ADD_SUSPECT_INFO as the int64_t info value i64::from(error_code.code()) (s2-errors.md 2.1, the ErrCode trait).	sweep: tmp-ret.tsv:395 (data row 394). Created: src/observer/ob_tablet_runtime_meta_updater.cpp:582 puts the code of do_batch_remove_ (:611-659) into tmp_ret, overwriting the code of :570. Tested: only against OB_SUCCESS at :583. Reaches, in the failing branch: the merge at :584 (tmp-ret.tsv:396, MERGE_AND) and the call diagnose_batch_tasks_(remove_tablet_tasks, tmp_ret) at :588, a code argument stored in each suspect info through ADD_SUSPECT_INFO (:418-422); the store comes first in the order of the steps (tmp-ret.md section 5, step 7). No line reads tmp_ret after :588; batch_process_tasks returns ret at :608.	confirmed
src/observer/ob_tablet_runtime_meta_updater.cpp	ObTabletRuntimeMetaUpdater::batch_process_tasks	line 584: merge into ret	MERGE_AND	ret = ret.and(tmp_ret); (RULEBOOK 2.1, the COVER_SUCC row; s2-errors.md 2.3 table, 2.4 rule 4). The function keeps the local-ret form (s2-errors.md 2.3).	sweep: tmp-ret.tsv:396 (data row 395). Shape: the condition OB_SUCC(ret) tests only ret; a = ret, b = tmp_ret, a variable set at src/observer/ob_tablet_runtime_meta_updater.cpp:582 from do_batch_remove_ (tmp-ret.tsv:395) and holding an error inside the test of :583. a: ret holds the error merged at :572 when do_batch_update_ failed, which the merge keeps (the first error wins), or OB_SUCCESS, which takes tmp_ret. batch_process_tasks returns ret at :608.	confirmed
src/observer/ob_tablet_runtime_meta_updater.cpp	ObTabletRuntimeMetaUpdater::do_batch_remove_	line 617: declare tmp_ret (plan definition)	DECLARATION	let mut tmp_ret: ObResult = Ok(()); (RULEBOOK 2.1, the int ret and tmp_ret rows; s2-errors.md 2.2 rule 5).	sweep: tmp-ret.tsv:397 (data row 396). Writer: src/observer/ob_tablet_runtime_meta_updater.cpp:651, reput_to_queue_ (tmp-ret.tsv:398). Reader: only the test against OB_SUCCESS on that line, whose two branches are empty. do_batch_remove_ returns ret at :658.	confirmed
src/observer/ob_tablet_runtime_meta_updater.cpp	ObTabletRuntimeMetaUpdater::do_batch_remove_	line 651: assign tmp_ret	IGNORED	if ob_fail!(tmp_ret = self.reput_to_queue_(tasks)) {} else {} with both empty branches as written (RULEBOOK 2.1, the tmp_ret row; s2-errors.md 2.3 table: empty branches stay). The code dies in the variable.	sweep: tmp-ret.tsv:398 (data row 397). Created: src/observer/ob_tablet_runtime_meta_updater.cpp:651 puts the code of reput_to_queue_ (:328) into tmp_ret, in the failure branch of :649, after throttle_ (:650). Tested: never against a named code; both branches (:651-653) are empty. Not read again; do_batch_remove_ returns ret, the error that led here, at :658.	confirmed
src/observer/ob_tablet_runtime_meta_updater.cpp	ObTabletRuntimeMetaUpdater::do_batch_update_	line 668: declare tmp_ret (plan definition)	DECLARATION	let mut tmp_ret: ObResult = Ok(()); (RULEBOOK 2.1, the int ret and tmp_ret rows; s2-errors.md 2.2 rule 5).	sweep: tmp-ret.tsv:399 (data row 398). Writer: src/observer/ob_tablet_runtime_meta_updater.cpp:707, reput_to_queue_ (tmp-ret.tsv:400). Reader: only the test against OB_SUCCESS on that line; the failing branch is empty and the success branch logs at TRACE (:709). do_batch_update_ returns ret at :715.	confirmed
src/observer/ob_tablet_runtime_meta_updater.cpp	ObTabletRuntimeMetaUpdater::do_batch_update_	line 707: assign tmp_ret	IGNORED	if ob_fail!(tmp_ret = self.reput_to_queue_(tasks)) {} else { <the LOG_TRACE of src/observer/ob_tablet_runtime_meta_updater.cpp:709> } as written (RULEBOOK 2.1, the tmp_ret row; s2-errors.md 2.3 table). The code dies in the variable.	sweep: tmp-ret.tsv:400 (data row 399). Created: src/observer/ob_tablet_runtime_meta_updater.cpp:707 puts the code of reput_to_queue_ (:328) into tmp_ret, in the failure branch of :705, after throttle_ (:706). Tested: never against a named code; the failing branch is empty. Not read again; do_batch_update_ returns ret, the error that led here, at :715.	confirmed
src/observer/ob_uniq_task_queue.h	ObUniqTaskQueue::add	line 343: declare tmp_ret (plan definition)	DECLARATION	let mut tmp_ret: ObResult = Ok(()); (RULEBOOK 2.1, the int ret and tmp_ret rows; s2-errors.md 2.2 rule 5).	sweep: tmp-ret.tsv:401 (data row 400). Declared in the failing branch of get_group at src/observer/ob_uniq_task_queue.h:341. Writer: :344, task_set_.erase_refactored (tmp-ret.tsv:402). Reader: only the test on that line. The branch ends at :348.	confirmed
src/observer/ob_uniq_task_queue.h	ObUniqTaskQueue::add	line 344: OB_TMP_FAIL (plan definition)	IGNORED	if ob_fail!(tmp_ret = self.task_set_.erase_refactored(stored_task)) {} else { stored_task = None; } as written, with the call as the declaration index gives it (RULEBOOK 2.1, the tmp_ret row; s2-errors.md 2.3 table). The code dies in the variable.	sweep: tmp-ret.tsv:402 (data row 401). Created: src/observer/ob_uniq_task_queue.h:344 puts the code of task_set_.erase_refactored, the removal by key of the task just inserted at :329, into tmp_ret, after get_group failed (:341). Tested: never against a named code; the failing branch is empty and the else clears stored_task (:346). Not read again; ObUniqTaskQueue::add returns ret, the get_group error, at :368.	confirmed
src/observer/ob_uniq_task_queue.h	ObUniqTaskQueue::add	line 356: declare tmp_ret (plan definition)	DECLARATION	let mut tmp_ret: ObResult = Ok(()); (RULEBOOK 2.1, the int ret and tmp_ret rows; s2-errors.md 2.2 rule 5).	sweep: tmp-ret.tsv:403 (data row 402). Declared in the success branch of src/observer/ob_uniq_task_queue.h:354-364. Writers: :358, cond_.broadcast() (tmp-ret.tsv:404), and :361, cond_.signal() (tmp-ret.tsv:405). Readers: only the tests on those lines, whose branches are empty. If both writers become Condvar notifies with no code (their rows), nothing writes the variable after the declaration, which stays (RULEBOOK section 0).	confirmed
src/observer/ob_uniq_task_queue.h	ObUniqTaskQueue::add	line 358: assign tmp_ret	IGNORED	if ob_fail!(tmp_ret = self.cond_.broadcast()) {} with its empty branch (RULEBOOK 2.1, the tmp_ret row; s2-errors.md 2.3 table); kept unless the sync module Condvar cannot fail (s8-numerics-platform.md 5 rule 8 and its sync module, which re-exports parking_lot Condvar; RULEBOOK 2.7, the ObThreadCond/ObCond row): ObThreadCond becomes a Condvar beside the Mutex<T> of the state it guards, and a Condvar notify returns no code, so the call then becomes a plain statement and its test with the empty branch goes (s2-errors.md 2.2 rule 3). The code dies in the variable.	sweep: tmp-ret.tsv:404 (data row 403). Created: src/observer/ob_uniq_task_queue.h:358 puts the code of ObThreadCond::broadcast into tmp_ret, with the queue lock held by the ObThreadCondGuard of :320, when barrier tasks wait (:357). cond_ is a common::ObThreadCond member (:169; lock-guards.tsv:171), whose broadcast returns OB_NOT_INIT or OB_ERR_SYS from pthread_cond_broadcast (src/oblib/lib/lock/ob_thread_cond.h:89-101). Tested: never against a named code; the branch at ob_uniq_task_queue.h:358-359 is empty. Not read again; add returns ret at :368.	confirmed
src/observer/ob_uniq_task_queue.h	ObUniqTaskQueue::add	line 361: assign tmp_ret	IGNORED	if ob_fail!(tmp_ret = self.cond_.signal()) {} with its empty branch (RULEBOOK 2.1, the tmp_ret row; s2-errors.md 2.3 table); kept unless the sync module Condvar cannot fail (s8-numerics-platform.md 5 rule 8 and its sync module, which re-exports parking_lot Condvar; RULEBOOK 2.7, the ObThreadCond/ObCond row): ObThreadCond becomes a Condvar beside the Mutex<T> of the state it guards, and a Condvar notify returns no code, so the call then becomes a plain statement and its test with the empty branch goes (s2-errors.md 2.2 rule 3). The code dies in the variable.	sweep: tmp-ret.tsv:405 (data row 404). Created: src/observer/ob_uniq_task_queue.h:361 puts the code of ObThreadCond::signal into tmp_ret, under the lock of :320, when no barrier task waits. cond_ is a common::ObThreadCond member (:169; lock-guards.tsv:171), whose signal returns OB_NOT_INIT or OB_ERR_SYS from pthread_cond_signal (src/oblib/lib/lock/ob_thread_cond.h:76-88). Tested: never against a named code; the branch at ob_uniq_task_queue.h:361-362 is empty. Not read again; add returns ret at :368.	confirmed
src/observer/ob_uniq_task_queue.h	ObUniqTaskQueue::run1	line 464: declare tmp_ret	IGNORED	let tmp_ret: ObResult = self.cond_.broadcast(); then if tmp_ret.is_err() {} for the empty branch of src/observer/ob_uniq_task_queue.h:465-466 (RULEBOOK 2.1, the int ret and tmp_ret rows); kept unless the sync module Condvar cannot fail (s8-numerics-platform.md 5 rule 8 and its sync module, which re-exports parking_lot Condvar; RULEBOOK 2.7, the ObThreadCond/ObCond row): ObThreadCond becomes a Condvar beside the Mutex<T> of the state it guards, and a Condvar notify returns no code, so the call then becomes a plain statement and its test with the empty branch goes (s2-errors.md 2.2 rule 3). The code dies in the variable.	sweep: tmp-ret.tsv:406 (data row 405). Created: src/observer/ob_uniq_task_queue.h:464 puts the code of ObThreadCond::broadcast (src/oblib/lib/lock/ob_thread_cond.h:89-101: OB_NOT_INIT or OB_ERR_SYS) into tmp_ret, under the ObThreadCondGuard of ob_uniq_task_queue.h:460, when a barrier task finds no other processing thread (:463). cond_ is the ObThreadCond member of :169 (lock-guards.tsv:171). Tested: only against OB_SUCCESS at :465, with an empty branch. Not read again; the block ends at :467 and run1 returns void.	confirmed
src/observer/ob_uniq_task_queue.h	ObUniqTaskQueue::run1	line 487: declare tmp_ret	IGNORED	let tmp_ret: ObResult = self.cond_.broadcast(); then if tmp_ret.is_err() {} for the empty branch of src/observer/ob_uniq_task_queue.h:488-489 (RULEBOOK 2.1, the int ret and tmp_ret rows); kept unless the sync module Condvar cannot fail (s8-numerics-platform.md 5 rule 8 and its sync module, which re-exports parking_lot Condvar; RULEBOOK 2.7, the ObThreadCond/ObCond row): ObThreadCond becomes a Condvar beside the Mutex<T> of the state it guards, and a Condvar notify returns no code, so the call then becomes a plain statement and its test with the empty branch goes (s2-errors.md 2.2 rule 3). The code dies in the variable.	sweep: tmp-ret.tsv:407 (data row 406). Created: src/observer/ob_uniq_task_queue.h:487 puts the code of ObThreadCond::broadcast (src/oblib/lib/lock/ob_thread_cond.h:89-101: OB_NOT_INIT or OB_ERR_SYS) into tmp_ret, under the ObThreadCondGuard of ob_uniq_task_queue.h:484, when the last processing thread finishes while barrier tasks wait (:486). cond_ is the ObThreadCond member of :169 (lock-guards.tsv:171). Tested: only against OB_SUCCESS at :488, with an empty branch. Not read again; the block ends at :490 and run1 returns void.	confirmed
src/observer/ob_uniq_task_queue.h	ObUniqTaskQueue::diagnose_waiting_task	line 506: declare tmp_ret (plan definition)	DECLARATION	let mut tmp_ret: ObResult = Ok(()); (RULEBOOK 2.1, the int ret and tmp_ret rows; s2-errors.md 2.2 rule 5).	sweep: tmp-ret.tsv:408 (data row 407). Writer: src/observer/ob_uniq_task_queue.h:515, tasks.push_back (tmp-ret.tsv:409). Reader: only the test on that line. diagnose_waiting_task returns ret at :522.	confirmed
src/observer/ob_uniq_task_queue.h	ObUniqTaskQueue::diagnose_waiting_task	line 515: OB_TMP_FAIL (plan definition)	IGNORED	if ob_fail!(tmp_ret = tasks.push_back(task)) {} else { add_cnt += 1; } as written, with the call as the declaration index gives it (RULEBOOK 2.1, the tmp_ret row; s2-errors.md 2.3 table). The code dies in the variable.	sweep: tmp-ret.tsv:409 (data row 408). Created: src/observer/ob_uniq_task_queue.h:515 puts the code of push_back on the caller array (an ObIArray<Task> &, :503, reserved at :507) into tmp_ret, for each waiting task that needs a diagnosis, under the lock of :510. Tested: never against a named code; the failing branch is empty and the task is not counted, so the FOREACH_X of :511 goes on and the next push_back overwrites tmp_ret. diagnose_waiting_task returns ret, the reserve result, at :522. Not every ObIArray::push_back fails only on allocation, so the clause on calls that can no longer fail does not apply.	confirmed
src/observer/ob_uniq_task_queue.h	ObUniqTaskQueue::diagnose_processing_task	line 529: declare tmp_ret (plan definition)	DECLARATION	let mut tmp_ret: ObResult = Ok(()); (RULEBOOK 2.1, the int ret and tmp_ret rows; s2-errors.md 2.2 rule 5).	sweep: tmp-ret.tsv:410 (data row 409). Writer: src/observer/ob_uniq_task_queue.h:538, tasks.push_back (tmp-ret.tsv:411). Reader: only the test on that line. diagnose_processing_task returns ret at :545.	confirmed
src/observer/ob_uniq_task_queue.h	ObUniqTaskQueue::diagnose_processing_task	line 538: OB_TMP_FAIL (plan definition)	IGNORED	if ob_fail!(tmp_ret = tasks.push_back(task)) {} else { add_cnt += 1; } as written, with the call as the declaration index gives it (RULEBOOK 2.1, the tmp_ret row; s2-errors.md 2.3 table). The code dies in the variable.	sweep: tmp-ret.tsv:411 (data row 410). Created: src/observer/ob_uniq_task_queue.h:538 puts the code of push_back on the caller array (an ObIArray<Task> &, :526, reserved at :530) into tmp_ret, for each processing task that needs a diagnosis, under the lock of :533. Tested: never against a named code; the failing branch is empty and the task is not counted, so the FOREACH_X of :534 goes on and the next push_back overwrites tmp_ret. diagnose_processing_task returns ret, the reserve result, at :545.	confirmed
src/observer/ob_uniq_task_queue.h	ObUniqTaskQueue::batch_unlock	line 635: declare tmp_ret (plan definition)	DECLARATION	let mut tmp_ret: ObResult = Ok(()); (RULEBOOK 2.1, the int ret and tmp_ret rows; s2-errors.md 2.2 rule 5).	sweep: tmp-ret.tsv:412 (data row 411). Writers: src/observer/ob_uniq_task_queue.h:639, OB_ERR_UNEXPECTED for a null task (tmp-ret.tsv:413), and :641, processing_task_set_.erase_refactored (tmp-ret.tsv:414). Readers: the log at :640 (K(tmp_ret)), the test at :643 and the merge at :644 (tmp-ret.tsv:415, MERGE_AS_WRITTEN). Declared before the loop of :637, so a round that erases successfully overwrites the previous round code.	confirmed
src/observer/ob_uniq_task_queue.h	ObUniqTaskQueue::batch_unlock	line 639: assign tmp_ret	PASSED_ON	tmp_ret = Err(OB_ERR_UNEXPECTED); (RULEBOOK 2.1, the ret = OB_X row), with the SERVER_LOG WARN of src/observer/ob_uniq_task_queue.h:640 taking the ret in scope (s2-errors.md 2.5 rule 1); kept unless the null test at :638 goes (RULEBOOK section 0: a null test on something that cannot be null in Rust, here the element reference the FOREACH_CNT loop becomes).	sweep: tmp-ret.tsv:413 (data row 412). Created: src/observer/ob_uniq_task_queue.h:639 sets OB_ERR_UNEXPECTED when the FOREACH_CNT element pointer is NULL (:638); FOREACH_CNT points it at each element and sets it NULL only once the loop has ended (src/oblib/lib/utility/ob_macro_utils.h:506-509), so the branch never runs. Tested: never against a named code. Reaches: the merge at ob_uniq_task_queue.h:643-644 (tmp-ret.tsv:415), ret = tmp_ret when ret is still OB_SUCCESS, with no assignment in between; batch_unlock returns ret at :647.	confirmed
src/observer/ob_uniq_task_queue.h	ObUniqTaskQueue::batch_unlock	line 641: assign tmp_ret	PASSED_ON	} else if ob_fail!(tmp_ret = self.processing_task_set_.erase_refactored(task)) {} with its empty branch and the call as the declaration index gives it (RULEBOOK 2.1, the tmp_ret row; s2-errors.md 2.3 table). The merge at src/observer/ob_uniq_task_queue.h:644 is its own row.	sweep: tmp-ret.tsv:414 (data row 413). Created: src/observer/ob_uniq_task_queue.h:641 puts the code of processing_task_set_.erase_refactored, the removal by key of a task that try_lock put in at :622, into tmp_ret. Tested: never against a named code; a miss is not singled out. Reaches: the merge at :643-644 (tmp-ret.tsv:415) when ret is still OB_SUCCESS; the loop of :637 goes on for every task, and batch_unlock returns ret at :647. Its only call, run1 at :494, drops the result in an empty branch.	confirmed
src/observer/ob_uniq_task_queue.h	ObUniqTaskQueue::batch_unlock	line 644: merge into ret	MERGE_AS_WRITTEN	if tmp_ret.is_err() && ret.is_ok() { ret = tmp_ret; } as the C++ writes it (RULEBOOK 2.1: any other merge as the C++ writes it; s2-errors.md 2.4 rule 4; tmp-ret.md section 9, Q2). The function keeps the local-ret form (s2-errors.md 2.3).	sweep: tmp-ret.tsv:415 (data row 414). Guard: common::OB_SUCCESS != tmp_ret && OB_SUCC(ret) at src/observer/ob_uniq_task_queue.h:643, inside the loop of :637; ret starts at OB_SUCCESS (:636), so the merge keeps the first failing task code and the later rounds only test. X: tmp_ret from :639 or :641 (tmp-ret.tsv:413, :414).	confirmed
src/observer/omt/ob_server_runtime_controller.cpp	ObServerRuntimeController::destroy	line 269: declare tmp_ret (plan definition)	DECLARATION	let mut tmp_ret: ObResult = Ok(()); (RULEBOOK 2.1, the int ret and tmp_ret rows; s2-errors.md 2.2 rule 5).	sweep: tmp-ret.tsv:416 (data row 415). Writer: src/observer/omt/ob_server_runtime_controller.cpp:271, delete_usage_stat (tmp-ret.tsv:417). Readers: the test at :272 and the log at :273, LOG_WARN_RET(tmp_ret, ...). destroy returns void.	confirmed
src/observer/omt/ob_server_runtime_controller.cpp	ObServerRuntimeController::destroy	line 271: assign tmp_ret	IGNORED	tmp_ret = <delete_usage_stat() on the disk-report service reached through the context (RULEBOOK 2.8), signature from the declaration index>; then if tmp_ret.is_err() { with the LOG_WARN_RET of src/observer/omt/ob_server_runtime_controller.cpp:273 passing tmp_ret } (RULEBOOK 2.1, the tmp_ret row; s2-errors.md 2.5 rule 1). The code dies in the variable.	sweep: tmp-ret.tsv:417 (data row 416). Created: src/observer/omt/ob_server_runtime_controller.cpp:271 puts the code of ObIDiskReport::delete_usage_stat into tmp_ret, in the part that runs when the slot is not NULL (:270), which adds no clause (tmp-ret.md section 5); the line is also server-service-slots.tsv:115, the lookup of the slot. The interface declares int delete_usage_stat() (src/data_plane/api/data_plane/report/ob_i_disk_report.h:33) and has one implementation, ObDiskUsageReportTask (src/storage/ob_disk_usage_reporter.cpp:189). Tested: only against OB_SUCCESS at ob_server_runtime_controller.cpp:272; the branch logs (:273). Not read again; ObServerRuntimeController::destroy returns void.	confirmed
src/observer/omt/ob_server_runtime_controller.cpp	ObServerRuntimeController::create_runtime	line 364: declare tmp_ret (plan definition)	DECLARATION	let mut tmp_ret: ObResult = Ok(()); (RULEBOOK 2.1, the int ret and tmp_ret rows; s2-errors.md 2.2 rule 5).	sweep: tmp-ret.tsv:418 (data row 417). Writers: src/observer/omt/ob_server_runtime_controller.cpp:414, update_server_config (tmp-ret.tsv:419); the resets at :423 and :438 (tmp-ret.tsv:420, :421); :443, set_ctx_idle (tmp-ret.tsv:422). Readers: the do-while conditions at :435 and :449, and the log at :444. Only codes reach it.	confirmed
src/observer/omt/ob_server_runtime_controller.cpp	ObServerRuntimeController::create_runtime	line 414: OB_TMP_FAIL (plan definition)	IGNORED	if ob_fail!(tmp_ret = self.update_server_config()) {} with its empty branch (RULEBOOK 2.1, the tmp_ret row; s2-errors.md 2.3 table). The code dies in the variable.	sweep: tmp-ret.tsv:419 (data row 418). Created: src/observer/omt/ob_server_runtime_controller.cpp:414 puts the code of update_server_config into tmp_ret; that function never sets an error (its ret is declared at :594 and returned unchanged at :605). Tested: never against a named code; the branch at :414-415 is empty. Overwritten: when ret failed, by the reset at :423 before the loop condition of :435 reads tmp_ret; otherwise not read before create_runtime returns ret at :454.	confirmed
src/observer/omt/ob_server_runtime_controller.cpp	ObServerRuntimeController::create_runtime	line 423: assign tmp_ret	IGNORED	tmp_ret = Ok(()); at the top of the first do-while body, which stays as written: loop { ..; if !tmp_ret.is_err() { break; } } (RULEBOOK section 0, keep the control flow; RULEBOOK 2.1, the ret = OB_SUCCESS row; s2-errors.md 2.4, Example 5 form).	sweep: tmp-ret.tsv:420 (data row 419). The reset at src/observer/omt/ob_server_runtime_controller.cpp:423 clears the code of update_server_config left by :414 (tmp-ret.tsv:419, IGNORED), in the failure branch of :421. The body of :424-433 never writes tmp_ret, so the condition OB_SUCCESS != tmp_ret at :435 is always false and the loop runs once; the cleared code is never tested, stored or merged, so the reset takes IGNORED.	confirmed
src/observer/omt/ob_server_runtime_controller.cpp	ObServerRuntimeController::create_runtime	line 438: assign tmp_ret	RETRY	tmp_ret = Ok(()); at the top of the second do-while body, the loop kept as written: loop { tmp_ret = Ok(()); ..; if !tmp_ret.is_err() { break; } } with its condition evaluated each round (RULEBOOK section 0, keep the control flow; s2-errors.md 2.4 rule 1; s2-errors.md 2.4, Example 5 form).	sweep: tmp-ret.tsv:421 (data row 420). The reset at src/observer/omt/ob_server_runtime_controller.cpp:438 starts each round of the do-while of :437-449; on the first round it clears the OB_SUCCESS that ended the first loop (:435), and on every later round the failed set_ctx_idle code of :443 (tmp-ret.tsv:422, RETRY) that made the condition OB_SUCCESS != tmp_ret at :449 repeat the loop. A reset inside the branch of a retry test takes the value of the code it clears (tmp-ret.md section 5, step 6).	confirmed
src/observer/omt/ob_server_runtime_controller.cpp	ObServerRuntimeController::create_runtime	line 443: assign tmp_ret	RETRY	} else if ob_fail!(tmp_ret = malloc_allocator.set_ctx_idle(ctx_id, 0)) { <the LOG_ERROR of src/observer/omt/ob_server_runtime_controller.cpp:444 with the ret in scope>; <SLEEP(1)> } in the for loop of :440-447, inside the do-while of :437-449, whose condition tmp_ret.is_err() is evaluated each round (RULEBOOK 2.1, the tmp_ret row; RULEBOOK section 0, keep the control flow; s2-errors.md 2.4 rule 1). The call is as the declaration index gives it: RULEBOOK 2.2 drops ctx ids, so whether the core keeps ObMallocAllocator::set_ctx_idle is the core API decision, not this list (tmp-ret.md section 5).	sweep: tmp-ret.tsv:422 (data row 421). Created: src/observer/omt/ob_server_runtime_controller.cpp:443 puts the code of ObMallocAllocator::set_ctx_idle(ctx_id, 0) into tmp_ret for each context whose allocator exists (:441); set_ctx_idle answers OB_ENTRY_NOT_EXIST only when that allocator is NULL (src/oblib/lib/alloc/ob_malloc_allocator.cpp:335-337), which :441 has just excluded. Tested: only against OB_SUCCESS; the failing branch logs and sleeps one second (ob_server_runtime_controller.cpp:444-445; SLEEP is sleep(time), src/oblib/lib/stat/ob_diagnose_info.h:332-337), and when tmp_ret still holds an error after the for loop, the condition OB_SUCCESS != tmp_ret at ob_server_runtime_controller.cpp:449 repeats the whole cleanup, set_ctx_idle on the same contexts included. A failure on a context that is not the last one is overwritten by the next context call (:443), so only a failure that survives to :449 is retried; the reset at :438 (tmp-ret.tsv:421) starts each round.	confirmed
src/observer/omt/ob_server_runtime_controller.cpp	ObServerRuntimeController::update_server_config	line 595: declare tmp_ret (plan definition)	DECLARATION	let mut tmp_ret: ObResult = Ok(()); (RULEBOOK 2.1, the int ret and tmp_ret rows; s2-errors.md 2.2 rule 5).	sweep: tmp-ret.tsv:423 (data row 422). Writers: the OB_TMP_FAIL tests at src/observer/omt/ob_server_runtime_controller.cpp:596, :598, :600 and :602 (tmp-ret.tsv:424-427). Readers: only those tests, whose branches are empty; update_server_config returns ret, which nothing assigns, at :605.	confirmed
src/observer/omt/ob_server_runtime_controller.cpp	ObServerRuntimeController::update_server_config	line 596: OB_TMP_FAIL (plan definition)	IGNORED	if ob_fail!(tmp_ret = self.update_palf_config()) {} with its empty branch (RULEBOOK 2.1, the tmp_ret row; s2-errors.md 2.3 table). The code dies in the variable.	sweep: tmp-ret.tsv:424 (data row 423). Created: src/observer/omt/ob_server_runtime_controller.cpp:596 puts the code of update_palf_config into tmp_ret. Tested: never against a named code; the branch is empty. The code is overwritten by the OB_TMP_FAIL of :598, which always runs next; update_server_config also logs success at :604 whatever happened.	confirmed
src/observer/omt/ob_server_runtime_controller.cpp	ObServerRuntimeController::update_server_config	line 598: OB_TMP_FAIL (plan definition)	IGNORED	if ob_fail!(tmp_ret = self.update_dag_scheduler_config()) {} with its empty branch (RULEBOOK 2.1, the tmp_ret row; s2-errors.md 2.3 table). The code dies in the variable.	sweep: tmp-ret.tsv:425 (data row 424). Created: src/observer/omt/ob_server_runtime_controller.cpp:598 puts the code of update_dag_scheduler_config into tmp_ret. Tested: never against a named code; the branch is empty. The code is overwritten by the OB_TMP_FAIL of :600, which always runs next; update_server_config also logs success at :604 whatever happened.	confirmed
src/observer/omt/ob_server_runtime_controller.cpp	ObServerRuntimeController::update_server_config	line 600: OB_TMP_FAIL (plan definition)	IGNORED	if ob_fail!(tmp_ret = self.update_freezer_config_()) {} with its empty branch (RULEBOOK 2.1, the tmp_ret row; s2-errors.md 2.3 table). The code dies in the variable.	sweep: tmp-ret.tsv:426 (data row 425). Created: src/observer/omt/ob_server_runtime_controller.cpp:600 puts the code of update_freezer_config_ into tmp_ret. Tested: never against a named code; the branch is empty. The code is overwritten by the OB_TMP_FAIL of :602, which always runs next; update_server_config also logs success at :604 whatever happened.	confirmed
src/observer/omt/ob_server_runtime_controller.cpp	ObServerRuntimeController::update_server_config	line 602: OB_TMP_FAIL (plan definition)	IGNORED	if ob_fail!(tmp_ret = self.update_throttle_config_()) {} with its empty branch (RULEBOOK 2.1, the tmp_ret row; s2-errors.md 2.3 table). The code dies in the variable.	sweep: tmp-ret.tsv:427 (data row 426). Created: src/observer/omt/ob_server_runtime_controller.cpp:602 puts the code of update_throttle_config_ into tmp_ret. Tested: never against a named code; the branch is empty. The code is not read before update_server_config returns ret, which nothing assigns, at :605; update_server_config also logs success at :604 whatever happened.	confirmed
src/observer/omt/ob_server_runtime_controller.cpp	ObServerRuntimeController::refresh_server_config_	line 941: declare tmp_ret (plan definition)	DECLARATION	let mut tmp_ret: ObResult = Ok(()); (RULEBOOK 2.1, the int ret and tmp_ret rows; s2-errors.md 2.2 rule 5).	sweep: tmp-ret.tsv:428 (data row 427). Writer: src/observer/omt/ob_server_runtime_controller.cpp:942, update_memory_limit on the log allocator manager (tmp-ret.tsv:429). Reader: only the test on that line, whose branch is empty. refresh_server_config_ returns ret at :947.	confirmed
src/observer/omt/ob_server_runtime_controller.cpp	ObServerRuntimeController::refresh_server_config_	line 942: assign tmp_ret	IGNORED	if ob_fail!(tmp_ret = <LOG_ALLOCATOR_MGR_INSTANCE.update_memory_limit(runtime_config), the log allocator manager reached as the design gives it (RULEBOOK 2.8), signature from the declaration index>) {} with its empty branch (RULEBOOK 2.1, the tmp_ret row; s2-errors.md 2.3 table). The code dies in the variable.	sweep: tmp-ret.tsv:429 (data row 428). Created: src/observer/omt/ob_server_runtime_controller.cpp:942 puts the code of ObLogAllocatorMgr::update_memory_limit (src/logservice/ob_log_allocator_mgr.cpp:157, whose paths include OB_NOT_INIT at :161-162) into tmp_ret, after the resource refresh whatever its result. Tested: never against a named code; the branch at ob_server_runtime_controller.cpp:942-943 is empty. Not read again; refresh_server_config_ returns ret at :947.	confirmed
src/observer/omt/ob_server_runtime_controller.cpp	ObServer::obs_init_modules	line 1395: merge OB_ERR_UNEXPECTED into ret through if (OB_SUCC(ret)) (continue-and-record through another variable)	MERGE_AS_WRITTEN	if ret.is_ok() { ret = Err(OB_ERR_UNEXPECTED); } as the C++ writes it (RULEBOOK 2.1: any other merge as the C++ writes it; tmp-ret.md section 9, Q2); kept unless the null test at src/observer/omt/ob_server_runtime_controller.cpp:1391 goes (server-service-slots.tsv:222), without which ret always holds the init error here and the assignment never runs. The function keeps the local-ret form (s2-errors.md 2.3).	sweep: tmp-ret.tsv:430 (data row 429). Guard: the branch of src/observer/omt/ob_server_runtime_controller.cpp:1390-1393, taken when ret succeeded and either the session manager slot is NULL (:1391, server-service-slots.tsv:222) or ObTableLockService::server_module_init failed, then OB_SUCC(ret) at :1394. X: the constant OB_ERR_UNEXPECTED (the continue-and-record idiom through a code constant): it reaches ret only on the NULL slot, since a failed init leaves its error in ret, which the guard keeps. The log at :1397 follows; the later init steps (:1399 onward) skip on the error.	confirmed
src/observer/schema/ob_schema_service_sql_impl.cpp	ObSchemaServiceSQLImpl::get_ori_schema_version	line 4936: declare tmp_ret (plan definition)	DECLARATION	let mut tmp_ret: ObResult = Ok(()); (RULEBOOK 2.1, the int ret and tmp_ret rows; s2-errors.md 2.2 rule 5). Core unit (core-manifest.tsv:325): this form where the core keeps the function (RULEBOOK section 0).	sweep: tmp-ret.tsv:431 (data row 430). Writer: src/observer/schema/ob_schema_service_sql_impl.cpp:4939, result->next() (tmp-ret.tsv:432). Readers: the test against OB_ITER_END on that line (ret-compare.tsv:684) and the merge at :4940 (tmp-ret.tsv:433, MERGE_AND). The line is in the core unit range src/observer/schema/ob_schema_service_sql_impl.cpp:4287-6464 of core-manifest.tsv:325.	confirmed
src/observer/schema/ob_schema_service_sql_impl.cpp	ObSchemaServiceSQLImpl::get_ori_schema_version	line 4939: assign tmp_ret	END_OF_DATA	} else if { tmp_ret = result.next(); !matches!(tmp_ret, Err(OB_ITER_END)) } { (RULEBOOK 2.1, the row on a test on an assignment; s2-errors.md 2.3 table), then the merge of src/observer/schema/ob_schema_service_sql_impl.cpp:4940 (its own row). The code stays Err(OB_ITER_END), never an Option or a bool, and the result iterator keeps it at its boundary (s2-errors.md 2.4 rules 1 and 2; ARCHITECTURE.md section 17, default 6). Core unit (core-manifest.tsv:325): this form where the core keeps the function (RULEBOOK section 0).	sweep: tmp-ret.tsv:432 (data row 431). Producer: result->next() on the inner-SQL result of the read at src/observer/schema/ob_schema_service_sql_impl.cpp:4930 (SELECT ori_schema_version FROM the ori schema version table WHERE table_id = .., :4927-4928), whose first row :4933 consumed. Test: the same line against OB_ITER_END (ret-compare.tsv:684, the same line: same producer, same Rust). OB_ITER_END (a single row) ends the chain with ret at OB_SUCCESS; a second row (OB_SUCCESS) or an error of next() reaches the merge at :4940 (tmp-ret.tsv:433), which reports OB_ERR_UNEXPECTED for the second row and the error otherwise. get_ori_schema_version returns ret at :4945.	confirmed
src/observer/schema/ob_schema_service_sql_impl.cpp	ObSchemaServiceSQLImpl::get_ori_schema_version	line 4940: merge into ret	MERGE_AND	ret = tmp_ret.and(Err(OB_ERR_UNEXPECTED)); (RULEBOOK 2.1, the COVER_SUCC row: a merge meaning a unless a is success, then b is a.and(b); s2-errors.md 2.3 table, 2.4 rule 4). The function keeps the local-ret form (s2-errors.md 2.3). Core unit (core-manifest.tsv:325): this form where the core keeps the function (RULEBOOK section 0).	sweep: tmp-ret.tsv:433 (data row 432). Shape: the condition OB_SUCCESS == tmp_ret tests only tmp_ret; the value is the constant OB_ERR_UNEXPECTED when tmp_ret succeeded and tmp_ret otherwise: a = tmp_ret, b = Err(OB_ERR_UNEXPECTED). a: set at src/observer/schema/ob_schema_service_sql_impl.cpp:4939 by result->next() and not OB_ITER_END inside that branch (tmp-ret.tsv:432). ret: the branch is reached only when the extraction of :4935 succeeded, since a failed extraction leaves ori_schema_version at OB_INVALID_VERSION (:4914) and takes the branch of :4937, so ret is OB_SUCCESS and the merge overwrites it; get_ori_schema_version returns ret at :4945.	confirmed
src/observer/schema/ob_schema_service_sql_impl.cpp	ObSchemaServiceSQLImpl::get_schema_version_by_timestamp	line 5285: merge OB_ERR_UNEXPECTED into ret (continue-and-record through another variable)	MERGE_AND	ret = ret.and(Err(OB_ERR_UNEXPECTED)); (RULEBOOK 2.1, the COVER_SUCC row; s2-errors.md 2.3 table, 2.4 rule 4), in the else branch of src/observer/schema/ob_schema_service_sql_impl.cpp:5284. The function keeps the local-ret form (s2-errors.md 2.3). Core unit (core-manifest.tsv:325): this form where the core keeps the function (RULEBOOK section 0).	sweep: tmp-ret.tsv:434 (data row 433). Shape: the condition OB_SUCC(ret) tests only ret; the value is the constant OB_ERR_UNEXPECTED when ret succeeded and ret otherwise: a = ret, b = Err(OB_ERR_UNEXPECTED) (the continue-and-record idiom through a code constant). a: the loop of src/observer/schema/ob_schema_service_sql_impl.cpp:5261 ends only when ret fails, and the else of :5275 excludes OB_ITER_END, so ret always holds an error here (an error of next(), the OB_ERR_UNEXPECTED of :5263, or the get_int error that EXTRACT_INT_FIELD_MYSQL_SKIP_RET at :5266 leaves in ret for any code other than OB_ERR_NULL_VALUE and OB_ERR_COLUMN_NOT_FOUND, src/oblib/common/mysqlclient/ob_mysql_result.h:230-241) and the merge keeps it. get_schema_version_by_timestamp returns ret at :5291.	confirmed
src/observer/vector_index/ob_hybrid_vector_refresh_task.cpp	ObHybridVectorRefreshTask::delete_embedded_table	line 759: declare tmp_ret (plan definition)	DECLARATION	let mut tmp_ret: ObResult = Ok(()); (RULEBOOK 2.1, the int ret and tmp_ret rows; s2-errors.md 2.2 rule 5).	sweep: tmp-ret.tsv:435 (data row 434). Declared in the OB_NOT_NULL(tsc_service) block of src/observer/vector_index/ob_hybrid_vector_refresh_task.cpp:758-766. Writer: :761, revert_scan_iter (tmp-ret.tsv:436). Reader: :762, a test against OB_SUCCESS with an empty branch.	confirmed
src/observer/vector_index/ob_hybrid_vector_refresh_task.cpp	ObHybridVectorRefreshTask::delete_embedded_table	line 761: assign tmp_ret	IGNORED	tmp_ret = tsc_service.revert_scan_iter(scan_iter); with the call as the declaration index gives it, then if tmp_ret.is_err() {} for the empty branch of src/observer/vector_index/ob_hybrid_vector_refresh_task.cpp:762-763 (RULEBOOK 2.1, the tmp_ret row). The code dies in the variable.	sweep: tmp-ret.tsv:436 (data row 435). Created: src/observer/vector_index/ob_hybrid_vector_refresh_task.cpp:761 hands the scan iterator back to the access service (tsc_service, the ObAccessService of :711) and puts the code into tmp_ret, in the part that runs when the slot is not NULL (:758), which adds no clause (tmp-ret.md section 5). ObAccessService::revert_scan_iter frees the iterator and fails only with the OB_NOT_INIT of its init check (src/storage/tx_storage/ob_access_service.cpp:1404-1422, the check at :1408-1409). Tested: only against OB_SUCCESS at ob_hybrid_vector_refresh_task.cpp:762, with an empty branch. Not read again; scan_iter is cleared at :765 and the block ends at :766.	confirmed
src/observer/vector_index/ob_hybrid_vector_refresh_task.cpp	ObHybridVectorRefreshTask::after_embedding	line 923: declare tmp_ret (plan definition)	DECLARATION	let mut tmp_ret: ObResult = Ok(()); (RULEBOOK 2.1, the int ret and tmp_ret rows; s2-errors.md 2.2 rule 5).	sweep: tmp-ret.tsv:437 (data row 436). Declared after the embedded-table read of src/observer/vector_index/ob_hybrid_vector_refresh_task.cpp:897-921, inside the HEAP_VARS_2 block of :892-930. Writer: :925, revert_scan_iter (tmp-ret.tsv:438). Reader: :926, a test against OB_SUCCESS with an empty branch.	confirmed
src/observer/vector_index/ob_hybrid_vector_refresh_task.cpp	ObHybridVectorRefreshTask::after_embedding	line 925: assign tmp_ret	IGNORED	tmp_ret = oas.revert_scan_iter(embedded_scan_iter); with the call as the declaration index gives it, then if tmp_ret.is_err() {} for the empty branch of src/observer/vector_index/ob_hybrid_vector_refresh_task.cpp:926-927 (RULEBOOK 2.1, the tmp_ret row). The code dies in the variable.	sweep: tmp-ret.tsv:438 (data row 437). Created: src/observer/vector_index/ob_hybrid_vector_refresh_task.cpp:925 hands the embedded-table scan iterator back to the access service (oas, the ObAccessService of :801) and puts the code into tmp_ret, in the part that runs when oas and the iterator are not NULL (:924). ObAccessService::revert_scan_iter frees the iterator and fails only with the OB_NOT_INIT of its init check (src/storage/tx_storage/ob_access_service.cpp:1404-1422, the check at :1408-1409). Tested: only against OB_SUCCESS at ob_hybrid_vector_refresh_task.cpp:926, with an empty branch. Not read again; the iterator is cleared at :928 and the block ends at :930.	confirmed
src/observer/vector_index/ob_hybrid_vector_refresh_task.cpp	ObHybridVectorRefreshTask::after_embedding	line 936: declare tmp_ret (plan definition)	DECLARATION	let mut tmp_ret: ObResult = Ok(()); (RULEBOOK 2.1, the int ret and tmp_ret rows; s2-errors.md 2.2 rule 5).	sweep: tmp-ret.tsv:439 (data row 438). Declared in the OB_NOT_NULL(tsc_service) block of src/observer/vector_index/ob_hybrid_vector_refresh_task.cpp:935-943. Writer: :938, revert_scan_iter (tmp-ret.tsv:440). Reader: :939, a test against OB_SUCCESS with an empty branch.	confirmed
src/observer/vector_index/ob_hybrid_vector_refresh_task.cpp	ObHybridVectorRefreshTask::after_embedding	line 938: assign tmp_ret	IGNORED	tmp_ret = tsc_service.revert_scan_iter(vid_rowkey_iter); with the call as the declaration index gives it, then if tmp_ret.is_err() {} for the empty branch of src/observer/vector_index/ob_hybrid_vector_refresh_task.cpp:939-940 (RULEBOOK 2.1, the tmp_ret row). The code dies in the variable.	sweep: tmp-ret.tsv:440 (data row 439). Created: src/observer/vector_index/ob_hybrid_vector_refresh_task.cpp:938 hands the vid-rowkey scan iterator back to the access service (tsc_service, the ObAccessService of :802) and puts the code into tmp_ret, in the part that runs when the slot is not NULL (:935). ObAccessService::revert_scan_iter frees the iterator and fails only with the OB_NOT_INIT of its init check (src/storage/tx_storage/ob_access_service.cpp:1404-1422, the check at :1408-1409). Tested: only against OB_SUCCESS at ob_hybrid_vector_refresh_task.cpp:939, with an empty branch. Not read again; the iterator is cleared at :942 and the block ends at :943.	confirmed
src/observer/vector_index/ob_hybrid_vector_refresh_task.cpp	ObHybridVectorRefreshTask::after_embedding	line 964: declare tmp_ret (plan definition)	DECLARATION	let mut tmp_ret: ObResult = Ok(()); (RULEBOOK 2.1, the int ret and tmp_ret rows; s2-errors.md 2.2 rule 5).	sweep: tmp-ret.tsv:441 (data row 440). Writer: src/observer/vector_index/ob_hybrid_vector_refresh_task.cpp:966, end_trans (tmp-ret.tsv:442). Readers: the test on that line and the merge at :967 (tmp-ret.tsv:443, MERGE_AS_WRITTEN).	confirmed
src/observer/vector_index/ob_hybrid_vector_refresh_task.cpp	ObHybridVectorRefreshTask::after_embedding	line 966: assign tmp_ret	PASSED_ON	if <the OB_NOT_NULL(tx_desc) and trans_start tests> && ob_fail!(tmp_ret = <ObInsertLobColumnHelper::end_trans(tx_desc, ret.is_err(), timeout_us), signature from the declaration index>) { (RULEBOOK 2.1, the tmp_ret row; s2-errors.md 2.3 table: the ret != OB_SUCCESS argument is ret.is_err()). The merge at src/observer/vector_index/ob_hybrid_vector_refresh_task.cpp:967 is its own row.	sweep: tmp-ret.tsv:442 (data row 441). Created: src/observer/vector_index/ob_hybrid_vector_refresh_task.cpp:966 puts the code of ObInsertLobColumnHelper::end_trans, which commits or rolls back by whether ret failed, into tmp_ret when a transaction was started. Tested: only against OB_SUCCESS. Reaches: ret = tmp_ret at :967 (tmp-ret.tsv:443), the next statement, then the log at :968; after_embedding returns ret.	confirmed
src/observer/vector_index/ob_hybrid_vector_refresh_task.cpp	ObHybridVectorRefreshTask::after_embedding	line 967: merge into ret	MERGE_AS_WRITTEN	ret = tmp_ret; as the C++ writes it, inside the test of src/observer/vector_index/ob_hybrid_vector_refresh_task.cpp:966 (RULEBOOK 2.1: any other merge as the C++ writes it; s2-errors.md 2.4 rule 4). The function keeps the local-ret form (s2-errors.md 2.3).	sweep: tmp-ret.tsv:443 (data row 442). Guard: the failing end_trans test at src/observer/vector_index/ob_hybrid_vector_refresh_task.cpp:966. ret can already hold an error there (end_trans is told to roll back because of it), and the merge overwrites it with the end_trans error. X: tmp_ret from :966 (tmp-ret.tsv:442). Then :970 tests ret before the status update of :973-974.	confirmed
src/observer/vector_index/ob_ivf_async_task_executor.cpp	ObIvfAsyncTaskExector::generate_aux_table_info_map	line 350: declare tmp_ret (plan definition)	DECLARATION	let mut tmp_ret: ObResult = Ok(()); (RULEBOOK 2.1, the int ret and tmp_ret rows; s2-errors.md 2.2 rule 5).	sweep: tmp-ret.tsv:444 (data row 443). Declared in the failure branch of src/observer/vector_index/ob_ivf_async_task_executor.cpp:348. Writer: :351, erase_refactored (tmp-ret.tsv:445). Reader: :352, the test against OB_HASH_NOT_EXIST (ret-compare.tsv:707).	confirmed
src/observer/vector_index/ob_ivf_async_task_executor.cpp	ObIvfAsyncTaskExector::generate_aux_table_info_map	line 351: OB_TMP_FAIL (plan definition)	LOOKUP_OUTCOME	if ob_fail!(tmp_ret = aux_table_info_map.erase_refactored(&key)) { if !matches!(tmp_ret, Err(OB_HASH_NOT_EXIST)) {} } with both branches empty as written (RULEBOOK 2.1, the tmp_ret row and OB_X == tmp_ret as matches!; s2-errors.md 2.3 table: empty branches stay). The map port keeps OB_HASH_NOT_EXIST at its boundary (s2-errors.md 2.4 rule 2; RULEBOOK 2.5, the ObHashMap row).	sweep: tmp-ret.tsv:445 (data row 444). Producer: src/observer/vector_index/ob_ivf_async_task_executor.cpp:351, erase_refactored(key) on aux_table_info_map, an ObIvfAuxTableInfoMap, that is hash::ObHashMap<ObIvfAuxKey, ObIvfAuxTableInfo, hash::NoPthreadDefendMode> (src/observer/vector_index/ob_ivf_async_task_executor.h:73-74), removing the entry under the key built at :332 after a failure of the lookup at :333-334 or of :342-345. Test: ob_ivf_async_task_executor.cpp:352 against OB_HASH_NOT_EXIST (ret-compare.tsv:707): a miss and any other code both reach empty branches. Where the codes go: nowhere; tmp_ret leaves scope at :355, and the function returns the earlier error in ret at :359.	confirmed
src/observer/vector_index/ob_plugin_vector_index_adaptor.cpp	ObPluginVectorIndexAdaptor::complete_index_mem_data_incremental	line 2912: declare tmp_ret	IGNORED	let tmp_ret: ObResult = tsc_service.revert_scan_iter(incr_iter); with the call as the declaration index gives it, then if tmp_ret.is_err() {} for the empty branch of src/observer/vector_index/ob_plugin_vector_index_adaptor.cpp:2913-2914 (RULEBOOK 2.1, the tmp_ret row). The code dies in the variable.	sweep: tmp-ret.tsv:446 (data row 445). Created: src/observer/vector_index/ob_plugin_vector_index_adaptor.cpp:2912 hands the iterator incr_iter back to the access service (tsc_service, the ObAccessService of :2732) and puts the code into tmp_ret, in the part that runs when incr_iter and the slot are not NULL (:2911), which adds no clause (tmp-ret.md section 5). ObAccessService::revert_scan_iter frees the iterator and fails only with the OB_NOT_INIT of its init check (src/storage/tx_storage/ob_access_service.cpp:1404-1422, the check at :1408-1409). Tested: only against OB_SUCCESS at ob_plugin_vector_index_adaptor.cpp:2913, with an empty branch. Not read again; the block ends at :2915 and complete_index_mem_data_incremental returns ret at :2917.	confirmed
src/observer/vector_index/ob_plugin_vector_index_adaptor.cpp	ObPluginVectorIndexAdaptor::query_result	line 3971: declare tmp_ret (plan definition)	DECLARATION	let mut tmp_ret: ObResult = Ok(()); (RULEBOOK 2.1, the int ret and tmp_ret rows; s2-errors.md 2.2 rule 5).	sweep: tmp-ret.tsv:447 (data row 446). Writer: src/observer/vector_index/ob_plugin_vector_index_adaptor.cpp:3973, check_if_need_optimize(ctx) (tmp-ret.tsv:448). Reader: only the test on that line, whose branch is empty. query_result returns ret at :3976.	confirmed
src/observer/vector_index/ob_plugin_vector_index_adaptor.cpp	ObPluginVectorIndexAdaptor::query_result	line 3973: assign tmp_ret	IGNORED	} else if ob_fail!(tmp_ret = self.check_if_need_optimize(ctx)) {} with its empty branch: the spelling (tmp_ret = x) != OB_SUCCESS takes the ob_fail! form (RULEBOOK 2.1, the tmp_ret row; s2-errors.md 2.3 table). The code dies in the variable.	sweep: tmp-ret.tsv:448 (data row 447). Created: src/observer/vector_index/ob_plugin_vector_index_adaptor.cpp:3973 puts the code of check_if_need_optimize(ctx) into tmp_ret unless the query is refreshing (:3972). Tested: never against a named code; the branch at :3973-3974 is empty. Not read again; query_result returns ret at :3976.	confirmed
src/observer/vector_index/ob_plugin_vector_index_adaptor.cpp	ObPluginVectorIndexAdaptor::check_need_sync_to_follower_or_do_opt_task	line 4377: declare tmp_ret (plan definition)	DECLARATION	let mut tmp_ret: ObResult = Ok(()); (RULEBOOK 2.1, the int ret and tmp_ret rows; s2-errors.md 2.2 rule 5).	sweep: tmp-ret.tsv:449 (data row 448). Writer: src/observer/vector_index/ob_plugin_vector_index_adaptor.cpp:4378, check_if_need_optimize() (tmp-ret.tsv:450). Reader: only the test on that line, whose branch is empty.	confirmed
src/observer/vector_index/ob_plugin_vector_index_adaptor.cpp	ObPluginVectorIndexAdaptor::check_need_sync_to_follower_or_do_opt_task	line 4378: OB_TMP_FAIL (plan definition)	IGNORED	if ob_fail!(tmp_ret = self.check_if_need_optimize()) {} with its empty branch (RULEBOOK 2.1, the tmp_ret row; s2-errors.md 2.3 table). The code dies in the variable.	sweep: tmp-ret.tsv:450 (data row 449). Created: src/observer/vector_index/ob_plugin_vector_index_adaptor.cpp:4378 puts the code of check_if_need_optimize() into tmp_ret. Tested: never against a named code; the branch at :4378-4379 is empty. Not read again; check_need_sync_to_follower_or_do_opt_task returns ret at :4381.	confirmed
src/observer/vector_index/ob_plugin_vector_index_scheduler.cpp	ObPluginVectorIndexLoadScheduler::reload_runtime_task	line 519: declare tmp_ret (plan definition)	DECLARATION	let mut tmp_ret: ObResult = Ok(()); (RULEBOOK 2.1, the int ret and tmp_ret rows; s2-errors.md 2.2 rule 5).	sweep: tmp-ret.tsv:451 (data row 450). Writer: src/observer/vector_index/ob_plugin_vector_index_scheduler.cpp:521, check_and_load_task_executors (tmp-ret.tsv:452). Reader: only the test on that line. reload_runtime_task returns ret at :524.	confirmed
src/observer/vector_index/ob_plugin_vector_index_scheduler.cpp	ObPluginVectorIndexLoadScheduler::reload_runtime_task	line 521: OB_TMP_FAIL (plan definition)	IGNORED	} else if ob_fail!(tmp_ret = self.check_and_load_task_executors(has_ivf_index)) {} with its empty branch (RULEBOOK 2.1, the tmp_ret row; s2-errors.md 2.3 table). The code dies in the variable.	sweep: tmp-ret.tsv:452 (data row 451). Created: src/observer/vector_index/ob_plugin_vector_index_scheduler.cpp:521 puts the code of check_and_load_task_executors into tmp_ret unless the scheduler is stopped or not the leader (:520). Tested: never against a named code; the branch at :521-522 is empty. Not read again; reload_runtime_task returns ret at :524.	confirmed
src/observer/vector_index/ob_plugin_vector_index_scheduler.cpp	ObPluginVectorIndexLoadScheduler::check_and_execute_tasks	line 971: declare tmp_ret (plan definition)	DECLARATION	let mut tmp_ret: ObResult = Ok(()); (RULEBOOK 2.1, the int ret and tmp_ret rows; s2-errors.md 2.2 rule 5).	sweep: tmp-ret.tsv:453 (data row 452). Writer: src/observer/vector_index/ob_plugin_vector_index_scheduler.cpp:973, start_task_executors (tmp-ret.tsv:454). Reader: only the test on that line. (tmp-ret.md section 12 gives this row the same value.)	confirmed
src/observer/vector_index/ob_plugin_vector_index_scheduler.cpp	ObPluginVectorIndexLoadScheduler::check_and_execute_tasks	line 973: OB_TMP_FAIL (plan definition)	IGNORED	} else if ob_fail!(tmp_ret = self.start_task_executors()) {} with its empty branch (RULEBOOK 2.1, the tmp_ret row; s2-errors.md 2.3 table). The code dies in the variable.	sweep: tmp-ret.tsv:454 (data row 453). Created: src/observer/vector_index/ob_plugin_vector_index_scheduler.cpp:973 puts the code of start_task_executors into tmp_ret unless the scheduler is stopped or not the leader (:972). Tested: never against a named code; the branch at :973-974 is empty. Not read again: check_and_execute_tasks goes on with ret alone (:976-988) and returns it at :990.	confirmed
src/observer/vector_index/ob_plugin_vector_index_scheduler.cpp	ObPluginVectorIndexLoadScheduler::run_task	line 1015: declare tmp_ret (plan definition)	DECLARATION	let mut tmp_ret: ObResult = Ok(()); (RULEBOOK 2.1, the int ret and tmp_ret rows; s2-errors.md 2.2 rule 5).	sweep: tmp-ret.tsv:455 (data row 454). Declared in the leader-switch branch of src/observer/vector_index/ob_plugin_vector_index_scheduler.cpp:1013-1020. Writer: :1018, resume_task_executors (tmp-ret.tsv:456). Reader: only the test on that line. run_task returns void.	confirmed
src/observer/vector_index/ob_plugin_vector_index_scheduler.cpp	ObPluginVectorIndexLoadScheduler::run_task	line 1018: OB_TMP_FAIL (plan definition)	IGNORED	} else if ob_fail!(tmp_ret = self.resume_task_executors()) {} with its empty branch (RULEBOOK 2.1, the tmp_ret row; s2-errors.md 2.3 table). The code dies in the variable.	sweep: tmp-ret.tsv:456 (data row 455). Created: src/observer/vector_index/ob_plugin_vector_index_scheduler.cpp:1018 puts the code of resume_task_executors (:993-1000) into tmp_ret after a leader switch (:1013). Tested: never against a named code; the branch at :1018-1019 is empty. Not read again; the branch ends at :1020 and run_task returns void.	confirmed
src/observer/vector_index/ob_plugin_vector_index_service.cpp	ObPluginVectorIndexMgr::replace_old_adapter	line 1141: declare tmp_ret	LOOKUP_OUTCOME	let mut tmp_ret: ObResult = self.complete_index_adpt_map_.get_refactored(new_adapter.get_inc_tablet_id(), &mut old_adapter); with the call as the declaration index gives it, then the C++ tests as written: if matches!(tmp_ret, Err(OB_HASH_NOT_EXIST)) { tmp_ret = Ok(()); old_adapter = None; } and if ob_fail!(ret = tmp_ret) { ret = tmp_ret; } for the hidden merge of src/observer/vector_index/ob_plugin_vector_index_service.cpp:1146 (RULEBOOK 2.1: a code used as a value is tested and reset at the same place, and the OB_FAIL(x) row). The map port keeps OB_HASH_NOT_EXIST at its boundary (s2-errors.md 2.4 rule 2; RULEBOOK 2.5, the ObHashMap row).	sweep: tmp-ret.tsv:457 (data row 456). Created: src/observer/vector_index/ob_plugin_vector_index_service.cpp:1141 puts the code of get_refactored on complete_index_adpt_map_ into tmp_ret, a lookup by the incremental tablet id; the map is a VectorIndexAdaptorMap, common::hash::ObHashMap<common::ObTabletID, ObPluginVectorIndexAdaptor*> (src/observer/vector_index/ob_plugin_vector_index_scheduler.h:442; member at src/observer/vector_index/ob_plugin_vector_index_service.h:251). Tested: ob_plugin_vector_index_service.cpp:1142 against OB_HASH_NOT_EXIST (ret-compare.tsv:769); a miss resets tmp_ret at :1143 (tmp-ret.tsv:458) and clears old_adapter at :1144. Other codes reach :1146, OB_FAIL(tmp_ret), a hidden merge that assigns ret = tmp_ret (src/oblib/lib/utility/ob_macro_utils.h:655) and that no sweep list holds (tmp-ret.md section 10), then ret = tmp_ret at ob_plugin_vector_index_service.cpp:1147 (tmp-ret.tsv:459).	confirmed
src/observer/vector_index/ob_plugin_vector_index_service.cpp	ObPluginVectorIndexMgr::replace_old_adapter	line 1143: assign tmp_ret	LOOKUP_OUTCOME	tmp_ret = Ok(()); inside if matches!(tmp_ret, Err(OB_HASH_NOT_EXIST)) { at the C++ place, followed by old_adapter = None; (RULEBOOK 2.1: resets written as the C++ writes them; s2-errors.md 2.4 rule 1).	sweep: tmp-ret.tsv:458 (data row 457). The reset at src/observer/vector_index/ob_plugin_vector_index_service.cpp:1143 clears the OB_HASH_NOT_EXIST of the map lookup of :1141 (tmp-ret.tsv:457), tested at :1142 (ret-compare.tsv:769): no adapter is registered for the tablet yet, so there is nothing to inherit from and the replacement goes on (:1148, :1152-1158). A reset inside the branch of a lookup test takes the value of the code it clears (tmp-ret.md section 5, step 6).	confirmed
src/observer/vector_index/ob_plugin_vector_index_service.cpp	ObPluginVectorIndexMgr::replace_old_adapter	line 1147: merge into ret	MERGE_AS_WRITTEN	ret = tmp_ret; as the C++ writes it, inside if ob_fail!(ret = tmp_ret) {, the hidden merge of src/observer/vector_index/ob_plugin_vector_index_service.cpp:1146, whose assignment of ret stays (RULEBOOK 2.1: any other merge as the C++ writes it, and the OB_FAIL(x) row; s2-errors.md 2.4 rule 4). The function keeps the local-ret form (s2-errors.md 2.3).	sweep: tmp-ret.tsv:459 (data row 458). Guard: OB_FAIL(tmp_ret) at src/observer/vector_index/ob_plugin_vector_index_service.cpp:1146, which already assigns ret = tmp_ret (src/oblib/lib/utility/ob_macro_utils.h:655), so :1147 assigns the same code again; ret held 0 before (it is declared int ret = 0 at ob_plugin_vector_index_service.cpp:1135 and the branch of :1138 runs only when new_adapter is not null). X: tmp_ret after the miss reset of :1143, so a lookup error other than OB_HASH_NOT_EXIST. The hidden merge of :1146 is one of the lines no sweep list holds (tmp-ret.md section 10).	confirmed
src/observer/vector_index/ob_plugin_vector_index_util.cpp	ObPluginVectorIndexHelper::sort_merge_delta_and_snap_vids	line 466: declare tmp_ret	LOOKUP_OUTCOME	let tmp_ret: ObResult = vid_hash_set.exist_refactored(&first.vids_[i]); (let without mut: nothing assigns it after the declaration; RULEBOOK 2.1, the int ret and tmp_ret rows), then the C++ chain as written: if matches!(tmp_ret, Err(OB_HASH_EXIST)) { i += 1; } else if matches!(tmp_ret, Err(OB_HASH_NOT_EXIST)) { .. } else {} (RULEBOOK 2.1: OB_X == tmp_ret is matches!; s2-errors.md 2.3 table). The set port keeps OB_HASH_EXIST and OB_HASH_NOT_EXIST at its boundary (s2-errors.md 2.4 rule 2; RULEBOOK 2.5, the ObHashMap row).	sweep: tmp-ret.tsv:460 (data row 459). Producer: src/observer/vector_index/ob_plugin_vector_index_util.cpp:466, exist_refactored(first.vids_[i]) on vid_hash_set, a common::hash::ObHashSet<int64_t> created at :461 (declared at :460); ObHashSet::exist_refactored turns a hit into OB_HASH_EXIST and passes a miss on as OB_HASH_NOT_EXIST (src/oblib/lib/hash/ob_hashset.h:157-166). Tests: ob_plugin_vector_index_util.cpp:467 against OB_HASH_EXIST (ret-compare.tsv:781), a duplicate vid that is skipped by advancing i, and :469 against OB_HASH_NOT_EXIST (ret-compare.tsv:782), a new vid that is inserted and copied to the result. Any other code, OB_NOT_INIT or a hash failure (src/oblib/lib/hash/ob_hashtable.h:1133-1137), takes the empty else, which advances neither index while ret stays OB_SUCCESS. Where the codes go: nowhere; tmp_ret is not read after the chain and leaves scope with the loop body.	confirmed
src/observer/vector_index/ob_plugin_vector_index_util.cpp	ObPluginVectorIndexHelper::sort_merge_delta_and_snap_vids	line 482: declare tmp_ret	LOOKUP_OUTCOME	let tmp_ret: ObResult = vid_hash_set.exist_refactored(&second.vids_[j]); (let without mut: nothing assigns it after the declaration; RULEBOOK 2.1, the int ret and tmp_ret rows), then the C++ chain as written: if matches!(tmp_ret, Err(OB_HASH_EXIST)) { j += 1; } else if matches!(tmp_ret, Err(OB_HASH_NOT_EXIST)) { .. } else {} (RULEBOOK 2.1: OB_X == tmp_ret is matches!; s2-errors.md 2.3 table). The set port keeps OB_HASH_EXIST and OB_HASH_NOT_EXIST at its boundary (s2-errors.md 2.4 rule 2; RULEBOOK 2.5, the ObHashMap row).	sweep: tmp-ret.tsv:461 (data row 460). Producer: src/observer/vector_index/ob_plugin_vector_index_util.cpp:482, exist_refactored(second.vids_[j]) on vid_hash_set, a common::hash::ObHashSet<int64_t> created at :461 (declared at :460); ObHashSet::exist_refactored turns a hit into OB_HASH_EXIST and passes a miss on as OB_HASH_NOT_EXIST (src/oblib/lib/hash/ob_hashset.h:157-166). Tests: ob_plugin_vector_index_util.cpp:483 against OB_HASH_EXIST (ret-compare.tsv:783), a duplicate vid that is skipped by advancing j, and :485 against OB_HASH_NOT_EXIST (ret-compare.tsv:784), a new vid that is inserted and copied to the result. Any other code, OB_NOT_INIT or a hash failure (src/oblib/lib/hash/ob_hashtable.h:1133-1137), takes the empty else, which advances neither index while ret stays OB_SUCCESS. Where the codes go: nowhere; tmp_ret is not read after the chain and leaves scope with the loop body.	confirmed
src/observer/vector_index/ob_plugin_vector_index_util.cpp	ObPluginVectorIndexHelper::sort_merge_delta_and_snap_vids	line 501: declare tmp_ret	LOOKUP_OUTCOME	let tmp_ret: ObResult = vid_hash_set.exist_refactored(&first.vids_[i]); (let without mut: nothing assigns it after the declaration; RULEBOOK 2.1, the int ret and tmp_ret rows), then the C++ chain as written: if matches!(tmp_ret, Err(OB_HASH_EXIST)) { i += 1; } else if matches!(tmp_ret, Err(OB_HASH_NOT_EXIST)) { .. } else {} (RULEBOOK 2.1: OB_X == tmp_ret is matches!; s2-errors.md 2.3 table). The set port keeps OB_HASH_EXIST and OB_HASH_NOT_EXIST at its boundary (s2-errors.md 2.4 rule 2; RULEBOOK 2.5, the ObHashMap row).	sweep: tmp-ret.tsv:462 (data row 461). Producer: src/observer/vector_index/ob_plugin_vector_index_util.cpp:501, exist_refactored(first.vids_[i]) on vid_hash_set, a common::hash::ObHashSet<int64_t> created at :461 (declared at :460); ObHashSet::exist_refactored turns a hit into OB_HASH_EXIST and passes a miss on as OB_HASH_NOT_EXIST (src/oblib/lib/hash/ob_hashset.h:157-166). Tests: ob_plugin_vector_index_util.cpp:502 against OB_HASH_EXIST (ret-compare.tsv:785), a duplicate vid that is skipped by advancing i, and :504 against OB_HASH_NOT_EXIST (ret-compare.tsv:786), a new vid that is inserted and copied to the result. Any other code, OB_NOT_INIT or a hash failure (src/oblib/lib/hash/ob_hashtable.h:1133-1137), takes the empty else, which advances neither index while ret stays OB_SUCCESS. Where the codes go: nowhere; tmp_ret is not read after the chain and leaves scope with the loop body.	confirmed
src/observer/vector_index/ob_plugin_vector_index_util.cpp	ObPluginVectorIndexHelper::sort_merge_delta_and_snap_vids	line 519: declare tmp_ret	LOOKUP_OUTCOME	let tmp_ret: ObResult = vid_hash_set.exist_refactored(&second.vids_[j]); (let without mut: nothing assigns it after the declaration; RULEBOOK 2.1, the int ret and tmp_ret rows), then the C++ chain as written: if matches!(tmp_ret, Err(OB_HASH_EXIST)) { j += 1; } else if matches!(tmp_ret, Err(OB_HASH_NOT_EXIST)) { .. } else {} (RULEBOOK 2.1: OB_X == tmp_ret is matches!; s2-errors.md 2.3 table). The set port keeps OB_HASH_EXIST and OB_HASH_NOT_EXIST at its boundary (s2-errors.md 2.4 rule 2; RULEBOOK 2.5, the ObHashMap row).	sweep: tmp-ret.tsv:463 (data row 462). Producer: src/observer/vector_index/ob_plugin_vector_index_util.cpp:519, exist_refactored(second.vids_[j]) on vid_hash_set, a common::hash::ObHashSet<int64_t> created at :461 (declared at :460); ObHashSet::exist_refactored turns a hit into OB_HASH_EXIST and passes a miss on as OB_HASH_NOT_EXIST (src/oblib/lib/hash/ob_hashset.h:157-166). Tests: ob_plugin_vector_index_util.cpp:520 against OB_HASH_EXIST (ret-compare.tsv:787), a duplicate vid that is skipped by advancing j, and :522 against OB_HASH_NOT_EXIST (ret-compare.tsv:788), a new vid that is inserted and copied to the result. Any other code, OB_NOT_INIT or a hash failure (src/oblib/lib/hash/ob_hashtable.h:1133-1137), takes the empty else, which advances neither index while ret stays OB_SUCCESS. Where the codes go: nowhere; tmp_ret is not read after the chain and leaves scope with the loop body.	confirmed
src/observer/vector_index/ob_plugin_vector_index_utils.cpp	ObPluginVectorIndexUtils::read_vector_info	line 582: declare tmp_ret (plan definition)	DECLARATION	let mut tmp_ret: ObResult = Ok(()); (RULEBOOK 2.1, the int ret and tmp_ret rows; s2-errors.md 2.2 rule 5).	sweep: tmp-ret.tsv:464 (data row 463). Declared in the OB_NOT_NULL(tsc_service) block of src/observer/vector_index/ob_plugin_vector_index_utils.cpp:581-595. Writers: :584 and :590, revert_scan_iter (tmp-ret.tsv:465, :466). Readers: only the tests at :585 and :591, whose branches are empty.	confirmed
src/observer/vector_index/ob_plugin_vector_index_utils.cpp	ObPluginVectorIndexUtils::read_vector_info	line 584: assign tmp_ret	IGNORED	tmp_ret = tsc_service.revert_scan_iter(vid_id_iter); with the call as the declaration index gives it, then if tmp_ret.is_err() {} for the empty branch of src/observer/vector_index/ob_plugin_vector_index_utils.cpp:585-586 (RULEBOOK 2.1, the tmp_ret row). The code dies in the variable.	sweep: tmp-ret.tsv:465 (data row 464). Created: src/observer/vector_index/ob_plugin_vector_index_utils.cpp:584 hands the iterator vid_id_iter back to the access service (tsc_service, the ObAccessService of :411) and puts the code into tmp_ret, in the part that runs when the slot is not NULL (:581), which adds no clause (tmp-ret.md section 5). ObAccessService::revert_scan_iter frees the iterator and fails only with the OB_NOT_INIT of its init check (src/storage/tx_storage/ob_access_service.cpp:1404-1422, the check at :1408-1409). Tested: only against OB_SUCCESS at ob_plugin_vector_index_utils.cpp:585, with an empty branch. Not read again: :590 overwrites it when data_iter is not NULL, else it leaves scope at :595; read_vector_info returns ret at :597.	confirmed
src/observer/vector_index/ob_plugin_vector_index_utils.cpp	ObPluginVectorIndexUtils::read_vector_info	line 590: assign tmp_ret	IGNORED	tmp_ret = tsc_service.revert_scan_iter(data_iter); with the call as the declaration index gives it, then if tmp_ret.is_err() {} for the empty branch of src/observer/vector_index/ob_plugin_vector_index_utils.cpp:591-592 (RULEBOOK 2.1, the tmp_ret row). The code dies in the variable.	sweep: tmp-ret.tsv:466 (data row 465). Created: src/observer/vector_index/ob_plugin_vector_index_utils.cpp:590 hands the iterator data_iter back to the access service (tsc_service, the ObAccessService of :411) and puts the code into tmp_ret, in the part that runs when the slot is not NULL (:581), which adds no clause (tmp-ret.md section 5). ObAccessService::revert_scan_iter frees the iterator and fails only with the OB_NOT_INIT of its init check (src/storage/tx_storage/ob_access_service.cpp:1404-1422, the check at :1408-1409). Tested: only against OB_SUCCESS at ob_plugin_vector_index_utils.cpp:591, with an empty branch. Not read again; the block ends at :595 and read_vector_info returns ret at :597.	confirmed
src/observer/vector_index/ob_plugin_vector_index_utils.cpp	ObPluginVectorIndexUtils::try_sync_vbitmap_memdata	line 626: declare tmp_ret	IGNORED	let tmp_ret: ObResult = tsc_service.revert_scan_iter(index_id_iter); with the call as the declaration index gives it, then if tmp_ret.is_err() {} for the empty branch of src/observer/vector_index/ob_plugin_vector_index_utils.cpp:627-628 (RULEBOOK 2.1, the tmp_ret row). The code dies in the variable.	sweep: tmp-ret.tsv:467 (data row 466). Created: src/observer/vector_index/ob_plugin_vector_index_utils.cpp:626 hands the iterator index_id_iter back to the access service (tsc_service, the ObAccessService of :609) and puts the code into tmp_ret, in the part that runs when index_id_iter and the slot are not NULL (:625), which adds no clause (tmp-ret.md section 5). ObAccessService::revert_scan_iter frees the iterator and fails only with the OB_NOT_INIT of its init check (src/storage/tx_storage/ob_access_service.cpp:1404-1422, the check at :1408-1409). Tested: only against OB_SUCCESS at ob_plugin_vector_index_utils.cpp:627, with an empty branch. Not read again; the iterator is cleared at :629 and try_sync_vbitmap_memdata returns ret at :632.	confirmed
src/observer/vector_index/ob_plugin_vector_index_utils.cpp	ObPluginVectorIndexUtils::try_sync_snapshot_memdata	line 753: declare tmp_ret	IGNORED	let tmp_ret: ObResult = tsc_service.revert_scan_iter(snapshot_idx_iter); with the call as the declaration index gives it, then if tmp_ret.is_err() {} for the empty branch of src/observer/vector_index/ob_plugin_vector_index_utils.cpp:754-755 (RULEBOOK 2.1, the tmp_ret row). The code dies in the variable.	sweep: tmp-ret.tsv:468 (data row 467). Created: src/observer/vector_index/ob_plugin_vector_index_utils.cpp:753 hands the iterator snapshot_idx_iter back to the access service (tsc_service, the ObAccessService of :643) and puts the code into tmp_ret, in the part that runs when snapshot_idx_iter and the slot are not NULL (:752), which adds no clause (tmp-ret.md section 5). ObAccessService::revert_scan_iter frees the iterator and fails only with the OB_NOT_INIT of its init check (src/storage/tx_storage/ob_access_service.cpp:1404-1422, the check at :1408-1409). Tested: only against OB_SUCCESS at ob_plugin_vector_index_utils.cpp:754, with an empty branch. Not read again; the iterator is cleared at :756 and try_sync_snapshot_memdata returns ret at :758.	confirmed
src/observer/vector_index/ob_plugin_vector_index_utils.cpp	ObPluginVectorIndexUtils::refresh_adp_from_table	line 806: declare tmp_ret	IGNORED	let tmp_ret: ObResult = tsc_service.revert_scan_iter(delta_buf_iter); with the call as the declaration index gives it, then if tmp_ret.is_err() {} for the empty branch of src/observer/vector_index/ob_plugin_vector_index_utils.cpp:807-808 (RULEBOOK 2.1, the tmp_ret row). The code dies in the variable.	sweep: tmp-ret.tsv:469 (data row 468). Created: src/observer/vector_index/ob_plugin_vector_index_utils.cpp:806 hands the iterator delta_buf_iter back to the access service (tsc_service, the ObAccessService of :775) and puts the code into tmp_ret, in the part that runs when delta_buf_iter and the slot are not NULL (:805), which adds no clause (tmp-ret.md section 5). ObAccessService::revert_scan_iter frees the iterator and fails only with the OB_NOT_INIT of its init check (src/storage/tx_storage/ob_access_service.cpp:1404-1422, the check at :1408-1409). Tested: only against OB_SUCCESS at ob_plugin_vector_index_utils.cpp:807, with an empty branch. Not read again; the iterator is cleared at :809 and refresh_adp_from_table returns ret at :812.	confirmed
src/observer/vector_index/ob_vector_index_async_task.cpp	ObVectorIndexHistoryTask::clear_history_task	line 73: declare tmp_ret (plan definition)	DECLARATION	let mut tmp_ret: ObResult = Ok(()); (RULEBOOK 2.1, the int ret and tmp_ret rows; s2-errors.md 2.2 rule 5).	sweep: tmp-ret.tsv:470 (data row 469). Declared in the trans.is_started() block of src/observer/vector_index/ob_vector_index_async_task.cpp:72-78. Writer: :74, trans.end (tmp-ret.tsv:471). Readers: the test on that line, the log at :75 (K(tmp_ret)) and the merge at :76 (tmp-ret.tsv:472, MERGE_AND).	confirmed
src/observer/vector_index/ob_vector_index_async_task.cpp	ObVectorIndexHistoryTask::clear_history_task	line 74: assign tmp_ret	PASSED_ON	if ob_fail!(tmp_ret = trans.end(ret.is_ok())) {, the argument OB_SUCC(ret) being ret.is_ok(), with the call as the declaration index gives it; the LOG_ERROR in the branch takes the ret in scope (RULEBOOK 2.1, the tmp_ret row; s2-errors.md 2.3 table, 2.5 rule 1). The merge after it is its own row.	sweep: tmp-ret.tsv:471 (data row 470). Created: src/observer/vector_index/ob_vector_index_async_task.cpp:74 puts the code of ObMySQLTransaction::end, committing when ret succeeded and rolling back otherwise (src/oblib/common/mysqlclient/ob_mysql_transaction.cpp:173), into tmp_ret when the transaction started (ob_vector_index_async_task.cpp:72). Tested: only against OB_SUCCESS. Reaches: the merge at :76 (tmp-ret.tsv:472) with no assignment in between; clear_history_task returns ret at :79.	confirmed
src/observer/vector_index/ob_vector_index_async_task.cpp	ObVectorIndexHistoryTask::clear_history_task	line 76: merge into ret	MERGE_AND	ret = ret.and(tmp_ret); (RULEBOOK 2.1, the COVER_SUCC row; s2-errors.md 2.3 table, 2.4 rule 4). The function keeps the local-ret form (s2-errors.md 2.3).	sweep: tmp-ret.tsv:472 (data row 471). Shape: the condition OB_SUCC(ret) tests only ret; a = ret, b = tmp_ret, a variable set at src/observer/vector_index/ob_vector_index_async_task.cpp:74 by trans.end (tmp-ret.tsv:471) and holding an error inside that test. a: ret holds the error of clear_history_expire_task_record (:69), which the merge keeps, or OB_SUCCESS, which takes the end error; a failed trans.start (:68) leaves trans.is_started() false, since in_trans_ becomes true only after a successful start (src/oblib/common/mysqlclient/ob_mysql_transaction.cpp:76, read by is_started at src/oblib/common/mysqlclient/ob_mysql_transaction.h:75), so the block of :72 does not run then. clear_history_task returns ret at :79.	confirmed
src/observer/vector_index/ob_vector_index_async_task.cpp	ObVectorIndexHistoryTask::move_task_to_history_table	line 101: declare tmp_ret (plan definition)	DECLARATION	let mut tmp_ret: ObResult = Ok(()); (RULEBOOK 2.1, the int ret and tmp_ret rows; s2-errors.md 2.2 rule 5).	sweep: tmp-ret.tsv:473 (data row 472). Declared in the trans.is_started() block of src/observer/vector_index/ob_vector_index_async_task.cpp:100-106, once per round of the loop of :92. Writer: :102, trans.end (tmp-ret.tsv:474). Readers: the test on that line, the log at :103 and the merge at :104 (tmp-ret.tsv:475, MERGE_AND).	confirmed
src/observer/vector_index/ob_vector_index_async_task.cpp	ObVectorIndexHistoryTask::move_task_to_history_table	line 102: assign tmp_ret	PASSED_ON	if ob_fail!(tmp_ret = trans.end(ret.is_ok())) {, the argument OB_SUCC(ret) being ret.is_ok(), with the call as the declaration index gives it; the LOG_ERROR in the branch takes the ret in scope (RULEBOOK 2.1, the tmp_ret row; s2-errors.md 2.3 table, 2.5 rule 1). The merge after it is its own row.	sweep: tmp-ret.tsv:474 (data row 473). Created: src/observer/vector_index/ob_vector_index_async_task.cpp:102 puts the code of ObMySQLTransaction::end (src/oblib/common/mysqlclient/ob_mysql_transaction.cpp:173) into tmp_ret when the round started a transaction (ob_vector_index_async_task.cpp:100). Tested: only against OB_SUCCESS. Reaches: the merge at :104 (tmp-ret.tsv:475) with no assignment in between; a failure ends the loop of :92, and move_task_to_history_table returns ret at :109.	confirmed
src/observer/vector_index/ob_vector_index_async_task.cpp	ObVectorIndexHistoryTask::move_task_to_history_table	line 104: merge into ret	MERGE_AND	ret = ret.and(tmp_ret); (RULEBOOK 2.1, the COVER_SUCC row; s2-errors.md 2.3 table, 2.4 rule 4). The function keeps the local-ret form (s2-errors.md 2.3).	sweep: tmp-ret.tsv:475 (data row 474). Shape: the condition OB_SUCC(ret) tests only ret; a = ret, b = tmp_ret, a variable set at src/observer/vector_index/ob_vector_index_async_task.cpp:102 by trans.end (tmp-ret.tsv:474) and holding an error inside that test. a: ret holds the error of the batch move (:98), which the merge keeps, or OB_SUCCESS, which takes the end error; a failed trans.start (:97) leaves trans.is_started() false, since in_trans_ becomes true only after a successful start (src/oblib/common/mysqlclient/ob_mysql_transaction.cpp:76, read by is_started at src/oblib/common/mysqlclient/ob_mysql_transaction.h:75), so the block of :100 does not run then. After the merge ret holds an error either way, so the loop condition at :92 ends the loop.	confirmed
src/observer/vector_index/ob_vector_index_async_task_scheduler.cpp	ObVectorIndexHistoryTask::clear_history_task	line 76: declare tmp_ret (plan definition) [not built]	NOT_TRANSLATED	none: dead, not compiled by the reference build (not-translated.tsv:189).	sweep: tmp-ret.tsv:476 (data row 475). not-translated.tsv:189 lists the unit src/observer/vector_index/ob_vector_index_async_task_scheduler, reason dead, files ob_vector_index_async_task_scheduler.cpp and its header, rule not compiled by the reference build; the sweep row carries [not built]. Nothing else is traced (tmp-ret.md 6.1).	confirmed
src/observer/vector_index/ob_vector_index_async_task_scheduler.cpp	ObVectorIndexHistoryTask::clear_history_task	line 77: assign tmp_ret [not built]	NOT_TRANSLATED	none: dead, not compiled by the reference build (not-translated.tsv:189).	sweep: tmp-ret.tsv:477 (data row 476). not-translated.tsv:189 lists the unit src/observer/vector_index/ob_vector_index_async_task_scheduler, reason dead, files ob_vector_index_async_task_scheduler.cpp and its header, rule not compiled by the reference build; the sweep row carries [not built]. Nothing else is traced (tmp-ret.md 6.1).	confirmed
src/observer/vector_index/ob_vector_index_async_task_scheduler.cpp	ObVectorIndexHistoryTask::clear_history_task	line 79: merge into ret [not built]	NOT_TRANSLATED	none: dead, not compiled by the reference build (not-translated.tsv:189).	sweep: tmp-ret.tsv:478 (data row 477). not-translated.tsv:189 lists the unit src/observer/vector_index/ob_vector_index_async_task_scheduler, reason dead, files ob_vector_index_async_task_scheduler.cpp and its header, rule not compiled by the reference build; the sweep row carries [not built]. Nothing else is traced (tmp-ret.md 6.1).	confirmed
src/observer/vector_index/ob_vector_index_async_task_scheduler.cpp	ObVectorIndexHistoryTask::move_task_to_history_table	line 104: declare tmp_ret (plan definition) [not built]	NOT_TRANSLATED	none: dead, not compiled by the reference build (not-translated.tsv:189).	sweep: tmp-ret.tsv:479 (data row 478). not-translated.tsv:189 lists the unit src/observer/vector_index/ob_vector_index_async_task_scheduler, reason dead, files ob_vector_index_async_task_scheduler.cpp and its header, rule not compiled by the reference build; the sweep row carries [not built]. Nothing else is traced (tmp-ret.md 6.1).	confirmed
src/observer/vector_index/ob_vector_index_async_task_scheduler.cpp	ObVectorIndexHistoryTask::move_task_to_history_table	line 105: assign tmp_ret [not built]	NOT_TRANSLATED	none: dead, not compiled by the reference build (not-translated.tsv:189).	sweep: tmp-ret.tsv:480 (data row 479). not-translated.tsv:189 lists the unit src/observer/vector_index/ob_vector_index_async_task_scheduler, reason dead, files ob_vector_index_async_task_scheduler.cpp and its header, rule not compiled by the reference build; the sweep row carries [not built]. Nothing else is traced (tmp-ret.md 6.1).	confirmed
src/observer/vector_index/ob_vector_index_async_task_scheduler.cpp	ObVectorIndexHistoryTask::move_task_to_history_table	line 107: merge into ret [not built]	NOT_TRANSLATED	none: dead, not compiled by the reference build (not-translated.tsv:189).	sweep: tmp-ret.tsv:481 (data row 480). not-translated.tsv:189 lists the unit src/observer/vector_index/ob_vector_index_async_task_scheduler, reason dead, files ob_vector_index_async_task_scheduler.cpp and its header, rule not compiled by the reference build; the sweep row carries [not built]. Nothing else is traced (tmp-ret.md 6.1).	confirmed
src/observer/vector_index/ob_vector_index_async_task_util.cpp	ObVecIndexAsyncTaskUtil::insert_new_task	line 248: declare tmp_ret (plan definition)	DECLARATION	let mut tmp_ret: ObResult = Ok(()); (RULEBOOK 2.1, the int ret and tmp_ret rows; s2-errors.md 2.2 rule 5).	sweep: tmp-ret.tsv:482 (data row 481). Declared in the trans.is_started() block of src/observer/vector_index/ob_vector_index_async_task_util.cpp:247-253. Writer: :249, trans.end (tmp-ret.tsv:483). Readers: the test on that line, the log at :250 and the merge at :251 (tmp-ret.tsv:484, MERGE_AND).	confirmed
src/observer/vector_index/ob_vector_index_async_task_util.cpp	ObVecIndexAsyncTaskUtil::insert_new_task	line 249: assign tmp_ret	PASSED_ON	if ob_fail!(tmp_ret = trans.end(ret.is_ok())) {, the argument OB_SUCC(ret) being ret.is_ok(), with the call as the declaration index gives it; the LOG_ERROR in the branch takes the ret in scope (RULEBOOK 2.1, the tmp_ret row; s2-errors.md 2.3 table, 2.5 rule 1). The merge after it is its own row.	sweep: tmp-ret.tsv:483 (data row 482). Created: src/observer/vector_index/ob_vector_index_async_task_util.cpp:249 puts the code of ObMySQLTransaction::end (src/oblib/common/mysqlclient/ob_mysql_transaction.cpp:173) into tmp_ret when the transaction started (ob_vector_index_async_task_util.cpp:247). Tested: only against OB_SUCCESS. Reaches: the merge at :251 (tmp-ret.tsv:484) with no assignment in between; insert_new_task returns ret at :255.	confirmed
src/observer/vector_index/ob_vector_index_async_task_util.cpp	ObVecIndexAsyncTaskUtil::insert_new_task	line 251: merge into ret	MERGE_AND	ret = ret.and(tmp_ret); (RULEBOOK 2.1, the COVER_SUCC row; s2-errors.md 2.3 table, 2.4 rule 4). The function keeps the local-ret form (s2-errors.md 2.3).	sweep: tmp-ret.tsv:484 (data row 483). Shape: the condition OB_SUCC(ret) tests only ret; a = ret, b = tmp_ret, a variable set at src/observer/vector_index/ob_vector_index_async_task_util.cpp:249 by trans.end (tmp-ret.tsv:483) and holding an error inside that test. a: ret holds the error of batch_insert_vec_task (:244-245), which the merge keeps, or OB_SUCCESS, which takes the end error; a failed trans.start (:243) leaves trans.is_started() false, since in_trans_ becomes true only after a successful start (src/oblib/common/mysqlclient/ob_mysql_transaction.cpp:76, read by is_started at src/oblib/common/mysqlclient/ob_mysql_transaction.h:75), so the block of :247 does not run then. insert_new_task returns ret at :255.	confirmed
src/observer/vector_index/ob_vector_index_async_task_util.cpp	ObVecIndexAsyncTaskHandler::handle	line 1009: declare tmp_ret (plan definition)	DECLARATION	let mut tmp_ret: ObResult = Ok(()); (RULEBOOK 2.1, the int ret and tmp_ret rows; s2-errors.md 2.2 rule 5).	sweep: tmp-ret.tsv:485 (data row 484). Declared in the free-memory block of src/observer/vector_index/ob_vector_index_async_task_util.cpp:1008-1018. Writers: :1012, get_allocator (tmp-ret.tsv:486), and :1014, OB_ERR_UNEXPECTED for a NULL allocator (tmp-ret.tsv:487). Readers: only the test at :1012. Only codes reach it.	confirmed
src/observer/vector_index/ob_vector_index_async_task_util.cpp	ObVecIndexAsyncTaskHandler::handle	line 1012: OB_TMP_FAIL (plan definition)	IGNORED	if ob_fail!(tmp_ret = self.get_allocator(&mut allocator)) {} with its empty branch and the call as the declaration index gives it (RULEBOOK 2.1, the tmp_ret row; s2-errors.md 2.3 table). The code dies in the variable.	sweep: tmp-ret.tsv:486 (data row 485). Created: src/observer/vector_index/ob_vector_index_async_task_util.cpp:1012 puts the code of get_allocator into tmp_ret after the task destructor ran at :1011. ObVecIndexAsyncTaskHandler::get_allocator fails only with OB_ERR_UNEXPECTED when the vector index service slot looked up at src/observer/vector_index/ob_vector_index_async_task_util.cpp:955 (server-service-slots.tsv:382) is NULL (:957-958); it hands out the async-task option allocator (:960-962). Tested: never against a named code; the failing branch is empty, so the task memory is not freed on that path (the free is at :1016). Not read again; the block ends at :1018 and handle returns void.	confirmed
src/observer/vector_index/ob_vector_index_async_task_util.cpp	ObVecIndexAsyncTaskHandler::handle	line 1014: assign tmp_ret	IGNORED	tmp_ret = Err(OB_ERR_UNEXPECTED); in the branch of the null test on the allocator at src/observer/vector_index/ob_vector_index_async_task_util.cpp:1013 (RULEBOOK 2.1, the ret = OB_X row). The code dies in the variable.	sweep: tmp-ret.tsv:487 (data row 486). Created: src/observer/vector_index/ob_vector_index_async_task_util.cpp:1014 sets OB_ERR_UNEXPECTED when get_allocator succeeded but handed out a NULL allocator (:1013); the test is on the allocator pointer that get_allocator copies from the task option (:962), not on an allocation, so no -4013 or guard tag applies. Tested: never against a named code; nothing logs it, and the task memory is not freed on this path. Not read again; the block ends at :1018 and handle returns void.	confirmed
src/observer/vector_index/ob_vector_index_async_task_util.cpp	ObVecIndexAsyncTaskHandler::handle_drop	line 1037: declare tmp_ret (plan definition)	DECLARATION	let mut tmp_ret: ObResult = Ok(()); (RULEBOOK 2.1, the int ret and tmp_ret rows; s2-errors.md 2.2 rule 5).	sweep: tmp-ret.tsv:488 (data row 487). Declared in the free-memory block of src/observer/vector_index/ob_vector_index_async_task_util.cpp:1036-1046. Writers: :1040, get_allocator (tmp-ret.tsv:489), and :1042, OB_ERR_UNEXPECTED for a NULL allocator (tmp-ret.tsv:490). Readers: only the test at :1040. Only codes reach it.	confirmed
src/observer/vector_index/ob_vector_index_async_task_util.cpp	ObVecIndexAsyncTaskHandler::handle_drop	line 1040: OB_TMP_FAIL (plan definition)	IGNORED	if ob_fail!(tmp_ret = self.get_allocator(&mut allocator)) {} with its empty branch and the call as the declaration index gives it (RULEBOOK 2.1, the tmp_ret row; s2-errors.md 2.3 table). The code dies in the variable.	sweep: tmp-ret.tsv:489 (data row 488). Created: src/observer/vector_index/ob_vector_index_async_task_util.cpp:1040 puts the code of get_allocator into tmp_ret after the task destructor ran at :1039. ObVecIndexAsyncTaskHandler::get_allocator fails only with OB_ERR_UNEXPECTED when the vector index service slot looked up at src/observer/vector_index/ob_vector_index_async_task_util.cpp:955 (server-service-slots.tsv:382) is NULL (:957-958); it hands out the async-task option allocator (:960-962). Tested: never against a named code; the failing branch is empty, so the task memory is not freed on that path (the free is at :1044). Not read again; the block ends at :1046 and handle_drop goes on to dec_async_task_ref at :1048 and returns void.	confirmed
src/observer/vector_index/ob_vector_index_async_task_util.cpp	ObVecIndexAsyncTaskHandler::handle_drop	line 1042: assign tmp_ret	IGNORED	tmp_ret = Err(OB_ERR_UNEXPECTED); in the branch of the null test on the allocator at src/observer/vector_index/ob_vector_index_async_task_util.cpp:1041 (RULEBOOK 2.1, the ret = OB_X row). The code dies in the variable.	sweep: tmp-ret.tsv:490 (data row 489). Created: src/observer/vector_index/ob_vector_index_async_task_util.cpp:1042 sets OB_ERR_UNEXPECTED when get_allocator succeeded but handed out a NULL allocator (:1041); the test is on the allocator pointer that get_allocator copies from the task option (:962), not on an allocation, so no -4013 or guard tag applies. Tested: never against a named code; nothing logs it, and the task memory is not freed on this path. Not read again; the block ends at :1046 and handle_drop goes on to dec_async_task_ref at :1048 and returns void.	confirmed
src/observer/vector_index/ob_vector_index_async_task_util.cpp	ObVecIndexAsyncTask::process_data_for_index	line 1435: declare tmp_ret (plan definition)	DECLARATION	let mut tmp_ret: ObResult = Ok(()); (RULEBOOK 2.1, the int ret and tmp_ret rows; s2-errors.md 2.2 rule 5).	sweep: tmp-ret.tsv:491 (data row 490). Declared in the OB_NOT_NULL(tsc_service) block of src/observer/vector_index/ob_vector_index_async_task_util.cpp:1434-1448. Writers: :1437 and :1443, revert_scan_iter (tmp-ret.tsv:492, :493). Readers: only the tests at :1438 and :1444, whose branches are empty.	confirmed
src/observer/vector_index/ob_vector_index_async_task_util.cpp	ObVecIndexAsyncTask::process_data_for_index	line 1437: assign tmp_ret	IGNORED	tmp_ret = tsc_service.revert_scan_iter(vid_id_iter); with the call as the declaration index gives it, then if tmp_ret.is_err() {} for the empty branch of src/observer/vector_index/ob_vector_index_async_task_util.cpp:1438-1439 (RULEBOOK 2.1, the tmp_ret row). The code dies in the variable.	sweep: tmp-ret.tsv:492 (data row 491). Created: src/observer/vector_index/ob_vector_index_async_task_util.cpp:1437 hands the iterator vid_id_iter back to the access service (tsc_service, the ObAccessService of :1243) and puts the code into tmp_ret, in the part that runs when the slot is not NULL (:1434), which adds no clause (tmp-ret.md section 5). ObAccessService::revert_scan_iter frees the iterator and fails only with the OB_NOT_INIT of its init check (src/storage/tx_storage/ob_access_service.cpp:1404-1422, the check at :1408-1409). Tested: only against OB_SUCCESS at ob_vector_index_async_task_util.cpp:1438, with an empty branch. Not read again: :1443 overwrites it when data_iter is not NULL, else it leaves scope at :1448; process_data_for_index returns ret at :1458.	confirmed
src/observer/vector_index/ob_vector_index_async_task_util.cpp	ObVecIndexAsyncTask::process_data_for_index	line 1443: assign tmp_ret	IGNORED	tmp_ret = tsc_service.revert_scan_iter(data_iter); with the call as the declaration index gives it, then if tmp_ret.is_err() {} for the empty branch of src/observer/vector_index/ob_vector_index_async_task_util.cpp:1444-1445 (RULEBOOK 2.1, the tmp_ret row). The code dies in the variable.	sweep: tmp-ret.tsv:493 (data row 492). Created: src/observer/vector_index/ob_vector_index_async_task_util.cpp:1443 hands the iterator data_iter back to the access service (tsc_service, the ObAccessService of :1243) and puts the code into tmp_ret, in the part that runs when the slot is not NULL (:1434), which adds no clause (tmp-ret.md section 5). ObAccessService::revert_scan_iter frees the iterator and fails only with the OB_NOT_INIT of its init check (src/storage/tx_storage/ob_access_service.cpp:1404-1422, the check at :1408-1409). Tested: only against OB_SUCCESS at ob_vector_index_async_task_util.cpp:1444, with an empty branch. Not read again; the block ends at :1448 and process_data_for_index returns ret at :1458.	confirmed
src/observer/vector_index/ob_vector_index_async_task_util.cpp	ObVecIndexAsyncTask::optimize_vector_index	line 1490: declare tmp_ret (plan definition)	DECLARATION	let mut tmp_ret: ObResult = Ok(()); (RULEBOOK 2.1, the int ret and tmp_ret rows; s2-errors.md 2.2 rule 5).	sweep: tmp-ret.tsv:494 (data row 493). Writer: src/observer/vector_index/ob_vector_index_async_task_util.cpp:1491, end_trans (tmp-ret.tsv:495). Readers: the test on that line and the merge at :1492 (tmp-ret.tsv:496, MERGE_AS_WRITTEN).	confirmed
src/observer/vector_index/ob_vector_index_async_task_util.cpp	ObVecIndexAsyncTask::optimize_vector_index	line 1491: assign tmp_ret	PASSED_ON	if trans_start && ob_fail!(tmp_ret = <ObInsertLobColumnHelper::end_trans(tx_desc, ret.is_err(), timeout_us), signature from the declaration index>) { (RULEBOOK 2.1, the tmp_ret row; s2-errors.md 2.3 table: the OB_SUCCESS != ret argument is ret.is_err()), inside the scope of the two write guards of src/observer/vector_index/ob_vector_index_async_task_util.cpp:1488-1489, as the C++ holds them (s8-numerics-platform.md 5 rule 5). The merge at :1492 is its own row.	sweep: tmp-ret.tsv:495 (data row 494). Created: src/observer/vector_index/ob_vector_index_async_task_util.cpp:1491 puts the code of ObInsertLobColumnHelper::end_trans (declared at src/storage/lob/ob_lob_util.h:153), which commits or rolls back by whether ret failed, into tmp_ret when a transaction was started (ob_vector_index_async_task_util.cpp:1470), with the query lock and the adapter map lock held (:1488-1489). Tested: only against OB_SUCCESS. Reaches: ret = tmp_ret at :1492 (tmp-ret.tsv:496), the next statement; optimize_vector_index returns ret at :1499.	confirmed
src/observer/vector_index/ob_vector_index_async_task_util.cpp	ObVecIndexAsyncTask::optimize_vector_index	line 1492: merge into ret	MERGE_AS_WRITTEN	ret = tmp_ret; as the C++ writes it, inside the failing end_trans test of src/observer/vector_index/ob_vector_index_async_task_util.cpp:1491, within the scope of the two write guards of :1488-1489 as the C++ holds them (RULEBOOK 2.1: any other merge as the C++ writes it; s2-errors.md 2.4 rule 4; s8-numerics-platform.md 5 rule 5). The function keeps the local-ret form (s2-errors.md 2.3).	sweep: tmp-ret.tsv:496 (data row 495). Guard: the failing end_trans test at src/observer/vector_index/ob_vector_index_async_task_util.cpp:1491, which runs only when trans_start was set at :1470. ret can already hold an error there, from the checks of :1471-1472, get_read_snapshot (:1473), process_data_for_index (:1475) or the snapshot refresh of :1480-1482, and end_trans is then told to roll back (OB_SUCCESS != ret on :1491); the merge overwrites that error with the end_trans error, and otherwise gives ret the end_trans error. X: tmp_ret, declared at :1490 (tmp-ret.tsv:494) and set only at :1491 (tmp-ret.tsv:495). After it, :1495 skips replace_old_adapter (:1496) on any error, and optimize_vector_index returns ret at :1499.	confirmed
src/observer/vector_index/ob_vector_index_async_task_util.cpp	ObVecIndexAsyncTask::refresh_snapshot_index_data	line 1740: declare tmp_ret (plan definition)	DECLARATION	let mut tmp_ret: ObResult = Ok(()); (RULEBOOK 2.1, the int ret and tmp_ret rows; s2-errors.md 2.2 rule 5).	sweep: tmp-ret.tsv:497 (data row 496). Declared in the OB_NOT_NULL(oas) block of src/observer/vector_index/ob_vector_index_async_task_util.cpp:1739-1747. Writer: :1742, revert_scan_iter (tmp-ret.tsv:498). Reader: :1743, a test against OB_SUCCESS with an empty branch. No other line reads it.	confirmed
src/observer/vector_index/ob_vector_index_async_task_util.cpp	ObVecIndexAsyncTask::refresh_snapshot_index_data	line 1742: assign tmp_ret	IGNORED	tmp_ret = oas.revert_scan_iter(snap_data_iter); with the call as the declaration index gives it, then if tmp_ret.is_err() {} for the empty branch of src/observer/vector_index/ob_vector_index_async_task_util.cpp:1743-1744 (RULEBOOK 2.1, the tmp_ret row). The code dies in the variable.	sweep: tmp-ret.tsv:498 (data row 497). Created: src/observer/vector_index/ob_vector_index_async_task_util.cpp:1742 hands the snapshot-table iterator snap_data_iter back to the access service (oas, the ObAccessService of :1527) and puts the code into tmp_ret, in the part that runs when oas and the iterator are not NULL (:1739, :1741), which adds no clause (tmp-ret.md section 5). ObAccessService::revert_scan_iter frees the iterator and fails only with the OB_NOT_INIT of its init check (src/storage/tx_storage/ob_access_service.cpp:1404-1422, the check at :1408-1409). Tested: only against OB_SUCCESS at ob_vector_index_async_task_util.cpp:1743, with an empty branch. Not read again; the iterator is cleared at :1746, the block ends at :1747, and refresh_snapshot_index_data returns ret at :1753.	confirmed
src/observer/vector_index/ob_vector_index_async_task_util.cpp	ObVecIndexAsyncTask::delete_incr_table_data	line 1973: declare tmp_ret (plan definition)	DECLARATION	let mut tmp_ret: ObResult = Ok(()); (RULEBOOK 2.1, the int ret and tmp_ret rows; s2-errors.md 2.2 rule 5).	sweep: tmp-ret.tsv:499 (data row 498). Declared in the OB_NOT_NULL(oas) block of src/observer/vector_index/ob_vector_index_async_task_util.cpp:1972-1986. Writers: :1975 and :1981, revert_scan_iter (tmp-ret.tsv:500, :501). Readers: only the tests at :1976 and :1982, whose branches are empty.	confirmed
src/observer/vector_index/ob_vector_index_async_task_util.cpp	ObVecIndexAsyncTask::delete_incr_table_data	line 1975: assign tmp_ret	IGNORED	tmp_ret = oas.revert_scan_iter(delta_table_iter); with the call as the declaration index gives it, then if tmp_ret.is_err() {} for the empty branch of src/observer/vector_index/ob_vector_index_async_task_util.cpp:1976-1977 (RULEBOOK 2.1, the tmp_ret row). The code dies in the variable.	sweep: tmp-ret.tsv:500 (data row 499). Created: src/observer/vector_index/ob_vector_index_async_task_util.cpp:1975 hands the delta-buffer table iterator delta_table_iter back to the access service (oas, the ObAccessService of :1915) and puts the code into tmp_ret, in the part that runs when oas and the iterator are not NULL (:1972, :1974), which adds no clause (tmp-ret.md section 5). ObAccessService::revert_scan_iter frees the iterator and fails only with the OB_NOT_INIT of its init check (src/storage/tx_storage/ob_access_service.cpp:1404-1422, the check at :1408-1409). Tested: only against OB_SUCCESS at ob_vector_index_async_task_util.cpp:1976, with an empty branch. Not read again: :1981 overwrites it when index_table_iter is not NULL, else it leaves scope at :1986; delete_incr_table_data returns ret at :1987.	confirmed
src/observer/vector_index/ob_vector_index_async_task_util.cpp	ObVecIndexAsyncTask::delete_incr_table_data	line 1981: assign tmp_ret	IGNORED	tmp_ret = oas.revert_scan_iter(index_table_iter); with the call as the declaration index gives it, then if tmp_ret.is_err() {} for the empty branch of src/observer/vector_index/ob_vector_index_async_task_util.cpp:1982-1983 (RULEBOOK 2.1, the tmp_ret row). The code dies in the variable.	sweep: tmp-ret.tsv:501 (data row 500). Created: src/observer/vector_index/ob_vector_index_async_task_util.cpp:1981 hands the index-id table iterator index_table_iter back to the access service (oas, the ObAccessService of :1915) and puts the code into tmp_ret, in the part that runs when oas and the iterator are not NULL (:1972, :1980), which adds no clause (tmp-ret.md section 5). ObAccessService::revert_scan_iter frees the iterator and fails only with the OB_NOT_INIT of its init check (src/storage/tx_storage/ob_access_service.cpp:1404-1422, the check at :1408-1409). Tested: only against OB_SUCCESS at ob_vector_index_async_task_util.cpp:1982, with an empty branch. Not read again; the iterator is cleared at :1985, the block ends at :1986, and delete_incr_table_data returns ret at :1987.	confirmed
src/observer/vector_index/ob_vector_index_i_task_executor.cpp	ObVecITaskExecutor::start_task	line 129: declare tmp_ret (plan definition)	DECLARATION	let mut tmp_ret: ObResult = Ok(()); (RULEBOOK 2.1, the int ret and tmp_ret rows; s2-errors.md 2.2 rule 5).	sweep: tmp-ret.tsv:502 (data row 501). Declared in the OB_VECTOR_ASYNC_TASK_PREPARE case block of src/observer/vector_index/ob_vector_index_i_task_executor.cpp:125-138, under the spin lock of the task context (:127). Writer: :134, ObVecIndexAsyncTaskUtil::add_sys_task (tmp-ret.tsv:503). Readers: the test on that line and the log at :135 (K(tmp_ret)). No other line reads it.	confirmed
src/observer/vector_index/ob_vector_index_i_task_executor.cpp	ObVecITaskExecutor::start_task	line 134: OB_TMP_FAIL (plan definition)	IGNORED	} else if task_ctx.sys_task_id_.is_invalid() && ob_fail!(tmp_ret = ObVecIndexAsyncTaskUtil::add_sys_task(task_ctx)) { <the LOG_WARN of src/observer/vector_index/ob_vector_index_i_task_executor.cpp:135 with the ret in scope and K(tmp_ret) among its keys> }, the last test of the else-if chain of :130-136, with the call as the declaration index gives it (RULEBOOK 2.1, the tmp_ret row; s2-errors.md 2.3 table, 2.5 rule 1). The code dies in the variable.	sweep: tmp-ret.tsv:503 (data row 502). Created: src/observer/vector_index/ob_vector_index_i_task_executor.cpp:134 puts the code of ObVecIndexAsyncTaskUtil::add_sys_task into tmp_ret when the task has no system task id yet, after the task was pushed to the thread pool (:131-132) and its status written (:133). add_sys_task returns OB_INVALID_ARGUMENT for a NULL task or the code of SYS_TASK_STATUS_MGR.add_task, whose OB_ENTRY_EXIST it turns into success, and sets sys_task_id_ only on success (src/observer/vector_index/ob_vector_index_async_task_util.cpp:730-755). Tested: never against a named code. The failing branch only logs (ob_vector_index_i_task_executor.cpp:135); the case ends at the break of :137 with ret still OB_SUCCESS, and tmp_ret leaves scope with the case block at :138.	confirmed
src/observer/vector_index/ob_vector_index_i_task_executor.cpp	ObVecITaskExecutor::update_status_and_ret_code	line 202: declare tmp_ret (plan definition)	DECLARATION	let mut tmp_ret: ObResult = Ok(()); (RULEBOOK 2.1, the int ret and tmp_ret rows; s2-errors.md 2.2 rule 5).	sweep: tmp-ret.tsv:504 (data row 503). Declared in the trans.is_started() block of src/observer/vector_index/ob_vector_index_i_task_executor.cpp:201-207. Writer: :203, trans.end (tmp-ret.tsv:505). Readers: the test on that line, the log at :204 (K(tmp_ret)) and the merge at :205 (tmp-ret.tsv:506, MERGE_AND).	confirmed
src/observer/vector_index/ob_vector_index_i_task_executor.cpp	ObVecITaskExecutor::update_status_and_ret_code	line 203: assign tmp_ret	PASSED_ON	if ob_fail!(tmp_ret = trans.end(ret.is_ok())) {, the argument OB_SUCC(ret) being ret.is_ok(), with the call as the declaration index gives it; the LOG_ERROR in the branch takes the ret in scope (RULEBOOK 2.1, the tmp_ret row; s2-errors.md 2.3 table, 2.5 rule 1). The merge after it is its own row.	sweep: tmp-ret.tsv:505 (data row 504). Created: src/observer/vector_index/ob_vector_index_i_task_executor.cpp:203 puts the code of ObMySQLTransaction::end, committing when ret succeeded and rolling back otherwise (src/oblib/common/mysqlclient/ob_mysql_transaction.cpp:173), into tmp_ret when the transaction started (ob_vector_index_i_task_executor.cpp:201). Tested: only against OB_SUCCESS. Reaches: the merge at :205 (tmp-ret.tsv:506) with no assignment in between; update_status_and_ret_code returns ret at :210.	confirmed
src/observer/vector_index/ob_vector_index_i_task_executor.cpp	ObVecITaskExecutor::update_status_and_ret_code	line 205: merge into ret	MERGE_AND	ret = ret.and(tmp_ret); (RULEBOOK 2.1, the COVER_SUCC row; s2-errors.md 2.3 table, 2.4 rule 4). The function keeps the local-ret form (s2-errors.md 2.3).	sweep: tmp-ret.tsv:506 (data row 505). Shape: the condition OB_SUCC(ret) tests only ret; the value is tmp_ret when ret succeeded and ret otherwise: a = ret, b = tmp_ret, a variable set at src/observer/vector_index/ob_vector_index_i_task_executor.cpp:203 by trans.end (tmp-ret.tsv:505) and holding an error inside that test. a: ret holds the error of update_vec_task (:197-198), which the merge keeps, or OB_SUCCESS, which takes the end error; a failed trans.start (:196) leaves trans.is_started() false, since in_trans_ becomes true only after a successful start (src/oblib/common/mysqlclient/ob_mysql_transaction.cpp:76, read by is_started at src/oblib/common/mysqlclient/ob_mysql_transaction.h:75), so the block of :201 does not run then. update_status_and_ret_code returns ret at :210.	confirmed
src/observer/vector_index/ob_vector_index_i_task_executor.cpp	ObVecITaskExecutor::clear_task_ctxs	line 244: declare tmp_ret (plan definition)	DECLARATION	let mut tmp_ret: ObResult = Ok(()); (RULEBOOK 2.1, the int ret and tmp_ret rows; s2-errors.md 2.2 rule 5).	sweep: tmp-ret.tsv:507 (data row 506). Declared once per round of the loop of src/observer/vector_index/ob_vector_index_i_task_executor.cpp:242. Writer: :247, ObVecIndexAsyncTaskUtil::remove_sys_task (tmp-ret.tsv:508). Reader: only the test on that line. clear_task_ctxs returns ret at :251.	confirmed
src/observer/vector_index/ob_vector_index_i_task_executor.cpp	ObVecITaskExecutor::clear_task_ctxs	line 247: OB_TMP_FAIL (plan definition)	IGNORED	} else if ob_fail!(tmp_ret = ObVecIndexAsyncTaskUtil::remove_sys_task(task_ctx)) { with its empty branch, before the else-if of src/observer/vector_index/ob_vector_index_i_task_executor.cpp:248 as written, with the call as the declaration index gives it (RULEBOOK 2.1, the tmp_ret row; s2-errors.md 2.3 table). The code dies in the variable.	sweep: tmp-ret.tsv:508 (data row 507). Created: src/observer/vector_index/ob_vector_index_i_task_executor.cpp:247 puts the code of ObVecIndexAsyncTaskUtil::remove_sys_task into tmp_ret: OB_INVALID_ARGUMENT for a NULL task, which :245 has excluded, or, for a task with a valid system task id, the code of SYS_TASK_STATUS_MGR.del_task (src/observer/vector_index/ob_vector_index_async_task_util.cpp:757-772), OB_ENTRY_NOT_EXIST when that id is not in the list (src/storage/scheduler/ob_sys_task_stat.cpp:306-307). Tested: never against a named code; the failing branch is empty, and the else-if chain then skips clear_task_ctx (ob_vector_index_i_task_executor.cpp:248), so that task context is neither removed from the map nor freed on this path, while ret keeps OB_SUCCESS and the loop of :242 goes on. The next round declares tmp_ret anew (:244); clear_task_ctxs returns ret at :251.	confirmed
src/observer/vector_index/ob_vector_index_i_task_executor.cpp	ObVecITaskExecutor::insert_new_task	line 320: declare tmp_ret (plan definition)	DECLARATION	let mut tmp_ret: ObResult = Ok(()); (RULEBOOK 2.1, the int ret and tmp_ret rows; s2-errors.md 2.2 rule 5).	sweep: tmp-ret.tsv:509 (data row 508). Declared in the trans.is_started() block of src/observer/vector_index/ob_vector_index_i_task_executor.cpp:319-325. Writer: :321, trans.end (tmp-ret.tsv:510). Readers: the test on that line, the log at :322 (K(tmp_ret)) and the merge at :323 (tmp-ret.tsv:511, MERGE_AND).	confirmed
src/observer/vector_index/ob_vector_index_i_task_executor.cpp	ObVecITaskExecutor::insert_new_task	line 321: assign tmp_ret	PASSED_ON	if ob_fail!(tmp_ret = trans.end(ret.is_ok())) {, the argument OB_SUCC(ret) being ret.is_ok(), with the call as the declaration index gives it; the LOG_ERROR in the branch takes the ret in scope (RULEBOOK 2.1, the tmp_ret row; s2-errors.md 2.3 table, 2.5 rule 1). The merge after it is its own row.	sweep: tmp-ret.tsv:510 (data row 509). Created: src/observer/vector_index/ob_vector_index_i_task_executor.cpp:321 puts the code of ObMySQLTransaction::end (src/oblib/common/mysqlclient/ob_mysql_transaction.cpp:173) into tmp_ret when the transaction started (ob_vector_index_i_task_executor.cpp:319). Tested: only against OB_SUCCESS. Reaches: the merge at :323 (tmp-ret.tsv:511) with no assignment in between; insert_new_task returns ret at :327.	confirmed
src/observer/vector_index/ob_vector_index_i_task_executor.cpp	ObVecITaskExecutor::insert_new_task	line 323: merge into ret	MERGE_AND	ret = ret.and(tmp_ret); (RULEBOOK 2.1, the COVER_SUCC row; s2-errors.md 2.3 table, 2.4 rule 4). The function keeps the local-ret form (s2-errors.md 2.3).	sweep: tmp-ret.tsv:511 (data row 510). Shape: the condition OB_SUCC(ret) tests only ret; a = ret, b = tmp_ret, a variable set at src/observer/vector_index/ob_vector_index_i_task_executor.cpp:321 by trans.end (tmp-ret.tsv:510) and holding an error inside that test. a: ret holds the error of batch_insert_vec_task (:316-317), which the merge keeps, or OB_SUCCESS, which takes the end error; a failed trans.start (:315) leaves trans.is_started() false, since in_trans_ becomes true only after a successful start (src/oblib/common/mysqlclient/ob_mysql_transaction.cpp:76, read by is_started at src/oblib/common/mysqlclient/ob_mysql_transaction.h:75), so the block of :319 does not run then. insert_new_task returns ret at :327.	confirmed
src/observer/vector_index/ob_vector_refresh_transaction.cpp	ObVectorRefreshTransaction::start	line 178: declare tmp_ret (plan definition)	DECLARATION	let mut tmp_ret: ObResult = Ok(()); (RULEBOOK 2.1, the int ret and tmp_ret rows; s2-errors.md 2.2 rule 5).	sweep: tmp-ret.tsv:512 (data row 511). Declared in the failure branch of src/observer/vector_index/ob_vector_refresh_transaction.cpp:177-182. Writer: :180, session_param_saved_.restore() (tmp-ret.tsv:513). Reader: only the test on that line, whose branch is empty. start returns ret at :183.	confirmed
src/observer/vector_index/ob_vector_refresh_transaction.cpp	ObVectorRefreshTransaction::start	line 180: OB_TMP_FAIL (plan definition)	IGNORED	if ob_fail!(tmp_ret = self.session_param_saved_.restore()) {} with its empty branch, after the close() of src/observer/vector_index/ob_vector_refresh_transaction.cpp:179 (RULEBOOK 2.1, the tmp_ret row; s2-errors.md 2.3 table). The code dies in the variable.	sweep: tmp-ret.tsv:513 (data row 512). Created: src/observer/vector_index/ob_vector_refresh_transaction.cpp:180 puts the code of ObSessionParamSaved::restore into tmp_ret, in the cleanup after start failed (:177); restore puts back the inner-session flag and autocommit of the saved session and returns the code of ObSessionAccess::set_autocommit (:86-87), or OB_SUCCESS when nothing was saved (:80). Tested: never against a named code; the branch at :180-181 is empty. Not read again; start returns ret, the error that led here, at :183.	confirmed
src/observer/vector_index/ob_vector_refresh_transaction.cpp	ObVectorRefreshTransaction::end	line 189: declare tmp_ret (plan definition)	DECLARATION	let mut tmp_ret: ObResult = Ok(()); (RULEBOOK 2.1, the int ret and tmp_ret rows; s2-errors.md 2.2 rule 5).	sweep: tmp-ret.tsv:514 (data row 513). Writer: src/observer/vector_index/ob_vector_refresh_transaction.cpp:197, session_param_saved_.restore() (tmp-ret.tsv:515). Readers: the test on that line, the log at :198 (KR(tmp_ret)) and the merge at :199, ret = COVER_SUCC(tmp_ret) (tmp-ret.tsv:516, MERGE_AND). end returns ret at :201.	confirmed
src/observer/vector_index/ob_vector_refresh_transaction.cpp	ObVectorRefreshTransaction::end	line 197: OB_TMP_FAIL (plan definition)	PASSED_ON	if ob_fail!(tmp_ret = self.session_param_saved_.restore()) { with the LOG_ERROR of src/observer/vector_index/ob_vector_refresh_transaction.cpp:198 taking the ret in scope and KR(tmp_ret) among its keys (RULEBOOK 2.1, the tmp_ret row; s2-errors.md 2.3 table, 2.5 rule 1). The merge at :199 is its own row.	sweep: tmp-ret.tsv:515 (data row 514). Created: src/observer/vector_index/ob_vector_refresh_transaction.cpp:197 puts the code of ObSessionParamSaved::restore (:77-93, the code of ObSessionAccess::set_autocommit at :86-87) into tmp_ret, after end_transaction_ (:191) and close() (:196). Tested: only against OB_SUCCESS. Reaches: ret = COVER_SUCC(tmp_ret) at :199 (tmp-ret.tsv:516), right after the log, with no assignment in between; end returns ret at :201.	confirmed
src/observer/vector_index/ob_vector_refresh_transaction.cpp	ObVectorRefreshTransaction::end	line 199: merge into ret	MERGE_AND	ret = ret.and(tmp_ret); (RULEBOOK 2.1, the COVER_SUCC row: ret = COVER_SUCC(t) is ret = ret.and(t); s2-errors.md 2.3 table, 2.4 rule 4). The function keeps the local-ret form (s2-errors.md 2.3).	sweep: tmp-ret.tsv:516 (data row 515). Shape: COVER_SUCC(tmp_ret) is (OB_SUCCESS == ret ? tmp_ret : ret) (src/oblib/lib/utility/ob_macro_utils.h:657), and its value is assigned to ret, so the merge takes effect: a = ret, b = tmp_ret, a variable set at src/observer/vector_index/ob_vector_refresh_transaction.cpp:197 by restore (tmp-ret.tsv:515) and holding an error inside that test. a: ret holds the error of end_transaction_ (:191) when a transaction was open, which the merge keeps, or OB_SUCCESS, which takes the restore error. end returns ret at :201.	confirmed
src/observer/virtual_table/ob_all_disk_stat.cpp	ObInfoSchemaDiskStatTable::inner_get_next_row	line 86: declare temp_ret	DECLARATION	let mut temp_ret: ObResult = Ok(()); (RULEBOOK 2.1, the int ret and tmp_ret rows; s2-errors.md 2.2 rule 5).	sweep: tmp-ret.tsv:517 (data row 516). Writer: src/observer/virtual_table/ob_all_disk_stat.cpp:89, ObIOManager::get_device_health_status (tmp-ret.tsv:518). Reader: only the test on that line, whose branch is empty. inner_get_next_row returns ret at :140.	confirmed
src/observer/virtual_table/ob_all_disk_stat.cpp	ObInfoSchemaDiskStatTable::inner_get_next_row	line 89: assign temp_ret	IGNORED	if ob_fail!(temp_ret = <the get_device_health_status call on the IO manager reached through the context (RULEBOOK 2.8), signature from the declaration index>) {} with its empty branch (RULEBOOK 2.1, the tmp_ret row; s2-errors.md 2.3 table). The code dies in the variable.	sweep: tmp-ret.tsv:518 (data row 517). Created: src/observer/virtual_table/ob_all_disk_stat.cpp:89 puts the code of ObIOManager::get_device_health_status into temp_ret; it passes on ObIOFaultDetector::get_device_health_status (src/share/io/ob_io_manager.cpp:383-386), which returns OB_SUCCESS on every path (src/share/io/ob_io_struct.cpp:1770-1794). Tested: never against a named code; the branch at ob_all_disk_stat.cpp:89-91 is empty; dhs and data_disk_abnormal_time, set to defaults at :87-88 and filled by the call, feed the cells of :118 and :122. Not read again; inner_get_next_row returns ret at :140.	confirmed
src/observer/virtual_table/ob_all_virtual_io_status.cpp	ObAllVirtualIOQuota::record_user_group	line 327: declare tmp_ret (plan definition)	DECLARATION	let mut tmp_ret: ObResult = Ok(()); (RULEBOOK 2.1, the int ret and tmp_ret rows; s2-errors.md 2.2 rule 5).	sweep: tmp-ret.tsv:519 (data row 518). Declared before the loop of src/observer/virtual_table/ob_all_virtual_io_status.cpp:328. Writer: :329, transform_usage_index_to_group_config_index, once per round (tmp-ret.tsv:520). Reader: only the test on that line, whose branch is empty. record_user_group returns ret at :374.	confirmed
src/observer/virtual_table/ob_all_virtual_io_status.cpp	ObAllVirtualIOQuota::record_user_group	line 329: OB_TMP_FAIL (plan definition)	IGNORED	if ob_fail!(tmp_ret = transform_usage_index_to_group_config_index(i, &mut group_config_index)) {} with its empty branch, the first test of the else-if chain of src/observer/virtual_table/ob_all_virtual_io_status.cpp:329-371, with the call as the declaration index gives it (RULEBOOK 2.1, the tmp_ret row; s2-errors.md 2.3 table). The code dies in the variable.	sweep: tmp-ret.tsv:520 (data row 519). Created: src/observer/virtual_table/ob_all_virtual_io_status.cpp:329 puts the code of transform_usage_index_to_group_config_index into tmp_ret; that function computes the index and returns OB_SUCCESS on every path (src/share/io/ob_io_define.cpp:60-68). Tested: never against a named code; the failing branch is empty and would skip this usage entry. The next round of the loop of ob_all_virtual_io_status.cpp:328 overwrites tmp_ret; record_user_group returns ret at :374.	confirmed
src/observer/virtual_table/ob_all_virtual_io_status.cpp	ObAllVirtualIOQuota::record_sys_group	line 384: declare tmp_ret (plan definition)	DECLARATION	let mut tmp_ret: ObResult = Ok(()); (RULEBOOK 2.1, the int ret and tmp_ret rows; s2-errors.md 2.2 rule 5).	sweep: tmp-ret.tsv:521 (data row 520). Declared before the loop of src/observer/virtual_table/ob_all_virtual_io_status.cpp:386. Writer: :387, transform_usage_index_to_group_config_index, once per round (tmp-ret.tsv:522). Reader: only the test on that line, whose branch is empty. record_sys_group returns ret at :406.	confirmed
src/observer/virtual_table/ob_all_virtual_io_status.cpp	ObAllVirtualIOQuota::record_sys_group	line 387: OB_TMP_FAIL (plan definition)	IGNORED	if ob_fail!(tmp_ret = transform_usage_index_to_group_config_index(i, &mut group_config_index)) {} with its empty branch, the first test of the else-if chain of src/observer/virtual_table/ob_all_virtual_io_status.cpp:387-403, with the call as the declaration index gives it (RULEBOOK 2.1, the tmp_ret row; s2-errors.md 2.3 table). The code dies in the variable.	sweep: tmp-ret.tsv:522 (data row 521). Created: src/observer/virtual_table/ob_all_virtual_io_status.cpp:387 puts the code of transform_usage_index_to_group_config_index into tmp_ret; that function returns OB_SUCCESS on every path (src/share/io/ob_io_define.cpp:60-68). Tested: never against a named code; the failing branch is empty and would skip this usage entry. The next round of the loop of ob_all_virtual_io_status.cpp:386 overwrites tmp_ret; record_sys_group returns ret at :406.	confirmed
src/observer/virtual_table/ob_all_virtual_io_status.cpp	ObAllVirtualGroupIOStat::record_user_group_io_status	line 556: declare tmp_ret (plan definition)	DECLARATION	let mut tmp_ret: ObResult = Ok(()); (RULEBOOK 2.1, the int ret and tmp_ret rows; s2-errors.md 2.2 rule 5).	sweep: tmp-ret.tsv:523 (data row 522). Declared in the else branch of src/observer/virtual_table/ob_all_virtual_io_status.cpp:555-615. Writer: :570, transform_usage_index_to_group_config_index, once per round of the loop of :564 (tmp-ret.tsv:524). Reader: only the test on that line, whose branch is empty.	confirmed
src/observer/virtual_table/ob_all_virtual_io_status.cpp	ObAllVirtualGroupIOStat::record_user_group_io_status	line 570: OB_TMP_FAIL (plan definition)	IGNORED	if ob_fail!(tmp_ret = transform_usage_index_to_group_config_index(local_read_index, &mut group_config_index)) {} with its empty branch, the first test of the else-if chain of src/observer/virtual_table/ob_all_virtual_io_status.cpp:570-612, with the call as the declaration index gives it (RULEBOOK 2.1, the tmp_ret row; s2-errors.md 2.3 table). The code dies in the variable.	sweep: tmp-ret.tsv:524 (data row 523). Created: src/observer/virtual_table/ob_all_virtual_io_status.cpp:570 puts the code of transform_usage_index_to_group_config_index for the local-read index into tmp_ret; that function returns OB_SUCCESS on every path (src/share/io/ob_io_define.cpp:60-68). Tested: never against a named code; the failing branch (ob_all_virtual_io_status.cpp:570-571) is empty and would skip this group. The next round of the loop of :564 overwrites tmp_ret, which leaves scope at :615.	confirmed
src/observer/virtual_table/ob_all_virtual_lock_wait_stat.cpp	ObAllVirtualLockWaitStat::inner_get_next_row	line 44: declare tmp_ret (plan definition)	DECLARATION	let mut tmp_ret: ObResult = Ok(()); (RULEBOOK 2.1, the int ret and tmp_ret rows; s2-errors.md 2.2 rule 5).	sweep: tmp-ret.tsv:525 (data row 524). Writer: src/observer/virtual_table/ob_all_virtual_lock_wait_stat.cpp:147, get_rowkey_holder, for the holder column of a waiter on a row lock (tmp-ret.tsv:526). Reader: only the test on that line, whose branch is empty. inner_get_next_row returns ret at :166.	confirmed
src/observer/virtual_table/ob_all_virtual_lock_wait_stat.cpp	ObAllVirtualLockWaitStat::inner_get_next_row	line 147: OB_TMP_FAIL (plan definition)	IGNORED	if ob_fail!(tmp_ret = self.get_rowkey_holder(node_iter_.hash_, &mut holder_tx_id)) {} with its empty branch (RULEBOOK 2.1, the tmp_ret row; s2-errors.md 2.3 table). The code dies in the variable.	sweep: tmp-ret.tsv:526 (data row 525). Created: src/observer/virtual_table/ob_all_virtual_lock_wait_stat.cpp:147 puts the code of get_rowkey_holder into tmp_ret for a waiter on a row lock (:144); get_rowkey_holder answers OB_ERR_UNEXPECTED when the lock wait manager slot is NULL (:186-187, server-service-slots.tsv:423) and otherwise passes on ObLockWaitMgr::get_hash_holder (:189), the lookup of the row hash in the ObLinearHashMap of RowHolderMapper (src/storage/memtable/ob_lock_wait_mgr.h:59, :70). Tested: never against a named code; the branch at ob_all_virtual_lock_wait_stat.cpp:147-148 is empty, as the comment at :145-146 intends, and :150 reports whatever holder_tx_id holds, set from the node at :140. Not read again; inner_get_next_row returns ret at :166.	confirmed
src/observer/virtual_table/ob_all_virtual_ps_item_info.cpp	ObAllVirtualPsItemInfo::get_next_row	line 175: declare tmp_ret	LOOKUP_OUTCOME	let mut tmp_ret: ObResult = self.ps_cache_.ref_stmt_info(stmt_id, &mut stmt_info); with the call as refcount.tsv:271 and the declaration index give it, then the C++ chain as written: if matches!(tmp_ret, Err(OB_HASH_NOT_EXIST)) {} else if tmp_ret.is_err() { ret = tmp_ret; <log> } else if .. (RULEBOOK 2.1: OB_X == tmp_ret is matches!; s2-errors.md 2.3 table). The PS cache map keeps OB_HASH_NOT_EXIST at its boundary (s2-errors.md 2.4 rule 2; RULEBOOK 2.5, the ObHashMap row).	sweep: tmp-ret.tsv:527 (data row 526). Producer: src/observer/virtual_table/ob_all_virtual_ps_item_info.cpp:175, ObPsCache::ref_stmt_info(stmt_id, stmt_info), which looks the statement id up in stmt_info_map_, an ObHashMap<ObPsStmtId, ObPsStmtInfo *> (src/sql/plan_cache/ob_ps_cache.h:79, :180), through read_atomic, answers OB_HASH_NOT_EXIST for a miss and calls read_atomic again while a round ends in OB_EAGAIN, from the map or from its callback, for at most MAX_RETRY_CNT = 2000 rounds in all (src/sql/plan_cache/ob_ps_cache.cpp:697-699 for the miss; :684, :687-689 and :701 for OB_EAGAIN; :680-681 and :709-710 for the bound), and takes a reference on the statement info on a hit. The line is also refcount.tsv:271 (the same call, whose reference that row decides). Test: ob_all_virtual_ps_item_info.cpp:176 against OB_HASH_NOT_EXIST (ret-compare.tsv:887): a statement closed since its id was collected is skipped with an empty branch, stmt_info stays NULL, nothing is filled, and the loop of :155 takes the next id. Any other failure goes into ret at :178 (tmp-ret.tsv:528, MERGE_AS_WRITTEN), which ends the loop. The next writer is :183.	confirmed
src/observer/virtual_table/ob_all_virtual_ps_item_info.cpp	ObAllVirtualPsItemInfo::get_next_row	line 178: merge into ret	MERGE_AS_WRITTEN	ret = tmp_ret; as the C++ writes it, in the else-if branch of src/observer/virtual_table/ob_all_virtual_ps_item_info.cpp:177 (RULEBOOK 2.1: any other merge as the C++ writes it; s2-errors.md 2.4 rule 4). The function keeps the local-ret form (s2-errors.md 2.3).	sweep: tmp-ret.tsv:528 (data row 527). Guard: OB_SUCCESS != tmp_ret at src/observer/virtual_table/ob_all_virtual_ps_item_info.cpp:177 after OB_HASH_NOT_EXIST == tmp_ret failed at :176 (ret-compare.tsv:887), inside the loop of :155, whose condition requires OB_SUCC(ret); nothing writes ret between :155 and :178 on this path, so ret is OB_SUCCESS and the merge gives it the lookup error. X: tmp_ret, declared at :175 from ref_stmt_info (tmp-ret.tsv:527). The loop then ends, the release of :212-222 is skipped because stmt_info is NULL, and get_next_row returns ret at :226. (tmp-ret.md section 12 gives this row the same value.)	confirmed
src/observer/virtual_table/ob_all_virtual_ps_item_info.cpp	ObAllVirtualPsItemInfo::get_next_row	line 183: assign tmp_ret	LOOKUP_OUTCOME	} else if false_it!(tmp_ret = self.ps_cache_.ref_stmt_item(stmt_info.get_sql_key(), &mut stmt_item)) { } else if matches!(tmp_ret, Err(OB_HASH_NOT_EXIST)) { <the SERVER_LOG DEBUG of src/observer/virtual_table/ob_all_virtual_ps_item_info.cpp:186-187> } else if tmp_ret.is_err() { ret = tmp_ret; <log> } else if .. as written, with the call as refcount.tsv:272 and the declaration index give it (RULEBOOK 2.1, the FALSE_IT row and OB_X == tmp_ret as matches!; s2-errors.md 2.3 table). The PS cache map keeps OB_HASH_NOT_EXIST at its boundary (s2-errors.md 2.4 rule 2; RULEBOOK 2.5, the ObHashMap row).	sweep: tmp-ret.tsv:529 (data row 528). Producer: src/observer/virtual_table/ob_all_virtual_ps_item_info.cpp:183, ObPsCache::ref_stmt_item(stmt_info->get_sql_key(), stmt_item), which looks the SQL key of the statement up in stmt_id_map_, an ObHashMap<ObPsSqlKey, ObPsStmtItem *> (src/sql/plan_cache/ob_ps_cache.h:77, :179), through inner_ref_stmt_item, answers OB_HASH_NOT_EXIST for a miss and OB_INVALID_ARGUMENT for an empty key (src/sql/plan_cache/ob_ps_cache.cpp:415-417, :435-437), and takes a reference on the item on a hit. The line is also refcount.tsv:272 (the same call). Test: ob_all_virtual_ps_item_info.cpp:185 against OB_HASH_NOT_EXIST (ret-compare.tsv:888): an item deleted meanwhile is only logged at DEBUG (:186-187), ret stays OB_SUCCESS, fill_cells at :198 runs with a NULL stmt_item, and the statement info is still released at :212-222. Any other failure goes into ret at :189 (tmp-ret.tsv:530, MERGE_AS_WRITTEN). The next writer is :213.	confirmed
src/observer/virtual_table/ob_all_virtual_ps_item_info.cpp	ObAllVirtualPsItemInfo::get_next_row	line 189: merge into ret	MERGE_AS_WRITTEN	ret = tmp_ret; as the C++ writes it, in the else-if branch of src/observer/virtual_table/ob_all_virtual_ps_item_info.cpp:188 (RULEBOOK 2.1: any other merge as the C++ writes it; s2-errors.md 2.4 rule 4). The function keeps the local-ret form (s2-errors.md 2.3).	sweep: tmp-ret.tsv:530 (data row 529). Guard: OB_SUCCESS != tmp_ret at src/observer/virtual_table/ob_all_virtual_ps_item_info.cpp:188 after OB_HASH_NOT_EXIST == tmp_ret failed at :185 (ret-compare.tsv:888); the branch is reached only when ref_stmt_info succeeded (:176-177) and stmt_info is not NULL (:180), so ret is still OB_SUCCESS and the merge gives it the ref_stmt_item error. X: tmp_ret from :183 (tmp-ret.tsv:529). The statement info is then released at :212-222, whose error does not replace this one (:214), and the loop of :155 ends.	confirmed
src/observer/virtual_table/ob_all_virtual_ps_item_info.cpp	ObAllVirtualPsItemInfo::get_next_row	line 213: assign tmp_ret	PASSED_ON	if ob_fail!(tmp_ret = self.ps_cache_.deref_stmt_info(stmt_id)) { if ret.is_ok() { ret = tmp_ret; } <log> } else { <stmt_info cleared as written> }, with the call as refcount.tsv:274 and the declaration index give it (RULEBOOK 2.1, the tmp_ret row; s2-errors.md 2.3 table); kept unless refcount.tsv:274 makes the release a drop that returns no code. The merge at src/observer/virtual_table/ob_all_virtual_ps_item_info.cpp:216 is its own row.	sweep: tmp-ret.tsv:531 (data row 530). Created: src/observer/virtual_table/ob_all_virtual_ps_item_info.cpp:213 puts the code of ObPsCache::deref_stmt_info, which gives back the reference :175 took, into tmp_ret: the code of read_atomic on stmt_info_map_, or OB_ERR_UNEXPECTED when the release callback failed (src/sql/plan_cache/ob_ps_cache.cpp:714-725); it runs whatever ret holds, as the comment at ob_all_virtual_ps_item_info.cpp:211 says. The line is also refcount.tsv:274 (the same call, whose release that row decides). Tested: only against OB_SUCCESS at :213. Reaches: ret = tmp_ret at :216 (tmp-ret.tsv:532) when ret is still OB_SUCCESS (:214); the log at :218 prints it. get_next_row returns ret at :226.	confirmed
src/observer/virtual_table/ob_all_virtual_ps_item_info.cpp	ObAllVirtualPsItemInfo::get_next_row	line 216: merge into ret	MERGE_AS_WRITTEN	if ret.is_ok() { ret = tmp_ret; } as the C++ writes it, inside the failing deref test of src/observer/virtual_table/ob_all_virtual_ps_item_info.cpp:213 (RULEBOOK 2.1: any other merge as the C++ writes it; s2-errors.md 2.4 rule 4; tmp-ret.md section 9, Q2). The function keeps the local-ret form (s2-errors.md 2.3).	sweep: tmp-ret.tsv:532 (data row 531). Guard: OB_SUCCESS == ret at src/observer/virtual_table/ob_all_virtual_ps_item_info.cpp:214, inside the failing deref_stmt_info test of :213. ret can hold the error of ref_stmt_item (:189), of a NULL stmt_item (:192) or of fill_cells (:198), which the guard keeps, as the comment at :215 says; otherwise the merge gives ret the deref error. X: tmp_ret from :213 (tmp-ret.tsv:531). get_next_row returns ret at :226.	confirmed
src/observer/virtual_table/ob_all_virtual_server_compaction_event_history.cpp	ObAllVirtualServerCompactionEventHistory::fill_cells	line 71: declare tmp_ret (plan definition)	DECLARATION	let mut tmp_ret: ObResult = Ok(()); (RULEBOOK 2.1, the int ret and tmp_ret rows; s2-errors.md 2.2 rule 5).	sweep: tmp-ret.tsv:533 (data row 532). Writer: src/observer/virtual_table/ob_all_virtual_server_compaction_event_history.cpp:89, event_.generate_event_str (tmp-ret.tsv:534). Readers: the test on that line and the log at :90 (K(tmp_ret)). fill_cells returns ret at :107.	confirmed
src/observer/virtual_table/ob_all_virtual_server_compaction_event_history.cpp	ObAllVirtualServerCompactionEventHistory::fill_cells	line 89: OB_TMP_FAIL (plan definition)	IGNORED	if ob_fail!(tmp_ret = <the generate_event_str call on self.event_ into self.event_buf_, signature from the declaration index>) { <the SERVER_LOG WARN of src/observer/virtual_table/ob_all_virtual_server_compaction_event_history.cpp:90 with the ret in scope and K(tmp_ret) among its keys>; <the empty varchar of :91> } else { <the varchar of :93> } as written (RULEBOOK 2.1, the tmp_ret row; s2-errors.md 2.3 table, 2.5 rule 1). The code dies in the variable.	sweep: tmp-ret.tsv:534 (data row 533). Created: src/observer/virtual_table/ob_all_virtual_server_compaction_event_history.cpp:89 puts the code of ObServerCompactionEvent::generate_event_str into tmp_ret; it prints the event name and comment into event_buf_ (a char array of OB_COMPACTION_EVENT_STR_LENGTH, src/observer/virtual_table/ob_all_virtual_server_compaction_event_history.h:47) and returns the code of databuff_printf (src/storage/compaction/ob_server_compaction_event_history.cpp:71-80), OB_SIZE_OVERFLOW when the text does not fit. Tested: never against a named code, so the full buffer is not singled out (tmp-ret.md 6.11 needs a test or an assignment of the code). The failing branch logs (ob_all_virtual_server_compaction_event_history.cpp:90) and falls back to an empty EVENT cell (:91). Not read again; fill_cells returns ret at :107.	confirmed
src/observer/virtual_table/ob_all_virtual_server_compaction_progress.cpp	ObAllVirtualServerCompactionProgress::fill_cells	line 73: declare tmp_ret (plan definition)	DECLARATION	let mut tmp_ret: ObResult = Ok(()); (RULEBOOK 2.1, the int ret and tmp_ret rows; s2-errors.md 2.2 rule 5).	sweep: tmp-ret.tsv:535 (data row 534). Writer: src/observer/virtual_table/ob_all_virtual_server_compaction_progress.cpp:126, get_max_major_finish_time (tmp-ret.tsv:536). Reader: only the test on that line, whose branch is empty. fill_cells returns ret at :166.	confirmed
src/observer/virtual_table/ob_all_virtual_server_compaction_progress.cpp	ObAllVirtualServerCompactionProgress::fill_cells	line 126: OB_TMP_FAIL (plan definition)	IGNORED	if ob_fail!(tmp_ret = <the get_max_major_finish_time call on the dag scheduler reached through the context (RULEBOOK 2.8), signature from the declaration index>) {} with its empty branch, in the body of SERVER_MODULE_SCOPE at src/observer/virtual_table/ob_all_virtual_server_compaction_progress.cpp:125 (RULEBOOK 2.1, the tmp_ret row; s2-errors.md 2.3 table). The code dies in the variable.	sweep: tmp-ret.tsv:536 (data row 535). Created: src/observer/virtual_table/ob_all_virtual_server_compaction_progress.cpp:126 puts the code of ObDagScheduler::get_max_major_finish_time into tmp_ret: OB_NOT_INIT, OB_INVALID_ARGUMENT for a negative version, or the code of the low-priority scheduler (src/storage/scheduler/ob_dag_scheduler.cpp:4235-4248). The line is also server-service-slots.tsv:446 (the lookup of the ObDagScheduler slot); it sits in the body of SERVER_MODULE_SCOPE (ob_all_virtual_server_compaction_progress.cpp:125), which adds no clause (tmp-ret.md section 5). Tested: never against a named code; the branch at :126-127 is empty, and :129 then keeps the larger of the old estimate and update_estimated_finish_time, which :124 set to 0. Not read again. (tmp-ret.md section 13 gives this row the same value.)	confirmed
src/observer/virtual_table/ob_all_virtual_server_schema_info.cpp	ObAllVirtualServerSchemaInfo::inner_get_next_row	line 39: declare tmp_ret (plan definition)	DECLARATION	let mut tmp_ret: ObResult = Ok(()); (RULEBOOK 2.1, the int ret and tmp_ret rows; s2-errors.md 2.2 rule 5).	sweep: tmp-ret.tsv:537 (data row 536). Declared in the else branch of src/observer/virtual_table/ob_all_virtual_server_schema_info.cpp:38-43. Writers: :40, get_runtime_schema_guard (tmp-ret.tsv:538), and :41, get_schema_count (tmp-ret.tsv:539). Readers: only the tests on those lines, whose branches are empty.	confirmed
src/observer/virtual_table/ob_all_virtual_server_schema_info.cpp	ObAllVirtualServerSchemaInfo::inner_get_next_row	line 40: assign tmp_ret	IGNORED	if ob_fail!(tmp_ret = self.schema_service_.get_runtime_schema_guard(&mut schema_guard)) {} with its empty branch and the call as the declaration index gives it, the first test of the else-if chain of src/observer/virtual_table/ob_all_virtual_server_schema_info.cpp:40-42 (RULEBOOK 2.1, the tmp_ret row; s2-errors.md 2.3 table). The code dies in the variable.	sweep: tmp-ret.tsv:538 (data row 537). Created: src/observer/virtual_table/ob_all_virtual_server_schema_info.cpp:40 puts the code of ObMultiVersionSchemaService::get_runtime_schema_guard (schema_service_, src/observer/virtual_table/ob_all_virtual_server_schema_info.h:44) into tmp_ret. Tested: never against a named code; the branch is empty, and the chain then skips get_schema_count (ob_all_virtual_server_schema_info.cpp:41), so the SCHEMA_COUNT cell (:58) shows the OB_INVALID_ID of :34. Not read again; tmp_ret leaves scope at :43, and inner_get_next_row returns ret at :71.	confirmed
src/observer/virtual_table/ob_all_virtual_server_schema_info.cpp	ObAllVirtualServerSchemaInfo::inner_get_next_row	line 41: assign tmp_ret	IGNORED	} else if ob_fail!(tmp_ret = schema_guard.get_schema_count(&mut schema_count)) {} with its empty branch and the call as the declaration index gives it (RULEBOOK 2.1, the tmp_ret row; s2-errors.md 2.3 table). The code dies in the variable.	sweep: tmp-ret.tsv:539 (data row 538). Created: src/observer/virtual_table/ob_all_virtual_server_schema_info.cpp:41 puts the code of ObSchemaGetterGuard::get_schema_count (src/share/schema/ob_schema_getter_guard.h:574) into tmp_ret, once the guard of ob_all_virtual_server_schema_info.cpp:40 was obtained. Tested: never against a named code; the branch at :41-42 is empty, and the SCHEMA_COUNT cell (:58) shows whatever schema_count holds. Not read again; tmp_ret leaves scope at :43, and inner_get_next_row returns ret at :71.	confirmed
src/observer/virtual_table/ob_all_virtual_sql_plan.cpp	ObAllVirtualSqlPlan::prepare_next_plan	line 495: declare tmp_ret (plan definition)	DECLARATION	let mut tmp_ret: ObResult = Ok(()); (RULEBOOK 2.1, the int ret and tmp_ret rows; s2-errors.md 2.2 rule 5).	sweep: tmp-ret.tsv:540 (data row 539). Declared in the else branch of src/observer/virtual_table/ob_all_virtual_sql_plan.cpp:485-523. Writer: :498, ref_alloc_plan (tmp-ret.tsv:541). Reader: only the test on that line, whose branch is empty. prepare_next_plan returns ret at :524.	confirmed
src/observer/virtual_table/ob_all_virtual_sql_plan.cpp	ObAllVirtualSqlPlan::prepare_next_plan	line 498: assign tmp_ret	IGNORED	if ob_fail!(tmp_ret = plan_cache.ref_alloc_plan(self.plan_id_, &mut guard)) {} with its empty branch, the first test of the else-if chain of src/observer/virtual_table/ob_all_virtual_sql_plan.cpp:498-521, with the call as refcount.tsv:275 and the declaration index give it (RULEBOOK 2.1, the tmp_ret row; s2-errors.md 2.3 table). The code dies in the variable.	sweep: tmp-ret.tsv:541 (data row 540). Created: src/observer/virtual_table/ob_all_virtual_sql_plan.cpp:498 puts the code of ObPlanCache::ref_alloc_plan into tmp_ret; it looks the plan id up through ref_alloc_obj, answers OB_HASH_NOT_EXIST when the object is gone and OB_ERR_UNEXPECTED for an object that is not a plan, and holds a reference in guard on a hit (src/sql/plan_cache/ob_plan_cache.cpp:1493-1522). The line is also refcount.tsv:275 (the same call). It sits in the body of SERVER_MODULE_SCOPE (ob_all_virtual_sql_plan.cpp:496), which adds no clause (tmp-ret.md section 5). Tested: never against a named code; the failing branch is empty (the comment at :499 reads should not panic), so plan_items_, emptied at :477, stay empty and this plan gives no rows. Not read again; prepare_next_plan returns ret at :524.	confirmed
src/observer/virtual_table/ob_all_virtual_sql_stat.cpp	ObAllVirtualSqlStatIter::get_next_sql_stat	line 196: declare tmp_ret	LOOKUP_OUTCOME	let tmp_ret: ObResult = plan_cache.ref_cache_obj(cur_sql_stat_cache_id, &mut guard); (let without mut: nothing assigns it after the declaration, and the tmp_ret of src/observer/virtual_table/ob_all_virtual_sql_stat.cpp:227 is a new variable of an inner block; RULEBOOK 2.1, the int ret and tmp_ret rows), with the call as refcount.tsv:276 and the declaration index give it, then the C++ chain as written: if matches!(tmp_ret, Err(OB_HASH_NOT_EXIST)) {} else if tmp_ret.is_err() { ret = tmp_ret; } else if .. (RULEBOOK 2.1: OB_X == tmp_ret is matches!; s2-errors.md 2.3 table). The cache object map keeps OB_HASH_NOT_EXIST at its boundary (s2-errors.md 2.4 rule 2; RULEBOOK 2.5, the ObHashMap row).	sweep: tmp-ret.tsv:542 (data row 541). Producer: src/observer/virtual_table/ob_all_virtual_sql_stat.cpp:196, ObPlanCache::ref_cache_obj(cur_sql_stat_cache_id, guard), which looks the id up in cache_obj_map_, an ObHashMap<ObCacheObjID, ObILibCacheObject*> (src/sql/plan_cache/ob_lib_cache_object_manager.h:35, :86), through atomic_get_cache_obj (src/sql/plan_cache/ob_lib_cache_object_manager.h:117-123), answers OB_HASH_NOT_EXIST when no object is found (src/sql/plan_cache/ob_plan_cache.cpp:1462-1474) and holds a reference in guard on a hit. The line is also refcount.tsv:276 (the same call). Test: ob_all_virtual_sql_stat.cpp:197 against OB_HASH_NOT_EXIST (ret-compare.tsv:910): an object evicted since its id was collected is skipped with an empty branch, get_next_sql_stat returns OB_SUCCESS with sql_stat_value unfilled, and the loop of :625 asks again. Any other failure goes into ret at :200 (tmp-ret.tsv:543, MERGE_AS_WRITTEN). tmp_ret is not read after :199.	confirmed
src/observer/virtual_table/ob_all_virtual_sql_stat.cpp	ObAllVirtualSqlStatIter::get_next_sql_stat	line 200: merge into ret	MERGE_AS_WRITTEN	ret = tmp_ret; as the C++ writes it, in the else-if branch of src/observer/virtual_table/ob_all_virtual_sql_stat.cpp:199 (RULEBOOK 2.1: any other merge as the C++ writes it; s2-errors.md 2.4 rule 4). The function keeps the local-ret form (s2-errors.md 2.3).	sweep: tmp-ret.tsv:543 (data row 542). Guard: OB_SUCCESS != tmp_ret at src/observer/virtual_table/ob_all_virtual_sql_stat.cpp:199 after OB_HASH_NOT_EXIST == tmp_ret failed at :197 (ret-compare.tsv:910), inside the if (OB_SUCC(ret)) of :185; nothing writes ret between :185 and :200 on this path, so ret is OB_SUCCESS and the merge gives it the lookup error. X: tmp_ret, declared at :196 from ref_cache_obj (tmp-ret.tsv:542). get_next_sql_stat returns ret at :258.	confirmed
src/observer/virtual_table/ob_all_virtual_sql_stat.cpp	ObAllVirtualSqlStatIter::get_next_sql_stat	line 227: declare tmp_ret	LOOKUP_OUTCOME	let tmp_ret: ObResult = self.tmp_sql_stat_map_.get_refactored(sql_stat_value.get_key(), &mut value); (let without mut: nothing assigns it after the declaration; RULEBOOK 2.1, the int ret and tmp_ret rows), with the call as the declaration index gives it, then the C++ chain as written: if matches!(tmp_ret, Err(OB_HASH_NOT_EXIST)) {} else if tmp_ret.is_ok() { .. } else { ret = Err(OB_ERR_UNEXPECTED); <log> } (RULEBOOK 2.1: OB_X == tmp_ret is matches!; s2-errors.md 2.3 table; the else keeps its constant at the same place, never map_err, s2-errors.md 2.4 rule 3). The map port keeps OB_HASH_NOT_EXIST at its boundary (s2-errors.md 2.4 rule 2; RULEBOOK 2.5, the ObHashMap row).	sweep: tmp-ret.tsv:544 (data row 543). Producer: src/observer/virtual_table/ob_all_virtual_sql_stat.cpp:227, get_refactored on tmp_sql_stat_map_, a TmpSqlStatMap, that is hash::ObHashMap<ObSqlStatRecordKey, ObExecutedSqlStatRecord*> (src/observer/virtual_table/ob_all_virtual_sql_stat.h:29, :59): a lookup by the stat key of the statement, OB_HASH_NOT_EXIST for a miss (src/oblib/lib/hash/ob_hashtable.h:1131). Tests: ob_all_virtual_sql_stat.cpp:228 against OB_HASH_NOT_EXIST (ret-compare.tsv:911), a miss that leaves the cached record as :225 copied it, and :230 against OB_SUCCESS, a hit whose running figures are added and whose entry is erased (:231-232). Any other code reaches the else of :234-236, which sets ret to OB_ERR_UNEXPECTED and logs tmp_ret: that else is reached by the codes no named-code test saw, while the one code a test names, the miss, is not renamed, so the lookup decides the value (tmp-ret.md 6.8, 6.10), as the compare row of the same test does. tmp_ret leaves scope at :238.	confirmed
src/observer/virtual_table/ob_global_variables.cpp	ObGlobalVariables::inner_get_next_row	line 77: merge OB_ERR_UNEXPECTED into ret (continue-and-record through another variable)	MERGE_AND	ret = ret.and(Err(OB_ERR_UNEXPECTED)); (RULEBOOK 2.1, the COVER_SUCC row: ret = COVER_SUCC(t) is ret = ret.and(t); s2-errors.md 2.3 table, 2.4 rule 4), in the branch of src/observer/virtual_table/ob_global_variables.cpp:76, followed by the SERVER_LOG WARN of :78 as written. The function keeps the local-ret form (s2-errors.md 2.3).	sweep: tmp-ret.tsv:545 (data row 544). Shape: COVER_SUCC(OB_ERR_UNEXPECTED) is (OB_SUCCESS == ret ? OB_ERR_UNEXPECTED : ret) (src/oblib/lib/utility/ob_macro_utils.h:657), assigned to ret: a = ret, b = Err(OB_ERR_UNEXPECTED), a constant (the continue-and-record idiom through a code constant). a: the branch of src/observer/virtual_table/ob_global_variables.cpp:76 runs when sys_var_fac.create_sys_var failed, and ret then holds its error, which the merge keeps, or when it succeeded but gave a NULL sysvar, and ret is then OB_SUCCESS and takes OB_ERR_UNEXPECTED. The loop of :66 then ends, and inner_get_next_row returns ret at :158.	confirmed
src/observer/virtual_table/ob_gv_sql.cpp	ObGVSql::get_next_plan_row	line 90: declare tmp_ret	LOOKUP_OUTCOME	let tmp_ret: ObResult = self.plan_cache_.ref_alloc_obj(plan_id, &mut guard); (let without mut: nothing assigns it after the declaration; RULEBOOK 2.1, the int ret and tmp_ret rows), with the call as refcount.tsv:277 and the declaration index give it, then the C++ chain as written: if matches!(tmp_ret, Err(OB_HASH_NOT_EXIST)) {} else if tmp_ret.is_err() { ret = tmp_ret; } else if .. (RULEBOOK 2.1: OB_X == tmp_ret is matches!; s2-errors.md 2.3 table). The allocated-object map keeps OB_HASH_NOT_EXIST at its boundary (s2-errors.md 2.4 rule 2; RULEBOOK 2.5, the ObHashMap row).	sweep: tmp-ret.tsv:546 (data row 545). Producer: src/observer/virtual_table/ob_gv_sql.cpp:90, ObPlanCache::ref_alloc_obj(plan_id, guard), which looks the id up in alloc_cache_obj_map_, an ObHashMap<ObCacheObjID, ObILibCacheObject*> (src/sql/plan_cache/ob_lib_cache_object_manager.h:35, :95), through atomic_get_alloc_cache_obj (src/sql/plan_cache/ob_lib_cache_object_manager.h:126-132), answers OB_HASH_NOT_EXIST when no object is found (src/sql/plan_cache/ob_plan_cache.cpp:1493-1505) and holds a reference in guard on a hit, as the comment on ob_gv_sql.cpp:90 says. The line is also refcount.tsv:277 (the same call). Test: ob_gv_sql.cpp:92 against OB_HASH_NOT_EXIST (ret-compare.tsv:967): a plan freed since its id was collected is skipped, as the comment at :91 says, and the loop of :71 takes the next id. Any other failure goes into ret at :95 (tmp-ret.tsv:547, MERGE_AS_WRITTEN).	confirmed
src/observer/virtual_table/ob_gv_sql.cpp	ObGVSql::get_next_plan_row	line 95: merge into ret	MERGE_AS_WRITTEN	ret = tmp_ret; as the C++ writes it, in the else-if branch of src/observer/virtual_table/ob_gv_sql.cpp:94 (RULEBOOK 2.1: any other merge as the C++ writes it; s2-errors.md 2.4 rule 4). The function keeps the local-ret form (s2-errors.md 2.3).	sweep: tmp-ret.tsv:547 (data row 546). Guard: OB_SUCCESS != tmp_ret at src/observer/virtual_table/ob_gv_sql.cpp:94 after OB_HASH_NOT_EXIST == tmp_ret failed at :92 (ret-compare.tsv:967), inside the loop of :71, whose condition requires OB_SUCC(ret); nothing writes ret between :71 and :95 on this path, so ret is OB_SUCCESS and the merge gives it the lookup error. X: tmp_ret, declared at :90 from ref_alloc_obj (tmp-ret.tsv:546). The loop then ends, and get_next_plan_row returns ret at :106.	confirmed
src/observer/virtual_table/ob_information_global_status_table.cpp	ObInfoSchemaGlobalStatusTable::inner_get_next_row	line 179: declare tmp_ret (plan definition)	DECLARATION	let mut tmp_ret: ObResult = Ok(()); (RULEBOOK 2.1, the int ret and tmp_ret rows; s2-errors.md 2.2 rule 5).	sweep: tmp-ret.tsv:548 (data row 547). Declared after the map work of src/observer/virtual_table/ob_information_global_status_table.cpp:121-177, in the block that ends at :184. Writer: :180, all_status.destroy() (tmp-ret.tsv:549). Readers: the test on that line, the log at :181 (K(tmp_ret)) and the merge at :182 (tmp-ret.tsv:550, MERGE_AS_WRITTEN).	confirmed
src/observer/virtual_table/ob_information_global_status_table.cpp	ObInfoSchemaGlobalStatusTable::inner_get_next_row	line 180: assign tmp_ret	PASSED_ON	if ob_fail!(tmp_ret = all_status.destroy()) { with the SERVER_LOG WARN of src/observer/virtual_table/ob_information_global_status_table.cpp:181 taking the ret in scope and K(tmp_ret) among its keys (RULEBOOK 2.1, the tmp_ret row; s2-errors.md 2.3 table, 2.5 rule 1). The merge at :182 is its own row.	sweep: tmp-ret.tsv:549 (data row 548). Created: src/observer/virtual_table/ob_information_global_status_table.cpp:180 puts the code of destroy on all_status, an AllStatus, that is hash::ObHashMap<ObString, ObObj> (src/observer/virtual_table/ob_information_global_status_table.h:42), into tmp_ret, whatever ret holds, as the comment at ob_information_global_status_table.cpp:178 says. ObHashMap::destroy passes on the destroy of its table, which returns OB_SUCCESS on every path (src/oblib/lib/hash/ob_hashmap.h:210-214; src/oblib/lib/hash/ob_hashtable.h:846-872), so the failing branch does not run today. Tested: only against OB_SUCCESS. Reaches: ret = tmp_ret at ob_information_global_status_table.cpp:182 (tmp-ret.tsv:550) with no assignment in between; inner_get_next_row returns ret at :197.	confirmed
src/observer/virtual_table/ob_information_global_status_table.cpp	ObInfoSchemaGlobalStatusTable::inner_get_next_row	line 182: merge into ret	MERGE_AS_WRITTEN	ret = tmp_ret; as the C++ writes it, inside the failing destroy test of src/observer/virtual_table/ob_information_global_status_table.cpp:180 (RULEBOOK 2.1: any other merge as the C++ writes it; s2-errors.md 2.4 rule 4). The function keeps the local-ret form (s2-errors.md 2.3).	sweep: tmp-ret.tsv:550 (data row 549). Guard: the failing destroy test at src/observer/virtual_table/ob_information_global_status_table.cpp:180, which runs whatever ret holds; ret can already hold the error of create (:122), fetch_all_global_status (:124) or the row loop (:132-172), and the merge overwrites it with the destroy error, else gives ret that error. X: tmp_ret from :180 (tmp-ret.tsv:549). After it, :186 skips reading rows on any error, and inner_get_next_row returns ret at :197.	confirmed
src/observer/virtual_table/ob_information_partitions_table.cpp	ObInfoSchemaPartitionsTable::add_partitions	line 422: merge OB_ERR_UNEXPECTED into ret (continue-and-record through another variable)	MERGE_AND	ret = ret.and(Err(OB_ERR_UNEXPECTED)); (RULEBOOK 2.1, the COVER_SUCC row; s2-errors.md 2.3 table, 2.4 rule 4), in the else branch of src/observer/virtual_table/ob_information_partitions_table.cpp:419, followed by the SERVER_LOG WARN of :423 as written. The function keeps the local-ret form (s2-errors.md 2.3).	sweep: tmp-ret.tsv:551 (data row 550). Shape: the condition OB_SUCC(ret) tests only ret; the value is the constant OB_ERR_UNEXPECTED when ret succeeded and ret otherwise: a = ret, b = Err(OB_ERR_UNEXPECTED) (the continue-and-record idiom through a code constant). a: the loop of src/observer/virtual_table/ob_information_partitions_table.cpp:158 ends only when ret fails, through next_partition_info or the body, and the checks of :151-157 that skip the loop set an error too; the else of :421 excludes OB_ITER_END (the test at :419 is ret-compare.tsv:980), so ret always holds an error here and the merge keeps it. add_partitions returns ret at :425.	confirmed
src/observer/virtual_table/ob_information_session_status_table.cpp	ObInfoSchemaSessionStatusTable::inner_get_next_row	line 179: declare tmp_ret (plan definition)	DECLARATION	let mut tmp_ret: ObResult = Ok(()); (RULEBOOK 2.1, the int ret and tmp_ret rows; s2-errors.md 2.2 rule 5).	sweep: tmp-ret.tsv:552 (data row 551). Declared after the map work of src/observer/virtual_table/ob_information_session_status_table.cpp:121-177, in the block that ends at :184. Writer: :180, all_status.destroy() (tmp-ret.tsv:553). Readers: the test on that line, the log at :181 (K(tmp_ret)) and the merge at :182 (tmp-ret.tsv:554, MERGE_AS_WRITTEN).	confirmed
src/observer/virtual_table/ob_information_session_status_table.cpp	ObInfoSchemaSessionStatusTable::inner_get_next_row	line 180: assign tmp_ret	PASSED_ON	if ob_fail!(tmp_ret = all_status.destroy()) { with the SERVER_LOG WARN of src/observer/virtual_table/ob_information_session_status_table.cpp:181 taking the ret in scope and K(tmp_ret) among its keys (RULEBOOK 2.1, the tmp_ret row; s2-errors.md 2.3 table, 2.5 rule 1). The merge at :182 is its own row.	sweep: tmp-ret.tsv:553 (data row 552). Created: src/observer/virtual_table/ob_information_session_status_table.cpp:180 puts the code of destroy on all_status, an AllStatus, that is hash::ObHashMap<ObString, ObObj> (src/observer/virtual_table/ob_information_session_status_table.h:42), into tmp_ret, whatever ret holds, as the comment at ob_information_session_status_table.cpp:178 says. ObHashMap::destroy passes on the destroy of its table, which returns OB_SUCCESS on every path (src/oblib/lib/hash/ob_hashmap.h:210-214; src/oblib/lib/hash/ob_hashtable.h:846-872), so the failing branch does not run today. Tested: only against OB_SUCCESS. Reaches: ret = tmp_ret at ob_information_session_status_table.cpp:182 (tmp-ret.tsv:554) with no assignment in between; inner_get_next_row returns ret at :197.	confirmed
src/observer/virtual_table/ob_information_session_status_table.cpp	ObInfoSchemaSessionStatusTable::inner_get_next_row	line 182: merge into ret	MERGE_AS_WRITTEN	ret = tmp_ret; as the C++ writes it, inside the failing destroy test of src/observer/virtual_table/ob_information_session_status_table.cpp:180 (RULEBOOK 2.1: any other merge as the C++ writes it; s2-errors.md 2.4 rule 4). The function keeps the local-ret form (s2-errors.md 2.3).	sweep: tmp-ret.tsv:554 (data row 553). Guard: the failing destroy test at src/observer/virtual_table/ob_information_session_status_table.cpp:180, which runs whatever ret holds; ret can already hold the error of create (:122), fetch_all_session_status (:124) or the row loop (:132-172), and the merge overwrites it with the destroy error, else gives ret that error. X: tmp_ret from :180 (tmp-ret.tsv:553). After it, :186 skips reading rows on any error, and inner_get_next_row returns ret at :197.	confirmed
src/observer/virtual_table/ob_plan_cache_plan_explain.cpp	ObPlanCachePlanExplain::inner_open	line 349: declare tmp_ret (plan definition)	DECLARATION	let mut tmp_ret: ObResult = Ok(()); (RULEBOOK 2.1, the int ret and tmp_ret rows; s2-errors.md 2.2 rule 5).	sweep: tmp-ret.tsv:555 (data row 554). Declared in the !scan_all_plan_ branch of src/observer/virtual_table/ob_plan_cache_plan_explain.cpp:344-369. Writer: :355, ref_plan (tmp-ret.tsv:556). Reader: only the test on that line, whose branch is empty. inner_open returns ret at :375.	confirmed
src/observer/virtual_table/ob_plan_cache_plan_explain.cpp	ObPlanCachePlanExplain::inner_open	line 355: assign tmp_ret	IGNORED	} else if ob_fail!(tmp_ret = plan_cache.ref_plan(self.plan_id_, &mut guard)) {} with its empty branch, with the call as refcount.tsv:279 and the declaration index give it (RULEBOOK 2.1, the tmp_ret row; s2-errors.md 2.3 table). The code dies in the variable.	sweep: tmp-ret.tsv:556 (data row 555). Created: src/observer/virtual_table/ob_plan_cache_plan_explain.cpp:355 puts the code of ObPlanCache::ref_plan into tmp_ret; ref_plan looks the plan id up through ref_cache_obj, answers OB_HASH_NOT_EXIST when the object is gone and OB_ERR_UNEXPECTED for an object that is not a plan, and holds a reference in guard on a hit (src/sql/plan_cache/ob_plan_cache.cpp:1462-1491). The line is also refcount.tsv:279 (the same call). It runs in the part where the plan cache slot looked up at ob_plan_cache_plan_explain.cpp:351 (server-service-slots.tsv:490) is not NULL (:352), which adds no clause (tmp-ret.md section 5). Tested: never against a named code; the failing branch is empty (the comment at :356 reads should not panic), so no plan is explained and ret keeps OB_SUCCESS. Not read again; inner_open returns ret at :375.	confirmed
src/observer/virtual_table/ob_table_columns.cpp	ObTableColumns::resolve_view_definition	line 1189: declare tmp_ret (plan definition)	DECLARATION	let mut tmp_ret: ObResult = Ok(()); (RULEBOOK 2.1, the int ret and tmp_ret rows; s2-errors.md 2.2 rule 5).	sweep: tmp-ret.tsv:557 (data row 556). Writers: src/observer/virtual_table/ob_table_columns.cpp:1195, OB_ERR_UNEXPECTED for a NULL sql_engine (tmp-ret.tsv:558); :1196, ObSQLUtils::async_recompile_view (tmp-ret.tsv:559); :1201, the reset after OB_ERR_TOO_LONG_COLUMN_LENGTH (tmp-ret.tsv:560). Readers: the log at :1199 (K(tmp_ret)), the test at :1200 (ret-compare.tsv:1023) and the merge at :1205 (tmp-ret.tsv:561, MERGE_AS_WRITTEN). Only codes reach it.	confirmed
src/observer/virtual_table/ob_table_columns.cpp	ObTableColumns::resolve_view_definition	line 1195: assign tmp_ret	PASSED_ON	tmp_ret = Err(OB_ERR_UNEXPECTED); (RULEBOOK 2.1, the ret = OB_X row), in the branch of the null test on sql_engine at src/observer/virtual_table/ob_table_columns.cpp:1194; kept unless that null test goes (RULEBOOK section 0: a null test on a context field may go): sql_engine is get_observer_sql_engine() of :1138, the address of the SQL engine member of the server (src/observer/ob_server.cpp:197-200), which RULEBOOK 2.8 makes a context field. The merge at ob_table_columns.cpp:1205 is its own row.	sweep: tmp-ret.tsv:558 (data row 557). Created: src/observer/virtual_table/ob_table_columns.cpp:1195 sets OB_ERR_UNEXPECTED when sql_engine is NULL (:1194), a branch reached only when ret is OB_SUCCESS, since the tests of :1191 and :1192 take every other ret first. It never runs: a NULL sql_engine already set ret to OB_ERR_UNEXPECTED at :1139-1140, which sends the chain into the empty branch of :1191. Tested: never against a named code (the test at :1200 sits in the branch of :1196). Reaches: the merge at :1204-1205 (tmp-ret.tsv:561), if (OB_SUCCESS == ret) { ret = tmp_ret; }, with no assignment in between; resolve_view_definition returns ret at :1214.	confirmed
src/observer/virtual_table/ob_table_columns.cpp	ObTableColumns::resolve_view_definition	line 1196: assign tmp_ret	OTHER_CODE	} else if ob_fail!(tmp_ret = <ObSQLUtils::async_recompile_view(..) with the arguments of src/observer/virtual_table/ob_table_columns.cpp:1196-1198, signature from the declaration index>) { <the LOG_WARN of :1199 with the ret in scope and K(tmp_ret) among its keys>; if matches!(tmp_ret, Err(OB_ERR_TOO_LONG_COLUMN_LENGTH)) { tmp_ret = Ok(()); } } as written (RULEBOOK 2.1, the tmp_ret row and OB_X == tmp_ret as matches!; s2-errors.md 2.3 table, 2.4 rule 1, 2.5 rule 1).	sweep: tmp-ret.tsv:559 (data row 558). Created: src/observer/virtual_table/ob_table_columns.cpp:1196 puts the code of ObSQLUtils::async_recompile_view (src/sql/ob_sql_utils.cpp:3549-3606) into tmp_ret when the view resolved, that is when ret is OB_SUCCESS (ob_table_columns.cpp:1191-1192). OB_ERR_TOO_LONG_COLUMN_LENGTH comes from rebuilding the view columns: add_column_infos (src/sql/ob_sql_utils.cpp:3582) checks each text column through check_text_column_length_and_promote (src/sql/resolver/ddl/ob_create_view_resolver.cpp:926), whose length check sets it (src/sql/resolver/ddl/ob_ddl_resolver.cpp:3078, :3087, :3100). Tested: ob_table_columns.cpp:1200 against OB_ERR_TOO_LONG_COLUMN_LENGTH (ret-compare.tsv:1023), reset to OB_SUCCESS at :1201 (tmp-ret.tsv:560), so a view whose columns cannot be rebuilt for that reason does not fail the query. The code is no retry, rename, end of data, lookup outcome or full buffer (tmp-ret.md 6.7-6.11), so the value is OTHER_CODE. Every other code is logged at :1199 and reaches the merge at :1205 (tmp-ret.tsv:561), where ret is OB_SUCCESS.	confirmed
src/observer/virtual_table/ob_table_columns.cpp	ObTableColumns::resolve_view_definition	line 1201: assign tmp_ret	OTHER_CODE	tmp_ret = Ok(()); inside if matches!(tmp_ret, Err(OB_ERR_TOO_LONG_COLUMN_LENGTH)) { at the C++ place (RULEBOOK 2.1: resets written as the C++ writes them; s2-errors.md 2.4 rule 1).	sweep: tmp-ret.tsv:560 (data row 559). The reset at src/observer/virtual_table/ob_table_columns.cpp:1201 clears the OB_ERR_TOO_LONG_COLUMN_LENGTH of async_recompile_view (:1196, tmp-ret.tsv:559), tested at :1200 (ret-compare.tsv:1023); the comment on the line says the code is ignored. A reset inside the branch of such a test takes the value of the code it clears (tmp-ret.md section 5, step 6): OTHER_CODE. Effect: the merge at :1205 then gives ret OB_SUCCESS, after the log at :1199 printed the code.	confirmed
src/observer/virtual_table/ob_table_columns.cpp	ObTableColumns::resolve_view_definition	line 1205: merge into ret	MERGE_AS_WRITTEN	if ret.is_ok() { ret = tmp_ret; } as the C++ writes it (RULEBOOK 2.1: any other merge as the C++ writes it; s2-errors.md 2.4 rule 4; tmp-ret.md section 9, Q2). The function keeps the local-ret form (s2-errors.md 2.3).	sweep: tmp-ret.tsv:561 (data row 560). Guard: OB_SUCCESS == ret at src/observer/virtual_table/ob_table_columns.cpp:1204. ret is OB_SUCCESS only on the paths of :1194-1203, and there the merge gives it tmp_ret; on the paths of :1191 and :1192 ret holds an error, OB_ERR_VIEW_INVALID included (ret-compare.tsv:1021, :1022), which the guard keeps. X: tmp_ret, OB_SUCCESS from its declaration at :1189 or the reset of :1201, or the code of :1195 or :1196 (tmp-ret.tsv:557-560). resolve_view_definition returns ret at :1214.	confirmed
src/observer/virtual_table/ob_virtual_data_access_service.cpp	ObVirtualDataAccessService::table_scan	line 48: declare tmp_ret (plan definition)	DECLARATION	let mut tmp_ret: ObResult = Ok(()); (RULEBOOK 2.1, the int ret and tmp_ret rows; s2-errors.md 2.2 rule 5).	sweep: tmp-ret.tsv:562 (data row 561). Declared in the clean-up block of src/observer/virtual_table/ob_virtual_data_access_service.cpp:47-52, which runs when ret failed and an iterator was created. Writer: :49, revert_scan_iter (tmp-ret.tsv:563). Reader: only the test on that line, whose branch is empty. table_scan returns ret at :53.	confirmed
src/observer/virtual_table/ob_virtual_data_access_service.cpp	ObVirtualDataAccessService::table_scan	line 49: assign tmp_ret	IGNORED	if ob_fail!(tmp_ret = self.revert_scan_iter(vt_iter)) {} with its empty branch and the call as the declaration index gives it (RULEBOOK 2.1, the tmp_ret row; s2-errors.md 2.3 table). The code dies in the variable.	sweep: tmp-ret.tsv:563 (data row 562). Created: src/observer/virtual_table/ob_virtual_data_access_service.cpp:49 puts the code of ObVirtualDataAccessService::revert_scan_iter (:56-71) into tmp_ret: OB_INVALID_ARGUMENT when the iterator is no virtual-table iterator (:62-63), the code of its close (:65), or the revert code of the iterator factory (:67). Tested: never against a named code; the branch at :49-50 is empty. Not read again; vt_iter is cleared at :51, and table_scan returns ret, the error that led here, at :53.	confirmed
