file	symbol	source_construct	classification	target_translation	evidence	status
src/logservice/applyservice/ob_log_apply_service.cpp	ObLogApplyService::handle	line 1231: declare tmp_ret (plan definition)	DECLARATION	let mut tmp_ret: ObResult = Ok(()); (RULEBOOK 2.1, the int ret and tmp_ret rows; s2-errors.md 2.2 rule 5), at the start of the block of ob_log_apply_service.cpp:1230 whose condition is (OB_FAIL(ret) || need_push_back) && task_to_handle is not NULL. Core unit (core-manifest.tsv:395): this form where the core keeps the function (RULEBOOK section 0).	sweep: tmp-ret.tsv:2 (data row 1). Written: only at ob_log_apply_service.cpp:1232, by push_task(task_to_handle) (tmp-ret.tsv:3). Read: only by the log K(tmp_ret) at ob_log_apply_service.cpp:1233; never tested against a named code, merged or stored. The variable leaves scope at the end of the block (ob_log_apply_service.cpp:1238), and handle returns void (ob_log_apply_service.cpp:1188).	confirmed
src/logservice/applyservice/ob_log_apply_service.cpp	ObLogApplyService::handle	line 1232: assign tmp_ret	IGNORED	if ob_fail!(tmp_ret = self.push_task(task_to_handle)) { <the CLOG_LOG(ERROR, ..) line as log_error!(ret, ..), the ret in scope, with K(tmp_ret)>; self.revert_apply_status(apply_status); } else { } (RULEBOOK 2.1, the tmp_ret row; s2-errors.md 2.3 table); the log takes the ret in scope, never tmp_ret (s2-errors.md 2.5 rule 1). The code dies in tmp_ret. Core unit (core-manifest.tsv:395): this form where the core keeps the function (RULEBOOK section 0).	sweep: tmp-ret.tsv:3 (data row 2). Created: ob_log_apply_service.cpp:1232 puts the code of push_task(task_to_handle) into tmp_ret; push_task answers OB_NOT_INIT, OB_INVALID_ARGUMENT or the thread-pool push's code (ob_log_apply_service.cpp:1143-1154), so it can fail on more than an allocation. Tested: never against a named code. The failing branch logs at ERROR and gives back the apply status reference (ob_log_apply_service.cpp:1233-1234); the else branch is empty (ob_log_apply_service.cpp:1235-1237). tmp_ret leaves scope at ob_log_apply_service.cpp:1238 without a merge, return or store; handle returns void (ob_log_apply_service.cpp:1188).	confirmed
src/logservice/ob_log_allocator_mgr.cpp	ObLogAllocatorMgr::update_memory_limit	line 160: declare tmp_ret (plan definition)	DECLARATION	let mut tmp_ret: ObResult = Ok(()); (RULEBOOK 2.1, the int ret and tmp_ret rows; s2-errors.md 2.2 rule 5). Core unit (core-manifest.tsv:339): this form where the core keeps the function (RULEBOOK section 0).	sweep: tmp-ret.tsv:4 (data row 3). Written: only at ob_log_allocator_mgr.cpp:172, by get_allocator_(log_allocator) (tmp-ret.tsv:5). Read: never; no line of update_memory_limit after ob_log_allocator_mgr.cpp:172 names tmp_ret, and the function ends at ob_log_allocator_mgr.cpp:198.	confirmed
src/logservice/ob_log_allocator_mgr.cpp	ObLogAllocatorMgr::update_memory_limit	line 172: OB_TMP_FAIL (plan definition)	IGNORED	if ob_fail!(tmp_ret = self.get_allocator_(&mut log_allocator)) { } else if <the null test of ob_log_allocator_mgr.cpp:173> { .. } else { .. }, the failing branch empty (RULEBOOK 2.1, the tmp_ret row; s2-errors.md 2.3 table); OB_UNLIKELY goes (RULEBOOK 2.3). The code dies in tmp_ret. Core unit (core-manifest.tsv:339): this form where the core keeps the function (RULEBOOK section 0).	sweep: tmp-ret.tsv:5 (data row 4). Created: ob_log_allocator_mgr.cpp:172 puts the code of get_allocator_ into tmp_ret: OB_NOT_INIT (ob_log_allocator_mgr.cpp:66), the code of create_allocator_ (ob_log_allocator_mgr.cpp:74) or OB_ERR_UNEXPECTED for a null allocator (ob_log_allocator_mgr.cpp:80), so it can fail on more than an allocation. Tested: never against a named code. The failing branch is empty: the limit update of ob_log_allocator_mgr.cpp:175-183 is skipped, and the SERVER_MODULE_SCOPE block of ob_log_allocator_mgr.cpp:185-195 runs whatever the code. tmp_ret is never merged into ret or read again before update_memory_limit returns ret at ob_log_allocator_mgr.cpp:197.	confirmed
src/logservice/ob_log_handler.cpp	ObLogHandler::is_replay_enabled	line 486: declare tmp_ret (plan definition)	DECLARATION	let mut tmp_ret: ObResult = Ok(()); (RULEBOOK 2.1, the int ret and tmp_ret rows; s2-errors.md 2.2 rule 5). is_replay_enabled returns bool and has no ret. Core unit (core-manifest.tsv:397): this form where the core keeps the function (RULEBOOK section 0).	sweep: tmp-ret.tsv:6 (data row 5). Written: only at ob_log_handler.cpp:489, by replay_service_->is_enabled(bool_ret) (tmp-ret.tsv:7). Read: by CLOG_LOG_RET(WARN, tmp_ret, ..) and K(tmp_ret) at ob_log_handler.cpp:490 only; never tested against a named code, merged or stored.	confirmed
src/logservice/ob_log_handler.cpp	ObLogHandler::is_replay_enabled	line 489: assign tmp_ret	IGNORED	} else if ob_fail!(tmp_ret = self.replay_service_.is_enabled(&mut bool_ret)) { <the CLOG_LOG_RET(WARN, tmp_ret, ..) line> } else { } (RULEBOOK 2.1, the tmp_ret row; s2-errors.md 2.3 table); a *_LOG_RET line passes tmp_ret as its code (s2-errors.md 2.5 rule 1). The code dies in tmp_ret. Core unit (core-manifest.tsv:397): this form where the core keeps the function (RULEBOOK section 0).	sweep: tmp-ret.tsv:7 (data row 6). Created: ob_log_handler.cpp:489 puts the code of is_enabled into tmp_ret; ObLogReplayService::is_enabled answers OB_NOT_INIT, the code of get_replay_status_ or OB_ERR_UNEXPECTED (src/logservice/replayservice/ob_log_replay_service.cpp:474-480). Tested: never against a named code. The failing branch only logs (ob_log_handler.cpp:490); bool_ret stays false and is_replay_enabled returns it at ob_log_handler.cpp:494, so the code goes nowhere.	confirmed
src/logservice/ob_server_log_block_mgr.cpp	ObServerLogBlockMgr::allocate_block_at_	line 362: declare tmp_ret	PASSED_ON	let tmp_ret: ObResult = convert_sys_errno(); (let without mut: nothing assigns it again; RULEBOOK 2.1, the int ret and tmp_ret rows; s2-errors.md 2.2 rule 5), inside the if of ob_server_log_block_mgr.cpp:361; the CLOG_LOG(ERROR, ..) of ob_server_log_block_mgr.cpp:363 takes the ret in scope (s2-errors.md 2.5 rule 1). The merge row gives the merge's form. Core unit (core-manifest.tsv:371): this form where the core keeps the function (RULEBOOK section 0).	sweep: tmp-ret.tsv:8 (data row 7). Created: ob_server_log_block_mgr.cpp:362 puts palf::convert_sys_errno() into tmp_ret after ::close failed (ob_server_log_block_mgr.cpp:361); the file uses namespace palf (ob_server_log_block_mgr.cpp:71), and convert_sys_errno maps errno to an OB code, OB_IO_ERROR by default (src/share/log/palf/log_define.cpp:25-58), so the variable holds only codes (step 3). Tested: never against a named code. Reaches: the merge ret = (OB_SUCCESS == ret ? tmp_ret : ret) at ob_server_log_block_mgr.cpp:364 (tmp-ret.tsv:9), with no assignment in between; allocate_block_at_ returns ret at ob_server_log_block_mgr.cpp:366.	confirmed
src/logservice/ob_server_log_block_mgr.cpp	ObServerLogBlockMgr::allocate_block_at_	line 364: merge into ret	MERGE_AND	ret = ret.and(tmp_ret); (RULEBOOK 2.1, the COVER_SUCC row: a merge meaning a unless a is success, then b is a.and(b); s2-errors.md 2.3 table, 2.4 rule 4). The function keeps the local-ret form (s2-errors.md 2.3). Core unit (core-manifest.tsv:371): this form where the core keeps the function (RULEBOOK section 0).	sweep: tmp-ret.tsv:9 (data row 8). Shape: the condition OB_SUCCESS == ret tests only ret, the value is tmp_ret when ret succeeded and ret otherwise, and tmp_ret is a variable: a = ret, b = tmp_ret. b: declared at ob_server_log_block_mgr.cpp:362 with the code of convert_sys_errno() (tmp-ret.tsv:8), an OB code for the errno of the failed ::close. a: ret holds the error of ::openat, ftruncate or ::fallocate (ob_server_log_block_mgr.cpp:342, :346, :351) or OB_SUCCESS, so the merge keeps the first error. The merge sits in the if of ob_server_log_block_mgr.cpp:361, and ret is returned at ob_server_log_block_mgr.cpp:366.	confirmed
src/logservice/palf/log_engine.cpp	LogEngine::delete_block	line 576: declare tmp_ret (plan definition)	DECLARATION	let mut tmp_ret: ObResult = Ok(()); (RULEBOOK 2.1, the int ret and tmp_ret rows; s2-errors.md 2.2 rule 5), inside the else-if block of log_engine.cpp:570. Core unit (core-manifest.tsv:391): this form where the core keeps the function (RULEBOOK section 0).	sweep: tmp-ret.tsv:10 (data row 9). Written: only at log_engine.cpp:577, by get_block_min_scn(next_block_id + 1, next_block_max_scn) (tmp-ret.tsv:11). Read: only by the log K(tmp_ret) at log_engine.cpp:578; never tested against a named code, merged or stored. It leaves scope at log_engine.cpp:594.	confirmed
src/logservice/palf/log_engine.cpp	LogEngine::delete_block	line 577: assign tmp_ret	IGNORED	if ob_fail!(tmp_ret = self.get_block_min_scn(next_block_id + 1, &mut next_block_max_scn)) { <the PALF_LOG(WARN, ..) line as log_warn!(ret, ..)>; self.reset_min_block_info_(); } else { self.set_min_block_info_for_gc_(..); } (RULEBOOK 2.1, the tmp_ret row; s2-errors.md 2.3 table); the log takes the ret in scope (s2-errors.md 2.5 rule 1). The code dies in tmp_ret. Core unit (core-manifest.tsv:391): this form where the core keeps the function (RULEBOOK section 0).	sweep: tmp-ret.tsv:11 (data row 10). Created: log_engine.cpp:577 puts the code of get_block_min_scn, which forwards to log_storage_.get_block_min_scn (log_engine.cpp:598-601), into tmp_ret. Tested: never against a named code. The failing branch logs and falls back to reset_min_block_info_() (log_engine.cpp:578-579); the else branch records the GC info (log_engine.cpp:592). ret stays OB_SUCCESS (the block runs under OB_SUCC(ret), log_engine.cpp:570) and delete_block returns it at log_engine.cpp:595; tmp_ret leaves scope at log_engine.cpp:594.	confirmed
src/logservice/palf/log_io_worker.cpp	LogIOWorker::handle_io_task_with_throttling_	line 172: declare tmp_ret (plan definition)	DECLARATION	let mut tmp_ret: ObResult = Ok(()); (RULEBOOK 2.1, the int ret and tmp_ret rows; s2-errors.md 2.2 rule 5). Core unit (core-manifest.tsv:383): this form where the core keeps the function (RULEBOOK section 0).	sweep: tmp-ret.tsv:12 (data row 11). Written: at log_io_worker.cpp:174 by throttle_->throttling(..) (tmp-ret.tsv:13) and at log_io_worker.cpp:191 by throttle_->after_append_log(..) (tmp-ret.tsv:14). Read: by LOG_ERROR_RET(tmp_ret, ..) at log_io_worker.cpp:175 and :192 only; never tested against a named code, merged or stored. handle_io_task_with_throttling_ returns ret, which only io_task->do_task writes (log_io_worker.cpp:178).	confirmed
src/logservice/palf/log_io_worker.cpp	LogIOWorker::handle_io_task_with_throttling_	line 174: assign tmp_ret	IGNORED	if !self.need_ignoring_throttling_ && ob_fail!(tmp_ret = self.throttle_.throttling(throttling_size, &self.need_purging_throttling_func_, self.palf_env_impl_)) { <the LOG_ERROR_RET(tmp_ret, ..) line> } (RULEBOOK 2.1, the tmp_ret row; s2-errors.md 2.3 table); LOG_ERROR_RET passes tmp_ret as its code (s2-errors.md 2.5 rule 1). The code dies in tmp_ret. Core unit (core-manifest.tsv:383): this form where the core keeps the function (RULEBOOK section 0).	sweep: tmp-ret.tsv:13 (data row 12). Created: log_io_worker.cpp:174 puts the code of LogWritingThrottle::throttling into tmp_ret, only when need_ignoring_throttling_ is false (log_io_worker.cpp:173); throttling answers OB_INVALID_ARGUMENT, OB_ERR_UNEXPECTED or the code of the interval computation or of the options update in its wait loop (log_throttle.cpp:70-99). Tested: never against a named code. The failing branch only logs (log_io_worker.cpp:175); the task runs anyway at log_io_worker.cpp:178. tmp_ret is overwritten at log_io_worker.cpp:191 when that line runs, and otherwise leaves scope at log_io_worker.cpp:196; it never reaches ret.	confirmed
src/logservice/palf/log_io_worker.cpp	LogIOWorker::handle_io_task_with_throttling_	line 191: assign tmp_ret	IGNORED	if ob_fail!(tmp_ret = self.throttle_.after_append_log(throttling_size)) { <the LOG_ERROR_RET(tmp_ret, ..) line> } (RULEBOOK 2.1, the tmp_ret row; s2-errors.md 2.3 table); LOG_ERROR_RET passes tmp_ret as its code (s2-errors.md 2.5 rule 1). The code dies in tmp_ret. Core unit (core-manifest.tsv:383): this form where the core keeps the function (RULEBOOK section 0).	sweep: tmp-ret.tsv:14 (data row 13). Created: log_io_worker.cpp:191 puts the code of LogWritingThrottle::after_append_log into tmp_ret; it answers only OB_INVALID_ARGUMENT for a negative size (log_throttle.cpp:128-129). Tested: never against a named code. The failing branch only logs (log_io_worker.cpp:192); tmp_ret leaves scope at log_io_worker.cpp:196, and the function returns ret, the code of do_task (log_io_worker.cpp:178, :195).	confirmed
src/logservice/palf/log_io_worker.cpp	LogIOWorker::reduce_io_task_	line 280: declare tmp_ret (plan definition)	DECLARATION	let mut tmp_ret: ObResult = Ok(()); (RULEBOOK 2.1, the int ret and tmp_ret rows; s2-errors.md 2.2 rule 5). The loop condition of log_io_worker.cpp:281 reads it as tmp_ret.is_ok() && last_io_task_has_been_reduced (s2-errors.md 2.3 table, the OB_SUCCESS == ret row). Core unit (core-manifest.tsv:383): this form where the core keeps the function (RULEBOOK section 0).	sweep: tmp-ret.tsv:15 (data row 14). Written: at log_io_worker.cpp:285 (OB_ERR_UNEXPECTED, tmp-ret.tsv:16), :295 (batch_io_task_mgr_.insert, tmp-ret.tsv:17) and :297 (queue_.pop, tmp-ret.tsv:18). Read: only by the loop condition OB_SUCCESS == tmp_ret at log_io_worker.cpp:281 and the test of :297; never tested against a named code, merged or stored. After the loop reduce_io_task_ sets ret from batch_io_task_mgr_.handle and handle_io_task_ (log_io_worker.cpp:305, :309).	confirmed
src/logservice/palf/log_io_worker.cpp	LogIOWorker::reduce_io_task_	line 285: assign tmp_ret	IGNORED	tmp_ret = Err(OB_ERR_UNEXPECTED); (RULEBOOK 2.1, the ret = OB_X row), then the PALF_LOG(ERROR, ..) of log_io_worker.cpp:286 as log_error!(ret, ..) with the ret in scope (s2-errors.md 2.5 rule 1). The code dies in tmp_ret. Core unit (core-manifest.tsv:383): this form where the core keeps the function (RULEBOOK section 0).	sweep: tmp-ret.tsv:16 (data row 15). Created: log_io_worker.cpp:285 sets OB_ERR_UNEXPECTED when the task pointer is NULL (log_io_worker.cpp:284). Tested: never against a named code; the loop condition at log_io_worker.cpp:281 only tests OB_SUCCESS == tmp_ret, so the loop ends. Nothing reads tmp_ret after the loop: ret is set from batch_io_task_mgr_.handle at log_io_worker.cpp:305, and handle_io_task_ does not run because last_io_task_has_been_reduced is still true (log_io_worker.cpp:308); tmp_ret leaves scope when reduce_io_task_ returns at log_io_worker.cpp:311.	confirmed
src/logservice/palf/log_io_worker.cpp	LogIOWorker::reduce_io_task_	line 295: assign tmp_ret	IGNORED	if ob_fail!(tmp_ret = self.batch_io_task_mgr_.insert(flush_log_task)) { last_io_task_has_been_reduced = false; } else if { tmp_ret = self.queue_.pop(&mut task); tmp_ret.is_ok() } { .. } else { } (RULEBOOK 2.1, the tmp_ret row; s2-errors.md 2.3 table). The code dies in tmp_ret. Core unit (core-manifest.tsv:383): this form where the core keeps the function (RULEBOOK section 0).	sweep: tmp-ret.tsv:17 (data row 16). Created: log_io_worker.cpp:295 puts the code of BatchLogIOFlushLogTaskMgr::insert into tmp_ret, which is the code of BatchLogIOFlushLogTask::push_back (log_io_worker.cpp:355-361): OB_NOT_INIT, OB_SIZE_OVERFLOW once the batch holds more than SINGLE_TASK_MAX_SIZE bytes, or the fixed array's push_back code (log_io_task.cpp:427-432). Tested: never against a named code, so OB_SIZE_OVERFLOW is not tested here. The failing branch sets last_io_task_has_been_reduced = false (log_io_worker.cpp:296), which ends the loop of log_io_worker.cpp:281 and makes log_io_worker.cpp:308-309 handle the task on its own, a different operation, not a retry of the insert. Nothing reads tmp_ret after the loop; reduce_io_task_ returns ret at log_io_worker.cpp:311.	confirmed
src/logservice/palf/log_io_worker.cpp	LogIOWorker::reduce_io_task_	line 297: assign tmp_ret	IGNORED	} else if { tmp_ret = self.queue_.pop(&mut task); tmp_ret.is_ok() } { self.update_throttling_options_(); } else { } (RULEBOOK 2.1, the row on a test on an assignment). The code dies in tmp_ret. Core unit (core-manifest.tsv:383): this form where the core keeps the function (RULEBOOK section 0).	sweep: tmp-ret.tsv:18 (data row 17). Created: log_io_worker.cpp:297 puts the code of queue_.pop(task) into tmp_ret; queue_ is an ObTLinkQueue16 (log_io_worker.h:128), whose pop answers OB_ENTRY_NOT_EXIST when empty or OB_INVALID_ARGUMENT (src/oblib/lib/queue/ob_priority_queue.h:83-105). Tested: only against OB_SUCCESS; the empty else of log_io_worker.cpp:300-301 takes a failure, and the loop condition at log_io_worker.cpp:281 ends the aggregation. Nothing reads tmp_ret after the loop; reduce_io_task_ returns ret at log_io_worker.cpp:311.	confirmed
src/logservice/palf/log_reader.cpp	LogReader::pread	line 125: declare tmp_ret (plan definition)	DECLARATION	let mut tmp_ret: ObResult = Ok(()); (RULEBOOK 2.1, the int ret and tmp_ret rows; s2-errors.md 2.2 rule 5), inside the if of log_reader.cpp:124. Core unit (core-manifest.tsv:388): this form where the core keeps the function (RULEBOOK section 0).	sweep: tmp-ret.tsv:19 (data row 18). Written: only at log_reader.cpp:126, by io_adapter_->close(io_fd) (tmp-ret.tsv:20). Read: by the merge at log_reader.cpp:128 (tmp-ret.tsv:21) only.	confirmed
src/logservice/palf/log_reader.cpp	LogReader::pread	line 126: OB_TMP_FAIL (plan definition)	PASSED_ON	if ob_fail!(tmp_ret = self.io_adapter_.close(io_fd)) { } (RULEBOOK 2.1, the tmp_ret row; s2-errors.md 2.3 table), the empty branch kept (s2-errors.md 2.3). The merge row gives the merge's form. Core unit (core-manifest.tsv:388): this form where the core keeps the function (RULEBOOK section 0).	sweep: tmp-ret.tsv:20 (data row 19). Created: log_reader.cpp:126 puts the code of io_adapter_->close(io_fd) into tmp_ret, when io_fd is valid (log_reader.cpp:124). Tested: never against a named code; the branch is empty. Reaches: the merge ret = OB_SUCCESS == ret ? tmp_ret : ret at log_reader.cpp:128 (tmp-ret.tsv:21), the next statement, with no assignment in between; pread returns ret at log_reader.cpp:130.	confirmed
src/logservice/palf/log_reader.cpp	LogReader::pread	line 128: merge into ret	MERGE_AND	ret = ret.and(tmp_ret); (RULEBOOK 2.1, the COVER_SUCC row: a merge meaning a unless a is success, then b is a.and(b); s2-errors.md 2.3 table, 2.4 rule 4). The function keeps the local-ret form (s2-errors.md 2.3). Core unit (core-manifest.tsv:388): this form where the core keeps the function (RULEBOOK section 0).	sweep: tmp-ret.tsv:21 (data row 20). Shape: the condition OB_SUCCESS == ret tests only ret; the value is tmp_ret when ret succeeded and ret otherwise: a = ret, b = tmp_ret. b: declared at log_reader.cpp:125 (tmp-ret.tsv:19) and set only by io_adapter_->close at log_reader.cpp:126 (tmp-ret.tsv:20). a: the merge runs only when io_fd is valid (log_reader.cpp:124), so io_adapter_->open succeeded (log_reader.cpp:88) and ret holds OB_SUCCESS or the error of inner_pread_ (log_reader.cpp:100), which the merge keeps; pread returns ret at log_reader.cpp:130.	confirmed
src/logservice/palf/log_sliding_window.cpp	LogSlidingWindow::destroy	line 79: declare tmp_ret (plan definition)	DECLARATION	let tmp_ret: ObResult = Ok(()); (let without mut: nothing assigns it; RULEBOOK 2.1, the int ret and tmp_ret rows; s2-errors.md 2.2 rule 5). The declaration stays although nothing reads it (RULEBOOK section 0 does not let a translation remove it). Core unit (core-manifest.tsv:384): this form where the core keeps the function (RULEBOOK section 0).	sweep: tmp-ret.tsv:22 (data row 21). Written: never after the declaration; read: never. LogSlidingWindow::destroy (log_sliding_window.cpp:76-85) resets the members and returns void, and no line of it after log_sliding_window.cpp:79 names tmp_ret.	confirmed
src/logservice/palf/log_sliding_window.cpp	LogSlidingWindow::can_submit_new_log_	line 206: declare tmp_ret (plan definition)	DECLARATION	let mut tmp_ret: ObResult = Ok(()); (RULEBOOK 2.1, the int ret and tmp_ret rows; s2-errors.md 2.2 rule 5). can_submit_new_log_ returns bool and has no ret. Core unit (core-manifest.tsv:384): this form where the core keeps the function (RULEBOOK section 0).	sweep: tmp-ret.tsv:23 (data row 22). Written: only at log_sliding_window.cpp:217, by lsn_allocator_.get_curr_end_lsn(curr_end_lsn) (tmp-ret.tsv:24). Read: by PALF_LOG_RET(WARN, tmp_ret, ..) and K(tmp_ret) at log_sliding_window.cpp:218, and by K(tmp_ret) at log_sliding_window.cpp:222, a branch reached only when tmp_ret is OB_SUCCESS; never tested against a named code, merged or stored.	confirmed
src/logservice/palf/log_sliding_window.cpp	LogSlidingWindow::can_submit_new_log_	line 217: assign tmp_ret	IGNORED	if ob_fail!(tmp_ret = self.lsn_allocator_.get_curr_end_lsn(&mut curr_end_lsn)) { <the PALF_LOG_RET(WARN, tmp_ret, ..) line> } else if .. (RULEBOOK 2.1, the tmp_ret row; s2-errors.md 2.3 table); a *_LOG_RET line passes tmp_ret as its code (s2-errors.md 2.5 rule 1). The code dies in tmp_ret. Core unit (core-manifest.tsv:384): this form where the core keeps the function (RULEBOOK section 0).	sweep: tmp-ret.tsv:24 (data row 23). Created: log_sliding_window.cpp:217 puts the code of get_curr_end_lsn into tmp_ret. Tested: never against a named code. The failing branch only logs (log_sliding_window.cpp:218); bool_ret stays false and can_submit_new_log_ returns it at log_sliding_window.cpp:229.	confirmed
src/logservice/palf/log_sliding_window.cpp	LogSlidingWindow::submit_log	line 327: declare tmp_ret (plan definition)	DECLARATION	let mut tmp_ret: ObResult = Ok(()); (RULEBOOK 2.1, the int ret and tmp_ret rows; s2-errors.md 2.2 rule 5), inside the else block of log_sliding_window.cpp:326. Core unit (core-manifest.tsv:384): this form where the core keeps the function (RULEBOOK section 0).	sweep: tmp-ret.tsv:25 (data row 24). Written: only at log_sliding_window.cpp:328, by try_feedback_freeze_log_task_(log_id) (tmp-ret.tsv:26). Read: never; the failing branch is empty and the variable leaves scope at log_sliding_window.cpp:330.	confirmed
src/logservice/palf/log_sliding_window.cpp	LogSlidingWindow::submit_log	line 328: assign tmp_ret	IGNORED	if ob_fail!(tmp_ret = self.try_feedback_freeze_log_task_(log_id)) { } (RULEBOOK 2.1, the tmp_ret row; s2-errors.md 2.3 table), the empty branch kept (s2-errors.md 2.3). The code dies in tmp_ret. Core unit (core-manifest.tsv:384): this form where the core keeps the function (RULEBOOK section 0).	sweep: tmp-ret.tsv:26 (data row 25). Created: log_sliding_window.cpp:328 puts the code of try_feedback_freeze_log_task_ into tmp_ret. Tested: never against a named code. The failing branch is empty (log_sliding_window.cpp:328-329) and tmp_ret leaves scope at log_sliding_window.cpp:330; ret keeps OB_SUCCESS from the chain of log_sliding_window.cpp:321-326.	confirmed
src/logservice/palf/log_sliding_window.cpp	LogSlidingWindow::handle_next_submit_log_	line 882: declare tmp_ret (plan definition)	DECLARATION	let mut tmp_ret: ObResult = Ok(()); (RULEBOOK 2.1, the int ret and tmp_ret rows; s2-errors.md 2.2 rule 5), inside the if of log_sliding_window.cpp:880. Core unit (core-manifest.tsv:384): this form where the core keeps the function (RULEBOOK section 0).	sweep: tmp-ret.tsv:27 (data row 26). Written: at log_sliding_window.cpp:883, the loop condition, each round (tmp-ret.tsv:28). Read: by the log K(tmp_ret) at log_sliding_window.cpp:885 and the test against OB_IN_STOP_STATE at log_sliding_window.cpp:887 (ret-compare.tsv:68); never merged or stored.	confirmed
src/logservice/palf/log_sliding_window.cpp	LogSlidingWindow::handle_next_submit_log_	line 883: OB_TMP_FAIL (plan definition)	RETRY	while ob_fail!(tmp_ret = self.log_engine_.submit_handle_submit_task()) { if <REACH_TIME_INTERVAL(100 * 1000)> { log_warn!(ret, .., K(tmp_ret), ..); } if matches!(tmp_ret, Err(OB_IN_STOP_STATE)) { break; } else { ob_usleep(100); } }, the loop condition evaluated each round (RULEBOOK 2.1, the tmp_ret row; RULEBOOK section 0, Keep the control flow; s2-errors.md 2.4 rule 1). Core unit (core-manifest.tsv:384): this form where the core keeps the function (RULEBOOK section 0).	sweep: tmp-ret.tsv:28 (data row 27). Test: the failure test itself is the condition of the while loop at log_sliding_window.cpp:883, which calls submit_handle_submit_task again, after ob_usleep(100) at log_sliding_window.cpp:892, until it succeeds (the comment at log_sliding_window.cpp:881: push task into queue until success). OB_IN_STOP_STATE, tested at log_sliding_window.cpp:887 (ret-compare.tsv:68), breaks out of the loop (log_sliding_window.cpp:889). submit_handle_submit_task answers OB_NOT_INIT, OB_ERR_UNEXPECTED, the code of generate_handle_submit_task_ or of the push, OB_IN_STOP_STATE among them (log_engine.cpp:324-338). No code reaches ret; handle_next_submit_log_ returns ret at log_sliding_window.cpp:900.	confirmed
src/logservice/palf/log_sliding_window.cpp	LogSlidingWindow::try_freeze_last_log_task_	line 986: declare tmp_ret (plan definition)	DECLARATION	let mut tmp_ret: ObResult = Ok(()); (RULEBOOK 2.1, the int ret and tmp_ret rows; s2-errors.md 2.2 rule 5), inside the else of log_sliding_window.cpp:985. Core unit (core-manifest.tsv:384): this form where the core keeps the function (RULEBOOK section 0).	sweep: tmp-ret.tsv:29 (data row 28). Written: only at log_sliding_window.cpp:987, by log_task->try_freeze(expected_end_lsn) (tmp-ret.tsv:30). Read: never; both branches of log_sliding_window.cpp:987-989 are empty and the variable leaves scope at log_sliding_window.cpp:990.	confirmed
src/logservice/palf/log_sliding_window.cpp	LogSlidingWindow::try_freeze_last_log_task_	line 987: assign tmp_ret	IGNORED	if ob_fail!(tmp_ret = log_task.try_freeze(expected_end_lsn)) { } else { } (RULEBOOK 2.1, the tmp_ret row; s2-errors.md 2.3 table), both empty branches kept (s2-errors.md 2.3). The code dies in tmp_ret. Core unit (core-manifest.tsv:384): this form where the core keeps the function (RULEBOOK section 0).	sweep: tmp-ret.tsv:30 (data row 29). Created: log_sliding_window.cpp:987 puts the code of try_freeze into tmp_ret, under the log task lock taken at log_sliding_window.cpp:971. Tested: never against a named code. Both branches are empty (log_sliding_window.cpp:987-989); tmp_ret leaves scope at log_sliding_window.cpp:990, and try_freeze_last_log_task_ returns ret, which this block does not write (log_sliding_window.cpp:999).	confirmed
src/logservice/palf/log_sliding_window.cpp	LogSlidingWindow::after_flush_log	line 1162: declare tmp_ret (plan definition)	DECLARATION	let mut tmp_ret: ObResult = Ok(()); (RULEBOOK 2.1, the int ret and tmp_ret rows; s2-errors.md 2.2 rule 5), inside the if of log_sliding_window.cpp:1159. Core unit (core-manifest.tsv:384): this form where the core keeps the function (RULEBOOK section 0).	sweep: tmp-ret.tsv:31 (data row 30). Written: only at log_sliding_window.cpp:1163, by try_feedback_freeze_log_task_(next_log_id) (tmp-ret.tsv:32). Read: never; the failing branch is empty and the variable leaves scope at log_sliding_window.cpp:1174.	confirmed
src/logservice/palf/log_sliding_window.cpp	LogSlidingWindow::after_flush_log	line 1163: assign tmp_ret	IGNORED	if ob_fail!(tmp_ret = self.try_feedback_freeze_log_task_(next_log_id)) { } (RULEBOOK 2.1, the tmp_ret row; s2-errors.md 2.3 table), the empty branch kept (s2-errors.md 2.3). The code dies in tmp_ret. Core unit (core-manifest.tsv:384): this form where the core keeps the function (RULEBOOK section 0).	sweep: tmp-ret.tsv:32 (data row 31). Created: log_sliding_window.cpp:1163 puts the code of try_feedback_freeze_log_task_ into tmp_ret. Tested: never against a named code. The failing branch is empty (log_sliding_window.cpp:1163-1164); the function goes on to handle the next log and the committed logs (log_sliding_window.cpp:1166-1172), and tmp_ret leaves scope at log_sliding_window.cpp:1174 without reaching ret.	confirmed
src/logservice/palf/log_sliding_window.cpp	LogSlidingWindow::sliding_cb	line 1440: declare tmp_ret (plan definition)	DECLARATION	let mut tmp_ret: ObResult = Ok(()); (RULEBOOK 2.1, the int ret and tmp_ret rows; s2-errors.md 2.2 rule 5), inside the else of log_sliding_window.cpp:1438. Core unit (core-manifest.tsv:384): this form where the core keeps the function (RULEBOOK section 0).	sweep: tmp-ret.tsv:33 (data row 32). Written: only at log_sliding_window.cpp:1442, by palf_fs_cb_->update_end_lsn(log_end_lsn, log_max_scn) (tmp-ret.tsv:34). Read: tested against OB_EAGAIN at log_sliding_window.cpp:1443 (ret-compare.tsv:72) and logged at log_sliding_window.cpp:1445, :1448 and :1454; never merged or stored.	confirmed
src/logservice/palf/log_sliding_window.cpp	LogSlidingWindow::sliding_cb	line 1442: assign tmp_ret	OTHER_CODE	if ob_fail!(tmp_ret = self.palf_fs_cb_.update_end_lsn(log_end_lsn, log_max_scn)) { if matches!(tmp_ret, Err(OB_EAGAIN)) { <the rate-limited log> } else { log_warn!(ret, .., K(tmp_ret), ..); } } (RULEBOOK 2.1, the tmp_ret row; s2-errors.md 2.3 table); the test stays at the C++ place (s2-errors.md 2.4 rule 1; RULEBOOK 2.1, the matches! row). The logs take the ret in scope (s2-errors.md 2.5 rule 1). Core unit (core-manifest.tsv:384): this form where the core keeps the function (RULEBOOK section 0).	sweep: tmp-ret.tsv:34 (data row 33). Code: OB_EAGAIN, tested at log_sliding_window.cpp:1443 (ret-compare.tsv:72). Its branch only rate-limits the WARN log (log_sliding_window.cpp:1444-1446); any other code logs at once (log_sliding_window.cpp:1448). Nothing repeats the call (sliding_cb slides the log on), so it is not RETRY, and OB_EAGAIN is no code of END_OF_DATA, LOOKUP_OUTCOME or BUFFER_TOO_SMALL. Producer: palf_fs_cb_ is a PalfFSCbWrapper (log_sliding_window.h:246), whose update_end_lsn answers only OB_SUCCESS or OB_ERR_UNEXPECTED (palf_callback_wrapper.cpp:43-60), so the OB_EAGAIN branch is not taken in this build; the test stays as written. The code never reaches ret; sliding_cb returns ret at log_sliding_window.cpp:1497.	confirmed
src/logservice/palf/log_sliding_window.cpp	LogSlidingWindow::is_all_log_flushed_	line 1505: declare tmp_ret (plan definition)	DECLARATION	let mut tmp_ret: ObResult = Ok(()); (RULEBOOK 2.1, the int ret and tmp_ret rows; s2-errors.md 2.2 rule 5). is_all_log_flushed_ returns bool and has no ret. Core unit (core-manifest.tsv:384): this form where the core keeps the function (RULEBOOK section 0).	sweep: tmp-ret.tsv:35 (data row 34). Written: only at log_sliding_window.cpp:1509, by lsn_allocator_.get_curr_end_lsn(curr_end_lsn) (tmp-ret.tsv:36). Read: by PALF_LOG_RET(WARN, tmp_ret, ..) and K(tmp_ret) at log_sliding_window.cpp:1510 only.	confirmed
src/logservice/palf/log_sliding_window.cpp	LogSlidingWindow::is_all_log_flushed_	line 1509: assign tmp_ret	IGNORED	if ob_fail!(tmp_ret = self.lsn_allocator_.get_curr_end_lsn(&mut curr_end_lsn)) { <the PALF_LOG_RET(WARN, tmp_ret, ..) line> } else if .. (RULEBOOK 2.1, the tmp_ret row; s2-errors.md 2.3 table); a *_LOG_RET line passes tmp_ret as its code (s2-errors.md 2.5 rule 1). The code dies in tmp_ret. Core unit (core-manifest.tsv:384): this form where the core keeps the function (RULEBOOK section 0).	sweep: tmp-ret.tsv:36 (data row 35). Created: log_sliding_window.cpp:1509 puts the code of get_curr_end_lsn into tmp_ret. Tested: never against a named code. The failing branch only logs (log_sliding_window.cpp:1510); bool_ret stays false and is_all_log_flushed_ returns it at log_sliding_window.cpp:1518.	confirmed
src/logservice/palf/log_storage.cpp	LogStorage::do_init_	line 533: declare tmp_ret	NON_CODE_VALUE	let mut tmp_ret: i32 = 0; (the C++ int under its C++ name: the variable holds the length snprintf returns; s2-errors.md 2.2 rule 5, 2.1 the ErrCode trait). Core unit (core-manifest.tsv:390): this form where the core keeps the function (RULEBOOK section 0).	sweep: tmp-ret.tsv:37 (data row 36). Non-code value: log_storage.cpp:535-536 assigns the return of snprintf(log_dir, OB_MAX_FILE_NAME_LENGTH, ..), a byte count or a negative value, and log_storage.cpp:535 compares it with 0 as a number (0 > tmp_ret). Meets a code holder: never; the failing branch sets ret = OB_ERR_UNEXPECTED at log_storage.cpp:537 and only logs K(tmp_ret) at log_storage.cpp:538. The snprintf call is printf-calls.tsv:26 (at log_storage.cpp:536), which decides the call's Rust.	confirmed
src/logservice/palf/log_storage.cpp	LogStorage::do_init_	line 535: assign tmp_ret	NON_CODE_VALUE	if 0 > { tmp_ret = <the snprintf call of log_storage.cpp:536, as printf-calls.tsv:26 gives it>; tmp_ret } { ret = Err(OB_ERR_UNEXPECTED); log_error!(ret, .., K(ret), K(tmp_ret)); } else if .. : tmp_ret stays i32 and the comparison with 0 is the integer comparison of the C++ (s2-errors.md 2.2 rule 5; RULEBOOK 2.1, the row on a test on an assignment, for the block form). Core unit (core-manifest.tsv:390): this form where the core keeps the function (RULEBOOK section 0).	sweep: tmp-ret.tsv:38 (data row 37). Non-code value: the row assigns the return of snprintf (log_storage.cpp:536), a length or a negative value, and tests it as a number, 0 > tmp_ret (log_storage.cpp:535). The variable is declared at log_storage.cpp:533 as 0 (tmp-ret.tsv:37). It never meets ret: on a negative length ret gets OB_ERR_UNEXPECTED (log_storage.cpp:537) and tmp_ret is only logged (log_storage.cpp:538).	confirmed
src/logservice/palf/log_storage.cpp	LogStorage::read_block_header_	line 715: declare tmp_ret	PASSED_ON	let tmp_ret: ObResult = self.check_read_out_of_bound_(block_id, matches!(ret, Err(OB_NO_SUCH_FILE_OR_DIRECTORY))); (let without mut: nothing assigns it again; RULEBOOK 2.1, the tmp_ret rows and the matches! row; s2-errors.md 2.2 rule 5). ret-compare.tsv:82 holds the same line and gives the same Rust, with the same producer. The merge row gives the merge's form. Core unit (core-manifest.tsv:390): this form where the core keeps the function (RULEBOOK section 0).	sweep: tmp-ret.tsv:39 (data row 38). Created: log_storage.cpp:715 puts the code of check_read_out_of_bound_ into tmp_ret; it answers OB_ERR_OUT_OF_LOWER_BOUND for a block below the range, OB_ERR_UNEXPECTED above it or, when no_such_block is true, inside it, OB_NEED_RETRY for the block being switched, or the code of get_block_id_range (log_storage.cpp:571-590). The argument no_such_block is the test OB_NO_SUCH_FILE_OR_DIRECTORY == ret of the same line, the row ret-compare.tsv:82. Tested: never against a named code; the tests of log_storage.cpp:716-718 read ret, not tmp_ret. Reaches: ret = tmp_ret at log_storage.cpp:719 (tmp-ret.tsv:40), under that guard, with no assignment in between; read_block_header_ returns ret at log_storage.cpp:722.	confirmed
src/logservice/palf/log_storage.cpp	LogStorage::read_block_header_	line 719: merge into ret	MERGE_AS_WRITTEN	if <the test of log_storage.cpp:716-718: ret is OB_NO_SUCH_FILE_OR_DIRECTORY or OB_INVALID_DATA, in the form ret-compare.tsv:83 and :84 give it> || ret.is_ok() { ret = tmp_ret; } (RULEBOOK 2.1: any other merge as the C++ writes it; s2-errors.md 2.4 rule 4). Core unit (core-manifest.tsv:390): this form where the core keeps the function (RULEBOOK section 0).	sweep: tmp-ret.tsv:40 (data row 39). Guard: log_storage.cpp:716-718 lets the merge run when ret is OB_NO_SUCH_FILE_OR_DIRECTORY or OB_INVALID_DATA or success. ret can hold an error there: OB_NO_SUCH_FILE_OR_DIRECTORY from log_reader_.pread (log_storage.cpp:706) or OB_INVALID_DATA from the integrity check (log_storage.cpp:709), and the merge overwrites it with tmp_ret; for OB_INVALID_DATA no_such_block is false, so a block inside the range turns the error into OB_SUCCESS (log_storage.cpp:582-592 sets nothing then). Other errors of log_storage.cpp:706-707 are kept. X: tmp_ret, the code of check_read_out_of_bound_ at log_storage.cpp:715 (tmp-ret.tsv:39), which holds only codes.	confirmed
src/logservice/palf/log_storage.cpp	LogStorage::inner_pread_	line 797: declare tmp_ret	PASSED_ON	let tmp_ret: ObResult = self.check_read_out_of_bound_(read_block_id, matches!(ret, Err(OB_NO_SUCH_FILE_OR_DIRECTORY))); (let without mut: nothing assigns it again; RULEBOOK 2.1, the tmp_ret rows and the matches! row; s2-errors.md 2.2 rule 5). ret-compare.tsv:86 holds the same line and gives the same Rust, with the same producer. The merge row gives the merge's form. Core unit (core-manifest.tsv:390): this form where the core keeps the function (RULEBOOK section 0).	sweep: tmp-ret.tsv:41 (data row 40). Created: log_storage.cpp:797 puts the code of check_read_out_of_bound_ (log_storage.cpp:565-594) into tmp_ret; the argument no_such_block is the test OB_NO_SUCH_FILE_OR_DIRECTORY == ret of the same line, the row ret-compare.tsv:86. Tested: never against a named code; the test of log_storage.cpp:798-799 reads ret. Reaches: ret = tmp_ret at log_storage.cpp:800 (tmp-ret.tsv:42), with no assignment in between; inner_pread_ returns ret at log_storage.cpp:804.	confirmed
src/logservice/palf/log_storage.cpp	LogStorage::inner_pread_	line 800: merge into ret	MERGE_AS_WRITTEN	if <the test OB_NO_SUCH_FILE_OR_DIRECTORY == ret of log_storage.cpp:798, as ret-compare.tsv:87 gives it> || ret.is_ok() { ret = tmp_ret; } (RULEBOOK 2.1: any other merge as the C++ writes it; s2-errors.md 2.4 rule 4). Core unit (core-manifest.tsv:390): this form where the core keeps the function (RULEBOOK section 0).	sweep: tmp-ret.tsv:42 (data row 41). Guard: log_storage.cpp:798-799 lets the merge run when ret is OB_NO_SUCH_FILE_OR_DIRECTORY or success. ret can hold OB_NO_SUCH_FILE_OR_DIRECTORY from log_reader_.pread (log_storage.cpp:785), and the merge overwrites it with tmp_ret, which check_read_out_of_bound_ computed with no_such_block true: OB_ERR_OUT_OF_LOWER_BOUND, OB_ERR_UNEXPECTED or OB_NEED_RETRY (log_storage.cpp:571-590). Other errors of the cache read or the pread (log_storage.cpp:772-779, :785) are kept. X: tmp_ret from log_storage.cpp:797 (tmp-ret.tsv:41), which holds only codes.	confirmed
src/logservice/palf/palf_callback_wrapper.cpp	PalfFSCbWrapper::update_end_lsn	line 48: declare tmp_ret (plan definition)	DECLARATION	let mut tmp_ret: ObResult = Ok(()); (RULEBOOK 2.1, the int ret and tmp_ret rows; s2-errors.md 2.2 rule 5), inside the else of palf_callback_wrapper.cpp:47. Core unit (core-manifest.tsv:382): this form where the core keeps the function (RULEBOOK section 0).	sweep: tmp-ret.tsv:43 (data row 42). Written: at palf_callback_wrapper.cpp:55 in each round of the DLIST_FOREACH loop, by cb->update_end_lsn(end_lsn, end_scn) (tmp-ret.tsv:44). Read: never; the failing branch is empty and the variable leaves scope at palf_callback_wrapper.cpp:58.	confirmed
src/logservice/palf/palf_callback_wrapper.cpp	PalfFSCbWrapper::update_end_lsn	line 55: assign tmp_ret	IGNORED	} else if ob_fail!(tmp_ret = cb.update_end_lsn(end_lsn, end_scn)) { } (RULEBOOK 2.1, the tmp_ret row; s2-errors.md 2.3 table), the empty branch kept (s2-errors.md 2.3); the loop keeps the DLIST_FOREACH condition, ret.is_ok() and the list bounds (ob_dlist.h:29). The code dies in tmp_ret. Core unit (core-manifest.tsv:382): this form where the core keeps the function (RULEBOOK section 0).	sweep: tmp-ret.tsv:44 (data row 43). Created: palf_callback_wrapper.cpp:55 puts the code of the callback into tmp_ret; cb is a PalfFSCb, whose update_end_lsn is pure virtual (palf_callback.h:38), and its two implementations (grep -rnE 'public +([a-z:]*::)?PalfFSCb\b' src prints only ob_log_apply_service.h:74 and ob_replay_status.h:370, and grep -rnE 'public +([a-z:]*::)?(ObApplyFsCb|ObReplayFsCb)\b' src prints nothing) return a status code, ObApplyFsCb (ob_log_apply_service.cpp:50-54) and ObReplayFsCb (ob_replay_status.cpp:533-538), so the variable holds only codes. Tested: never against a named code. The failing branch is empty; the loop, which stops only when ret fails (ob_dlist.h:29), goes on to the next callback, where the row assigns tmp_ret again, and tmp_ret leaves scope at palf_callback_wrapper.cpp:58. update_end_lsn returns ret (palf_callback_wrapper.cpp:59), which only a NULL callback sets.	confirmed
src/logservice/palf/palf_env_impl.cpp	PalfEnvImpl::try_recycle_blocks	line 521: declare tmp_ret (plan definition)	DECLARATION	let mut tmp_ret: ObResult = Ok(()); (RULEBOOK 2.1, the int ret and tmp_ret rows; s2-errors.md 2.2 rule 5). Core unit (core-manifest.tsv:393): this form where the core keeps the function (RULEBOOK section 0).	sweep: tmp-ret.tsv:45 (data row 44). Written: only at palf_env_impl.cpp:526, by log_io_worker_wrapper_.notify_need_writing_throttling(..) (tmp-ret.tsv:46). Read: by PALF_LOG_RET(WARN, tmp_ret, ..) at palf_env_impl.cpp:527 only. The tmp_ret of palf_env_impl.cpp:572 is another variable, declared in an inner block (tmp-ret.tsv:47).	confirmed
src/logservice/palf/palf_env_impl.cpp	PalfEnvImpl::try_recycle_blocks	line 526: assign tmp_ret	IGNORED	} else if ob_fail!(tmp_ret = self.log_io_worker_wrapper_.notify_need_writing_throttling(self.disk_options_wrapper_.need_throttling())) { <the PALF_LOG_RET(WARN, tmp_ret, ..) line> } else { .. } (RULEBOOK 2.1, the tmp_ret row; s2-errors.md 2.3 table); a *_LOG_RET line passes tmp_ret as its code (s2-errors.md 2.5 rule 1). The code dies in tmp_ret. Core unit (core-manifest.tsv:393): this form where the core keeps the function (RULEBOOK section 0).	sweep: tmp-ret.tsv:46 (data row 45). Created: palf_env_impl.cpp:526 puts the code of notify_need_writing_throttling into tmp_ret; it fails only with OB_NOT_INIT (log_io_worker_wrapper.cpp:93-94). Tested: never against a named code. The failing branch only logs (palf_env_impl.cpp:527) and skips the recycling of palf_env_impl.cpp:528-604; try_recycle_blocks returns ret at palf_env_impl.cpp:605, which tmp_ret never reaches.	confirmed
src/logservice/palf/palf_env_impl.cpp	PalfEnvImpl::try_recycle_blocks	line 572: declare tmp_ret	IGNORED	let tmp_ret: ObResult = Err(OB_LOG_OUTOF_DISK_SPACE); (let without mut: nothing assigns it again; RULEBOOK 2.1, the tmp_ret rows). LOG_DBA_ERROR(OB_LOG_OUTOF_DISK_SPACE, ..) prints it as the value of the key named ret and LOG_DBA_ERROR_(OB_LOG_DISK_SPACE_ALMOST_FULL, tmp_ret, ..) passes it as the log's code, as a *_LOG_RET line does (s2-errors.md 2.5 rule 1). The code dies in tmp_ret. Core unit (core-manifest.tsv:393): this form where the core keeps the function (RULEBOOK section 0).	sweep: tmp-ret.tsv:47 (data row 46). Created: palf_env_impl.cpp:572 declares tmp_ret with the constant OB_LOG_OUTOF_DISK_SPACE, in the rate-limited block of palf_env_impl.cpp:571-596; it shadows the tmp_ret of palf_env_impl.cpp:521. Tested: never; the code is only printed, at palf_env_impl.cpp:576 and passed as the DBA log's code at palf_env_impl.cpp:586 (LOG_DBA_ERROR_ passes errcode to OB_PRINT_DBA, ob_log_module.h:1150-1157, :1194). No merge, store or return; tmp_ret leaves scope at palf_env_impl.cpp:596.	confirmed
src/logservice/palf/palf_env_impl.cpp	PalfEnvImpl::period_calc_disk_usage	line 950: declare tmp_ret	IGNORED	let tmp_ret: ObResult = Err(OB_LOG_OUTOF_DISK_SPACE); (let without mut: nothing assigns it again; RULEBOOK 2.1, the tmp_ret rows). LOG_DBA_ERROR(OB_LOG_OUTOF_DISK_SPACE, ..) prints it as the value of the key named ret and LOG_DBA_ERROR_(OB_LOG_DISK_SPACE_ALMOST_FULL, tmp_ret, ..) passes it as the log's code, as a *_LOG_RET line does (s2-errors.md 2.5 rule 1). The code dies in tmp_ret. Core unit (core-manifest.tsv:393): this form where the core keeps the function (RULEBOOK section 0).	sweep: tmp-ret.tsv:48 (data row 47). Created: palf_env_impl.cpp:950 declares tmp_ret with the constant OB_LOG_OUTOF_DISK_SPACE, in the rate-limited block of palf_env_impl.cpp:949-967 that runs when the log disk is full (palf_env_impl.cpp:947). Tested: never; the code is only printed at palf_env_impl.cpp:951 and passed as the DBA log's code at palf_env_impl.cpp:959 (ob_log_module.h:1194). No merge, store or return: period_calc_disk_usage returns void (palf_env_impl.cpp:923), and tmp_ret leaves scope at palf_env_impl.cpp:967.	confirmed
src/logservice/replayservice/ob_log_replay_service.cpp	ObLogReplayService::start	line 243: declare tmp_ret (plan definition)	DECLARATION	let mut tmp_ret: ObResult = Ok(()); (RULEBOOK 2.1, the int ret and tmp_ret rows; s2-errors.md 2.2 rule 5), inside the else of ob_log_replay_service.cpp:241. Core unit (core-manifest.tsv:400): this form where the core keeps the function (RULEBOOK section 0).	sweep: tmp-ret.tsv:49 (data row 48). Written: only at ob_log_replay_service.cpp:244, by replay_stat_.start() (tmp-ret.tsv:50). Read: never; the failing branch is empty and the variable leaves scope at ob_log_replay_service.cpp:247.	confirmed
src/logservice/replayservice/ob_log_replay_service.cpp	ObLogReplayService::start	line 244: assign tmp_ret	IGNORED	if ob_fail!(tmp_ret = self.replay_stat_.start()) { } (RULEBOOK 2.1, the tmp_ret row; s2-errors.md 2.3 table), the empty branch kept (s2-errors.md 2.3). The code dies in tmp_ret. Core unit (core-manifest.tsv:400): this form where the core keeps the function (RULEBOOK section 0).	sweep: tmp-ret.tsv:50 (data row 49). Created: ob_log_replay_service.cpp:244 puts the code of ReplayProcessStat::start into tmp_ret: OB_NOT_INIT or the code of timer_.schedule (ob_log_replay_service.cpp:66-76). Tested: never against a named code. The failing branch is empty (ob_log_replay_service.cpp:244-245); start logs success at ob_log_replay_service.cpp:246 whatever the code and returns ret at ob_log_replay_service.cpp:248, which tmp_ret never reaches.	confirmed
src/logservice/replayservice/ob_log_replay_service.cpp	ObLogReplayService::handle	line 361: declare tmp_ret (plan definition)	DECLARATION	let mut tmp_ret: ObResult = Ok(()); (RULEBOOK 2.1, the int ret and tmp_ret rows; s2-errors.md 2.2 rule 5), at the start of the block of ob_log_replay_service.cpp:358. Core unit (core-manifest.tsv:400): this form where the core keeps the function (RULEBOOK section 0).	sweep: tmp-ret.tsv:51 (data row 50). Written: only at ob_log_replay_service.cpp:362, by submit_task(task_to_handle) (tmp-ret.tsv:52). Read: by the log K(tmp_ret) at ob_log_replay_service.cpp:363 only; never tested against a named code, merged or stored. handle returns void (ob_log_replay_service.cpp:300).	confirmed
src/logservice/replayservice/ob_log_replay_service.cpp	ObLogReplayService::handle	line 362: assign tmp_ret	IGNORED	if ob_fail!(tmp_ret = self.submit_task(task_to_handle)) { <the CLOG_LOG(ERROR, ..) line as log_error!(ret, ..), the ret in scope, with K(tmp_ret)>; self.revert_replay_status_(replay_status); } else { } (RULEBOOK 2.1, the tmp_ret row; s2-errors.md 2.3 table); the log takes the ret in scope (s2-errors.md 2.5 rule 1). The code dies in tmp_ret. Core unit (core-manifest.tsv:400): this form where the core keeps the function (RULEBOOK section 0).	sweep: tmp-ret.tsv:52 (data row 51). Created: ob_log_replay_service.cpp:362 puts the code of submit_task(task_to_handle) into tmp_ret; submit_task answers OB_NOT_INIT, OB_INVALID_ARGUMENT or the thread-pool push's code (ob_log_replay_service.cpp:653-665). Tested: never against a named code. The failing branch logs and gives back the replay status reference, dropping the task (ob_log_replay_service.cpp:363-366); the else is empty. tmp_ret leaves scope at ob_log_replay_service.cpp:370 without a merge, return or store; handle returns void (ob_log_replay_service.cpp:300).	confirmed
src/logservice/replayservice/ob_log_replay_service.cpp	ObLogReplayService::fetch_and_submit_single_log_	line 1056: declare tmp_ret (plan definition)	DECLARATION	let tmp_ret: ObResult = Ok(()); (let without mut: nothing assigns it; RULEBOOK 2.1, the int ret and tmp_ret rows; s2-errors.md 2.2 rule 5). The declaration stays although nothing reads it (RULEBOOK section 0). Core unit (core-manifest.tsv:400): this form where the core keeps the function (RULEBOOK section 0).	sweep: tmp-ret.tsv:53 (data row 52). Written: never after the declaration; read: never. No line of fetch_and_submit_single_log_ (ob_log_replay_service.cpp:1049-1135) after ob_log_replay_service.cpp:1056 names tmp_ret.	confirmed
src/logservice/replayservice/ob_log_replay_service.cpp	ObLogReplayService::handle_submit_task_	line 1141: declare tmp_ret (plan definition)	DECLARATION	let mut tmp_ret: ObResult = Ok(()); (RULEBOOK 2.1, the int ret and tmp_ret rows; s2-errors.md 2.2 rule 5). In a build with ERRSIM the declaration of ob_log_replay_service.cpp:1168 shadows it inside the else block of ob_log_replay_service.cpp:1166-1199, as in the C++. Core unit (core-manifest.tsv:400): this form where the core keeps the function (RULEBOOK section 0).	sweep: tmp-ret.tsv:54 (data row 53). Written: at ob_log_replay_service.cpp:1213 by replay_status->batch_push_all_task_queue() (tmp-ret.tsv:57), and at ob_log_replay_service.cpp:1185 (tmp-ret.tsv:56) only in a build without ERRSIM: with ERRSIM, ob_log_replay_service.cpp:1168 declares another tmp_ret in the same else block, and :1185 writes that one. Read: never; both failing branches are empty. The tracepoint value of ob_log_replay_service.cpp:1168 goes into that other variable, never into this one, so step 3 does not apply to this row.	confirmed
src/logservice/replayservice/ob_log_replay_service.cpp	ObLogReplayService::handle_submit_task_	line 1168: declare tmp_ret	IGNORED	#[cfg(feature = "errsim")] let mut tmp_ret: ObResult = ObError::from_code(ob_e!(EventTable::EN_REPLAY_SERVICE_SUBMIT_TASK_SLEEP, 0)); then if tmp_ret.is_err() { usleep(300 * 1000); log_info!(.., KR(tmp_ret)); } (s2-errors.md 2.4 rule 8: a tracepoint value enters through ObError::from_code; RULEBOOK 2.3, the tracepoint and ERRSIM rows). mut, because ob_log_replay_service.cpp:1185 assigns this variable in an ERRSIM build (tmp-ret.tsv:56). Core unit (core-manifest.tsv:400): this form where the core keeps the function (RULEBOOK section 0).	sweep: tmp-ret.tsv:55 (data row 54). Created: ob_log_replay_service.cpp:1168 declares a tmp_ret with the value of the tracepoint EN_REPLAY_SERVICE_SUBMIT_TASK_SLEEP, under #ifdef ERRSIM (ob_log_replay_service.cpp:1167-1173), in the else block of ob_log_replay_service.cpp:1166-1199, where it shadows the tmp_ret of ob_log_replay_service.cpp:1141. Tested: only against OB_SUCCESS (ob_log_replay_service.cpp:1169), an on-off switch; the branch sleeps 300 ms and logs at INFO (ob_log_replay_service.cpp:1170-1171). The value is not used as a number and reaches no merge, store or return; ob_log_replay_service.cpp:1185 overwrites it in the same block, and it leaves scope at ob_log_replay_service.cpp:1199.	confirmed
src/logservice/replayservice/ob_log_replay_service.cpp	ObLogReplayService::handle_submit_task_	line 1185: assign tmp_ret	IGNORED	if ob_fail!(tmp_ret = replay_status.batch_push_all_task_queue()) { } else { last_batch_to_submit_lsn = to_submit_lsn; } (RULEBOOK 2.1, the tmp_ret row; s2-errors.md 2.3 table), the empty branch kept (s2-errors.md 2.3). In an ERRSIM build the name resolves to the variable of ob_log_replay_service.cpp:1168, as in the C++. The code dies in tmp_ret. Core unit (core-manifest.tsv:400): this form where the core keeps the function (RULEBOOK section 0).	sweep: tmp-ret.tsv:56 (data row 55). Created: ob_log_replay_service.cpp:1185 puts the code of batch_push_all_task_queue, the first failure of submit_task_to_replay_service_ over the task queues (ob_replay_status.cpp:1080-1093), into tmp_ret. Tested: never against a named code. The failing branch is empty: last_batch_to_submit_lsn is not advanced (ob_log_replay_service.cpp:1187), so a later round of the loop of ob_log_replay_service.cpp:1160 pushes again, after fetching the next log; that loop goes on to the next log, so this is not a retry (tmp-ret.md 6.7). ob_log_replay_service.cpp:1213 pushes all queues again after the loop. The code never reaches ret.	confirmed
src/logservice/replayservice/ob_log_replay_service.cpp	ObLogReplayService::handle_submit_task_	line 1213: assign tmp_ret	IGNORED	if ob_fail!(tmp_ret = replay_status.batch_push_all_task_queue()) { } (RULEBOOK 2.1, the tmp_ret row; s2-errors.md 2.3 table), the empty branch kept (s2-errors.md 2.3). The code dies in tmp_ret. Core unit (core-manifest.tsv:400): this form where the core keeps the function (RULEBOOK section 0).	sweep: tmp-ret.tsv:57 (data row 56). Created: ob_log_replay_service.cpp:1213 puts the code of batch_push_all_task_queue (ob_replay_status.cpp:1080-1093) into the tmp_ret of ob_log_replay_service.cpp:1141. Tested: never against a named code. The failing branch is empty (ob_log_replay_service.cpp:1213-1214); the replay status is unlocked at ob_log_replay_service.cpp:1215 and handle_submit_task_ returns ret at ob_log_replay_service.cpp:1223, which tmp_ret never reaches.	confirmed
src/logservice/replayservice/ob_log_replay_service.cpp	ObLogReplayService::submit_log_replay_task_	line 1316: declare tmp_ret (plan definition)	DECLARATION	let mut tmp_ret: ObResult = Ok(()); (RULEBOOK 2.1, the int ret and tmp_ret rows; s2-errors.md 2.2 rule 5). Core unit (core-manifest.tsv:400): this form where the core keeps the function (RULEBOOK section 0).	sweep: tmp-ret.tsv:58 (data row 57). Written: only at ob_log_replay_service.cpp:1331, by replay_status.set_post_barrier_finished(replay_task.lsn_) (tmp-ret.tsv:59). Read: merged at ob_log_replay_service.cpp:1333 (tmp-ret.tsv:60) and logged at ob_log_replay_service.cpp:1335.	confirmed
src/logservice/replayservice/ob_log_replay_service.cpp	ObLogReplayService::submit_log_replay_task_	line 1331: assign tmp_ret	PASSED_ON	if ob_fail!(tmp_ret = replay_status.set_post_barrier_finished(replay_task.lsn_)) { .. } (RULEBOOK 2.1, the tmp_ret row; s2-errors.md 2.3 table). The merge row gives the merge's form; the CLOG_LOG(ERROR, ..) of ob_log_replay_service.cpp:1335 takes the ret in scope (s2-errors.md 2.5 rule 1). Core unit (core-manifest.tsv:400): this form where the core keeps the function (RULEBOOK section 0).	sweep: tmp-ret.tsv:59 (data row 58). Created: ob_log_replay_service.cpp:1331 puts the code of set_post_barrier_finished into tmp_ret, only OB_ERR_UNEXPECTED on failure (ob_replay_status.cpp:1138-1140), in the branch where push_log_replay_task failed (ob_log_replay_service.cpp:1327) and the task is a post barrier (ob_log_replay_service.cpp:1330). Tested: never against a named code; is_fatal_error at ob_log_replay_service.cpp:1332 reads ret. Reaches: ret = tmp_ret at ob_log_replay_service.cpp:1333 (tmp-ret.tsv:60), with no assignment in between; submit_log_replay_task_ returns ret at ob_log_replay_service.cpp:1341.	confirmed
src/logservice/replayservice/ob_log_replay_service.cpp	ObLogReplayService::submit_log_replay_task_	line 1333: merge into ret	MERGE_AS_WRITTEN	if !replay_status.is_fatal_error(ret) { ret = tmp_ret; } (RULEBOOK 2.1: any other merge as the C++ writes it; s2-errors.md 2.4 rule 4; tmp-ret.md section 9, Q2), is_fatal_error taking ret with its signature from the declaration index. Core unit (core-manifest.tsv:400): this form where the core keeps the function (RULEBOOK section 0).	sweep: tmp-ret.tsv:60 (data row 59). Guard: if (!replay_status.is_fatal_error(ret)) at ob_log_replay_service.cpp:1332, inside the failing branch of push_log_replay_task (ob_log_replay_service.cpp:1327), so ret always holds that error here. is_fatal_error is false for OB_SUCCESS, -4013, OB_EAGAIN, OB_NOT_RUNNING, OB_IO_ERROR and OB_DISK_HUNG (ob_replay_status.cpp:1231-1239), so the merge overwrites those codes with tmp_ret and keeps any other (fatal) error. X: tmp_ret, the OB_ERR_UNEXPECTED of set_post_barrier_finished (ob_log_replay_service.cpp:1331, tmp-ret.tsv:59). The function returns ret at ob_log_replay_service.cpp:1341.	confirmed
src/logservice/replayservice/ob_replay_status.cpp	ObReplayServiceSubmitTask::init	line 95: declare tmp_ret (plan definition)	DECLARATION	let mut tmp_ret: ObResult = Ok(()); (RULEBOOK 2.1, the int ret and tmp_ret rows; s2-errors.md 2.2 rule 5). Core unit (core-manifest.tsv:399): this form where the core keeps the function (RULEBOOK section 0).	sweep: tmp-ret.tsv:61 (data row 60). Written: only at ob_replay_status.cpp:112, by iterator_.next() (tmp-ret.tsv:62). Read: never; the failing branch is empty, and init returns ret at ob_replay_status.cpp:117.	confirmed
src/logservice/replayservice/ob_replay_status.cpp	ObReplayServiceSubmitTask::init	line 112: assign tmp_ret	IGNORED	if ob_fail!(tmp_ret = self.iterator_.next()) { } (RULEBOOK 2.1, the tmp_ret row; s2-errors.md 2.3 table), the empty branch kept (s2-errors.md 2.3); where the core replaces init() with a constructor, the statement goes with the body (RULEBOOK 2.1, the init() row). The code dies in tmp_ret. Core unit (core-manifest.tsv:399): this form where the core keeps the function (RULEBOOK section 0).	sweep: tmp-ret.tsv:62 (data row 61). Created: ob_replay_status.cpp:112 puts the code of iterator_.next() into tmp_ret; iterator_ is a palf::PalfBufferIterator (ob_replay_status.h:316), which can answer OB_ITER_END, but the row does not test it. Tested: never against a named code. The failing branch is empty (ob_replay_status.cpp:112-113); init logs success at ob_replay_status.cpp:114 and returns ret at ob_replay_status.cpp:117, which tmp_ret never reaches.	confirmed
src/logservice/replayservice/ob_replay_status.cpp	ObReplayServiceSubmitTask::next_log	line 231: declare tmp_ret (plan definition)	DECLARATION	let mut tmp_ret: ObResult = Ok(()); (RULEBOOK 2.1, the int ret and tmp_ret rows; s2-errors.md 2.2 rule 5). Core unit (core-manifest.tsv:399): this form where the core keeps the function (RULEBOOK section 0).	sweep: tmp-ret.tsv:63 (data row 62). Written: only at ob_replay_status.cpp:233, by iterator_.next(replayable_point, next_min_scn, iterate_end_by_replayable_point) (tmp-ret.tsv:64). Read: tested against OB_ITER_END at ob_replay_status.cpp:235 (ret-compare.tsv:120); never merged or stored.	confirmed
src/logservice/replayservice/ob_replay_status.cpp	ObReplayServiceSubmitTask::next_log	line 233: assign tmp_ret	END_OF_DATA	if ob_fail!(tmp_ret = self.iterator_.next(replayable_point, &mut next_min_scn, iterate_end_by_replayable_point)) { if matches!(tmp_ret, Err(OB_ITER_END)) { .. } else { } } else { } (RULEBOOK 2.1, the tmp_ret row; s2-errors.md 2.3 table); OB_ITER_END stays Err(OB_ITER_END), tested at the C++ place, and the iterator keeps it at its boundary (s2-errors.md 2.4 rules 1 and 2; ARCHITECTURE.md section 17, default 6). Core unit (core-manifest.tsv:399): this form where the core keeps the function (RULEBOOK section 0).	sweep: tmp-ret.tsv:64 (data row 63). Producer: iterator_.next at ob_replay_status.cpp:233, a palf::PalfBufferIterator (ob_replay_status.h:316). Test: OB_ITER_END == tmp_ret at ob_replay_status.cpp:235 (ret-compare.tsv:120). The OB_ITER_END branch (ob_replay_status.cpp:236-258) does nothing when the next SCN is unchanged, logs when it is invalid, sets ret = OB_ERR_UNEXPECTED and a fatal error info when it went back (ob_replay_status.cpp:246-253), or advances next_to_submit_scn_ (ob_replay_status.cpp:255). Other codes fall into the empty else of ob_replay_status.cpp:259-261; no code of tmp_ret reaches ret, which next_log returns at ob_replay_status.cpp:265.	confirmed
src/logservice/replayservice/ob_replay_status.cpp	ObReplayStatus::enable_local_replay	line 794: declare tmp_ret	IGNORED	#[cfg(feature = "errsim")] { let tmp_ret: ObResult = ObError::from_code(ob_e!(EventTable::EN_REPLAY_SERVICE_SUBMIT_TASK_SLEEP, 0)); if tmp_ret.is_err() { log_info!(..); share::server_event_sync_add(..); } debug_sync!(REPLAY_ENABLE_LOCAL_BEFORE_PUSH_SUBMIT_TASK); } (s2-errors.md 2.4 rule 8; RULEBOOK 2.3, the tracepoint and ERRSIM rows). The code dies in tmp_ret. Core unit (core-manifest.tsv:399): this form where the core keeps the function (RULEBOOK section 0).	sweep: tmp-ret.tsv:65 (data row 64). Created: ob_replay_status.cpp:794 declares tmp_ret with the value of the tracepoint EN_REPLAY_SERVICE_SUBMIT_TASK_SLEEP, under #ifdef ERRSIM (ob_replay_status.cpp:793-800). Tested: only against OB_SUCCESS (ob_replay_status.cpp:795), an on-off switch; the branch logs at INFO and records a server event (ob_replay_status.cpp:796-797). The value is not used as a number and reaches no merge, store or return; enable_local_replay returns ret at ob_replay_status.cpp:810.	confirmed
src/oblib/common/json_type/ob_json_base.cpp	ObJsonBaseUtil::sort_array_pointer	line 6422: declare tmp_ret	OTHER_CODE	let tmp_ret: ObResult = vec.insert_unique(tmp, &mut insert_pos, Array_less(), Array_equal()); (let without mut, one per loop round; RULEBOOK 2.1, the tmp_ret rows), then if tmp_ret.is_err() && !matches!(tmp_ret, Err(OB_CONFLICT_VALUE)) { ret = ret.and(tmp_ret); } (RULEBOOK 2.1, the matches! and COVER_SUCC rows; s2-errors.md 2.4 rule 1). ret-compare.tsv:134 holds the test of ob_json_base.cpp:6423.	sweep: tmp-ret.tsv:66 (data row 65). Producer: ObSortedVector::insert_unique at ob_json_base.cpp:6422 answers OB_CONFLICT_VALUE when an equal element is stored already (src/oblib/lib/container/ob_vector.ipp:480-490) and OB_ERROR for a NULL value (src/oblib/lib/container/ob_vector.ipp:461). Test: tmp_ret != OB_CONFLICT_VALUE at ob_json_base.cpp:6423 (ret-compare.tsv:134): a duplicate is skipped and the loop goes on, while any other failure is merged into ret at ob_json_base.cpp:6424 (tmp-ret.tsv:67), which ends the loop of ob_json_base.cpp:6418. OB_CONFLICT_VALUE is on no list of 6.10 (a), so the value is OTHER_CODE, not LOOKUP_OUTCOME; ret-compare.md's list (a) is the same.	confirmed
src/oblib/common/json_type/ob_json_base.cpp	ObJsonBaseUtil::sort_array_pointer	line 6424: merge into ret	MERGE_AND	ret = ret.and(tmp_ret); (RULEBOOK 2.1, the COVER_SUCC row: a merge meaning a unless a is success, then b is a.and(b); s2-errors.md 2.3 table, 2.4 rule 4). The function keeps the local-ret form (s2-errors.md 2.3).	sweep: tmp-ret.tsv:67 (data row 66). Shape: ret = COVER_SUCC(tmp_ret), COVER_SUCC being OB_SUCCESS == ret ? errcode : ret (src/oblib/lib/utility/ob_macro_utils.h:657): a = ret, b = tmp_ret. b: the code of insert_unique declared at ob_json_base.cpp:6422 (tmp-ret.tsv:66), neither OB_SUCCESS nor OB_CONFLICT_VALUE here (ob_json_base.cpp:6423). a: ret is OB_SUCCESS at the merge, since the loop condition of ob_json_base.cpp:6418 requires OB_SUCC(ret) and the merge sits in the else of the get_array_element test (ob_json_base.cpp:6420-6421); so ret takes tmp_ret, which ends the loop, and sort_array_pointer returns it at ob_json_base.cpp:6428.	confirmed
src/oblib/common/json_type/ob_json_schema.cpp	ObJsonSchemaTree::union_schema_def	line 466: merge OB_ERR_WRONG_VALUE into ret through if (OB_SUCC(ret)) (continue-and-record through another variable)	MERGE_AS_WRITTEN	} else if ret.is_ok() { ret = Err(OB_ERR_WRONG_VALUE); } (RULEBOOK 2.1: any other merge as the C++ writes it; s2-errors.md 2.4 rule 4; tmp-ret.md section 9, Q2); the earlier conditions of the chain keep their ob_succ!(ret = ..) assignments (RULEBOOK 2.1, the OB_SUCC(x) row). The function is in the local-ret form (s2-errors.md 2.3).	sweep: tmp-ret.tsv:68 (data row 67). Guard: the last else-if of the case at ob_json_schema.cpp:461, else if (OB_SUCC(ret)) at ob_json_schema.cpp:465. The earlier conditions of the chain assign ret through OB_SUCC(..) only when the keyword matched, since each call stands after a && (ob_json_schema.cpp:462-464), and a matched call that succeeds takes its own empty or assigning branch. So here ret holds OB_SUCCESS when no keyword of this length matched, and the error of the matched call otherwise, which the guard keeps; the merge never overwrites an error. X: the constant OB_ERR_WRONG_VALUE, a keyword this length does not know. ret starts at OB_SUCCESS (INIT_SUCC at ob_json_schema.cpp:456) and union_schema_def returns it at ob_json_schema.cpp:552.	confirmed
src/oblib/common/json_type/ob_json_schema.cpp	ObJsonSchemaTree::union_schema_def	line 476: merge OB_ERR_WRONG_VALUE into ret through if (OB_SUCC(ret)) (continue-and-record through another variable)	MERGE_AS_WRITTEN	} else if ret.is_ok() { ret = Err(OB_ERR_WRONG_VALUE); } (RULEBOOK 2.1: any other merge as the C++ writes it; s2-errors.md 2.4 rule 4; tmp-ret.md section 9, Q2); the earlier conditions of the chain keep their ob_succ!(ret = ..) assignments (RULEBOOK 2.1, the OB_SUCC(x) row). The function is in the local-ret form (s2-errors.md 2.3).	sweep: tmp-ret.tsv:69 (data row 68). Guard: the last else-if of the case at ob_json_schema.cpp:470, else if (OB_SUCC(ret)) at ob_json_schema.cpp:475. The earlier conditions of the chain assign ret through OB_SUCC(..) only when the keyword matched, since each call stands after a && (ob_json_schema.cpp:471, :473), and a matched call that succeeds takes its own empty or assigning branch. So here ret holds OB_SUCCESS when no keyword of this length matched, and the error of the matched call otherwise, which the guard keeps; the merge never overwrites an error. X: the constant OB_ERR_WRONG_VALUE, a keyword this length does not know. ret starts at OB_SUCCESS (INIT_SUCC at ob_json_schema.cpp:456) and union_schema_def returns it at ob_json_schema.cpp:552.	confirmed
src/oblib/common/json_type/ob_json_schema.cpp	ObJsonSchemaTree::union_schema_def	line 488: merge OB_ERR_WRONG_VALUE into ret through if (OB_SUCC(ret)) (continue-and-record through another variable)	MERGE_AS_WRITTEN	} else if ret.is_ok() { ret = Err(OB_ERR_WRONG_VALUE); } (RULEBOOK 2.1: any other merge as the C++ writes it; s2-errors.md 2.4 rule 4; tmp-ret.md section 9, Q2); the earlier conditions of the chain keep their ob_succ!(ret = ..) assignments (RULEBOOK 2.1, the OB_SUCC(x) row). The function is in the local-ret form (s2-errors.md 2.3).	sweep: tmp-ret.tsv:70 (data row 69). Guard: the last else-if of the case at ob_json_schema.cpp:480, else if (OB_SUCC(ret)) at ob_json_schema.cpp:487. The earlier conditions of the chain assign ret through OB_SUCC(..) only when the keyword matched, since each call stands after a && (ob_json_schema.cpp:481, :483, :485-486), and a matched call that succeeds takes its own empty or assigning branch. So here ret holds OB_SUCCESS when no keyword of this length matched, and the error of the matched call otherwise, which the guard keeps; the merge never overwrites an error. X: the constant OB_ERR_WRONG_VALUE, a keyword this length does not know. ret starts at OB_SUCCESS (INIT_SUCC at ob_json_schema.cpp:456) and union_schema_def returns it at ob_json_schema.cpp:552.	confirmed
src/oblib/common/json_type/ob_json_schema.cpp	ObJsonSchemaTree::union_schema_def	line 498: merge OB_ERR_WRONG_VALUE into ret through if (OB_SUCC(ret)) (continue-and-record through another variable)	MERGE_AS_WRITTEN	} else if ret.is_ok() { ret = Err(OB_ERR_WRONG_VALUE); } (RULEBOOK 2.1: any other merge as the C++ writes it; s2-errors.md 2.4 rule 4; tmp-ret.md section 9, Q2); the earlier conditions of the chain keep their ob_succ!(ret = ..) assignments (RULEBOOK 2.1, the OB_SUCC(x) row). The function is in the local-ret form (s2-errors.md 2.3).	sweep: tmp-ret.tsv:71 (data row 70). Guard: the last else-if of the case at ob_json_schema.cpp:492, else if (OB_SUCC(ret)) at ob_json_schema.cpp:497. The earlier conditions of the chain assign ret through OB_SUCC(..) only when the keyword matched, since each call stands after a && (ob_json_schema.cpp:493, :495), and a matched call that succeeds takes its own empty or assigning branch. So here ret holds OB_SUCCESS when no keyword of this length matched, and the error of the matched call otherwise, which the guard keeps; the merge never overwrites an error. X: the constant OB_ERR_WRONG_VALUE, a keyword this length does not know. ret starts at OB_SUCCESS (INIT_SUCC at ob_json_schema.cpp:456) and union_schema_def returns it at ob_json_schema.cpp:552.	confirmed
src/oblib/common/json_type/ob_json_schema.cpp	ObJsonSchemaTree::union_schema_def	line 514: merge OB_ERR_WRONG_VALUE into ret through if (OB_SUCC(ret)) (continue-and-record through another variable)	MERGE_AS_WRITTEN	} else if ret.is_ok() { ret = Err(OB_ERR_WRONG_VALUE); } (RULEBOOK 2.1: any other merge as the C++ writes it; s2-errors.md 2.4 rule 4; tmp-ret.md section 9, Q2); the earlier conditions of the chain keep their ob_succ!(ret = ..) assignments (RULEBOOK 2.1, the OB_SUCC(x) row). The function is in the local-ret form (s2-errors.md 2.3).	sweep: tmp-ret.tsv:72 (data row 71). Guard: the last else-if of the case at ob_json_schema.cpp:508, else if (OB_SUCC(ret)) at ob_json_schema.cpp:513. The earlier conditions of the chain assign ret through OB_SUCC(..) only when the keyword matched, since each call stands after a && (ob_json_schema.cpp:509, :511), and a matched call that succeeds takes its own empty or assigning branch. So here ret holds OB_SUCCESS when no keyword of this length matched, and the error of the matched call otherwise, which the guard keeps; the merge never overwrites an error. X: the constant OB_ERR_WRONG_VALUE, a keyword this length does not know. ret starts at OB_SUCCESS (INIT_SUCC at ob_json_schema.cpp:456) and union_schema_def returns it at ob_json_schema.cpp:552.	confirmed
src/oblib/common/json_type/ob_json_schema.cpp	ObJsonSchemaTree::union_schema_def	line 525: merge OB_ERR_WRONG_VALUE into ret through if (OB_SUCC(ret)) (continue-and-record through another variable)	MERGE_AS_WRITTEN	} else if ret.is_ok() { ret = Err(OB_ERR_WRONG_VALUE); } (RULEBOOK 2.1: any other merge as the C++ writes it; s2-errors.md 2.4 rule 4; tmp-ret.md section 9, Q2); the earlier conditions of the chain keep their ob_succ!(ret = ..) assignments (RULEBOOK 2.1, the OB_SUCC(x) row). The function is in the local-ret form (s2-errors.md 2.3).	sweep: tmp-ret.tsv:73 (data row 72). Guard: the last else-if of the case at ob_json_schema.cpp:518, else if (OB_SUCC(ret)) at ob_json_schema.cpp:524. The earlier conditions of the chain assign ret through OB_SUCC(..) only when the keyword matched, since each call stands after a && (ob_json_schema.cpp:519, :521, :523), and a matched call that succeeds takes its own empty or assigning branch. So here ret holds OB_SUCCESS when no keyword of this length matched, and the error of the matched call otherwise, which the guard keeps; the merge never overwrites an error. X: the constant OB_ERR_WRONG_VALUE, a keyword this length does not know. ret starts at OB_SUCCESS (INIT_SUCC at ob_json_schema.cpp:456) and union_schema_def returns it at ob_json_schema.cpp:552.	confirmed
src/oblib/common/json_type/ob_json_schema.cpp	ObJsonSchemaTree::union_schema_def	line 544: merge OB_ERR_WRONG_VALUE into ret through if (OB_SUCC(ret)) (continue-and-record through another variable)	MERGE_AS_WRITTEN	} else if ret.is_ok() { ret = Err(OB_ERR_WRONG_VALUE); } (RULEBOOK 2.1: any other merge as the C++ writes it; s2-errors.md 2.4 rule 4; tmp-ret.md section 9, Q2); the earlier conditions of the chain keep their ob_succ!(ret = ..) assignments (RULEBOOK 2.1, the OB_SUCC(x) row). The function is in the local-ret form (s2-errors.md 2.3).	sweep: tmp-ret.tsv:74 (data row 73). Guard: the last else-if of the case at ob_json_schema.cpp:540, else if (OB_SUCC(ret)) at ob_json_schema.cpp:543. The earlier conditions of the chain assign ret through OB_SUCC(..) only when the keyword matched, since each call stands after a && (ob_json_schema.cpp:541), and a matched call that succeeds takes its own empty or assigning branch. So here ret holds OB_SUCCESS when no keyword of this length matched, and the error of the matched call otherwise, which the guard keeps; the merge never overwrites an error. X: the constant OB_ERR_WRONG_VALUE, a keyword this length does not know. ret starts at OB_SUCCESS (INIT_SUCC at ob_json_schema.cpp:456) and union_schema_def returns it at ob_json_schema.cpp:552.	confirmed
src/oblib/common/mysqlclient/ob_mysql_transaction.cpp	ObMySQLTransaction::handle_trans_in_the_end	line 134: declare tmp_ret (plan definition)	DECLARATION	let mut tmp_ret: ObResult = Ok(()); (RULEBOOK 2.1, the int ret and tmp_ret rows; s2-errors.md 2.2 rule 5), inside the if of ob_mysql_transaction.cpp:133.	sweep: tmp-ret.tsv:75 (data row 74). Written: only at ob_mysql_transaction.cpp:135, by end(OB_SUCCESS == err_no) (tmp-ret.tsv:76). Read: by the log at ob_mysql_transaction.cpp:136 and the merge at ob_mysql_transaction.cpp:137 (tmp-ret.tsv:77).	confirmed
src/oblib/common/mysqlclient/ob_mysql_transaction.cpp	ObMySQLTransaction::handle_trans_in_the_end	line 135: OB_TMP_FAIL (plan definition)	PASSED_ON	if ob_fail!(tmp_ret = self.end(err_no.is_ok())) { log_error!(ret, .., err_no.is_ok(), K(tmp_ret)); .. } else { ret = err_no; } (RULEBOOK 2.1, the tmp_ret row; s2-errors.md 2.3 table); the parameter const int err_no is an ObResult (s2-errors.md 2.2 rule 5). The merge row gives the merge's form.	sweep: tmp-ret.tsv:76 (data row 75). Created: ob_mysql_transaction.cpp:135 puts the code of ObMySQLTransaction::end (ob_mysql_transaction.cpp:173-193) into tmp_ret. Tested: never against a named code. Reaches: ret = OB_SUCCESS == err_no ? tmp_ret : err_no at ob_mysql_transaction.cpp:137 (tmp-ret.tsv:77), with no assignment in between; handle_trans_in_the_end returns ret at ob_mysql_transaction.cpp:144.	confirmed
src/oblib/common/mysqlclient/ob_mysql_transaction.cpp	ObMySQLTransaction::handle_trans_in_the_end	line 137: merge into ret	MERGE_AND	ret = err_no.and(tmp_ret); (RULEBOOK 2.1, the COVER_SUCC row: a merge meaning a unless a is success, then b is a.and(b); s2-errors.md 2.3 table, 2.4 rule 4). The function keeps the local-ret form (s2-errors.md 2.3).	sweep: tmp-ret.tsv:77 (data row 76). Shape: the condition OB_SUCCESS == err_no tests only err_no; the value is tmp_ret when err_no is success and err_no otherwise: a = err_no, b = tmp_ret (tmp-ret.md 6.4 names this site). a: the parameter const int err_no of ob_mysql_transaction.cpp:130; its three callers (grep -rn 'handle_trans_in_the_end(' src prints, besides the declaration at ob_mysql_transaction.h:89 and the definition at ob_mysql_transaction.cpp:130, only src/rootserver/freeze/ob_major_merge_info_manager.cpp:120, :257 and :306, in set_freeze_info, renew_snapshot_gc_scn and try_gc_freeze_info) pass their ret, so it holds only codes. b: the code of end() from ob_mysql_transaction.cpp:135 (tmp-ret.tsv:76), an error in this branch. The function returns ret at ob_mysql_transaction.cpp:144.	confirmed
src/oblib/common/mysqlclient/ob_mysql_transaction.cpp	ObMySQLTransaction::end	line 179: declare tmp_ret	IGNORED	let tmp_ret: ObResult = self.do_stash_query(); (let without mut: nothing assigns it again; RULEBOOK 2.1, the tmp_ret rows), then if tmp_ret.is_err() { log_warn!(ret, .., K(tmp_ret)); commit = false; } (s2-errors.md 2.3 table, 2.5 rule 1). The code dies in tmp_ret.	sweep: tmp-ret.tsv:78 (data row 77). Created: ob_mysql_transaction.cpp:179 puts the code of do_stash_query() into tmp_ret, when the query stash is on and the caller wants a commit (ob_mysql_transaction.cpp:178). Tested: only against OB_SUCCESS (ob_mysql_transaction.cpp:180). The failing branch logs and turns the commit into a rollback (ob_mysql_transaction.cpp:181-182); ret is then set from end_transaction(commit) at ob_mysql_transaction.cpp:185, and tmp_ret leaves scope at ob_mysql_transaction.cpp:184.	confirmed
src/oblib/common/number/ob_number_v2.cpp	ObNumber::from_	line 189: declare warning (continue-and-record variable)	DECLARATION	let mut warning: ObResult = Ok(()); passed as &mut warning to the callee's int &warning parameter (s2-errors.md 2.2 rules 2 and 5, which names the warning of the casts an ObResult; RULEBOOK 2.1, the output parameter row).	sweep: tmp-ret.tsv:79 (data row 78). Written: only through the callee's int &warning at ob_number_v2.cpp:191; from_ is the inline forwarder to from_v3_ (ob_number_v2.h:563-568), which passes warning to find_point_range_ (ob_number_v2.cpp:669), which writes OB_INVALID_NUMERIC (ob_number_v2.cpp:538), so the variable holds only codes (step 3). Read: tested against OB_SUCCESS and merged into ret at ob_number_v2.cpp:192-193 (tmp-ret.tsv:80): a warning the callee recorded becomes the function's error (tmp-ret.md section 2). No code becomes a warning here.	confirmed
src/oblib/common/number/ob_number_v2.cpp	ObNumber::from_	line 193: merge warning into ret through if (OB_SUCC(ret)) (continue-and-record through another variable)	MERGE_AS_WRITTEN	if ret.is_ok() && warning.is_err() { ret = warning; } (RULEBOOK 2.1: any other merge as the C++ writes it; s2-errors.md 2.4 rule 4; tmp-ret.md section 9, Q2). The function is in the local-ret form (s2-errors.md 2.3).	sweep: tmp-ret.tsv:80 (data row 79). Guard: if (OB_SUCCESS == ret && OB_SUCCESS != warning) at ob_number_v2.cpp:192, so ret is OB_SUCCESS at the merge and it never overwrites an error; ret holds the code of from_ from ob_number_v2.cpp:191. X: warning, declared at ob_number_v2.cpp:189 (tmp-ret.tsv:79) and written only through the callee's int &warning at ob_number_v2.cpp:191, holding only codes. from_ returns ret at ob_number_v2.cpp:195.	confirmed
src/oblib/common/number/ob_number_v2.cpp	ObNumber::format_v1	line 2340: declare tmp_ret (plan definition)	DECLARATION	let mut tmp_ret: ObResult = Ok(()); (RULEBOOK 2.1, the int ret and tmp_ret rows; s2-errors.md 2.2 rule 5), inside the if of ob_number_v2.cpp:2333.	sweep: tmp-ret.tsv:81 (data row 80). Written: at ob_number_v2.cpp:2342, in the loop condition, each round (tmp-ret.tsv:82). Read: by that loop condition (OB_SUCCESS == tmp_ret) and by the merge ret = (OB_ITER_END == tmp_ret) ? OB_SUCCESS : tmp_ret at ob_number_v2.cpp:2372 (tmp-ret.tsv:83; ret-compare.tsv:264; reset.tsv:182).	confirmed
src/oblib/common/number/ob_number_v2.cpp	ObNumber::format_v1	line 2342: assign tmp_ret	END_OF_DATA	while ret.is_ok() && { tmp_ret = di.get_next_digit(&mut digit, &mut from_integer, &mut last_decimal); tmp_ret.is_ok() } { .. }, the condition evaluated each round (RULEBOOK 2.1, the row on a test on an assignment; RULEBOOK section 0, Keep the control flow); OB_ITER_END stays Err(OB_ITER_END) until the test of ob_number_v2.cpp:2372 (s2-errors.md 2.4 rules 1 and 2).	sweep: tmp-ret.tsv:82 (data row 81). Producer: ObDigitIterator::get_next_digit (ob_number_v2.cpp:6297) answers OB_ITER_END after the last digit (ob_number_v2.cpp:6312) or the code of get_digit. Test: the loop of ob_number_v2.cpp:2341-2342 stops on any failure, a loop that stops on the code and not a retry (tmp-ret.md 6.7); after it, OB_ITER_END == tmp_ret at ob_number_v2.cpp:2372 (ret-compare.tsv:264) turns the end into OB_SUCCESS (reset.tsv:182), and any other code of tmp_ret goes into ret on that line (tmp-ret.tsv:83), under if (OB_SUCC(ret)) at ob_number_v2.cpp:2371.	confirmed
src/oblib/common/number/ob_number_v2.cpp	ObNumber::format_v1	line 2372: merge into ret	MERGE_AS_WRITTEN	ret = if matches!(tmp_ret, Err(OB_ITER_END)) { Ok(()) } else { tmp_ret }; (RULEBOOK 2.1: any other merge as the C++ writes it; s2-errors.md 2.4 rule 4; tmp-ret.md section 9, Q2) (tmp-ret.md 6.5 names this site), inside if ret.is_ok() { .. } of ob_number_v2.cpp:2371. ret-compare.tsv:264 and reset.tsv:182 hold the same line and give the same Rust, with the same producer.	sweep: tmp-ret.tsv:83 (data row 82). Guard: if (OB_SUCC(ret)) at ob_number_v2.cpp:2371, so ret is OB_SUCCESS at the merge and no error is overwritten; not AND-shaped, since the condition tests OB_ITER_END, not OB_SUCCESS. X: tmp_ret, the last code of get_next_digit from the loop condition at ob_number_v2.cpp:2342 (tmp-ret.tsv:82): OB_ITER_END becomes OB_SUCCESS, any other code becomes ret. The function goes on to the zero padding under OB_SUCCESS == ret at ob_number_v2.cpp:2378.	confirmed
src/oblib/common/number/ob_number_v2.h	ObNumber::from	line 1456: declare warning (continue-and-record variable)	DECLARATION	let mut warning: ObResult = Ok(()); passed as &mut warning to the callee's int &warning parameter (s2-errors.md 2.2 rules 2 and 5, which names the warning of the casts an ObResult; RULEBOOK 2.1, the output parameter row).	sweep: tmp-ret.tsv:84 (data row 83). Written: only through the callee's int &warning at ob_number_v2.h:1458; from_ is the inline forwarder to from_v3_ (ob_number_v2.h:563-568), which passes warning to find_point_range_ (ob_number_v2.cpp:669), which writes only codes into it (for example OB_INVALID_NUMERIC at ob_number_v2.cpp:538), so the variable holds only codes (step 3). Read: tested against OB_SUCCESS at ob_number_v2.h:1459 and merged into ret at :1460 (tmp-ret.tsv:85); a warning the callee recorded becomes the function's error (tmp-ret.md section 2). No code becomes a warning here.	confirmed
src/oblib/common/number/ob_number_v2.h	ObNumber::from	line 1460: merge warning into ret through if (OB_SUCC(ret)) (continue-and-record through another variable)	MERGE_AS_WRITTEN	if ret.is_ok() && warning.is_err() { ret = warning; } (RULEBOOK 2.1: any other merge as the C++ writes it; s2-errors.md 2.4 rule 4; tmp-ret.md section 9, Q2). The function is in the local-ret form (s2-errors.md 2.3).	sweep: tmp-ret.tsv:85 (data row 84). Guard: if (OB_SUCCESS == ret && OB_SUCCESS != warning) at ob_number_v2.h:1459, so ret is OB_SUCCESS at the merge and it never overwrites an error; ret holds the callee's code from ob_number_v2.h:1458. X: warning, declared at ob_number_v2.h:1456 (tmp-ret.tsv:84) and written only through the callee's int &warning at ob_number_v2.h:1458, holding only codes. The function returns ret on the next lines, so the recorded warning becomes its error.	confirmed
src/oblib/common/number/ob_number_v2.h	ObNumber::from_v1	line 1473: declare warning (continue-and-record variable)	DECLARATION	let mut warning: ObResult = Ok(()); passed as &mut warning to the callee's int &warning parameter (s2-errors.md 2.2 rules 2 and 5, which names the warning of the casts an ObResult; RULEBOOK 2.1, the output parameter row).	sweep: tmp-ret.tsv:86 (data row 85). Written: only through the callee's int &warning at ob_number_v2.h:1475; from_v1_ (ob_number_v2.cpp:443) passes warning to ObNumberBuilder::build (ob_number_v2.cpp:454), which writes only codes into it (for example OB_INVALID_NUMERIC at ob_number_v2.cpp:6147), so the variable holds only codes (step 3). Read: tested against OB_SUCCESS at ob_number_v2.h:1476 and merged into ret at :1477 (tmp-ret.tsv:87); a warning the callee recorded becomes the function's error (tmp-ret.md section 2). No code becomes a warning here.	confirmed
src/oblib/common/number/ob_number_v2.h	ObNumber::from_v1	line 1477: merge warning into ret through if (OB_SUCC(ret)) (continue-and-record through another variable)	MERGE_AS_WRITTEN	if ret.is_ok() && warning.is_err() { ret = warning; } (RULEBOOK 2.1: any other merge as the C++ writes it; s2-errors.md 2.4 rule 4; tmp-ret.md section 9, Q2). The function is in the local-ret form (s2-errors.md 2.3).	sweep: tmp-ret.tsv:87 (data row 86). Guard: if (OB_SUCCESS == ret && OB_SUCCESS != warning) at ob_number_v2.h:1476, so ret is OB_SUCCESS at the merge and it never overwrites an error; ret holds the callee's code from ob_number_v2.h:1475. X: warning, declared at ob_number_v2.h:1473 (tmp-ret.tsv:86) and written only through the callee's int &warning at ob_number_v2.h:1475, holding only codes. The function returns ret on the next lines, so the recorded warning becomes its error.	confirmed
src/oblib/common/number/ob_number_v2.h	ObNumber::from_v2	line 1490: declare warning (continue-and-record variable)	DECLARATION	let mut warning: ObResult = Ok(()); passed as &mut warning to the callee's int &warning parameter (s2-errors.md 2.2 rules 2 and 5, which names the warning of the casts an ObResult; RULEBOOK 2.1, the output parameter row).	sweep: tmp-ret.tsv:88 (data row 87). Written: only through the callee's int &warning at ob_number_v2.h:1492; from_v2_ (ob_number_v2.cpp:479) passes warning to ObNumberBuilder::build_v2 (ob_number_v2.cpp:490), which writes only codes into it (for example OB_INVALID_NUMERIC at ob_number_v2.cpp:6020), so the variable holds only codes (step 3). Read: tested against OB_SUCCESS at ob_number_v2.h:1493 and merged into ret at :1494 (tmp-ret.tsv:89); a warning the callee recorded becomes the function's error (tmp-ret.md section 2). No code becomes a warning here.	confirmed
src/oblib/common/number/ob_number_v2.h	ObNumber::from_v2	line 1494: merge warning into ret through if (OB_SUCC(ret)) (continue-and-record through another variable)	MERGE_AS_WRITTEN	if ret.is_ok() && warning.is_err() { ret = warning; } (RULEBOOK 2.1: any other merge as the C++ writes it; s2-errors.md 2.4 rule 4; tmp-ret.md section 9, Q2). The function is in the local-ret form (s2-errors.md 2.3).	sweep: tmp-ret.tsv:89 (data row 88). Guard: if (OB_SUCCESS == ret && OB_SUCCESS != warning) at ob_number_v2.h:1493, so ret is OB_SUCCESS at the merge and it never overwrites an error; ret holds the callee's code from ob_number_v2.h:1492. X: warning, declared at ob_number_v2.h:1490 (tmp-ret.tsv:88) and written only through the callee's int &warning at ob_number_v2.h:1492, holding only codes. The function returns ret on the next lines, so the recorded warning becomes its error.	confirmed
src/oblib/common/number/ob_number_v2.h	ObNumber::from_v3	line 1507: declare warning (continue-and-record variable)	DECLARATION	let mut warning: ObResult = Ok(()); passed as &mut warning to the callee's int &warning parameter (s2-errors.md 2.2 rules 2 and 5, which names the warning of the casts an ObResult; RULEBOOK 2.1, the output parameter row).	sweep: tmp-ret.tsv:90 (data row 89). Written: only through the callee's int &warning at ob_number_v2.h:1509; from_v3_ (ob_number_v2.cpp:655) passes warning to find_point_range_ (ob_number_v2.cpp:669), which writes only codes into it (for example OB_INVALID_NUMERIC at ob_number_v2.cpp:538), so the variable holds only codes (step 3). Read: tested against OB_SUCCESS at ob_number_v2.h:1510 and merged into ret at :1511 (tmp-ret.tsv:91); a warning the callee recorded becomes the function's error (tmp-ret.md section 2). No code becomes a warning here.	confirmed
src/oblib/common/number/ob_number_v2.h	ObNumber::from_v3	line 1511: merge warning into ret through if (OB_SUCC(ret)) (continue-and-record through another variable)	MERGE_AS_WRITTEN	if ret.is_ok() && warning.is_err() { ret = warning; } (RULEBOOK 2.1: any other merge as the C++ writes it; s2-errors.md 2.4 rule 4; tmp-ret.md section 9, Q2). The function is in the local-ret form (s2-errors.md 2.3).	sweep: tmp-ret.tsv:91 (data row 90). Guard: if (OB_SUCCESS == ret && OB_SUCCESS != warning) at ob_number_v2.h:1510, so ret is OB_SUCCESS at the merge and it never overwrites an error; ret holds the callee's code from ob_number_v2.h:1509. X: warning, declared at ob_number_v2.h:1507 (tmp-ret.tsv:90) and written only through the callee's int &warning at ob_number_v2.h:1509, holding only codes. The function returns ret on the next lines, so the recorded warning becomes its error.	confirmed
src/oblib/common/number/ob_number_v2.h	ObNumber::from_sci	line 1526: declare warning (continue-and-record variable)	DECLARATION	let mut warning: ObResult = Ok(()); passed as &mut warning to the callee's int &warning parameter (s2-errors.md 2.2 rules 2 and 5, which names the warning of the casts an ObResult; RULEBOOK 2.1, the output parameter row).	sweep: tmp-ret.tsv:92 (data row 91). Written: only through the callee's int &warning at ob_number_v2.h:1528; from_sci_ (ob_number_v2.cpp:207) sets it, which writes only codes into it (for example OB_INVALID_NUMERIC at ob_number_v2.cpp:294, OB_ERR_DATA_TRUNCATED at ob_number_v2.cpp:345, and the code of a failed parse at ob_number_v2.cpp:420), so the variable holds only codes (step 3). Read: tested against OB_SUCCESS at ob_number_v2.h:1529 and merged into ret at :1530 (tmp-ret.tsv:93); a warning the callee recorded becomes the function's error (tmp-ret.md section 2). No code becomes a warning here.	confirmed
src/oblib/common/number/ob_number_v2.h	ObNumber::from_sci	line 1530: merge warning into ret through if (OB_SUCC(ret)) (continue-and-record through another variable)	MERGE_AS_WRITTEN	if ret.is_ok() && warning.is_err() { ret = warning; } (RULEBOOK 2.1: any other merge as the C++ writes it; s2-errors.md 2.4 rule 4; tmp-ret.md section 9, Q2). The function is in the local-ret form (s2-errors.md 2.3).	sweep: tmp-ret.tsv:93 (data row 92). Guard: if (OB_SUCCESS == ret && OB_SUCCESS != warning) at ob_number_v2.h:1529, so ret is OB_SUCCESS at the merge and it never overwrites an error; ret holds the callee's code from ob_number_v2.h:1528. X: warning, declared at ob_number_v2.h:1526 (tmp-ret.tsv:92) and written only through the callee's int &warning at ob_number_v2.h:1528, holding only codes. The function returns ret on the next lines, so the recorded warning becomes its error.	confirmed
src/oblib/common/number/ob_number_v2.h	ObNumber::from	line 1563: declare warning (continue-and-record variable)	DECLARATION	let mut warning: ObResult = Ok(()); passed as &mut warning to the callee's int &warning parameter (s2-errors.md 2.2 rules 2 and 5, which names the warning of the casts an ObResult; RULEBOOK 2.1, the output parameter row).	sweep: tmp-ret.tsv:94 (data row 93). Written: only through the callee's int &warning at ob_number_v2.h:1565; from_ is the inline forwarder to from_v3_ (ob_number_v2.h:563-568), which passes warning to find_point_range_ (ob_number_v2.cpp:669), which writes only codes into it (for example OB_INVALID_NUMERIC at ob_number_v2.cpp:538), so the variable holds only codes (step 3). Read: tested against OB_SUCCESS at ob_number_v2.h:1566 and merged into ret at :1567 (tmp-ret.tsv:95); a warning the callee recorded becomes the function's error (tmp-ret.md section 2). No code becomes a warning here.	confirmed
src/oblib/common/number/ob_number_v2.h	ObNumber::from	line 1567: merge warning into ret through if (OB_SUCC(ret)) (continue-and-record through another variable)	MERGE_AS_WRITTEN	if ret.is_ok() && warning.is_err() { ret = warning; } (RULEBOOK 2.1: any other merge as the C++ writes it; s2-errors.md 2.4 rule 4; tmp-ret.md section 9, Q2). The function is in the local-ret form (s2-errors.md 2.3).	sweep: tmp-ret.tsv:95 (data row 94). Guard: if (OB_SUCCESS == ret && OB_SUCCESS != warning) at ob_number_v2.h:1566, so ret is OB_SUCCESS at the merge and it never overwrites an error; ret holds the callee's code from ob_number_v2.h:1565. X: warning, declared at ob_number_v2.h:1563 (tmp-ret.tsv:94) and written only through the callee's int &warning at ob_number_v2.h:1565, holding only codes. The function returns ret on the next lines, so the recorded warning becomes its error.	confirmed
src/oblib/common/rowkey/ob_rowkey.cpp	ObRowkey::murmurhash	line 531: declare tmp_ret (plan definition)	DECLARATION	let mut tmp_ret: ObResult = Ok(()); (RULEBOOK 2.1, the int ret and tmp_ret rows; s2-errors.md 2.2 rule 5). In murmurhash the local named ret is the uint64_t hash (ob_rowkey.cpp:532), not a code.	sweep: tmp-ret.tsv:96 (data row 95). Written: at ob_rowkey.cpp:534 (OB_INVALID_DATA, tmp-ret.tsv:97), :539 and :542 (the code of ObObj::hash, tmp-ret.tsv:98, :99). Read: only by K(tmp_ret) in the log of ob_rowkey.cpp:535-536; never tested, merged, stored or returned: murmurhash returns the hash (ob_rowkey.cpp:546).	confirmed
src/oblib/common/rowkey/ob_rowkey.cpp	ObRowkey::murmurhash	line 534: assign tmp_ret	IGNORED	tmp_ret = Err(OB_INVALID_DATA); (RULEBOOK 2.1, the ret = OB_X row), then the COMMON_LOG(ERROR, ..) of ob_rowkey.cpp:535. The code dies in tmp_ret. The log macro fills its code from the local named ret (ob_log_module.h:261), which in murmurhash is the uint64_t hash of ob_rowkey.cpp:532; s2-errors.md 2.5 rule 1 passes the ret in scope, so the Rust line passes that hash, and ErrCode (s2-errors.md 2.1) has no case for a u64: a question for the log rule, not for this row.	sweep: tmp-ret.tsv:97 (data row 96). Created: ob_rowkey.cpp:534 sets the constant OB_INVALID_DATA when the rowkey is illegal (ob_rowkey.cpp:533; is_legal, ob_rowkey.h:50). Tested: never. The branch only logs it (ob_rowkey.cpp:535-536); murmurhash returns the hash ret unchanged at ob_rowkey.cpp:546, so the code dies in tmp_ret.	confirmed
src/oblib/common/rowkey/ob_rowkey.cpp	ObRowkey::murmurhash	line 539: assign tmp_ret	IGNORED	tmp_ret = self.obj_ptr_[0].hash(&mut ret, <ret as the seed>); (RULEBOOK 2.1, the tmp_ret rows): ObObj::hash takes the result by reference and the seed by value (ob_object.h:1963), both the local hash ret, so the Rust copies the seed out before the call; the signature comes from the declaration index. The code dies in tmp_ret.	sweep: tmp-ret.tsv:98 (data row 97). Created: ob_rowkey.cpp:539 puts the code of ObObj::hash (ob_object.cpp:1822-1826) into tmp_ret, for a min or max rowkey (ob_rowkey.cpp:538), whose objects are all the min or all the max value (ob_rowkey.h:58, :73), so the first is of ObExtendType (ob_object.h:2769, :2774). ObObj::hash returns the code of the type's murmurhash_v2 entry in the fixed table OBJ_FUNCS (ob_object.cpp:1825; the table at ob_object.cpp:1585), which DEF_FUNC_ENTRY fills with ObjHashCalculator<OBJTYPE, ObDefaultHash, ObObj>::calc_hash_value (ob_object.cpp:1575; the field order at ob_obj_funcs.h:56-57). For ObExtendType that is the version DEF_CS_FUNCS defines (ob_obj_funcs.h:1989), which returns OB_SUCCESS (ob_obj_funcs.h:324-328). The other types' versions (grep -rn 'struct ObjHashCalculator' src lists the primary template, ob_object.h:2044, and every specialization, all in ob_obj_funcs.h) return OB_SUCCESS or an OB code: the code of read_lob_data for the text types (ob_obj_funcs.h:1538-1549), of the in-row read or of the JSON hash for the geometry and JSON types (ob_obj_funcs.h:1611-1632, :1685-1710), OB_NOT_SUPPORTED for the UDT types (ob_obj_funcs.h:2430-2434), so the variable holds only codes (step 3). Tested: never. Nothing reads tmp_ret after ob_rowkey.cpp:539; murmurhash returns the hash at ob_rowkey.cpp:546.	confirmed
src/oblib/common/rowkey/ob_rowkey.cpp	ObRowkey::murmurhash	line 542: assign tmp_ret	IGNORED	tmp_ret = self.obj_ptr_[i].hash(&mut ret, <ret as the seed>); in the loop of ob_rowkey.cpp:541 (RULEBOOK 2.1, the tmp_ret rows): ObObj::hash takes the result by reference and the seed by value (ob_object.h:1963), both the local hash ret, so the Rust copies the seed out before the call. The code dies in tmp_ret.	sweep: tmp-ret.tsv:99 (data row 98). Created: ob_rowkey.cpp:542 puts the code of ObObj::hash (ob_object.cpp:1822-1826) into tmp_ret for each object: the code of the type's murmurhash_v2 entry in the fixed table OBJ_FUNCS (ob_object.cpp:1825), which DEF_FUNC_ENTRY fills with ObjHashCalculator<OBJTYPE, ObDefaultHash, ObObj>::calc_hash_value (ob_object.cpp:1575; the field order at ob_obj_funcs.h:56-57). These functions (grep -rn 'struct ObjHashCalculator' src lists the primary template, ob_object.h:2044, and every specialization, all in ob_obj_funcs.h) return OB_SUCCESS (for example ob_obj_funcs.h:324-328) or an OB code: the code of read_lob_data for the text types (ob_obj_funcs.h:1538-1549), of the in-row read or of the JSON hash for the geometry and JSON types (ob_obj_funcs.h:1611-1632, :1685-1710), OB_NOT_SUPPORTED for the UDT types (ob_obj_funcs.h:2430-2434), so the variable holds only codes (step 3). Tested: never. The next round overwrites it and nothing reads it after the loop; murmurhash returns the hash at ob_rowkey.cpp:546.	confirmed
src/oblib/common/rowkey/ob_rowkey.h	ObRowkey::get_deep_copy_size	line 303: declare tmp_ret (plan definition)	DECLARATION	let mut tmp_ret: ObResult = Ok(()); (RULEBOOK 2.1, the int ret and tmp_ret rows; s2-errors.md 2.2 rule 5). get_deep_copy_size returns int64_t and has no ret.	sweep: tmp-ret.tsv:100 (data row 99). Written: only at ob_rowkey.h:308 (OB_INVALID_DATA, tmp-ret.tsv:101). Read: only by K(tmp_ret) in the log of ob_rowkey.h:309-310, whose own code is OB_ERR_UNEXPECTED; never tested, merged, stored or returned (the function returns total_len, ob_rowkey.h:317).	confirmed
src/oblib/common/rowkey/ob_rowkey.h	ObRowkey::get_deep_copy_size	line 308: assign tmp_ret	IGNORED	tmp_ret = Err(OB_INVALID_DATA); (RULEBOOK 2.1, the ret = OB_X row), then the COMMON_LOG_RET(ERROR, OB_ERR_UNEXPECTED, .., K(tmp_ret)) of ob_rowkey.h:309, which passes OB_ERR_UNEXPECTED as its code (s2-errors.md 2.5 rule 1). The code dies in tmp_ret.	sweep: tmp-ret.tsv:101 (data row 100). Created: ob_rowkey.h:308 sets the constant OB_INVALID_DATA when the rowkey is illegal (ob_rowkey.h:307). Tested: never. The branch only logs it (ob_rowkey.h:309-310); get_deep_copy_size returns total_len at ob_rowkey.h:317, so the code dies in tmp_ret.	confirmed
src/oblib/common/rowkey/ob_rowkey_info.cpp	ObRowkeyInfo::get_column	line 137: declare tmp_ret (plan definition)	DECLARATION	let mut tmp_ret: ObResult = Ok(()); (RULEBOOK 2.1, the int ret and tmp_ret rows; s2-errors.md 2.2 rule 5). get_column returns a pointer and has no code of its own: its local named ret is the column pointer (ob_rowkey_info.cpp:136).	sweep: tmp-ret.tsv:102 (data row 101). Written: at ob_rowkey_info.cpp:139 (OB_INVALID_ARGUMENT, tmp-ret.tsv:103) and :142 (OB_INVALID_DATA, tmp-ret.tsv:104). Read: by COMMON_LOG_RET(WARN, tmp_ret, ..) with K(tmp_ret) at ob_rowkey_info.cpp:140 and :143-144 only; never tested, merged, stored or returned.	confirmed
src/oblib/common/rowkey/ob_rowkey_info.cpp	ObRowkeyInfo::get_column	line 139: assign tmp_ret	IGNORED	tmp_ret = Err(OB_INVALID_ARGUMENT); (RULEBOOK 2.1, the ret = OB_X row), then the COMMON_LOG_RET(WARN, tmp_ret, ..) line, which passes tmp_ret as its code (s2-errors.md 2.5 rule 1). The code dies in tmp_ret.	sweep: tmp-ret.tsv:103 (data row 102). Created: ob_rowkey_info.cpp:139 sets the constant OB_INVALID_ARGUMENT for an index out of range (ob_rowkey_info.cpp:138). Tested: never. The branch only logs (ob_rowkey_info.cpp:140); get_column returns its NULL pointer at ob_rowkey_info.cpp:148, so the code goes nowhere.	confirmed
src/oblib/common/rowkey/ob_rowkey_info.cpp	ObRowkeyInfo::get_column	line 142: assign tmp_ret	IGNORED	tmp_ret = Err(OB_INVALID_DATA); (RULEBOOK 2.1, the ret = OB_X row), then the COMMON_LOG_RET(WARN, tmp_ret, ..) line, which passes tmp_ret as its code (s2-errors.md 2.5 rule 1). The code dies in tmp_ret.	sweep: tmp-ret.tsv:104 (data row 103). Created: ob_rowkey_info.cpp:142 sets the constant OB_INVALID_DATA when the column array is not valid (ob_rowkey_info.cpp:141). Tested: never. The branch only logs (ob_rowkey_info.cpp:143-144); get_column returns its NULL pointer at ob_rowkey_info.cpp:148.	confirmed
src/oblib/common/xml/ob_xml_util.cpp	ObXmlUtil::dfs_xml_text_node	line 582: declare tmp_ret (plan definition)	DECLARATION	let mut tmp_ret: ObResult = Ok(()); (RULEBOOK 2.1, the int ret and tmp_ret rows; s2-errors.md 2.2 rule 5).	sweep: tmp-ret.tsv:105 (data row 104). Written: only at ob_xml_util.cpp:583, by xpath_iter.close() (tmp-ret.tsv:106). Read: by the log K(tmp_ret) at ob_xml_util.cpp:584 and the merge ret = COVER_SUCC(tmp_ret) at ob_xml_util.cpp:585 (tmp-ret.tsv:107).	confirmed
src/oblib/common/xml/ob_xml_util.cpp	ObXmlUtil::dfs_xml_text_node	line 583: assign tmp_ret	PASSED_ON	if ob_fail!(tmp_ret = xpath_iter.close()) { log_warn!(ret, .., K(tmp_ret)); .. } (RULEBOOK 2.1, the tmp_ret row; s2-errors.md 2.3 table); the log takes the ret in scope (s2-errors.md 2.5 rule 1). The merge row gives the merge's form.	sweep: tmp-ret.tsv:106 (data row 105). Created: ob_xml_util.cpp:583 puts the code of ObPathExprIter::close into tmp_ret. Tested: never against a named code. Reaches: ret = COVER_SUCC(tmp_ret) at ob_xml_util.cpp:585 (tmp-ret.tsv:107), after only the log, with no assignment in between; dfs_xml_text_node returns ret at ob_xml_util.cpp:587.	confirmed
src/oblib/common/xml/ob_xml_util.cpp	ObXmlUtil::dfs_xml_text_node	line 585: merge into ret	MERGE_AND	ret = ret.and(tmp_ret); (RULEBOOK 2.1, the COVER_SUCC row: a merge meaning a unless a is success, then b is a.and(b); s2-errors.md 2.3 table, 2.4 rule 4). The function keeps the local-ret form (s2-errors.md 2.3).	sweep: tmp-ret.tsv:107 (data row 106). Shape: ret = COVER_SUCC(tmp_ret), COVER_SUCC being OB_SUCCESS == ret ? errcode : ret (src/oblib/lib/utility/ob_macro_utils.h:657): a = ret, b = tmp_ret. b: the close code from ob_xml_util.cpp:583 (tmp-ret.tsv:106), an error in this branch. a: ret holds OB_SUCCESS after the reset of an OB_ITER_END at ob_xml_util.cpp:577-580, or the first error of the init, open or iteration (ob_xml_util.cpp:559-575), which the merge keeps. The function returns ret at ob_xml_util.cpp:587.	confirmed
src/oblib/lib/allocator/ob_simple_fifo_alloc.h	ObSimpleFifoAlloc::alloc	line 130: declare tmp_ret (plan definition)	NOT_TRANSLATED	none: dead, not compiled by the reference build (not-translated.tsv:17).	sweep: tmp-ret.tsv:108 (data row 107). not-translated.tsv:17: unit src/oblib/lib/allocator/ob_simple_fifo_alloc, reason dead, not compiled by the reference build; nothing else is traced (tmp-ret.md 6.1).	confirmed
src/oblib/lib/allocator/ob_simple_fifo_alloc.h	ObSimpleFifoAlloc::alloc	line 148: assign tmp_ret	NOT_TRANSLATED	none: dead, not compiled by the reference build (not-translated.tsv:17).	sweep: tmp-ret.tsv:109 (data row 108). not-translated.tsv:17: unit src/oblib/lib/allocator/ob_simple_fifo_alloc, reason dead, not compiled by the reference build; nothing else is traced (tmp-ret.md 6.1). precondition-guard and allocation-guard: the row sets OB_ALLOCATE_MEMORY_FAILED after prepare_block returned no block (ob_simple_fifo_alloc.h:145-148). prepare_block takes the block from ObBlockAllocMgr::alloc_block (ob_simple_fifo_alloc.h:195, BlockAlloc being ObBlockAllocMgr at ob_simple_fifo_alloc.h:79), which returns NULL when the block would pass the limit (src/oblib/lib/allocator/ob_block_alloc_mgr.h:41-45), a limit that becomes a Budget at an owner Decision 12 names, whose refusal keeps its code, or plain allocation (s3-memory.md 3.5, the ObBlockAllocMgr row; precondition-guard), and when ob_malloc fails (src/oblib/lib/allocator/ob_block_alloc_mgr.h:46-47), a general allocation failure (allocation-guard). The file is dead first (tmp-ret.md 6.2).	confirmed
src/oblib/lib/allocator/ob_slice_alloc.h	ObSliceAlloc::alloc	line 354: declare tmp_ret (plan definition)	REPLACED	none: replaced by jemalloc and bumpalo: a slice allocator with a limit becomes a Budget at a named owner or plain allocation (s3-memory.md 3.5, the row on a FIFO or slice allocator with a limit), and a pool that only reuses memory goes (s3-memory.md R3) (ARCHITECTURE §3.2; RULEBOOK section 1, the Memory row; RULEBOOK 2.2). Core unit (core-manifest.tsv:148): this form where the core keeps the function (RULEBOOK section 0).	sweep: tmp-ret.tsv:110 (data row 109). Enclosing function: ObSliceAlloc::alloc, ob_slice_alloc.h:352-400, the allocation path of the slice allocator. The rule: the OB allocators' own internals are replaced by jemalloc and bumpalo, a slice allocator with a limit becoming a Budget at a named owner or plain allocation (s3-memory.md 3.5; RULEBOOK 2.2, the row on a FIFO or slice allocator with a limit); tmp-ret.md 6.2 names this function.	confirmed
src/oblib/lib/allocator/ob_slice_alloc.h	ObSliceAlloc::alloc	line 357: assign tmp_ret	REPLACED	none: replaced by jemalloc and bumpalo: a slice allocator with a limit becomes a Budget at a named owner or plain allocation (s3-memory.md 3.5, the row on a FIFO or slice allocator with a limit), and a pool that only reuses memory goes (s3-memory.md R3) (ARCHITECTURE §3.2; RULEBOOK section 1, the Memory row; RULEBOOK 2.2). Core unit (core-manifest.tsv:148): this form where the core keeps the function (RULEBOOK section 0).	sweep: tmp-ret.tsv:111 (data row 110). Enclosing function: ObSliceAlloc::alloc, ob_slice_alloc.h:352-400; the row sets OB_ERR_UNEXPECTED when the slice is larger than a block (ob_slice_alloc.h:355-357), a check of the allocator's own configuration. The rule: s3-memory.md 3.5 and RULEBOOK 2.2 replace the allocator's internals (tmp-ret.md 6.2 names this function).	confirmed
src/oblib/lib/allocator/ob_slice_alloc.h	ObSliceAlloc::alloc	line 372: assign tmp_ret	REPLACED	none: replaced by jemalloc and bumpalo: a slice allocator with a limit becomes a Budget at a named owner or plain allocation (s3-memory.md 3.5, the row on a FIFO or slice allocator with a limit), and a pool that only reuses memory goes (s3-memory.md R3) (ARCHITECTURE §3.2; RULEBOOK section 1, the Memory row; RULEBOOK 2.2). Core unit (core-manifest.tsv:148): this form where the core keeps the function (RULEBOOK section 0).	sweep: tmp-ret.tsv:112 (data row 111). Enclosing function: ObSliceAlloc::alloc, ob_slice_alloc.h:352-400. precondition-guard and allocation-guard: the row sets OB_ALLOCATE_MEMORY_FAILED after prepare_block() returned no block (ob_slice_alloc.h:369-372), a code that only ends the loop of ob_slice_alloc.h:362, since alloc returns a pointer (ob_slice_alloc.h:399). prepare_block (ob_slice_alloc.h:474-483) reuses a cached block or calls ObBlockAllocMgr::alloc_block (ob_slice_alloc.h:478), which returns NULL when the block would pass the limit (src/oblib/lib/allocator/ob_block_alloc_mgr.h:41-45) and when ob_malloc fails (src/oblib/lib/allocator/ob_block_alloc_mgr.h:46-47). Some instances have a named owner's limit: the clog allocator's slice allocators draw on clog_blk_alloc_ (src/logservice/ob_log_allocator.cpp:40-43, :45), whose limit src/logservice/ob_log_allocator.cpp:254 sets (s3-memory.md 3.7.2, the clog row). Such a limit becomes a Budget at the owner Decision 12 names, whose refusal keeps its code, and any other limit becomes plain allocation (s3-memory.md 3.5, the ObBlockAllocMgr row, and 3.7.5; RULEBOOK 2.2; precondition-guard). The ob_malloc failure is a general allocation failure with no Rust branch (RULEBOOK 2.2; RULEBOOK 2.10, the error-recovery rule; allocation-guard). The rule: s3-memory.md 3.5 and RULEBOOK 2.2 replace the allocator's internals (tmp-ret.md 6.2 names this function).	confirmed
src/oblib/lib/allocator/ob_vslice_alloc.h	ObVSliceAlloc::alloc	line 169: declare tmp_ret (plan definition)	REPLACED	none: replaced by jemalloc and bumpalo: a slice allocator with a limit becomes a Budget at a named owner or plain allocation (s3-memory.md 3.5, the row on a FIFO or slice allocator with a limit), and a pool that only reuses memory goes (s3-memory.md R3) (ARCHITECTURE §3.2; RULEBOOK section 1, the Memory row; RULEBOOK 2.2). Core unit (core-manifest.tsv:154): this form where the core keeps the function (RULEBOOK section 0).	sweep: tmp-ret.tsv:113 (data row 112). Enclosing function: ObVSliceAlloc::alloc, ob_vslice_alloc.h:151-207, the allocation path of the variable-size slice allocator. The rule: s3-memory.md 3.5 and RULEBOOK 2.2 replace the OB allocators' internals with jemalloc and bumpalo (tmp-ret.md 6.2 names this function).	confirmed
src/oblib/lib/allocator/ob_vslice_alloc.h	ObVSliceAlloc::alloc	line 189: assign tmp_ret	REPLACED	none: replaced by jemalloc and bumpalo: a slice allocator with a limit becomes a Budget at a named owner or plain allocation (s3-memory.md 3.5, the row on a FIFO or slice allocator with a limit), and a pool that only reuses memory goes (s3-memory.md R3) (ARCHITECTURE §3.2; RULEBOOK section 1, the Memory row; RULEBOOK 2.2). Core unit (core-manifest.tsv:154): this form where the core keeps the function (RULEBOOK section 0).	sweep: tmp-ret.tsv:114 (data row 113). Enclosing function: ObVSliceAlloc::alloc, ob_vslice_alloc.h:151-207. precondition-guard and allocation-guard: the row sets OB_ALLOCATE_MEMORY_FAILED after prepare_block() returned no block (ob_vslice_alloc.h:186-189), a code that only ends the loop of ob_vslice_alloc.h:170, since alloc returns a pointer (ob_vslice_alloc.h:206). prepare_block (ob_vslice_alloc.h:272-279) calls ObBlockAllocMgr::alloc_block (ob_vslice_alloc.h:275), which returns NULL when the block would pass the limit that set_limit sets (ob_vslice_alloc.h:142; src/oblib/lib/allocator/ob_block_alloc_mgr.h:41-45) and when ob_malloc fails (src/oblib/lib/allocator/ob_block_alloc_mgr.h:46-47). Some instances have a named owner's limit: the clog allocator's clog_ge_alloc_ draws on clog_blk_alloc_ (src/logservice/ob_log_allocator.cpp:39, limit set at :254) and its replay_log_task_alloc_ on replay_log_task_blk_alloc_ (src/logservice/ob_log_allocator.cpp:44, limit set at :255) (s3-memory.md 3.7.2, the clog and replay rows). Such a limit becomes a Budget at the owner Decision 12 names, whose refusal keeps its code, and any other limit becomes plain allocation (s3-memory.md 3.5, the ObBlockAllocMgr row, and 3.7.5; RULEBOOK 2.2; precondition-guard). The ob_malloc failure is a general allocation failure with no Rust branch (RULEBOOK 2.2; RULEBOOK 2.10, the error-recovery rule; allocation-guard). The rule: s3-memory.md 3.5 and RULEBOOK 2.2 replace the allocator's internals (tmp-ret.md 6.2 names this function).	confirmed
src/oblib/lib/container/ob_ext_ring_buffer_impl.h	ObExtendibleRingBufferBase::do_set_	line 729: merge OB_EAGAIN into ret (continue-and-record through another variable)	MERGE_AND	ret = ret.and(Err(OB_EAGAIN)); (RULEBOOK 2.1, the COVER_SUCC row: a merge meaning a unless a is success, then b is a.and(b); s2-errors.md 2.3 table, 2.4 rule 4). The function keeps the local-ret form, with the while loop of ob_ext_ring_buffer_impl.h:682 re-testing ret each round (s2-errors.md 2.3; RULEBOOK section 0, Keep the control flow). Core unit (core-manifest.tsv:157): this form where the core keeps the function (RULEBOOK section 0).	sweep: tmp-ret.tsv:115 (data row 114). Shape: the condition ret == OB_SUCCESS tests only ret; the value is OB_EAGAIN when ret succeeded and ret otherwise: a = ret, b = the constant OB_EAGAIN. a: ret holds the code of do_expand_ from ob_ext_ring_buffer_impl.h:728, the line before. After a successful expansion the merge sets OB_EAGAIN, which makes the loop of ob_ext_ring_buffer_impl.h:682 (while (OB_EAGAIN == ret)) try the set again (the comment at ob_ext_ring_buffer_impl.h:725: expand and retry); a failed expansion keeps its code and ends the loop; do_set_ returns ret at ob_ext_ring_buffer_impl.h:737.	confirmed
src/oblib/lib/container/ob_id_map.h	ObIDMap::assign	line 173: merge OB_ALLOCATE_MEMORY_FAILED into ret (continue-and-record through another variable)	UNKNOWN	// TODO(port): tmp-ret: is the id map's fixed capacity a logical limit whose -4013 stays, or does it go with the limits of s3-memory.md 3.7.5? (src/oblib/lib/container/ob_id_map.h:173) on its own line above ret = if ret.is_ok() { Err(OB_ALLOCATE_MEMORY_FAILED) } else { ret }; the exact C++ statement in the local-ret form, the else-if chain of ob_id_map.h:167-178 kept as written (RULEBOOK 2.10, the UNKNOWN rule; RULEBOOK section 3, the marker table; tmp-ret.md section 7 names this site). Core unit (core-manifest.tsv:105): this form where the core keeps the function (RULEBOOK section 0).	sweep: tmp-ret.tsv:116 (data row 115). precondition-guard. The row merges OB_ALLOCATE_MEMORY_FAILED into ret in the branch of ob_id_map.h:170-171, which runs when free_list_.pop(node) failed or gave a NULL node. That is no allocation, and no budget owner or limit s3-memory.md names (3.7.2, 3.7.3, 3.7.5); oom-sites.tsv has no row for it. Facts found: free_list_ is an ObFixedQueue<Node> (ob_id_map.h:81) filled with the num nodes of init (ob_id_map.h:129-140); its pop answers OB_ENTRY_NOT_EXIST when the queue is empty (src/oblib/lib/queue/ob_fixed_queue.h:233) and on success waits until the slot holds a pointer (src/oblib/lib/queue/ob_fixed_queue.h:229-231), so a full map gives ret = OB_ENTRY_NOT_EXIST, which the merge keeps, and the -4013 arm needs a successful pop with a NULL node, which pop does not return. The core replaces ObFixedQueue with an ArrayQueue (RULEBOOK 2.7), whose pop has no such case. Question: is the id map's fixed capacity a logical limit whose -4013 stays, or does it go with the limits of s3-memory.md 3.7.5, given that the capacity is reported as OB_ENTRY_NOT_EXIST and the -4013 arm is not reached?	unknown
src/oblib/lib/container/ob_id_map.h	ObIDMap::revert	line 256: declare tmp_ret (plan definition)	DECLARATION	let mut tmp_ret: ObResult = Ok(()); (RULEBOOK 2.1, the int ret and tmp_ret rows; s2-errors.md 2.2 rule 5), inside the if of ob_id_map.h:246. Core unit (core-manifest.tsv:105): this form where the core keeps the function (RULEBOOK section 0).	sweep: tmp-ret.tsv:117 (data row 116). Written: only at ob_id_map.h:257, by free_list_.push(&(array_[pos])) (tmp-ret.tsv:118). Read: by _OB_LOG_RET(ERROR, tmp_ret, ..) at ob_id_map.h:258, which also prints it with %d (printf-calls.tsv:580); never tested against a named code, merged or stored. revert returns void (ob_id_map.h:242).	confirmed
src/oblib/lib/container/ob_id_map.h	ObIDMap::revert	line 257: assign tmp_ret	IGNORED	if ob_fail!(tmp_ret = self.free_list_.push(&self.array_[pos])) { <the _OB_LOG_RET(ERROR, tmp_ret, ..) line, as printf-calls.tsv:580 gives it> } (RULEBOOK 2.1, the tmp_ret row; s2-errors.md 2.3 table); the call's Rust form follows the core's replacement of ObFixedQueue, an ArrayQueue (RULEBOOK 2.7, the ObFixedQueue row; s8-numerics-platform.md 5 rule 8), with its signature from the declaration index; where the call still answers a code, this form. The code dies in tmp_ret. Core unit (core-manifest.tsv:105): this form where the core keeps the function (RULEBOOK section 0).	sweep: tmp-ret.tsv:118 (data row 117). Created: ob_id_map.h:257 puts the code of ObFixedQueue::push into tmp_ret: OB_NOT_INIT, OB_INVALID_ARGUMENT or OB_SIZE_OVERFLOW for a full queue (src/oblib/lib/queue/ob_fixed_queue.h:190, :192, :207); OB_SIZE_OVERFLOW is not tested here. Tested: never against a named code. The failing branch only logs (ob_id_map.h:258-259); the node's latch is released at ob_id_map.h:262, and revert returns void, so the code goes nowhere.	confirmed
src/oblib/lib/container/ob_id_map.h	ObIDMap::erase	line 281: declare tmp_ret (plan definition)	DECLARATION	let mut tmp_ret: ObResult = Ok(()); (RULEBOOK 2.1, the int ret and tmp_ret rows; s2-errors.md 2.2 rule 5), inside the if of ob_id_map.h:272. Core unit (core-manifest.tsv:105): this form where the core keeps the function (RULEBOOK section 0).	sweep: tmp-ret.tsv:119 (data row 118). Written: only at ob_id_map.h:282, by free_list_.push(&(array_[pos])) (tmp-ret.tsv:120). Read: by _OB_LOG_RET(ERROR, tmp_ret, ..) at ob_id_map.h:283, which also prints it with %d (printf-calls.tsv:581); never tested, merged or stored. erase returns void (ob_id_map.h:267).	confirmed
src/oblib/lib/container/ob_id_map.h	ObIDMap::erase	line 282: assign tmp_ret	IGNORED	if ob_fail!(tmp_ret = self.free_list_.push(&self.array_[pos])) { <the _OB_LOG_RET(ERROR, tmp_ret, ..) line, as printf-calls.tsv:581 gives it> } (RULEBOOK 2.1, the tmp_ret row; s2-errors.md 2.3 table); the call's Rust form follows the core's replacement of ObFixedQueue, an ArrayQueue (RULEBOOK 2.7, the ObFixedQueue row; s8-numerics-platform.md 5 rule 8), with its signature from the declaration index; where the call still answers a code, this form. The code dies in tmp_ret. Core unit (core-manifest.tsv:105): this form where the core keeps the function (RULEBOOK section 0).	sweep: tmp-ret.tsv:120 (data row 119). Created: ob_id_map.h:282 puts the code of ObFixedQueue::push into tmp_ret: OB_NOT_INIT, OB_INVALID_ARGUMENT or OB_SIZE_OVERFLOW (src/oblib/lib/queue/ob_fixed_queue.h:190, :192, :207), none tested here. The failing branch only logs (ob_id_map.h:283-284) under the node's write guard of ob_id_map.h:271; erase returns void, so the code goes nowhere.	confirmed
src/oblib/lib/file/ob_file.cpp	BufferFileReader::pread_by_fd	line 218: merge OB_INVALID_ARGUMENT into ret (continue-and-record through another variable)	MERGE_AND	ret = ret.and(Err(OB_INVALID_ARGUMENT)); (RULEBOOK 2.1, the COVER_SUCC row: a merge meaning a unless a is success, then b is a.and(b); s2-errors.md 2.3 table, 2.4 rule 4). The function keeps the local-ret form (s2-errors.md 2.3). Core unit (core-manifest.tsv:195): this form where the core keeps the function (RULEBOOK section 0).	sweep: tmp-ret.tsv:121 (data row 120). Shape: the condition OB_SUCCESS == ret tests only ret; the value is the constant OB_INVALID_ARGUMENT when ret succeeded and ret otherwise: a = ret, b = OB_INVALID_ARGUMENT. a: in the branch of ob_file.cpp:214-216 ret is OB_SUCCESS when the count is negative (the || stops before the assign) or when file_buf.get_buffer() is NULL after a successful assign, and the code of file_buf.assign(count) otherwise, which the merge keeps. BufferFileReader::pread_by_fd returns ret at ob_file.cpp:223.	confirmed
src/oblib/lib/file/ob_file.cpp	DirectFileReader::pread_by_fd	line 317: merge OB_INVALID_ARGUMENT into ret (continue-and-record through another variable)	MERGE_AND	ret = ret.and(Err(OB_INVALID_ARGUMENT)); (RULEBOOK 2.1, the COVER_SUCC row: a merge meaning a unless a is success, then b is a.and(b); s2-errors.md 2.3 table, 2.4 rule 4). The function keeps the local-ret form (s2-errors.md 2.3). Core unit (core-manifest.tsv:195): this form where the core keeps the function (RULEBOOK section 0).	sweep: tmp-ret.tsv:122 (data row 121). Shape: the condition OB_SUCCESS == ret tests only ret: a = ret, b = the constant OB_INVALID_ARGUMENT. a: in the branch of ob_file.cpp:313-315 ret is OB_SUCCESS for a negative count or a NULL buffer after a successful assign, and the code of file_buf.assign(size2read, align_size_) otherwise, which the merge keeps. DirectFileReader::pread_by_fd returns ret at ob_file.cpp:333.	confirmed
src/oblib/lib/file/ob_file.cpp	IFileAppender::open	line 366: merge OB_ERROR into ret (continue-and-record through another variable)	MERGE_AND	ret = ret.and(Err(OB_ERROR)); (RULEBOOK 2.1, the COVER_SUCC row: a merge meaning a unless a is success, then b is a.and(b); s2-errors.md 2.3 table, 2.4 rule 4). The function keeps the local-ret form (s2-errors.md 2.3). Core unit (core-manifest.tsv:195): this form where the core keeps the function (RULEBOOK section 0).	sweep: tmp-ret.tsv:123 (data row 122). Shape: the condition OB_SUCCESS == ret tests only ret: a = ret, b = the constant OB_ERROR. a: in the branch of ob_file.cpp:363-364 ret is OB_SUCCESS when the file size is negative (the || stops before prepare_buffer_) and the code of prepare_buffer_ otherwise, which the merge keeps; the file is closed first (ob_file.cpp:365). IFileAppender::open returns ret at ob_file.cpp:369.	confirmed
src/oblib/lib/file/ob_file.cpp	ObFileReader::read_record	line 1273: merge OB_ERROR into ret (continue-and-record through another variable)	MERGE_AND	ret = ret.and(Err(OB_ERROR)); (RULEBOOK 2.1, the COVER_SUCC row: a merge meaning a unless a is success, then b is a.and(b); s2-errors.md 2.3 table, 2.4 rule 4). The function keeps the local-ret form (s2-errors.md 2.3). Core unit (core-manifest.tsv:195): this form where the core keeps the function (RULEBOOK section 0).	sweep: tmp-ret.tsv:124 (data row 123). Shape: the condition OB_SUCCESS == ret tests only ret: a = ret, b = the constant OB_ERROR. a: ret holds the code of preader->pread_by_fd from ob_file.cpp:1270; the merge runs when fewer bytes than asked were read (ob_file.cpp:1271), keeping a read error or turning a short read into OB_ERROR. The function returns ret at ob_file.cpp:1276.	confirmed
src/oblib/lib/file/ob_file.cpp	ObFileAsyncAppender::ObFileAsyncAppender	line 1398: declare tmp_ret	NON_CODE_VALUE	let mut tmp_ret: i32 = 0; (s2-errors.md 2.2 rule 5: a variable that holds values that are not codes keeps its C++ type under its C++ name; tmp-ret.md 6.3). The block is compiled only under __USE_AIO_FILE (ob_file.cpp:1390), which ob_file.h:419-421 defines only when neither __APPLE__ nor _WIN32 is defined; whether the core keeps this Linux path is the core's decision, and this is the form where it does. Core unit (core-manifest.tsv:195): this form where the core keeps the function (RULEBOOK section 0).	sweep: tmp-ret.tsv:125 (data row 124). Non-code value: tmp_ret takes the return of io_setup at ob_file.cpp:1399, 0 or a negative errno, and ob_file.cpp:1399 compares it with 0 as a number. Meets a code holder: never; the constructor has no ret, and the failure is only printed with %d by _OB_LOG_RET(ERROR, OB_ERR_SYS, ..) at ob_file.cpp:1400, whose code is OB_ERR_SYS.	confirmed
src/oblib/lib/file/ob_file.cpp	ObFileAsyncAppender::ObFileAsyncAppender	line 1399: assign tmp_ret	NON_CODE_VALUE	if 0 != { tmp_ret = io_setup(AIO_MAXEVENTS, &mut self.ctx_); tmp_ret } { <the _OB_LOG_RET(ERROR, OB_ERR_SYS, ..) line> }: tmp_ret stays i32 and the comparison is the C++ integer comparison (s2-errors.md 2.2 rule 5: a variable that holds values that are not codes keeps its C++ type under its C++ name; tmp-ret.md 6.3). Linux only, as the declaration's row says. Core unit (core-manifest.tsv:195): this form where the core keeps the function (RULEBOOK section 0).	sweep: tmp-ret.tsv:126 (data row 125). Non-code value: the row assigns the return of the libaio call io_setup (ob_file.cpp:1399), 0 or a negative errno, and tests it against 0 as a number. The variable is declared as 0 at ob_file.cpp:1398 (tmp-ret.tsv:125). It never meets a code holder: the constructor ObFileAsyncAppender() has no ret, and the log passes OB_ERR_SYS as its code (ob_file.cpp:1400).	confirmed
src/oblib/lib/file/ob_file.cpp	ObFileAsyncAppender::submit_iocb_	line 1567: declare tmp_ret	NON_CODE_VALUE	let mut tmp_ret: i32 = 0; (s2-errors.md 2.2 rule 5: a variable that holds values that are not codes keeps its C++ type under its C++ name; tmp-ret.md 6.3). Compiled only under __USE_AIO_FILE, which ob_file.h:419-421 defines only when neither __APPLE__ nor _WIN32 is defined. Core unit (core-manifest.tsv:195): this form where the core keeps the function (RULEBOOK section 0).	sweep: tmp-ret.tsv:127 (data row 126). Non-code value: tmp_ret takes the return of io_submit at ob_file.cpp:1568, the number of iocbs submitted or a negative errno, and ob_file.cpp:1568 compares it with 1 as a number. Meets a code holder: never; the failing branch prints it with %d (ob_file.cpp:1569) and sets ret = OB_ERR_UNEXPECTED at ob_file.cpp:1570.	confirmed
src/oblib/lib/file/ob_file.cpp	ObFileAsyncAppender::submit_iocb_	line 1568: assign tmp_ret	NON_CODE_VALUE	if 1 != { tmp_ret = io_submit(self.ctx_, 1, &mut cb_ptr); tmp_ret } { log_warn!(ret, ..); ret = Err(OB_ERR_UNEXPECTED); } else { .. }: tmp_ret stays i32 and the comparison with 1 is the C++ integer comparison (s2-errors.md 2.2 rule 5: a variable that holds values that are not codes keeps its C++ type under its C++ name; tmp-ret.md 6.3). Linux only, as the declaration's row says. Core unit (core-manifest.tsv:195): this form where the core keeps the function (RULEBOOK section 0).	sweep: tmp-ret.tsv:128 (data row 127). Non-code value: the row assigns the return of the libaio call io_submit (ob_file.cpp:1568), a count of submitted iocbs or a negative errno, and tests it against 1. Declared as 0 at ob_file.cpp:1567 (tmp-ret.tsv:127). The failing branch prints it with %d (ob_file.cpp:1569) and sets ret = OB_ERR_UNEXPECTED (ob_file.cpp:1570); submit_iocb_ returns ret at ob_file.cpp:1575, so tmp_ret never enters an ObResult.	confirmed
src/oblib/lib/hash/ob_hash.h	HashBase::Handle::search_pre_	line 506: declare tmp_ret	NON_CODE_VALUE	let mut tmp_ret: i32 = -EAGAIN; (the C++ int under its C++ name, holding negated errno values; s2-errors.md 2.2 rule 5: a variable that holds values that are not codes keeps its C++ type under its C++ name; tmp-ret.md 6.3). Core unit (core-manifest.tsv:96): this form where the core keeps the function (RULEBOOK section 0).	sweep: tmp-ret.tsv:129 (data row 128). Non-code value: the initializer -EAGAIN at ob_hash.h:506 is a negated errno, not an OB code, and so is every value the variable gets: the return of ArrayBase::get at ob_hash.h:511, which answers 0 or -EINVAL, -ENOENT or another negated errno (src/oblib/lib/hash/ob_darray.h:750-762), and -EAGAIN at ob_hash.h:514. Uses: compared with -EAGAIN and 0 as numbers at ob_hash.h:508, :511 and :512. Meets a code holder: never; search_pre_ returns void and has no ret (ob_hash.h:504). No design rule names this lock-free hash, so the row keeps its value (tmp-ret.md 6.2, the last bullet).	confirmed
src/oblib/lib/hash/ob_hash.h	HashBase::Handle::search_pre_	line 511: assign tmp_ret	NON_CODE_VALUE	if -EAGAIN == { tmp_ret = self.array_.get(&mut handle, &mut self.root_.root_, idx, &mut item); tmp_ret } { } else if 0 != tmp_ret { .. } else { .. }: tmp_ret stays i32, the comparisons are the C++ integer comparisons (s2-errors.md 2.2 rule 5: a variable that holds values that are not codes keeps its C++ type under its C++ name; tmp-ret.md 6.3). Core unit (core-manifest.tsv:96): this form where the core keeps the function (RULEBOOK section 0).	sweep: tmp-ret.tsv:130 (data row 129). Non-code value: the row assigns the return of ArrayBase::get (src/oblib/lib/hash/ob_darray.h:750-762), 0 or a negated errno, and compares it with -EAGAIN (ob_hash.h:511) and 0 (ob_hash.h:512). The loop of ob_hash.h:508 goes on while it is -EAGAIN; another non-zero value halves bcnt and sets -EAGAIN again (ob_hash.h:513-514). It never meets an OB code holder.	confirmed
src/oblib/lib/hash/ob_hash.h	HashBase::Handle::search_pre_	line 514: assign tmp_ret	NON_CODE_VALUE	tmp_ret = -EAGAIN; the i32 variable of ob_hash.h:506 (s2-errors.md 2.2 rule 5: a variable that holds values that are not codes keeps its C++ type under its C++ name; tmp-ret.md 6.3). Core unit (core-manifest.tsv:96): this form where the core keeps the function (RULEBOOK section 0).	sweep: tmp-ret.tsv:131 (data row 130). Non-code value: the row stores the negated errno -EAGAIN (ob_hash.h:514), after ArrayBase::get returned another non-zero value (ob_hash.h:512), so the loop of ob_hash.h:508 goes on with half the bucket count (ob_hash.h:513). Declared at ob_hash.h:506 (tmp-ret.tsv:129). It never meets an OB code holder.	confirmed
src/oblib/lib/hash/ob_hashset.h	ObHashSet::exist_refactored	line 163: merge OB_HASH_EXIST into ret through if (OB_SUCC(ret)) (continue-and-record through another variable)	MERGE_AS_WRITTEN	if ret.is_ok() { ret = Err(OB_HASH_EXIST); } (RULEBOOK 2.1: any other merge as the C++ writes it; s2-errors.md 2.4 rule 4; tmp-ret.md section 9, Q2). ObHashSet's port keeps OB_HASH_EXIST and OB_HASH_NOT_EXIST at its boundary (s2-errors.md 2.4 rule 2; RULEBOOK 2.5, the ObHashMap, ObHashSet row). Core unit (core-manifest.tsv:121): this form where the core keeps the function (RULEBOOK section 0).	sweep: tmp-ret.tsv:132 (data row 131). Guard: if (OB_SUCCESS == ret) at ob_hashset.h:162, right after ret takes the code of the table's get_refactored at ob_hashset.h:161, so the merge runs only when ret is OB_SUCCESS and never overwrites an error. X: the constant OB_HASH_EXIST, which turns a found key into the answer exist_refactored documents (ob_hashset.h:153-156); a miss keeps OB_HASH_NOT_EXIST and other errors pass through. exist_refactored returns ret at ob_hashset.h:165.	confirmed
src/oblib/lib/hash/ob_hashtable.h	ObHashTable::set_refactored	line 1276: declare tmp_ret	IGNORED	let tmp_ret: ObResult = callback_helper(value, callback); (let without mut; RULEBOOK 2.1, the tmp_ret rows), then if tmp_ret.is_err() { <the HASH_WRITE_LOG line, as printf-calls.tsv:731 gives it>; ret = Err(OB_ERR_UNEXPECTED); let _ = self.internal_erase(bucket, key); } (s2-errors.md 2.3 table, 2.2 rule 4). The code dies in tmp_ret; ret gets another code. The table is ported with the C++ bucket and chain behavior (RULEBOOK 2.5, the ObHashMap, ObHashSet row). Core unit (core-manifest.tsv:119): this form where the core keeps the function (RULEBOOK section 0).	sweep: tmp-ret.tsv:133 (data row 132). Created: ob_hashtable.h:1276 puts the result of callback_helper into tmp_ret, only when with_callback is true (ob_hashtable.h:1274); callback_helper calls the caller's functor (ob_hashtable.h:1186-1190), or returns OB_SUCCESS for no callback (ob_hashtable.h:1192-1196). No call in src passes a callback, which takes an explicit _callback type or a sixth argument (ob_hashtable.h:1207-1209): grep -rnE 'set_refactored[[:space:]]*<' src prints nothing, and this scan of every set_refactored( call for six or more top-level arguments, multi-line calls included, grep -rl set_refactored src | xargs perl -0777 -ne 'while (/\bset_refactored\s*(<[^;(){}]*>)?\s*\(((?:[^()]++|\((?2)\))*)\)/g) { my ($t, $a) = ($1, $2); my $l = 1 + (substr($_, 0, $-[0]) =~ tr/\n//); 1 while $a =~ s/\([^()]*\)|\{[^{}]*\}|\[[^\[\]]*\]//g; my $n = ($a =~ /\S/) ? 1 + ($a =~ tr/,//) : 0; print "$ARGV:$l\n" if $n >= 6 || defined $t }', prints only src/oblib/lib/hash/ob_hashmap.h:262 and :270, ObHashMap's declaration and its forwarding of its own callback parameter, and src/oblib/lib/hash/ob_hashtable.h:1208, this function's declaration (with its if condition removed it prints 649 lines, as many as grep -rnoE '\bset_refactored[[:space:]]*(<|\()' src | wc -l counts); so no functor's value reaches this line. Tested: only against OB_SUCCESS (ob_hashtable.h:1277). The failing branch prints tmp_ret with %d (ob_hashtable.h:1278), sets ret = OB_ERR_UNEXPECTED (ob_hashtable.h:1279) and erases the node (ob_hashtable.h:1281); tmp_ret leaves scope at ob_hashtable.h:1283, where the if (OB_SUCC(ret)) block of ob_hashtable.h:1275 that declares it closes.	confirmed
src/oblib/lib/hash/ob_hashtable.h	ObHashTable::deserialization	line 1606: merge OB_ERR_UNEXPECTED into ret through if (OB_SUCC(ret)) (continue-and-record through another variable)	MERGE_AS_WRITTEN	if ret.is_ok() { ret = Err(OB_ERR_UNEXPECTED); } (RULEBOOK 2.1: any other merge as the C++ writes it; s2-errors.md 2.4 rule 4; tmp-ret.md section 9, Q2), inside the failing branch of ob_hashtable.h:1601-1602. Core unit (core-manifest.tsv:119): this form where the core keeps the function (RULEBOOK section 0).	sweep: tmp-ret.tsv:134 (data row 133). Guard: if (OB_SUCC(ret)) at ob_hashtable.h:1605, in the branch taken when hash::deserialization(archive, bucket_num) failed or the bucket count is not positive (ob_hashtable.h:1601-1602). ret holds the deserialization error in the first case, which the guard keeps, and OB_SUCCESS in the second, which the merge turns into OB_ERR_UNEXPECTED. X: the constant OB_ERR_UNEXPECTED. deserialization returns ret at ob_hashtable.h:1628.	confirmed
src/oblib/lib/hash/ob_iteratable_hashmap.h	ObIteratableHashMap::get	line 227: declare tmp_ret	IGNORED	let tmp_ret: ObResult = placement_hash_search::<..>(&self.keys_, &self.flags_, &inner_key, &mut pos); (let without mut; RULEBOOK 2.1, the tmp_ret rows), then if tmp_ret.is_ok() { <value takes the address of values_[pos], in the form the declaration index gives get's return> } (s2-errors.md 2.3 table). The code dies in tmp_ret. Core unit (core-manifest.tsv:144): this form where the core keeps the function (RULEBOOK section 0).	sweep: tmp-ret.tsv:135 (data row 134). Created: ob_iteratable_hashmap.h:227 puts the code of placement_hash_search into tmp_ret, which answers only OB_SUCCESS or OB_HASH_NOT_EXIST (ob_placement_hashutils.h:37, :46, :53). Tested: only against OB_SUCCESS (ob_iteratable_hashmap.h:228), so OB_HASH_NOT_EXIST is not tested and the row is not LOOKUP_OUTCOME; a miss leaves value NULL, which get returns (ob_iteratable_hashmap.h:231). No merge, store or return of the code; tmp_ret leaves scope at ob_iteratable_hashmap.h:232.	confirmed
src/oblib/lib/hash/ob_iteratable_hashmap.h	ObIteratableHashMap::get	line 241: declare tmp_ret	IGNORED	let tmp_ret: ObResult = placement_hash_search::<..>(&self.keys_, &self.flags_, &inner_key, &mut pos); (let without mut; RULEBOOK 2.1, the tmp_ret rows), then if tmp_ret.is_ok() { <value takes the address of values_[pos], in the form the declaration index gives get's return> } (s2-errors.md 2.3 table). The code dies in tmp_ret. Core unit (core-manifest.tsv:144): this form where the core keeps the function (RULEBOOK section 0).	sweep: tmp-ret.tsv:136 (data row 135). Created: ob_iteratable_hashmap.h:241 puts the code of placement_hash_search (ob_placement_hashutils.h:37, :46, :53), OB_SUCCESS or OB_HASH_NOT_EXIST, into tmp_ret. Tested: only against OB_SUCCESS (ob_iteratable_hashmap.h:242); a miss leaves value NULL, which the non-const get returns (ob_iteratable_hashmap.h:245). The code goes nowhere; tmp_ret leaves scope at ob_iteratable_hashmap.h:246.	confirmed
src/oblib/lib/hash/ob_iteratable_hashset.h	ObIteratableHashSet::operator=	line 143: declare tmp_ret (plan definition)	DECLARATION	let mut tmp_ret: ObResult = Ok(()); (RULEBOOK 2.1, the int ret and tmp_ret rows; s2-errors.md 2.2 rule 5). operator= returns *this and has no ret; its Rust name and signature come from the declaration index. Core unit (core-manifest.tsv:150): this form where the core keeps the function (RULEBOOK section 0).	sweep: tmp-ret.tsv:137 (data row 136). Written: at ob_iteratable_hashset.h:148 in the copy loop, by set_refactored(*it) (tmp-ret.tsv:138). Read: by _OB_LOG_RET(ERROR, tmp_ret, ..) at ob_iteratable_hashset.h:149, which also prints it with %d; never tested against a named code, merged or stored.	confirmed
src/oblib/lib/hash/ob_iteratable_hashset.h	ObIteratableHashSet::operator=	line 148: assign tmp_ret	IGNORED	if ob_fail!(tmp_ret = self.set_refactored(it)) { <the _OB_LOG_RET(ERROR, tmp_ret, ..) line>; break; } (RULEBOOK 2.1, the tmp_ret row; s2-errors.md 2.3 table); the loop keeps its C++ order (RULEBOOK section 0). The code dies in tmp_ret. Core unit (core-manifest.tsv:150): this form where the core keeps the function (RULEBOOK section 0).	sweep: tmp-ret.tsv:138 (data row 137). Created: ob_iteratable_hashset.h:148 puts the code of set_refactored into tmp_ret, which is the code of placement_hash_find_set_pos called with flag 0 (ob_iteratable_hashset.h:107): OB_HASH_EXIST for a key already there (ob_placement_hashutils.h:74), OB_HASH_FULL for a full set (ob_placement_hashutils.h:102), OB_ERR_UNEXPECTED for a set with no slots (ob_placement_hashutils.h:88) or the code of the bit set's add_member (ob_placement_hashutils.h:67), none tested here, so the row is neither LOOKUP_OUTCOME nor BUFFER_TOO_SMALL. The failing branch logs and stops copying (ob_iteratable_hashset.h:149-150); operator= returns *this at ob_iteratable_hashset.h:153, so the code goes nowhere.	confirmed
src/oblib/lib/hash/ob_linear_hash_map.h	ObLinearHashMap::init	line 930: declare tmp_ret (plan definition)	DECLARATION	let mut tmp_ret: ObResult = Ok(()); (RULEBOOK 2.1, the int ret and tmp_ret rows; s2-errors.md 2.2 rule 5), inside the if of ob_linear_hash_map.h:929. Core unit (core-manifest.tsv:162): this form where the core keeps the function (RULEBOOK section 0).	sweep: tmp-ret.tsv:139 (data row 138). Written: only at ob_linear_hash_map.h:931, by destroy() (tmp-ret.tsv:140). Read: never; the failing branch is empty and the variable leaves scope at ob_linear_hash_map.h:935.	confirmed
src/oblib/lib/hash/ob_linear_hash_map.h	ObLinearHashMap::init	line 931: assign tmp_ret	IGNORED	if ob_fail!(tmp_ret = self.destroy()) { } else { log_error!(ret, .., K(ret)); } (RULEBOOK 2.1, the tmp_ret row; s2-errors.md 2.3 table), the empty branch kept (s2-errors.md 2.3); where the core replaces init() with a constructor, the statement goes with the body (RULEBOOK 2.1, the init() row). The code dies in tmp_ret. Core unit (core-manifest.tsv:162): this form where the core keeps the function (RULEBOOK section 0).	sweep: tmp-ret.tsv:140 (data row 139). Created: ob_linear_hash_map.h:931 puts the code of destroy() (ob_linear_hash_map.h:940-951), which returns the code of do_clear_, into tmp_ret, when init failed (ob_linear_hash_map.h:929). Tested: never against a named code. The failing branch is empty; the else logs the init failure with K(ret) (ob_linear_hash_map.h:933). init returns ret at ob_linear_hash_map.h:936, which tmp_ret never reaches.	confirmed
src/oblib/lib/hash/ob_multi_mod_ref_mgr.h	ObMultiModRefMgr::print	line 132: declare tmp_ret (plan definition)	NOT_TRANSLATED	none: dead, not compiled by the reference build (not-translated.tsv:20).	sweep: tmp-ret.tsv:141 (data row 140). not-translated.tsv:20: unit src/oblib/lib/hash/ob_multi_mod_ref_mgr, reason dead, not compiled by the reference build; nothing else is traced (tmp-ret.md 6.1).	confirmed
src/oblib/lib/hash/ob_multi_mod_ref_mgr.h	ObMultiModRefMgr::print	line 139: assign tmp_ret	NOT_TRANSLATED	none: dead, not compiled by the reference build (not-translated.tsv:20).	sweep: tmp-ret.tsv:142 (data row 141). not-translated.tsv:20: unit src/oblib/lib/hash/ob_multi_mod_ref_mgr, reason dead, not compiled by the reference build; nothing else is traced (tmp-ret.md 6.1). The line is also printf-calls.tsv:787, the append_fmt call, which the same dead file puts out of the port.	confirmed
src/oblib/lib/hash/ob_placement_hashset.h	ObPlacementHashSet::exist_refactored	line 75: merge OB_HASH_EXIST into ret through if (OB_SUCC(ret)) (continue-and-record through another variable)	MERGE_AS_WRITTEN	if ret.is_ok() { ret = Err(OB_HASH_EXIST); } (RULEBOOK 2.1: any other merge as the C++ writes it; s2-errors.md 2.4 rule 4; tmp-ret.md section 9, Q2). The set keeps OB_HASH_EXIST and OB_HASH_NOT_EXIST at its boundary, as the ported hash containers do (s2-errors.md 2.4 rule 2). Core unit (core-manifest.tsv:146): this form where the core keeps the function (RULEBOOK section 0).	sweep: tmp-ret.tsv:143 (data row 142). Guard: if (OB_SUCCESS == ret) at ob_placement_hashset.h:74, right after ret takes the code of placement_hash_search at ob_placement_hashset.h:73, OB_SUCCESS or OB_HASH_NOT_EXIST (ob_placement_hashutils.h:37, :46, :53); so the merge runs only on success and never overwrites an error. X: the constant OB_HASH_EXIST for a found key; a miss keeps OB_HASH_NOT_EXIST. exist_refactored returns ret at ob_placement_hashset.h:77.	confirmed
src/oblib/lib/hash/ob_refered_map.h	ObReferedMap::locate	line 158: merge OB_ERR_UNEXPECTED into ret (continue-and-record through another variable)	NOT_TRANSLATED	none: dead, not compiled by the reference build (not-translated.tsv:18).	sweep: tmp-ret.tsv:144 (data row 143). not-translated.tsv:18: unit src/oblib/lib/hash/ob_refered_map, reason dead, not compiled by the reference build; nothing else is traced (tmp-ret.md 6.1).	confirmed
src/oblib/lib/hash/ob_refered_map.h	ObReferedMap::get	line 189: merge OB_ERR_UNEXPECTED into ret (continue-and-record through another variable)	NOT_TRANSLATED	none: dead, not compiled by the reference build (not-translated.tsv:18).	sweep: tmp-ret.tsv:145 (data row 144). not-translated.tsv:18: unit src/oblib/lib/hash/ob_refered_map, reason dead, not compiled by the reference build; nothing else is traced (tmp-ret.md 6.1).	confirmed
src/oblib/lib/list/ob_dlist.h	deserialize_dlist	line 507: declare tmp_ret	IGNORED	let tmp_ret: ObResult = <the destroy helper call of ob_dlist.h:507, a constructor and Drop where the C++ calls the destructor (s3-memory.md 3.5, the placement new row)>; (let without mut; RULEBOOK 2.1, the tmp_ret rows), then if tmp_ret.is_err() { } (s2-errors.md 2.3). The code dies in tmp_ret. Core unit (core-manifest.tsv:75): this form where the core keeps the function (RULEBOOK section 0).	sweep: tmp-ret.tsv:146 (data row 145). Created: ob_dlist.h:507 puts the code of ObDlistNodeDestoryHelper into tmp_ret, in the branch that cleans up a node after a failed decode or append (ob_dlist.h:506); the helper runs the node's destructor and answers OB_SUCCESS (ob_dlist.h:441-450) or first calls node.destroy(allocator) and answers its code (ob_dlist.h:458-468). Tested: only against OB_SUCCESS, with an empty branch (ob_dlist.h:508-509). The node memory is freed at ob_dlist.h:510 whatever the code; tmp_ret leaves scope at ob_dlist.h:513, and deserialize_dlist returns ret at ob_dlist.h:521.	confirmed
src/oblib/lib/lock/ob_bucket_lock.cpp	ObBucketLock::wrlock_all	line 228: declare tmp_ret	REPLACED	none: replaced by the sync module's ObBucketLock and its guards (RULEBOOK section 1, the Locks row; RULEBOOK 2.7, the OB lock row; s8-numerics-platform.md 5, the sync module). Core unit (core-manifest.tsv:132): this form where the core keeps the function (RULEBOOK section 0).	sweep: tmp-ret.tsv:147 (data row 146). Enclosing function: ObBucketLock::wrlock_all, ob_bucket_lock.cpp:217-248, which takes every latch of the bucket lock and unlocks the taken ones on failure, a function of a lock class under src/oblib/lib/lock/. The rule: ob-base's sync module is the only lock API (RULEBOOK section 1, the Locks row; s8-numerics-platform.md 5), which tmp-ret.md 6.2 applies to the functions of the lock classes in src/oblib/lib/lock/.	confirmed
src/oblib/lib/lock/ob_bucket_lock.cpp	ObBucketLock::wrlock_all	line 232: merge into ret	REPLACED	none: replaced by the sync module's ObBucketLock and its guards (RULEBOOK section 1, the Locks row; RULEBOOK 2.7, the OB lock row; s8-numerics-platform.md 5, the sync module). Core unit (core-manifest.tsv:132): this form where the core keeps the function (RULEBOOK section 0).	sweep: tmp-ret.tsv:148 (data row 147). Enclosing function: ObBucketLock::wrlock_all, ob_bucket_lock.cpp:217-248; the row merges a latch's wrlock code into ret (ob_bucket_lock.cpp:232), the loop's stop, a function of a lock class under src/oblib/lib/lock/. The rule: ob-base's sync module is the only lock API (RULEBOOK section 1, the Locks row; s8-numerics-platform.md 5), which tmp-ret.md 6.2 applies to the functions of the lock classes in src/oblib/lib/lock/.	confirmed
src/oblib/lib/lock/ob_bucket_lock.cpp	ObMultiBucketLockGuard::~ObMultiBucketLockGuard	line 328: declare tmp_ret (plan definition)	REPLACED	none: replaced by the sync module's ObBucketLock and its guards (RULEBOOK section 1, the Locks row; RULEBOOK 2.7, the OB lock row; s8-numerics-platform.md 5, the sync module). Core unit (core-manifest.tsv:132): this form where the core keeps the function (RULEBOOK section 0).	sweep: tmp-ret.tsv:149 (data row 148). Enclosing function: the destructor ObMultiBucketLockGuard::~ObMultiBucketLockGuard, ob_bucket_lock.cpp:326-334, which unlocks each latch it holds, a function of a lock class under src/oblib/lib/lock/. The rule: ob-base's sync module is the only lock API (RULEBOOK section 1, the Locks row; s8-numerics-platform.md 5), which tmp-ret.md 6.2 applies to the functions of the lock classes in src/oblib/lib/lock/.	confirmed
src/oblib/lib/lock/ob_bucket_lock.cpp	ObMultiBucketLockGuard::~ObMultiBucketLockGuard	line 330: assign tmp_ret	REPLACED	none: replaced by the sync module's ObBucketLock and its guards (RULEBOOK section 1, the Locks row; RULEBOOK 2.7, the OB lock row; s8-numerics-platform.md 5, the sync module). Core unit (core-manifest.tsv:132): this form where the core keeps the function (RULEBOOK section 0).	sweep: tmp-ret.tsv:150 (data row 149). Enclosing function: the destructor ObMultiBucketLockGuard::~ObMultiBucketLockGuard, ob_bucket_lock.cpp:326-334; the row tests unlock_latch_idx in its loop (ob_bucket_lock.cpp:330), a function of a lock class under src/oblib/lib/lock/. The rule: ob-base's sync module is the only lock API (RULEBOOK section 1, the Locks row; s8-numerics-platform.md 5), which tmp-ret.md 6.2 applies to the functions of the lock classes in src/oblib/lib/lock/.	confirmed
src/oblib/lib/lock/ob_bucket_lock.cpp	ObMultiBucketLockGuard::lock_multi_buckets	line 380: declare tmp_ret (plan definition)	REPLACED	none: replaced by the sync module's ObBucketLock and its guards (RULEBOOK section 1, the Locks row; RULEBOOK 2.7, the OB lock row; s8-numerics-platform.md 5, the sync module). Core unit (core-manifest.tsv:132): this form where the core keeps the function (RULEBOOK section 0).	sweep: tmp-ret.tsv:151 (data row 150). Enclosing function: ObMultiBucketLockGuard::lock_multi_buckets, ob_bucket_lock.cpp:336-389; the row declares the tmp_ret of the rollback block of ob_bucket_lock.cpp:378-387, a function of a lock class under src/oblib/lib/lock/. The rule: ob-base's sync module is the only lock API (RULEBOOK section 1, the Locks row; s8-numerics-platform.md 5), which tmp-ret.md 6.2 applies to the functions of the lock classes in src/oblib/lib/lock/.	confirmed
src/oblib/lib/lock/ob_bucket_lock.cpp	ObMultiBucketLockGuard::lock_multi_buckets	line 383: assign tmp_ret	REPLACED	none: replaced by the sync module's ObBucketLock and its guards (RULEBOOK section 1, the Locks row; RULEBOOK 2.7, the OB lock row; s8-numerics-platform.md 5, the sync module). Core unit (core-manifest.tsv:132): this form where the core keeps the function (RULEBOOK section 0).	sweep: tmp-ret.tsv:152 (data row 151). Enclosing function: ObMultiBucketLockGuard::lock_multi_buckets, ob_bucket_lock.cpp:336-389; the row tests unlock_latch_idx in the rollback loop of ob_bucket_lock.cpp:381-385, a function of a lock class under src/oblib/lib/lock/. The rule: ob-base's sync module is the only lock API (RULEBOOK section 1, the Locks row; s8-numerics-platform.md 5), which tmp-ret.md 6.2 applies to the functions of the lock classes in src/oblib/lib/lock/.	confirmed
src/oblib/lib/lock/ob_drw_lock.h	DRWLock::wrlock	line 141: declare tmp_ret (plan definition)	REPLACED	none: replaced by the sync module's RwLock<T> owning the guarded data (RULEBOOK section 1, the Locks row; RULEBOOK 2.7, the OB lock row; s8-numerics-platform.md 5 rules 1 and 3). Core unit (core-manifest.tsv:110): this form where the core keeps the function (RULEBOOK section 0).	sweep: tmp-ret.tsv:153 (data row 152). Enclosing function: DRWLock::wrlock, ob_drw_lock.h:138-156, which write-locks the latch of every CPU and unlocks the taken ones on failure, a function of a lock class under src/oblib/lib/lock/. The rule: ob-base's sync module is the only lock API (RULEBOOK section 1, the Locks row; s8-numerics-platform.md 5), which tmp-ret.md 6.2 applies to the functions of the lock classes in src/oblib/lib/lock/.	confirmed
src/oblib/lib/lock/ob_drw_lock.h	DRWLock::wrlock	line 151: assign tmp_ret	REPLACED	none: replaced by the sync module's RwLock<T> owning the guarded data (RULEBOOK section 1, the Locks row; RULEBOOK 2.7, the OB lock row; s8-numerics-platform.md 5 rules 1 and 3). Core unit (core-manifest.tsv:110): this form where the core keeps the function (RULEBOOK section 0).	sweep: tmp-ret.tsv:154 (data row 153). Enclosing function: DRWLock::wrlock, ob_drw_lock.h:138-156; the row tests a latch's unlock in the rollback loop of ob_drw_lock.h:150-153, a function of a lock class under src/oblib/lib/lock/. The rule: ob-base's sync module is the only lock API (RULEBOOK section 1, the Locks row; s8-numerics-platform.md 5), which tmp-ret.md 6.2 applies to the functions of the lock classes in src/oblib/lib/lock/.	confirmed
src/oblib/lib/lock/ob_drw_lock.h	DRWLock::wrunlock	line 161: declare tmp_ret (plan definition)	REPLACED	none: replaced by the sync module's RwLock<T> owning the guarded data (RULEBOOK section 1, the Locks row; RULEBOOK 2.7, the OB lock row; s8-numerics-platform.md 5 rules 1 and 3). Core unit (core-manifest.tsv:110): this form where the core keeps the function (RULEBOOK section 0).	sweep: tmp-ret.tsv:155 (data row 154). Enclosing function: DRWLock::wrunlock, ob_drw_lock.h:158-169, which unlocks the latch of every CPU, a function of a lock class under src/oblib/lib/lock/. The rule: ob-base's sync module is the only lock API (RULEBOOK section 1, the Locks row; s8-numerics-platform.md 5), which tmp-ret.md 6.2 applies to the functions of the lock classes in src/oblib/lib/lock/.	confirmed
src/oblib/lib/lock/ob_drw_lock.h	DRWLock::wrunlock	line 163: assign tmp_ret	REPLACED	none: replaced by the sync module's RwLock<T> owning the guarded data (RULEBOOK section 1, the Locks row; RULEBOOK 2.7, the OB lock row; s8-numerics-platform.md 5 rules 1 and 3). Core unit (core-manifest.tsv:110): this form where the core keeps the function (RULEBOOK section 0).	sweep: tmp-ret.tsv:156 (data row 155). Enclosing function: DRWLock::wrunlock, ob_drw_lock.h:158-169; the row tests a latch's unlock (ob_drw_lock.h:163), a function of a lock class under src/oblib/lib/lock/. The rule: ob-base's sync module is the only lock API (RULEBOOK section 1, the Locks row; s8-numerics-platform.md 5), which tmp-ret.md 6.2 applies to the functions of the lock classes in src/oblib/lib/lock/.	confirmed
src/oblib/lib/lock/ob_drw_lock.h	DRWLock::wrunlock	line 164: merge into ret	REPLACED	none: replaced by the sync module's RwLock<T> owning the guarded data (RULEBOOK section 1, the Locks row; RULEBOOK 2.7, the OB lock row; s8-numerics-platform.md 5 rules 1 and 3). Core unit (core-manifest.tsv:110): this form where the core keeps the function (RULEBOOK section 0).	sweep: tmp-ret.tsv:157 (data row 156). Enclosing function: DRWLock::wrunlock, ob_drw_lock.h:158-169; the row merges a latch's unlock code into ret (ob_drw_lock.h:164), a function of a lock class under src/oblib/lib/lock/. The rule: ob-base's sync module is the only lock API (RULEBOOK section 1, the Locks row; s8-numerics-platform.md 5), which tmp-ret.md 6.2 applies to the functions of the lock classes in src/oblib/lib/lock/.	confirmed
src/oblib/lib/lock/ob_drw_lock.h	DRWLock::try_wrlock	line 179: declare tmp_ret (plan definition)	REPLACED	none: replaced by the sync module's RwLock<T> owning the guarded data (RULEBOOK section 1, the Locks row; RULEBOOK 2.7, the OB lock row; s8-numerics-platform.md 5 rules 1 and 3). Core unit (core-manifest.tsv:110): this form where the core keeps the function (RULEBOOK section 0).	sweep: tmp-ret.tsv:158 (data row 157). Enclosing function: DRWLock::try_wrlock, ob_drw_lock.h:176-194, which try-locks the latch of every CPU and unlocks the taken ones on failure, a function of a lock class under src/oblib/lib/lock/. The rule: ob-base's sync module is the only lock API (RULEBOOK section 1, the Locks row; s8-numerics-platform.md 5), which tmp-ret.md 6.2 applies to the functions of the lock classes in src/oblib/lib/lock/.	confirmed
src/oblib/lib/lock/ob_drw_lock.h	DRWLock::try_wrlock	line 189: assign tmp_ret	REPLACED	none: replaced by the sync module's RwLock<T> owning the guarded data (RULEBOOK section 1, the Locks row; RULEBOOK 2.7, the OB lock row; s8-numerics-platform.md 5 rules 1 and 3). Core unit (core-manifest.tsv:110): this form where the core keeps the function (RULEBOOK section 0).	sweep: tmp-ret.tsv:159 (data row 158). Enclosing function: DRWLock::try_wrlock, ob_drw_lock.h:176-194; the row tests a latch's unlock in the rollback loop of ob_drw_lock.h:188-191, a function of a lock class under src/oblib/lib/lock/. The rule: ob-base's sync module is the only lock API (RULEBOOK section 1, the Locks row; s8-numerics-platform.md 5), which tmp-ret.md 6.2 applies to the functions of the lock classes in src/oblib/lib/lock/.	confirmed
src/oblib/lib/lock/ob_latch.cpp	ObLatchWaitQueue::wait	line 221: declare tmp_ret (plan definition)	REPLACED	none: replaced by the sync module's locks, which park on their own: latch ids, spin counts and the wait queue go (s8-numerics-platform.md 5 rule 3; RULEBOOK section 1, the Locks row; RULEBOOK 2.7, the OB lock row). Core unit (core-manifest.tsv:71): this form where the core keeps the function (RULEBOOK section 0).	sweep: tmp-ret.tsv:160 (data row 159). Enclosing function: ObLatchWaitQueue::wait, ob_latch.cpp:211-325, the wait queue of ObLatch, a function of a lock class under src/oblib/lib/lock/. The rule: ob-base's sync module is the only lock API (RULEBOOK section 1, the Locks row; s8-numerics-platform.md 5), which tmp-ret.md 6.2 applies to the functions of the lock classes in src/oblib/lib/lock/.	confirmed
src/oblib/lib/lock/ob_latch.cpp	ObLatchWaitQueue::wait	line 262: assign tmp_ret	REPLACED	none: replaced by the sync module's locks, which park on their own: latch ids, spin counts and the wait queue go (s8-numerics-platform.md 5 rule 3; RULEBOOK section 1, the Locks row; RULEBOOK 2.7, the OB lock row). Core unit (core-manifest.tsv:71): this form where the core keeps the function (RULEBOOK section 0).	sweep: tmp-ret.tsv:161 (data row 160). Enclosing function: ObLatchWaitQueue::wait, ob_latch.cpp:211-325; the row stores the futex_wait result, an errno value (ob_latch.cpp:262), a function of a lock class under src/oblib/lib/lock/. The rule: ob-base's sync module is the only lock API (RULEBOOK section 1, the Locks row; s8-numerics-platform.md 5), which tmp-ret.md 6.2 applies to the functions of the lock classes in src/oblib/lib/lock/.	confirmed
src/oblib/lib/lock/ob_latch.cpp	ObLatchWaitQueue::wait	line 263: assign tmp_ret	REPLACED	none: replaced by the sync module's locks, which park on their own: latch ids, spin counts and the wait queue go (s8-numerics-platform.md 5 rule 3; RULEBOOK section 1, the Locks row; RULEBOOK 2.7, the OB lock row). Core unit (core-manifest.tsv:71): this form where the core keeps the function (RULEBOOK section 0).	sweep: tmp-ret.tsv:162 (data row 161). Enclosing function: ObLatchWaitQueue::wait, ob_latch.cpp:211-325; the row turns ETIMEDOUT into OB_TIMEOUT (ob_latch.cpp:263), a function of a lock class under src/oblib/lib/lock/. The rule: ob-base's sync module is the only lock API (RULEBOOK section 1, the Locks row; s8-numerics-platform.md 5), which tmp-ret.md 6.2 applies to the functions of the lock classes in src/oblib/lib/lock/.	confirmed
src/oblib/lib/lock/ob_latch.cpp	ObLatchWaitQueue::wait	line 301: assign tmp_ret	REPLACED	none: replaced by the sync module's locks, which park on their own: latch ids, spin counts and the wait queue go (s8-numerics-platform.md 5 rule 3; RULEBOOK section 1, the Locks row; RULEBOOK 2.7, the OB lock row). Core unit (core-manifest.tsv:71): this form where the core keeps the function (RULEBOOK section 0).	sweep: tmp-ret.tsv:163 (data row 162). Enclosing function: ObLatchWaitQueue::wait, ob_latch.cpp:211-325; the row sets OB_ERR_UNEXPECTED when the proc is not in the wait list (ob_latch.cpp:299-301), a function of a lock class under src/oblib/lib/lock/. The rule: ob-base's sync module is the only lock API (RULEBOOK section 1, the Locks row; s8-numerics-platform.md 5), which tmp-ret.md 6.2 applies to the functions of the lock classes in src/oblib/lib/lock/.	confirmed
src/oblib/lib/lock/ob_thread_cond.cpp	ObThreadCond::init	line 30: declare tmp_ret	REPLACED	none: replaced by a Condvar with the waited-for state in a Mutex<T> of the sync module (RULEBOOK 2.7, the ObThreadCond/ObCond row; s8-numerics-platform.md 5 rule 8; RULEBOOK section 1, the Locks row). Core unit (core-manifest.tsv:58): this form where the core keeps the function (RULEBOOK section 0).	sweep: tmp-ret.tsv:164 (data row 163). Enclosing function: ObThreadCond::init, ob_thread_cond.cpp:27-55, which initializes the pthread mutex and condition, a function of a lock class under src/oblib/lib/lock/. The rule: ob-base's sync module is the only lock API (RULEBOOK section 1, the Locks row; s8-numerics-platform.md 5), which tmp-ret.md 6.2 applies to the functions of the lock classes in src/oblib/lib/lock/.	confirmed
src/oblib/lib/lock/ob_thread_cond.cpp	ObThreadCond::init	line 35: assign tmp_ret	REPLACED	none: replaced by a Condvar with the waited-for state in a Mutex<T> of the sync module (RULEBOOK 2.7, the ObThreadCond/ObCond row; s8-numerics-platform.md 5 rule 8; RULEBOOK section 1, the Locks row). Core unit (core-manifest.tsv:58): this form where the core keeps the function (RULEBOOK section 0).	sweep: tmp-ret.tsv:165 (data row 164). Enclosing function: ObThreadCond::init, ob_thread_cond.cpp:27-55; the row stores the return of pthread_mutex_init (ob_thread_cond.cpp:35), a function of a lock class under src/oblib/lib/lock/. The rule: ob-base's sync module is the only lock API (RULEBOOK section 1, the Locks row; s8-numerics-platform.md 5), which tmp-ret.md 6.2 applies to the functions of the lock classes in src/oblib/lib/lock/.	confirmed
src/oblib/lib/lock/ob_thread_cond.cpp	ObThreadCond::init	line 41: assign tmp_ret	REPLACED	none: replaced by a Condvar with the waited-for state in a Mutex<T> of the sync module (RULEBOOK 2.7, the ObThreadCond/ObCond row; s8-numerics-platform.md 5 rule 8; RULEBOOK section 1, the Locks row). Core unit (core-manifest.tsv:58): this form where the core keeps the function (RULEBOOK section 0).	sweep: tmp-ret.tsv:166 (data row 165). Enclosing function: ObThreadCond::init, ob_thread_cond.cpp:27-55; the row stores the return of pthread_cond_init (ob_thread_cond.cpp:41), a function of a lock class under src/oblib/lib/lock/. The rule: ob-base's sync module is the only lock API (RULEBOOK section 1, the Locks row; s8-numerics-platform.md 5), which tmp-ret.md 6.2 applies to the functions of the lock classes in src/oblib/lib/lock/.	confirmed
src/oblib/lib/lock/ob_thread_cond.cpp	ObThreadCond::wait_us	line 82: declare tmp_ret	REPLACED	none: replaced by a Condvar with the waited-for state in a Mutex<T> of the sync module (RULEBOOK 2.7, the ObThreadCond/ObCond row; s8-numerics-platform.md 5 rule 8; RULEBOOK section 1, the Locks row). Core unit (core-manifest.tsv:58): this form where the core keeps the function (RULEBOOK section 0).	sweep: tmp-ret.tsv:167 (data row 166). Enclosing function: ObThreadCond::wait_us, ob_thread_cond.cpp:79-147, the timed wait on the pthread condition, a function of a lock class under src/oblib/lib/lock/. The rule: ob-base's sync module is the only lock API (RULEBOOK section 1, the Locks row; s8-numerics-platform.md 5), which tmp-ret.md 6.2 applies to the functions of the lock classes in src/oblib/lib/lock/.	confirmed
src/oblib/lib/lock/ob_thread_cond.cpp	ObThreadCond::wait_us	line 88: assign tmp_ret	REPLACED	none: replaced by a Condvar with the waited-for state in a Mutex<T> of the sync module (RULEBOOK 2.7, the ObThreadCond/ObCond row; s8-numerics-platform.md 5 rule 8; RULEBOOK section 1, the Locks row). Core unit (core-manifest.tsv:58): this form where the core keeps the function (RULEBOOK section 0).	sweep: tmp-ret.tsv:168 (data row 167). Enclosing function: ObThreadCond::wait_us, ob_thread_cond.cpp:79-147; the row stores the return of pthread_cond_wait (ob_thread_cond.cpp:88), a function of a lock class under src/oblib/lib/lock/. The rule: ob-base's sync module is the only lock API (RULEBOOK section 1, the Locks row; s8-numerics-platform.md 5), which tmp-ret.md 6.2 applies to the functions of the lock classes in src/oblib/lib/lock/.	confirmed
src/oblib/lib/lock/ob_thread_cond.cpp	ObThreadCond::wait_us	line 103: assign tmp_ret	REPLACED	none: replaced by a Condvar with the waited-for state in a Mutex<T> of the sync module (RULEBOOK 2.7, the ObThreadCond/ObCond row; s8-numerics-platform.md 5 rule 8; RULEBOOK section 1, the Locks row). Core unit (core-manifest.tsv:58): this form where the core keeps the function (RULEBOOK section 0).	sweep: tmp-ret.tsv:169 (data row 168). Enclosing function: ObThreadCond::wait_us, ob_thread_cond.cpp:79-147; the row stores the return of pthread_cond_timedwait_relative_np in the __APPLE__ branch (ob_thread_cond.cpp:103), a function of a lock class under src/oblib/lib/lock/. The rule: ob-base's sync module is the only lock API (RULEBOOK section 1, the Locks row; s8-numerics-platform.md 5), which tmp-ret.md 6.2 applies to the functions of the lock classes in src/oblib/lib/lock/.	confirmed
src/oblib/lib/lock/ob_thread_cond.cpp	ObThreadCond::wait_us	line 116: assign tmp_ret	REPLACED	none: replaced by a Condvar with the waited-for state in a Mutex<T> of the sync module (RULEBOOK 2.7, the ObThreadCond/ObCond row; s8-numerics-platform.md 5 rule 8; RULEBOOK section 1, the Locks row). Core unit (core-manifest.tsv:58): this form where the core keeps the function (RULEBOOK section 0).	sweep: tmp-ret.tsv:170 (data row 169). Enclosing function: ObThreadCond::wait_us, ob_thread_cond.cpp:79-147; the row stores the return of gettimeofday in the branch for other platforms (ob_thread_cond.cpp:116), a function of a lock class under src/oblib/lib/lock/. The rule: ob-base's sync module is the only lock API (RULEBOOK section 1, the Locks row; s8-numerics-platform.md 5), which tmp-ret.md 6.2 applies to the functions of the lock classes in src/oblib/lib/lock/.	confirmed
src/oblib/lib/lock/ob_thread_cond.cpp	ObThreadCond::wait_us	line 133: assign tmp_ret	REPLACED	none: replaced by a Condvar with the waited-for state in a Mutex<T> of the sync module (RULEBOOK 2.7, the ObThreadCond/ObCond row; s8-numerics-platform.md 5 rule 8; RULEBOOK section 1, the Locks row). Core unit (core-manifest.tsv:58): this form where the core keeps the function (RULEBOOK section 0).	sweep: tmp-ret.tsv:171 (data row 170). Enclosing function: ObThreadCond::wait_us, ob_thread_cond.cpp:79-147; the row stores the return of pthread_cond_timedwait in the branch for other platforms (ob_thread_cond.cpp:133), a function of a lock class under src/oblib/lib/lock/. The rule: ob-base's sync module is the only lock API (RULEBOOK section 1, the Locks row; s8-numerics-platform.md 5), which tmp-ret.md 6.2 applies to the functions of the lock classes in src/oblib/lib/lock/.	confirmed
src/oblib/lib/lock/ob_thread_cond.h	ObThreadCond::lock	line 48: declare tmp_ret	REPLACED	none: replaced by a Condvar with the waited-for state in a Mutex<T> of the sync module (RULEBOOK 2.7, the ObThreadCond/ObCond row; s8-numerics-platform.md 5 rule 8; RULEBOOK section 1, the Locks row). Core unit (core-manifest.tsv:58): this form where the core keeps the function (RULEBOOK section 0).	sweep: tmp-ret.tsv:172 (data row 171). Enclosing function: ObThreadCond::lock, ob_thread_cond.h:45-57, which locks the pthread mutex, a function of a lock class under src/oblib/lib/lock/. The rule: ob-base's sync module is the only lock API (RULEBOOK section 1, the Locks row; s8-numerics-platform.md 5), which tmp-ret.md 6.2 applies to the functions of the lock classes in src/oblib/lib/lock/.	confirmed
src/oblib/lib/lock/ob_thread_cond.h	ObThreadCond::lock	line 52: assign tmp_ret	REPLACED	none: replaced by a Condvar with the waited-for state in a Mutex<T> of the sync module (RULEBOOK 2.7, the ObThreadCond/ObCond row; s8-numerics-platform.md 5 rule 8; RULEBOOK section 1, the Locks row). Core unit (core-manifest.tsv:58): this form where the core keeps the function (RULEBOOK section 0).	sweep: tmp-ret.tsv:173 (data row 172). Enclosing function: ObThreadCond::lock, ob_thread_cond.h:45-57; the row stores the return of pthread_mutex_lock (ob_thread_cond.h:52), a function of a lock class under src/oblib/lib/lock/. The rule: ob-base's sync module is the only lock API (RULEBOOK section 1, the Locks row; s8-numerics-platform.md 5), which tmp-ret.md 6.2 applies to the functions of the lock classes in src/oblib/lib/lock/.	confirmed
src/oblib/lib/lock/ob_thread_cond.h	ObThreadCond::unlock	line 61: declare tmp_ret	REPLACED	none: replaced by a Condvar with the waited-for state in a Mutex<T> of the sync module (RULEBOOK 2.7, the ObThreadCond/ObCond row; s8-numerics-platform.md 5 rule 8; RULEBOOK section 1, the Locks row). Core unit (core-manifest.tsv:58): this form where the core keeps the function (RULEBOOK section 0).	sweep: tmp-ret.tsv:174 (data row 173). Enclosing function: ObThreadCond::unlock, ob_thread_cond.h:58-70, which unlocks the pthread mutex, a function of a lock class under src/oblib/lib/lock/. The rule: ob-base's sync module is the only lock API (RULEBOOK section 1, the Locks row; s8-numerics-platform.md 5), which tmp-ret.md 6.2 applies to the functions of the lock classes in src/oblib/lib/lock/.	confirmed
src/oblib/lib/lock/ob_thread_cond.h	ObThreadCond::unlock	line 65: assign tmp_ret	REPLACED	none: replaced by a Condvar with the waited-for state in a Mutex<T> of the sync module (RULEBOOK 2.7, the ObThreadCond/ObCond row; s8-numerics-platform.md 5 rule 8; RULEBOOK section 1, the Locks row). Core unit (core-manifest.tsv:58): this form where the core keeps the function (RULEBOOK section 0).	sweep: tmp-ret.tsv:175 (data row 174). Enclosing function: ObThreadCond::unlock, ob_thread_cond.h:58-70; the row stores the return of pthread_mutex_unlock (ob_thread_cond.h:65), a function of a lock class under src/oblib/lib/lock/. The rule: ob-base's sync module is the only lock API (RULEBOOK section 1, the Locks row; s8-numerics-platform.md 5), which tmp-ret.md 6.2 applies to the functions of the lock classes in src/oblib/lib/lock/.	confirmed
src/oblib/lib/lock/ob_thread_cond.h	ObThreadCond::signal	line 79: declare tmp_ret	REPLACED	none: replaced by a Condvar with the waited-for state in a Mutex<T> of the sync module (RULEBOOK 2.7, the ObThreadCond/ObCond row; s8-numerics-platform.md 5 rule 8; RULEBOOK section 1, the Locks row). Core unit (core-manifest.tsv:58): this form where the core keeps the function (RULEBOOK section 0).	sweep: tmp-ret.tsv:176 (data row 175). Enclosing function: ObThreadCond::signal, ob_thread_cond.h:76-88, which signals the pthread condition, a function of a lock class under src/oblib/lib/lock/. The rule: ob-base's sync module is the only lock API (RULEBOOK section 1, the Locks row; s8-numerics-platform.md 5), which tmp-ret.md 6.2 applies to the functions of the lock classes in src/oblib/lib/lock/.	confirmed
src/oblib/lib/lock/ob_thread_cond.h	ObThreadCond::signal	line 83: assign tmp_ret	REPLACED	none: replaced by a Condvar with the waited-for state in a Mutex<T> of the sync module (RULEBOOK 2.7, the ObThreadCond/ObCond row; s8-numerics-platform.md 5 rule 8; RULEBOOK section 1, the Locks row). Core unit (core-manifest.tsv:58): this form where the core keeps the function (RULEBOOK section 0).	sweep: tmp-ret.tsv:177 (data row 176). Enclosing function: ObThreadCond::signal, ob_thread_cond.h:76-88; the row stores the return of pthread_cond_signal (ob_thread_cond.h:83), a function of a lock class under src/oblib/lib/lock/. The rule: ob-base's sync module is the only lock API (RULEBOOK section 1, the Locks row; s8-numerics-platform.md 5), which tmp-ret.md 6.2 applies to the functions of the lock classes in src/oblib/lib/lock/.	confirmed
src/oblib/lib/lock/ob_thread_cond.h	ObThreadCond::broadcast	line 92: declare tmp_ret	REPLACED	none: replaced by a Condvar with the waited-for state in a Mutex<T> of the sync module (RULEBOOK 2.7, the ObThreadCond/ObCond row; s8-numerics-platform.md 5 rule 8; RULEBOOK section 1, the Locks row). Core unit (core-manifest.tsv:58): this form where the core keeps the function (RULEBOOK section 0).	sweep: tmp-ret.tsv:178 (data row 177). Enclosing function: ObThreadCond::broadcast, ob_thread_cond.h:89-101, which broadcasts on the pthread condition, a function of a lock class under src/oblib/lib/lock/. The rule: ob-base's sync module is the only lock API (RULEBOOK section 1, the Locks row; s8-numerics-platform.md 5), which tmp-ret.md 6.2 applies to the functions of the lock classes in src/oblib/lib/lock/.	confirmed
src/oblib/lib/lock/ob_thread_cond.h	ObThreadCond::broadcast	line 96: assign tmp_ret	REPLACED	none: replaced by a Condvar with the waited-for state in a Mutex<T> of the sync module (RULEBOOK 2.7, the ObThreadCond/ObCond row; s8-numerics-platform.md 5 rule 8; RULEBOOK section 1, the Locks row). Core unit (core-manifest.tsv:58): this form where the core keeps the function (RULEBOOK section 0).	sweep: tmp-ret.tsv:179 (data row 178). Enclosing function: ObThreadCond::broadcast, ob_thread_cond.h:89-101; the row stores the return of pthread_cond_broadcast (ob_thread_cond.h:96), a function of a lock class under src/oblib/lib/lock/. The rule: ob-base's sync module is the only lock API (RULEBOOK section 1, the Locks row; s8-numerics-platform.md 5), which tmp-ret.md 6.2 applies to the functions of the lock classes in src/oblib/lib/lock/.	confirmed
src/oblib/lib/oblog/ob_log.cpp	ObLogger::record_old_log_file	line 1212: declare tmp_ret (plan definition)	DECLARATION	let mut tmp_ret: ObResult = Ok(()); (RULEBOOK 2.1, the int ret and tmp_ret rows; s2-errors.md 2.2 rule 5), inside the else of ob_log.cpp:1211.	sweep: tmp-ret.tsv:180 (data row 179). Written: at ob_log.cpp:1215 in the loop over the log file types (tmp-ret.tsv:181) and at ob_log.cpp:1218 (tmp-ret.tsv:182), both by get_log_files_in_dir. Read: never; both failing branches are empty, and the variable leaves scope at ob_log.cpp:1222.	confirmed
src/oblib/lib/oblog/ob_log.cpp	ObLogger::record_old_log_file	line 1215: OB_TMP_FAIL (plan definition)	IGNORED	if ob_fail!(tmp_ret = self.get_log_files_in_dir(self.log_file_[r#type].filename_, &mut files)) { } (RULEBOOK 2.1, the tmp_ret row; s2-errors.md 2.3 table), the empty branch kept (s2-errors.md 2.3). The code dies in tmp_ret.	sweep: tmp-ret.tsv:181 (data row 180). Created: ob_log.cpp:1215 puts the code of get_log_files_in_dir (ob_log.cpp:1226) into tmp_ret, once per log file type in the loop of ob_log.cpp:1214. Tested: never against a named code. The failing branch is empty and the loop goes on to the next file type, where the row assigns tmp_ret again; ob_log.cpp:1218 overwrites it after the loop, and it never reaches ret, which add_files_to_list sets at ob_log.cpp:1220.	confirmed
src/oblib/lib/oblog/ob_log.cpp	ObLogger::record_old_log_file	line 1218: OB_TMP_FAIL (plan definition)	IGNORED	if ob_fail!(tmp_ret = self.get_log_files_in_dir(self.log_file_[FD_ALERT_FILE].filename_, &mut files)) { } (RULEBOOK 2.1, the tmp_ret row; s2-errors.md 2.3 table), the empty branch kept (s2-errors.md 2.3). The code dies in tmp_ret.	sweep: tmp-ret.tsv:182 (data row 181). Created: ob_log.cpp:1218 puts the code of get_log_files_in_dir for the alert log into tmp_ret. Tested: never against a named code. The failing branch is empty; record_old_log_file goes on to add_files_to_list at ob_log.cpp:1220, which sets ret, and tmp_ret leaves scope at ob_log.cpp:1222 without being read.	confirmed
src/oblib/lib/oblog/ob_log.h	ObLogger::do_log_message	line 1376: declare tmp_ret (plan definition)	DECLARATION	let mut tmp_ret: ObResult = Ok(()); (RULEBOOK 2.1, the int ret and tmp_ret rows; s2-errors.md 2.2 rule 5), inside the if of ob_log.h:1372. do_log_message returns void.	sweep: tmp-ret.tsv:183 (data row 182). Written: at ob_log.h:1377 by log_head(..) (tmp-ret.tsv:184) and at ob_log.h:1379 by logdata_printf(..) (tmp-ret.tsv:185). Read: never; both failing branches are empty, and the variable leaves scope at ob_log.h:1385.	confirmed
src/oblib/lib/oblog/ob_log.h	ObLogger::do_log_message	line 1377: OB_TMP_FAIL (plan definition)	IGNORED	if ob_fail!(tmp_ret = self.log_head(start_ts, mod_name, dba_event, OB_LOG_LEVEL_ERROR, file, line, function, errcode, &mut buf, buf_len, &mut pos)) { } else if .. (RULEBOOK 2.1, the tmp_ret row; s2-errors.md 2.3 table), the empty branch kept (s2-errors.md 2.3). The code dies in tmp_ret.	sweep: tmp-ret.tsv:184 (data row 183). Created: ob_log.h:1377 puts the code of log_head into tmp_ret, when the logging took longer than the threshold (ob_log.h:1372). Tested: never against a named code. The failing branch is empty, so the rest of the chain, the printf into the 512-byte buffer and the stderr print (ob_log.h:1379-1384), is skipped; do_log_message returns void (ob_log.h:1231) and tmp_ret leaves scope at ob_log.h:1385.	confirmed
src/oblib/lib/oblog/ob_log.h	ObLogger::do_log_message	line 1379: OB_TMP_FAIL (plan definition)	IGNORED	} else if ob_fail!(tmp_ret = <the logdata_printf call of ob_log.h:1379-1380, in the form the printf-calls.tsv:975 row gives the call itself>) { } else { .. } (RULEBOOK 2.1, the tmp_ret row; s2-errors.md 2.3 table), the empty branch kept (s2-errors.md 2.3). The OB_TMP_FAIL test is this ob_fail!, not the ob_tmp_fail! wrapper the printf-calls row writes, which no design rule defines (the evidence reports the conflict). The code dies in tmp_ret.	sweep: tmp-ret.tsv:185 (data row 184). Created: ob_log.h:1379 puts the code of logdata_printf into tmp_ret; it prints into the 512-byte buffer of ob_log.h:1373 and can answer a code for a buffer too small, which the row does not test, so the row is not BUFFER_TOO_SMALL. The failing branch is empty and skips the stderr print of ob_log.h:1382-1383; nothing reads tmp_ret before it leaves scope at ob_log.h:1385. printf-calls.tsv:975 holds the same line and names the same producer, the printer's code. Conflict to report (tmp-ret.md section 3): that row (migration/inventory/shards/printf-calls/printf-calls-004.tsv:154, status unknown on the Rust form of logdata_printf) writes the statement as ob_tmp_fail!(logdata_printf!(..)), a macro no design rule defines (grep -rn ob_tmp_fail migration/RULEBOOK.md migration/decisions.md migration/design migration/inventory/vocabulary prints nothing), while RULEBOOK 2.1 (the tmp_ret, OB_TMP_FAIL(x) row) gives ob_fail!(tmp_ret = x), the form this row keeps, with the call inside in the form the printf-calls row gives it.	confirmed
src/oblib/lib/stat/ob_diagnose_info.cpp	ObWaitEventHistory::get_next_and_compare	line 284: declare tmp_ret	END_OF_DATA	let mut tmp_ret: ObResult = Err(OB_ITER_END); (RULEBOOK 2.1, the tmp_ret rows); the tests of ob_diagnose_info.cpp:296 and :304 are tmp_ret.is_ok() (s2-errors.md 2.3 table). OB_ITER_END stays Err(OB_ITER_END) at the C++ place, never a bool (s2-errors.md 2.4 rules 1 and 2; ARCHITECTURE.md section 17, default 6).	sweep: tmp-ret.tsv:186 (data row 185). Created: ob_diagnose_info.cpp:284 declares tmp_ret with the constant OB_ITER_END (tmp-ret.md 6.9 names this site); ob_diagnose_info.cpp:292 clears it when the first scan finds an item (tmp-ret.tsv:187), ob_diagnose_info.cpp:297 sets OB_ITER_END again for the second scan (tmp-ret.tsv:188) and ob_diagnose_info.cpp:300 clears it (tmp-ret.tsv:189). The variable is a found/not-found marker: OB_ITER_END means no item with level 0 found yet, and the tests of ob_diagnose_info.cpp:296 and :304 read it only against OB_SUCCESS; it never reaches ret, which get_next_and_compare returns at ob_diagnose_info.cpp:323. No caller of get_next_and_compare exists in src (git grep -n get_next_and_compare 834bbee1e -- src prints only ob_diagnose_info.cpp:279 and the declaration at ob_diagnose_info.h:137).	confirmed
src/oblib/lib/stat/ob_diagnose_info.cpp	ObWaitEventHistory::get_next_and_compare	line 292: assign tmp_ret	END_OF_DATA	tmp_ret = Ok(()); then break; (RULEBOOK 2.1, the ret = OB_SUCCESS row), in the first scan loop of ob_diagnose_info.cpp:290. OB_ITER_END stays Err(OB_ITER_END) at the C++ place, never a bool (s2-errors.md 2.4 rules 1 and 2; ARCHITECTURE.md section 17, default 6).	sweep: tmp-ret.tsv:187 (data row 186). Created: ob_diagnose_info.cpp:292 resets tmp_ret, which clears the OB_ITER_END of ob_diagnose_info.cpp:284 (tmp-ret.tsv:186) when the scan finds an item with level 0 (ob_diagnose_info.cpp:291); a reset takes the value of the code it clears (tmp-ret.md section 5). The variable is a found/not-found marker: OB_ITER_END means no item with level 0 found yet, and the tests of ob_diagnose_info.cpp:296 and :304 read it only against OB_SUCCESS; it never reaches ret, which get_next_and_compare returns at ob_diagnose_info.cpp:323. No caller of get_next_and_compare exists in src (git grep -n get_next_and_compare 834bbee1e -- src prints only ob_diagnose_info.cpp:279 and the declaration at ob_diagnose_info.h:137).	confirmed
src/oblib/lib/stat/ob_diagnose_info.cpp	ObWaitEventHistory::get_next_and_compare	line 297: assign tmp_ret	END_OF_DATA	tmp_ret = Err(OB_ITER_END); (RULEBOOK 2.1, the ret = OB_X row), before the second scan loop of ob_diagnose_info.cpp:298. OB_ITER_END stays Err(OB_ITER_END) at the C++ place, never a bool (s2-errors.md 2.4 rules 1 and 2; ARCHITECTURE.md section 17, default 6).	sweep: tmp-ret.tsv:188 (data row 187). Created: ob_diagnose_info.cpp:297 sets the constant OB_ITER_END again, in the branch where the first scan found an item (ob_diagnose_info.cpp:296); ob_diagnose_info.cpp:300 clears it when the second scan finds one (tmp-ret.tsv:189). The variable is a found/not-found marker: OB_ITER_END means no item with level 0 found yet, and the tests of ob_diagnose_info.cpp:296 and :304 read it only against OB_SUCCESS; it never reaches ret, which get_next_and_compare returns at ob_diagnose_info.cpp:323. No caller of get_next_and_compare exists in src (git grep -n get_next_and_compare 834bbee1e -- src prints only ob_diagnose_info.cpp:279 and the declaration at ob_diagnose_info.h:137).	confirmed
src/oblib/lib/stat/ob_diagnose_info.cpp	ObWaitEventHistory::get_next_and_compare	line 300: assign tmp_ret	END_OF_DATA	tmp_ret = Ok(()); then break; (RULEBOOK 2.1, the ret = OB_SUCCESS row), in the second scan loop of ob_diagnose_info.cpp:298. OB_ITER_END stays Err(OB_ITER_END) at the C++ place, never a bool (s2-errors.md 2.4 rules 1 and 2; ARCHITECTURE.md section 17, default 6).	sweep: tmp-ret.tsv:189 (data row 188). Created: ob_diagnose_info.cpp:300 resets tmp_ret, which clears the OB_ITER_END of ob_diagnose_info.cpp:297 (tmp-ret.tsv:188) when the second scan finds an item with level 0 (ob_diagnose_info.cpp:299); a reset takes the value of the code it clears (tmp-ret.md section 5). The variable is a found/not-found marker: OB_ITER_END means no item with level 0 found yet, and the tests of ob_diagnose_info.cpp:296 and :304 read it only against OB_SUCCESS; it never reaches ret, which get_next_and_compare returns at ob_diagnose_info.cpp:323. No caller of get_next_and_compare exists in src (git grep -n get_next_and_compare 834bbee1e -- src prints only ob_diagnose_info.cpp:279 and the declaration at ob_diagnose_info.h:137).	confirmed
src/oblib/lib/thread/ob_dedup_queue.cpp	ObDedupQueue::run1	line 405: declare tmp_ret (plan definition)	DECLARATION	let mut tmp_ret: ObResult = Ok(()); (RULEBOOK 2.1, the int ret and tmp_ret rows; s2-errors.md 2.2 rule 5). run1 returns void. Core unit (core-manifest.tsv:215): this form where the core keeps the function (RULEBOOK section 0).	sweep: tmp-ret.tsv:190 (data row 189). Written: at ob_dedup_queue.cpp:416 by task_queue_.pop (tmp-ret.tsv:191), :448 by task_queue_sync_.wait (tmp-ret.tsv:192) and :458 by work_thread_sync_.wait (tmp-ret.tsv:193), in the worker loop of ob_dedup_queue.cpp:413. Read: tested against OB_ENTRY_NOT_EXIST at ob_dedup_queue.cpp:416 (ret-compare.tsv:450) and against OB_TIMEOUT at ob_dedup_queue.cpp:449 and :459 (ret-compare.tsv:451, :452), and logged with COMMON_LOG_RET(WARN, tmp_ret, ..) at ob_dedup_queue.cpp:417, :450 and :460; never merged or stored.	confirmed
src/oblib/lib/thread/ob_dedup_queue.cpp	ObDedupQueue::run1	line 416: assign tmp_ret	OTHER_CODE	if ob_fail!(tmp_ret = self.task_queue_.pop(&mut task2process)) && !matches!(tmp_ret, Err(OB_ENTRY_NOT_EXIST)) { <the COMMON_LOG_RET(WARN, tmp_ret, ..) line> } else if .. (RULEBOOK 2.1, the tmp_ret row; s2-errors.md 2.3 table); OB_UNLIKELY goes (RULEBOOK 2.3); the test stays at the C++ place (s2-errors.md 2.4 rule 1). ret-compare.tsv:450 holds the same line, with the same producer and the same statement, and puts above it a TODO(port) on the ObFixedQueue-to-ArrayQueue question, which this row leaves to the declaration index as the next sentence says: a difference to report (tmp-ret.md section 3). The call's Rust form follows the core's replacement of ObFixedQueue, an ArrayQueue (RULEBOOK 2.7, the ObFixedQueue row; s8-numerics-platform.md 5 rule 8), with its signature from the declaration index; where the pop still answers a code, this form. Core unit (core-manifest.tsv:215): this form where the core keeps the function (RULEBOOK section 0).	sweep: tmp-ret.tsv:191 (data row 190). Code: OB_ENTRY_NOT_EXIST, tested at ob_dedup_queue.cpp:416 (ret-compare.tsv:450). Producer: task_queue_ is an ObFixedQueue<IObDedupTask> (ob_dedup_queue.h:163, :287), whose pop answers OB_ENTRY_NOT_EXIST for an empty queue (src/oblib/lib/queue/ob_fixed_queue.h:233) or OB_NOT_INIT (src/oblib/lib/queue/ob_fixed_queue.h:218). An empty queue is not logged and falls to the else-if of ob_dedup_queue.cpp:418, which finds no task; the thread then waits on task_queue_sync_ if the queue is still empty (ob_dedup_queue.cpp:446-452). Other codes are logged (ob_dedup_queue.cpp:417). Not RETRY: the worker loop of ob_dedup_queue.cpp:413 pops again whatever pop returned (tmp-ret.md 6.7); not LOOKUP_OUTCOME: a pop from a queue is no lookup by key, id or name (tmp-ret.md 6.10 (b)). run1 returns void.	confirmed
src/oblib/lib/thread/ob_dedup_queue.cpp	ObDedupQueue::run1	line 448: assign tmp_ret	OTHER_CODE	if ob_fail!(tmp_ret = self.task_queue_sync_.wait(QUEUE_WAIT_TIME_MS)) { if !matches!(tmp_ret, Err(OB_TIMEOUT)) { <the COMMON_LOG_RET(WARN, tmp_ret, ..) line> } } (RULEBOOK 2.1, the tmp_ret row; s2-errors.md 2.3 table); the test stays at the C++ place (s2-errors.md 2.4 rule 1); kept unless the Rust wait of the Condvar that replaces ObThreadCond answers no code (RULEBOOK 2.7, the ObThreadCond/ObCond row; s8-numerics-platform.md 5 rule 8); the declaration index gives the signature. Core unit (core-manifest.tsv:215): this form where the core keeps the function (RULEBOOK section 0).	sweep: tmp-ret.tsv:192 (data row 191). Code: OB_TIMEOUT, tested at ob_dedup_queue.cpp:449 (ret-compare.tsv:451). Producer: task_queue_sync_ is an ObThreadCond (ob_dedup_queue.h:288); its wait answers OB_TIMEOUT when the timed wait runs out (ob_thread_cond.cpp:109) and OB_ERR_SYS or OB_NOT_INIT otherwise (ob_thread_cond.cpp:84, :106). A timeout only skips the log; other codes are logged (ob_dedup_queue.cpp:450). Not RETRY: the worker loop of ob_dedup_queue.cpp:413 goes round whatever the wait returned. The code never reaches a merge or store; run1 returns void.	confirmed
src/oblib/lib/thread/ob_dedup_queue.cpp	ObDedupQueue::run1	line 458: assign tmp_ret	OTHER_CODE	if ob_fail!(tmp_ret = self.work_thread_sync_.wait(MAX_QUEUE_WAIT_TIME_MS)) { if !matches!(tmp_ret, Err(OB_TIMEOUT)) { <the COMMON_LOG_RET(WARN, tmp_ret, ..) line> } } (RULEBOOK 2.1, the tmp_ret row; s2-errors.md 2.3 table); the test stays at the C++ place (s2-errors.md 2.4 rule 1); kept unless the Rust wait of the Condvar that replaces ObThreadCond answers no code (RULEBOOK 2.7, the ObThreadCond/ObCond row; s8-numerics-platform.md 5 rule 8); the declaration index gives the signature. Core unit (core-manifest.tsv:215): this form where the core keeps the function (RULEBOOK section 0).	sweep: tmp-ret.tsv:193 (data row 192). Code: OB_TIMEOUT, tested at ob_dedup_queue.cpp:459 (ret-compare.tsv:452). Producer: work_thread_sync_ is an ObThreadCond (ob_dedup_queue.h:292), whose wait answers OB_TIMEOUT when it runs out (ob_thread_cond.cpp:109). A timeout only skips the log; other codes are logged (ob_dedup_queue.cpp:460). The worker loop of ob_dedup_queue.cpp:413 goes round whatever the wait returned, so it is not RETRY; the code never reaches a merge or store.	confirmed
src/oblib/lib/thread/ob_dynamic_thread_pool.cpp	ObDynamicThreadPool::task_thread_idle	line 139: declare tmp_ret (plan definition)	DECLARATION	let mut tmp_ret: ObResult = Ok(()); (RULEBOOK 2.1, the int ret and tmp_ret rows; s2-errors.md 2.2 rule 5). task_thread_idle returns void. Core unit (core-manifest.tsv:216): this form where the core keeps the function (RULEBOOK section 0).	sweep: tmp-ret.tsv:194 (data row 193). Written: only at ob_dynamic_thread_pool.cpp:141, by task_thread_cond_.wait(DEFAULT_CHECK_TIME_MS) (tmp-ret.tsv:195). Read: tested against OB_TIMEOUT at ob_dynamic_thread_pool.cpp:142 (ret-compare.tsv:453) and logged at ob_dynamic_thread_pool.cpp:143; never merged or stored.	confirmed
src/oblib/lib/thread/ob_dynamic_thread_pool.cpp	ObDynamicThreadPool::task_thread_idle	line 141: assign tmp_ret	OTHER_CODE	if ob_fail!(tmp_ret = self.task_thread_cond_.wait(DEFAULT_CHECK_TIME_MS)) { if !matches!(tmp_ret, Err(OB_TIMEOUT)) { <the STORAGE_LOG_RET(WARN, tmp_ret, ..) line> } } (RULEBOOK 2.1, the tmp_ret row; s2-errors.md 2.3 table), under the guard of ob_dynamic_thread_pool.cpp:140; the test stays at the C++ place (s2-errors.md 2.4 rule 1); kept unless the Rust wait of the Condvar that replaces ObThreadCond answers no code (RULEBOOK 2.7, the ObThreadCond/ObCond row; s8-numerics-platform.md 5 rule 8); the declaration index gives the signature. Core unit (core-manifest.tsv:216): this form where the core keeps the function (RULEBOOK section 0).	sweep: tmp-ret.tsv:195 (data row 194). Code: OB_TIMEOUT, tested at ob_dynamic_thread_pool.cpp:142 (ret-compare.tsv:453). Producer: task_thread_cond_ is an ObThreadCond (ob_dynamic_thread_pool.h:87), whose wait answers OB_TIMEOUT when it runs out (ob_thread_cond.cpp:109). A timeout only skips the log; other codes are logged (ob_dynamic_thread_pool.cpp:143). Nothing repeats the wait here: task_thread_idle returns void, and its caller pops the queue again in its own loop (ob_dynamic_thread_pool.cpp:328-333).	confirmed
src/oblib/lib/thread/ob_dynamic_thread_pool.cpp	ObDynamicThreadPool::run1	line 150: declare tmp_ret (plan definition)	DECLARATION	let mut tmp_ret: ObResult = Ok(()); (RULEBOOK 2.1, the int ret and tmp_ret rows; s2-errors.md 2.2 rule 5). run1 returns void. Core unit (core-manifest.tsv:216): this form where the core keeps the function (RULEBOOK section 0).	sweep: tmp-ret.tsv:196 (data row 195). Written: at ob_dynamic_thread_pool.cpp:156 by check_thread_status() (tmp-ret.tsv:197), :161 by cond_.wait (tmp-ret.tsv:198) and :169 by stop_all_threads() (tmp-ret.tsv:199). Read: logged with COMMON_LOG_RET or STORAGE_LOG_RET at ob_dynamic_thread_pool.cpp:157, :163 and :170, and tested against OB_TIMEOUT at ob_dynamic_thread_pool.cpp:162 (ret-compare.tsv:454); never merged or stored.	confirmed
src/oblib/lib/thread/ob_dynamic_thread_pool.cpp	ObDynamicThreadPool::run1	line 156: assign tmp_ret	IGNORED	if ob_fail!(tmp_ret = self.check_thread_status()) { <the COMMON_LOG_RET(WARN, tmp_ret, ..) line> } (RULEBOOK 2.1, the tmp_ret row; s2-errors.md 2.3 table). The code dies in tmp_ret. Core unit (core-manifest.tsv:216): this form where the core keeps the function (RULEBOOK section 0).	sweep: tmp-ret.tsv:197 (data row 196). Created: ob_dynamic_thread_pool.cpp:156 puts the code of check_thread_status (ob_dynamic_thread_pool.cpp:174-199), OB_NOT_INIT or OB_SUCCESS, into tmp_ret. Tested: never against a named code. The failing branch only logs (ob_dynamic_thread_pool.cpp:157); the loop of ob_dynamic_thread_pool.cpp:155 runs the check every round whatever it returned, a periodic loop and not a retry (tmp-ret.md 6.7). ob_dynamic_thread_pool.cpp:161 or the next round overwrites tmp_ret.	confirmed
src/oblib/lib/thread/ob_dynamic_thread_pool.cpp	ObDynamicThreadPool::run1	line 161: assign tmp_ret	OTHER_CODE	if ob_fail!(tmp_ret = self.cond_.wait(DEFAULT_CHECK_TIME_MS)) { if !matches!(tmp_ret, Err(OB_TIMEOUT)) { <the STORAGE_LOG_RET(WARN, tmp_ret, ..) line> } } (RULEBOOK 2.1, the tmp_ret row; s2-errors.md 2.3 table), under the guard of ob_dynamic_thread_pool.cpp:159; the test stays at the C++ place (s2-errors.md 2.4 rule 1); kept unless the Rust wait of the Condvar that replaces ObThreadCond answers no code (RULEBOOK 2.7, the ObThreadCond/ObCond row; s8-numerics-platform.md 5 rule 8); the declaration index gives the signature. Core unit (core-manifest.tsv:216): this form where the core keeps the function (RULEBOOK section 0).	sweep: tmp-ret.tsv:198 (data row 197). Code: OB_TIMEOUT, tested at ob_dynamic_thread_pool.cpp:162 (ret-compare.tsv:454). Producer: cond_ is an ObThreadCond (ob_dynamic_thread_pool.h:88), whose wait answers OB_TIMEOUT when it runs out (ob_thread_cond.cpp:109). A timeout only skips the log; other codes are logged (ob_dynamic_thread_pool.cpp:163). The loop of ob_dynamic_thread_pool.cpp:155 goes round whatever the wait returned, so it is not RETRY; the code reaches no merge or store.	confirmed
src/oblib/lib/thread/ob_dynamic_thread_pool.cpp	ObDynamicThreadPool::run1	line 169: assign tmp_ret	IGNORED	if ob_fail!(tmp_ret = self.stop_all_threads()) { <the COMMON_LOG_RET(WARN, tmp_ret, ..) line> } (RULEBOOK 2.1, the tmp_ret row; s2-errors.md 2.3 table). The code dies in tmp_ret. Core unit (core-manifest.tsv:216): this form where the core keeps the function (RULEBOOK section 0).	sweep: tmp-ret.tsv:199 (data row 198). Created: ob_dynamic_thread_pool.cpp:169 puts the code of stop_all_threads (ob_dynamic_thread_pool.cpp:201-228) into tmp_ret after the loop ends. Tested: never against a named code. The failing branch only logs (ob_dynamic_thread_pool.cpp:170); run1 returns void (ob_dynamic_thread_pool.cpp:148), so the code goes nowhere.	confirmed
src/oblib/lib/thread/ob_dynamic_thread_pool.cpp	ObDynamicThreadPool::check_thread_status	line 177: declare tmp_ret (plan definition)	DECLARATION	let mut tmp_ret: ObResult = Ok(()); (RULEBOOK 2.1, the int ret and tmp_ret rows; s2-errors.md 2.2 rule 5). Core unit (core-manifest.tsv:216): this form where the core keeps the function (RULEBOOK section 0).	sweep: tmp-ret.tsv:200 (data row 199). Written: at ob_dynamic_thread_pool.cpp:188 by start_thread (tmp-ret.tsv:201) and at ob_dynamic_thread_pool.cpp:193 by stop_thread (tmp-ret.tsv:202). Read: never; both failing branches are empty. check_thread_status returns ret (ob_dynamic_thread_pool.cpp:198), which only the not-initialized check sets.	confirmed
src/oblib/lib/thread/ob_dynamic_thread_pool.cpp	ObDynamicThreadPool::check_thread_status	line 188: assign tmp_ret	IGNORED	if ob_fail!(tmp_ret = self.start_thread(thread_info)) { } (RULEBOOK 2.1, the tmp_ret row; s2-errors.md 2.3 table), the empty branch kept (s2-errors.md 2.3). The code dies in tmp_ret. Core unit (core-manifest.tsv:216): this form where the core keeps the function (RULEBOOK section 0).	sweep: tmp-ret.tsv:201 (data row 200). Created: ob_dynamic_thread_pool.cpp:188 puts the code of start_thread (ob_dynamic_thread_pool.cpp:230-256) into tmp_ret, for a thread slot that should run and is not alive. Tested: never against a named code. The failing branch is empty and the loop of ob_dynamic_thread_pool.cpp:184 goes on to the next slot; start_thread marks a thread that failed to start (ob_dynamic_thread_pool.cpp:246), and the code never reaches ret.	confirmed
src/oblib/lib/thread/ob_dynamic_thread_pool.cpp	ObDynamicThreadPool::check_thread_status	line 193: assign tmp_ret	IGNORED	if ob_fail!(tmp_ret = self.stop_thread(thread_info)) { } (RULEBOOK 2.1, the tmp_ret row; s2-errors.md 2.3 table), the empty branch kept (s2-errors.md 2.3), inside the if thread_info.is_alive_ of ob_dynamic_thread_pool.cpp:192. The code dies in tmp_ret. Core unit (core-manifest.tsv:216): this form where the core keeps the function (RULEBOOK section 0).	sweep: tmp-ret.tsv:202 (data row 201). Created: ob_dynamic_thread_pool.cpp:193 puts the code of stop_thread (ob_dynamic_thread_pool.cpp:258-278), OB_NOT_INIT or OB_INVALID_ARGUMENT (ob_dynamic_thread_pool.cpp:264, :267), into tmp_ret, for a slot at or above the wanted thread count whose thread is alive (ob_dynamic_thread_pool.cpp:191-192). Tested: never against a named code. The failing branch is empty and the loop of ob_dynamic_thread_pool.cpp:184 goes on to the next slot; the code never reaches ret, which check_thread_status returns at ob_dynamic_thread_pool.cpp:198 and which only the not-initialized check of ob_dynamic_thread_pool.cpp:180-181 sets.	confirmed
src/oblib/lib/thread/ob_dynamic_thread_pool.cpp	ObDynamicThreadPool::stop_all_threads	line 204: declare tmp_ret (plan definition)	DECLARATION	let mut tmp_ret: ObResult = Ok(()); (RULEBOOK 2.1, the int ret and tmp_ret rows; s2-errors.md 2.2 rule 5). Core unit (core-manifest.tsv:216): this form where the core keeps the function (RULEBOOK section 0).	sweep: tmp-ret.tsv:203 (data row 202). Written: only at ob_dynamic_thread_pool.cpp:217, by stop_thread(thread_info) in the loop of ob_dynamic_thread_pool.cpp:214 (tmp-ret.tsv:204). Read: by K(tmp_ret) in the log of ob_dynamic_thread_pool.cpp:218 and by the merge at ob_dynamic_thread_pool.cpp:219 (tmp-ret.tsv:205); never tested against a named code or stored.	confirmed
src/oblib/lib/thread/ob_dynamic_thread_pool.cpp	ObDynamicThreadPool::stop_all_threads	line 217: assign tmp_ret	PASSED_ON	if ob_fail!(tmp_ret = self.stop_thread(thread_info)) { log_warn!(ret, .., K(tmp_ret)); <the merge of ob_dynamic_thread_pool.cpp:219> } (RULEBOOK 2.1, the tmp_ret row; s2-errors.md 2.3 table); the COMMON_LOG(WARN, ..) line takes the ret in scope (s2-errors.md 2.5 rule 1). The merge row gives the merge's form. Core unit (core-manifest.tsv:216): this form where the core keeps the function (RULEBOOK section 0).	sweep: tmp-ret.tsv:204 (data row 203). Created: ob_dynamic_thread_pool.cpp:217 puts the code of stop_thread (ob_dynamic_thread_pool.cpp:258-278), OB_NOT_INIT or OB_INVALID_ARGUMENT, into tmp_ret for each alive thread (ob_dynamic_thread_pool.cpp:216). Tested: never against a named code. Reaches: the merge ret = OB_SUCC(ret)? tmp_ret : ret at ob_dynamic_thread_pool.cpp:219 (tmp-ret.tsv:205), after only the log of ob_dynamic_thread_pool.cpp:218, with no assignment in between; stop_all_threads returns ret at ob_dynamic_thread_pool.cpp:227.	confirmed
src/oblib/lib/thread/ob_dynamic_thread_pool.cpp	ObDynamicThreadPool::stop_all_threads	line 219: merge into ret	MERGE_AND	ret = ret.and(tmp_ret); (RULEBOOK 2.1, the COVER_SUCC row: a merge meaning a unless a is success, then b is a.and(b); s2-errors.md 2.3 table, 2.4 rule 4). The function keeps the local-ret form (s2-errors.md 2.3). The loop of ob_dynamic_thread_pool.cpp:214 tests ret each round (RULEBOOK section 0, Keep the control flow). Core unit (core-manifest.tsv:216): this form where the core keeps the function (RULEBOOK section 0).	sweep: tmp-ret.tsv:205 (data row 204). Shape: the condition OB_SUCC(ret) tests only ret, the value is tmp_ret when ret succeeded and ret otherwise, and tmp_ret is a variable: a = ret, b = tmp_ret. b: the code of stop_thread from ob_dynamic_thread_pool.cpp:217 (tmp-ret.tsv:204), an error in this branch. a: ret is OB_SUCCESS at the merge, since the loop condition of ob_dynamic_thread_pool.cpp:214 requires OB_SUCC(ret) and no statement of stop_all_threads before the merge writes ret; so ret takes tmp_ret, which ends the loop, and stop_all_threads returns it at ob_dynamic_thread_pool.cpp:227. Its caller run1 only logs it (ob_dynamic_thread_pool.cpp:169-170, tmp-ret.tsv:199).	confirmed
src/oblib/lib/thread/ob_dynamic_thread_pool.cpp	ObDynamicThreadPool::stop_thread	line 261: declare tmp_ret (plan definition)	DECLARATION	let tmp_ret: ObResult = Ok(()); (let without mut: nothing assigns it; RULEBOOK 2.1, the int ret and tmp_ret rows; s2-errors.md 2.2 rule 5). The declaration stays although nothing reads it (RULEBOOK section 0 does not let a translation remove it). Core unit (core-manifest.tsv:216): this form where the core keeps the function (RULEBOOK section 0).	sweep: tmp-ret.tsv:206 (data row 205). Written: never after the declaration; read: never. No line of stop_thread (ob_dynamic_thread_pool.cpp:258-278) after ob_dynamic_thread_pool.cpp:261 names tmp_ret; stop_thread returns ret at ob_dynamic_thread_pool.cpp:277.	confirmed
src/oblib/lib/thread/ob_dynamic_thread_pool.cpp	ObDynamicThreadPool::task_thread_func	line 319: declare tmp_ret (plan definition)	DECLARATION	let mut tmp_ret: ObResult = Ok(()); (RULEBOOK 2.1, the int ret and tmp_ret rows; s2-errors.md 2.2 rule 5). task_thread_func is the thread entry that returns void * (ob_dynamic_thread_pool.cpp:317) and has no ret; its Rust form comes from the declaration index. Core unit (core-manifest.tsv:216): this form where the core keeps the function (RULEBOOK section 0).	sweep: tmp-ret.tsv:207 (data row 206). Written: at ob_dynamic_thread_pool.cpp:322 (OB_ERR_SYS, tmp-ret.tsv:208), :331 (pop_task, tmp-ret.tsv:209) and :340 (task->process, tmp-ret.tsv:210). Read: by COMMON_LOG_RET(.., tmp_ret, ..) at ob_dynamic_thread_pool.cpp:323, :337 and :341, and by the tests against OB_ENTRY_NOT_EXIST at ob_dynamic_thread_pool.cpp:332 (ret-compare.tsv:456) and OB_IN_STOP_STATE at ob_dynamic_thread_pool.cpp:334 (ret-compare.tsv:457); never merged or stored.	confirmed
src/oblib/lib/thread/ob_dynamic_thread_pool.cpp	ObDynamicThreadPool::task_thread_func	line 322: assign tmp_ret	IGNORED	tmp_ret = Err(OB_ERR_SYS); (RULEBOOK 2.1, the ret = OB_X row), then the COMMON_LOG_RET(ERROR, tmp_ret, ..) line, which passes tmp_ret as its code (s2-errors.md 2.5 rule 1). The code dies in tmp_ret. If the Rust thread entry takes the thread info as a reference, which cannot be null, the null test of ob_dynamic_thread_pool.cpp:321 and this branch may go (RULEBOOK section 0, the null tests a translation may remove). Core unit (core-manifest.tsv:216): this form where the core keeps the function (RULEBOOK section 0).	sweep: tmp-ret.tsv:208 (data row 207). Created: ob_dynamic_thread_pool.cpp:322 sets the constant OB_ERR_SYS when the thread argument data is NULL (ob_dynamic_thread_pool.cpp:321). Tested: never. The branch only logs it (ob_dynamic_thread_pool.cpp:323); task_thread_func returns NULL at ob_dynamic_thread_pool.cpp:348, so the code goes nowhere.	confirmed
src/oblib/lib/thread/ob_dynamic_thread_pool.cpp	ObDynamicThreadPool::task_thread_func	line 331: assign tmp_ret	OTHER_CODE	if ob_fail!(tmp_ret = pool.pop_task(&mut task)) { if matches!(tmp_ret, Err(OB_ENTRY_NOT_EXIST)) { pool.task_thread_idle(); } else if matches!(tmp_ret, Err(OB_IN_STOP_STATE)) { break; } else { <the COMMON_LOG_RET(WARN, tmp_ret, ..) line> } } else { .. }, pool being the thread info's pool_ of ob_dynamic_thread_pool.cpp:330, inside the while loop of ob_dynamic_thread_pool.cpp:328, its condition evaluated each round (RULEBOOK 2.1, the tmp_ret row and the matches! row; s2-errors.md 2.3 table, 2.4 rule 1; RULEBOOK section 0, Keep the control flow). Core unit (core-manifest.tsv:216): this form where the core keeps the function (RULEBOOK section 0).	sweep: tmp-ret.tsv:209 (data row 208). Producer: ObDynamicThreadPool::pop_task (ob_dynamic_thread_pool.cpp:280-297) answers OB_NOT_INIT, OB_IN_STOP_STATE once the pool is stopped (ob_dynamic_thread_pool.cpp:289), or the code of task_queue_.pop, OB_ENTRY_NOT_EXIST for an empty queue (ob_dynamic_thread_pool.cpp:290; src/oblib/lib/queue/ob_fixed_queue.h:233). pop_task keeps its C++ signature and returns ObResult (RULEBOOK 2.1, the row on an int return that is an OB code), so these codes reach the row whatever form the queue call inside it takes; that question is the row of pop_task's own line (ret-compare.tsv:455). Tests: OB_ENTRY_NOT_EXIST at ob_dynamic_thread_pool.cpp:332 (ret-compare.tsv:456) makes the thread wait on task_thread_cond_ (ob_dynamic_thread_pool.cpp:333, :137-146); OB_IN_STOP_STATE at ob_dynamic_thread_pool.cpp:334 (ret-compare.tsv:457) ends the loop; any other code is logged (ob_dynamic_thread_pool.cpp:337). Not RETRY: the loop of ob_dynamic_thread_pool.cpp:328 pops again after a processed task, a logged error or the idle wait alike, a worker's loop (tmp-ret.md 6.7), as for the pop of the dedup queue (tmp-ret.tsv:191); not LOOKUP_OUTCOME: a pop from a queue is no lookup by key, id or name (tmp-ret.md 6.10 (b)); OB_IN_STOP_STATE is no code of END_OF_DATA. The code never leaves the function; task_thread_func returns NULL at ob_dynamic_thread_pool.cpp:348. Conflict to report (tmp-ret.md section 3): ret-compare.tsv:456 gives the test of ob_dynamic_thread_pool.cpp:332 the value RETRY and a TODO(port) on the ObFixedQueue-to-ArrayQueue question, which this row places at pop_task's own queue call.	confirmed
src/oblib/lib/thread/ob_dynamic_thread_pool.cpp	ObDynamicThreadPool::task_thread_func	line 340: assign tmp_ret	IGNORED	if ob_fail!(tmp_ret = task.process(&thread_info.is_stop_)) { <the COMMON_LOG_RET(WARN, tmp_ret, ..) line> } (RULEBOOK 2.1, the tmp_ret row; s2-errors.md 2.3 table); a *_LOG_RET line passes tmp_ret as its code (s2-errors.md 2.5 rule 1). The code dies in tmp_ret. Core unit (core-manifest.tsv:216): this form where the core keeps the function (RULEBOOK section 0).	sweep: tmp-ret.tsv:210 (data row 209). Created: ob_dynamic_thread_pool.cpp:340 puts the result of task->process(thread_info->is_stop_) into tmp_ret, after a successful pop. process is the pure virtual int process(const bool &is_stop) of ObDynamicThreadTask (ob_dynamic_thread_pool.h:49), and nothing in the tree implements it: grep -rlE 'ObDynamicThreadTask|ObDynamicThreadPool\b' --include='*.h' --include='*.cpp' --include='*.ipp' . run from the repository root prints, outside migration/, only ob_dynamic_thread_pool.h and ob_dynamic_thread_pool.cpp; so no implementation puts a value that is not a code here, and the caller uses it as a code (the log's code at ob_dynamic_thread_pool.cpp:341). Tested: never against a named code. The failing branch only logs (ob_dynamic_thread_pool.cpp:341); the loop pops again, and the next round's pop at ob_dynamic_thread_pool.cpp:331 overwrites tmp_ret.	confirmed
src/oblib/lib/thread/ob_queue_thread.cpp	ObCond::wait	line 73: declare tmp_ret	REPLACED	none: replaced by a Condvar with the waited-for state in a Mutex<T> of the sync module (RULEBOOK 2.7, the ObThreadCond/ObCond row; s8-numerics-platform.md 5 rule 8; RULEBOOK section 1, the Locks row). Core unit (core-manifest.tsv:221): this form where the core keeps the function (RULEBOOK section 0).	sweep: tmp-ret.tsv:211 (data row 210). Enclosing function: ObCond::wait, ob_queue_thread.cpp:56-85, which spins on bcond_ and then waits on the pthread condition; the row holds the return of pthread_cond_wait (ob_queue_thread.cpp:73), an errno value compared with ETIMEDOUT at ob_queue_thread.cpp:74. The rule: RULEBOOK 2.7 turns ObCond into a Condvar with the waited-for state in a Mutex<T> (s8-numerics-platform.md 5 rule 8), and tmp-ret.md 6.2 applies it to ObCond::wait and ObCond::timedwait, naming this row.	confirmed
src/oblib/lib/thread/ob_queue_thread.cpp	ObCond::timedwait	line 103: declare tmp_ret	REPLACED	none: replaced by a Condvar with the waited-for state in a Mutex<T> of the sync module (RULEBOOK 2.7, the ObThreadCond/ObCond row; s8-numerics-platform.md 5 rule 8; RULEBOOK section 1, the Locks row). Core unit (core-manifest.tsv:221): this form where the core keeps the function (RULEBOOK section 0).	sweep: tmp-ret.tsv:212 (data row 211). Enclosing function: ObCond::timedwait, ob_queue_thread.cpp:86-115, the timed form of the same wait; the row holds the return of ob_pthread_cond_timedwait_us (ob_queue_thread.cpp:103), an errno value compared with ETIMEDOUT at ob_queue_thread.cpp:104. The rule: RULEBOOK 2.7 turns ObCond into a Condvar with the waited-for state in a Mutex<T> (s8-numerics-platform.md 5 rule 8), and tmp-ret.md 6.2 applies it to ObCond::wait and ObCond::timedwait, naming this row.	confirmed
src/oblib/lib/thread/ob_reentrant_thread.cpp	ObReentrantThread::destroy	line 67: declare tmp_ret	IGNORED	let tmp_ret: ObResult = self.cond_.broadcast(); (let without mut: nothing assigns it again; RULEBOOK 2.1, the tmp_ret rows), then if tmp_ret.is_err() { } (s2-errors.md 2.3 table), the empty branch kept (s2-errors.md 2.3), inside the block of ob_reentrant_thread.cpp:64-70 that holds the ObThreadCondGuard of cond_. Kept unless the Rust broadcast of the Condvar that replaces ObThreadCond answers no code (RULEBOOK 2.7, the ObThreadCond/ObCond row; s8-numerics-platform.md 5 rule 8); the declaration index gives the signature. The code dies in tmp_ret. Core unit (core-manifest.tsv:217): this form where the core keeps the function (RULEBOOK section 0).	sweep: tmp-ret.tsv:213 (data row 212). Created: ob_reentrant_thread.cpp:67 puts the code of cond_.broadcast() into tmp_ret; cond_ is a common::ObThreadCond (ob_reentrant_thread.h:91), whose broadcast answers OB_NOT_INIT or OB_ERR_SYS (ob_thread_cond.h:93-98). Tested: only against OB_SUCCESS, with an empty branch (ob_reentrant_thread.cpp:68-69). tmp_ret leaves scope at ob_reentrant_thread.cpp:70; destroy goes on to wait for the threads and returns ret, which it never sets (ob_reentrant_thread.cpp:74).	confirmed
src/oblib/lib/thread/ob_reentrant_thread.cpp	ObReentrantThread::logical_start	line 86: declare tmp_ret	IGNORED	let tmp_ret: ObResult = self.cond_.broadcast(); (let without mut: nothing assigns it again; RULEBOOK 2.1, the tmp_ret rows), then if tmp_ret.is_err() { } (s2-errors.md 2.3 table), the empty branch kept (s2-errors.md 2.3), inside the if (stop_) block of ob_reentrant_thread.cpp:83-89 that holds the ObThreadCondGuard of cond_. Kept unless the Rust broadcast of the Condvar that replaces ObThreadCond answers no code (RULEBOOK 2.7, the ObThreadCond/ObCond row; s8-numerics-platform.md 5 rule 8); the declaration index gives the signature. The code dies in tmp_ret. Core unit (core-manifest.tsv:217): this form where the core keeps the function (RULEBOOK section 0).	sweep: tmp-ret.tsv:214 (data row 213). Created: ob_reentrant_thread.cpp:86 puts the code of cond_.broadcast() into tmp_ret, after stop_ is cleared (ob_reentrant_thread.cpp:85); cond_ is a common::ObThreadCond (ob_reentrant_thread.h:91), whose broadcast answers OB_NOT_INIT or OB_ERR_SYS (ob_thread_cond.h:93-98). Tested: only against OB_SUCCESS, with an empty branch (ob_reentrant_thread.cpp:87-88). tmp_ret leaves scope at ob_reentrant_thread.cpp:89; logical_start returns ret at ob_reentrant_thread.cpp:91, which only the not-created check of ob_reentrant_thread.cpp:80-81 sets.	confirmed
src/oblib/lib/thread/ob_reentrant_thread.cpp	ObReentrantThread::logical_stop	line 102: declare tmp_ret	IGNORED	let tmp_ret: ObResult = self.cond_.broadcast(); (let without mut: nothing assigns it again; RULEBOOK 2.1, the tmp_ret rows), then if tmp_ret.is_err() { } (s2-errors.md 2.3 table), the empty branch kept (s2-errors.md 2.3), inside the else block of ob_reentrant_thread.cpp:99-105 that holds the ObThreadCondGuard of cond_. Kept unless the Rust broadcast of the Condvar that replaces ObThreadCond answers no code (RULEBOOK 2.7, the ObThreadCond/ObCond row; s8-numerics-platform.md 5 rule 8); the declaration index gives the signature. The code dies in tmp_ret. Core unit (core-manifest.tsv:217): this form where the core keeps the function (RULEBOOK section 0).	sweep: tmp-ret.tsv:215 (data row 214). Created: ob_reentrant_thread.cpp:102 puts the code of cond_.broadcast() into tmp_ret, after stop_ is set (ob_reentrant_thread.cpp:101); cond_ is a common::ObThreadCond (ob_reentrant_thread.h:91), whose broadcast answers OB_NOT_INIT or OB_ERR_SYS (ob_thread_cond.h:93-98). Tested: only against OB_SUCCESS, with an empty branch (ob_reentrant_thread.cpp:103-104). tmp_ret leaves scope at ob_reentrant_thread.cpp:105; logical_stop returns void (ob_reentrant_thread.cpp:94).	confirmed
src/oblib/lib/thread/ob_reentrant_thread.cpp	ObReentrantThread::blocking_run	line 183: declare tmp_ret	IGNORED	let tmp_ret: ObResult = self.cond_.broadcast(); (let without mut: nothing assigns it again; RULEBOOK 2.1, the tmp_ret rows), then if tmp_ret.is_err() { } (s2-errors.md 2.3 table), the empty branch kept (s2-errors.md 2.3), in the if (need_run) block of ob_reentrant_thread.cpp:179-186 under the ObThreadCondGuard of ob_reentrant_thread.cpp:181. Kept unless the Rust broadcast of the Condvar that replaces ObThreadCond answers no code (RULEBOOK 2.7, the ObThreadCond/ObCond row; s8-numerics-platform.md 5 rule 8); the declaration index gives the signature. The code dies in tmp_ret. Core unit (core-manifest.tsv:217): this form where the core keeps the function (RULEBOOK section 0).	sweep: tmp-ret.tsv:216 (data row 215). Created: ob_reentrant_thread.cpp:183 puts the code of cond_.broadcast() into tmp_ret, after run2() and the decrement of running_cnt_ (ob_reentrant_thread.cpp:180-182); cond_ is a common::ObThreadCond (ob_reentrant_thread.h:91), whose broadcast answers OB_NOT_INIT or OB_ERR_SYS (ob_thread_cond.h:93-98). Tested: only against OB_SUCCESS, with an empty branch (ob_reentrant_thread.cpp:184-185). tmp_ret leaves scope at ob_reentrant_thread.cpp:186; the loop of ob_reentrant_thread.cpp:161 goes on while ret, which this block does not write, is OB_SUCCESS, and blocking_run returns ret at ob_reentrant_thread.cpp:188.	confirmed
src/oblib/lib/utility/ob_macro_utils.h	#define OB_TMP_FAIL	line 656: OB_TMP_FAIL (plan definition)	REPLACED	none: replaced by ob-errno's ob_fail!, which each use writes with its variable, ob_fail!(tmp_ret = x) (RULEBOOK 2.1, the tmp_ret row; s2-errors.md 2.3); the #define has no Rust item. Core unit (core-manifest.tsv:14): this form where the core keeps the function (RULEBOOK section 0).	sweep: tmp-ret.tsv:217 (data row 216). The macro: #define OB_TMP_FAIL(statement) at ob_macro_utils.h:656 assigns the caller's tmp_ret and tests it against OB_SUCCESS, beside OB_SUCC and OB_FAIL (ob_macro_utils.h:654-655). The rule: RULEBOOK 2.1 maps every OB_TMP_FAIL(x) to ob_fail!(tmp_ret = x), a macro of ob-errno that names its variable at the call because a macro_rules! macro cannot see the caller's variable (s2-errors.md 2.3), and tmp-ret.md 6.2 applies it to this #define line.	confirmed
src/oblib/lib/utility/ob_macro_utils.h	#define COVER_SUCC	line 657: merge errcode into ret (continue-and-record through another variable)	REPLACED	none: replaced by Result::and at each use, ret = ret.and(b) (RULEBOOK 2.1, the COVER_SUCC row; s2-errors.md 2.3 table, 2.4 rule 4); the #define has no Rust item. Core unit (core-manifest.tsv:14): this form where the core keeps the function (RULEBOOK section 0).	sweep: tmp-ret.tsv:218 (data row 217). The macro: #define COVER_SUCC(errcode) (OB_SUCCESS == ret ? errcode : ret) at ob_macro_utils.h:657 reads the caller's ret. The rule: RULEBOOK 2.1 writes COVER_SUCC(t) as ret.and(t) at each use (s2-errors.md 2.4 rule 4), and tmp-ret.md 6.2 applies it to this #define line; each use is a MERGE_AND row of its own (tmp-ret.md 6.4), a bare COVER_SUCC(b); statement with its BUG(port) marker included.	confirmed
src/oblib/lib/utility/ob_smart_var.h	#define __SMART_VAR	line 171: assign tmp_ret	REPLACED	none: replaced by a value built on the heap or in an arena (RULEBOOK 2.7, the SMART_VAR row; s8-numerics-platform.md 6 rule 6); the __SMART_VAR body and its code variables go. Core unit (core-manifest.tsv:92): this form where the core keeps the function (RULEBOOK section 0).	sweep: tmp-ret.tsv:219 (data row 218). Enclosing macro: #define __SMART_VAR, ob_smart_var.h:169-180, which puts a large local on the stack or the heap; the row declares its own code variable v##tmp_ret (ob_smart_var.h:171), which the body uses when it runs independent of the caller's ret. The rule: a value over 16 KiB is built on the heap or in an arena, replacing the SMART_VAR and HEAP_VAR lines (s8-numerics-platform.md 6 rule 6; RULEBOOK 2.7, the SMART_VAR row), and tmp-ret.md 6.2 applies it to this body (ob_smart_var.h:171, :172).	confirmed
src/oblib/lib/utility/ob_smart_var.h	#define __SMART_VAR	line 172: merge into ret	REPLACED	none: replaced by a value built on the heap or in an arena (RULEBOOK 2.7, the SMART_VAR row; s8-numerics-platform.md 6 rule 6); the __SMART_VAR body and its code variables go. Core unit (core-manifest.tsv:92): this form where the core keeps the function (RULEBOOK section 0).	sweep: tmp-ret.tsv:220 (data row 219). Enclosing macro: #define __SMART_VAR, ob_smart_var.h:169-180; the row binds the reference v##ret to the caller's ret, or to v##tmp_ret when the macro runs independent of ret (ob_smart_var.h:172), and the body writes the precheck's and the constructor's codes through it (ob_smart_var.h:173, :176). The rule: a value over 16 KiB is built on the heap or in an arena, replacing the SMART_VAR and HEAP_VAR lines (s8-numerics-platform.md 6 rule 6; RULEBOOK 2.7, the SMART_VAR row), and tmp-ret.md 6.2 applies it to this body (ob_smart_var.h:171, :172).	confirmed
src/oblib/lib/utility/utility.h	load_file_to_string	line 738: declare tmp_ret	NON_CODE_VALUE	let tmp_ret: i32 = <the close(fd) call, its Rust form from the declaration index>; (let without mut: nothing assigns it again; the C++ int under its C++ name, since it holds the return of the POSIX close: s2-errors.md 2.2 rule 5; tmp-ret.md 6.3), and the test of utility.h:739 stays the integer comparison tmp_ret < 0. Core unit (core-manifest.tsv:100): this form where the core keeps the function (RULEBOOK section 0).	sweep: tmp-ret.tsv:221 (data row 220). Non-code value: utility.h:738 puts the return of the POSIX close(fd), 0 or -1, into tmp_ret, and utility.h:739 compares it with 0 as a number (tmp_ret < 0). Meets a code holder: the merge ret = (OB_SUCCESS == ret) ? tmp_ret : ret at utility.h:741 (tmp-ret.tsv:222), which puts -1 into ret when ret was OB_SUCCESS.	confirmed
src/oblib/lib/utility/utility.h	load_file_to_string	line 741: merge into ret	NON_CODE_VALUE	ret = ret.and(ObError::from_code(tmp_ret)); (tmp-ret.md 6.3, the AND-shaped merge of a variable that holds values that are not codes; RULEBOOK 2.1, the COVER_SUCC row; s2-errors.md 2.1 rule 4: from_code takes any i32), with on its own line above it // BUG(port): close() returns -1, not an OB code, so a failed close after a successful read makes load_file_to_string return -1; repro: close(fd) fails while ret is OB_SUCCESS; src/oblib/lib/utility/utility.h:741 (RULEBOOK 2.10, the BUG rule). The function keeps the local-ret form (s2-errors.md 2.3). Core unit (core-manifest.tsv:100): this form where the core keeps the function (RULEBOOK section 0).	sweep: tmp-ret.tsv:222 (data row 221). Shape: the condition OB_SUCCESS == ret tests only ret, the value is tmp_ret when ret succeeded and ret otherwise, and tmp_ret is a variable, so a = ret and b = tmp_ret; but b holds the return of the POSIX close (utility.h:738, tmp-ret.tsv:221), -1 in this branch (utility.h:739), not an OB code, so the row is NON_CODE_VALUE (tmp-ret.md section 5, step 3). a: ret holds the code of the argument, open, stat, allocation or read branches of utility.h:720-732, or OB_SUCCESS after the read; the merge keeps an earlier error and otherwise stores -1, which is no catalog code (the catalog's OB_ERROR is -4000, src/share/ob_errno.def:70). load_file_to_string returns ret at utility.h:744; its callers in src, get_ethernet_speed at utility.cpp:949 and :965, return it at utility.cpp:972.	confirmed
src/oblib/rpc/frame/ob_sql_processor.cpp	ObSqlProcessor::run	line 41: declare tmp_ret (plan definition)	DECLARATION	let mut tmp_ret: ObResult = Ok(()); (RULEBOOK 2.1, the int ret and tmp_ret rows; s2-errors.md 2.2 rule 5).	sweep: tmp-ret.tsv:223 (data row 222). Written: only at ob_sql_processor.cpp:43, by response(ret) (tmp-ret.tsv:225). Read: by the merge at ob_sql_processor.cpp:44 (tmp-ret.tsv:226) and by K(tmp_ret) in the log of ob_sql_processor.cpp:45; never tested against a named code or stored.	confirmed
src/oblib/rpc/frame/ob_sql_processor.cpp	ObSqlProcessor::run	line 42: declare tmp_ret_2	DECLARATION	let mut tmp_ret_2: ObResult = Ok(()); (RULEBOOK 2.1, the int ret and tmp_ret rows; s2-errors.md 2.2 rule 5).	sweep: tmp-ret.tsv:224 (data row 223). Written: only at ob_sql_processor.cpp:48, by after_process(ret), which runs only while deseri_succ is true (tmp-ret.tsv:227). Read: by the merge at ob_sql_processor.cpp:49 (tmp-ret.tsv:228) only.	confirmed
src/oblib/rpc/frame/ob_sql_processor.cpp	ObSqlProcessor::run	line 43: OB_TMP_FAIL (plan definition)	PASSED_ON	if ob_fail!(tmp_ret = self.response(ret)) { <the merge of ob_sql_processor.cpp:44>; log_warn!(ret, .., K(ret), K(tmp_ret)); } (RULEBOOK 2.1, the tmp_ret row; s2-errors.md 2.3 table); OB_UNLIKELY goes (RULEBOOK 2.3); the LOG_WARN line takes the ret in scope (s2-errors.md 2.5 rule 1). The merge row gives the merge's form.	sweep: tmp-ret.tsv:225 (data row 224). Created: ob_sql_processor.cpp:43 puts the code of response(ret) into tmp_ret. response is pure virtual (ob_sql_processor.h:48), and its one implementation (grep -rnE 'public +([a-z:]*::)?ObSqlProcessor\b' src prints only src/observer/mysql/obmp_base.h:34, ObMPBase), the final ObMPBase::response (obmp_base.h:44), answers OB_SUCCESS or the code of flush_buffer(true) (obmp_base.cpp:71-80), so the variable holds only codes. Tested: never against a named code. Reaches: ret = (OB_SUCCESS != ret) ? ret : tmp_ret at ob_sql_processor.cpp:44 (tmp-ret.tsv:226), the first statement of the failing branch; run returns ret at ob_sql_processor.cpp:54.	confirmed
src/oblib/rpc/frame/ob_sql_processor.cpp	ObSqlProcessor::run	line 44: merge into ret	MERGE_AND	ret = ret.and(tmp_ret); (RULEBOOK 2.1, the COVER_SUCC row: a merge meaning a unless a is success, then b is a.and(b); s2-errors.md 2.3 table, 2.4 rule 4). The function keeps the local-ret form (s2-errors.md 2.3: it has tmp_ret merges, and after_process and cleanup() run after an error).	sweep: tmp-ret.tsv:226 (data row 225). Shape: the reversed spelling (OB_SUCCESS != ret) ? ret : tmp_ret tests only ret, the value is ret when ret failed and tmp_ret when it succeeded, and tmp_ret is a variable: a = ret, b = tmp_ret. b: declared at ob_sql_processor.cpp:41 (tmp-ret.tsv:223) and assigned only by response(ret) at ob_sql_processor.cpp:43 (tmp-ret.tsv:225); the merge sits in the failing branch of that test, so tmp_ret holds an error there. a: ret holds the first error of the chain at ob_sql_processor.cpp:30-37 or OB_SUCCESS, which the merge keeps or replaces. The log of ob_sql_processor.cpp:45 prints both; after_process at ob_sql_processor.cpp:48 gets the merged ret, and run returns ret at ob_sql_processor.cpp:54.	confirmed
src/oblib/rpc/frame/ob_sql_processor.cpp	ObSqlProcessor::run	line 48: assign tmp_ret_2	PASSED_ON	if deseri_succ && ob_fail!(tmp_ret_2 = self.after_process(ret)) { <the merge of ob_sql_processor.cpp:49> } (RULEBOOK 2.1, the tmp_ret row; s2-errors.md 2.3, the OB_SUCCESS != (tmp_ret = x) row); OB_UNLIKELY goes (RULEBOOK 2.3). The merge row gives the merge's form.	sweep: tmp-ret.tsv:227 (data row 226). Created: ob_sql_processor.cpp:48 puts the code of after_process(ret) into tmp_ret_2, only while deseri_succ is true (set false at ob_sql_processor.cpp:31 and :33). after_process is pure virtual (ob_sql_processor.h:44); its implementations, ObMPBase::after_process (obmp_base.cpp:99) and ObMPStmtExecute::after_process (obmp_stmt_execute.cpp:585-593), return codes, so the variable holds only codes. Tested: never against a named code. Reaches: ret = (OB_SUCCESS != ret) ? ret : tmp_ret_2 at ob_sql_processor.cpp:49 (tmp-ret.tsv:228), the only statement of the failing branch.	confirmed
src/oblib/rpc/frame/ob_sql_processor.cpp	ObSqlProcessor::run	line 49: merge into ret	MERGE_AND	ret = ret.and(tmp_ret_2); (RULEBOOK 2.1, the COVER_SUCC row: a merge meaning 'a unless a is success, then b' is a.and(b); s2-errors.md 2.3 table, 2.4 rule 4). The enclosing test at ob_sql_processor.cpp:48 is if deseri_succ && ob_fail!(tmp_ret_2 = self.after_process(ret)) { (s2-errors.md 2.3, the OB_SUCCESS != (tmp_ret = x) row; OB_UNLIKELY goes, RULEBOOK 2.3). The function keeps the local-ret form (s2-errors.md 2.3: it has tmp_ret merges, and cleanup() runs after an error).	sweep: tmp-ret.tsv:228 (data row 227). Shape: the condition OB_SUCCESS != ret tests only ret, the value is ret when ret failed and tmp_ret_2 when it succeeded, and tmp_ret_2 is a variable: a = ret, b = tmp_ret_2. b: declared at ob_sql_processor.cpp:42 (tmp-ret.tsv:224) and assigned only at ob_sql_processor.cpp:48 by after_process(ret), which runs only while deseri_succ is true (set false at ob_sql_processor.cpp:31 and :33), and whose implementations return codes (obmp_base.cpp:99; obmp_stmt_execute.cpp:585); the merge sits in the failing branch of ob_sql_processor.cpp:48, so tmp_ret_2 holds an error there. a: ret holds the first error of the chain at ob_sql_processor.cpp:30-37, or the response error merged at ob_sql_processor.cpp:44 in the same shape (tmp-ret.tsv:226). After the merge, cleanup() at ob_sql_processor.cpp:52 runs whatever ret holds, and ob_sql_processor.cpp:54 returns ret. This row is the worked example 2 of tmp-ret.md section 8.	confirmed
src/observer/ai_service/ob_ai_service_executor.cpp	ObAiServiceExecutor::create_ai_model_endpoint	line 115: declare tmp_ret (plan definition)	DECLARATION	let mut tmp_ret: ObResult = Ok(()); (RULEBOOK 2.1, the int ret and tmp_ret rows; s2-errors.md 2.2 rule 5), inside the if (trans.is_started()) block of ob_ai_service_executor.cpp:114.	sweep: tmp-ret.tsv:229 (data row 228). Written: only at ob_ai_service_executor.cpp:116, by trans.end(OB_SUCC(ret)) (tmp-ret.tsv:230). Read: by the merge at ob_ai_service_executor.cpp:118 (tmp-ret.tsv:231) only; the log of ob_ai_service_executor.cpp:117 prints ret, not tmp_ret.	confirmed
src/observer/ai_service/ob_ai_service_executor.cpp	ObAiServiceExecutor::create_ai_model_endpoint	line 116: assign tmp_ret	PASSED_ON	if ob_fail!(tmp_ret = trans.end(ret.is_ok())) { log_warn!(ret, .., KR(ret)); <the merge of ob_ai_service_executor.cpp:118> } (RULEBOOK 2.1, the tmp_ret row and the OB_SUCC(ret) row; s2-errors.md 2.3 table); the LOG_WARN line takes the ret in scope (s2-errors.md 2.5 rule 1). The merge row gives the merge's form.	sweep: tmp-ret.tsv:230 (data row 229). Created: ob_ai_service_executor.cpp:116 puts the code of ObMySQLTransaction::end (ob_mysql_transaction.cpp:173-193), which commits when ret is OB_SUCCESS and rolls back otherwise, into tmp_ret; trans is the ObMySQLTransaction of ob_ai_service_executor.cpp:79, and the block runs only when it started (ob_ai_service_executor.cpp:114). Tested: never against a named code. Reaches: ret = OB_SUCC(ret) ? tmp_ret : ret at ob_ai_service_executor.cpp:118 (tmp-ret.tsv:231), after only the log, with no assignment in between; create_ai_model_endpoint returns ret at ob_ai_service_executor.cpp:121.	confirmed
src/observer/ai_service/ob_ai_service_executor.cpp	ObAiServiceExecutor::create_ai_model_endpoint	line 118: merge into ret	MERGE_AND	ret = ret.and(tmp_ret); (RULEBOOK 2.1, the COVER_SUCC row: a merge meaning a unless a is success, then b is a.and(b); s2-errors.md 2.3 table, 2.4 rule 4). The function keeps the local-ret form (s2-errors.md 2.3).	sweep: tmp-ret.tsv:231 (data row 230). Shape: the condition OB_SUCC(ret) tests only ret, the value is tmp_ret when ret succeeded and ret otherwise, and tmp_ret is a variable: a = ret, b = tmp_ret. b: the code of trans.end from ob_ai_service_executor.cpp:116 (tmp-ret.tsv:230), an error in this branch. a: ret holds OB_SUCCESS after the insert of ob_ai_service_executor.cpp:111, or the first error of the function (ob_ai_service_executor.cpp:86-112), which the merge keeps, dropping the rollback's code. create_ai_model_endpoint returns ret at ob_ai_service_executor.cpp:121.	confirmed
src/observer/ai_service/ob_ai_service_executor.cpp	ObAiServiceExecutor::alter_ai_model_endpoint	line 166: declare tmp_ret (plan definition)	DECLARATION	let mut tmp_ret: ObResult = Ok(()); (RULEBOOK 2.1, the int ret and tmp_ret rows; s2-errors.md 2.2 rule 5), inside the if (trans.is_started()) block of ob_ai_service_executor.cpp:165.	sweep: tmp-ret.tsv:232 (data row 231). Written: only at ob_ai_service_executor.cpp:167, by trans.end(OB_SUCC(ret)) (tmp-ret.tsv:233). Read: by the merge at ob_ai_service_executor.cpp:169 (tmp-ret.tsv:234) only; the log of ob_ai_service_executor.cpp:168 prints ret, not tmp_ret.	confirmed
src/observer/ai_service/ob_ai_service_executor.cpp	ObAiServiceExecutor::alter_ai_model_endpoint	line 167: assign tmp_ret	PASSED_ON	if ob_fail!(tmp_ret = trans.end(ret.is_ok())) { log_warn!(ret, .., KR(ret)); <the merge of ob_ai_service_executor.cpp:169> } (RULEBOOK 2.1, the tmp_ret row and the OB_SUCC(ret) row; s2-errors.md 2.3 table); the LOG_WARN line takes the ret in scope (s2-errors.md 2.5 rule 1). The merge row gives the merge's form.	sweep: tmp-ret.tsv:233 (data row 232). Created: ob_ai_service_executor.cpp:167 puts the code of ObMySQLTransaction::end (ob_mysql_transaction.cpp:173-193), commit or rollback as ret decides, into tmp_ret; trans is the ObMySQLTransaction of ob_ai_service_executor.cpp:129, and the block runs only when it started (ob_ai_service_executor.cpp:165). Tested: never against a named code. Reaches: ret = OB_SUCC(ret) ? tmp_ret : ret at ob_ai_service_executor.cpp:169 (tmp-ret.tsv:234), after only the log, with no assignment in between; alter_ai_model_endpoint returns ret at ob_ai_service_executor.cpp:173.	confirmed
src/observer/ai_service/ob_ai_service_executor.cpp	ObAiServiceExecutor::alter_ai_model_endpoint	line 169: merge into ret	MERGE_AND	ret = ret.and(tmp_ret); (RULEBOOK 2.1, the COVER_SUCC row: a merge meaning a unless a is success, then b is a.and(b); s2-errors.md 2.3 table, 2.4 rule 4). The function keeps the local-ret form (s2-errors.md 2.3).	sweep: tmp-ret.tsv:234 (data row 233). Shape: the condition OB_SUCC(ret) tests only ret, the value is tmp_ret when ret succeeded and ret otherwise, and tmp_ret is a variable: a = ret, b = tmp_ret. b: the code of trans.end from ob_ai_service_executor.cpp:167 (tmp-ret.tsv:233), an error in this branch. a: ret holds OB_SUCCESS after the update of ob_ai_service_executor.cpp:162, or the first error of the function (ob_ai_service_executor.cpp:135-163), which the merge keeps, dropping the rollback's code. alter_ai_model_endpoint returns ret at ob_ai_service_executor.cpp:173.	confirmed
src/observer/ai_service/ob_ai_service_executor.cpp	ObAiServiceExecutor::drop_ai_model_endpoint	line 202: declare tmp_ret (plan definition)	DECLARATION	let mut tmp_ret: ObResult = Ok(()); (RULEBOOK 2.1, the int ret and tmp_ret rows; s2-errors.md 2.2 rule 5), inside the if (trans.is_started()) block of ob_ai_service_executor.cpp:201.	sweep: tmp-ret.tsv:235 (data row 234). Written: only at ob_ai_service_executor.cpp:203, by trans.end(OB_SUCC(ret)) (tmp-ret.tsv:236). Read: by the merge at ob_ai_service_executor.cpp:205 (tmp-ret.tsv:237) only; the log of ob_ai_service_executor.cpp:204 prints ret, not tmp_ret.	confirmed
src/observer/ai_service/ob_ai_service_executor.cpp	ObAiServiceExecutor::drop_ai_model_endpoint	line 203: assign tmp_ret	PASSED_ON	if ob_fail!(tmp_ret = trans.end(ret.is_ok())) { log_warn!(ret, .., KR(ret)); <the merge of ob_ai_service_executor.cpp:205> } (RULEBOOK 2.1, the tmp_ret row and the OB_SUCC(ret) row; s2-errors.md 2.3 table); the LOG_WARN line takes the ret in scope (s2-errors.md 2.5 rule 1). The merge row gives the merge's form.	sweep: tmp-ret.tsv:236 (data row 235). Created: ob_ai_service_executor.cpp:203 puts the code of ObMySQLTransaction::end (ob_mysql_transaction.cpp:173-193), commit or rollback as ret decides, into tmp_ret; trans is the ObMySQLTransaction of ob_ai_service_executor.cpp:191, and the block runs only when it started (ob_ai_service_executor.cpp:201). Tested: never against a named code. Reaches: ret = OB_SUCC(ret) ? tmp_ret : ret at ob_ai_service_executor.cpp:205 (tmp-ret.tsv:237), after only the log, with no assignment in between; drop_ai_model_endpoint returns ret at ob_ai_service_executor.cpp:208.	confirmed
src/observer/ai_service/ob_ai_service_executor.cpp	ObAiServiceExecutor::drop_ai_model_endpoint	line 205: merge into ret	MERGE_AND	ret = ret.and(tmp_ret); (RULEBOOK 2.1, the COVER_SUCC row: a merge meaning a unless a is success, then b is a.and(b); s2-errors.md 2.3 table, 2.4 rule 4). The function keeps the local-ret form (s2-errors.md 2.3).	sweep: tmp-ret.tsv:237 (data row 236). Shape: the condition OB_SUCC(ret) tests only ret, the value is tmp_ret when ret succeeded and ret otherwise, and tmp_ret is a variable: a = ret, b = tmp_ret. b: the code of trans.end from ob_ai_service_executor.cpp:203 (tmp-ret.tsv:236), an error in this branch. a: ret holds OB_SUCCESS after the drop of ob_ai_service_executor.cpp:198, or the first error of the chain at ob_ai_service_executor.cpp:194-199, which the merge keeps, dropping the rollback's code. drop_ai_model_endpoint returns ret at ob_ai_service_executor.cpp:208.	confirmed
src/observer/ai_service/ob_ai_service_executor.cpp	ObAiServiceExecutor::lock_and_fetch_endpoint_version	line 273: declare tmp_ret (plan definition)	DECLARATION	let mut tmp_ret: ObResult = Ok(()); (RULEBOOK 2.1, the int ret and tmp_ret rows; s2-errors.md 2.2 rule 5), inside the SMART_VAR block of ob_ai_service_executor.cpp:271, whose MySQLResult lives on the heap in Rust (RULEBOOK 2.7, the SMART_VAR row).	sweep: tmp-ret.tsv:238 (data row 237). Written: only at ob_ai_service_executor.cpp:286, by result->next() (tmp-ret.tsv:239). Read: by the test against OB_ITER_END on that line (ret-compare.tsv:483) and by KR(tmp_ret) in the log of ob_ai_service_executor.cpp:288; never merged or stored. The code variable the SMART_VAR expansion declares is restmp_ret (src/oblib/lib/utility/ob_smart_var.h:171, v##tmp_ret with v = res), so no other tmp_ret is in scope.	confirmed
src/observer/ai_service/ob_ai_service_executor.cpp	ObAiServiceExecutor::lock_and_fetch_endpoint_version	line 286: assign tmp_ret	END_OF_DATA	} else if { tmp_ret = result.next(); !matches!(tmp_ret, Err(OB_ITER_END)) } { ret = Err(OB_ERR_UNEXPECTED); log_warn!(ret, .., KR(ret), KR(tmp_ret), K(sql)); } else { res.reset(); new_endpoint_version = old_endpoint_version + 1; } (RULEBOOK 2.1, the row on a test on an assignment; tmp-ret.md section 4, the OB_X != (tmp_ret = x) form); OB_ITER_END stays Err(OB_ITER_END), tested at the C++ place, and the result iterator keeps it at its boundary (s2-errors.md 2.4 rules 1 and 2; ARCHITECTURE.md section 17, default 6). ret-compare.tsv:483 holds the same line, with the same producer.	sweep: tmp-ret.tsv:239 (data row 238). Producer: result->next() at ob_ai_service_executor.cpp:286, the second call on the result of the version query, after the first row was read (ob_ai_service_executor.cpp:278) and its version taken (ob_ai_service_executor.cpp:285). ObMySQLResult::next is pure virtual (ob_mysql_result.h:1560); the only class in src that derives from ObMySQLResult (grep -rnE 'public +([a-z:]*::)?ObMySQLResult\b' src) is ObInnerSQLResult (ob_inner_sql_result.h:42), whose next answers OB_NOT_INIT, OB_ITER_END after the last row, or the code of the result set's get_next_row (ob_inner_sql_result.cpp:200-225). Test: OB_ITER_END != tmp_ret on the same line (ret-compare.tsv:483). OB_ITER_END, the expected single row, takes the else that computes the new version (ob_ai_service_executor.cpp:289-292); any other code, a second row (OB_SUCCESS) or an error, becomes OB_ERR_UNEXPECTED in ret at ob_ai_service_executor.cpp:287 and is only logged (ob_ai_service_executor.cpp:288). tmp_ret is not read again; lock_and_fetch_endpoint_version returns ret at ob_ai_service_executor.cpp:320.	confirmed
src/observer/ai_service/ob_ai_service_proxy.cpp	ObAiServiceProxy::select_ai_endpoint	line 121: declare tmp_ret (plan definition)	DECLARATION	let mut tmp_ret: ObResult = Ok(()); (RULEBOOK 2.1, the int ret and tmp_ret rows; s2-errors.md 2.2 rule 5), inside the else of ob_ai_service_proxy.cpp:120.	sweep: tmp-ret.tsv:240 (data row 239). Written: only at ob_ai_service_proxy.cpp:122, by result->next() (tmp-ret.tsv:241). Read: by the test against OB_ITER_END on that line (ret-compare.tsv:486) and by KR(tmp_ret) in the log of ob_ai_service_proxy.cpp:124; never merged or stored.	confirmed
src/observer/ai_service/ob_ai_service_proxy.cpp	ObAiServiceProxy::select_ai_endpoint	line 122: assign tmp_ret	END_OF_DATA	if { tmp_ret = result.next(); !matches!(tmp_ret, Err(OB_ITER_END)) } { ret = Err(OB_ERR_UNEXPECTED); log_warn!(ret, .., KR(ret), KR(tmp_ret), K(sql)); } (RULEBOOK 2.1, the row on a test on an assignment; tmp-ret.md section 4, the OB_X != (tmp_ret = x) form); OB_ITER_END stays Err(OB_ITER_END), tested at the C++ place, and the result iterator keeps it at its boundary (s2-errors.md 2.4 rules 1 and 2; ARCHITECTURE.md section 17, default 6). ret-compare.tsv:486 holds the same line, with the same producer.	sweep: tmp-ret.tsv:241 (data row 240). Producer: result->next() at ob_ai_service_proxy.cpp:122, the call after the first row was read (ob_ai_service_proxy.cpp:113) and built into the endpoint (ob_ai_service_proxy.cpp:119); ObMySQLResult::next is pure virtual (ob_mysql_result.h:1560), and ObInnerSQLResult::next, its one implementation in src (grep -rnE 'public +([a-z:]*::)?ObMySQLResult\b' src prints only src/observer/ob_inner_sql_result.h:42, and grep -rnE 'public +([a-z:]*::)?ObInnerSQLResult\b' src prints nothing), answers OB_ITER_END after the last row (ob_inner_sql_result.cpp:207-208) or another code. Test: OB_ITER_END != tmp_ret on the same line (ret-compare.tsv:486). OB_ITER_END, the expected single row, leaves ret at OB_SUCCESS; any other code, a second row or an error, becomes OB_ERR_UNEXPECTED in ret at ob_ai_service_proxy.cpp:123 and is only logged (ob_ai_service_proxy.cpp:124). tmp_ret leaves scope at ob_ai_service_proxy.cpp:126; select_ai_endpoint returns ret at ob_ai_service_proxy.cpp:129.	confirmed
src/observer/ai_service/ob_ai_service_proxy.cpp	ObAiServiceProxy::select_ai_endpoint_by_ai_model_name	line 171: declare tmp_ret (plan definition)	DECLARATION	let mut tmp_ret: ObResult = Ok(()); (RULEBOOK 2.1, the int ret and tmp_ret rows; s2-errors.md 2.2 rule 5), inside the else of ob_ai_service_proxy.cpp:170.	sweep: tmp-ret.tsv:242 (data row 241). Written: only at ob_ai_service_proxy.cpp:172, by result->next() (tmp-ret.tsv:243). Read: by the test against OB_ITER_END on that line (ret-compare.tsv:488) and by KR(tmp_ret) in the log of ob_ai_service_proxy.cpp:174; never merged or stored.	confirmed
src/observer/ai_service/ob_ai_service_proxy.cpp	ObAiServiceProxy::select_ai_endpoint_by_ai_model_name	line 172: assign tmp_ret	END_OF_DATA	if { tmp_ret = result.next(); !matches!(tmp_ret, Err(OB_ITER_END)) } { ret = Err(OB_ERR_UNEXPECTED); log_warn!(ret, .., KR(ret), KR(tmp_ret), K(sql)); } (RULEBOOK 2.1, the row on a test on an assignment; tmp-ret.md section 4, the OB_X != (tmp_ret = x) form); OB_ITER_END stays Err(OB_ITER_END), tested at the C++ place, and the result iterator keeps it at its boundary (s2-errors.md 2.4 rules 1 and 2; ARCHITECTURE.md section 17, default 6). ret-compare.tsv:488 holds the same line, with the same producer.	sweep: tmp-ret.tsv:243 (data row 242). Producer: result->next() at ob_ai_service_proxy.cpp:172, the call after the first row was read (ob_ai_service_proxy.cpp:164) and built into the endpoint (ob_ai_service_proxy.cpp:169); ObMySQLResult::next is pure virtual (ob_mysql_result.h:1560), and ObInnerSQLResult::next, its one implementation in src (grep -rnE 'public +([a-z:]*::)?ObMySQLResult\b' src prints only src/observer/ob_inner_sql_result.h:42, and grep -rnE 'public +([a-z:]*::)?ObInnerSQLResult\b' src prints nothing), answers OB_ITER_END after the last row (ob_inner_sql_result.cpp:207-208) or another code. Test: OB_ITER_END != tmp_ret on the same line (ret-compare.tsv:488). OB_ITER_END, the expected single row, leaves ret at OB_SUCCESS; any other code, a second row or an error, becomes OB_ERR_UNEXPECTED in ret at ob_ai_service_proxy.cpp:173 and is only logged (ob_ai_service_proxy.cpp:174). tmp_ret leaves scope at ob_ai_service_proxy.cpp:176; select_ai_endpoint_by_ai_model_name returns ret at ob_ai_service_proxy.cpp:179.	confirmed
src/observer/ai_service/ob_ai_service_proxy.cpp	ObAiServiceProxy::check_ai_endpoint_exists	line 274: declare tmp_ret (plan definition)	DECLARATION	let mut tmp_ret: ObResult = Ok(()); (RULEBOOK 2.1, the int ret and tmp_ret rows; s2-errors.md 2.2 rule 5), inside the else of ob_ai_service_proxy.cpp:273.	sweep: tmp-ret.tsv:244 (data row 243). Written: only at ob_ai_service_proxy.cpp:275, by result->next() (tmp-ret.tsv:245). Read: by the test against OB_ITER_END on that line (ret-compare.tsv:489) and by KR(tmp_ret) in the log of ob_ai_service_proxy.cpp:277; never merged or stored.	confirmed
src/observer/ai_service/ob_ai_service_proxy.cpp	ObAiServiceProxy::check_ai_endpoint_exists	line 275: assign tmp_ret	END_OF_DATA	if { tmp_ret = result.next(); !matches!(tmp_ret, Err(OB_ITER_END)) } { ret = Err(OB_ERR_UNEXPECTED); log_warn!(ret, .., KR(ret), KR(tmp_ret), K(sql)); } (RULEBOOK 2.1, the row on a test on an assignment; tmp-ret.md section 4, the OB_X != (tmp_ret = x) form); OB_ITER_END stays Err(OB_ITER_END), tested at the C++ place, and the result iterator keeps it at its boundary (s2-errors.md 2.4 rules 1 and 2; ARCHITECTURE.md section 17, default 6). ret-compare.tsv:489 holds the same line, with the same producer.	sweep: tmp-ret.tsv:245 (data row 244). Producer: result->next() at ob_ai_service_proxy.cpp:275, the call after the count row was read (ob_ai_service_proxy.cpp:269) and its count taken and checked (ob_ai_service_proxy.cpp:270-271); ObMySQLResult::next is pure virtual (ob_mysql_result.h:1560), and ObInnerSQLResult::next, its one implementation in src (grep -rnE 'public +([a-z:]*::)?ObMySQLResult\b' src prints only src/observer/ob_inner_sql_result.h:42, and grep -rnE 'public +([a-z:]*::)?ObInnerSQLResult\b' src prints nothing), answers OB_ITER_END after the last row (ob_inner_sql_result.cpp:207-208) or another code. Test: OB_ITER_END != tmp_ret on the same line (ret-compare.tsv:489). OB_ITER_END, the expected single row, leaves ret at OB_SUCCESS; any other code, a second row or an error, becomes OB_ERR_UNEXPECTED in ret at ob_ai_service_proxy.cpp:276 and is only logged (ob_ai_service_proxy.cpp:277). tmp_ret leaves scope at ob_ai_service_proxy.cpp:279; check_ai_endpoint_exists sets is_exists only when ret succeeded (ob_ai_service_proxy.cpp:282-283) and returns ret at ob_ai_service_proxy.cpp:285.	confirmed
src/observer/change_stream/ob_cs_plugin_async_index.cpp	ObCSAsyncIndexProcessor::resolve_vector_index_info_	line 304: declare tmp_ret	IGNORED	let tmp_ret: ObResult = ObVectorIndexUtil::parser_params_from_string(index_params_str, ObVectorIndexType::VIT_HNSW_INDEX, &mut param, false); (let without mut: nothing assigns it again; RULEBOOK 2.1, the tmp_ret rows; the signature from the declaration index), then if tmp_ret.is_err() { } else { is_semantic_index = ..; } (s2-errors.md 2.3 table), the empty branch kept (s2-errors.md 2.3). The code dies in tmp_ret.	sweep: tmp-ret.tsv:246 (data row 245). Created: ob_cs_plugin_async_index.cpp:304 puts the code of ObVectorIndexUtil::parser_params_from_string (ob_vector_index_util.cpp:209), which answers OB_ERR_UNEXPECTED for an empty string, OB_INVALID_ARGUMENT for a malformed parameter list or another code of the parse (ob_vector_index_util.cpp:216-240), into tmp_ret, for a varchar vector column whose index has parameters (ob_cs_plugin_async_index.cpp:297-303). Tested: only against OB_SUCCESS (ob_cs_plugin_async_index.cpp:306). The failing branch is empty, so is_semantic_index stays false and the index is handled as a non-semantic one (ob_cs_plugin_async_index.cpp:312-316); tmp_ret leaves scope at ob_cs_plugin_async_index.cpp:310 and never reaches ret, which resolve_vector_index_info_ returns at ob_cs_plugin_async_index.cpp:418.	confirmed
src/observer/change_stream/ob_cs_plugin_async_index.cpp	ObCSAsyncIndexProcessor::write_to_vsag_	line 1111: declare tmp_ret	IGNORED	let tmp_ret: ObResult = adaptor.update_incr_bitmap(vids, insert_count); (let without mut: nothing assigns it again; RULEBOOK 2.1, the tmp_ret rows; the signature from the declaration index), then if tmp_ret.is_err() { } (s2-errors.md 2.3 table), the empty branch kept (s2-errors.md 2.3). The code dies in tmp_ret.	sweep: tmp-ret.tsv:247 (data row 246). Created: ob_cs_plugin_async_index.cpp:1111 puts the code of ObPluginVectorIndexAdaptor::update_incr_bitmap (ob_plugin_vector_index_adaptor.cpp:2948-2965, declared at src/query/api/query/vector/ob_vector_index_adaptor.h:728), OB_NOT_INIT or the code of the bitmap insert, into tmp_ret, after add_index succeeded (ob_cs_plugin_async_index.cpp:1104-1110). Tested: only against OB_SUCCESS, with an empty branch (ob_cs_plugin_async_index.cpp:1112-1113). tmp_ret leaves scope at ob_cs_plugin_async_index.cpp:1114; write_to_vsag_ returns ret at ob_cs_plugin_async_index.cpp:1126, which tmp_ret never reaches.	confirmed
src/observer/change_stream/ob_cs_plugin_async_index.cpp	ObCSAsyncIndexProcessor::write_to_vsag_	line 1120: declare tmp_ret	IGNORED	let tmp_ret: ObResult = adaptor.refresh_bitmap_background(); (let without mut: nothing assigns it again; RULEBOOK 2.1, the tmp_ret rows), then if tmp_ret.is_err() { } (s2-errors.md 2.3 table), the empty branch kept (s2-errors.md 2.3), inside the rate-limited if of ob_cs_plugin_async_index.cpp:1119. The code dies in tmp_ret.	sweep: tmp-ret.tsv:248 (data row 247). Created: ob_cs_plugin_async_index.cpp:1120 puts the code of ObPluginVectorIndexAdaptor::refresh_bitmap_background (ob_plugin_vector_index_adaptor.cpp:2926-2946, declared at src/query/api/query/vector/ob_vector_index_adaptor.h:727), OB_ERR_SYS for a missing transaction service or the code of its chain, into tmp_ret, at most every 500 ms and only when ret succeeded (ob_cs_plugin_async_index.cpp:1119). Tested: only against OB_SUCCESS, with an empty branch (ob_cs_plugin_async_index.cpp:1121-1122). tmp_ret leaves scope at ob_cs_plugin_async_index.cpp:1123; write_to_vsag_ returns ret at ob_cs_plugin_async_index.cpp:1126.	confirmed
src/observer/change_stream/ob_cs_plugin_async_index.cpp	ObCSPluginAsyncIndex::commit	line 1206: declare tmp_ret (plan definition)	DECLARATION	let mut tmp_ret: ObResult = Ok(()); (RULEBOOK 2.1, the int ret and tmp_ret rows; s2-errors.md 2.2 rule 5), inside the if (OB_NOT_NULL(schema_service)) block of ob_cs_plugin_async_index.cpp:1205.	sweep: tmp-ret.tsv:249 (data row 248). Written: only at ob_cs_plugin_async_index.cpp:1207, by schema_service->try_eliminate_schema_mgr() (tmp-ret.tsv:250). Read: never; the failing branch is empty and the variable leaves scope at ob_cs_plugin_async_index.cpp:1209. The block runs when the schema service looked up at ob_cs_plugin_async_index.cpp:1202-1203 (server-service-slots.tsv:16, :17) is not NULL, so the row stays whatever that list decides and adds nothing (tmp-ret.md section 5, removed branches).	confirmed
src/observer/change_stream/ob_cs_plugin_async_index.cpp	ObCSPluginAsyncIndex::commit	line 1207: OB_TMP_FAIL (plan definition)	IGNORED	if ob_fail!(tmp_ret = schema_service.try_eliminate_schema_mgr()) { } (RULEBOOK 2.1, the tmp_ret row; s2-errors.md 2.3 table), the empty branch kept (s2-errors.md 2.3). The code dies in tmp_ret.	sweep: tmp-ret.tsv:250 (data row 249). Created: ob_cs_plugin_async_index.cpp:1207 puts the code of ObMultiVersionSchemaService::try_eliminate_schema_mgr (ob_multi_version_schema_service.cpp:1877-1885), OB_INNER_STAT_ERROR or the code of try_gc_existing_runtime_schema_mgr, OB_SCHEMA_EAGAIN among them (ob_multi_version_schema_service.cpp:1894), into tmp_ret, at most once every 30 s (ob_cs_plugin_async_index.cpp:1199). Tested: never against a named code. The failing branch is empty; tmp_ret leaves scope at ob_cs_plugin_async_index.cpp:1209, and commit returns ret at ob_cs_plugin_async_index.cpp:1212, which tmp_ret never reaches.	confirmed
src/observer/dbms_scheduler/ob_dbms_sched_job_executor.cpp	ObDBMSSchedJobExecutor::run_dbms_sched_job	line 327: declare tmp_ret (plan definition)	DECLARATION	let mut tmp_ret: ObResult = Ok(()); (RULEBOOK 2.1, the int ret and tmp_ret rows; s2-errors.md 2.2 rule 5), inside the if (NULL != session_info) block of ob_dbms_sched_job_executor.cpp:326.	sweep: tmp-ret.tsv:251 (data row 250). Written: only at ob_dbms_sched_job_executor.cpp:332, by destroy_session(free_session_ctx, session_info) (tmp-ret.tsv:252). Read: by KR(tmp_ret) in the log of ob_dbms_sched_job_executor.cpp:333 and by the merge at ob_dbms_sched_job_executor.cpp:334 (tmp-ret.tsv:253); never tested against a named code or stored.	confirmed
src/observer/dbms_scheduler/ob_dbms_sched_job_executor.cpp	ObDBMSSchedJobExecutor::run_dbms_sched_job	line 332: OB_TMP_FAIL (plan definition)	PASSED_ON	if ob_fail!(tmp_ret = ObDBMSSchedJobExecutor::destroy_session(free_session_ctx, session_info)) { log_warn!(ret, .., KR(tmp_ret)); <the merge of ob_dbms_sched_job_executor.cpp:334> } else { <session_info cleared, as ob_dbms_sched_job_executor.cpp:336 does> } (RULEBOOK 2.1, the tmp_ret row; s2-errors.md 2.3 table); the LOG_WARN line takes the ret in scope (s2-errors.md 2.5 rule 1). The merge row gives the merge's form.	sweep: tmp-ret.tsv:252 (data row 251). Created: ob_dbms_sched_job_executor.cpp:332 puts the code of destroy_session (ob_dbms_sched_job_executor.cpp:181-194), OB_INVALID_ARGUMENT for a NULL session or OB_SUCCESS, into tmp_ret, after the job info is cleared under the session's thread-data lock (ob_dbms_sched_job_executor.cpp:328-331); here the session is not NULL (ob_dbms_sched_job_executor.cpp:326), so the failing branch does not run in practice, and the row keeps it as written. Tested: never against a named code. Reaches: ret = (OB_SUCC(ret)) ? tmp_ret : ret at ob_dbms_sched_job_executor.cpp:334 (tmp-ret.tsv:253), after only the log, with no assignment in between; run_dbms_sched_job returns ret at ob_dbms_sched_job_executor.cpp:339.	confirmed
src/observer/dbms_scheduler/ob_dbms_sched_job_executor.cpp	ObDBMSSchedJobExecutor::run_dbms_sched_job	line 334: merge into ret	MERGE_AND	ret = ret.and(tmp_ret); (RULEBOOK 2.1, the COVER_SUCC row: a merge meaning a unless a is success, then b is a.and(b); s2-errors.md 2.3 table, 2.4 rule 4). The function keeps the local-ret form (s2-errors.md 2.3).	sweep: tmp-ret.tsv:253 (data row 252). Shape: the condition (OB_SUCC(ret)) tests only ret, the value is tmp_ret when ret succeeded and ret otherwise, and tmp_ret is a variable: a = ret, b = tmp_ret. b: the code of destroy_session from ob_dbms_sched_job_executor.cpp:332 (tmp-ret.tsv:252), an error in this branch. a: ret holds the first error of the job run (ob_dbms_sched_job_executor.cpp:199-322, check macros included) or OB_SUCCESS, which the merge keeps or replaces. run_dbms_sched_job returns ret at ob_dbms_sched_job_executor.cpp:339; its caller at ob_dbms_sched_job_executor.cpp:357 tests it (ob_dbms_sched_job_executor.cpp:359) and records it with update_for_end (ob_dbms_sched_job_executor.cpp:378).	confirmed
src/observer/dbms_scheduler/ob_dbms_sched_job_executor.cpp	ObDBMSSchedJobExecutor::run_dbms_sched_job	line 367: declare tmp_ret (plan definition)	DECLARATION	let mut tmp_ret: ObResult = Ok(()); (RULEBOOK 2.1, the int ret and tmp_ret rows; s2-errors.md 2.2 rule 5), inside the else of ob_dbms_sched_job_executor.cpp:356.	sweep: tmp-ret.tsv:254 (data row 253). Written: at ob_dbms_sched_job_executor.cpp:369 by table_operator_.update_for_kill(job_info) (tmp-ret.tsv:255) or at ob_dbms_sched_job_executor.cpp:378 by table_operator_.update_for_end(job_info, ret, errmsg) (tmp-ret.tsv:256), one of the two. Read: by the merge at ob_dbms_sched_job_executor.cpp:382 (tmp-ret.tsv:257) only.	confirmed
src/observer/dbms_scheduler/ob_dbms_sched_job_executor.cpp	ObDBMSSchedJobExecutor::run_dbms_sched_job	line 369: OB_TMP_FAIL (plan definition)	PASSED_ON	if ob_fail!(tmp_ret = self.table_operator_.update_for_kill(&mut job_info)) { } (RULEBOOK 2.1, the tmp_ret row; s2-errors.md 2.3 table), the empty branch kept (s2-errors.md 2.3); the signature from the declaration index. The merge row gives the merge's form.	sweep: tmp-ret.tsv:255 (data row 254). Created: ob_dbms_sched_job_executor.cpp:369 puts the code of ObDBMSSchedTableOperator::update_for_kill (ob_dbms_sched_table_operator.cpp:243-264) into tmp_ret, when the interrupted job was stopped by the user (ob_dbms_sched_job_executor.cpp:359-368). Tested: never against a named code; the branch is empty. Reaches: ret = OB_SUCCESS == ret ? tmp_ret : ret at ob_dbms_sched_job_executor.cpp:382 (tmp-ret.tsv:257), after the wakeup of ob_dbms_sched_job_executor.cpp:371, with no assignment of tmp_ret in between; run_dbms_sched_job returns ret at ob_dbms_sched_job_executor.cpp:385.	confirmed
src/observer/dbms_scheduler/ob_dbms_sched_job_executor.cpp	ObDBMSSchedJobExecutor::run_dbms_sched_job	line 378: OB_TMP_FAIL (plan definition)	PASSED_ON	if ob_fail!(tmp_ret = self.table_operator_.update_for_end(&mut job_info, ret, errmsg)) { } (RULEBOOK 2.1, the tmp_ret row; s2-errors.md 2.3 table), the empty branch kept (s2-errors.md 2.3); update_for_end takes the code ret as its int err argument, with the parameter type the declaration index gives (s2-errors.md 2.2 rule 5). The merge row gives the merge's form.	sweep: tmp-ret.tsv:256 (data row 255). Created: ob_dbms_sched_job_executor.cpp:378 puts the code of ObDBMSSchedTableOperator::update_for_end (ob_dbms_sched_table_operator.cpp:202-241), which writes the job's end state in its own transaction, into tmp_ret, when the job was not stopped by the user (ob_dbms_sched_job_executor.cpp:372-381). Tested: never against a named code; the branch is empty. Reaches: ret = OB_SUCCESS == ret ? tmp_ret : ret at ob_dbms_sched_job_executor.cpp:382 (tmp-ret.tsv:257), after the wakeup of ob_dbms_sched_job_executor.cpp:380, with no assignment of tmp_ret in between; run_dbms_sched_job returns ret at ob_dbms_sched_job_executor.cpp:385.	confirmed
src/observer/dbms_scheduler/ob_dbms_sched_job_executor.cpp	ObDBMSSchedJobExecutor::run_dbms_sched_job	line 382: merge into ret	MERGE_AND	ret = ret.and(tmp_ret); (RULEBOOK 2.1, the COVER_SUCC row: a merge meaning a unless a is success, then b is a.and(b); s2-errors.md 2.3 table, 2.4 rule 4). The function keeps the local-ret form (s2-errors.md 2.3).	sweep: tmp-ret.tsv:257 (data row 256). Shape: the condition OB_SUCCESS == ret tests only ret, the value is tmp_ret when ret succeeded and ret otherwise, and tmp_ret is a variable: a = ret, b = tmp_ret. b: the code of update_for_kill (ob_dbms_sched_job_executor.cpp:369, tmp-ret.tsv:255) or of update_for_end (ob_dbms_sched_job_executor.cpp:378, tmp-ret.tsv:256), whichever branch ran, OB_SUCCESS included, since the merge stands after both branches. a: ret holds the code of the job run from ob_dbms_sched_job_executor.cpp:357, which the merge keeps when it is an error; otherwise ret takes the table update's code. run_dbms_sched_job returns ret at ob_dbms_sched_job_executor.cpp:385.	confirmed
src/observer/dbms_scheduler/ob_dbms_sched_job_master.cpp	ObDBMSSchedJobMaster::schedule_due_jobs	line 171: declare tmp_ret (plan definition)	DECLARATION	let mut tmp_ret: ObResult = Ok(()); (RULEBOOK 2.1, the int ret and tmp_ret rows; s2-errors.md 2.2 rule 5).	sweep: tmp-ret.tsv:258 (data row 257). Written: at ob_dbms_sched_job_master.cpp:186 by wait_vector_.remove(wait_vector_.begin()) (tmp-ret.tsv:259) and at ob_dbms_sched_job_master.cpp:187 by scheduler_job(job_key) (tmp-ret.tsv:260), in the loop of ob_dbms_sched_job_master.cpp:172. Read: never; both failing branches are empty, and schedule_due_jobs returns ret at ob_dbms_sched_job_master.cpp:190, which only the invalid-key check of ob_dbms_sched_job_master.cpp:174-175 sets.	confirmed
src/observer/dbms_scheduler/ob_dbms_sched_job_master.cpp	ObDBMSSchedJobMaster::schedule_due_jobs	line 186: assign tmp_ret	IGNORED	if ob_fail!(tmp_ret = self.wait_vector_.remove(<the first position>)) { } else if .. (RULEBOOK 2.1, the tmp_ret row; s2-errors.md 2.3 table), the empty branch kept (s2-errors.md 2.3); the call's form from the declaration index for the port of ObSortedVector. The code dies in tmp_ret.	sweep: tmp-ret.tsv:259 (data row 258). Created: ob_dbms_sched_job_master.cpp:186 puts the code of ObSortedVector::remove (src/oblib/lib/container/ob_vector.h:227), which forwards to ObVector::remove and answers OB_ARRAY_OUT_OF_RANGE for a position outside the vector (ob_vector.ipp:243-254), into tmp_ret; wait_vector_ is an ObSortedVector<ObDBMSSchedJobKey *> (ob_dbms_sched_job_master.h:150), and the position is begin() of a vector the loop condition of ob_dbms_sched_job_master.cpp:172 keeps non-empty, so the failing branch does not run in practice. Tested: never against a named code. The failing branch is empty and skips scheduler_job; the loop goes round with the same first key, with no wait, sleep, jump or flag in the branch, so the row is not RETRY (tmp-ret.md 6.7). The next round overwrites tmp_ret, and the code never reaches ret, which schedule_due_jobs returns at ob_dbms_sched_job_master.cpp:190.	confirmed
src/observer/dbms_scheduler/ob_dbms_sched_job_master.cpp	ObDBMSSchedJobMaster::schedule_due_jobs	line 187: assign tmp_ret	IGNORED	} else if ob_fail!(tmp_ret = self.scheduler_job(job_key)) { } (RULEBOOK 2.1, the tmp_ret row; s2-errors.md 2.3 table), the empty branch kept (s2-errors.md 2.3). The code dies in tmp_ret.	sweep: tmp-ret.tsv:260 (data row 259). Created: ob_dbms_sched_job_master.cpp:187 puts the code of scheduler_job(job_key) (ob_dbms_sched_job_master.cpp:217), which checks the key with CK and reads the job with OZ (ob_dbms_sched_job_master.cpp:225-232), into tmp_ret, after the key left the wait vector (ob_dbms_sched_job_master.cpp:186). Tested: never against a named code. The failing branch is empty; the loop of ob_dbms_sched_job_master.cpp:172 goes on to the next key, the next round overwrites tmp_ret, and the code never reaches ret, which schedule_due_jobs returns at ob_dbms_sched_job_master.cpp:190.	confirmed
src/observer/dbms_scheduler/ob_dbms_sched_table_operator.cpp	ObDBMSSchedTableOperator::update_for_rollback	line 177: declare tmp_ret (plan definition)	DECLARATION	let mut tmp_ret: ObResult = Ok(()); (RULEBOOK 2.1, the int ret and tmp_ret rows; s2-errors.md 2.2 rule 5), inside the if (trans.is_started()) block of ob_dbms_sched_table_operator.cpp:176.	sweep: tmp-ret.tsv:261 (data row 260). Written: only at ob_dbms_sched_table_operator.cpp:178, by trans.end(OB_SUCC(ret)) (tmp-ret.tsv:262). Read: by KR(tmp_ret) in the log of ob_dbms_sched_table_operator.cpp:179 and by the merge at ob_dbms_sched_table_operator.cpp:180 (tmp-ret.tsv:263); never tested against a named code or stored.	confirmed
src/observer/dbms_scheduler/ob_dbms_sched_table_operator.cpp	ObDBMSSchedTableOperator::update_for_rollback	line 178: assign tmp_ret	PASSED_ON	if ob_fail!(tmp_ret = trans.end(ret.is_ok())) { log_error!(ret, .., KR(ret), KR(tmp_ret)); <the merge of ob_dbms_sched_table_operator.cpp:180> } (RULEBOOK 2.1, the tmp_ret row and the OB_SUCC(ret) row; s2-errors.md 2.3 table); the LOG_ERROR line takes the ret in scope (s2-errors.md 2.5 rule 1). The merge row gives the merge's form.	sweep: tmp-ret.tsv:262 (data row 261). Created: ob_dbms_sched_table_operator.cpp:178 puts the code of ObMySQLTransaction::end (ob_mysql_transaction.cpp:173-193), commit or rollback as ret decides, into tmp_ret; trans is the ObMySQLTransaction of ob_dbms_sched_table_operator.cpp:166, and the block runs only when it started (ob_dbms_sched_table_operator.cpp:176). Tested: never against a named code. Reaches: ret = OB_SUCC(ret) ? tmp_ret : ret at ob_dbms_sched_table_operator.cpp:180 (tmp-ret.tsv:263), after only the log, with no assignment in between; update_for_rollback returns ret at ob_dbms_sched_table_operator.cpp:184.	confirmed
src/observer/dbms_scheduler/ob_dbms_sched_table_operator.cpp	ObDBMSSchedTableOperator::update_for_rollback	line 180: merge into ret	MERGE_AND	ret = ret.and(tmp_ret); (RULEBOOK 2.1, the COVER_SUCC row: a merge meaning a unless a is success, then b is a.and(b); s2-errors.md 2.3 table, 2.4 rule 4). The function keeps the local-ret form (s2-errors.md 2.3).	sweep: tmp-ret.tsv:263 (data row 262). Shape: the condition OB_SUCC(ret) tests only ret, the value is tmp_ret when ret succeeded and ret otherwise, and tmp_ret is a variable: a = ret, b = tmp_ret. b: the code of trans.end from ob_dbms_sched_table_operator.cpp:178 (tmp-ret.tsv:262), an error in this branch. a: ret holds OB_SUCCESS after the write of ob_dbms_sched_table_operator.cpp:175, or the first error of the check macros and calls at ob_dbms_sched_table_operator.cpp:170-175, which the merge keeps, dropping the rollback's code. update_for_rollback returns ret at ob_dbms_sched_table_operator.cpp:184.	confirmed
src/observer/dbms_scheduler/ob_dbms_sched_table_operator.cpp	ObDBMSSchedTableOperator::update_for_end	line 234: declare tmp_ret (plan definition)	DECLARATION	let mut tmp_ret: ObResult = Ok(()); (RULEBOOK 2.1, the int ret and tmp_ret rows; s2-errors.md 2.2 rule 5), inside the if (trans.is_started()) block of ob_dbms_sched_table_operator.cpp:233.	sweep: tmp-ret.tsv:264 (data row 263). Written: only at ob_dbms_sched_table_operator.cpp:235, by trans.end(OB_SUCC(ret)) (tmp-ret.tsv:265). Read: by KR(tmp_ret) in the log of ob_dbms_sched_table_operator.cpp:236 and by the merge at ob_dbms_sched_table_operator.cpp:237 (tmp-ret.tsv:266); never tested against a named code or stored.	confirmed
src/observer/dbms_scheduler/ob_dbms_sched_table_operator.cpp	ObDBMSSchedTableOperator::update_for_end	line 235: assign tmp_ret	PASSED_ON	if ob_fail!(tmp_ret = trans.end(ret.is_ok())) { log_error!(ret, .., KR(ret), KR(tmp_ret)); <the merge of ob_dbms_sched_table_operator.cpp:237> } (RULEBOOK 2.1, the tmp_ret row and the OB_SUCC(ret) row; s2-errors.md 2.3 table); the LOG_ERROR line takes the ret in scope (s2-errors.md 2.5 rule 1). The merge row gives the merge's form.	sweep: tmp-ret.tsv:265 (data row 264). Created: ob_dbms_sched_table_operator.cpp:235 puts the code of ObMySQLTransaction::end (ob_mysql_transaction.cpp:173-193), commit or rollback as ret decides, into tmp_ret; trans is the ObMySQLTransaction of ob_dbms_sched_table_operator.cpp:205, and the block runs only when it started (ob_dbms_sched_table_operator.cpp:233). Tested: never against a named code. Reaches: ret = OB_SUCC(ret) ? tmp_ret : ret at ob_dbms_sched_table_operator.cpp:237 (tmp-ret.tsv:266), after only the log, with no assignment in between; update_for_end returns ret at ob_dbms_sched_table_operator.cpp:240.	confirmed
src/observer/dbms_scheduler/ob_dbms_sched_table_operator.cpp	ObDBMSSchedTableOperator::update_for_end	line 237: merge into ret	MERGE_AND	ret = ret.and(tmp_ret); (RULEBOOK 2.1, the COVER_SUCC row: a merge meaning a unless a is success, then b is a.and(b); s2-errors.md 2.3 table, 2.4 rule 4). The function keeps the local-ret form (s2-errors.md 2.3).	sweep: tmp-ret.tsv:266 (data row 265). Shape: the condition OB_SUCC(ret) tests only ret, the value is tmp_ret when ret succeeded and ret otherwise, and tmp_ret is a variable: a = ret, b = tmp_ret. b: the code of trans.end from ob_dbms_sched_table_operator.cpp:235 (tmp-ret.tsv:265), an error in this branch. a: ret holds OB_SUCCESS after the write of ob_dbms_sched_table_operator.cpp:232, or the first error of the check macros and calls at ob_dbms_sched_table_operator.cpp:211-232, which the merge keeps, dropping the rollback's code. update_for_end returns ret at ob_dbms_sched_table_operator.cpp:240.	confirmed
src/observer/dbms_scheduler/ob_dbms_sched_table_operator.cpp	ObDBMSSchedTableOperator::update_for_kill	line 257: declare tmp_ret (plan definition)	DECLARATION	let mut tmp_ret: ObResult = Ok(()); (RULEBOOK 2.1, the int ret and tmp_ret rows; s2-errors.md 2.2 rule 5), inside the if (trans.is_started()) block of ob_dbms_sched_table_operator.cpp:256.	sweep: tmp-ret.tsv:267 (data row 266). Written: only at ob_dbms_sched_table_operator.cpp:258, by trans.end(OB_SUCC(ret)) (tmp-ret.tsv:268). Read: by KR(tmp_ret) in the log of ob_dbms_sched_table_operator.cpp:259 and by the merge at ob_dbms_sched_table_operator.cpp:260 (tmp-ret.tsv:269); never tested against a named code or stored.	confirmed
src/observer/dbms_scheduler/ob_dbms_sched_table_operator.cpp	ObDBMSSchedTableOperator::update_for_kill	line 258: assign tmp_ret	PASSED_ON	if ob_fail!(tmp_ret = trans.end(ret.is_ok())) { log_error!(ret, .., KR(ret), KR(tmp_ret)); <the merge of ob_dbms_sched_table_operator.cpp:260> } (RULEBOOK 2.1, the tmp_ret row and the OB_SUCC(ret) row; s2-errors.md 2.3 table); the LOG_ERROR line takes the ret in scope (s2-errors.md 2.5 rule 1). The merge row gives the merge's form.	sweep: tmp-ret.tsv:268 (data row 267). Created: ob_dbms_sched_table_operator.cpp:258 puts the code of ObMySQLTransaction::end (ob_mysql_transaction.cpp:173-193), commit or rollback as ret decides, into tmp_ret; trans is the ObMySQLTransaction of ob_dbms_sched_table_operator.cpp:246, and the block runs only when it started (ob_dbms_sched_table_operator.cpp:256). Tested: never against a named code. Reaches: ret = OB_SUCC(ret) ? tmp_ret : ret at ob_dbms_sched_table_operator.cpp:260 (tmp-ret.tsv:269), after only the log, with no assignment in between; update_for_kill returns ret at ob_dbms_sched_table_operator.cpp:263.	confirmed
src/observer/dbms_scheduler/ob_dbms_sched_table_operator.cpp	ObDBMSSchedTableOperator::update_for_kill	line 260: merge into ret	MERGE_AND	ret = ret.and(tmp_ret); (RULEBOOK 2.1, the COVER_SUCC row: a merge meaning a unless a is success, then b is a.and(b); s2-errors.md 2.3 table, 2.4 rule 4). The function keeps the local-ret form (s2-errors.md 2.3).	sweep: tmp-ret.tsv:269 (data row 268). Shape: the condition OB_SUCC(ret) tests only ret, the value is tmp_ret when ret succeeded and ret otherwise, and tmp_ret is a variable: a = ret, b = tmp_ret. b: the code of trans.end from ob_dbms_sched_table_operator.cpp:258 (tmp-ret.tsv:268), an error in this branch. a: ret holds OB_SUCCESS after the write of ob_dbms_sched_table_operator.cpp:255, or the first error of the check macros and calls at ob_dbms_sched_table_operator.cpp:251-255, which the merge keeps, dropping the rollback's code. update_for_kill returns ret at ob_dbms_sched_table_operator.cpp:263.	confirmed
src/observer/dbms_scheduler/ob_dbms_sched_table_operator.cpp	ObDBMSSchedTableOperator::get_dbms_sched_job_info	line 459: declare tmp_ret	END_OF_DATA	let tmp_ret: ObResult = result.get_result().next(); (let without mut: nothing assigns it again; RULEBOOK 2.1, the tmp_ret rows), then if tmp_ret.is_ok() { ret = Err(OB_ERR_UNEXPECTED); log_error!(ret, .., K(ret), K(job_id)); } else if !matches!(tmp_ret, Err(OB_ITER_END)) { <the merge of ob_dbms_sched_table_operator.cpp:464>; log_error!(ret, .., K(ret), K(job_id)); } (RULEBOOK 2.1, the matches! row; s2-errors.md 2.3 table); OB_ITER_END stays Err(OB_ITER_END), tested at the C++ place, and the result iterator keeps it at its boundary (s2-errors.md 2.4 rules 1 and 2; ARCHITECTURE.md section 17, default 6). ret-compare.tsv:524 holds the test of ob_dbms_sched_table_operator.cpp:463.	sweep: tmp-ret.tsv:270 (data row 269). Producer: result.get_result()->next() at ob_dbms_sched_table_operator.cpp:459, the call after the first row was read (ob_dbms_sched_table_operator.cpp:453) and extracted (ob_dbms_sched_table_operator.cpp:454); ObMySQLResult::next is pure virtual (ob_mysql_result.h:1560), and ObInnerSQLResult::next, its one implementation in src (grep -rnE 'public +([a-z:]*::)?ObMySQLResult\b' src prints only src/observer/ob_inner_sql_result.h:42, and grep -rnE 'public +([a-z:]*::)?ObInnerSQLResult\b' src prints nothing), answers OB_ITER_END after the last row (ob_inner_sql_result.cpp:207-208) or another code. Tests: OB_SUCCESS == tmp_ret at ob_dbms_sched_table_operator.cpp:460, a second row, sets ret = OB_ERR_UNEXPECTED (ob_dbms_sched_table_operator.cpp:461); tmp_ret != OB_ITER_END at ob_dbms_sched_table_operator.cpp:463 (ret-compare.tsv:524) passes any other code into ret (ob_dbms_sched_table_operator.cpp:464, tmp-ret.tsv:271); OB_ITER_END, the expected single row, leaves ret at OB_SUCCESS. tmp-ret.md section 13 reads this site the same way. get_dbms_sched_job_info returns ret at ob_dbms_sched_table_operator.cpp:474.	confirmed
src/observer/dbms_scheduler/ob_dbms_sched_table_operator.cpp	ObDBMSSchedTableOperator::get_dbms_sched_job_info	line 464: merge into ret	MERGE_AS_WRITTEN	} else if !matches!(tmp_ret, Err(OB_ITER_END)) { ret = tmp_ret; log_error!(ret, .., K(ret), K(job_id)); } (RULEBOOK 2.1: any other merge as the C++ writes it; s2-errors.md 2.4 rule 4), under the if ret.is_ok() of ob_dbms_sched_table_operator.cpp:458. The function keeps the local-ret form (s2-errors.md 2.3).	sweep: tmp-ret.tsv:271 (data row 270). Guard: the else-if tmp_ret != OB_ITER_END of ob_dbms_sched_table_operator.cpp:463 (ret-compare.tsv:524), inside if (OB_SUCC(ret)) at ob_dbms_sched_table_operator.cpp:458, so ret is OB_SUCCESS at the merge and no error is overwritten; not AND-shaped: a plain ret = X under a guard (tmp-ret.md 6.5). X: tmp_ret, the code of the second next() from ob_dbms_sched_table_operator.cpp:459 (tmp-ret.tsv:270), neither OB_SUCCESS (ob_dbms_sched_table_operator.cpp:460) nor OB_ITER_END here. get_dbms_sched_job_info returns ret at ob_dbms_sched_table_operator.cpp:474.	confirmed
src/observer/dbms_scheduler/ob_dbms_sched_table_operator.cpp	ObDBMSSchedTableOperator::get_dbms_sched_job_class_info	line 557: declare tmp_ret	END_OF_DATA	let tmp_ret: ObResult = result.get_result().next(); (let without mut: nothing assigns it again; RULEBOOK 2.1, the tmp_ret rows), then if tmp_ret.is_ok() { ret = Err(OB_ERR_UNEXPECTED); log_error!(ret, .., K(ret), K(job_class_name)); } else if !matches!(tmp_ret, Err(OB_ITER_END)) { <the merge of ob_dbms_sched_table_operator.cpp:562>; log_error!(ret, .., K(ret), K(job_class_name)); } (RULEBOOK 2.1, the matches! row; s2-errors.md 2.3 table); OB_ITER_END stays Err(OB_ITER_END), tested at the C++ place, and the result iterator keeps it at its boundary (s2-errors.md 2.4 rules 1 and 2; ARCHITECTURE.md section 17, default 6). ret-compare.tsv:528 holds the test of ob_dbms_sched_table_operator.cpp:561.	sweep: tmp-ret.tsv:272 (data row 271). Producer: result.get_result()->next() at ob_dbms_sched_table_operator.cpp:557, the call after the first row was read (ob_dbms_sched_table_operator.cpp:554) and extracted (ob_dbms_sched_table_operator.cpp:555); ObMySQLResult::next is pure virtual (ob_mysql_result.h:1560), and ObInnerSQLResult::next, its one implementation in src (grep -rnE 'public +([a-z:]*::)?ObMySQLResult\b' src prints only src/observer/ob_inner_sql_result.h:42, and grep -rnE 'public +([a-z:]*::)?ObInnerSQLResult\b' src prints nothing), answers OB_ITER_END after the last row (ob_inner_sql_result.cpp:207-208) or another code. Tests: OB_SUCCESS == tmp_ret at ob_dbms_sched_table_operator.cpp:558, a second row, sets ret = OB_ERR_UNEXPECTED (ob_dbms_sched_table_operator.cpp:559); tmp_ret != OB_ITER_END at ob_dbms_sched_table_operator.cpp:561 (ret-compare.tsv:528) passes any other code into ret (ob_dbms_sched_table_operator.cpp:562, tmp-ret.tsv:273); OB_ITER_END, the expected single row, leaves ret at OB_SUCCESS. get_dbms_sched_job_class_info returns ret at ob_dbms_sched_table_operator.cpp:574.	confirmed
src/observer/dbms_scheduler/ob_dbms_sched_table_operator.cpp	ObDBMSSchedTableOperator::get_dbms_sched_job_class_info	line 562: merge into ret	MERGE_AS_WRITTEN	} else if !matches!(tmp_ret, Err(OB_ITER_END)) { ret = tmp_ret; log_error!(ret, .., K(ret), K(job_class_name)); } (RULEBOOK 2.1: any other merge as the C++ writes it; s2-errors.md 2.4 rule 4), under the if ret.is_ok() of ob_dbms_sched_table_operator.cpp:556. The function keeps the local-ret form (s2-errors.md 2.3).	sweep: tmp-ret.tsv:273 (data row 272). Guard: the else-if tmp_ret != OB_ITER_END of ob_dbms_sched_table_operator.cpp:561 (ret-compare.tsv:528), inside if (OB_SUCC(ret)) at ob_dbms_sched_table_operator.cpp:556, so ret is OB_SUCCESS at the merge and no error is overwritten; not AND-shaped: a plain ret = X under a guard (tmp-ret.md 6.5). X: tmp_ret, the code of the second next() from ob_dbms_sched_table_operator.cpp:557 (tmp-ret.tsv:272), neither OB_SUCCESS (ob_dbms_sched_table_operator.cpp:558) nor OB_ITER_END here. get_dbms_sched_job_class_info returns ret at ob_dbms_sched_table_operator.cpp:574.	confirmed
src/observer/mysql/obmp_base.cpp	ObMPBase::cancel_unsubmitted_callback	line 180: declare register_ret (continue-and-record variable)	PASSED_ON	let register_ret: ObResult = Err(OB_STATE_NOT_MATCH); (let without mut: the C++ const int; RULEBOOK 2.1, the int ret and tmp_ret rows; tmp-ret.md section 4, a declaration with a code), then the LOG_ERROR of obmp_base.cpp:181-182 as log_error!(ret, .., K(register_ret), K(ret)) with the ret in scope (s2-errors.md 2.5 rule 1). The merge row gives the merge's form.	sweep: tmp-ret.tsv:274 (data row 273). Created: obmp_base.cpp:180 declares register_ret with the constant OB_STATE_NOT_MATCH, when a callback needs cleanup and another end-trans callback is already registered (obmp_base.cpp:178-179). Tested: never against a named code. Reaches: ret = OB_SUCCESS == ret ? register_ret : ret at obmp_base.cpp:183 (tmp-ret.tsv:275), after only the log, with no assignment in between. At that merge ret always holds an error: cancel_unsubmitted sets needs_cleanup only in the branch where it sets ret = OB_STATE_NOT_MATCH (src/observer/mysql/ob_mysql_end_trans_cb.cpp:128-130), so the merge keeps ret, and the row still counts as PASSED_ON (tmp-ret.md 6.14). cancel_unsubmitted_callback returns ret at obmp_base.cpp:191.	confirmed
src/observer/mysql/obmp_base.cpp	ObMPBase::cancel_unsubmitted_callback	line 183: merge register_ret into ret (continue-and-record through another variable)	MERGE_AND	ret = ret.and(register_ret); (RULEBOOK 2.1, the COVER_SUCC row: a merge meaning a unless a is success, then b is a.and(b); s2-errors.md 2.3 table, 2.4 rule 4). The function keeps the local-ret form (s2-errors.md 2.3).	sweep: tmp-ret.tsv:275 (data row 274). Shape: the condition OB_SUCCESS == ret tests only ret, the value is register_ret when ret succeeded and ret otherwise, and register_ret is a variable: a = ret, b = register_ret. b: the constant OB_STATE_NOT_MATCH of obmp_base.cpp:180 (tmp-ret.tsv:274). a: ret holds the code of end_trans_cb.cancel_unsubmitted(needs_cleanup) from obmp_base.cpp:177; the merge runs only when needs_cleanup is true (obmp_base.cpp:178), which cancel_unsubmitted sets only together with ret = OB_STATE_NOT_MATCH (src/observer/mysql/ob_mysql_end_trans_cb.cpp:128-130), so the merge always keeps ret, the same code. force_disconnect runs next (obmp_base.cpp:189), and cancel_unsubmitted_callback returns ret at obmp_base.cpp:191.	confirmed
src/observer/mysql/obmp_base.cpp	ObMPBase::init_process_var	line 323: declare tmp_ret	IGNORED	let tmp_ret: ObResult = <GDS, the DEBUG_SYNC registry as RULEBOOK 2.8 reaches it>.set_thread_local_actions(session.get_debug_sync_actions()); (let without mut: nothing assigns it again; RULEBOOK 2.1, the tmp_ret rows), then if tmp_ret.is_err() { } (s2-errors.md 2.3 table; OB_UNLIKELY goes, RULEBOOK 2.3), the empty branch kept (s2-errors.md 2.3). The code dies in tmp_ret.	sweep: tmp-ret.tsv:276 (data row 275). Created: obmp_base.cpp:323 puts the code of ObDebugSync::set_thread_local_actions (src/share/ob_debug_sync.cpp:923-932), OB_SUCCESS or the code of copying the session's actions to the thread (src/share/ob_debug_sync.cpp:928), into tmp_ret, only when debug_sync_timeout is positive (obmp_base.cpp:322). Tested: only against OB_SUCCESS, with an empty branch (obmp_base.cpp:324-325); the comment of obmp_base.cpp:321 says the error is ignored. tmp_ret leaves scope at obmp_base.cpp:326; init_process_var returns ret at obmp_base.cpp:335, which only the connection check of obmp_base.cpp:317-318 sets.	confirmed
src/observer/mysql/obmp_connect.cpp	ObMPConnect::init_process_single_stmt	line 166: declare tmp_ret (plan definition)	DECLARATION	let mut tmp_ret: ObResult = Ok(()); (RULEBOOK 2.1, the int ret and tmp_ret rows; s2-errors.md 2.2 rule 5), in the else of obmp_connect.cpp:141.	sweep: tmp-ret.tsv:277 (data row 276). Written: only at obmp_connect.cpp:167, by do_after_process(session, false, ret) (tmp-ret.tsv:278). Read: never; UNUSED(tmp_ret) at obmp_connect.cpp:168 casts it to void (UNUSED is ((void)(v)), ob_macro_utils.h:603), and the variable leaves scope at obmp_connect.cpp:169.	confirmed
src/observer/mysql/obmp_connect.cpp	ObMPConnect::init_process_single_stmt	line 167: assign tmp_ret	IGNORED	tmp_ret = self.do_after_process(session, false, ret); (RULEBOOK 2.1, the tmp_ret rows), then UNUSED(tmp_ret) as let _ = tmp_ret; (RULEBOOK 2.1, the row on a code the C++ ignores). The code dies in tmp_ret.	sweep: tmp-ret.tsv:278 (data row 277). Created: obmp_connect.cpp:167 puts the code of ObMPBase::do_after_process (obmp_base.cpp:339-373), which answers only OB_SUCCESS (obmp_base.cpp:343, :372), into tmp_ret; the comments of obmp_connect.cpp:165 and obmp_base.cpp:337-338 say its code is ignored on purpose. Tested: never. Nothing reads it: UNUSED(tmp_ret) at obmp_connect.cpp:168 discards it, and init_process_single_stmt returns ret at obmp_connect.cpp:170.	confirmed
src/observer/mysql/obmp_connect.cpp	ObMPConnect::process	line 261: declare tmp_ret (plan definition)	DECLARATION	let tmp_ret: ObResult = Ok(()); (let without mut: nothing assigns it; RULEBOOK 2.1, the int ret and tmp_ret rows; s2-errors.md 2.2 rule 5), in the if (OB_SUCC(proc_ret)) block of obmp_connect.cpp:254. The declaration stays although nothing reads it (RULEBOOK section 0 does not let a translation remove it).	sweep: tmp-ret.tsv:279 (data row 278). Written: never after the declaration; read: never. No line of the block of obmp_connect.cpp:254-266 after obmp_connect.cpp:261 names tmp_ret, and no other line of ObMPConnect::process (obmp_connect.cpp:196-306) does.	confirmed
src/observer/mysql/obmp_connect.cpp	ObMPConnect::load_privilege_info	line 440: declare release_ret (continue-and-record variable)	PASSED_ON	let release_ret: ObResult = self.packet_sender_.release_packet(asr_pkt); (let without mut: the C++ const int; RULEBOOK 2.1, the tmp_ret rows; the signature from the declaration index), then if release_ret.is_err() { log_warn!(ret, .., K(release_ret)); <the merge of obmp_connect.cpp:443-445> } (s2-errors.md 2.3 table); the LOG_WARN line takes the ret in scope (s2-errors.md 2.5 rule 1). The merge row gives the merge's form.	sweep: tmp-ret.tsv:280 (data row 279). Created: obmp_connect.cpp:440 declares release_ret with the code of ObMPPacketSender::release_packet (obmp_packet_sender.cpp:453-471), OB_STATE_NOT_MATCH, OB_NOT_INIT or the code of SQL_REQ_OP.release_read_packet, OB_INVALID_ARGUMENT or OB_STATE_NOT_MATCH (ob_sql_request_operator.cpp:167-180), after the auth switch response packet was read (obmp_connect.cpp:407-419). Tested: only against OB_SUCCESS (obmp_connect.cpp:441). Reaches: ret = release_ret at obmp_connect.cpp:444 (tmp-ret.tsv:281), under if (OB_SUCC(ret)) at obmp_connect.cpp:443, after only the log of obmp_connect.cpp:442, with no assignment in between; load_privilege_info returns ret at obmp_connect.cpp:537.	confirmed
src/observer/mysql/obmp_connect.cpp	ObMPConnect::load_privilege_info	line 444: merge release_ret into ret through if (OB_SUCC(ret)) (continue-and-record through another variable)	MERGE_AS_WRITTEN	if ret.is_ok() { ret = release_ret; } (RULEBOOK 2.1: any other merge as the C++ writes it; s2-errors.md 2.4 rule 4; tmp-ret.md section 9, Q2), inside the if release_ret.is_err() of obmp_connect.cpp:441. The function keeps the local-ret form (s2-errors.md 2.3).	sweep: tmp-ret.tsv:281 (data row 280). Guard: if (OB_SUCC(ret)) at obmp_connect.cpp:443, inside the failing branch of obmp_connect.cpp:441, so the merge runs only when ret is OB_SUCCESS and never overwrites an error. ret can already hold an error there: OB_PASSWORD_WRONG for a response of the wrong length (obmp_connect.cpp:428-429) or the code of the failed allocation branch of obmp_connect.cpp:431-432; the guard keeps it. X: release_ret, declared at obmp_connect.cpp:440 with the code of release_packet (tmp-ret.tsv:280), an error in this branch. load_privilege_info returns ret at obmp_connect.cpp:537.	confirmed
src/observer/mysql/obmp_connect.cpp	ObMPConnect::load_privilege_info	line 460: declare tmp_ret (plan definition)	DECLARATION	let mut tmp_ret: ObResult = Ok(()); (RULEBOOK 2.1, the int ret and tmp_ret rows; s2-errors.md 2.2 rule 5), in the failing branch of the check_user_access of obmp_connect.cpp:457-459.	sweep: tmp-ret.tsv:282 (data row 281). Written: at obmp_connect.cpp:464, :465, :468 and :469, by the schema service calls of the refresh chain (tmp-ret.tsv:283, :284, :285, :286). Read: never; every failing branch of the chain is empty, no log names it, and the variable leaves scope at obmp_connect.cpp:478.	confirmed
src/observer/mysql/obmp_connect.cpp	ObMPConnect::load_privilege_info	line 464: assign tmp_ret	IGNORED	if ob_fail!(tmp_ret = schema_service.get_runtime_refreshed_schema_version(&mut local_version)) { } else if .. (RULEBOOK 2.1, the tmp_ret row; s2-errors.md 2.3 table), the empty branch kept (s2-errors.md 2.3), schema_service being the gctx_.schema_service_ of obmp_connect.cpp:461. The code dies in tmp_ret.	sweep: tmp-ret.tsv:283 (data row 282). Created: obmp_connect.cpp:464 puts the code of get_runtime_refreshed_schema_version on the schema service gctx_.schema_service_ (obmp_connect.cpp:461) into tmp_ret, in the branch where check_user_access failed (obmp_connect.cpp:457-459). Tested: never against a named code. The failing branch is empty and ends the refresh chain: the schema is not refreshed and the access check is not repeated, so ret keeps the check_user_access error, which load_privilege_info returns at obmp_connect.cpp:537; tmp_ret is not read again before it leaves scope at obmp_connect.cpp:478.	confirmed
src/observer/mysql/obmp_connect.cpp	ObMPConnect::load_privilege_info	line 465: assign tmp_ret	IGNORED	} else if ob_fail!(tmp_ret = schema_service.get_published_schema_version(&mut global_version)) { } (RULEBOOK 2.1, the tmp_ret row; s2-errors.md 2.3 table), the empty branch kept (s2-errors.md 2.3). The code dies in tmp_ret.	sweep: tmp-ret.tsv:284 (data row 283). Created: obmp_connect.cpp:465 puts the code of get_published_schema_version into tmp_ret, after the local version was read (obmp_connect.cpp:464). Tested: never against a named code. The failing branch is empty and ends the refresh chain, so ret keeps the check_user_access error of obmp_connect.cpp:457-459; tmp_ret is not read again before it leaves scope at obmp_connect.cpp:478.	confirmed
src/observer/mysql/obmp_connect.cpp	ObMPConnect::load_privilege_info	line 468: assign tmp_ret	IGNORED	if ob_fail!(tmp_ret = self.gctx_.schema_service_.async_refresh_schema(global_version)) { } else if .. (RULEBOOK 2.1, the tmp_ret row; s2-errors.md 2.3 table), the empty branch kept (s2-errors.md 2.3). The code dies in tmp_ret.	sweep: tmp-ret.tsv:285 (data row 284). Created: obmp_connect.cpp:468 puts the code of async_refresh_schema(global_version) into tmp_ret, when the local schema version is behind the published one (obmp_connect.cpp:466). Tested: never against a named code. The failing branch is empty and skips the new schema guard and the second access check (obmp_connect.cpp:469-473), so ret keeps the check_user_access error; tmp_ret is not read again before it leaves scope at obmp_connect.cpp:478.	confirmed
src/observer/mysql/obmp_connect.cpp	ObMPConnect::load_privilege_info	line 469: assign tmp_ret	IGNORED	} else if ob_fail!(tmp_ret = self.gctx_.schema_service_.get_runtime_schema_guard(&mut schema_guard)) { } else if ob_fail!(ret = schema_guard.check_user_access(..)) { } (RULEBOOK 2.1, the tmp_ret row and the OB_FAIL(x) row; s2-errors.md 2.3 table), the empty branches kept (s2-errors.md 2.3). The code dies in tmp_ret.	sweep: tmp-ret.tsv:286 (data row 285). Created: obmp_connect.cpp:469 puts the code of get_runtime_schema_guard into tmp_ret, after the refresh was started (obmp_connect.cpp:468). Tested: never against a named code. The failing branch is empty and skips the second check_user_access of obmp_connect.cpp:471-472, so ret keeps the first check's error; on success that second check writes ret itself. tmp_ret is not read again before it leaves scope at obmp_connect.cpp:478.	confirmed
src/observer/mysql/obmp_connect.cpp	ObMPConnect::load_privilege_info	line 508: declare tmp_ret (plan definition)	DECLARATION	let mut tmp_ret: ObResult = Ok(()); (RULEBOOK 2.1, the int ret and tmp_ret rows; s2-errors.md 2.2 rule 5), in the failing branch of the get_database_id of obmp_connect.cpp:506-507.	sweep: tmp-ret.tsv:287 (data row 286). Written: at obmp_connect.cpp:513, :514, :518, :519 and :520, by the schema calls of the refresh chain (tmp-ret.tsv:288, :289, :290, :291, :292). Read: never; every failing branch of the chain is empty, no log names it, and the variable leaves scope at obmp_connect.cpp:526.	confirmed
src/observer/mysql/obmp_connect.cpp	ObMPConnect::load_privilege_info	line 513: assign tmp_ret	IGNORED	if ob_fail!(tmp_ret = schema_service.get_runtime_refreshed_schema_version(&mut local_version)) { } else if .. (RULEBOOK 2.1, the tmp_ret row; s2-errors.md 2.3 table), the empty branch kept (s2-errors.md 2.3), schema_service being the gctx_.schema_service_ of obmp_connect.cpp:509. The code dies in tmp_ret.	sweep: tmp-ret.tsv:288 (data row 287). Created: obmp_connect.cpp:513 puts the code of get_runtime_refreshed_schema_version on the schema service gctx_.schema_service_ (obmp_connect.cpp:509) into tmp_ret, in the branch where get_database_id failed (obmp_connect.cpp:506-507). Tested: never against a named code. The failing branch is empty and ends the refresh chain, so ret keeps the get_database_id error, which load_privilege_info returns at obmp_connect.cpp:537; tmp_ret is not read again before it leaves scope at obmp_connect.cpp:526.	confirmed
src/observer/mysql/obmp_connect.cpp	ObMPConnect::load_privilege_info	line 514: assign tmp_ret	IGNORED	} else if ob_fail!(tmp_ret = schema_service.get_published_schema_version(&mut global_version)) { } (RULEBOOK 2.1, the tmp_ret row; s2-errors.md 2.3 table), the empty branch kept (s2-errors.md 2.3). The code dies in tmp_ret.	sweep: tmp-ret.tsv:289 (data row 288). Created: obmp_connect.cpp:514 puts the code of get_published_schema_version into tmp_ret, after the local version was read (obmp_connect.cpp:513). Tested: never against a named code. The failing branch is empty and ends the refresh chain, so ret keeps the get_database_id error of obmp_connect.cpp:506-507; tmp_ret is not read again before it leaves scope at obmp_connect.cpp:526.	confirmed
src/observer/mysql/obmp_connect.cpp	ObMPConnect::load_privilege_info	line 518: assign tmp_ret	IGNORED	if ob_fail!(tmp_ret = self.gctx_.schema_service_.async_refresh_schema(global_version)) { } else if .. (RULEBOOK 2.1, the tmp_ret row; s2-errors.md 2.3 table), the empty branch kept (s2-errors.md 2.3). The code dies in tmp_ret.	sweep: tmp-ret.tsv:290 (data row 289). Created: obmp_connect.cpp:518 puts the code of async_refresh_schema(global_version) into tmp_ret, when the local schema version is behind the published one (obmp_connect.cpp:515). Tested: never against a named code. The failing branch is empty and skips the new schema guard, the second lookup and the reset of obmp_connect.cpp:519-524, so ret keeps the get_database_id error; tmp_ret is not read again before it leaves scope at obmp_connect.cpp:526.	confirmed
src/observer/mysql/obmp_connect.cpp	ObMPConnect::load_privilege_info	line 519: assign tmp_ret	IGNORED	} else if ob_fail!(tmp_ret = self.gctx_.schema_service_.get_runtime_schema_guard(&mut schema_guard)) { } (RULEBOOK 2.1, the tmp_ret row; s2-errors.md 2.3 table), the empty branch kept (s2-errors.md 2.3). The code dies in tmp_ret.	sweep: tmp-ret.tsv:291 (data row 290). Created: obmp_connect.cpp:519 puts the code of get_runtime_schema_guard into tmp_ret, after the refresh was started (obmp_connect.cpp:518). Tested: never against a named code. The failing branch is empty and skips the second lookup and the reset of obmp_connect.cpp:520-524, so ret keeps the get_database_id error; the next line of the chain overwrites tmp_ret only when this call succeeded, and tmp_ret leaves scope at obmp_connect.cpp:526.	confirmed
src/observer/mysql/obmp_connect.cpp	ObMPConnect::load_privilege_info	line 520: assign tmp_ret	IGNORED	} else if ob_fail!(tmp_ret = schema_guard.get_database_id(session.get_database_name(), &mut db_id)) { } else { ret = Ok(()); } (RULEBOOK 2.1, the tmp_ret row and the ret = OB_SUCCESS row; s2-errors.md 2.3 table), the empty branch kept (s2-errors.md 2.3); the reset of ret is its own row (reset.tsv:399). The code dies in tmp_ret.	sweep: tmp-ret.tsv:292 (data row 291). Created: obmp_connect.cpp:520 puts the code of get_database_id on the refreshed schema guard (obmp_connect.cpp:519) into tmp_ret, the second lookup of the session's database. Tested: only against OB_SUCCESS; no named code is tested, so the row is not LOOKUP_OUTCOME (tmp-ret.md 6.10 (a)). The failing branch is empty, so ret keeps the first lookup's error of obmp_connect.cpp:506-507; on success the else resets ret to OB_SUCCESS (obmp_connect.cpp:523, reset.tsv:399), a reset of ret, not of tmp_ret. tmp_ret leaves scope at obmp_connect.cpp:526; load_privilege_info returns ret at obmp_connect.cpp:537.	confirmed
src/observer/mysql/obmp_init_db.cpp	ObMPInitDB::process	line 112: declare tmp_ret	IGNORED	let tmp_ret: ObResult = self.gctx_.schema_service_.get_runtime_refreshed_schema_version(&mut local_version); (let without mut: nothing assigns it again; RULEBOOK 2.1, the tmp_ret rows), then if tmp_ret.is_err() { } (s2-errors.md 2.3 table), the empty branch kept (s2-errors.md 2.3), inside the do-while retry loop of obmp_init_db.cpp:95-139, kept as the C++ writes it (RULEBOOK section 0, Keep the control flow). The code dies in tmp_ret.	sweep: tmp-ret.tsv:293 (data row 292). Created: obmp_init_db.cpp:112 puts the code of get_runtime_refreshed_schema_version into tmp_ret, after a schema error of do_process while the local schema is behind (obmp_init_db.cpp:98-100); the call only refreshes local_version for the next round's test. Tested: only against OB_SUCCESS, with an empty branch (obmp_init_db.cpp:113-114). The loop repeats do_process, not this call, on the retry_type that obmp_init_db.cpp:101-106 set before this line whatever the code; tmp_ret leaves scope at obmp_init_db.cpp:115 and never reaches ret.	confirmed
src/observer/mysql/obmp_packet_sender.cpp	ObMPPacketSender::flush_buffer	line 1054: declare finish_ret (continue-and-record variable)	PASSED_ON	let finish_ret: ObResult = self.finish_sql_request(); (let without mut: the C++ const int; RULEBOOK 2.1, the tmp_ret rows), inside the if is_last of obmp_packet_sender.cpp:1053. The merge row gives the merge's form.	sweep: tmp-ret.tsv:294 (data row 293). Created: obmp_packet_sender.cpp:1054 declares finish_ret with the code of ObMPPacketSender::finish_sql_request (obmp_packet_sender.cpp:1074-1102), OB_ERR_UNEXPECTED for an owned request without a request object or the code of SQL_REQ_OP.finish_sql_request, OB_STATE_NOT_MATCH when the commit cannot be prepared (ob_sql_request_operator.cpp:92-106; ob_sql_sock_session.cpp:93-94). Tested: only against OB_SUCCESS, in the guard of obmp_packet_sender.cpp:1055. Reaches: ret = finish_ret at obmp_packet_sender.cpp:1056 (tmp-ret.tsv:295) when ret is OB_SUCCESS, with no assignment in between; flush_buffer returns ret at obmp_packet_sender.cpp:1059.	confirmed
src/observer/mysql/obmp_packet_sender.cpp	ObMPPacketSender::flush_buffer	line 1056: merge finish_ret into ret through if (OB_SUCC(ret)) (continue-and-record through another variable)	MERGE_AS_WRITTEN	if ret.is_ok() && finish_ret.is_err() { ret = finish_ret; } (RULEBOOK 2.1: any other merge as the C++ writes it; s2-errors.md 2.4 rule 4; tmp-ret.md section 9, Q2). The function keeps the local-ret form (s2-errors.md 2.3).	sweep: tmp-ret.tsv:295 (data row 294). Guard: if (OB_SUCCESS == ret && OB_SUCCESS != finish_ret) at obmp_packet_sender.cpp:1055, so the merge runs only when ret is OB_SUCCESS and never overwrites an error; ret can hold OB_CONNECT_ERROR, OB_ERR_UNEXPECTED, OB_INVALID_ARGUMENT or OB_IO_ERROR from obmp_packet_sender.cpp:1041-1052, which the guard keeps. X: finish_ret, declared at obmp_packet_sender.cpp:1054 with the code of finish_sql_request (tmp-ret.tsv:294), an error here. flush_buffer returns ret at obmp_packet_sender.cpp:1059.	confirmed
