file	symbol	source_construct	classification	target_translation	evidence	status
src/data_plane/api/data_plane/blocksstable/ob_storage_datum.h	ObStorageDatum::storage_to_string	line 282: BUF_PRINTF call; format "MAX_OBJ"; conversions none; 0 arguments	CLIENT_TEXT	buf_printf!(buf, pos, "MAX_OBJ") in storage_to_string's is_max() arm, the names BUF_PRINTF reads passed as buf_printf! takes them (RULEBOOK 2.3, printf row); no arguments. The text reaches the client (the user_data cell of __all_virtual_mds_node_stat, through ObDatumRowkey::to_string): cfmt only, never format! or write! (RULEBOOK 2.3, printf row; RULEBOOK 1, Number text row); storage_to_string and ObDatumRowkey::to_string stay functions of their names whose text equals the C++'s (RULEBOOK 2.3, TO_STRING_KV row; RULEBOOK section 6 item 9).	sweep: printf-calls.tsv:2 (data row 1). No arguments. Buffer: storage_to_string's parameters buf and buf_len with its local pos (src/data_plane/api/data_plane/blocksstable/ob_storage_datum.h:272-277), the names BUF_PRINTF reads (ob_print_utils.h:1016). This arm runs for an extended datum whatever for_dump is (src/data_plane/api/data_plane/blocksstable/ob_storage_datum.h:278, :281). Callers: ObDatumRow::to_string (src/storage/blocksstable/ob_datum_row.cpp:396), ObDatumRowkey::to_string (src/storage/blocksstable/ob_datum_rowkey.cpp:196), ObTxRedoLog::format_row_data_ (src/storage/tx/ob_tx_log.cpp:530) and ObStorageDatumWrapper::to_string (src/storage/blocksstable/ob_storage_datum.h:40) (`grep -rn 'storage_to_string' src`). Client path: ObDatumRowkey::to_string (src/storage/blocksstable/ob_datum_rowkey.cpp:182) calls storage_to_string for each datum (ob_datum_rowkey.cpp:196); ObParallelMergeInfo::to_string prints each parallel_datum_rowkey_list_ key (src/storage/compaction/ob_medium_compaction_info.cpp:242), which ObMediumCompactionInfo::to_string prints as K_(parallel_merge_info) (ob_medium_compaction_info.cpp:516); UserMdsNode::fill_virtual_info prints the node's user data into stack_buffer with the object form of databuff_printf and copies it into mds_node_info.user_data_ (src/storage/multi_data_source/mds_node.ipp:355-356), for the medium compaction info nodes read from the MDS sstable (src/storage/tablet/ob_i_tablet_mds_interface.ipp:792, :712); ObAllVirtualMdsNodeStat puts user_data_ into the user_data cell (src/observer/virtual_table/ob_all_virtual_mds_node_stat.cpp:197, :200). One client path decides (section 4), so the other callers are not followed. No conversions; no %p.	confirmed
src/data_plane/api/data_plane/blocksstable/ob_storage_datum.h	ObStorageDatum::storage_to_string	line 284: BUF_PRINTF call; format "MIN_OBJ"; conversions none; 0 arguments	CLIENT_TEXT	buf_printf!(buf, pos, "MIN_OBJ") in storage_to_string's is_min() arm, the names BUF_PRINTF reads passed as buf_printf! takes them (RULEBOOK 2.3, printf row); no arguments. The text reaches the client (the user_data cell of __all_virtual_mds_node_stat, through ObDatumRowkey::to_string): cfmt only, never format! or write! (RULEBOOK 2.3, printf row; RULEBOOK 1, Number text row); storage_to_string and ObDatumRowkey::to_string stay functions of their names whose text equals the C++'s (RULEBOOK 2.3, TO_STRING_KV row; RULEBOOK section 6 item 9).	sweep: printf-calls.tsv:3 (data row 2). No arguments. Buffer: storage_to_string's parameters buf and buf_len with its local pos (src/data_plane/api/data_plane/blocksstable/ob_storage_datum.h:272-277), the names BUF_PRINTF reads (ob_print_utils.h:1016). This arm runs for an extended datum whatever for_dump is (src/data_plane/api/data_plane/blocksstable/ob_storage_datum.h:278, :283). Callers: ObDatumRow::to_string (src/storage/blocksstable/ob_datum_row.cpp:396), ObDatumRowkey::to_string (src/storage/blocksstable/ob_datum_rowkey.cpp:196), ObTxRedoLog::format_row_data_ (src/storage/tx/ob_tx_log.cpp:530) and ObStorageDatumWrapper::to_string (src/storage/blocksstable/ob_storage_datum.h:40) (`grep -rn 'storage_to_string' src`). Client path: ObDatumRowkey::to_string (src/storage/blocksstable/ob_datum_rowkey.cpp:182) calls storage_to_string for each datum (ob_datum_rowkey.cpp:196); ObParallelMergeInfo::to_string prints each parallel_datum_rowkey_list_ key (src/storage/compaction/ob_medium_compaction_info.cpp:242), which ObMediumCompactionInfo::to_string prints as K_(parallel_merge_info) (ob_medium_compaction_info.cpp:516); UserMdsNode::fill_virtual_info prints the node's user data into stack_buffer with the object form of databuff_printf and copies it into mds_node_info.user_data_ (src/storage/multi_data_source/mds_node.ipp:355-356), for the medium compaction info nodes read from the MDS sstable (src/storage/tablet/ob_i_tablet_mds_interface.ipp:792, :712); ObAllVirtualMdsNodeStat puts user_data_ into the user_data cell (src/observer/virtual_table/ob_all_virtual_mds_node_stat.cpp:197, :200). One client path decides (section 4), so the other callers are not followed. No conversions; no %p.	confirmed
src/data_plane/api/data_plane/blocksstable/ob_storage_datum.h	ObStorageDatum::storage_to_string	line 295: BUF_PRINTF call; format "len: %d, flag: %d, null: %d"; conversions %d %d %d; 3 arguments: len_, flag_, null_; argument types: uint32_t | uint32_t | uint32_t; conversion and argument pairs: %d <- uint32_t, %d <- uint32_t, %d <- uint32_t	STREAM_TEXT	buf_printf!(buf, pos, "len: %d, flag: %d, null: %d", self.len_() as i32, self.flag_() as i32, self.null_() as i32), the names BUF_PRINTF reads passed as buf_printf! takes them (RULEBOOK 2.3, printf row): len_, flag_ and null_ are bit fields of a uint32_t, read through their getters (RULEBOOK 2.3, the row for a union over a flag word with a bit-field struct), and C promotes each to int, which as i32 reproduces (section 6, item 1). The text reaches stderr, or the FILE * handed to ObSSTableDataBlockReader::init, through the sstable printer's fprintf (src/storage/blocksstable/ob_sstable_printer.cpp:258).	sweep: printf-calls.tsv:4 (data row 3). Types: len_, flag_ and null_ are the uint32_t bit fields of 29, 2 and 1 bits of ObDatumDesc (src/oblib/common/datum/ob_datum.h:143-145), which ObStorageDatum inherits through ObDatum (src/data_plane/api/data_plane/blocksstable/ob_storage_datum.h:38); the casts are promotions, not narrowing. Buffer: storage_to_string's parameters buf and buf_len with its local pos (src/data_plane/api/data_plane/blocksstable/ob_storage_datum.h:272-277), the names BUF_PRINTF reads (ob_print_utils.h:1016). This line is in the for_dump arm (src/data_plane/api/data_plane/blocksstable/ob_storage_datum.h:288). The declaration defaults for_dump to false (src/data_plane/api/data_plane/blocksstable/ob_storage_datum.h:62) and three of the four callers pass none (src/storage/blocksstable/ob_datum_row.cpp:396; src/storage/blocksstable/ob_datum_rowkey.cpp:196; src/storage/tx/ob_tx_log.cpp:530; `grep -rn 'storage_to_string' src`), so only ObStorageDatumWrapper::to_string reaches it (src/storage/blocksstable/ob_storage_datum.h:40), and the wrapper is built, with for_dump true, only in ObSSTablePrinter::print_cell (src/storage/blocksstable/ob_sstable_printer.cpp:257; `grep -rn 'ObStorageDatumWrapper' src`). Path: print_cell writes the wrapper's text with P_VALUE_STR_B (ob_sstable_printer.cpp:258), which is FPRINTF (ob_sstable_printer.cpp:34), fprintf to fd_ (ob_sstable_printer.cpp:28); fd_ is stderr (src/storage/blocksstable/ob_sstable_printer.h:59) unless ObSSTableDataBlockReader::init sets the FILE * it was given or stderr (src/storage/blocksstable/ob_macro_block_reader.cpp:396-397). print_cell(datum) is called at ob_sstable_printer.cpp:372 and :516, and nothing outside ob_macro_block_reader.h and ob_macro_block_reader.cpp names ObSSTableDataBlockReader (`grep -rn 'ObSSTableDataBlockReader' src`). Three conversions, three arguments; no %p.	confirmed
src/data_plane/api/data_plane/blocksstable/ob_storage_datum.h	ObStorageDatum::storage_to_string	line 302: BUF_PRINTF call; format ", hex: "; conversions none; 0 arguments	STREAM_TEXT	buf_printf!(buf, pos, ", hex: "), the names BUF_PRINTF reads passed as buf_printf! takes them (RULEBOOK 2.3, printf row); no arguments. The text reaches stderr, or the FILE * handed to ObSSTableDataBlockReader::init, through the sstable printer's fprintf (src/storage/blocksstable/ob_sstable_printer.cpp:258).	sweep: printf-calls.tsv:5 (data row 4). No arguments. The line runs for a datum with len_ above 0 (src/data_plane/api/data_plane/blocksstable/ob_storage_datum.h:296). Buffer: storage_to_string's parameters buf and buf_len with its local pos (src/data_plane/api/data_plane/blocksstable/ob_storage_datum.h:272-277), the names BUF_PRINTF reads (ob_print_utils.h:1016). This line is in the for_dump arm (src/data_plane/api/data_plane/blocksstable/ob_storage_datum.h:288). The declaration defaults for_dump to false (src/data_plane/api/data_plane/blocksstable/ob_storage_datum.h:62) and three of the four callers pass none (src/storage/blocksstable/ob_datum_row.cpp:396; src/storage/blocksstable/ob_datum_rowkey.cpp:196; src/storage/tx/ob_tx_log.cpp:530; `grep -rn 'storage_to_string' src`), so only ObStorageDatumWrapper::to_string reaches it (src/storage/blocksstable/ob_storage_datum.h:40), and the wrapper is built, with for_dump true, only in ObSSTablePrinter::print_cell (src/storage/blocksstable/ob_sstable_printer.cpp:257; `grep -rn 'ObStorageDatumWrapper' src`). Path: print_cell writes the wrapper's text with P_VALUE_STR_B (ob_sstable_printer.cpp:258), which is FPRINTF (ob_sstable_printer.cpp:34), fprintf to fd_ (ob_sstable_printer.cpp:28); fd_ is stderr (src/storage/blocksstable/ob_sstable_printer.h:59) unless ObSSTableDataBlockReader::init sets the FILE * it was given or stderr (src/storage/blocksstable/ob_macro_block_reader.cpp:396-397). print_cell(datum) is called at ob_sstable_printer.cpp:372 and :516, and nothing outside ob_macro_block_reader.h and ob_macro_block_reader.cpp names ObSSTableDataBlockReader (`grep -rn 'ObSSTableDataBlockReader' src`). No conversions; no %p.	confirmed
src/data_plane/api/data_plane/blocksstable/ob_storage_datum.h	ObStorageDatum::storage_to_string	line 308: BUF_PRINTF call; format ", int: %ld"; conversions %ld; 1 arguments: *int_; argument types: const int64_t; conversion and argument pairs: %ld <- const int64_t	STREAM_TEXT	buf_printf!(buf, pos, ", int: %ld", self.get_int()), the names BUF_PRINTF reads passed as buf_printf! takes them (RULEBOOK 2.3, printf row): *int_ is the datum's value read as an int64_t, which the ObDatum getter get_int returns, an i64 for %ld (section 6, item 1). The text reaches stderr, or the FILE * handed to ObSSTableDataBlockReader::init, through the sstable printer's fprintf (src/storage/blocksstable/ob_sstable_printer.cpp:258).	sweep: printf-calls.tsv:6 (data row 5). Types: int_ is a const int64_t * (src/oblib/common/datum/ob_datum.h:109), and get_int returns *int_ (ob_datum.h:229). The line runs when len_ equals sizeof(int64_t) (src/data_plane/api/data_plane/blocksstable/ob_storage_datum.h:307). Buffer: storage_to_string's parameters buf and buf_len with its local pos (src/data_plane/api/data_plane/blocksstable/ob_storage_datum.h:272-277), the names BUF_PRINTF reads (ob_print_utils.h:1016). This line is in the for_dump arm (src/data_plane/api/data_plane/blocksstable/ob_storage_datum.h:288). The declaration defaults for_dump to false (src/data_plane/api/data_plane/blocksstable/ob_storage_datum.h:62) and three of the four callers pass none (src/storage/blocksstable/ob_datum_row.cpp:396; src/storage/blocksstable/ob_datum_rowkey.cpp:196; src/storage/tx/ob_tx_log.cpp:530; `grep -rn 'storage_to_string' src`), so only ObStorageDatumWrapper::to_string reaches it (src/storage/blocksstable/ob_storage_datum.h:40), and the wrapper is built, with for_dump true, only in ObSSTablePrinter::print_cell (src/storage/blocksstable/ob_sstable_printer.cpp:257; `grep -rn 'ObStorageDatumWrapper' src`). Path: print_cell writes the wrapper's text with P_VALUE_STR_B (ob_sstable_printer.cpp:258), which is FPRINTF (ob_sstable_printer.cpp:34), fprintf to fd_ (ob_sstable_printer.cpp:28); fd_ is stderr (src/storage/blocksstable/ob_sstable_printer.h:59) unless ObSSTableDataBlockReader::init sets the FILE * it was given or stderr (src/storage/blocksstable/ob_macro_block_reader.cpp:396-397). print_cell(datum) is called at ob_sstable_printer.cpp:372 and :516, and nothing outside ob_macro_block_reader.h and ob_macro_block_reader.cpp names ObSSTableDataBlockReader (`grep -rn 'ObSSTableDataBlockReader' src`). One conversion, one argument; no %p.	confirmed
src/data_plane/api/data_plane/blocksstable/ob_storage_datum.h	ObStorageDatum::storage_to_string	line 311: BUF_PRINTF call; format ", num_digit0: %u"; conversions %u; 1 arguments: num_->digits_[0]; argument types: uint32_t; conversion and argument pairs: %u <- uint32_t	STREAM_TEXT	buf_printf!(buf, pos, ", num_digit0: %u", <the first digit of the compact number>), the names BUF_PRINTF reads passed as buf_printf! takes them (RULEBOOK 2.3, printf row): num_->digits_[0] is a uint32_t, a u32 for %u (section 6, item 1). The text reaches stderr, or the FILE * handed to ObSSTableDataBlockReader::init, through the sstable printer's fprintf (src/storage/blocksstable/ob_sstable_printer.cpp:258).	sweep: printf-calls.tsv:7 (data row 6). Types: num_ is a const number::ObCompactNumber * (src/oblib/common/datum/ob_datum.h:114) whose digits_ are uint32_t (src/oblib/common/number/ob_number_v2.h:110). The line runs when the compact number has one digit (src/data_plane/api/data_plane/blocksstable/ob_storage_datum.h:310). Buffer: storage_to_string's parameters buf and buf_len with its local pos (src/data_plane/api/data_plane/blocksstable/ob_storage_datum.h:272-277), the names BUF_PRINTF reads (ob_print_utils.h:1016). This line is in the for_dump arm (src/data_plane/api/data_plane/blocksstable/ob_storage_datum.h:288). The declaration defaults for_dump to false (src/data_plane/api/data_plane/blocksstable/ob_storage_datum.h:62) and three of the four callers pass none (src/storage/blocksstable/ob_datum_row.cpp:396; src/storage/blocksstable/ob_datum_rowkey.cpp:196; src/storage/tx/ob_tx_log.cpp:530; `grep -rn 'storage_to_string' src`), so only ObStorageDatumWrapper::to_string reaches it (src/storage/blocksstable/ob_storage_datum.h:40), and the wrapper is built, with for_dump true, only in ObSSTablePrinter::print_cell (src/storage/blocksstable/ob_sstable_printer.cpp:257; `grep -rn 'ObStorageDatumWrapper' src`). Path: print_cell writes the wrapper's text with P_VALUE_STR_B (ob_sstable_printer.cpp:258), which is FPRINTF (ob_sstable_printer.cpp:34), fprintf to fd_ (ob_sstable_printer.cpp:28); fd_ is stderr (src/storage/blocksstable/ob_sstable_printer.h:59) unless ObSSTableDataBlockReader::init sets the FILE * it was given or stderr (src/storage/blocksstable/ob_macro_block_reader.cpp:396-397). print_cell(datum) is called at ob_sstable_printer.cpp:372 and :516, and nothing outside ob_macro_block_reader.h and ob_macro_block_reader.cpp names ObSSTableDataBlockReader (`grep -rn 'ObSSTableDataBlockReader' src`). One conversion, one argument; no %p.	confirmed
src/data_plane/api/data_plane/blocksstable/ob_storage_datum.h	ObStorageDatum::storage_to_string	line 320: BUF_PRINTF call; format ", cstr: %.*s"; conversions %.*s; 2 arguments: static_cast<int>(plen), ptr_; argument types: int | const char *; conversion and argument pairs: %.*s width or precision <- int, %.*s <- const char *	STREAM_TEXT	buf_printf!(buf, pos, ", cstr: %.*s", <the datum's first plen value bytes>), the names BUF_PRINTF reads passed as buf_printf! takes them (RULEBOOK 2.3, printf row): the precision static_cast<int>(plen) and ptr_ are one byte slice, the first plen bytes of the datum's value (s2-errors.md 2.9, the %.*s row of its table, which rule 1 keeps for the printf family). The text reaches stderr, or the FILE * handed to ObSSTableDataBlockReader::init, through the sstable printer's fprintf (src/storage/blocksstable/ob_sstable_printer.cpp:258).	sweep: printf-calls.tsv:8 (data row 7). Types: ptr_ is a const char * (src/oblib/common/datum/ob_datum.h:108); plen is min(len_, 128) (src/data_plane/api/data_plane/blocksstable/ob_storage_datum.h:290, :298-300), and the isprint loop that guards the call (src/data_plane/api/data_plane/blocksstable/ob_storage_datum.h:316) stops at a NUL, so the slice holds no NUL and cfmt prints all of it. Buffer: storage_to_string's parameters buf and buf_len with its local pos (src/data_plane/api/data_plane/blocksstable/ob_storage_datum.h:272-277), the names BUF_PRINTF reads (ob_print_utils.h:1016). This line is in the for_dump arm (src/data_plane/api/data_plane/blocksstable/ob_storage_datum.h:288). The declaration defaults for_dump to false (src/data_plane/api/data_plane/blocksstable/ob_storage_datum.h:62) and three of the four callers pass none (src/storage/blocksstable/ob_datum_row.cpp:396; src/storage/blocksstable/ob_datum_rowkey.cpp:196; src/storage/tx/ob_tx_log.cpp:530; `grep -rn 'storage_to_string' src`), so only ObStorageDatumWrapper::to_string reaches it (src/storage/blocksstable/ob_storage_datum.h:40), and the wrapper is built, with for_dump true, only in ObSSTablePrinter::print_cell (src/storage/blocksstable/ob_sstable_printer.cpp:257; `grep -rn 'ObStorageDatumWrapper' src`). Path: print_cell writes the wrapper's text with P_VALUE_STR_B (ob_sstable_printer.cpp:258), which is FPRINTF (ob_sstable_printer.cpp:34), fprintf to fd_ (ob_sstable_printer.cpp:28); fd_ is stderr (src/storage/blocksstable/ob_sstable_printer.h:59) unless ObSSTableDataBlockReader::init sets the FILE * it was given or stderr (src/storage/blocksstable/ob_macro_block_reader.cpp:396-397). print_cell(datum) is called at ob_sstable_printer.cpp:372 and :516, and nothing outside ob_macro_block_reader.h and ob_macro_block_reader.cpp names ObSSTableDataBlockReader (`grep -rn 'ObSSTableDataBlockReader' src`). One %.*s reads two arguments and the call passes two; no %p.	confirmed
src/data_plane/api/data_plane/scheduler/ob_dag_scheduler.h	ObDiagnoseLocation::to_string	line 81: databuff_printf call; format "%s:%d(%s)"; conversions %s %d %s; 3 arguments: filename_, line_, function_; argument types: const char * | int | const char *; conversion and argument pairs: %s <- const char *, %d <- int, %s <- const char *; inside to_string	CLIENT_TEXT	databuff_printf_2!(buf, buf_len, pos, "%s:%d(%s)", self.filename_, self.line_, self.function_) in ObDiagnoseLocation::to_string: filename_ and function_ are Option<&[u8]>, None until set and printing (null) (s2-errors.md 2.9, the CStrArg bullet), and line_ is an i32. The text reaches the client (the COMMENT cell of __all_virtual_tablet_compaction_history): cfmt only, never format! or write! (RULEBOOK 2.3, printf row; RULEBOOK 1, Number text row); ObDiagnoseLocation::to_string stays a function of its name whose text equals the C++'s (RULEBOOK 2.3, TO_STRING_KV row; RULEBOOK section 6 item 9).	sweep: printf-calls.tsv:9 (data row 8). Types: filename_ and function_ are const char * (src/data_plane/api/data_plane/scheduler/ob_dag_scheduler.h:85-86), set to nullptr by the constructor and by reset (ob_dag_scheduler.h:62-63, :72-74); line_ is an int (ob_dag_scheduler.h:87). Buffer: to_string's buf and buf_len with its local pos (ob_dag_scheduler.h:78-80). Path: ObSSTableMergeHistory::fill_comment (src/storage/compaction/ob_sstable_merge_history.cpp:394) adds diagnose_info_.error_location_ under the key "location" when dag_ret_ is not 0 (ob_sstable_merge_history.cpp:406, :407-412); ADD_COMPACTION_INFO_PARAM prints each key and value with logdata_print_key_obj (src/share/compaction/ob_compaction_info_param.h:45), which prints this object through its to_string; the virtual table fills comment_ with fill_comment and sets it into the COMMENT cell (src/observer/virtual_table/ob_all_virtual_tablet_compaction_history.cpp:178-179). One client path decides. Three conversions, three arguments; no %p. The values are the C++ source file, line and function that CTX_SET_DIAGNOSE_LOCATION and SET_DIAGNOSE_LOCATION record (ob_dag_scheduler.h:89-97), which a Rust build takes from its own sources: a note for the judge's owner.	confirmed
src/data_plane/api/data_plane/scheduler/ob_dag_scheduler.h	ObITask::task_debug_info_to_string	line 278: BUF_PRINTF call; format "Impl for task info"; conversions none; 0 arguments	LOG_TEXT	buf_printf!(buf, pos, "Impl for task info") in ObITask's task_debug_info_to_string, whose parameters buf, buf_len and pos are the names BUF_PRINTF reads (RULEBOOK 2.3, printf row); no arguments. Server-log text, kept as the C++ writes it (RULEBOOK 1, Logging row).	sweep: printf-calls.tsv:10 (data row 9). No arguments. Buffer: the parameters buf, buf_len and pos (src/data_plane/api/data_plane/scheduler/ob_dag_scheduler.h:278), the names BUF_PRINTF reads (ob_print_utils.h:1016). The one call of task_debug_info_to_string is in ObPrintIndependentDag::task_to_string (src/storage/scheduler/ob_independent_dag.cpp:715; `grep -rn 'task_debug_info_to_string' src` finds besides it only this default, three overrides in src/storage/ddl/ob_ddl_merge_task_v2.cpp and their declarations), which writes its caller's buffer: print_task_list calls it (ob_independent_dag.cpp:682) from ObPrintIndependentDag::to_string (ob_independent_dag.cpp:656-657), whose one use is the log key K(ObPrintIndependentDag(*this)) of COMMON_LOG(INFO, ...) (ob_independent_dag.cpp:182; `grep -rn 'ObPrintIndependentDag' src`). No conversions; no %p.	confirmed
src/data_plane/api/data_plane/transaction/ob_tx_seq.h	ObTxSEQ::to_string	line 157: BUF_PRINTF call; format "MAX"; conversions none; 0 arguments; inside to_string	CLIENT_TEXT	buf_printf!(buf, pos, "MAX") in ObTxSEQ::to_string's raw_val_ == INT64_MAX arm, the names BUF_PRINTF reads passed as buf_printf! takes them (RULEBOOK 2.3, printf row); no arguments. The text reaches the client (the SAVEPOINTS cell of __all_virtual_tx_scheduler_stat): cfmt only, never format! or write! (RULEBOOK 2.3, printf row; RULEBOOK 1, Number text row); ObTxSEQ::to_string stays a function of its name whose text equals the C++'s (RULEBOOK 2.3, TO_STRING_KV row; RULEBOOK section 6 item 9).	sweep: printf-calls.tsv:11 (data row 10). No arguments. Buffer: to_string's buf and buf_len with its local pos (src/data_plane/api/data_plane/transaction/ob_tx_seq.h:153-155), the names BUF_PRINTF reads (ob_print_utils.h:1016). Path: ObTxSavePoint::to_string prints K_(scn) (src/storage/tx/ob_trans_define_v4.cpp:184), and scn_ is an ObTxSEQ (src/storage/tx/ob_trans_define_v4.h:150); ObTxSavePointList is ObSEArray<ObTxSavePoint, 4> (ob_trans_define_v4.h:174), whose to_string prints each element with BUF_PRINTO (src/oblib/lib/container/ob_array.h:760, :764); ObAllVirtualTxSchedulerStat prints the stat's savepoints_ into savepoints_buffer_ and sets it into the SAVEPOINTS cell (src/observer/virtual_table/ob_all_virtual_tx_scheduler_stat.cpp:160-161). One client path decides. No conversions; no %p.	confirmed
src/data_plane/api/data_plane/transaction/ob_tx_seq.h	ObTxSEQ::to_string	line 163: BUF_PRINTF call; format "%lu"; conversions %lu; 1 arguments: raw_val_; argument types: int64_t; conversion and argument pairs: %lu <- int64_t; inside to_string	CLIENT_TEXT	buf_printf!(buf, pos, "%lu", self.raw_val_ as u64) in ObTxSEQ::to_string's last arm, the names BUF_PRINTF reads passed as buf_printf! takes them (RULEBOOK 2.3, printf row): raw_val_ is an int64_t and %lu reads an unsigned long, so it is passed as u64, the same bits (section 6, item 1). The text reaches the client (the SAVEPOINTS cell of __all_virtual_tx_scheduler_stat): cfmt only, never format! or write! (RULEBOOK 2.3, printf row; RULEBOOK 1, Number text row); ObTxSEQ::to_string stays a function of its name whose text equals the C++'s (RULEBOOK 2.3, TO_STRING_KV row; RULEBOOK section 6 item 9).	sweep: printf-calls.tsv:12 (data row 11). Types: raw_val_ is an int64_t (src/data_plane/api/data_plane/transaction/ob_tx_seq.h:148); cast as u64 for %lu. The line runs for a value that is neither INT64_MAX nor valid (src/data_plane/api/data_plane/transaction/ob_tx_seq.h:156, :158). Buffer: to_string's buf and buf_len with its local pos (src/data_plane/api/data_plane/transaction/ob_tx_seq.h:153-155), the names BUF_PRINTF reads (ob_print_utils.h:1016). Path: ObTxSavePoint::to_string prints K_(scn) (src/storage/tx/ob_trans_define_v4.cpp:184), and scn_ is an ObTxSEQ (src/storage/tx/ob_trans_define_v4.h:150); ObTxSavePointList is ObSEArray<ObTxSavePoint, 4> (ob_trans_define_v4.h:174), whose to_string prints each element with BUF_PRINTO (src/oblib/lib/container/ob_array.h:760, :764); ObAllVirtualTxSchedulerStat prints the stat's savepoints_ into savepoints_buffer_ and sets it into the SAVEPOINTS cell (src/observer/virtual_table/ob_all_virtual_tx_scheduler_stat.cpp:160-161). One client path decides. One conversion, one argument; no %p.	confirmed
src/logservice/common_util/ob_log_time_utils.cpp	print_human_tstamp	line 30: databuff_printf call; format "[INVALID]"; conversions none; 0 arguments	ENGINE_TEXT	databuff_printf_2!(buf, buf_len, pos, "[INVALID]") in print_human_tstamp; no arguments. The engine acts on these bytes (nothing reads them: the converter that owns the buffer is never built): cfmt only (RULEBOOK 1, Number text row).	sweep: printf-calls.tsv:13 (data row 12). No arguments. Path: print_human_tstamp's buf and pos are its caller's (src/logservice/common_util/ob_log_time_utils.cpp:25-26); its one caller is the HumanTstampConverter constructor, which writes the object's buf_ (src/logservice/common_util/ob_log_time_utils.h:75), and the object is built only by the macro TS_TO_STR (ob_log_time_utils.h:50). Nothing outside ob_log_time_utils.h and ob_log_time_utils.cpp names TS_TO_STR, TVAL_TO_STR, either converter or either print function (`grep -rn 'TS_TO_STR\|TVAL_TO_STR\|HumanTstampConverter\|HumanTimevalConverter\|print_human_tstamp\|print_human_timeval' src` prints only those two files), so nothing reads the bytes (engine use 5). No conversions; no %p.	confirmed
src/logservice/common_util/ob_log_time_utils.cpp	print_human_tstamp	line 51: databuff_printf call; format "[%04d-%02d-%02d %02d:%02d:%02d.%06ld]"; conversions %04d %02d %02d %02d %02d %02d %06ld; 7 arguments: tm.tm_year + 1900, tm.tm_mon + 1, tm.tm_mday, tm.tm_hour, tm.tm_min, tm.tm_sec, tv.tv_usec; argument types: ? | ? | ? | ? | ? | ? | ?; conversion and argument pairs: %04d <- ?, %02d <- ?, %02d <- ?, %02d <- ?, %02d <- ?, %02d <- ?, %06ld <- ?	ENGINE_TEXT	databuff_printf_2!(buf, buf_len, pos, "[%04d-%02d-%02d %02d:%02d:%02d.%06ld]", tm.tm_year + 1900, tm.tm_mon + 1, tm.tm_mday, tm.tm_hour, tm.tm_min, tm.tm_sec, tv.tv_usec as i64) in print_human_tstamp: the six struct tm values are i32 for their %d conversions; tv.tv_usec is a 32-bit suseconds_t that %06ld reads as a long, so it takes open question 4 (b)'s conservative form, as i64 by its own signedness, under the marker // TODO(port): printf-calls Q4: (b) the int-wide tv.tv_usec read by %06ld (src/logservice/common_util/ob_log_time_utils.cpp:51). The engine acts on these bytes (nothing reads them: the converter that owns the buffer is never built): cfmt only (RULEBOOK 1, Number text row).	sweep: printf-calls.tsv:14 (data row 13). Types: tm is a struct tm (src/logservice/common_util/ob_log_time_utils.cpp:36), whose fields are int, so the six values the sweep types ? are int for their %d. tv is a struct timeval (src/logservice/common_util/ob_log_time_utils.cpp:33); its tv_usec is suseconds_t, which the macOS 26.2 SDK defines as __int32_t (its sys/_types header, line 86): an int-wide argument that %06ld reads as a long, open question 4 (b). Path: print_human_tstamp's buf and pos are its caller's (src/logservice/common_util/ob_log_time_utils.cpp:25-26); its one caller is the HumanTstampConverter constructor, which writes the object's buf_ (src/logservice/common_util/ob_log_time_utils.h:75), and the object is built only by the macro TS_TO_STR (ob_log_time_utils.h:50). Nothing outside ob_log_time_utils.h and ob_log_time_utils.cpp names TS_TO_STR, TVAL_TO_STR, either converter or either print function (`grep -rn 'TS_TO_STR\|TVAL_TO_STR\|HumanTstampConverter\|HumanTimevalConverter\|print_human_tstamp\|print_human_timeval' src` prints only those two files), so nothing reads the bytes (engine use 5). Seven conversions, seven arguments; no %p. Question: what does translated code pass for an int-wide argument that a 64-bit conversion reads (open question 4 (b))?	unknown
src/logservice/common_util/ob_log_time_utils.cpp	print_human_timeval	line 71: databuff_printf call; format "[INVALID_TVAL]"; conversions none; 0 arguments	ENGINE_TEXT	databuff_printf_2!(buf, buf_len, pos, "[INVALID_TVAL]") in print_human_timeval; no arguments. The engine acts on these bytes (nothing reads them: the converter that owns the buffer is never built): cfmt only (RULEBOOK 1, Number text row).	sweep: printf-calls.tsv:15 (data row 14). No arguments. Path: print_human_timeval's buf and pos are its caller's (src/logservice/common_util/ob_log_time_utils.cpp:64-67); its one caller is the HumanTimevalConverter constructor, which writes the object's buf_ (src/logservice/common_util/ob_log_time_utils.h:97), and the object is built only by the macro TVAL_TO_STR (ob_log_time_utils.h:51). Nothing outside ob_log_time_utils.h and ob_log_time_utils.cpp names TS_TO_STR, TVAL_TO_STR, either converter or either print function (`grep -rn 'TS_TO_STR\|TVAL_TO_STR\|HumanTstampConverter\|HumanTimevalConverter\|print_human_tstamp\|print_human_timeval' src` prints only those two files), so nothing reads the bytes (engine use 5). No conversions; no %p.	confirmed
src/logservice/common_util/ob_log_time_utils.cpp	print_human_timeval	line 87: databuff_printf call; format "[%s%02ld:%02ld:%02ld.%06ld]"; conversions %s %02ld %02ld %02ld %06ld; 5 arguments: negative ? "-" : "", hr, min, sec, tv.tv_usec; argument types: const char * | int64_t | int64_t | int64_t | ?; conversion and argument pairs: %s <- const char *, %02ld <- int64_t, %02ld <- int64_t, %02ld <- int64_t, %06ld <- ?	ENGINE_TEXT	databuff_printf_2!(buf, buf_len, pos, "[%s%02ld:%02ld:%02ld.%06ld]", if negative { b"-" } else { b"" }, hr, min, sec, tv.tv_usec as i64) in print_human_timeval: the ternary of two literals is a byte slice, hr, min and sec are i64 for %02ld; tv.tv_usec is a 32-bit suseconds_t that %06ld reads as a long, so it takes open question 4 (b)'s conservative form, as i64 by its own signedness, under the marker // TODO(port): printf-calls Q4: (b) the int-wide tv.tv_usec read by %06ld (src/logservice/common_util/ob_log_time_utils.cpp:87). The engine acts on these bytes (nothing reads them: the converter that owns the buffer is never built): cfmt only (RULEBOOK 1, Number text row).	sweep: printf-calls.tsv:16 (data row 15). Types: negative is a bool (src/logservice/common_util/ob_log_time_utils.cpp:74); hr, min and sec are int64_t (ob_log_time_utils.cpp:84-86). tv is a struct timeval (src/logservice/common_util/ob_log_time_utils.cpp:75); its tv_usec is suseconds_t, which the macOS 26.2 SDK defines as __int32_t (its sys/_types header, line 86): an int-wide argument that %06ld reads as a long, open question 4 (b). Path: print_human_timeval's buf and pos are its caller's (src/logservice/common_util/ob_log_time_utils.cpp:64-67); its one caller is the HumanTimevalConverter constructor, which writes the object's buf_ (src/logservice/common_util/ob_log_time_utils.h:97), and the object is built only by the macro TVAL_TO_STR (ob_log_time_utils.h:51). Nothing outside ob_log_time_utils.h and ob_log_time_utils.cpp names TS_TO_STR, TVAL_TO_STR, either converter or either print function (`grep -rn 'TS_TO_STR\|TVAL_TO_STR\|HumanTstampConverter\|HumanTimevalConverter\|print_human_tstamp\|print_human_timeval' src` prints only those two files), so nothing reads the bytes (engine use 5). Five conversions, five arguments; no %p. Question: what does translated code pass for an int-wide argument that a 64-bit conversion reads (open question 4 (b))?	unknown
src/logservice/ob_server_log_block_mgr.cpp	ob_resolve_path_at2	line 41: snprintf call; format "%s\\%s"; conversions %s %s; 2 arguments: clean, rel_path; argument types: const char * | const char *; conversion and argument pairs: %s <- const char *, %s <- const char *	ENGINE_TEXT	snprintf!(out, out_size, "%s\\%s", clean, rel_path) in the #[cfg(windows)] arm that stands for the C++'s #elif defined(_WIN32) (RULEBOOK 2.3, platform #if row): clean is the bytes of the local dir_path from GetFinalPathNameByHandleA, less a \\?\ prefix, and rel_path the caller's path, each a byte slice. The engine acts on these bytes (a path _open opens and _rmdir or _unlink removes): cfmt only (RULEBOOK 1, Number text row).	sweep: printf-calls.tsv:17 (data row 16). Types: clean points into the local char array dir_path (src/logservice/ob_server_log_block_mgr.cpp:36, :39-40), which GetFinalPathNameByHandleA fills (ob_server_log_block_mgr.cpp:37); rel_path is the const char * parameter (ob_server_log_block_mgr.cpp:29). Arm: the #elif defined(_WIN32) of #ifdef __APPLE__ (ob_server_log_block_mgr.cpp:20, :23, :64). Buffer: out, the caller's array abs. Path: openat opens it with ::_open (ob_server_log_block_mgr.cpp:49-50) and unlinkat removes it with ::_rmdir or ::_unlink (ob_server_log_block_mgr.cpp:55-57): engine use 3. Two conversions, two arguments; no %p.	confirmed
src/logservice/ob_server_log_block_mgr.cpp	ObServerLogBlockMgr::get_has_allocated_blocks_cnt_in_	line 401: snprintf call; format "%s/%s"; conversions %s %s; 2 arguments: log_disk_path, entry->d_name; argument types: const char * | ?; conversion and argument pairs: %s <- const char *, %s <- ?	ENGINE_TEXT	snprintf!(current_file_path, OB_MAX_FILE_NAME_LENGTH, "%s/%s", log_disk_path, entry.d_name): log_disk_path is the parameter's C string and entry->d_name the directory entry's whole d_name array, byte slices that cfmt prints up to their NUL. The engine acts on these bytes (a path it stats, matches against its patterns and scans as a directory): cfmt only (RULEBOOK 1, Number text row).	sweep: printf-calls.tsv:18 (data row 17). Types: entry is the struct dirent that readdir returns (src/logservice/ob_server_log_block_mgr.cpp:396), whose d_name is a char array; log_disk_path is a const char * parameter (ob_server_log_block_mgr.cpp:384). Buffer: the local current_file_path (ob_server_log_block_mgr.cpp:395). Path: FileDirectoryUtils::is_directory reads it (ob_server_log_block_mgr.cpp:406), std::regex_match compares it with the runtime and log_pool patterns (ob_server_log_block_mgr.cpp:412, :414), and scan_runtime_dir_ opens it as a directory (ob_server_log_block_mgr.cpp:413, :500): engine uses 2 and 3; the log keys that also print it are log lines. Two conversions, two arguments; no %p.	confirmed
src/logservice/ob_server_log_block_mgr.cpp	ObServerLogBlockMgr::remove_tmp_file_or_directory_for_runtime_	line 446: snprintf call; format "%s/%s"; conversions %s %s; 2 arguments: log_disk_path, entry->d_name; argument types: const char * | ?; conversion and argument pairs: %s <- const char *, %s <- ?	ENGINE_TEXT	snprintf!(current_file_path, OB_MAX_FILE_NAME_LENGTH, "%s/%s", log_disk_path, entry.d_name): log_disk_path is the parameter's C string and entry->d_name the directory entry's whole d_name array, byte slices that cfmt prints up to their NUL. The engine acts on these bytes (a path it stats, matches against its pattern and scans for temporary files): cfmt only (RULEBOOK 1, Number text row).	sweep: printf-calls.tsv:19 (data row 18). Types: entry is the struct dirent that readdir returns (src/logservice/ob_server_log_block_mgr.cpp:441), whose d_name is a char array; log_disk_path is a const char * parameter (ob_server_log_block_mgr.cpp:430). Buffer: the local current_file_path (ob_server_log_block_mgr.cpp:440). Path: FileDirectoryUtils::is_directory reads it (ob_server_log_block_mgr.cpp:451), std::regex_match compares it with the runtime pattern (ob_server_log_block_mgr.cpp:454), and remove_tmp_file_or_directory_at opens it as a directory (ob_server_log_block_mgr.cpp:455; src/logservice/palf/log_block_pool_interface.cpp:145): engine uses 2 and 3. Two conversions, two arguments; no %p.	confirmed
src/logservice/ob_server_log_block_mgr.cpp	ObServerLogBlockMgr::scan_runtime_dir_	line 510: snprintf call; format "%s/%s"; conversions %s %s; 2 arguments: runtime_dir, entry->d_name; argument types: const char * | ?; conversion and argument pairs: %s <- const char *, %s <- ?	ENGINE_TEXT	snprintf!(current_file_path, OB_MAX_FILE_NAME_LENGTH, "%s/%s", runtime_dir, entry.d_name): runtime_dir is the parameter's C string and entry->d_name the directory entry's whole d_name array, byte slices that cfmt prints up to their NUL. The engine acts on these bytes (a path it stats and scans as a directory): cfmt only (RULEBOOK 1, Number text row).	sweep: printf-calls.tsv:20 (data row 19). Types: entry is the struct dirent that readdir returns (src/logservice/ob_server_log_block_mgr.cpp:505), whose d_name is a char array; runtime_dir is a const char * parameter (ob_server_log_block_mgr.cpp:494). Buffer: the local current_file_path (ob_server_log_block_mgr.cpp:504). Path: FileDirectoryUtils::is_directory reads it (ob_server_log_block_mgr.cpp:515), and scan_ls_dir_ opens it as a directory (ob_server_log_block_mgr.cpp:522, :546): engine use 3. Two conversions, two arguments; no %p.	confirmed
src/logservice/ob_server_log_block_mgr.cpp	ObServerLogBlockMgr::scan_ls_dir_	line 556: snprintf call; format "%s/%s"; conversions %s %s; 2 arguments: ls_dir, entry->d_name; argument types: const char * | ?; conversion and argument pairs: %s <- const char *, %s <- ?	ENGINE_TEXT	snprintf!(current_file_path, OB_MAX_FILE_NAME_LENGTH, "%s/%s", ls_dir, entry.d_name): ls_dir is the parameter's C string and entry->d_name the directory entry's whole d_name array, byte slices that cfmt prints up to their NUL. The engine acts on these bytes (a path it stats and scans for log blocks): cfmt only (RULEBOOK 1, Number text row).	sweep: printf-calls.tsv:21 (data row 20). Types: entry is the struct dirent that readdir returns (src/logservice/ob_server_log_block_mgr.cpp:551), whose d_name is a char array; ls_dir is a const char * parameter (ob_server_log_block_mgr.cpp:540). Buffer: the local current_file_path (ob_server_log_block_mgr.cpp:550). Path: FileDirectoryUtils::is_directory reads it (ob_server_log_block_mgr.cpp:561), and palf::scan_dir scans it with GetBlockCountFunctor (ob_server_log_block_mgr.cpp:569-570): engine use 3. Two conversions, two arguments; no %p.	confirmed
src/logservice/palf/log_block_pool_interface.cpp	ob_resolve_path_at3	line 39: snprintf call; format "%s\\%s"; conversions %s %s; 2 arguments: clean, rel_path; argument types: const char * | const char *; conversion and argument pairs: %s <- const char *, %s <- const char *	ENGINE_TEXT	snprintf!(out, out_size, "%s\\%s", clean, rel_path) in the #[cfg(windows)] arm that stands for the C++'s #ifdef _WIN32 (RULEBOOK 2.3, platform #if row): clean is the bytes of the local dir_path from GetFinalPathNameByHandleA, less a \\?\ prefix, and rel_path the caller's path, each a byte slice. The engine acts on these bytes (a path ::stat reads): cfmt only (RULEBOOK 1, Number text row).	sweep: printf-calls.tsv:22 (data row 21). Types: clean points into the local char array dir_path (src/logservice/palf/log_block_pool_interface.cpp:34, :37-38), which GetFinalPathNameByHandleA fills (log_block_pool_interface.cpp:35); rel_path is the const char * parameter (log_block_pool_interface.cpp:27). Arm: #ifdef _WIN32 (log_block_pool_interface.cpp:19, :42). Buffer: out, the caller's array abs. Path: is_block_used_for_palf stats it with ::stat (log_block_pool_interface.cpp:57-58): engine use 3. Two conversions, two arguments; no %p.	confirmed
src/logservice/palf/log_block_pool_interface.cpp	remove_directory_rec	line 117: snprintf call; format "%s/%s"; conversions %s %s; 2 arguments: path, entry->d_name; argument types: const char * | ?; conversion and argument pairs: %s <- const char *, %s <- ?	ENGINE_TEXT	snprintf!(current_file_path, OB_MAX_FILE_NAME_LENGTH, "%s/%s", path, entry.d_name): path is the parameter's C string and entry->d_name the directory entry's whole d_name array, byte slices that cfmt prints up to their NUL. The engine acts on these bytes (a path it stats and removes): cfmt only (RULEBOOK 1, Number text row).	sweep: printf-calls.tsv:23 (data row 22). Types: entry is the struct dirent that readdir returns (src/logservice/palf/log_block_pool_interface.cpp:112), whose d_name is a char array; path is a const char * parameter (log_block_pool_interface.cpp:102). Buffer: the local current_file_path (log_block_pool_interface.cpp:111). Path: FileDirectoryUtils::is_directory reads it (log_block_pool_interface.cpp:120), and a directory is removed by the recursive remove_directory_rec (log_block_pool_interface.cpp:121): engine use 3. Two conversions, two arguments; no %p.	confirmed
src/logservice/palf/log_block_pool_interface.cpp	remove_tmp_file_or_directory_at	line 158: snprintf call; format "%s/%s"; conversions %s %s; 2 arguments: path, entry->d_name; argument types: const char * | ?; conversion and argument pairs: %s <- const char *, %s <- ?	ENGINE_TEXT	snprintf!(current_file_path, OB_MAX_FILE_NAME_LENGTH, "%s/%s", path, entry.d_name): path is the parameter's C string and entry->d_name the directory entry's whole d_name array, byte slices that cfmt prints up to their NUL. The engine acts on these bytes (a path it stats, searches for ".tmp" and removes): cfmt only (RULEBOOK 1, Number text row).	sweep: printf-calls.tsv:24 (data row 23). Types: entry is the struct dirent that readdir returns (src/logservice/palf/log_block_pool_interface.cpp:153), whose d_name is a char array; path is a const char * parameter (log_block_pool_interface.cpp:140). Buffer: the local current_file_path (log_block_pool_interface.cpp:152). Path: FileDirectoryUtils::is_directory reads it (log_block_pool_interface.cpp:161), check_is_tmp_file_or_dir searches it (log_block_pool_interface.cpp:162), and remove_directory_rec or the recursive remove_tmp_file_or_directory_at opens it (log_block_pool_interface.cpp:163, :169): engine uses 2 and 3. Two conversions, two arguments; no %p.	confirmed
src/logservice/palf/log_io_utils.cpp	ob_resolve_path_at	line 57: snprintf call; format "%s\\%s"; conversions %s %s; 2 arguments: clean, rel_path; argument types: const char * | const char *; conversion and argument pairs: %s <- const char *, %s <- const char *	ENGINE_TEXT	snprintf!(out, out_size, "%s\\%s", clean, rel_path) in the #[cfg(windows)] arm that stands for the C++'s #ifdef _WIN32 (RULEBOOK 2.3, platform #if row): clean is the bytes of the local dir_path from GetFinalPathNameByHandleA, less a \\?\ prefix, and rel_path the caller's path, each a byte slice. The engine acts on these bytes (a path _stat64 reads, _open opens and rename renames): cfmt only (RULEBOOK 1, Number text row).	sweep: printf-calls.tsv:25 (data row 24). Types: clean points into the local char array dir_path (src/logservice/palf/log_io_utils.cpp:52, :55-56), which GetFinalPathNameByHandleA fills (log_io_utils.cpp:53); rel_path is the const char * parameter (log_io_utils.cpp:45). Arm: #ifdef _WIN32 (log_io_utils.cpp:22, :120, :122). Buffer: out, the caller's array. Path: ob_fstatat64 passes it to _stat64 (log_io_utils.cpp:63-64), ob_openat to _open (log_io_utils.cpp:72-73) and ob_renameat to rename (log_io_utils.cpp:79-81): engine use 3. Two conversions, two arguments; no %p.	confirmed
src/logservice/palf/log_storage.cpp	LogStorage::do_init_	line 536: snprintf call; format "%s/%s"; conversions %s %s; 2 arguments: base_dir, sub_dir; argument types: const char * | const char *; conversion and argument pairs: %s <- const char *, %s <- const char *	ENGINE_TEXT	snprintf!(log_dir, OB_MAX_FILE_NAME_LENGTH, "%s/%s", base_dir, sub_dir): base_dir and sub_dir are the parameters' C strings, byte slices. The engine acts on these bytes (the log directory the block manager opens): cfmt only (RULEBOOK 1, Number text row).	sweep: printf-calls.tsv:26 (data row 25). Types: base_dir and sub_dir are const char * parameters (src/logservice/palf/log_storage.cpp:520-521). Buffer: the local log_dir (log_storage.cpp:534). Path: LogBlockMgr::init receives it (log_storage.cpp:540) and opens it with open_directory (src/logservice/palf/log_block_mgr.cpp:78), and LogReader::init receives it (log_storage.cpp:547): engine use 3. Two conversions, two arguments; no %p.	confirmed
src/logservice/palf/palf_env_impl.cpp	PalfEnvImpl::init	line 206: snprintf call; format "%s"; conversions %s; 1 arguments: base_dir; argument types: const char *; conversion and argument pairs: %s <- const char *	ENGINE_TEXT	snprintf!(self.log_dir_, MAX_PATH_SIZE, "%s", base_dir): base_dir is init's C string parameter, a byte slice. The engine acts on these bytes (the log directory it fsyncs and the paths it builds from it): cfmt only (RULEBOOK 1, Number text row).	sweep: printf-calls.tsv:27 (data row 26). Types: base_dir is a const char * parameter of PalfEnvImpl::init (src/logservice/palf/palf_env_impl.cpp:180). Buffer: the member log_dir_ (src/logservice/palf/palf_env_impl.h:300). Path: FileDirectoryUtils::fsync_dir opens it (palf_env_impl.cpp:456, :497, :872), and it is the %s of the tmp_dir and log_stream paths (palf_env_impl.cpp:208, :339, :726, :865): engine use 3. One conversion, one argument; no %p.	confirmed
src/logservice/palf/palf_env_impl.cpp	PalfEnvImpl::init	line 208: snprintf call; format "%s/tmp_dir"; conversions %s; 1 arguments: log_dir_; argument types: char []; conversion and argument pairs: %s <- char []	ENGINE_TEXT	snprintf!(self.tmp_log_dir_, MAX_PATH_SIZE, "%s/tmp_dir", &self.log_dir_[..]): log_dir_ is the member char array, passed whole; cfmt prints it up to its NUL. The engine acts on these bytes (the directory it creates, tests and scans): cfmt only (RULEBOOK 1, Number text row).	sweep: printf-calls.tsv:28 (data row 27). Types: log_dir_ is a char array member (src/logservice/palf/palf_env_impl.h:300). Buffer: the member tmp_log_dir_ (palf_env_impl.h:301). Path: mkdir creates it (src/logservice/palf/palf_env_impl.cpp:861; _mkdir in the Windows arm, :859), is_exists tests it (palf_env_impl.cpp:881), scan_dir scans it (palf_env_impl.cpp:894), and it is the %s of the paths at palf_env_impl.cpp:643 and :868: engine use 3. One conversion, one argument; no %p.	confirmed
src/logservice/palf/palf_env_impl.cpp	PalfEnvImpl::create_palf_handle_impl_	line 339: snprintf call; format "%s/log_stream"; conversions %s; 1 arguments: log_dir_; argument types: char []; conversion and argument pairs: %s <- char []	ENGINE_TEXT	snprintf!(base_dir, MAX_PATH_SIZE, "%s/log_stream", &self.log_dir_[..]): log_dir_ is the member char array, passed whole; cfmt prints it up to its NUL. The engine acts on these bytes (the directory it creates and gives the new palf handle): cfmt only (RULEBOOK 1, Number text row).	sweep: printf-calls.tsv:29 (data row 28). Types: log_dir_ is a char array member (src/logservice/palf/palf_env_impl.h:300). Buffer: the local base_dir (src/logservice/palf/palf_env_impl.cpp:324). Path: create_directory (called at palf_env_impl.cpp:346) makes the .tmp directory (palf_env_impl.cpp:437) and renames it to base_dir (palf_env_impl.cpp:455), and PalfHandleImpl::init receives it as its log directory (palf_env_impl.cpp:347-348): engine use 3. One conversion, one argument; no %p.	confirmed
src/logservice/palf/palf_env_impl.cpp	PalfEnvImpl::create_directory	line 425: snprintf call; format "%s%s"; conversions %s %s; 2 arguments: base_dir, TMP_SUFFIX; argument types: const char * | string literal; conversion and argument pairs: %s <- const char *, %s <- string literal	ENGINE_TEXT	snprintf!(tmp_base_dir, MAX_PATH_SIZE, "%s%s", base_dir, tmp_suffix!()): base_dir is the parameter's C string; TMP_SUFFIX is the object-like macro ".tmp", written as its lowercase macro_rules! (ARCHITECTURE.md section 14 rule 3). The engine acts on these bytes (the directory it creates and renames): cfmt only (RULEBOOK 1, Number text row).	sweep: printf-calls.tsv:30 (data row 29). Types: base_dir is create_directory's const char * parameter (src/logservice/palf/palf_env_impl.cpp:417); TMP_SUFFIX is #define TMP_SUFFIX ".tmp" (src/share/log/palf/log_define.h:57). Buffer: the local tmp_base_dir (palf_env_impl.cpp:422). Path: mkdir creates it (palf_env_impl.cpp:437; _mkdir in the Windows arm, :435), rename_with_retry renames it to base_dir (palf_env_impl.cpp:455), and remove_directory_while_exist_ removes it on failure (palf_env_impl.cpp:461): engine use 3. Two conversions, two arguments; no %p.	confirmed
src/logservice/palf/palf_env_impl.cpp	PalfEnvImpl::create_directory	line 428: snprintf call; format "%s/log"; conversions %s; 1 arguments: tmp_base_dir; argument types: char [MAX_PATH_SIZE]; conversion and argument pairs: %s <- char [MAX_PATH_SIZE]	ENGINE_TEXT	snprintf!(log_dir, MAX_PATH_SIZE, "%s/log", &tmp_base_dir[..]): tmp_base_dir is the local char array, passed whole; cfmt prints it up to its NUL. The engine acts on these bytes (the directory it creates): cfmt only (RULEBOOK 1, Number text row).	sweep: printf-calls.tsv:31 (data row 30). Types: tmp_base_dir is a char array (src/logservice/palf/palf_env_impl.cpp:422). Buffer: the local log_dir (palf_env_impl.cpp:423). Path: mkdir creates it (palf_env_impl.cpp:444; _mkdir in the Windows arm, :442): engine use 3. One conversion, one argument; no %p.	confirmed
src/logservice/palf/palf_env_impl.cpp	PalfEnvImpl::create_directory	line 431: snprintf call; format "%s/meta"; conversions %s; 1 arguments: tmp_base_dir; argument types: char [MAX_PATH_SIZE]; conversion and argument pairs: %s <- char [MAX_PATH_SIZE]	ENGINE_TEXT	snprintf!(meta_dir, MAX_PATH_SIZE, "%s/meta", &tmp_base_dir[..]): tmp_base_dir is the local char array, passed whole; cfmt prints it up to its NUL. The engine acts on these bytes (the directory it creates): cfmt only (RULEBOOK 1, Number text row).	sweep: printf-calls.tsv:32 (data row 31). Types: tmp_base_dir is a char array (src/logservice/palf/palf_env_impl.cpp:422). Buffer: the local meta_dir (palf_env_impl.cpp:424). Path: mkdir creates it (palf_env_impl.cpp:451; _mkdir in the Windows arm, :449): engine use 3. One conversion, one argument; no %p.	confirmed
src/logservice/palf/palf_env_impl.cpp	PalfEnvImpl::remove_directory	line 477: snprintf call; format "%s%s"; conversions %s %s; 2 arguments: log_dir, TMP_SUFFIX; argument types: const char * | string literal; conversion and argument pairs: %s <- const char *, %s <- string literal	ENGINE_TEXT	snprintf!(tmp_log_dir, MAX_PATH_SIZE, "%s%s", log_dir, tmp_suffix!()): log_dir is the parameter's C string; TMP_SUFFIX is the object-like macro ".tmp", written as its lowercase macro_rules! (ARCHITECTURE.md section 14 rule 3). The engine acts on these bytes (the directory it renames to, tests and removes): cfmt only (RULEBOOK 1, Number text row).	sweep: printf-calls.tsv:33 (data row 32). Types: log_dir is remove_directory's const char * parameter (src/logservice/palf/palf_env_impl.cpp:472); TMP_SUFFIX is #define TMP_SUFFIX ".tmp" (src/share/log/palf/log_define.h:57). Buffer: the local tmp_log_dir (palf_env_impl.cpp:476). Path: rename_with_retry renames log_dir to it (palf_env_impl.cpp:480), is_exists tests it (palf_env_impl.cpp:484), and remove_directory_rec removes it (palf_env_impl.cpp:488): engine use 3. Two conversions, two arguments; no %p.	confirmed
src/logservice/palf/palf_env_impl.cpp	PalfEnvImpl::RemoveStaleIncompletePalfFunctor::func	line 643: snprintf call; format "%s/%s"; conversions %s %s; 2 arguments: palf_env_impl_->tmp_log_dir_, d_name; argument types: char [] | const char *; conversion and argument pairs: %s <- char [], %s <- const char *	ENGINE_TEXT	snprintf!(path, MAX_PATH_SIZE, "%s/%s", &self.palf_env_impl_.tmp_log_dir_[..], d_name): tmp_log_dir_ is the environment's char array, passed whole, and d_name the directory entry's d_name array; MAX_PATH_SIZE and the array's OB_MAX_FILE_NAME_LENGTH are both 1024. The engine acts on these bytes (the directory it removes): cfmt only (RULEBOOK 1, Number text row).	sweep: printf-calls.tsv:34 (data row 33). Types: d_name is entry->d_name (src/logservice/palf/palf_env_impl.cpp:627), the char array of the struct dirent the functor receives (palf_env_impl.cpp:622); tmp_log_dir_ is a char array member (src/logservice/palf/palf_env_impl.h:301). Buffer: the local path, char[OB_MAX_FILE_NAME_LENGTH] (palf_env_impl.cpp:641), written with the size MAX_PATH_SIZE; OB_MAX_FILE_NAME_LENGTH is MAX_PATH_SIZE, 1024 (src/oblib/lib/ob_define.h:211, :321). Path: FileDirectoryUtils::delete_directory_rec removes it (palf_env_impl.cpp:646): engine use 3. Two conversions, two arguments; no %p.	confirmed
src/logservice/palf/palf_env_impl.cpp	PalfEnvImpl::reload_palf_handle_impl_	line 726: snprintf call; format "%s/log_stream"; conversions %s; 1 arguments: log_dir_; argument types: char []; conversion and argument pairs: %s <- char []	ENGINE_TEXT	snprintf!(base_dir, MAX_PATH_SIZE, "%s/log_stream", &self.log_dir_[..]): log_dir_ is the member char array, passed whole; cfmt prints it up to its NUL. The engine acts on these bytes (the directory it tests and loads the palf handle from): cfmt only (RULEBOOK 1, Number text row).	sweep: printf-calls.tsv:35 (data row 34). Types: log_dir_ is a char array member (src/logservice/palf/palf_env_impl.h:300). Buffer: the local base_dir (src/logservice/palf/palf_env_impl.cpp:721). Path: is_exists tests it (palf_env_impl.cpp:729) and PalfHandleImpl::load receives it as its log directory (palf_env_impl.cpp:735): engine use 3. One conversion, one argument; no %p.	confirmed
src/logservice/palf/palf_env_impl.cpp	PalfEnvImpl::move_incomplete_palf_into_tmp_dir_	line 865: snprintf call; format "%s/log_stream"; conversions %s; 1 arguments: log_dir_; argument types: char []; conversion and argument pairs: %s <- char []	ENGINE_TEXT	snprintf!(src_log_dir, MAX_PATH_SIZE, "%s/log_stream", &self.log_dir_[..]): log_dir_ is the member char array, passed whole; cfmt prints it up to its NUL. The engine acts on these bytes (the directory it renames): cfmt only (RULEBOOK 1, Number text row).	sweep: printf-calls.tsv:36 (data row 35). Types: log_dir_ is a char array member (src/logservice/palf/palf_env_impl.h:300). Buffer: the local src_log_dir (src/logservice/palf/palf_env_impl.cpp:847). Path: rename_with_retry renames it (palf_env_impl.cpp:871): engine use 3. One conversion, one argument; no %p.	confirmed
src/logservice/palf/palf_env_impl.cpp	PalfEnvImpl::move_incomplete_palf_into_tmp_dir_	line 868: snprintf call; format "%s/log_stream_%ld"; conversions %s %ld; 2 arguments: tmp_log_dir_, timestamp; argument types: char [] | int64_t; conversion and argument pairs: %s <- char [], %ld <- int64_t	ENGINE_TEXT	snprintf!(dest_log_dir, MAX_PATH_SIZE, "%s/log_stream_%ld", &self.tmp_log_dir_[..], timestamp): tmp_log_dir_ is the member char array, passed whole, and timestamp an i64 for %ld. The engine acts on these bytes (the name it renames to): cfmt only (RULEBOOK 1, Number text row).	sweep: printf-calls.tsv:37 (data row 36). Types: tmp_log_dir_ is a char array member (src/logservice/palf/palf_env_impl.h:301); timestamp is an int64_t (src/logservice/palf/palf_env_impl.cpp:850). Buffer: the local dest_log_dir (palf_env_impl.cpp:848). Path: rename_with_retry renames the log_stream directory to it (palf_env_impl.cpp:871): engine use 3. Two conversions, two arguments; no %p.	confirmed
src/logservice/palf/palf_handle_impl.cpp	PalfHandleImpl::init	line 100: snprintf call; format "%s"; conversions %s; 1 arguments: log_dir; argument types: const char *; conversion and argument pairs: %s <- const char *	ENGINE_TEXT	snprintf!(self.log_dir_, MAX_PATH_SIZE, "%s", log_dir): log_dir is init's C string parameter, a byte slice. The engine acts on these bytes (the directory destroy renames and removes): cfmt only (RULEBOOK 1, Number text row).	sweep: printf-calls.tsv:38 (data row 37). Types: log_dir is a const char * parameter of PalfHandleImpl::init (src/logservice/palf/palf_handle_impl.cpp:68). Buffer: the member log_dir_ (src/logservice/palf/palf_handle_impl.h:433). Path: destroy passes it to PalfEnvImpl::remove_directory (palf_handle_impl.cpp:183), which renames and removes it (src/logservice/palf/palf_env_impl.cpp:480, :488): engine use 3. One conversion, one argument; no %p.	confirmed
src/logservice/palf/palf_handle_impl.cpp	PalfHandleImpl::do_init_mem_	line 916: snprintf call; format "%s"; conversions %s; 1 arguments: log_dir; argument types: const char *; conversion and argument pairs: %s <- const char *	ENGINE_TEXT	snprintf!(self.log_dir_, MAX_PATH_SIZE, "%s", log_dir): log_dir is do_init_mem_'s C string parameter, a byte slice. The engine acts on these bytes (the directory destroy renames and removes): cfmt only (RULEBOOK 1, Number text row).	sweep: printf-calls.tsv:39 (data row 38). Types: log_dir is a const char * parameter of PalfHandleImpl::do_init_mem_ (src/logservice/palf/palf_handle_impl.cpp:909). Buffer: the member log_dir_ (src/logservice/palf/palf_handle_impl.h:433). Path: destroy passes it to PalfEnvImpl::remove_directory (palf_handle_impl.cpp:183), which renames and removes it (src/logservice/palf/palf_env_impl.cpp:480, :488): engine use 3. One conversion, one argument; no %p.	confirmed
src/logservice/replayservice/ob_replay_status.cpp	ObReplayStatus::diagnose	line 1314: append_fmt call; format "is_enabled:%s; " "ret:%d; " "min_unreplayed_lsn:%ld; " "min_unreplayed_scn:%lu; " "replay_hint:%ld; " "log_type:%s; " "replay_cost:%ld; " "retry_cost:%ld; "...; conversions %s %d %ld %lu %ld %s %ld %ld %ld; 9 arguments: is_enabled_? "true" : "false", replay_ret, min_unreplayed_lsn.val_, min_unreplayed_scn.get_val_for_inner_table_field(), replay_hint, is_submit_err ? "REPLAY_SUBMIT" : log_type_str, replay_cost, ret...; argument types: const char * | int | uint64_t | uint64_t | int64_t | const char * | int64_t | int64_t | int64_t; conversion and argument pairs: %s <- const char *, %d <- int, %ld <- uint64_t, %lu <- uint64_t, %ld <- int64_t, %s <- const char *, %ld <- int64_t, %ld <- int64_t, %ld <- int64_t	ENGINE_TEXT	Conservative (Q1): append_fmt!(diagnose_info.diagnose_str_, "is_enabled:%s; ret:%d; min_unreplayed_lsn:%ld; min_unreplayed_scn:%lu; replay_hint:%ld; log_type:%s; replay_cost:%ld; retry_cost:%ld; first_handle_time:%ld;", if self.is_enabled_ { b"true" } else { b"false" }, <replay_ret's i32 code>, min_unreplayed_lsn.val_ as i64, min_unreplayed_scn.get_val_for_inner_table_field(), replay_hint, if is_submit_err { b"REPLAY_SUBMIT" } else { &log_type_str[..] }, replay_cost, retry_cost, first_handle_time), the receiver first, then the joined format and the arguments in the C++ order, under the marker // TODO(port): printf-calls Q1: no Rust form named for the C-variadic ObSqlString::append_fmt (src/logservice/replayservice/ob_replay_status.cpp:1314). replay_ret holds only codes, so it is an ObResult and passes its i32 code, 0 for Ok(()) (section 6, item 2); min_unreplayed_lsn.val_ is a uint64_t read by %ld, as i64, the same bits (section 6, item 1); the two ternaries are byte slices. log_type_str is a local [u8; MAX_SERVICE_TYPE_BUF_LENGTH], zero-initialized in Rust. When replay is disabled the C++ prints it before anything has written it, which prints whatever the stack holds up to the first NUL, possibly past the array; the Rust prints an empty string there, under the marker // BUG(port): diagnose prints the uninitialized log_type_str when replay is disabled, repro: call diagnose on an ObReplayStatus whose is_enabled_ is false (src/logservice/replayservice/ob_replay_status.cpp:1326) (RULEBOOK 2.10, the BUG rule). The engine acts on these bytes (nothing reads them: ObLogService::diagnose_replay, the only way in, has no caller): cfmt only (RULEBOOK 1, Number text row).	sweep: printf-calls.tsv:40 (data row 39). Types: the format is nine adjacent literals joined (src/logservice/replayservice/ob_replay_status.cpp:1314-1322); min_unreplayed_lsn is a palf::LSN (ob_replay_status.cpp:1278) whose val_ is offset_t (src/share/log/palf/lsn.h:49), a uint64_t (src/share/log/palf/log_define.h:69); get_val_for_inner_table_field returns uint64_t (src/share/scn.h:93); replay_ret is an int that holds OB_SUCCESS, err_info_.err_ret_ or OB_EAGAIN (ob_replay_status.cpp:1286, :1307, :1310); log_type_str is a char array declared without an initializer (ob_replay_status.cpp:1282), which only log_base_type_to_string writes (ob_replay_status.cpp:1297); on the !is_enabled_ path ret becomes OB_STATE_NOT_MATCH (ob_replay_status.cpp:1291-1292), which the test at ob_replay_status.cpp:1312 accepts, so append_fmt runs with is_submit_err false and prints log_type_str (ob_replay_status.cpp:1326) before anything has written it; replay_hint, replay_cost, retry_cost and first_handle_time are int64_t (ob_replay_status.cpp:1280, :1283-1285). Buffer: diagnose_info.diagnose_str_, an ObSqlString (src/logservice/replayservice/ob_replay_status.h:85) that ReplayDiagnoseInfo's TO_STRING_KV does not print (ob_replay_status.h:86-87). Path: ObReplayStatus::diagnose fills the caller's diagnose_info; its one caller is ObLogReplayService::diagnose (src/logservice/replayservice/ob_log_replay_service.cpp:1392), whose one caller is ObLogService::diagnose_replay (src/logservice/ob_log_service.cpp:493), which nothing calls (`grep -rn 'diagnose_replay' src` prints only its definition and declaration), so nothing reads the bytes (engine use 5). Nine conversions, nine arguments; no %p. Question: what is the Rust form of a C-variadic printf-family function such as ObSqlString::append_fmt (src/oblib/lib/string/ob_sql_string.h:58), which the design does not name (open question 1 (a))?	unknown
src/objit/include/objit/common/ob_item_type.h	databuff_print_obj	line 2473: databuff_printf call; format "\"%s\""; conversions %s; 1 arguments: get_type_name(obj); argument types: const char *; conversion and argument pairs: %s <- const char *	NOT_TRANSLATED	None: src/objit/include/objit/common/ob_item_type.h is a dropped copy of src/query/api/query/parser/ob_item_type.h, translated once as that file (s1-crates-core.md 5.3 rule 7).	sweep: printf-calls.tsv:41 (data row 40). not-translated.tsv:170: src/objit/include/objit/common/ob_item_type.h, reason dropped: "aliases.tsv: a copy of src/query/api/query/parser/ob_item_type.h (include guard OCEANBASE_SQL_OB_ITEM_TYPE_H_), translated once as that file". No manifest.tsv or core-manifest.tsv input covers the file.	confirmed
src/objit/include/objit/common/ob_item_type.h	databuff_print_key_obj	line 2480: databuff_printf call; format WITH_COMMA("%s:\"%s\""); conversions %s %s; format uses macros WITH_COMMA; 2 arguments: key, get_type_name(obj); argument types: const char * | const char *; conversion and argument pairs: %s <- const char *, %s <- const char *	NOT_TRANSLATED	None: src/objit/include/objit/common/ob_item_type.h is a dropped copy of src/query/api/query/parser/ob_item_type.h, translated once as that file (s1-crates-core.md 5.3 rule 7).	sweep: printf-calls.tsv:42 (data row 41). not-translated.tsv:170: src/objit/include/objit/common/ob_item_type.h, reason dropped: "aliases.tsv: a copy of src/query/api/query/parser/ob_item_type.h (include guard OCEANBASE_SQL_OB_ITEM_TYPE_H_), translated once as that file". No manifest.tsv or core-manifest.tsv input covers the file.	confirmed
src/oblib/common/datum/ob_datum.cpp	DEF_TO_STRING(ObDatum)	line 135: BUF_PRINTF call; format "len: %d, flag: %d, null: %d, ptr: %p"; conversions %d %d %d %p; 4 arguments: len_, flag_, null_, ptr_; argument types: ? | ? | ? | ?; conversion and argument pairs: %d <- ?, %d <- ?, %d <- ?, %p <- ?; has %p; inside to_string	CLIENT_TEXT	buf_printf!(buf, pos, "len: %d, flag: %d, null: %d, ptr: %p", self.len_() as i32, self.flag_() as i32, self.null_() as i32, <address of the value bytes>), the names BUF_PRINTF reads passed as buf_printf! takes them (RULEBOOK 2.3, printf row): len_, flag_ and null_ are uint32_t bit fields read through their getters, which C promotes to int (section 6, item 1); ptr_ points to the datum's value bytes, which have no id, so the %p takes open question 3's conservative form: the address of the Rust slice that holds those bytes (bytes.as_ptr().addr() as u64), 0 for a null ptr_, under the marker // TODO(port): printf-calls Q3: %p of the datum's value bytes ptr_ (src/oblib/common/datum/ob_datum.cpp:135). The text reaches the client (the user_data cell of __all_virtual_mds_node_stat, through storage_to_string and ObDatumRowkey::to_string): cfmt only, never format! or write! (RULEBOOK 2.3, printf row; RULEBOOK 1, Number text row); ObDatum::to_string stays a function of its name whose text equals the C++'s (RULEBOOK 2.3, TO_STRING_KV row; RULEBOOK section 6 item 9).	sweep: printf-calls.tsv:43 (data row 42). Types: the sweep's four ? are the ObDatumDesc bit fields len_, flag_ and null_, uint32_t of 29, 2 and 1 bits (src/oblib/common/datum/ob_datum.h:143-145), and ptr_, a const char * (ob_datum.h:108). Buffer: DEF_TO_STRING(ObDatum)'s buf and buf_len with its local pos (src/oblib/common/datum/ob_datum.cpp:126-128), the names BUF_PRINTF reads (ob_print_utils.h:1016). Client path: ObStorageDatum::storage_to_string calls this to_string for a datum that is not extended when for_dump is false (src/data_plane/api/data_plane/blocksstable/ob_storage_datum.h:286-287); ObDatumRowkey::to_string (src/storage/blocksstable/ob_datum_rowkey.cpp:182) calls storage_to_string for each datum (ob_datum_rowkey.cpp:196); ObParallelMergeInfo::to_string prints each parallel_datum_rowkey_list_ key (src/storage/compaction/ob_medium_compaction_info.cpp:242), which ObMediumCompactionInfo::to_string prints as K_(parallel_merge_info) (ob_medium_compaction_info.cpp:516); UserMdsNode::fill_virtual_info prints the node's user data into stack_buffer with the object form of databuff_printf and copies it into mds_node_info.user_data_ (src/storage/multi_data_source/mds_node.ipp:355-356), for the medium compaction info nodes read from the MDS sstable (src/storage/tablet/ob_i_tablet_mds_interface.ipp:792, :712); ObAllVirtualMdsNodeStat puts user_data_ into the user_data cell (src/observer/virtual_table/ob_all_virtual_mds_node_stat.cpp:197, :200). One client path decides (section 4), so the other callers are not followed. Four conversions, four arguments. The address can never equal the reference's, and this %p reaches a client cell: listed for the judge's owner (open question 3). Question: what does a translated %p print for an object that has no id, here a datum's value bytes (open question 3)?	unknown
src/oblib/common/datum/ob_datum.cpp	DEF_TO_STRING(ObDatum)	line 141: BUF_PRINTF call; format ", hex: "; conversions none; 0 arguments; inside to_string	CLIENT_TEXT	buf_printf!(buf, pos, ", hex: "), the names BUF_PRINTF reads passed as buf_printf! takes them (RULEBOOK 2.3, printf row); no arguments. The text reaches the client (the user_data cell of __all_virtual_mds_node_stat, through storage_to_string and ObDatumRowkey::to_string): cfmt only, never format! or write! (RULEBOOK 2.3, printf row; RULEBOOK 1, Number text row); ObDatum::to_string stays a function of its name whose text equals the C++'s (RULEBOOK 2.3, TO_STRING_KV row; RULEBOOK section 6 item 9).	sweep: printf-calls.tsv:44 (data row 43). No arguments. The line runs for a datum with len_ above 0 (src/oblib/common/datum/ob_datum.cpp:136). Buffer: DEF_TO_STRING(ObDatum)'s buf and buf_len with its local pos (src/oblib/common/datum/ob_datum.cpp:126-128), the names BUF_PRINTF reads (ob_print_utils.h:1016). Client path: ObStorageDatum::storage_to_string calls this to_string for a datum that is not extended when for_dump is false (src/data_plane/api/data_plane/blocksstable/ob_storage_datum.h:286-287); ObDatumRowkey::to_string (src/storage/blocksstable/ob_datum_rowkey.cpp:182) calls storage_to_string for each datum (ob_datum_rowkey.cpp:196); ObParallelMergeInfo::to_string prints each parallel_datum_rowkey_list_ key (src/storage/compaction/ob_medium_compaction_info.cpp:242), which ObMediumCompactionInfo::to_string prints as K_(parallel_merge_info) (ob_medium_compaction_info.cpp:516); UserMdsNode::fill_virtual_info prints the node's user data into stack_buffer with the object form of databuff_printf and copies it into mds_node_info.user_data_ (src/storage/multi_data_source/mds_node.ipp:355-356), for the medium compaction info nodes read from the MDS sstable (src/storage/tablet/ob_i_tablet_mds_interface.ipp:792, :712); ObAllVirtualMdsNodeStat puts user_data_ into the user_data cell (src/observer/virtual_table/ob_all_virtual_mds_node_stat.cpp:197, :200). One client path decides (section 4), so the other callers are not followed. No conversions; no %p.	confirmed
src/oblib/common/datum/ob_datum.cpp	DEF_TO_STRING(ObDatum)	line 147: BUF_PRINTF call; format ", int: %ld"; conversions %ld; 1 arguments: *int_; argument types: ?; conversion and argument pairs: %ld <- ?; inside to_string	CLIENT_TEXT	buf_printf!(buf, pos, ", int: %ld", self.get_int()), the names BUF_PRINTF reads passed as buf_printf! takes them (RULEBOOK 2.3, printf row): *int_ is the datum's value read as an int64_t, which the ObDatum getter get_int returns, an i64 for %ld (section 6, item 1). The text reaches the client (the user_data cell of __all_virtual_mds_node_stat, through storage_to_string and ObDatumRowkey::to_string): cfmt only, never format! or write! (RULEBOOK 2.3, printf row; RULEBOOK 1, Number text row); ObDatum::to_string stays a function of its name whose text equals the C++'s (RULEBOOK 2.3, TO_STRING_KV row; RULEBOOK section 6 item 9).	sweep: printf-calls.tsv:45 (data row 44). Types: the sweep's ? is *int_, an int64_t: int_ is a const int64_t * (src/oblib/common/datum/ob_datum.h:109) and get_int returns *int_ (ob_datum.h:229). The line runs when len_ equals sizeof(int64_t) (src/oblib/common/datum/ob_datum.cpp:146). Buffer: DEF_TO_STRING(ObDatum)'s buf and buf_len with its local pos (src/oblib/common/datum/ob_datum.cpp:126-128), the names BUF_PRINTF reads (ob_print_utils.h:1016). Client path: ObStorageDatum::storage_to_string calls this to_string for a datum that is not extended when for_dump is false (src/data_plane/api/data_plane/blocksstable/ob_storage_datum.h:286-287); ObDatumRowkey::to_string (src/storage/blocksstable/ob_datum_rowkey.cpp:182) calls storage_to_string for each datum (ob_datum_rowkey.cpp:196); ObParallelMergeInfo::to_string prints each parallel_datum_rowkey_list_ key (src/storage/compaction/ob_medium_compaction_info.cpp:242), which ObMediumCompactionInfo::to_string prints as K_(parallel_merge_info) (ob_medium_compaction_info.cpp:516); UserMdsNode::fill_virtual_info prints the node's user data into stack_buffer with the object form of databuff_printf and copies it into mds_node_info.user_data_ (src/storage/multi_data_source/mds_node.ipp:355-356), for the medium compaction info nodes read from the MDS sstable (src/storage/tablet/ob_i_tablet_mds_interface.ipp:792, :712); ObAllVirtualMdsNodeStat puts user_data_ into the user_data cell (src/observer/virtual_table/ob_all_virtual_mds_node_stat.cpp:197, :200). One client path decides (section 4), so the other callers are not followed. One conversion, one argument; no %p.	confirmed
src/oblib/common/datum/ob_datum.cpp	DEF_TO_STRING(ObDatum)	line 150: BUF_PRINTF call; format ", num_digit0: %u"; conversions %u; 1 arguments: num_->digits_[0]; argument types: ?; conversion and argument pairs: %u <- ?; inside to_string	CLIENT_TEXT	buf_printf!(buf, pos, ", num_digit0: %u", <the first digit of the compact number>), the names BUF_PRINTF reads passed as buf_printf! takes them (RULEBOOK 2.3, printf row): num_->digits_[0] is a uint32_t, a u32 for %u (section 6, item 1). The text reaches the client (the user_data cell of __all_virtual_mds_node_stat, through storage_to_string and ObDatumRowkey::to_string): cfmt only, never format! or write! (RULEBOOK 2.3, printf row; RULEBOOK 1, Number text row); ObDatum::to_string stays a function of its name whose text equals the C++'s (RULEBOOK 2.3, TO_STRING_KV row; RULEBOOK section 6 item 9).	sweep: printf-calls.tsv:46 (data row 45). Types: the sweep's ? is a uint32_t: num_ is a const number::ObCompactNumber * (src/oblib/common/datum/ob_datum.h:114) whose digits_ are uint32_t (src/oblib/common/number/ob_number_v2.h:110). Buffer: DEF_TO_STRING(ObDatum)'s buf and buf_len with its local pos (src/oblib/common/datum/ob_datum.cpp:126-128), the names BUF_PRINTF reads (ob_print_utils.h:1016). Client path: ObStorageDatum::storage_to_string calls this to_string for a datum that is not extended when for_dump is false (src/data_plane/api/data_plane/blocksstable/ob_storage_datum.h:286-287); ObDatumRowkey::to_string (src/storage/blocksstable/ob_datum_rowkey.cpp:182) calls storage_to_string for each datum (ob_datum_rowkey.cpp:196); ObParallelMergeInfo::to_string prints each parallel_datum_rowkey_list_ key (src/storage/compaction/ob_medium_compaction_info.cpp:242), which ObMediumCompactionInfo::to_string prints as K_(parallel_merge_info) (ob_medium_compaction_info.cpp:516); UserMdsNode::fill_virtual_info prints the node's user data into stack_buffer with the object form of databuff_printf and copies it into mds_node_info.user_data_ (src/storage/multi_data_source/mds_node.ipp:355-356), for the medium compaction info nodes read from the MDS sstable (src/storage/tablet/ob_i_tablet_mds_interface.ipp:792, :712); ObAllVirtualMdsNodeStat puts user_data_ into the user_data cell (src/observer/virtual_table/ob_all_virtual_mds_node_stat.cpp:197, :200). One client path decides (section 4), so the other callers are not followed. One conversion, one argument; no %p.	confirmed
src/oblib/common/datum/ob_datum.cpp	DEF_TO_STRING(ObDatum)	line 159: BUF_PRINTF call; format ", cstr: %.*s"; conversions %.*s; 2 arguments: static_cast<int>(plen), ptr_; argument types: int | ?; conversion and argument pairs: %.*s width or precision <- int, %.*s <- ?; inside to_string	CLIENT_TEXT	buf_printf!(buf, pos, ", cstr: %.*s", <the datum's first plen value bytes>), the names BUF_PRINTF reads passed as buf_printf! takes them (RULEBOOK 2.3, printf row): the precision static_cast<int>(plen) and ptr_ are one byte slice, the first plen bytes of the datum's value (s2-errors.md 2.9, the %.*s row of its table, which rule 1 keeps for the printf family). The text reaches the client (the user_data cell of __all_virtual_mds_node_stat, through storage_to_string and ObDatumRowkey::to_string): cfmt only, never format! or write! (RULEBOOK 2.3, printf row; RULEBOOK 1, Number text row); ObDatum::to_string stays a function of its name whose text equals the C++'s (RULEBOOK 2.3, TO_STRING_KV row; RULEBOOK section 6 item 9).	sweep: printf-calls.tsv:47 (data row 46). Types: the sweep's ? is ptr_, a const char * (src/oblib/common/datum/ob_datum.h:108); plen is min(len_, 128) (src/oblib/common/datum/ob_datum.cpp:130, :138-139), and the isprint loop that guards the call (ob_datum.cpp:155) stops at a NUL, so the slice holds no NUL and cfmt prints all of it. Buffer: DEF_TO_STRING(ObDatum)'s buf and buf_len with its local pos (src/oblib/common/datum/ob_datum.cpp:126-128), the names BUF_PRINTF reads (ob_print_utils.h:1016). Client path: ObStorageDatum::storage_to_string calls this to_string for a datum that is not extended when for_dump is false (src/data_plane/api/data_plane/blocksstable/ob_storage_datum.h:286-287); ObDatumRowkey::to_string (src/storage/blocksstable/ob_datum_rowkey.cpp:182) calls storage_to_string for each datum (ob_datum_rowkey.cpp:196); ObParallelMergeInfo::to_string prints each parallel_datum_rowkey_list_ key (src/storage/compaction/ob_medium_compaction_info.cpp:242), which ObMediumCompactionInfo::to_string prints as K_(parallel_merge_info) (ob_medium_compaction_info.cpp:516); UserMdsNode::fill_virtual_info prints the node's user data into stack_buffer with the object form of databuff_printf and copies it into mds_node_info.user_data_ (src/storage/multi_data_source/mds_node.ipp:355-356), for the medium compaction info nodes read from the MDS sstable (src/storage/tablet/ob_i_tablet_mds_interface.ipp:792, :712); ObAllVirtualMdsNodeStat puts user_data_ into the user_data cell (src/observer/virtual_table/ob_all_virtual_mds_node_stat.cpp:197, :200). One client path decides (section 4), so the other callers are not followed. One %.*s reads two arguments and the call passes two; no %p.	confirmed
src/oblib/common/json_type/ob_json_base.h	ObIJsonBase::to_string	line 226: databuff_printf call; format "is_tree = %d"; conversions %d; 1 arguments: is_tree(); argument types: bool; conversion and argument pairs: %d <- bool; inside to_string	LOG_TEXT	databuff_printf_2!(buf, buf_len, pos, "is_tree = %d", self.is_tree() as i32) in ObIJsonBase::to_string: is_tree returns a bool, which C promotes to int (section 6, item 1). Server-log text, kept as the C++ writes it (RULEBOOK 1, Logging row).	sweep: printf-calls.tsv:48 (data row 47). Types: is_tree returns bool (src/oblib/common/json_type/ob_json_base.h:229). Buffer: to_string's buf and buf_len with its local pos (ob_json_base.h:223-225). Uses: no code calls a JSON node's to_string or hands a JSON node to ObCStringHelper::convert or to_cstring outside a log macro (`grep -rnE '(convert|to_cstring)\(\*?(j_|json|jb|j_base|j_node|jnode|doc|j_doc|j_obj|j_arr|j_val)[A-Za-z_]*\)' src` prints nothing, and `grep -rnE '(j_|json|jb|j_base|j_node|jnode|j_doc|j_obj|j_arr|j_val)[A-Za-z_]*(\.|->)to_string\(' src` finds only a generic mover, the log JSON convertor, ObJsonBuilder, a tidy printer and ObJsonPath); and the members that hold JSON nodes, directly or in a container (src/oblib/common/json_type/ob_json_schema.h:260-264, :346, :415, src/oblib/common/json_type/ob_json_parse.h:205-206, src/oblib/common/json_type/ob_json_base.h:165, :167, :179, :181, :187, :212, src/oblib/common/json_type/ob_json_tree.h:127, :179, :320, :421, src/oblib/common/json_type/ob_json_tree.cpp:32, src/data_plane/api/data_plane/fts/ob_fts_parser_property.h:128, src/sql/engine/basic/ob_json_table_op.h:246-248, src/sql/engine/expr/ob_expr_json_func_helper.h:530; `grep -rnE '^\s*(const\s+)?Ob(IJsonBase|Json(Node|Bin|Container|Object|Array|Scalar|Number|Decimal|Double|Int|Uint|String|Null|Datetime|Opaque|Boolean|ODecimal|OFloat|OInt|OLong|ODouble|ORawString|BaseVector|BaseSortedVector|NodeVector|SchemaPointers|ObjectArray))\s*\*?\s*[a-z_]+_\s*;' src` prints all of them but the ObStack at ob_json_schema.h:263) are keys of no TO_STRING_KV or J_KV in their files. So the text reaches only log keys (a to_string whose uses are log keys, section 4). One conversion, one argument; no %p.	confirmed
src/oblib/common/json_type/ob_json_schema.h	ObJsonSchemaType::to_string	line 59: databuff_printf call; format "falgs_ = %ld"; conversions %ld; 1 arguments: flags_; argument types: uint64_t; conversion and argument pairs: %ld <- uint64_t; inside to_string	LOG_TEXT	databuff_printf_2!(buf, buf_len, pos, "falgs_ = %ld", self.flags_ as i64) in ObJsonSchemaType::to_string: flags_ is the uint64_t word of the flag union, read by %ld, so it is passed as i64, the same bits (section 6, item 1). Server-log text, kept as the C++ writes it (RULEBOOK 1, Logging row).	sweep: printf-calls.tsv:49 (data row 48). Types: flags_ is a uint64_t (src/oblib/common/json_type/ob_json_schema.h:55). Buffer: to_string's buf and buf_len with its local pos (ob_json_schema.h:56-58). Uses: ObJsonSchemaType is a flag union, not a JSON node, so the node searches do not reach it. `grep -rn 'ObJsonSchemaType' src` finds it only in src/oblib/common/json_type/ob_json_schema.h and src/oblib/common/json_type/ob_json_schema.cpp, and there only as locals and parameters, no member of a class: schema_type (src/oblib/common/json_type/ob_json_schema.cpp:215), old_val, new_val and final_val (ob_json_schema.cpp:331, :333, :335), valid_type (ob_json_schema.cpp:2403, :2686, :2852, :3008, :3161, :3296), comp_type (ob_json_schema.cpp:2638), defined_type (ob_json_schema.cpp:3344), and the s_type, schema_type, valid_type and real_type parameters. None of them is printed: `grep -nE '\b(schema_type|s_type|valid_type|comp_type|defined_type|real_type|old_val|new_val|final_val)\b' src/oblib/common/json_type/ob_json_schema.cpp src/oblib/common/json_type/ob_json_schema.h | grep -E 'K\(|KPC|K_\(|convert|to_string|BUF_PRINTO|databuff_print|J_KV|to_cstring'` prints nothing. A to_string with no explicit use is LOG_TEXT (section 14.1, line 6115). One conversion, one argument; no %p.	confirmed
src/oblib/common/json_type/ob_json_schema.h	ObJsonSubSchemaKeywords::to_string	line 84: databuff_printf call; format "falgs_ = %d"; conversions %d; 1 arguments: flags_; argument types: uint16_t; conversion and argument pairs: %d <- uint16_t; inside to_string	LOG_TEXT	databuff_printf_2!(buf, buf_len, pos, "falgs_ = %d", self.flags_ as i32) in ObJsonSubSchemaKeywords::to_string: flags_ is a uint16_t, which C promotes to int (section 6, item 1). Server-log text, kept as the C++ writes it (RULEBOOK 1, Logging row).	sweep: printf-calls.tsv:50 (data row 49). Types: flags_ is a uint16_t (src/oblib/common/json_type/ob_json_schema.h:80). Buffer: to_string's buf and buf_len with its local pos (ob_json_schema.h:81-83). Uses: ObJsonSubSchemaKeywords is a flag union, not a JSON node, so the node searches do not reach it. `grep -rn 'ObJsonSubSchemaKeywords' src` finds it only in src/oblib/common/json_type/ob_json_schema.h and src/oblib/common/json_type/ob_json_schema.cpp, and there only as the local key_words (src/oblib/common/json_type/ob_json_schema.cpp:216) and the key_words parameters, no member of a class. None of them is printed: `grep -nE '\bkey_words\b' src/oblib/common/json_type/ob_json_schema.cpp src/oblib/common/json_type/ob_json_schema.h | grep -E 'K\(|KPC|K_\(|convert|to_string|BUF_PRINTO|databuff_print|J_KV|to_cstring'` prints nothing. A to_string with no explicit use is LOG_TEXT (section 14.1, line 6115). One conversion, one argument; no %p.	confirmed
src/oblib/common/json_type/ob_json_tree.h	ObJsonNode::to_string	line 60: databuff_printf call; format "json_type = %d"; conversions %d; 1 arguments: json_type(); argument types: ObJsonNodeType; conversion and argument pairs: %d <- ObJsonNodeType; inside to_string	LOG_TEXT	databuff_printf_2!(buf, buf_len, pos, "json_type = %d", self.json_type().0) in ObJsonNode::to_string: ObJsonNodeType is an enum class built from integers, so it is RULEBOOK 2.3's newtype over its int, and %d takes its .0 (section 6, item 3). Server-log text, kept as the C++ writes it (RULEBOOK 1, Logging row).	sweep: printf-calls.tsv:51 (data row 50). Types: json_type is the virtual ObIJsonBase::json_type (src/oblib/common/json_type/ob_json_base.h:248) returning ObJsonNodeType, an enum class with no fixed type (ob_json_base.h:40) that static_cast builds from integers (src/oblib/common/json_type/ob_json_bin.h:585; src/oblib/common/json_type/ob_json_bin.cpp:3419, :3686). Buffer: to_string's buf and buf_len with its local pos (src/oblib/common/json_type/ob_json_tree.h:57-59). Uses: no code calls a JSON node's to_string or hands a JSON node to ObCStringHelper::convert or to_cstring outside a log macro (`grep -rnE '(convert|to_cstring)\(\*?(j_|json|jb|j_base|j_node|jnode|doc|j_doc|j_obj|j_arr|j_val)[A-Za-z_]*\)' src` prints nothing, and `grep -rnE '(j_|json|jb|j_base|j_node|jnode|j_doc|j_obj|j_arr|j_val)[A-Za-z_]*(\.|->)to_string\(' src` finds only a generic mover, the log JSON convertor, ObJsonBuilder, a tidy printer and ObJsonPath); and the members that hold JSON nodes, directly or in a container (src/oblib/common/json_type/ob_json_schema.h:260-264, :346, :415, src/oblib/common/json_type/ob_json_parse.h:205-206, src/oblib/common/json_type/ob_json_base.h:165, :167, :179, :181, :187, :212, src/oblib/common/json_type/ob_json_tree.h:127, :179, :320, :421, src/oblib/common/json_type/ob_json_tree.cpp:32, src/data_plane/api/data_plane/fts/ob_fts_parser_property.h:128, src/sql/engine/basic/ob_json_table_op.h:246-248, src/sql/engine/expr/ob_expr_json_func_helper.h:530; `grep -rnE '^\s*(const\s+)?Ob(IJsonBase|Json(Node|Bin|Container|Object|Array|Scalar|Number|Decimal|Double|Int|Uint|String|Null|Datetime|Opaque|Boolean|ODecimal|OFloat|OInt|OLong|ODouble|ORawString|BaseVector|BaseSortedVector|NodeVector|SchemaPointers|ObjectArray))\s*\*?\s*[a-z_]+_\s*;' src` prints all of them but the ObStack at ob_json_schema.h:263) are keys of no TO_STRING_KV or J_KV in their files. So the text reaches only log keys (a to_string whose uses are log keys, section 4). One conversion, one argument; no %p.	confirmed
src/oblib/common/json_type/ob_json_tree.h	ObJsonObjectPair::to_string	line 174: databuff_printf call; format "key = %s"; conversions %s; 1 arguments: key_.ptr(); argument types: char * or const char *; conversion and argument pairs: %s <- char * or const char *; inside to_string	LOG_TEXT	databuff_printf_2!(buf, buf_len, pos, "key = %s", &self.key_[..]) in ObJsonObjectPair::to_string: key_.ptr() with no length is the ObString's bytes (section 6, item 5; a LOG_TEXT row needs no proof of the NUL after them). Server-log text, kept as the C++ writes it (RULEBOOK 1, Logging row).	sweep: printf-calls.tsv:52 (data row 51). Types: key_ is an ObString (src/oblib/common/json_type/ob_json_tree.h:178). Buffer: to_string's buf and buf_len with its local pos (src/oblib/common/json_type/ob_json_tree.h:171). Uses: ObJsonObjectPair is not a JSON node, so the node searches do not reach it. Its values are the elements of ObJsonObject's object_array_ (src/oblib/common/json_type/ob_json_tree.h:320), which no to_string prints (ObJsonObject::to_string prints only element_count, src/oblib/common/json_type/ob_json_tree.h:201), and the locals of src/oblib/common/json_type/ob_json_tree.cpp:480, :566, :616, :668, :715, :753-754 and src/share/object/ob_array_cast.cpp:604 (`grep -rnE 'ObJsonObjectPair\s*[*&]?\s*[a-z_]+' src` prints them, the class line and ObJsonKeyCompare's two parameters, src/oblib/common/json_type/ob_json_tree.h:154, :869, which only compare keys). None of them is printed: `grep -nE '\b(obj_pair|pair|cur_ref|pos_ref)\b' src/oblib/common/json_type/ob_json_tree.cpp | grep -E 'K\(|KP\(|KPC\(|convert|to_string|to_cstring|BUF_PRINTO|databuff_print|LOG'` prints nothing, and in src/share/object/ob_array_cast.cpp neither key_value nor json_obj_array, the local that points at the array (ob_array_cast.cpp:572), is printed. A to_string with no explicit use is LOG_TEXT (section 14.1, line 6115). One conversion, one argument; no %p.	confirmed
src/oblib/common/json_type/ob_json_tree.h	ObJsonObject::to_string	line 201: databuff_printf call; format "json object element_count = %lu"; conversions %lu; 1 arguments: element_count(); argument types: uint64_t; conversion and argument pairs: %lu <- uint64_t; inside to_string	LOG_TEXT	databuff_printf_2!(buf, buf_len, pos, "json object element_count = %lu", self.element_count()) in ObJsonObject::to_string: element_count returns a uint64_t, a u64 for %lu (section 6, item 1). Server-log text, kept as the C++ writes it (RULEBOOK 1, Logging row).	sweep: printf-calls.tsv:53 (data row 52). Types: ObJsonObject::element_count returns uint64_t (src/oblib/common/json_type/ob_json_tree.h:205). Buffer: to_string's buf and buf_len with its local pos (src/oblib/common/json_type/ob_json_tree.h:198). Uses: no code calls a JSON node's to_string or hands a JSON node to ObCStringHelper::convert or to_cstring outside a log macro (`grep -rnE '(convert|to_cstring)\(\*?(j_|json|jb|j_base|j_node|jnode|doc|j_doc|j_obj|j_arr|j_val)[A-Za-z_]*\)' src` prints nothing, and `grep -rnE '(j_|json|jb|j_base|j_node|jnode|j_doc|j_obj|j_arr|j_val)[A-Za-z_]*(\.|->)to_string\(' src` finds only a generic mover, the log JSON convertor, ObJsonBuilder, a tidy printer and ObJsonPath); and the members that hold JSON nodes, directly or in a container (src/oblib/common/json_type/ob_json_schema.h:260-264, :346, :415, src/oblib/common/json_type/ob_json_parse.h:205-206, src/oblib/common/json_type/ob_json_base.h:165, :167, :179, :181, :187, :212, src/oblib/common/json_type/ob_json_tree.h:127, :179, :320, :421, src/oblib/common/json_type/ob_json_tree.cpp:32, src/data_plane/api/data_plane/fts/ob_fts_parser_property.h:128, src/sql/engine/basic/ob_json_table_op.h:246-248, src/sql/engine/expr/ob_expr_json_func_helper.h:530; `grep -rnE '^\s*(const\s+)?Ob(IJsonBase|Json(Node|Bin|Container|Object|Array|Scalar|Number|Decimal|Double|Int|Uint|String|Null|Datetime|Opaque|Boolean|ODecimal|OFloat|OInt|OLong|ODouble|ORawString|BaseVector|BaseSortedVector|NodeVector|SchemaPointers|ObjectArray))\s*\*?\s*[a-z_]+_\s*;' src` prints all of them but the ObStack at ob_json_schema.h:263) are keys of no TO_STRING_KV or J_KV in their files. So the text reaches only log keys (a to_string whose uses are log keys, section 4). One conversion, one argument; no %p.	confirmed
src/oblib/common/json_type/ob_json_tree.h	ObJsonArray::to_string	line 345: databuff_printf call; format "json array element_count = %lu"; conversions %lu; 1 arguments: element_count(); argument types: uint64_t; conversion and argument pairs: %lu <- uint64_t; inside to_string	LOG_TEXT	databuff_printf_2!(buf, buf_len, pos, "json array element_count = %lu", self.element_count()) in ObJsonArray::to_string: element_count returns a uint64_t, a u64 for %lu (section 6, item 1). Server-log text, kept as the C++ writes it (RULEBOOK 1, Logging row).	sweep: printf-calls.tsv:54 (data row 53). Types: ObJsonArray::element_count returns uint64_t (src/oblib/common/json_type/ob_json_tree.h:349). Buffer: to_string's buf and buf_len with its local pos (src/oblib/common/json_type/ob_json_tree.h:342). Uses: no code calls a JSON node's to_string or hands a JSON node to ObCStringHelper::convert or to_cstring outside a log macro (`grep -rnE '(convert|to_cstring)\(\*?(j_|json|jb|j_base|j_node|jnode|doc|j_doc|j_obj|j_arr|j_val)[A-Za-z_]*\)' src` prints nothing, and `grep -rnE '(j_|json|jb|j_base|j_node|jnode|j_doc|j_obj|j_arr|j_val)[A-Za-z_]*(\.|->)to_string\(' src` finds only a generic mover, the log JSON convertor, ObJsonBuilder, a tidy printer and ObJsonPath); and the members that hold JSON nodes, directly or in a container (src/oblib/common/json_type/ob_json_schema.h:260-264, :346, :415, src/oblib/common/json_type/ob_json_parse.h:205-206, src/oblib/common/json_type/ob_json_base.h:165, :167, :179, :181, :187, :212, src/oblib/common/json_type/ob_json_tree.h:127, :179, :320, :421, src/oblib/common/json_type/ob_json_tree.cpp:32, src/data_plane/api/data_plane/fts/ob_fts_parser_property.h:128, src/sql/engine/basic/ob_json_table_op.h:246-248, src/sql/engine/expr/ob_expr_json_func_helper.h:530; `grep -rnE '^\s*(const\s+)?Ob(IJsonBase|Json(Node|Bin|Container|Object|Array|Scalar|Number|Decimal|Double|Int|Uint|String|Null|Datetime|Opaque|Boolean|ODecimal|OFloat|OInt|OLong|ODouble|ORawString|BaseVector|BaseSortedVector|NodeVector|SchemaPointers|ObjectArray))\s*\*?\s*[a-z_]+_\s*;' src` prints all of them but the ObStack at ob_json_schema.h:263) are keys of no TO_STRING_KV or J_KV in their files. So the text reaches only log keys (a to_string whose uses are log keys, section 4). One conversion, one argument; no %p.	confirmed
src/oblib/common/json_type/ob_json_tree.h	ObJsonDecimal::to_string	line 466: databuff_printf call; format "json decimal, prec_ = %d, scale_ = %d"; conversions %d %d; 2 arguments: prec_, scale_; argument types: int16_t | int16_t; conversion and argument pairs: %d <- int16_t, %d <- int16_t; inside to_string	LOG_TEXT	databuff_printf_2!(buf, buf_len, pos, "json decimal, prec_ = %d, scale_ = %d", self.prec_ as i32, self.scale_ as i32) in ObJsonDecimal::to_string, after value_'s own to_string: prec_ and scale_ are int16_t, which C promotes to int (section 6, item 1). Server-log text, kept as the C++ writes it (RULEBOOK 1, Logging row).	sweep: printf-calls.tsv:55 (data row 54). Types: prec_ is an ObPrecision and scale_ an ObScale (src/oblib/common/json_type/ob_json_tree.h:485-486), both int16_t (src/oblib/common/ob_accuracy.h:30-31). Buffer: to_string's buf and buf_len with its local pos (src/oblib/common/json_type/ob_json_tree.h:463). Uses: no code calls a JSON node's to_string or hands a JSON node to ObCStringHelper::convert or to_cstring outside a log macro (`grep -rnE '(convert|to_cstring)\(\*?(j_|json|jb|j_base|j_node|jnode|doc|j_doc|j_obj|j_arr|j_val)[A-Za-z_]*\)' src` prints nothing, and `grep -rnE '(j_|json|jb|j_base|j_node|jnode|j_doc|j_obj|j_arr|j_val)[A-Za-z_]*(\.|->)to_string\(' src` finds only a generic mover, the log JSON convertor, ObJsonBuilder, a tidy printer and ObJsonPath); and the members that hold JSON nodes, directly or in a container (src/oblib/common/json_type/ob_json_schema.h:260-264, :346, :415, src/oblib/common/json_type/ob_json_parse.h:205-206, src/oblib/common/json_type/ob_json_base.h:165, :167, :179, :181, :187, :212, src/oblib/common/json_type/ob_json_tree.h:127, :179, :320, :421, src/oblib/common/json_type/ob_json_tree.cpp:32, src/data_plane/api/data_plane/fts/ob_fts_parser_property.h:128, src/sql/engine/basic/ob_json_table_op.h:246-248, src/sql/engine/expr/ob_expr_json_func_helper.h:530; `grep -rnE '^\s*(const\s+)?Ob(IJsonBase|Json(Node|Bin|Container|Object|Array|Scalar|Number|Decimal|Double|Int|Uint|String|Null|Datetime|Opaque|Boolean|ODecimal|OFloat|OInt|OLong|ODouble|ORawString|BaseVector|BaseSortedVector|NodeVector|SchemaPointers|ObjectArray))\s*\*?\s*[a-z_]+_\s*;' src` prints all of them but the ObStack at ob_json_schema.h:263) are keys of no TO_STRING_KV or J_KV in their files. So the text reaches only log keys (a to_string whose uses are log keys, section 4). Two conversions, two arguments; no %p.	confirmed
src/oblib/common/json_type/ob_json_tree.h	ObJsonDouble::to_string	line 502: databuff_printf call; format "json double value = %lf"; conversions %lf; 1 arguments: value_; argument types: double; conversion and argument pairs: %lf <- double; inside to_string	LOG_TEXT	databuff_printf_2!(buf, buf_len, pos, "json double value = %lf", self.value_) in ObJsonDouble::to_string: value_ is a double, an f64 (section 6, item 4); %lf is an l on a float conversion, outside s2-errors.md 2.9 rule 1's list but cfmt's (ARCHITECTURE.md section 2), named here for the differential test (section 6, item 8). Server-log text, kept as the C++ writes it (RULEBOOK 1, Logging row).	sweep: printf-calls.tsv:56 (data row 55). Types: value_ is a double (src/oblib/common/json_type/ob_json_tree.h:511). Buffer: to_string's buf and buf_len with its local pos (src/oblib/common/json_type/ob_json_tree.h:499). Uses: no code calls a JSON node's to_string or hands a JSON node to ObCStringHelper::convert or to_cstring outside a log macro (`grep -rnE '(convert|to_cstring)\(\*?(j_|json|jb|j_base|j_node|jnode|doc|j_doc|j_obj|j_arr|j_val)[A-Za-z_]*\)' src` prints nothing, and `grep -rnE '(j_|json|jb|j_base|j_node|jnode|j_doc|j_obj|j_arr|j_val)[A-Za-z_]*(\.|->)to_string\(' src` finds only a generic mover, the log JSON convertor, ObJsonBuilder, a tidy printer and ObJsonPath); and the members that hold JSON nodes, directly or in a container (src/oblib/common/json_type/ob_json_schema.h:260-264, :346, :415, src/oblib/common/json_type/ob_json_parse.h:205-206, src/oblib/common/json_type/ob_json_base.h:165, :167, :179, :181, :187, :212, src/oblib/common/json_type/ob_json_tree.h:127, :179, :320, :421, src/oblib/common/json_type/ob_json_tree.cpp:32, src/data_plane/api/data_plane/fts/ob_fts_parser_property.h:128, src/sql/engine/basic/ob_json_table_op.h:246-248, src/sql/engine/expr/ob_expr_json_func_helper.h:530; `grep -rnE '^\s*(const\s+)?Ob(IJsonBase|Json(Node|Bin|Container|Object|Array|Scalar|Number|Decimal|Double|Int|Uint|String|Null|Datetime|Opaque|Boolean|ODecimal|OFloat|OInt|OLong|ODouble|ORawString|BaseVector|BaseSortedVector|NodeVector|SchemaPointers|ObjectArray))\s*\*?\s*[a-z_]+_\s*;' src` prints all of them but the ObStack at ob_json_schema.h:263) are keys of no TO_STRING_KV or J_KV in their files. So the text reaches only log keys (a to_string whose uses are log keys, section 4). One conversion, one argument; no %p.	confirmed
src/oblib/common/json_type/ob_json_tree.h	ObJsonInt::to_string	line 527: databuff_printf call; format "json int value = %ld"; conversions %ld; 1 arguments: value_; argument types: int64_t; conversion and argument pairs: %ld <- int64_t; inside to_string	LOG_TEXT	databuff_printf_2!(buf, buf_len, pos, "json int value = %ld", self.value_) in ObJsonInt::to_string: value_ is an int64_t, an i64 for %ld (section 6, item 1). Server-log text, kept as the C++ writes it (RULEBOOK 1, Logging row).	sweep: printf-calls.tsv:57 (data row 56). Types: value_ is an int64_t (src/oblib/common/json_type/ob_json_tree.h:539). Buffer: to_string's buf and buf_len with its local pos (src/oblib/common/json_type/ob_json_tree.h:524). Uses: no code calls a JSON node's to_string or hands a JSON node to ObCStringHelper::convert or to_cstring outside a log macro (`grep -rnE '(convert|to_cstring)\(\*?(j_|json|jb|j_base|j_node|jnode|doc|j_doc|j_obj|j_arr|j_val)[A-Za-z_]*\)' src` prints nothing, and `grep -rnE '(j_|json|jb|j_base|j_node|jnode|j_doc|j_obj|j_arr|j_val)[A-Za-z_]*(\.|->)to_string\(' src` finds only a generic mover, the log JSON convertor, ObJsonBuilder, a tidy printer and ObJsonPath); and the members that hold JSON nodes, directly or in a container (src/oblib/common/json_type/ob_json_schema.h:260-264, :346, :415, src/oblib/common/json_type/ob_json_parse.h:205-206, src/oblib/common/json_type/ob_json_base.h:165, :167, :179, :181, :187, :212, src/oblib/common/json_type/ob_json_tree.h:127, :179, :320, :421, src/oblib/common/json_type/ob_json_tree.cpp:32, src/data_plane/api/data_plane/fts/ob_fts_parser_property.h:128, src/sql/engine/basic/ob_json_table_op.h:246-248, src/sql/engine/expr/ob_expr_json_func_helper.h:530; `grep -rnE '^\s*(const\s+)?Ob(IJsonBase|Json(Node|Bin|Container|Object|Array|Scalar|Number|Decimal|Double|Int|Uint|String|Null|Datetime|Opaque|Boolean|ODecimal|OFloat|OInt|OLong|ODouble|ORawString|BaseVector|BaseSortedVector|NodeVector|SchemaPointers|ObjectArray))\s*\*?\s*[a-z_]+_\s*;' src` prints all of them but the ObStack at ob_json_schema.h:263) are keys of no TO_STRING_KV or J_KV in their files. So the text reaches only log keys (a to_string whose uses are log keys, section 4). One conversion, one argument; no %p.	confirmed
src/oblib/common/json_type/ob_json_tree.h	ObJsonUint::to_string	line 556: databuff_printf call; format "json uint value = %lu"; conversions %lu; 1 arguments: value_; argument types: uint64_t; conversion and argument pairs: %lu <- uint64_t; inside to_string	LOG_TEXT	databuff_printf_2!(buf, buf_len, pos, "json uint value = %lu", self.value_) in ObJsonUint::to_string: value_ is a uint64_t, a u64 for %lu (section 6, item 1). Server-log text, kept as the C++ writes it (RULEBOOK 1, Logging row).	sweep: printf-calls.tsv:58 (data row 57). Types: value_ is a uint64_t (src/oblib/common/json_type/ob_json_tree.h:570). Buffer: to_string's buf and buf_len with its local pos (src/oblib/common/json_type/ob_json_tree.h:553). Uses: no code calls a JSON node's to_string or hands a JSON node to ObCStringHelper::convert or to_cstring outside a log macro (`grep -rnE '(convert|to_cstring)\(\*?(j_|json|jb|j_base|j_node|jnode|doc|j_doc|j_obj|j_arr|j_val)[A-Za-z_]*\)' src` prints nothing, and `grep -rnE '(j_|json|jb|j_base|j_node|jnode|j_doc|j_obj|j_arr|j_val)[A-Za-z_]*(\.|->)to_string\(' src` finds only a generic mover, the log JSON convertor, ObJsonBuilder, a tidy printer and ObJsonPath); and the members that hold JSON nodes, directly or in a container (src/oblib/common/json_type/ob_json_schema.h:260-264, :346, :415, src/oblib/common/json_type/ob_json_parse.h:205-206, src/oblib/common/json_type/ob_json_base.h:165, :167, :179, :181, :187, :212, src/oblib/common/json_type/ob_json_tree.h:127, :179, :320, :421, src/oblib/common/json_type/ob_json_tree.cpp:32, src/data_plane/api/data_plane/fts/ob_fts_parser_property.h:128, src/sql/engine/basic/ob_json_table_op.h:246-248, src/sql/engine/expr/ob_expr_json_func_helper.h:530; `grep -rnE '^\s*(const\s+)?Ob(IJsonBase|Json(Node|Bin|Container|Object|Array|Scalar|Number|Decimal|Double|Int|Uint|String|Null|Datetime|Opaque|Boolean|ODecimal|OFloat|OInt|OLong|ODouble|ORawString|BaseVector|BaseSortedVector|NodeVector|SchemaPointers|ObjectArray))\s*\*?\s*[a-z_]+_\s*;' src` prints all of them but the ObStack at ob_json_schema.h:263) are keys of no TO_STRING_KV or J_KV in their files. So the text reaches only log keys (a to_string whose uses are log keys, section 4). One conversion, one argument; no %p.	confirmed
src/oblib/common/json_type/ob_json_tree.h	ObJsonString::to_string	line 596: databuff_printf call; format "json string "; conversions none; 0 arguments; inside to_string	LOG_TEXT	databuff_printf_2!(buf, buf_len, pos, "json string ") in ObJsonString::to_string; no arguments. Server-log text, kept as the C++ writes it (RULEBOOK 1, Logging row).	sweep: printf-calls.tsv:59 (data row 58). No arguments. Buffer: to_string's buf and buf_len with its local pos (src/oblib/common/json_type/ob_json_tree.h:593). Uses: no code calls a JSON node's to_string or hands a JSON node to ObCStringHelper::convert or to_cstring outside a log macro (`grep -rnE '(convert|to_cstring)\(\*?(j_|json|jb|j_base|j_node|jnode|doc|j_doc|j_obj|j_arr|j_val)[A-Za-z_]*\)' src` prints nothing, and `grep -rnE '(j_|json|jb|j_base|j_node|jnode|j_doc|j_obj|j_arr|j_val)[A-Za-z_]*(\.|->)to_string\(' src` finds only a generic mover, the log JSON convertor, ObJsonBuilder, a tidy printer and ObJsonPath); and the members that hold JSON nodes, directly or in a container (src/oblib/common/json_type/ob_json_schema.h:260-264, :346, :415, src/oblib/common/json_type/ob_json_parse.h:205-206, src/oblib/common/json_type/ob_json_base.h:165, :167, :179, :181, :187, :212, src/oblib/common/json_type/ob_json_tree.h:127, :179, :320, :421, src/oblib/common/json_type/ob_json_tree.cpp:32, src/data_plane/api/data_plane/fts/ob_fts_parser_property.h:128, src/sql/engine/basic/ob_json_table_op.h:246-248, src/sql/engine/expr/ob_expr_json_func_helper.h:530; `grep -rnE '^\s*(const\s+)?Ob(IJsonBase|Json(Node|Bin|Container|Object|Array|Scalar|Number|Decimal|Double|Int|Uint|String|Null|Datetime|Opaque|Boolean|ODecimal|OFloat|OInt|OLong|ODouble|ORawString|BaseVector|BaseSortedVector|NodeVector|SchemaPointers|ObjectArray))\s*\*?\s*[a-z_]+_\s*;' src` prints all of them but the ObStack at ob_json_schema.h:263) are keys of no TO_STRING_KV or J_KV in their files. So the text reaches only log keys (a to_string whose uses are log keys, section 4). No conversions; no %p.	confirmed
src/oblib/common/json_type/ob_json_tree.h	ObJsonNull::to_string	line 638: databuff_printf call; format "json null"; conversions none; 0 arguments; inside to_string	LOG_TEXT	databuff_printf_2!(buf, buf_len, pos, "json null") in ObJsonNull::to_string; no arguments. Server-log text, kept as the C++ writes it (RULEBOOK 1, Logging row).	sweep: printf-calls.tsv:60 (data row 59). No arguments. Buffer: to_string's buf and buf_len with its local pos (src/oblib/common/json_type/ob_json_tree.h:635). Uses: no code calls a JSON node's to_string or hands a JSON node to ObCStringHelper::convert or to_cstring outside a log macro (`grep -rnE '(convert|to_cstring)\(\*?(j_|json|jb|j_base|j_node|jnode|doc|j_doc|j_obj|j_arr|j_val)[A-Za-z_]*\)' src` prints nothing, and `grep -rnE '(j_|json|jb|j_base|j_node|jnode|j_doc|j_obj|j_arr|j_val)[A-Za-z_]*(\.|->)to_string\(' src` finds only a generic mover, the log JSON convertor, ObJsonBuilder, a tidy printer and ObJsonPath); and the members that hold JSON nodes, directly or in a container (src/oblib/common/json_type/ob_json_schema.h:260-264, :346, :415, src/oblib/common/json_type/ob_json_parse.h:205-206, src/oblib/common/json_type/ob_json_base.h:165, :167, :179, :181, :187, :212, src/oblib/common/json_type/ob_json_tree.h:127, :179, :320, :421, src/oblib/common/json_type/ob_json_tree.cpp:32, src/data_plane/api/data_plane/fts/ob_fts_parser_property.h:128, src/sql/engine/basic/ob_json_table_op.h:246-248, src/sql/engine/expr/ob_expr_json_func_helper.h:530; `grep -rnE '^\s*(const\s+)?Ob(IJsonBase|Json(Node|Bin|Container|Object|Array|Scalar|Number|Decimal|Double|Int|Uint|String|Null|Datetime|Opaque|Boolean|ODecimal|OFloat|OInt|OLong|ODouble|ORawString|BaseVector|BaseSortedVector|NodeVector|SchemaPointers|ObjectArray))\s*\*?\s*[a-z_]+_\s*;' src` prints all of them but the ObStack at ob_json_schema.h:263) are keys of no TO_STRING_KV or J_KV in their files. So the text reaches only log keys (a to_string whose uses are log keys, section 4). No conversions; no %p.	confirmed
src/oblib/common/json_type/ob_json_tree.h	ObJsonDatetime::to_string	line 659: databuff_printf call; format "json datetime "; conversions none; 0 arguments; inside to_string	LOG_TEXT	databuff_printf_2!(buf, buf_len, pos, "json datetime ") in ObJsonDatetime::to_string; no arguments. Server-log text, kept as the C++ writes it (RULEBOOK 1, Logging row).	sweep: printf-calls.tsv:61 (data row 60). No arguments. Buffer: to_string's buf and buf_len with its local pos (src/oblib/common/json_type/ob_json_tree.h:656). Uses: no code calls a JSON node's to_string or hands a JSON node to ObCStringHelper::convert or to_cstring outside a log macro (`grep -rnE '(convert|to_cstring)\(\*?(j_|json|jb|j_base|j_node|jnode|doc|j_doc|j_obj|j_arr|j_val)[A-Za-z_]*\)' src` prints nothing, and `grep -rnE '(j_|json|jb|j_base|j_node|jnode|j_doc|j_obj|j_arr|j_val)[A-Za-z_]*(\.|->)to_string\(' src` finds only a generic mover, the log JSON convertor, ObJsonBuilder, a tidy printer and ObJsonPath); and the members that hold JSON nodes, directly or in a container (src/oblib/common/json_type/ob_json_schema.h:260-264, :346, :415, src/oblib/common/json_type/ob_json_parse.h:205-206, src/oblib/common/json_type/ob_json_base.h:165, :167, :179, :181, :187, :212, src/oblib/common/json_type/ob_json_tree.h:127, :179, :320, :421, src/oblib/common/json_type/ob_json_tree.cpp:32, src/data_plane/api/data_plane/fts/ob_fts_parser_property.h:128, src/sql/engine/basic/ob_json_table_op.h:246-248, src/sql/engine/expr/ob_expr_json_func_helper.h:530; `grep -rnE '^\s*(const\s+)?Ob(IJsonBase|Json(Node|Bin|Container|Object|Array|Scalar|Number|Decimal|Double|Int|Uint|String|Null|Datetime|Opaque|Boolean|ODecimal|OFloat|OInt|OLong|ODouble|ORawString|BaseVector|BaseSortedVector|NodeVector|SchemaPointers|ObjectArray))\s*\*?\s*[a-z_]+_\s*;' src` prints all of them but the ObStack at ob_json_schema.h:263) are keys of no TO_STRING_KV or J_KV in their files. So the text reaches only log keys (a to_string whose uses are log keys, section 4). No conversions; no %p.	confirmed
src/oblib/common/json_type/ob_json_tree.h	ObJsonDatetime::to_string	line 661: databuff_printf call; format "filed type:%d"; conversions %d; 1 arguments: field_type_; argument types: ObObjType; conversion and argument pairs: %d <- ObObjType; inside to_string	LOG_TEXT	databuff_printf_2!(buf, buf_len, pos, "filed type:%d", self.field_type_.0 as i32) in ObJsonDatetime::to_string: ObObjType is an unscoped enum, RULEBOOK 2.3's newtype, so %d takes its integer .0, as i32 (section 6, item 3). Server-log text, kept as the C++ writes it (RULEBOOK 1, Logging row).	sweep: printf-calls.tsv:62 (data row 61). Types: field_type_ is an ObObjType (src/oblib/common/json_type/ob_json_tree.h:684), an unscoped enum (src/oblib/common/object/ob_obj_type.h:32). Buffer: to_string's buf and buf_len with its local pos (src/oblib/common/json_type/ob_json_tree.h:656). Uses: no code calls a JSON node's to_string or hands a JSON node to ObCStringHelper::convert or to_cstring outside a log macro (`grep -rnE '(convert|to_cstring)\(\*?(j_|json|jb|j_base|j_node|jnode|doc|j_doc|j_obj|j_arr|j_val)[A-Za-z_]*\)' src` prints nothing, and `grep -rnE '(j_|json|jb|j_base|j_node|jnode|j_doc|j_obj|j_arr|j_val)[A-Za-z_]*(\.|->)to_string\(' src` finds only a generic mover, the log JSON convertor, ObJsonBuilder, a tidy printer and ObJsonPath); and the members that hold JSON nodes, directly or in a container (src/oblib/common/json_type/ob_json_schema.h:260-264, :346, :415, src/oblib/common/json_type/ob_json_parse.h:205-206, src/oblib/common/json_type/ob_json_base.h:165, :167, :179, :181, :187, :212, src/oblib/common/json_type/ob_json_tree.h:127, :179, :320, :421, src/oblib/common/json_type/ob_json_tree.cpp:32, src/data_plane/api/data_plane/fts/ob_fts_parser_property.h:128, src/sql/engine/basic/ob_json_table_op.h:246-248, src/sql/engine/expr/ob_expr_json_func_helper.h:530; `grep -rnE '^\s*(const\s+)?Ob(IJsonBase|Json(Node|Bin|Container|Object|Array|Scalar|Number|Decimal|Double|Int|Uint|String|Null|Datetime|Opaque|Boolean|ODecimal|OFloat|OInt|OLong|ODouble|ORawString|BaseVector|BaseSortedVector|NodeVector|SchemaPointers|ObjectArray))\s*\*?\s*[a-z_]+_\s*;' src` prints all of them but the ObStack at ob_json_schema.h:263) are keys of no TO_STRING_KV or J_KV in their files. So the text reaches only log keys (a to_string whose uses are log keys, section 4). One conversion, one argument; no %p.	confirmed
src/oblib/common/json_type/ob_json_tree.h	ObJsonOpaque::to_string	line 702: databuff_printf call; format "json opaque "; conversions none; 0 arguments; inside to_string	LOG_TEXT	databuff_printf_2!(buf, buf_len, pos, "json opaque ") in ObJsonOpaque::to_string; no arguments. Server-log text, kept as the C++ writes it (RULEBOOK 1, Logging row).	sweep: printf-calls.tsv:63 (data row 62). No arguments. Buffer: to_string's buf and buf_len with its local pos (src/oblib/common/json_type/ob_json_tree.h:699). Uses: no code calls a JSON node's to_string or hands a JSON node to ObCStringHelper::convert or to_cstring outside a log macro (`grep -rnE '(convert|to_cstring)\(\*?(j_|json|jb|j_base|j_node|jnode|doc|j_doc|j_obj|j_arr|j_val)[A-Za-z_]*\)' src` prints nothing, and `grep -rnE '(j_|json|jb|j_base|j_node|jnode|j_doc|j_obj|j_arr|j_val)[A-Za-z_]*(\.|->)to_string\(' src` finds only a generic mover, the log JSON convertor, ObJsonBuilder, a tidy printer and ObJsonPath); and the members that hold JSON nodes, directly or in a container (src/oblib/common/json_type/ob_json_schema.h:260-264, :346, :415, src/oblib/common/json_type/ob_json_parse.h:205-206, src/oblib/common/json_type/ob_json_base.h:165, :167, :179, :181, :187, :212, src/oblib/common/json_type/ob_json_tree.h:127, :179, :320, :421, src/oblib/common/json_type/ob_json_tree.cpp:32, src/data_plane/api/data_plane/fts/ob_fts_parser_property.h:128, src/sql/engine/basic/ob_json_table_op.h:246-248, src/sql/engine/expr/ob_expr_json_func_helper.h:530; `grep -rnE '^\s*(const\s+)?Ob(IJsonBase|Json(Node|Bin|Container|Object|Array|Scalar|Number|Decimal|Double|Int|Uint|String|Null|Datetime|Opaque|Boolean|ODecimal|OFloat|OInt|OLong|ODouble|ORawString|BaseVector|BaseSortedVector|NodeVector|SchemaPointers|ObjectArray))\s*\*?\s*[a-z_]+_\s*;' src` prints all of them but the ObStack at ob_json_schema.h:263) are keys of no TO_STRING_KV or J_KV in their files. So the text reaches only log keys (a to_string whose uses are log keys, section 4). No conversions; no %p.	confirmed
src/oblib/common/json_type/ob_json_tree.h	ObJsonOpaque::to_string	line 704: databuff_printf call; format "filed type:%d"; conversions %d; 1 arguments: field_type_; argument types: ObObjType; conversion and argument pairs: %d <- ObObjType; inside to_string	LOG_TEXT	databuff_printf_2!(buf, buf_len, pos, "filed type:%d", self.field_type_.0 as i32) in ObJsonOpaque::to_string: ObObjType is an unscoped enum, RULEBOOK 2.3's newtype, so %d takes its integer .0, as i32 (section 6, item 3). Server-log text, kept as the C++ writes it (RULEBOOK 1, Logging row).	sweep: printf-calls.tsv:64 (data row 63). Types: field_type_ is an ObObjType (src/oblib/common/json_type/ob_json_tree.h:719), an unscoped enum (src/oblib/common/object/ob_obj_type.h:32). Buffer: to_string's buf and buf_len with its local pos (src/oblib/common/json_type/ob_json_tree.h:699). Uses: no code calls a JSON node's to_string or hands a JSON node to ObCStringHelper::convert or to_cstring outside a log macro (`grep -rnE '(convert|to_cstring)\(\*?(j_|json|jb|j_base|j_node|jnode|doc|j_doc|j_obj|j_arr|j_val)[A-Za-z_]*\)' src` prints nothing, and `grep -rnE '(j_|json|jb|j_base|j_node|jnode|j_doc|j_obj|j_arr|j_val)[A-Za-z_]*(\.|->)to_string\(' src` finds only a generic mover, the log JSON convertor, ObJsonBuilder, a tidy printer and ObJsonPath); and the members that hold JSON nodes, directly or in a container (src/oblib/common/json_type/ob_json_schema.h:260-264, :346, :415, src/oblib/common/json_type/ob_json_parse.h:205-206, src/oblib/common/json_type/ob_json_base.h:165, :167, :179, :181, :187, :212, src/oblib/common/json_type/ob_json_tree.h:127, :179, :320, :421, src/oblib/common/json_type/ob_json_tree.cpp:32, src/data_plane/api/data_plane/fts/ob_fts_parser_property.h:128, src/sql/engine/basic/ob_json_table_op.h:246-248, src/sql/engine/expr/ob_expr_json_func_helper.h:530; `grep -rnE '^\s*(const\s+)?Ob(IJsonBase|Json(Node|Bin|Container|Object|Array|Scalar|Number|Decimal|Double|Int|Uint|String|Null|Datetime|Opaque|Boolean|ODecimal|OFloat|OInt|OLong|ODouble|ORawString|BaseVector|BaseSortedVector|NodeVector|SchemaPointers|ObjectArray))\s*\*?\s*[a-z_]+_\s*;' src` prints all of them but the ObStack at ob_json_schema.h:263) are keys of no TO_STRING_KV or J_KV in their files. So the text reaches only log keys (a to_string whose uses are log keys, section 4). One conversion, one argument; no %p.	confirmed
src/oblib/common/json_type/ob_json_tree.h	ObJsonBoolean::to_string	line 736: databuff_printf call; format "json bool value = %d"; conversions %d; 1 arguments: value_; argument types: bool; conversion and argument pairs: %d <- bool; inside to_string	LOG_TEXT	databuff_printf_2!(buf, buf_len, pos, "json bool value = %d", self.value_ as i32) in ObJsonBoolean::to_string: value_ is a bool, which C promotes to int (section 6, item 1). Server-log text, kept as the C++ writes it (RULEBOOK 1, Logging row).	sweep: printf-calls.tsv:65 (data row 64). Types: value_ is a bool (src/oblib/common/json_type/ob_json_tree.h:749). Buffer: to_string's buf and buf_len with its local pos (src/oblib/common/json_type/ob_json_tree.h:733). Uses: no code calls a JSON node's to_string or hands a JSON node to ObCStringHelper::convert or to_cstring outside a log macro (`grep -rnE '(convert|to_cstring)\(\*?(j_|json|jb|j_base|j_node|jnode|doc|j_doc|j_obj|j_arr|j_val)[A-Za-z_]*\)' src` prints nothing, and `grep -rnE '(j_|json|jb|j_base|j_node|jnode|j_doc|j_obj|j_arr|j_val)[A-Za-z_]*(\.|->)to_string\(' src` finds only a generic mover, the log JSON convertor, ObJsonBuilder, a tidy printer and ObJsonPath); and the members that hold JSON nodes, directly or in a container (src/oblib/common/json_type/ob_json_schema.h:260-264, :346, :415, src/oblib/common/json_type/ob_json_parse.h:205-206, src/oblib/common/json_type/ob_json_base.h:165, :167, :179, :181, :187, :212, src/oblib/common/json_type/ob_json_tree.h:127, :179, :320, :421, src/oblib/common/json_type/ob_json_tree.cpp:32, src/data_plane/api/data_plane/fts/ob_fts_parser_property.h:128, src/sql/engine/basic/ob_json_table_op.h:246-248, src/sql/engine/expr/ob_expr_json_func_helper.h:530; `grep -rnE '^\s*(const\s+)?Ob(IJsonBase|Json(Node|Bin|Container|Object|Array|Scalar|Number|Decimal|Double|Int|Uint|String|Null|Datetime|Opaque|Boolean|ODecimal|OFloat|OInt|OLong|ODouble|ORawString|BaseVector|BaseSortedVector|NodeVector|SchemaPointers|ObjectArray))\s*\*?\s*[a-z_]+_\s*;' src` prints all of them but the ObStack at ob_json_schema.h:263) are keys of no TO_STRING_KV or J_KV in their files. So the text reaches only log keys (a to_string whose uses are log keys, section 4). One conversion, one argument; no %p.	confirmed
src/oblib/common/json_type/ob_json_tree.h	ObJsonOFloat::to_string	line 773: databuff_printf call; format "json float value = %f"; conversions %f; 1 arguments: value_; argument types: float; conversion and argument pairs: %f <- float; inside to_string	LOG_TEXT	databuff_printf_2!(buf, buf_len, pos, "json float value = %f", self.value_ as f64) in ObJsonOFloat::to_string: value_ is a float, which C promotes to double: as f64 (section 6, item 4; RULEBOOK 2.6). Server-log text, kept as the C++ writes it (RULEBOOK 1, Logging row).	sweep: printf-calls.tsv:66 (data row 65). Types: value_ is a float (src/oblib/common/json_type/ob_json_tree.h:782). Buffer: to_string's buf and buf_len with its local pos (src/oblib/common/json_type/ob_json_tree.h:770). Uses: no code calls a JSON node's to_string or hands a JSON node to ObCStringHelper::convert or to_cstring outside a log macro (`grep -rnE '(convert|to_cstring)\(\*?(j_|json|jb|j_base|j_node|jnode|doc|j_doc|j_obj|j_arr|j_val)[A-Za-z_]*\)' src` prints nothing, and `grep -rnE '(j_|json|jb|j_base|j_node|jnode|j_doc|j_obj|j_arr|j_val)[A-Za-z_]*(\.|->)to_string\(' src` finds only a generic mover, the log JSON convertor, ObJsonBuilder, a tidy printer and ObJsonPath); and the members that hold JSON nodes, directly or in a container (src/oblib/common/json_type/ob_json_schema.h:260-264, :346, :415, src/oblib/common/json_type/ob_json_parse.h:205-206, src/oblib/common/json_type/ob_json_base.h:165, :167, :179, :181, :187, :212, src/oblib/common/json_type/ob_json_tree.h:127, :179, :320, :421, src/oblib/common/json_type/ob_json_tree.cpp:32, src/data_plane/api/data_plane/fts/ob_fts_parser_property.h:128, src/sql/engine/basic/ob_json_table_op.h:246-248, src/sql/engine/expr/ob_expr_json_func_helper.h:530; `grep -rnE '^\s*(const\s+)?Ob(IJsonBase|Json(Node|Bin|Container|Object|Array|Scalar|Number|Decimal|Double|Int|Uint|String|Null|Datetime|Opaque|Boolean|ODecimal|OFloat|OInt|OLong|ODouble|ORawString|BaseVector|BaseSortedVector|NodeVector|SchemaPointers|ObjectArray))\s*\*?\s*[a-z_]+_\s*;' src` prints all of them but the ObStack at ob_json_schema.h:263) are keys of no TO_STRING_KV or J_KV in their files. So the text reaches only log keys (a to_string whose uses are log keys, section 4). One conversion, one argument; no %p.	confirmed
src/oblib/common/json_type/ob_json_tree.h	ObJsonORawString::to_string	line 835: databuff_printf call; format "json binary "; conversions none; 0 arguments; inside to_string	LOG_TEXT	databuff_printf_2!(buf, buf_len, pos, "json binary ") in ObJsonORawString::to_string, in the arm for json_type_ J_OBINARY; no arguments. Server-log text, kept as the C++ writes it (RULEBOOK 1, Logging row).	sweep: printf-calls.tsv:67 (data row 66). No arguments. Buffer: to_string's buf and buf_len with its local pos (src/oblib/common/json_type/ob_json_tree.h:831). Uses: no code calls a JSON node's to_string or hands a JSON node to ObCStringHelper::convert or to_cstring outside a log macro (`grep -rnE '(convert|to_cstring)\(\*?(j_|json|jb|j_base|j_node|jnode|doc|j_doc|j_obj|j_arr|j_val)[A-Za-z_]*\)' src` prints nothing, and `grep -rnE '(j_|json|jb|j_base|j_node|jnode|j_doc|j_obj|j_arr|j_val)[A-Za-z_]*(\.|->)to_string\(' src` finds only a generic mover, the log JSON convertor, ObJsonBuilder, a tidy printer and ObJsonPath); and the members that hold JSON nodes, directly or in a container (src/oblib/common/json_type/ob_json_schema.h:260-264, :346, :415, src/oblib/common/json_type/ob_json_parse.h:205-206, src/oblib/common/json_type/ob_json_base.h:165, :167, :179, :181, :187, :212, src/oblib/common/json_type/ob_json_tree.h:127, :179, :320, :421, src/oblib/common/json_type/ob_json_tree.cpp:32, src/data_plane/api/data_plane/fts/ob_fts_parser_property.h:128, src/sql/engine/basic/ob_json_table_op.h:246-248, src/sql/engine/expr/ob_expr_json_func_helper.h:530; `grep -rnE '^\s*(const\s+)?Ob(IJsonBase|Json(Node|Bin|Container|Object|Array|Scalar|Number|Decimal|Double|Int|Uint|String|Null|Datetime|Opaque|Boolean|ODecimal|OFloat|OInt|OLong|ODouble|ORawString|BaseVector|BaseSortedVector|NodeVector|SchemaPointers|ObjectArray))\s*\*?\s*[a-z_]+_\s*;' src` prints all of them but the ObStack at ob_json_schema.h:263) are keys of no TO_STRING_KV or J_KV in their files. So the text reaches only log keys (a to_string whose uses are log keys, section 4). No conversions; no %p.	confirmed
src/oblib/common/json_type/ob_json_tree.h	ObJsonORawString::to_string	line 837: databuff_printf call; format "json oid "; conversions none; 0 arguments; inside to_string	LOG_TEXT	databuff_printf_2!(buf, buf_len, pos, "json oid ") in ObJsonORawString::to_string, in the arm for json_type_ J_OOID; no arguments. Server-log text, kept as the C++ writes it (RULEBOOK 1, Logging row).	sweep: printf-calls.tsv:68 (data row 67). No arguments. Buffer: to_string's buf and buf_len with its local pos (src/oblib/common/json_type/ob_json_tree.h:831). Uses: no code calls a JSON node's to_string or hands a JSON node to ObCStringHelper::convert or to_cstring outside a log macro (`grep -rnE '(convert|to_cstring)\(\*?(j_|json|jb|j_base|j_node|jnode|doc|j_doc|j_obj|j_arr|j_val)[A-Za-z_]*\)' src` prints nothing, and `grep -rnE '(j_|json|jb|j_base|j_node|jnode|j_doc|j_obj|j_arr|j_val)[A-Za-z_]*(\.|->)to_string\(' src` finds only a generic mover, the log JSON convertor, ObJsonBuilder, a tidy printer and ObJsonPath); and the members that hold JSON nodes, directly or in a container (src/oblib/common/json_type/ob_json_schema.h:260-264, :346, :415, src/oblib/common/json_type/ob_json_parse.h:205-206, src/oblib/common/json_type/ob_json_base.h:165, :167, :179, :181, :187, :212, src/oblib/common/json_type/ob_json_tree.h:127, :179, :320, :421, src/oblib/common/json_type/ob_json_tree.cpp:32, src/data_plane/api/data_plane/fts/ob_fts_parser_property.h:128, src/sql/engine/basic/ob_json_table_op.h:246-248, src/sql/engine/expr/ob_expr_json_func_helper.h:530; `grep -rnE '^\s*(const\s+)?Ob(IJsonBase|Json(Node|Bin|Container|Object|Array|Scalar|Number|Decimal|Double|Int|Uint|String|Null|Datetime|Opaque|Boolean|ODecimal|OFloat|OInt|OLong|ODouble|ORawString|BaseVector|BaseSortedVector|NodeVector|SchemaPointers|ObjectArray))\s*\*?\s*[a-z_]+_\s*;' src` prints all of them but the ObStack at ob_json_schema.h:263) are keys of no TO_STRING_KV or J_KV in their files. So the text reaches only log keys (a to_string whose uses are log keys, section 4). No conversions; no %p.	confirmed
src/oblib/common/json_type/ob_json_tree.h	ObJsonORawString::to_string	line 839: databuff_printf call; format "json rawhex "; conversions none; 0 arguments; inside to_string	LOG_TEXT	databuff_printf_2!(buf, buf_len, pos, "json rawhex ") in ObJsonORawString::to_string, in the arm for json_type_ J_ORAWHEX; no arguments. Server-log text, kept as the C++ writes it (RULEBOOK 1, Logging row).	sweep: printf-calls.tsv:69 (data row 68). No arguments. Buffer: to_string's buf and buf_len with its local pos (src/oblib/common/json_type/ob_json_tree.h:831). Uses: no code calls a JSON node's to_string or hands a JSON node to ObCStringHelper::convert or to_cstring outside a log macro (`grep -rnE '(convert|to_cstring)\(\*?(j_|json|jb|j_base|j_node|jnode|doc|j_doc|j_obj|j_arr|j_val)[A-Za-z_]*\)' src` prints nothing, and `grep -rnE '(j_|json|jb|j_base|j_node|jnode|j_doc|j_obj|j_arr|j_val)[A-Za-z_]*(\.|->)to_string\(' src` finds only a generic mover, the log JSON convertor, ObJsonBuilder, a tidy printer and ObJsonPath); and the members that hold JSON nodes, directly or in a container (src/oblib/common/json_type/ob_json_schema.h:260-264, :346, :415, src/oblib/common/json_type/ob_json_parse.h:205-206, src/oblib/common/json_type/ob_json_base.h:165, :167, :179, :181, :187, :212, src/oblib/common/json_type/ob_json_tree.h:127, :179, :320, :421, src/oblib/common/json_type/ob_json_tree.cpp:32, src/data_plane/api/data_plane/fts/ob_fts_parser_property.h:128, src/sql/engine/basic/ob_json_table_op.h:246-248, src/sql/engine/expr/ob_expr_json_func_helper.h:530; `grep -rnE '^\s*(const\s+)?Ob(IJsonBase|Json(Node|Bin|Container|Object|Array|Scalar|Number|Decimal|Double|Int|Uint|String|Null|Datetime|Opaque|Boolean|ODecimal|OFloat|OInt|OLong|ODouble|ORawString|BaseVector|BaseSortedVector|NodeVector|SchemaPointers|ObjectArray))\s*\*?\s*[a-z_]+_\s*;' src` prints all of them but the ObStack at ob_json_schema.h:263) are keys of no TO_STRING_KV or J_KV in their files. So the text reaches only log keys (a to_string whose uses are log keys, section 4). No conversions; no %p.	confirmed
src/oblib/common/json_type/ob_json_tree.h	ObJsonORawString::to_string	line 841: databuff_printf call; format "json rawid "; conversions none; 0 arguments; inside to_string	LOG_TEXT	databuff_printf_2!(buf, buf_len, pos, "json rawid ") in ObJsonORawString::to_string, in the arm for json_type_ none of the three; no arguments. Server-log text, kept as the C++ writes it (RULEBOOK 1, Logging row).	sweep: printf-calls.tsv:70 (data row 69). No arguments. Buffer: to_string's buf and buf_len with its local pos (src/oblib/common/json_type/ob_json_tree.h:831). Uses: no code calls a JSON node's to_string or hands a JSON node to ObCStringHelper::convert or to_cstring outside a log macro (`grep -rnE '(convert|to_cstring)\(\*?(j_|json|jb|j_base|j_node|jnode|doc|j_doc|j_obj|j_arr|j_val)[A-Za-z_]*\)' src` prints nothing, and `grep -rnE '(j_|json|jb|j_base|j_node|jnode|j_doc|j_obj|j_arr|j_val)[A-Za-z_]*(\.|->)to_string\(' src` finds only a generic mover, the log JSON convertor, ObJsonBuilder, a tidy printer and ObJsonPath); and the members that hold JSON nodes, directly or in a container (src/oblib/common/json_type/ob_json_schema.h:260-264, :346, :415, src/oblib/common/json_type/ob_json_parse.h:205-206, src/oblib/common/json_type/ob_json_base.h:165, :167, :179, :181, :187, :212, src/oblib/common/json_type/ob_json_tree.h:127, :179, :320, :421, src/oblib/common/json_type/ob_json_tree.cpp:32, src/data_plane/api/data_plane/fts/ob_fts_parser_property.h:128, src/sql/engine/basic/ob_json_table_op.h:246-248, src/sql/engine/expr/ob_expr_json_func_helper.h:530; `grep -rnE '^\s*(const\s+)?Ob(IJsonBase|Json(Node|Bin|Container|Object|Array|Scalar|Number|Decimal|Double|Int|Uint|String|Null|Datetime|Opaque|Boolean|ODecimal|OFloat|OInt|OLong|ODouble|ORawString|BaseVector|BaseSortedVector|NodeVector|SchemaPointers|ObjectArray))\s*\*?\s*[a-z_]+_\s*;' src` prints all of them but the ObStack at ob_json_schema.h:263) are keys of no TO_STRING_KV or J_KV in their files. So the text reaches only log keys (a to_string whose uses are log keys, section 4). No conversions; no %p.	confirmed
src/oblib/common/lob/ob_lob_base.h	ObILobCursor::to_string	line 48: databuff_printf call; format "base"; conversions none; 0 arguments; inside to_string	LOG_TEXT	databuff_printf_2!(buf, buf_len, pos, "base") in ObILobCursor::to_string; no arguments. Server-log text, kept as the C++ writes it (RULEBOOK 1, Logging row).	sweep: printf-calls.tsv:71 (data row 70). No arguments. Buffer: to_string's buf and buf_len with its local pos (src/oblib/common/lob/ob_lob_base.h:45-47). Uses: ObILobCursor is abstract, and each of its three subclasses overrides to_string with TO_STRING_KV (ob_lob_base.h:101, :134; src/storage/lob/ob_lob_cursor.h:60; `grep -rn 'public ObILobCursor' src` finds these three), so this text is printed only for a subclass without an override; the one member of a JSON class printed as a key prints the cursor as an address (KP(cursor_), src/oblib/common/json_type/ob_json_bin.h:402), and no code calls a lob cursor's to_string (`grep -rnE '(cursor|cursor_)(\.|->)to_string|convert\(\*?cursor|to_cstring\(\*?cursor' src` finds only the ObLogCursor log arguments at src/oblib/common/log/ob_log_generator.cpp:166, :173). A to_string whose uses are log keys is LOG_TEXT (section 4). No conversions; no %p.	confirmed
src/oblib/common/log/ob_log_cursor.cpp	ObLogCursor::to_str	line 80: snprintf call; format "ObLogCursor{file_id=%ld, log_id=%ld, offset=%ld}"; conversions %ld %ld %ld; 3 arguments: file_id_, log_id_, offset_; argument types: int64_t | int64_t | int64_t; conversion and argument pairs: %ld <- int64_t, %ld <- int64_t, %ld <- int64_t	LOG_TEXT	snprintf!(buf, buf.len(), "ObLogCursor{file_id=%ld, log_id=%ld, offset=%ld}", self.file_id_, self.log_id_, self.offset_) into to_str's 512-byte buffer: the three members are i64 for %ld (section 6, item 1). Server-log text, kept as the C++ writes it (RULEBOOK 1, Logging row).	sweep: printf-calls.tsv:72 (data row 71). Types: file_id_, log_id_ and offset_ are int64_t (src/oblib/common/log/ob_log_cursor.h:30-32). Buffer: the function's static char buf[512] (src/oblib/common/log/ob_log_cursor.cpp:79), which to_str returns. Path: the one call of to_str is an argument of _OB_LOG(ERROR, ...) in the generate_log template (src/oblib/common/log/ob_log_generator.h:84), a log line. Uses: the explicit uses of ObLogCursor's text are the arguments of _OB_LOG lines (src/oblib/common/log/ob_log_generator.cpp:166, :173, :191-192; src/oblib/common/log/ob_log_generator.h:84, :113-114; `grep -rnE '(convert|to_cstring)\(\*?[a-z_.>-]*(cursor|replay_start_point)[a-z_]*\)|(cursor|replay_start_point)[a-z_]*(\.|->)to_string\(' src` prints the helper.convert ones, and `grep -rn 'to_str()' src` finds the one call of to_str); the cursors held by the slog, the super block and the log writers are printed as K() keys of log macros. Three conversions, three arguments; no %p.	confirmed
src/oblib/common/log/ob_log_cursor.cpp	ObLogCursor::to_string	line 88: snprintf call; format "ObLogCursor{file_id=%ld, log_id=%ld, offset=%ld}"; conversions %ld %ld %ld; 3 arguments: file_id_, log_id_, offset_; argument types: int64_t | int64_t | int64_t; conversion and argument pairs: %ld <- int64_t, %ld <- int64_t, %ld <- int64_t; inside to_string	LOG_TEXT	snprintf!(buf, limit, "ObLogCursor{file_id=%ld, log_id=%ld, offset=%ld}", self.file_id_, self.log_id_, self.offset_) in ObLogCursor::to_string, whose count, widened to i64, is what to_string returns, as the C++ returns snprintf's int: the three members are i64 for %ld (section 6, item 1). Server-log text, kept as the C++ writes it (RULEBOOK 1, Logging row).	sweep: printf-calls.tsv:73 (data row 72). Types: file_id_, log_id_ and offset_ are int64_t (src/oblib/common/log/ob_log_cursor.h:30-32). Buffer: to_string's buf and limit (src/oblib/common/log/ob_log_cursor.cpp:86). Uses: the explicit uses of ObLogCursor's text are the arguments of _OB_LOG lines (src/oblib/common/log/ob_log_generator.cpp:166, :173, :191-192; src/oblib/common/log/ob_log_generator.h:84, :113-114; `grep -rnE '(convert|to_cstring)\(\*?[a-z_.>-]*(cursor|replay_start_point)[a-z_]*\)|(cursor|replay_start_point)[a-z_]*(\.|->)to_string\(' src` prints the helper.convert ones, and `grep -rn 'to_str()' src` finds the one call of to_str); the cursors held by the slog, the super block and the log writers are printed as K() keys of log macros. Three conversions, three arguments; no %p.	confirmed
src/oblib/common/log/ob_log_data_writer.cpp	file_expand_by_fallocate	line 158: _SHARE_LOG call; format "file_size[%ld] or file_size[%ld] not align by %lx"; conversions %ld %ld %lx; 3 arguments: st.st_size, file_size, ObLogConstants::LOG_FILE_ALIGN_MASK; argument types: ? | const int64_t | int64_t; conversion and argument pairs: %ld <- ?, %ld <- const int64_t, %lx <- int64_t; writes the server log	LOG_TEXT	_share_log!(ret, ERROR, "file_size[%ld] or file_size[%ld] not align by %lx", st.st_size, file_size, ObLogConstants::LOG_FILE_ALIGN_MASK as u64): ERROR takes the ret in scope first, here OB_LOG_NOT_ALIGN (s2-errors.md 2.5 rule 1); st.st_size and file_size are i64 for %ld, and the int64_t mask is read by %lx, so it is passed as u64, the same bits (section 6, item 1). Server-log text, kept as the C++ writes it (RULEBOOK 1, Logging row).	sweep: printf-calls.tsv:74 (data row 73). Types: st is a struct stat (src/oblib/common/log/ob_log_data_writer.cpp:148), whose st_size is off_t, which the macOS SDK defines as __int64_t; file_size is a const int64_t parameter (ob_log_data_writer.cpp:145); LOG_FILE_ALIGN_MASK is a constexpr int64_t (src/oblib/common/log/ob_log_constants.h:32). ret is set to OB_LOG_NOT_ALIGN on the line before (ob_log_data_writer.cpp:157). Server log: _SHARE_LOG (src/oblib/lib/oblog/ob_log_module.h:377) is _OB_MOD_LOG (ob_log_module.h:308), which calls _OB_PRINT (ob_log_module.h:311), OB_LOGGER.log_message_fmt (ob_log_module.h:232); nothing else reads the text. Three conversions, three arguments; no %p.	confirmed
src/oblib/common/log/ob_log_data_writer.cpp	ObLogDataWriter::reuse	line 187: snprintf call; format "%s.tmp"; conversions %s; 1 arguments: pool_file; argument types: const char *; conversion and argument pairs: %s <- const char *	ENGINE_TEXT	snprintf!(tmp_pool_file, tmp_pool_file.len(), "%s.tmp", pool_file): pool_file is the parameter's C string, a byte slice. The engine acts on these bytes (the name it renames the pool file to and opens): cfmt only (RULEBOOK 1, Number text row).	sweep: printf-calls.tsv:75 (data row 74). Types: pool_file is a const char * parameter (src/oblib/common/log/ob_log_data_writer.cpp:177). Buffer: the local tmp_pool_file (ob_log_data_writer.cpp:180). Path: rename moves pool_file to it (ob_log_data_writer.cpp:192) and ::open opens it (ob_log_data_writer.cpp:195): engine use 3. One conversion, one argument; no %p.	confirmed
src/oblib/common/log/ob_log_data_writer.cpp	ObLogDataWriter::select_pool_file	line 244: snprintf call; format "%s/%ld"; conversions %s %ld; 2 arguments: log_dir_, min_file_id_; argument types: const char * | int64_t; conversion and argument pairs: %s <- const char *, %ld <- int64_t	ENGINE_TEXT	snprintf!(buf, buf_len, "%s/%ld", self.log_dir_, self.min_file_id_): log_dir_ is the member C string, a byte slice, and min_file_id_ an i64 for %ld. The engine acts on these bytes (the file name select_pool_file returns, which no caller reads): cfmt only (RULEBOOK 1, Number text row).	sweep: printf-calls.tsv:76 (data row 75). Types: log_dir_ is a const char * member and min_file_id_ an int64_t (src/oblib/common/log/ob_log_data_writer.h:72, :79). Buffer: select_pool_file's parameter buf (src/oblib/common/log/ob_log_data_writer.cpp:224). Path: result = buf (ob_log_data_writer.cpp:248), printed by the log key KCSTRING(result) (ob_log_data_writer.cpp:252) and returned (ob_log_data_writer.cpp:253); select_pool_file has no caller (`grep -rn 'select_pool_file' src` prints only its declaration, its definition and its own log line), so the returned name is read by nothing (engine use 5). Two conversions, two arguments; no %p.	confirmed
src/oblib/common/log/ob_log_entry.h	ObLogEntry::to_string	line 157: databuff_printf call; format "[LogEntry] "; conversions none; 0 arguments; inside to_string	LOG_TEXT	databuff_printf_2!(buf, buf_len, pos, "[LogEntry] ") in ObLogEntry::to_string; no arguments. Server-log text, kept as the C++ writes it (RULEBOOK 1, Logging row).	sweep: printf-calls.tsv:77 (data row 76). No arguments. Buffer: to_string's buf and buf_len with its local pos (src/oblib/common/log/ob_log_entry.h:154-156). Uses: ObLogEntry is named only in src/oblib/common/log (`grep -rlw 'ObLogEntry' src`), where no code prints an entry outside a log macro or as a key (`grep -rn 'K(entry)\|convert(entry)\|entry.to_string\|K(log_entry)' src/oblib/common/log/` prints nothing): a to_string whose uses are log keys is LOG_TEXT (section 4). No conversions; no %p.	confirmed
src/oblib/common/log/ob_log_entry.h	ObLogEntry::to_string	line 159: databuff_printf call; format " seq=%lu cmd=%d"; conversions %lu %d; 2 arguments: seq_, cmd_; argument types: uint64_t | int32_t; conversion and argument pairs: %lu <- uint64_t, %d <- int32_t; inside to_string	LOG_TEXT	databuff_printf_2!(buf, buf_len, pos, " seq=%lu cmd=%d", self.seq_, self.cmd_) in ObLogEntry::to_string: seq_ is a u64 for %lu and cmd_ an i32 for %d (section 6, item 1). Server-log text, kept as the C++ writes it (RULEBOOK 1, Logging row).	sweep: printf-calls.tsv:78 (data row 77). Types: seq_ is a uint64_t and cmd_ an int32_t (src/oblib/common/log/ob_log_entry.h:143-144). Buffer: to_string's buf and buf_len with its local pos (ob_log_entry.h:154-156). Uses: ObLogEntry is named only in src/oblib/common/log (`grep -rlw 'ObLogEntry' src`), where no code prints an entry outside a log macro or as a key (`grep -rn 'K(entry)\|convert(entry)\|entry.to_string\|K(log_entry)' src/oblib/common/log/` prints nothing): a to_string whose uses are log keys is LOG_TEXT (section 4). Two conversions, two arguments; no %p.	confirmed
src/oblib/common/log/ob_log_generator.cpp	serialize_log_entry	line 141: _OB_LOG call; format "serialize_log_entry(buf=%p, len=%ld, pos=%ld, log_data=%p, data_len=%ld)=>%d"; conversions %p %ld %ld %p %ld %d; 6 arguments: buf, len, pos, log_data, data_len, ret; argument types: char * | const int64_t | int64_t & | const char * | const int64_t | int; conversion and argument pairs: %p <- char *, %ld <- const int64_t, %ld <- int64_t &, %p <- const char *, %ld <- const int64_t, %d <- int; has %p; writes the server log	LOG_TEXT	_ob_log!(ret, ERROR, "serialize_log_entry(buf=%p, len=%ld, pos=%ld, log_data=%p, data_len=%ld)=>%d", <address of buf>, len, *pos, <address of log_data>, data_len, <ret's i32 code>): ERROR takes the ret in scope first, here OB_INVALID_ARGUMENT (s2-errors.md 2.5 rule 1); len, pos and data_len are i64; the last %d is ret's i32 code (section 6, item 2); the %p of buf and of log_data, the caller's log buffer and data, which has no id, takes open question 3's conservative form: the address of the Rust value that holds it (buf.as_ptr().addr() as u64 and the same for log_data), 0 when it is NULL, under the marker // TODO(port): printf-calls Q3: %p of the log buffer buf and the data log_data (src/oblib/common/log/ob_log_generator.cpp:141). Server-log text, kept as the C++ writes it (RULEBOOK 1, Logging row).	sweep: printf-calls.tsv:79 (data row 78). Types: buf is a char *, len a const int64_t, pos an int64_t &, log_data a const char * and data_len a const int64_t (src/oblib/common/log/ob_log_generator.cpp:135-136); buf or log_data may be NULL on this branch (ob_log_generator.cpp:139). ret is set to OB_INVALID_ARGUMENT on the line before (ob_log_generator.cpp:140). Server log: _OB_LOG (src/oblib/lib/oblog/ob_log_module.h:274) calls _OB_PRINT (ob_log_module.h:277), OB_LOGGER.log_message_fmt (ob_log_module.h:232); nothing else reads the text. Six conversions, six arguments; two %p. Question: what does a translated %p print for an object that has no id, here a log buffer (open question 3)?	unknown
src/oblib/common/log/ob_log_generator.cpp	serialize_log_entry	line 145: _OB_LOG call; format "pos[%ld] + entry.serialize_size[%ld] + data_len[%ld] > len[%ld]"; conversions %ld %ld %ld %ld; 4 arguments: pos, entry.get_serialize_size(), data_len, len; argument types: int64_t & | ? | const int64_t | const int64_t; conversion and argument pairs: %ld <- int64_t &, %ld <- ?, %ld <- const int64_t, %ld <- const int64_t; writes the server log	LOG_TEXT	_ob_log!(DEBUG, "pos[%ld] + entry.serialize_size[%ld] + data_len[%ld] > len[%ld]", *pos, entry.get_serialize_size(), data_len, len): DEBUG takes no ret (s2-errors.md 2.5 rule 1); the four values are i64 for %ld (section 6, item 1). Server-log text, kept as the C++ writes it (RULEBOOK 1, Logging row).	sweep: printf-calls.tsv:80 (data row 79). Types: pos is an int64_t &, data_len and len const int64_t (src/oblib/common/log/ob_log_generator.cpp:135-136); the sweep's ? is ObLogEntry::get_serialize_size, which NEED_SERIALIZE_AND_DESERIALIZE declares (src/oblib/common/log/ob_log_entry.h:204) as returning int64_t (src/oblib/lib/ob_define.h:1720). Server log: _OB_LOG (src/oblib/lib/oblog/ob_log_module.h:274) calls _OB_PRINT (ob_log_module.h:277), OB_LOGGER.log_message_fmt (ob_log_module.h:232); nothing else reads the text. Four conversions, four arguments; no %p.	confirmed
src/oblib/common/log/ob_log_generator.cpp	generate_log	line 165: _OB_LOG call; format "generate_log(buf=%p, len=%ld, pos=%ld, log_data=%p, data_len=%ld, cursor=%s)=>%d"; conversions %p %ld %ld %p %ld %s %d; 7 arguments: buf, len, pos, log_data, data_len, helper.convert(cursor), ret; argument types: char * | const int64_t | int64_t & | const char * | const int64_t | const char * or int | int; conversion and argument pairs: %p <- char *, %ld <- const int64_t, %ld <- int64_t &, %p <- const char *, %ld <- const int64_t, %s <- const char * or int, %d <- int; has %p; writes the server log	LOG_TEXT	_ob_log!(ret, ERROR, "generate_log(buf=%p, len=%ld, pos=%ld, log_data=%p, data_len=%ld, cursor=%s)=>%d", <address of buf>, len, *pos, <address of log_data>, data_len, helper.convert(&cursor), <ret's i32 code>): ERROR takes the ret in scope first, here OB_INVALID_ARGUMENT (s2-errors.md 2.5 rule 1); len, pos and data_len are i64; each helper.convert(..) is an Option<&[u8]> of the object's to_string text, None printing (null) (section 6, item 5); the last %d is ret's i32 code (section 6, item 2); the %p of buf and of log_data, the caller's log buffer and data, which has no id, takes open question 3's conservative form: the address of the Rust value that holds it (buf.as_ptr().addr() as u64 and the same for log_data), 0 when it is NULL, under the marker // TODO(port): printf-calls Q3: %p of the log buffer buf and the data log_data (src/oblib/common/log/ob_log_generator.cpp:165). Server-log text, kept as the C++ writes it (RULEBOOK 1, Logging row).	sweep: printf-calls.tsv:81 (data row 80). Types: buf is a char *, len a const int64_t, pos an int64_t &, cursor an ObLogCursor &, log_data a const char * and data_len a const int64_t (src/oblib/common/log/ob_log_generator.cpp:155-157); buf or log_data may be NULL on this branch (ob_log_generator.cpp:161-162); the sweep's "const char * or int" is the const char * overload: helper.convert(x) is ObCStringHelper::convert (src/oblib/lib/utility/ob_print_utils.h:305), which returns x's to_string text, or NULL past the helper's 64 MB limit or on a formatting failure (ob_print_utils.h:319-321, :344). ret is set to OB_INVALID_ARGUMENT on the line before (src/oblib/common/log/ob_log_generator.cpp:163). Server log: _OB_LOG (src/oblib/lib/oblog/ob_log_module.h:274) calls _OB_PRINT (ob_log_module.h:277), OB_LOGGER.log_message_fmt (ob_log_module.h:232); nothing else reads the text. Seven conversions, seven arguments; two %p. Question: what does a translated %p print for an object that has no id, here a log buffer (open question 3)?	unknown
src/oblib/common/log/ob_log_generator.cpp	generate_log	line 169: _OB_LOG call; format "header[%ld] + data_len[%ld] > len[%ld]"; conversions %ld %ld %ld; 3 arguments: entry.get_serialize_size(), data_len, len; argument types: ? | const int64_t | const int64_t; conversion and argument pairs: %ld <- ?, %ld <- const int64_t, %ld <- const int64_t; writes the server log	LOG_TEXT	_ob_log!(ret, WARN, "header[%ld] + data_len[%ld] > len[%ld]", entry.get_serialize_size(), data_len, len): WARN takes the ret in scope first, here OB_LOG_TOO_LARGE (s2-errors.md 2.5 rule 1); the three values are i64 for %ld (section 6, item 1). Server-log text, kept as the C++ writes it (RULEBOOK 1, Logging row).	sweep: printf-calls.tsv:82 (data row 81). Types: the sweep's ? is ObLogEntry::get_serialize_size, which NEED_SERIALIZE_AND_DESERIALIZE declares (src/oblib/common/log/ob_log_entry.h:204) as returning int64_t (src/oblib/lib/ob_define.h:1720); data_len and len are const int64_t (src/oblib/common/log/ob_log_generator.cpp:155-157). ret is set to OB_LOG_TOO_LARGE on the line before (ob_log_generator.cpp:168). Server log: _OB_LOG (src/oblib/lib/oblog/ob_log_module.h:274) calls _OB_PRINT (ob_log_module.h:277), OB_LOGGER.log_message_fmt (ob_log_module.h:232); nothing else reads the text. Three conversions, three arguments; no %p.	confirmed
src/oblib/common/log/ob_log_generator.cpp	generate_log	line 173: _OB_LOG call; format "cursor[%s].next_entry()=>%d"; conversions %s %d; 2 arguments: helper.convert(cursor), ret; argument types: const char * or int | int; conversion and argument pairs: %s <- const char * or int, %d <- int; writes the server log	LOG_TEXT	_ob_log!(ret, ERROR, "cursor[%s].next_entry()=>%d", helper.convert(&cursor), <ret's i32 code>): ERROR takes the ret in scope first, the code next_entry returned (s2-errors.md 2.5 rule 1); each helper.convert(..) is an Option<&[u8]> of the object's to_string text, None printing (null) (section 6, item 5); the %d is ret's i32 code (section 6, item 2). Server-log text, kept as the C++ writes it (RULEBOOK 1, Logging row).	sweep: printf-calls.tsv:83 (data row 82). Types: cursor is an ObLogCursor & (src/oblib/common/log/ob_log_generator.cpp:155); helper.convert(x) is ObCStringHelper::convert (src/oblib/lib/utility/ob_print_utils.h:305), which returns x's to_string text, or NULL past the helper's 64 MB limit or on a formatting failure (ob_print_utils.h:319-321, :344). ret is set by the OB_FAIL test of cursor.next_entry (src/oblib/common/log/ob_log_generator.cpp:171). Server log: _OB_LOG (src/oblib/lib/oblog/ob_log_module.h:274) calls _OB_PRINT (ob_log_module.h:277), OB_LOGGER.log_message_fmt (ob_log_module.h:232); nothing else reads the text. Two conversions, two arguments; no %p.	confirmed
src/oblib/common/log/ob_log_generator.cpp	ObLogGenerator::do_write_log	line 191: _OB_LOG call; format "log_generator is frozen, cursor=[%s,%s]"; conversions %s %s; 2 arguments: helper.convert(start_cursor_), helper.convert(end_cursor_); argument types: const char * or int | const char * or int; conversion and argument pairs: %s <- const char * or int, %s <- const char * or int; writes the server log	LOG_TEXT	_ob_log!(ret, ERROR, "log_generator is frozen, cursor=[%s,%s]", helper.convert(&self.start_cursor_), helper.convert(&self.end_cursor_)): ERROR takes the ret in scope first, here OB_STATE_NOT_MATCH (s2-errors.md 2.5 rule 1); each helper.convert(..) is an Option<&[u8]> of the object's to_string text, None printing (null) (section 6, item 5). Server-log text, kept as the C++ writes it (RULEBOOK 1, Logging row).	sweep: printf-calls.tsv:84 (data row 83). Types: start_cursor_ and end_cursor_ are ObLogCursor members (src/oblib/common/log/ob_log_generator.h:61-62); helper.convert(x) is ObCStringHelper::convert (src/oblib/lib/utility/ob_print_utils.h:305), which returns x's to_string text, or NULL past the helper's 64 MB limit or on a formatting failure (ob_print_utils.h:319-321, :344). ret is set to OB_STATE_NOT_MATCH on the line before (src/oblib/common/log/ob_log_generator.cpp:189). Server log: _OB_LOG (src/oblib/lib/oblog/ob_log_module.h:274) calls _OB_PRINT (ob_log_module.h:277), OB_LOGGER.log_message_fmt (ob_log_module.h:232); nothing else reads the text. Two conversions, two arguments; no %p.	confirmed
src/oblib/common/log/ob_log_generator.cpp	ObLogGenerator::do_write_log	line 196: _OB_LOG call; format "generate_log(pos=%ld)=>%d"; conversions %ld %d; 2 arguments: pos_, ret; argument types: int64_t | int; conversion and argument pairs: %ld <- int64_t, %d <- int; writes the server log	LOG_TEXT	_ob_log!(ret, WARN, "generate_log(pos=%ld)=>%d", self.pos_, <ret's i32 code>): WARN takes the ret in scope first, the code generate_log returned (s2-errors.md 2.5 rule 1); pos_ is an i64 for %ld and the %d is ret's i32 code (section 6, items 1 and 2). Server-log text, kept as the C++ writes it (RULEBOOK 1, Logging row).	sweep: printf-calls.tsv:85 (data row 84). Types: pos_ is an int64_t member (src/oblib/common/log/ob_log_generator.h:65). ret is set by the OB_FAIL test of generate_log, for a code other than OB_BUF_NOT_ENOUGH (src/oblib/common/log/ob_log_generator.cpp:193-195). Server log: _OB_LOG (src/oblib/lib/oblog/ob_log_module.h:274) calls _OB_PRINT (ob_log_module.h:277), OB_LOGGER.log_message_fmt (ob_log_module.h:232); nothing else reads the text. Two conversions, two arguments; no %p.	confirmed
src/oblib/common/log/ob_log_generator.cpp	ObLogGenerator::switch_log	line 217: _OB_LOG call; format "switch_log(file_id=%ld, log_id=%ld)"; conversions %ld %ld; 2 arguments: end_cursor_.file_id_, end_cursor_.log_id_; argument types: int64_t | int64_t; conversion and argument pairs: %ld <- int64_t, %ld <- int64_t; writes the server log	LOG_TEXT	_ob_log!(INFO, "switch_log(file_id=%ld, log_id=%ld)", self.end_cursor_.file_id_, self.end_cursor_.log_id_): INFO takes no ret (s2-errors.md 2.5 rule 1); both members are i64 for %ld (section 6, item 1). Server-log text, kept as the C++ writes it (RULEBOOK 1, Logging row).	sweep: printf-calls.tsv:86 (data row 85). Types: end_cursor_ is an ObLogCursor (src/oblib/common/log/ob_log_generator.h:62) whose file_id_ and log_id_ are int64_t (src/oblib/common/log/ob_log_cursor.h:30-31). Server log: _OB_LOG (src/oblib/lib/oblog/ob_log_module.h:274) calls _OB_PRINT (ob_log_module.h:277), OB_LOGGER.log_message_fmt (ob_log_module.h:232); nothing else reads the text. Two conversions, two arguments; no %p.	confirmed
src/oblib/common/log/ob_log_generator.h	generate_log	line 83: _OB_LOG call; format "generate_log(buf=%p, len=%ld, pos=%ld, cursor=%s)=>%d"; conversions %p %ld %ld %s %d; 5 arguments: buf, len, pos, cursor.to_str(), ret; argument types: char * | const int64_t | int64_t & | char * | int; conversion and argument pairs: %p <- char *, %ld <- const int64_t, %ld <- int64_t &, %s <- char *, %d <- int; has %p; writes the server log	LOG_TEXT	_ob_log!(ret, ERROR, "generate_log(buf=%p, len=%ld, pos=%ld, cursor=%s)=>%d", <address of buf>, len, *pos, cursor.to_str(), <ret's i32 code>) in the generic generate_log: ERROR takes the ret in scope first, here OB_INVALID_ARGUMENT (s2-errors.md 2.5 rule 1); len and pos are i64; cursor.to_str() is the text of to_str's static buffer, a byte slice; the last %d is ret's i32 code (section 6, item 2); the %p of buf, the caller's log buffer, which has no id, takes open question 3's conservative form: the address of the Rust value that holds it (buf.as_ptr().addr() as u64), 0 when it is NULL, under the marker // TODO(port): printf-calls Q3: %p of the log buffer buf (src/oblib/common/log/ob_log_generator.h:83). Server-log text, kept as the C++ writes it (RULEBOOK 1, Logging row).	sweep: printf-calls.tsv:87 (data row 86). Types: buf is a char *, len a const int64_t, pos an int64_t & and cursor an ObLogCursor & (src/oblib/common/log/ob_log_generator.h:72); buf may be NULL on this branch (ob_log_generator.h:81); to_str returns its static buffer (src/oblib/common/log/ob_log_cursor.cpp:77-83). ret is set to OB_INVALID_ARGUMENT on the line before (ob_log_generator.h:82). generate_log is a template over T (src/oblib/common/log/ob_log_generator.h:71-74) called only from ObLogGenerator::write_log (ob_log_generator.h:115), a template with no caller in src: ObLogGenerator is named outside its own files only for eof_flag_buf_ (src/oblib/common/log/ob_log_data_writer.cpp:202-204; `grep -rnw 'ObLogGenerator' src`), and every `write_log(` call in src is on the storage logger. Server log: _OB_LOG (src/oblib/lib/oblog/ob_log_module.h:274) calls _OB_PRINT (ob_log_module.h:277), OB_LOGGER.log_message_fmt (ob_log_module.h:232); nothing else reads the text. Five conversions, five arguments; one %p. Question: what does a translated %p print for an object that has no id, here a log buffer (open question 3)?	unknown
src/oblib/common/log/ob_log_generator.h	generate_log	line 88: _OB_LOG call; format "log too large(size=%ld, limit=%ld)"; conversions %ld %ld; 2 arguments: data.get_serialize_size(), len; argument types: ? | const int64_t; conversion and argument pairs: %ld <- ?, %ld <- const int64_t; writes the server log	LOG_TEXT	_ob_log!(ret, WARN, "log too large(size=%ld, limit=%ld)", data.get_serialize_size() as i64, len) in the generic generate_log: WARN takes the ret in scope first, here OB_LOG_TOO_LARGE (s2-errors.md 2.5 rule 1); len is an i64; data is of the template type T, which no code instantiates, so its get_serialize_size is passed as the conversion's C type, i64, under the marker // TODO(port): printf-calls type: data.get_serialize_size() not resolved (src/oblib/common/log/ob_log_generator.h:88). Server-log text, kept as the C++ writes it (RULEBOOK 1, Logging row).	sweep: printf-calls.tsv:88 (data row 87). Types: data is a const T & and len a const int64_t (src/oblib/common/log/ob_log_generator.h:72-74); the OB serialization declarations return int64_t (src/oblib/lib/ob_define.h:1720), but no instantiation fixes T: generate_log is a template over T (src/oblib/common/log/ob_log_generator.h:71-74) called only from ObLogGenerator::write_log (ob_log_generator.h:115), a template with no caller in src: ObLogGenerator is named outside its own files only for eof_flag_buf_ (src/oblib/common/log/ob_log_data_writer.cpp:202-204; `grep -rnw 'ObLogGenerator' src`), and every `write_log(` call in src is on the storage logger. ret is set to OB_LOG_TOO_LARGE on the line before (src/oblib/common/log/ob_log_generator.h:87). Server log: _OB_LOG (src/oblib/lib/oblog/ob_log_module.h:274) calls _OB_PRINT (ob_log_module.h:277), OB_LOGGER.log_message_fmt (ob_log_module.h:232); nothing else reads the text. Two conversions, two arguments; no %p. Question: what type does data.get_serialize_size() have, when T has no instantiation in src and the Rust generic's bound must name it (section 9)?	unknown
src/oblib/common/log/ob_log_generator.h	ObLogGenerator::write_log	line 113: _OB_LOG call; format "log_generator is frozen, cursor=[%s,%s]"; conversions %s %s; 2 arguments: helper.convert(start_cursor_), helper.convert(end_cursor_); argument types: const char * or int | const char * or int; conversion and argument pairs: %s <- const char * or int, %s <- const char * or int; writes the server log	LOG_TEXT	_ob_log!(ret, ERROR, "log_generator is frozen, cursor=[%s,%s]", helper.convert(&self.start_cursor_), helper.convert(&self.end_cursor_)) in the generic ObLogGenerator::write_log: ERROR takes the ret in scope first, here OB_STATE_NOT_MATCH (s2-errors.md 2.5 rule 1); each helper.convert(..) is an Option<&[u8]> of the object's to_string text, None printing (null) (section 6, item 5). Server-log text, kept as the C++ writes it (RULEBOOK 1, Logging row).	sweep: printf-calls.tsv:89 (data row 88). Types: start_cursor_ and end_cursor_ are ObLogCursor members (src/oblib/common/log/ob_log_generator.h:61-62); helper.convert(x) is ObCStringHelper::convert (src/oblib/lib/utility/ob_print_utils.h:305), which returns x's to_string text, or NULL past the helper's 64 MB limit or on a formatting failure (ob_print_utils.h:319-321, :344). ret is set to OB_STATE_NOT_MATCH on the line before (src/oblib/common/log/ob_log_generator.h:111). Server log: _OB_LOG (src/oblib/lib/oblog/ob_log_module.h:274) calls _OB_PRINT (ob_log_module.h:277), OB_LOGGER.log_message_fmt (ob_log_module.h:232); nothing else reads the text. Two conversions, two arguments; no %p.	confirmed
src/oblib/common/log/ob_log_generator.h	ObLogGenerator::write_log	line 118: _OB_LOG call; format "generate_log(pos=%ld)=>%d"; conversions %ld %d; 2 arguments: pos_, ret; argument types: int64_t | int; conversion and argument pairs: %ld <- int64_t, %d <- int; writes the server log	LOG_TEXT	_ob_log!(ret, WARN, "generate_log(pos=%ld)=>%d", self.pos_, <ret's i32 code>) in the generic ObLogGenerator::write_log: WARN takes the ret in scope first, the code generate_log returned (s2-errors.md 2.5 rule 1); pos_ is an i64 for %ld and the %d is ret's i32 code (section 6, items 1 and 2). Server-log text, kept as the C++ writes it (RULEBOOK 1, Logging row).	sweep: printf-calls.tsv:90 (data row 89). Types: pos_ is an int64_t member (src/oblib/common/log/ob_log_generator.h:65). ret is set by the OB_FAIL test of generate_log, for a code other than OB_BUF_NOT_ENOUGH (ob_log_generator.h:115-117). Server log: _OB_LOG (src/oblib/lib/oblog/ob_log_module.h:274) calls _OB_PRINT (ob_log_module.h:277), OB_LOGGER.log_message_fmt (ob_log_module.h:232); nothing else reads the text. Two conversions, two arguments; no %p.	confirmed
src/oblib/common/log/ob_single_log_reader.cpp	ObSingleLogReader::open	line 57: snprintf call; format "%s/%lu"; conversions %s %lu; 2 arguments: log_dir_, file_id; argument types: char [] | const uint64_t; conversion and argument pairs: %s <- char [], %lu <- const uint64_t	ENGINE_TEXT	snprintf!(self.file_name_, OB_MAX_FILE_NAME_LENGTH, "%s/%lu", &self.log_dir_[..], file_id): log_dir_ is the member char array, passed whole, and file_id a u64 for %lu (section 6, item 1). The engine acts on these bytes (the log file it opens): cfmt only (RULEBOOK 1, Number text row).	sweep: printf-calls.tsv:91 (data row 90). Types: log_dir_ is a char array member (src/oblib/common/log/ob_single_log_reader.h:117); file_id is a const uint64_t parameter (src/oblib/common/log/ob_single_log_reader.cpp:50). Buffer: the member file_name_ (ob_single_log_reader.h:116). Path: file_.open opens the file of that name (ob_single_log_reader.cpp:66, :73): engine use 3; the log keys that print it are log lines. Two conversions, two arguments; no %p.	confirmed
src/oblib/common/mysqlclient/ob_mysql_global.h	databuff_print_obj	line 423: databuff_printf call; format "%s"; conversions %s; 1 arguments: get_emysql_field_type_str(type); argument types: const char *; conversion and argument pairs: %s <- const char *	LOG_TEXT	databuff_printf_2!(buf, buf_len, pos, "%s", get_emysql_field_type_str(type)) in the EMySQLFieldType impl of the object printer (RULEBOOK 2.3, the trait dispatch row): get_emysql_field_type_str returns a literal, a byte slice. Server-log text, kept as the C++ writes it (RULEBOOK 1, Logging row).	sweep: printf-calls.tsv:92 (data row 91). Types: get_emysql_field_type_str returns a const char * literal, "UNKNOWN_TYPE" for an unlisted type (src/oblib/common/mysqlclient/ob_mysql_global.h:296, :298). Buffer: the printer's buf, buf_len and pos (src/oblib/common/mysqlclient/ob_mysql_global.h:420-421). Uses: this overload prints an obmysql::EMySQLFieldType that reaches the object form of databuff_printf, BUF_PRINTO, ObCStringHelper::convert or a key of a TO_STRING_KV or J_KV (a generic printer, section 4). A log macro's K() key never reaches it: ObLogKV::print hands the key to logdata_print_key_obj (src/oblib/lib/oblog/ob_log_print_kv.h:604-605), which prints an enum's integer with %ld (ob_log_print_kv.h:471, :460). The values of that type are declared at src/oblib/rpc/obmysql/ob_mysql_field.h:50, :54, src/oblib/common/json_type/ob_json_base.cpp:3493, src/observer/mysql/obmp_stmt_execute.cpp:698, :740, :750, :918, :1062, :2565, :2659, src/query/protocol/ob_mysql_protocol_util.cpp:36, :701, :763, and in the arrays of src/observer/virtual_table/ob_all_virtual_session_ps_info.h:91 and the ParamTypeArray typedef (src/sql/plan_cache/ob_prepare_stmt_struct.h:309; `grep -rnE 'EMySQLFieldType\s+&?\s*[a-z_]+_?\s*(;|=|,|\))' src`; `grep -rnE 'Array<\s*(obmysql::)?EMySQLFieldType' src`; `grep -rn 'ParamTypeArray' src`). ObMySQLField::to_string prints type_ and default_value_ with %d (src/oblib/rpc/obmysql/ob_mysql_field.h:67-68, :71-72), the session PS info table formats param types with std::to_string (src/observer/virtual_table/ob_all_virtual_session_ps_info.cpp:82), ObPsSessionInfo's TO_STRING_KV leaves out param_types_ (src/sql/plan_cache/ob_prepare_stmt_struct.h:372-377), and in the files that declare the values none is a key or an argument of BUF_PRINTO, convert or to_cstring: `grep -nE '(K_?|KPC|BUF_PRINTO|convert|to_cstring|J_KV)\(\s*\*?(mysql_type|field_type|param_type|type_|default_value_|param_types_?|new_types|cached_types|tmp_param_types|get_param_types)\b' src/oblib/rpc/obmysql/ob_mysql_field.h src/oblib/common/json_type/ob_json_base.cpp src/observer/mysql/obmp_stmt_execute.cpp src/observer/mysql/obmp_stmt_execute.h src/query/protocol/ob_mysql_protocol_util.cpp src/observer/virtual_table/ob_all_virtual_session_ps_info.h src/observer/virtual_table/ob_all_virtual_session_ps_info.cpp src/sql/plan_cache/ob_prepare_stmt_struct.h` prints only the count K(param_types_.count()) (src/observer/mysql/obmp_stmt_execute.cpp:91); their one databuff_printf is ObMySQLField::to_string's format call (src/oblib/rpc/obmysql/ob_mysql_field.h:65); and materialize_standard_long_data's type parameter (src/observer/mysql/obmp_stmt_execute.cpp:918) is read only by its switch and set_standard_bytes_param (obmp_stmt_execute.cpp:926, :961). So no value reaches this printer: a printer with no use is LOG_TEXT, as a to_string with no explicit use is (section 14.1, line 6115). One conversion, one argument; no %p.	confirmed
src/oblib/common/mysqlclient/ob_mysql_global.h	databuff_print_key_obj	line 429: databuff_printf call; format WITH_COMMA("%s:\"%s\""); conversions %s %s; format uses macros WITH_COMMA; 2 arguments: key, get_emysql_field_type_str(type); argument types: const char * | const char *; conversion and argument pairs: %s <- const char *, %s <- const char *	LOG_TEXT	databuff_printf_2!(buf, buf_len, pos, with_comma!("%s:\"%s\""), key, get_emysql_field_type_str(type)) in the EMySQLFieldType impl of the key printer (RULEBOOK 2.3, the trait dispatch row), under the marker // TODO(port): printf-calls Q1: no Rust form named for WITH_COMMA, which reads its caller's with_comma (src/oblib/common/mysqlclient/ob_mysql_global.h:429): WITH_COMMA picks ", %s:\"%s\"" or "%s:\"%s\"" by the printer's with_comma parameter; key is the key's C string and get_emysql_field_type_str returns a literal, byte slices. Server-log text, kept as the C++ writes it (RULEBOOK 1, Logging row).	sweep: printf-calls.tsv:93 (data row 92). Format: WITH_COMMA(format) is (with_comma ? COMMA_FORMAT format : format), COMMA_FORMAT being ", " (src/oblib/lib/utility/ob_print_utils.h:32-33): two literal formats, each with two %s and the call passes two arguments. Types: key is a const char * and with_comma a const bool parameter (src/oblib/common/mysqlclient/ob_mysql_global.h:426-427); get_emysql_field_type_str returns a const char * literal (src/oblib/common/mysqlclient/ob_mysql_global.h:296, :298). Uses: this overload prints an obmysql::EMySQLFieldType that reaches the object form of databuff_printf, BUF_PRINTO, ObCStringHelper::convert or a key of a TO_STRING_KV or J_KV (a generic printer, section 4). A log macro's K() key never reaches it: ObLogKV::print hands the key to logdata_print_key_obj (src/oblib/lib/oblog/ob_log_print_kv.h:604-605), which prints an enum's integer with %ld (ob_log_print_kv.h:471, :460). The values of that type are declared at src/oblib/rpc/obmysql/ob_mysql_field.h:50, :54, src/oblib/common/json_type/ob_json_base.cpp:3493, src/observer/mysql/obmp_stmt_execute.cpp:698, :740, :750, :918, :1062, :2565, :2659, src/query/protocol/ob_mysql_protocol_util.cpp:36, :701, :763, and in the arrays of src/observer/virtual_table/ob_all_virtual_session_ps_info.h:91 and the ParamTypeArray typedef (src/sql/plan_cache/ob_prepare_stmt_struct.h:309; `grep -rnE 'EMySQLFieldType\s+&?\s*[a-z_]+_?\s*(;|=|,|\))' src`; `grep -rnE 'Array<\s*(obmysql::)?EMySQLFieldType' src`; `grep -rn 'ParamTypeArray' src`). ObMySQLField::to_string prints type_ and default_value_ with %d (src/oblib/rpc/obmysql/ob_mysql_field.h:67-68, :71-72), the session PS info table formats param types with std::to_string (src/observer/virtual_table/ob_all_virtual_session_ps_info.cpp:82), ObPsSessionInfo's TO_STRING_KV leaves out param_types_ (src/sql/plan_cache/ob_prepare_stmt_struct.h:372-377), and in the files that declare the values none is a key or an argument of BUF_PRINTO, convert or to_cstring: `grep -nE '(K_?|KPC|BUF_PRINTO|convert|to_cstring|J_KV)\(\s*\*?(mysql_type|field_type|param_type|type_|default_value_|param_types_?|new_types|cached_types|tmp_param_types|get_param_types)\b' src/oblib/rpc/obmysql/ob_mysql_field.h src/oblib/common/json_type/ob_json_base.cpp src/observer/mysql/obmp_stmt_execute.cpp src/observer/mysql/obmp_stmt_execute.h src/query/protocol/ob_mysql_protocol_util.cpp src/observer/virtual_table/ob_all_virtual_session_ps_info.h src/observer/virtual_table/ob_all_virtual_session_ps_info.cpp src/sql/plan_cache/ob_prepare_stmt_struct.h` prints only the count K(param_types_.count()) (src/observer/mysql/obmp_stmt_execute.cpp:91); their one databuff_printf is ObMySQLField::to_string's format call (src/oblib/rpc/obmysql/ob_mysql_field.h:65); and materialize_standard_long_data's type parameter (src/observer/mysql/obmp_stmt_execute.cpp:918) is read only by its switch and set_standard_bytes_param (obmp_stmt_execute.cpp:926, :961). So no value reaches this printer: a printer with no use is LOG_TEXT, as a to_string with no explicit use is (section 14.1, line 6115). No %p. Question: what is the Rust form of WITH_COMMA, which reads its caller's with_comma (open question 1 (b))?	unknown
src/oblib/common/mysqlclient/ob_mysql_proxy.h	#define SQL_APPEND_COLUMN_NAME	line 220: append_fmt call; format "%s%s"; conversions %s %s; 2 arguments: \ (values).empty() ? "" : ", ", (column); argument types: const char * | ?; inside #define SQL_APPEND_COLUMN_NAME (a fixed format: its uses are not rows)	ENGINE_TEXT	Conservative (Q1): append_fmt!(sql, "%s%s", if values.empty() { b"" } else { b", " }, column), the receiver first, then the format and the arguments in the C++ order, inside sql_append_column_name!, the lowercase macro_rules! that RULEBOOK 2.3's function-like macro row gives a macro that reads its caller's ret, under the marker // TODO(port): printf-calls Q1: no Rust form named for the C-variadic ObSqlString::append_fmt (src/oblib/common/mysqlclient/ob_mysql_proxy.h:220). The ternary of two literals is a byte slice, and column is each use's string literal. The engine acts on these bytes (the column list of the INSERT that ObOutlineSqlService::add_outline runs): cfmt only (RULEBOOK 1, Number text row).	sweep: printf-calls.tsv:94 (data row 93). #define row: SQL_APPEND_COLUMN_NAME (src/oblib/common/mysqlclient/ob_mysql_proxy.h:217) is used inside SQL_COL_APPEND_VALUE, SQL_COL_APPEND_TWO_VALUE, SQL_COL_APPEND_STR_VALUE, SQL_COL_APPEND_STRING_VALUE and SQL_COL_APPEND_ESCAPE_STR_VALUE (src/oblib/common/mysqlclient/ob_mysql_proxy.h:229, :240, :252, :266, :282). Uses: of the macros of src/oblib/common/mysqlclient/ob_mysql_proxy.h, only SQL_COL_APPEND_VALUE and SQL_COL_APPEND_ESCAPE_STR_VALUE are used outside it, all in ObOutlineSqlService::add_outline (src/share/schema/ob_outline_sql_service.cpp:264-295; `grep -rnE '\bSQL_(APPEND_COLUMN_NAME|COL_APPEND_[A-Z_]+|APPEND_(VALUE|INT_VALUE|UINT_VALUE|CSTR_VALUE|STR_VALUE|ESCAPE_CSTR_VALUE|ESCAPE_STR_VALUE))\(' src` prints only the header and that file); SQL_COL_APPEND_VALUE at ob_outline_sql_service.cpp:264, :265, :266, :279, :282, :283, :284, :292, :295 and SQL_COL_APPEND_ESCAPE_STR_VALUE at ob_outline_sql_service.cpp:267, :269, :271, :273, :275, :277, :280, :285, :288, :290. None of these uses has a row of its own (a #define row stands for its uses, section 4; finding F4). Types: column is a string literal at every use ("outline_id" to "is_deleted", src/share/schema/ob_outline_sql_service.cpp:264-295). Path: sql and values are add_outline's ObSqlString locals (src/share/schema/ob_outline_sql_service.cpp:256-257); sql starts as "INSERT INTO %s (" (ob_outline_sql_service.cpp:262), values is appended as its VALUES list (ob_outline_sql_service.cpp:300), and sql_client.write runs the statement (ob_outline_sql_service.cpp:303): engine use 1, statement text the call builds. Two conversions, two arguments; no %p. Question: what is the Rust form of ObSqlString::append_fmt, which the design does not name (open question 1 (a))?	unknown
src/oblib/common/mysqlclient/ob_mysql_proxy.h	#define SQL_APPEND_COLUMN_NAME	line 222: _OB_LOG call; format "sql append column %s failed, ret %d"; conversions %s %d; 2 arguments: (column), ret; argument types: ? | ?; writes the server log; inside #define SQL_APPEND_COLUMN_NAME (a fixed format: its uses are not rows)	LOG_TEXT	_ob_log!(ret, WARN, "sql append column %s failed, ret %d", column, <ret's i32 code>) inside sql_append_column_name!, the lowercase macro_rules! of the function-like macro row (RULEBOOK 2.3): WARN takes the ret in scope first (s2-errors.md 2.5 rule 1); column is each use's string literal and the %d is ret's i32 code (section 6, item 2). Server-log text, kept as the C++ writes it (RULEBOOK 1, Logging row).	sweep: printf-calls.tsv:95 (data row 94). #define row: SQL_APPEND_COLUMN_NAME (src/oblib/common/mysqlclient/ob_mysql_proxy.h:217); its uses as in the append_fmt row of src/oblib/common/mysqlclient/ob_mysql_proxy.h:220. Uses: of the macros of src/oblib/common/mysqlclient/ob_mysql_proxy.h, only SQL_COL_APPEND_VALUE and SQL_COL_APPEND_ESCAPE_STR_VALUE are used outside it, all in ObOutlineSqlService::add_outline (src/share/schema/ob_outline_sql_service.cpp:264-295; `grep -rnE '\bSQL_(APPEND_COLUMN_NAME|COL_APPEND_[A-Z_]+|APPEND_(VALUE|INT_VALUE|UINT_VALUE|CSTR_VALUE|STR_VALUE|ESCAPE_CSTR_VALUE|ESCAPE_STR_VALUE))\(' src` prints only the header and that file); SQL_COL_APPEND_VALUE at ob_outline_sql_service.cpp:264, :265, :266, :279, :282, :283, :284, :292, :295 and SQL_COL_APPEND_ESCAPE_STR_VALUE at ob_outline_sql_service.cpp:267, :269, :271, :273, :275, :277, :280, :285, :288, :290. None of these uses has a row of its own (a #define row stands for its uses, section 4; finding F4). Types: column is a string literal at every use (src/share/schema/ob_outline_sql_service.cpp:264-295); ret is the int of the macro's caller, set by the append_fmt it tests. Server log: _OB_LOG (src/oblib/lib/oblog/ob_log_module.h:274) calls _OB_PRINT (ob_log_module.h:277), OB_LOGGER.log_message_fmt (ob_log_module.h:232); nothing else reads the text. Two conversions, two arguments; no %p.	confirmed
src/oblib/common/mysqlclient/ob_mysql_proxy.h	#define SQL_COL_APPEND_VALUE	line 231: append_fmt call; format \ "%s" fmt; conversions %s; format uses macros fmt; 2 arguments: (values).empty() ? "" : ", ", (v); argument types: const char * | ?; inside #define SQL_COL_APPEND_VALUE (a fixed format: its uses are not rows)	ENGINE_TEXT	Conservative (Q1): append_fmt!(values, concat!("%s", $fmt), if values.empty() { b"" } else { b", " }, $v), the receiver first, then the format and the arguments in the C++ order, inside sql_col_append_value!, the lowercase macro_rules! that RULEBOOK 2.3's function-like macro row gives a macro that reads its caller's ret, under the marker // TODO(port): printf-calls Q1: no Rust form named for the C-variadic ObSqlString::append_fmt (src/oblib/common/mysqlclient/ob_mysql_proxy.h:231). The format joins "%s" with the use's fmt, a literal; the ternary of two literals is a byte slice; v is passed as its conversion reads it: a u64 for "%lu", an i64 for "%ld", a bool as i32 and the ObHintFormat newtype's .0 as i32 for "%d", the literal as a byte slice for "%s" (section 6, items 1 and 3). The engine acts on these bytes (the VALUES list of the INSERT that ObOutlineSqlService::add_outline runs): cfmt only (RULEBOOK 1, Number text row).	sweep: printf-calls.tsv:96 (data row 95). #define row: SQL_COL_APPEND_VALUE (src/oblib/common/mysqlclient/ob_mysql_proxy.h:227), whose format is "%s" fmt and whose uses carry the conversions (finding F4). Uses: of the macros of src/oblib/common/mysqlclient/ob_mysql_proxy.h, only SQL_COL_APPEND_VALUE and SQL_COL_APPEND_ESCAPE_STR_VALUE are used outside it, all in ObOutlineSqlService::add_outline (src/share/schema/ob_outline_sql_service.cpp:264-295; `grep -rnE '\bSQL_(APPEND_COLUMN_NAME|COL_APPEND_[A-Z_]+|APPEND_(VALUE|INT_VALUE|UINT_VALUE|CSTR_VALUE|STR_VALUE|ESCAPE_CSTR_VALUE|ESCAPE_STR_VALUE))\(' src` prints only the header and that file); SQL_COL_APPEND_VALUE at ob_outline_sql_service.cpp:264, :265, :266, :279, :282, :283, :284, :292, :295 and SQL_COL_APPEND_ESCAPE_STR_VALUE at ob_outline_sql_service.cpp:267, :269, :271, :273, :275, :277, :280, :285, :288, :290. None of these uses has a row of its own (a #define row stands for its uses, section 4; finding F4). Format: The uses pass these fmt and v: "%lu" with ObSchemaUtils::get_extract_schema_id(..), a uint64_t (src/share/schema/ob_schema_utils.h:55), at src/share/schema/ob_outline_sql_service.cpp:264-265; "%ld" with get_schema_version(), an int64_t, at ob_outline_sql_service.cpp:266; "%d" with the bools is_used(), is_compatible(), is_enabled() and is_format() at ob_outline_sql_service.cpp:279, :282, :283, :292 and with get_hint_format(), an ObHintFormat, at ob_outline_sql_service.cpp:284; "%s" with the literal "false" at ob_outline_sql_service.cpp:295 (src/share/schema/ob_schema_struct.h:5112-5118, :5144, and the unscoped enum ObHintFormat at ob_schema_struct.h:5055). Each use's format has two conversions and the call passes two arguments. Path: sql and values are add_outline's ObSqlString locals (src/share/schema/ob_outline_sql_service.cpp:256-257); sql starts as "INSERT INTO %s (" (ob_outline_sql_service.cpp:262), values is appended as its VALUES list (ob_outline_sql_service.cpp:300), and sql_client.write runs the statement (ob_outline_sql_service.cpp:303): engine use 1, statement text the call builds. No %p. Question: what is the Rust form of ObSqlString::append_fmt, which the design does not name (open question 1 (a))?	unknown
src/oblib/common/mysqlclient/ob_mysql_proxy.h	#define SQL_COL_APPEND_VALUE	line 233: _OB_LOG call; format "sql append value failed, ret %d, " #v " " fmt; conversions %d; format uses macros fmt, v; 2 arguments: ret, (v); argument types: ? | ?; writes the server log; inside #define SQL_COL_APPEND_VALUE (a fixed format: its uses are not rows)	LOG_TEXT	_ob_log!(ret, WARN, concat!("sql append value failed, ret %d, ", <the C++ text of v>, " ", $fmt), <ret's i32 code>, $v) inside sql_col_append_value! (RULEBOOK 2.3, function-like macro row): WARN takes the ret in scope first (s2-errors.md 2.5 rule 1); #v is the C++ spelling of the use's argument, which the Rust macro must print as that text, not as the Rust expression, to keep the C++ log text (RULEBOOK 1, Logging row); the %d is ret's i32 code (section 6, item 2) and v is passed as its conversion reads it, as in the append_fmt row of this macro. Server-log text, kept as the C++ writes it (RULEBOOK 1, Logging row).	sweep: printf-calls.tsv:97 (data row 96). #define row: SQL_COL_APPEND_VALUE (src/oblib/common/mysqlclient/ob_mysql_proxy.h:227). Uses: of the macros of src/oblib/common/mysqlclient/ob_mysql_proxy.h, only SQL_COL_APPEND_VALUE and SQL_COL_APPEND_ESCAPE_STR_VALUE are used outside it, all in ObOutlineSqlService::add_outline (src/share/schema/ob_outline_sql_service.cpp:264-295; `grep -rnE '\bSQL_(APPEND_COLUMN_NAME|COL_APPEND_[A-Z_]+|APPEND_(VALUE|INT_VALUE|UINT_VALUE|CSTR_VALUE|STR_VALUE|ESCAPE_CSTR_VALUE|ESCAPE_STR_VALUE))\(' src` prints only the header and that file); SQL_COL_APPEND_VALUE at ob_outline_sql_service.cpp:264, :265, :266, :279, :282, :283, :284, :292, :295 and SQL_COL_APPEND_ESCAPE_STR_VALUE at ob_outline_sql_service.cpp:267, :269, :271, :273, :275, :277, :280, :285, :288, :290. None of these uses has a row of its own (a #define row stands for its uses, section 4; finding F4). Format: "sql append value failed, ret %d, " #v " " fmt; The uses pass these fmt and v: "%lu" with ObSchemaUtils::get_extract_schema_id(..), a uint64_t (src/share/schema/ob_schema_utils.h:55), at src/share/schema/ob_outline_sql_service.cpp:264-265; "%ld" with get_schema_version(), an int64_t, at ob_outline_sql_service.cpp:266; "%d" with the bools is_used(), is_compatible(), is_enabled() and is_format() at ob_outline_sql_service.cpp:279, :282, :283, :292 and with get_hint_format(), an ObHintFormat, at ob_outline_sql_service.cpp:284; "%s" with the literal "false" at ob_outline_sql_service.cpp:295 (src/share/schema/ob_schema_struct.h:5112-5118, :5144, and the unscoped enum ObHintFormat at ob_schema_struct.h:5055). ret is the int of the macro's caller. Server log: _OB_LOG (src/oblib/lib/oblog/ob_log_module.h:274) calls _OB_PRINT (ob_log_module.h:277), OB_LOGGER.log_message_fmt (ob_log_module.h:232); nothing else reads the text. Each use's format has two conversions and the call passes two arguments; no %p.	confirmed
src/oblib/common/mysqlclient/ob_mysql_proxy.h	#define SQL_COL_APPEND_TWO_VALUE	line 242: append_fmt call; format \ "%s" fmt; conversions %s; format uses macros fmt; 3 arguments: (values).empty() ? "" : ", ", (v1), (v2); argument types: const char * | ? | ?; inside #define SQL_COL_APPEND_TWO_VALUE (a fixed format: its uses are not rows)	ENGINE_TEXT	Conservative (Q1): append_fmt!(values, concat!("%s", $fmt), if values.empty() { b"" } else { b", " }, $v1, $v2), the receiver first, then the format and the arguments in the C++ order, inside sql_col_append_two_value!, the lowercase macro_rules! that RULEBOOK 2.3's function-like macro row gives a macro that reads its caller's ret, under the marker // TODO(port): printf-calls Q1: no Rust form named for the C-variadic ObSqlString::append_fmt (src/oblib/common/mysqlclient/ob_mysql_proxy.h:242). The format joins "%s" with the use's fmt; the ternary of two literals is a byte slice. The engine acts on these bytes (nothing reads them: the macro has no use): cfmt only (RULEBOOK 1, Number text row).	sweep: printf-calls.tsv:98 (data row 97). #define row: SQL_COL_APPEND_TWO_VALUE (src/oblib/common/mysqlclient/ob_mysql_proxy.h:238), whose format is "%s" fmt (finding F4). Uses: none. SQL_COL_APPEND_TWO_VALUE is used only by no macro, and none of these has a use outside src/oblib/common/mysqlclient/ob_mysql_proxy.h (`grep -rnE '\bSQL_(APPEND_COLUMN_NAME|COL_APPEND_[A-Z_]+|APPEND_(VALUE|INT_VALUE|UINT_VALUE|CSTR_VALUE|STR_VALUE|ESCAPE_CSTR_VALUE|ESCAPE_STR_VALUE))\(' src` finds uses of only SQL_COL_APPEND_VALUE and SQL_COL_APPEND_ESCAPE_STR_VALUE outside the header), so nothing reads the bytes (engine use 5). With no use, no fmt fixes the conversions for v1 and v2; no %p. Question: what is the Rust form of ObSqlString::append_fmt, which the design does not name (open question 1 (a))?	unknown
src/oblib/common/mysqlclient/ob_mysql_proxy.h	#define SQL_COL_APPEND_TWO_VALUE	line 244: _OB_LOG call; format "sql append value failed, ret %d, " #v1 ", " #v2 " " fmt; conversions %d; format uses macros fmt, v1, v2; 3 arguments: \ ret, (v1), (v2); argument types: ? | ? | ?; writes the server log; inside #define SQL_COL_APPEND_TWO_VALUE (a fixed format: its uses are not rows)	LOG_TEXT	_ob_log!(ret, WARN, concat!("sql append value failed, ret %d, ", <the C++ text of v1>, ", ", <the C++ text of v2>, " ", $fmt), <ret's i32 code>, $v1, $v2) inside sql_col_append_two_value! (RULEBOOK 2.3, function-like macro row): WARN takes the ret in scope first (s2-errors.md 2.5 rule 1); #v1 and #v2 print the C++ spelling of the use's arguments (RULEBOOK 1, Logging row); the %d is ret's i32 code (section 6, item 2). Server-log text, kept as the C++ writes it (RULEBOOK 1, Logging row).	sweep: printf-calls.tsv:99 (data row 98). #define row: SQL_COL_APPEND_TWO_VALUE (src/oblib/common/mysqlclient/ob_mysql_proxy.h:238); the callee is a server-log macro (section 4, step 3). The macro has no use in src (`grep -rn 'SQL_COL_APPEND_TWO_VALUE' src` prints only its definition), so no format instance exists. Server log: _OB_LOG (src/oblib/lib/oblog/ob_log_module.h:274) calls _OB_PRINT (ob_log_module.h:277), OB_LOGGER.log_message_fmt (ob_log_module.h:232); nothing else reads the text. No %p.	confirmed
src/oblib/common/mysqlclient/ob_mysql_proxy.h	#define SQL_COL_APPEND_STR_VALUE	line 254: append_fmt call; format \ "%s'%.*s'"; conversions %s %.*s; 3 arguments: (values).empty() ? "" : ", ", \ static_cast<int32_t>(v_len), (v); argument types: const char * | ? | ?; inside #define SQL_COL_APPEND_STR_VALUE (a fixed format: its uses are not rows)	ENGINE_TEXT	Conservative (Q1): append_fmt!(values, "%s'%.*s'", if values.empty() { b"" } else { b", " }, <v's first v_len bytes>), the receiver first, then the format and the arguments in the C++ order, inside sql_col_append_str_value!, the lowercase macro_rules! that RULEBOOK 2.3's function-like macro row gives a macro that reads its caller's ret, under the marker // TODO(port): printf-calls Q1: no Rust form named for the C-variadic ObSqlString::append_fmt (src/oblib/common/mysqlclient/ob_mysql_proxy.h:254). The ternary of two literals is a byte slice; the precision static_cast<int32_t>(v_len) and v are one byte slice (s2-errors.md 2.9, the %.*s row of its table). The engine acts on these bytes (nothing reads them: the macro has no use outside unused macros): cfmt only (RULEBOOK 1, Number text row).	sweep: printf-calls.tsv:100 (data row 99). #define row: SQL_COL_APPEND_STR_VALUE (src/oblib/common/mysqlclient/ob_mysql_proxy.h:250). Uses: none. SQL_COL_APPEND_STR_VALUE is used only by SQL_COL_APPEND_CSTR_VALUE and SQL_APPEND_STR_VALUE (src/oblib/common/mysqlclient/ob_mysql_proxy.h:277-278, :308-310), and none of these has a use outside src/oblib/common/mysqlclient/ob_mysql_proxy.h (`grep -rnE '\bSQL_(APPEND_COLUMN_NAME|COL_APPEND_[A-Z_]+|APPEND_(VALUE|INT_VALUE|UINT_VALUE|CSTR_VALUE|STR_VALUE|ESCAPE_CSTR_VALUE|ESCAPE_STR_VALUE))\(' src` finds uses of only SQL_COL_APPEND_VALUE and SQL_COL_APPEND_ESCAPE_STR_VALUE outside the header), so nothing reads the bytes (engine use 5). Two conversions read three arguments and the call passes three; no %p. Question: what is the Rust form of ObSqlString::append_fmt, which the design does not name (open question 1 (a))?	unknown
src/oblib/common/mysqlclient/ob_mysql_proxy.h	#define SQL_COL_APPEND_STR_VALUE	line 257: _OB_LOG call; format "sql append value failed, ret %d, " #v " %.*s"; conversions %d %.*s; format uses macros v; 3 arguments: \ ret, static_cast<int32_t>(v_len), (v); argument types: ? | int32_t | ?; writes the server log; inside #define SQL_COL_APPEND_STR_VALUE (a fixed format: its uses are not rows)	LOG_TEXT	_ob_log!(ret, WARN, concat!("sql append value failed, ret %d, ", <the C++ text of v>, " %.*s"), <ret's i32 code>, <v's first v_len bytes>) inside sql_col_append_str_value! (RULEBOOK 2.3, function-like macro row): WARN takes the ret in scope first (s2-errors.md 2.5 rule 1); #v prints the C++ spelling of the use's argument (RULEBOOK 1, Logging row); the %d is ret's i32 code (section 6, item 2); the precision static_cast<int32_t>(v_len) and v are one byte slice. Server-log text, kept as the C++ writes it (RULEBOOK 1, Logging row).	sweep: printf-calls.tsv:101 (data row 100). #define row: SQL_COL_APPEND_STR_VALUE (src/oblib/common/mysqlclient/ob_mysql_proxy.h:250); the callee is a server-log macro (section 4, step 3). It is used only by SQL_COL_APPEND_CSTR_VALUE and SQL_APPEND_STR_VALUE (src/oblib/common/mysqlclient/ob_mysql_proxy.h:277-278, :308-310), which have no use outside the header, so no format instance exists. Server log: _OB_LOG (src/oblib/lib/oblog/ob_log_module.h:274) calls _OB_PRINT (ob_log_module.h:277), OB_LOGGER.log_message_fmt (ob_log_module.h:232); nothing else reads the text. Two conversions read three arguments and the call passes three; no %p.	confirmed
src/oblib/common/mysqlclient/ob_mysql_proxy.h	#define SQL_COL_APPEND_STRING_VALUE	line 268: append_fmt call; format \ "%s'%.*s'"; conversions %s %.*s; 3 arguments: (values).empty() ? "" : ", ", \ static_cast<int32_t>(((obj).member##_).length()), ((obj).member##_).ptr(); argument types: const char * | ? | ?; inside #define SQL_COL_APPEND_STRING_VALUE (a fixed format: its uses are not rows)	ENGINE_TEXT	Conservative (Q1): append_fmt!(values, "%s'%.*s'", if values.empty() { b"" } else { b", " }, &obj.member_[..]), the receiver first, then the format and the arguments in the C++ order, inside sql_col_append_string_value!, the lowercase macro_rules! that RULEBOOK 2.3's function-like macro row gives a macro that reads its caller's ret, under the marker // TODO(port): printf-calls Q1: no Rust form named for the C-variadic ObSqlString::append_fmt (src/oblib/common/mysqlclient/ob_mysql_proxy.h:268). The ternary of two literals is a byte slice; the precision static_cast<int32_t>(member_.length()) and member_.ptr() are one byte slice, the whole ObString member (s2-errors.md 2.9, the %.*s row of its table). The engine acts on these bytes (nothing reads them: the macro has no use): cfmt only (RULEBOOK 1, Number text row).	sweep: printf-calls.tsv:102 (data row 101). #define row: SQL_COL_APPEND_STRING_VALUE (src/oblib/common/mysqlclient/ob_mysql_proxy.h:263). Uses: none. SQL_COL_APPEND_STRING_VALUE is used only by no macro, and none of these has a use outside src/oblib/common/mysqlclient/ob_mysql_proxy.h (`grep -rnE '\bSQL_(APPEND_COLUMN_NAME|COL_APPEND_[A-Z_]+|APPEND_(VALUE|INT_VALUE|UINT_VALUE|CSTR_VALUE|STR_VALUE|ESCAPE_CSTR_VALUE|ESCAPE_STR_VALUE))\(' src` finds uses of only SQL_COL_APPEND_VALUE and SQL_COL_APPEND_ESCAPE_STR_VALUE outside the header), so nothing reads the bytes (engine use 5). Two conversions read three arguments and the call passes three; no %p. Question: what is the Rust form of ObSqlString::append_fmt, which the design does not name (open question 1 (a))?	unknown
src/oblib/common/mysqlclient/ob_mysql_proxy.h	#define SQL_COL_APPEND_ESCAPE_STR_VALUE	line 285: _OB_LOG call; format "sql append ', ' failed, ret %d"; conversions %d; 1 arguments: ret; argument types: ?; writes the server log; inside #define SQL_COL_APPEND_ESCAPE_STR_VALUE (a fixed format: its uses are not rows)	LOG_TEXT	_ob_log!(ret, WARN, "sql append ', ' failed, ret %d", <ret's i32 code>) inside sql_col_append_escape_str_value! (RULEBOOK 2.3, function-like macro row): WARN takes the ret in scope first (s2-errors.md 2.5 rule 1), and the %d is ret's i32 code (section 6, item 2). Server-log text, kept as the C++ writes it (RULEBOOK 1, Logging row).	sweep: printf-calls.tsv:103 (data row 102). #define row: SQL_COL_APPEND_ESCAPE_STR_VALUE (src/oblib/common/mysqlclient/ob_mysql_proxy.h:280). Uses: of the macros of src/oblib/common/mysqlclient/ob_mysql_proxy.h, only SQL_COL_APPEND_VALUE and SQL_COL_APPEND_ESCAPE_STR_VALUE are used outside it, all in ObOutlineSqlService::add_outline (src/share/schema/ob_outline_sql_service.cpp:264-295; `grep -rnE '\bSQL_(APPEND_COLUMN_NAME|COL_APPEND_[A-Z_]+|APPEND_(VALUE|INT_VALUE|UINT_VALUE|CSTR_VALUE|STR_VALUE|ESCAPE_CSTR_VALUE|ESCAPE_STR_VALUE))\(' src` prints only the header and that file); SQL_COL_APPEND_VALUE at ob_outline_sql_service.cpp:264, :265, :266, :279, :282, :283, :284, :292, :295 and SQL_COL_APPEND_ESCAPE_STR_VALUE at ob_outline_sql_service.cpp:267, :269, :271, :273, :275, :277, :280, :285, :288, :290. None of these uses has a row of its own (a #define row stands for its uses, section 4; finding F4). Types: ret is the int of the macro's caller, set by the append it tests (src/oblib/common/mysqlclient/ob_mysql_proxy.h:284). Server log: _OB_LOG (src/oblib/lib/oblog/ob_log_module.h:274) calls _OB_PRINT (ob_log_module.h:277), OB_LOGGER.log_message_fmt (ob_log_module.h:232); nothing else reads the text. One conversion, one argument; no %p.	confirmed
src/oblib/common/mysqlclient/ob_mysql_proxy.h	#define SQL_COL_APPEND_ESCAPE_STR_VALUE	line 287: _OB_LOG call; format "sql append escaped value failed, ret %d, " #v " %.*s"; conversions %d %.*s; format uses macros v; 3 arguments: \ ret, static_cast<int32_t>((v_len)), (v); argument types: ? | int32_t | ?; writes the server log; inside #define SQL_COL_APPEND_ESCAPE_STR_VALUE (a fixed format: its uses are not rows)	LOG_TEXT	_ob_log!(ret, WARN, concat!("sql append escaped value failed, ret %d, ", <the C++ text of v>, " %.*s"), <ret's i32 code>, <v's first v_len bytes>) inside sql_col_append_escape_str_value! (RULEBOOK 2.3, function-like macro row): WARN takes the ret in scope first (s2-errors.md 2.5 rule 1); #v prints the C++ spelling of the use's argument, such as outline_info.get_name() (RULEBOOK 1, Logging row: the C++ text); the %d is ret's i32 code (section 6, item 2); the precision static_cast<int32_t>((v_len)) and v are one byte slice, the member's bytes (s2-errors.md 2.9, the %.*s row of its table). Server-log text, kept as the C++ writes it (RULEBOOK 1, Logging row).	sweep: printf-calls.tsv:104 (data row 103). #define row: SQL_COL_APPEND_ESCAPE_STR_VALUE (src/oblib/common/mysqlclient/ob_mysql_proxy.h:280). Uses: of the macros of src/oblib/common/mysqlclient/ob_mysql_proxy.h, only SQL_COL_APPEND_VALUE and SQL_COL_APPEND_ESCAPE_STR_VALUE are used outside it, all in ObOutlineSqlService::add_outline (src/share/schema/ob_outline_sql_service.cpp:264-295; `grep -rnE '\bSQL_(APPEND_COLUMN_NAME|COL_APPEND_[A-Z_]+|APPEND_(VALUE|INT_VALUE|UINT_VALUE|CSTR_VALUE|STR_VALUE|ESCAPE_CSTR_VALUE|ESCAPE_STR_VALUE))\(' src` prints only the header and that file); SQL_COL_APPEND_VALUE at ob_outline_sql_service.cpp:264, :265, :266, :279, :282, :283, :284, :292, :295 and SQL_COL_APPEND_ESCAPE_STR_VALUE at ob_outline_sql_service.cpp:267, :269, :271, :273, :275, :277, :280, :285, :288, :290. None of these uses has a row of its own (a #define row stands for its uses, section 4; finding F4). Format: "sql append escaped value failed, ret %d, " #v " %.*s" joined per use. Types: The uses pass v = outline_info.get_name(), get_signature(), get_sql_id(), get_outline_content(), get_sql_text(), get_owner(), get_version(), get_outline_target(), get_format_sql_id() and get_format_sql_text(), each a const char * that extract_str gives from an ObString member ("" when it is empty, src/share/schema/ob_schema_struct.cpp:1379-1382), and v_len = the same member's length(), an obstr_size_t, int32_t (src/oblib/lib/string/ob_string.h:285, :44) (src/share/schema/ob_outline_sql_service.cpp:267-291). ret is the int of the macro's caller. Server log: _OB_LOG (src/oblib/lib/oblog/ob_log_module.h:274) calls _OB_PRINT (ob_log_module.h:277), OB_LOGGER.log_message_fmt (ob_log_module.h:232); nothing else reads the text. Two conversions read three arguments and the call passes three; no %p.	confirmed
src/oblib/common/number/ob_number_v2.cpp	ObNumber::from_sci_	line 353: snprintf call; format "0.%0*d%s"; conversions %0*d %s; 3 arguments: 0 - e_value + dec_n_zero, 0, digit_str; argument types: int | int | char [MAX_PRINTABLE_SIZE]; conversion and argument pairs: %0*d width or precision <- int, %0*d <- int, %s <- char [MAX_PRINTABLE_SIZE]	CLIENT_TEXT	nth += snprintf!(&mut full_str[nth as usize..], MAX_PRINTABLE_SIZE - nth as i64, "0.%0*d%s", 0 - e_value + dec_n_zero, 0, &digit_str[..]): the * width and the value 0 are i32 (s2-errors.md 2.9 rule 1 keeps a * width an i32 argument), and digit_str is the whole char array, which cfmt prints up to its NUL; nth keeps the count, as the C++ does (section 6, item 11). The text is parsed back into the number the string-to-number cast returns to the client: cfmt only, never format! or write! (RULEBOOK 2.3, printf row; RULEBOOK 1, Number text row).	sweep: printf-calls.tsv:105 (data row 104). Types: full_str, digit_str and tmpstr are char[MAX_PRINTABLE_SIZE] zero-initialized locals (src/oblib/common/number/ob_number_v2.cpp:211-212, :223), MAX_PRINTABLE_SIZE being 256 (src/oblib/common/number/ob_number_v2.h:166); nth, i_nth, e_value, valid_len and dec_n_zero are int32_t (src/oblib/common/number/ob_number_v2.cpp:214-219). The width is positive on this branch, e_value being below 0 (src/oblib/common/number/ob_number_v2.cpp:352). Path: full_str is what from_ parses into this ObNumber (src/oblib/common/number/ob_number_v2.cpp:430), a parse whose value is output: the string-to-number cast calls from_sci_opt (src/sql/engine/expr/ob_datum_cast.cpp:990, in common_string_number, ob_datum_cast.cpp:970), which reaches from_sci_ through from_sci (src/oblib/common/number/ob_number_v2.h:1547, :1528), and the cast sets the number as its result (ob_datum_cast.cpp:3098, :3100): client output 1. One client path decides. Two conversions read three arguments and the call passes three; no %p.	confirmed
src/oblib/common/number/ob_number_v2.cpp	ObNumber::from_sci_	line 357: snprintf call; format "0.%0*d%s"; conversions %0*d %s; 3 arguments: dec_n_zero - e_value, 0, digit_str; argument types: int32_t | int | char [MAX_PRINTABLE_SIZE]; conversion and argument pairs: %0*d width or precision <- int32_t, %0*d <- int, %s <- char [MAX_PRINTABLE_SIZE]	CLIENT_TEXT	nth += snprintf!(&mut full_str[nth as usize..], MAX_PRINTABLE_SIZE - nth as i64, "0.%0*d%s", dec_n_zero - e_value, 0, &digit_str[..]): the * width and the value 0 are i32 (s2-errors.md 2.9 rule 1), and digit_str is the whole char array; nth keeps the count (section 6, item 11). The text is parsed back into the number the string-to-number cast returns to the client: cfmt only, never format! or write! (RULEBOOK 2.3, printf row; RULEBOOK 1, Number text row).	sweep: printf-calls.tsv:106 (data row 105). Types: full_str, digit_str and tmpstr are char[MAX_PRINTABLE_SIZE] zero-initialized locals (src/oblib/common/number/ob_number_v2.cpp:211-212, :223), MAX_PRINTABLE_SIZE being 256 (src/oblib/common/number/ob_number_v2.h:166); nth, i_nth, e_value, valid_len and dec_n_zero are int32_t (src/oblib/common/number/ob_number_v2.cpp:214-219). The width is positive on this branch (src/oblib/common/number/ob_number_v2.cpp:355). Path: full_str is what from_ parses into this ObNumber (src/oblib/common/number/ob_number_v2.cpp:430), a parse whose value is output: the string-to-number cast calls from_sci_opt (src/sql/engine/expr/ob_datum_cast.cpp:990, in common_string_number, ob_datum_cast.cpp:970), which reaches from_sci_ through from_sci (src/oblib/common/number/ob_number_v2.h:1547, :1528), and the cast sets the number as its result (ob_datum_cast.cpp:3098, :3100): client output 1. One client path decides. Two conversions read three arguments and the call passes three; no %p.	confirmed
src/oblib/common/number/ob_number_v2.cpp	ObNumber::from_sci_	line 362: snprintf call; format "%.*s.%s"; conversions %.*s %s; 3 arguments: e_value - dec_n_zero, digit_str, digit_str + e_value - dec_n_zero; argument types: int32_t | char [MAX_PRINTABLE_SIZE] | ?; conversion and argument pairs: %.*s width or precision <- int32_t, %.*s <- char [MAX_PRINTABLE_SIZE], %s <- ?	CLIENT_TEXT	nth += snprintf!(&mut full_str[nth as usize..], MAX_PRINTABLE_SIZE - nth as i64, "%.*s.%s", &digit_str[..(e_value - dec_n_zero) as usize], &digit_str[(e_value - dec_n_zero) as usize..]): the precision e_value - dec_n_zero and digit_str are one slice of that length, and digit_str + e_value - dec_n_zero is the rest of the array (s2-errors.md 2.9, the %.*s row of its table); nth keeps the count (section 6, item 11). The text is parsed back into the number the string-to-number cast returns to the client: cfmt only, never format! or write! (RULEBOOK 2.3, printf row; RULEBOOK 1, Number text row).	sweep: printf-calls.tsv:107 (data row 106). Types: full_str, digit_str and tmpstr are char[MAX_PRINTABLE_SIZE] zero-initialized locals (src/oblib/common/number/ob_number_v2.cpp:211-212, :223), MAX_PRINTABLE_SIZE being 256 (src/oblib/common/number/ob_number_v2.h:166); nth, i_nth, e_value, valid_len and dec_n_zero are int32_t (src/oblib/common/number/ob_number_v2.cpp:214-219). Types: the sweep's ? is digit_str + e_value - dec_n_zero, a char * into digit_str. The branch has e_value at least dec_n_zero (src/oblib/common/number/ob_number_v2.cpp:355, :358), so the precision is not negative. Path: full_str is what from_ parses into this ObNumber (src/oblib/common/number/ob_number_v2.cpp:430), a parse whose value is output: the string-to-number cast calls from_sci_opt (src/sql/engine/expr/ob_datum_cast.cpp:990, in common_string_number, ob_datum_cast.cpp:970), which reaches from_sci_ through from_sci (src/oblib/common/number/ob_number_v2.h:1547, :1528), and the cast sets the number as its result (ob_datum_cast.cpp:3098, :3100): client output 1. One client path decides. Two conversions read three arguments and the call passes three; no %p.	confirmed
src/oblib/common/number/ob_number_v2.cpp	ObNumber::from_sci_	line 367: snprintf call; format "%0*d"; conversions %0*d; 2 arguments: e_value - dec_n_zero - i_nth, 0; argument types: int32_t | int; conversion and argument pairs: %0*d width or precision <- int32_t, %0*d <- int	CLIENT_TEXT	let _ = snprintf!(tmpstr, MAX_PRINTABLE_SIZE, "%0*d", e_value - dec_n_zero - i_nth, 0): the * width and the value 0 are i32 (s2-errors.md 2.9 rule 1); the C++ ignores the count. The text is parsed back into the number the string-to-number cast returns to the client: cfmt only, never format! or write! (RULEBOOK 2.3, printf row; RULEBOOK 1, Number text row).	sweep: printf-calls.tsv:108 (data row 107). Types: full_str, digit_str and tmpstr are char[MAX_PRINTABLE_SIZE] zero-initialized locals (src/oblib/common/number/ob_number_v2.cpp:211-212, :223), MAX_PRINTABLE_SIZE being 256 (src/oblib/common/number/ob_number_v2.h:166); nth, i_nth, e_value, valid_len and dec_n_zero are int32_t (src/oblib/common/number/ob_number_v2.cpp:214-219). The width is positive: the call is guarded by e_value - dec_n_zero - i_nth > 0 (src/oblib/common/number/ob_number_v2.cpp:366). Buffer: tmpstr, whose zeros the next call appends to full_str with "%s%s" (src/oblib/common/number/ob_number_v2.cpp:369), one move. Path: full_str is what from_ parses into this ObNumber (src/oblib/common/number/ob_number_v2.cpp:430), a parse whose value is output: the string-to-number cast calls from_sci_opt (src/sql/engine/expr/ob_datum_cast.cpp:990, in common_string_number, ob_datum_cast.cpp:970), which reaches from_sci_ through from_sci (src/oblib/common/number/ob_number_v2.h:1547, :1528), and the cast sets the number as its result (ob_datum_cast.cpp:3098, :3100): client output 1. One client path decides. Two arguments for one conversion with a * width; no %p.	confirmed
src/oblib/common/number/ob_number_v2.cpp	ObNumber::from_sci_	line 369: snprintf call; format "%s%s"; conversions %s %s; 2 arguments: digit_str, tmpstr; argument types: char [MAX_PRINTABLE_SIZE] | char [MAX_PRINTABLE_SIZE]; conversion and argument pairs: %s <- char [MAX_PRINTABLE_SIZE], %s <- char [MAX_PRINTABLE_SIZE]	CLIENT_TEXT	nth += snprintf!(&mut full_str[nth as usize..], MAX_PRINTABLE_SIZE - nth as i64, "%s%s", &digit_str[..], &tmpstr[..]): digit_str and tmpstr are whole char arrays, which cfmt prints up to their NUL; nth keeps the count, as the C++ does (section 6, item 11). The text is parsed back into the number the string-to-number cast returns to the client: cfmt only, never format! or write! (RULEBOOK 2.3, printf row; RULEBOOK 1, Number text row).	sweep: printf-calls.tsv:109 (data row 108). Types: full_str, digit_str and tmpstr are char[MAX_PRINTABLE_SIZE] zero-initialized locals (src/oblib/common/number/ob_number_v2.cpp:211-212, :223), MAX_PRINTABLE_SIZE being 256 (src/oblib/common/number/ob_number_v2.h:166); nth, i_nth, e_value, valid_len and dec_n_zero are int32_t (src/oblib/common/number/ob_number_v2.cpp:214-219). Path: full_str is what from_ parses into this ObNumber (src/oblib/common/number/ob_number_v2.cpp:430), a parse whose value is output: the string-to-number cast calls from_sci_opt (src/sql/engine/expr/ob_datum_cast.cpp:990, in common_string_number, ob_datum_cast.cpp:970), which reaches from_sci_ through from_sci (src/oblib/common/number/ob_number_v2.h:1547, :1528), and the cast sets the number as its result (ob_datum_cast.cpp:3098, :3100): client output 1. One client path decides. Two conversions, two arguments; no %p.	confirmed
src/oblib/common/number/ob_number_v2.cpp	ObNumber::from_sci_	line 377: snprintf call; format "%s%0*d"; conversions %s %0*d; 3 arguments: digit_str, e_value - (i_nth - valid_len), 0; argument types: char [MAX_PRINTABLE_SIZE] | int32_t | int; conversion and argument pairs: %s <- char [MAX_PRINTABLE_SIZE], %0*d width or precision <- int32_t, %0*d <- int	CLIENT_TEXT	nth += snprintf!(&mut full_str[nth as usize..], MAX_PRINTABLE_SIZE - nth as i64, "%s%0*d", &digit_str[..], e_value - (i_nth - valid_len), 0): digit_str is the whole char array; the * width and the value 0 are i32 (s2-errors.md 2.9 rule 1); nth keeps the count (section 6, item 11). The text is parsed back into the number the string-to-number cast returns to the client: cfmt only, never format! or write! (RULEBOOK 2.3, printf row; RULEBOOK 1, Number text row).	sweep: printf-calls.tsv:110 (data row 109). Types: full_str, digit_str and tmpstr are char[MAX_PRINTABLE_SIZE] zero-initialized locals (src/oblib/common/number/ob_number_v2.cpp:211-212, :223), MAX_PRINTABLE_SIZE being 256 (src/oblib/common/number/ob_number_v2.h:166); nth, i_nth, e_value, valid_len and dec_n_zero are int32_t (src/oblib/common/number/ob_number_v2.cpp:214-219). The width is positive: the call is guarded by e_value - (i_nth - valid_len) > 0 (src/oblib/common/number/ob_number_v2.cpp:376). Path: full_str is what from_ parses into this ObNumber (src/oblib/common/number/ob_number_v2.cpp:430), a parse whose value is output: the string-to-number cast calls from_sci_opt (src/sql/engine/expr/ob_datum_cast.cpp:990, in common_string_number, ob_datum_cast.cpp:970), which reaches from_sci_ through from_sci (src/oblib/common/number/ob_number_v2.h:1547, :1528), and the cast sets the number as its result (ob_datum_cast.cpp:3098, :3100): client output 1. One client path decides. Two conversions read three arguments and the call passes three; no %p.	confirmed
src/oblib/common/number/ob_number_v2.cpp	ObNumber::from_sci_	line 380: snprintf call; format "%s"; conversions %s; 1 arguments: digit_str; argument types: char [MAX_PRINTABLE_SIZE]; conversion and argument pairs: %s <- char [MAX_PRINTABLE_SIZE]	CLIENT_TEXT	nth += snprintf!(&mut full_str[nth as usize..], MAX_PRINTABLE_SIZE - nth as i64, "%s", &digit_str[..]): digit_str is the whole char array, which cfmt prints up to its NUL; nth keeps the count (section 6, item 11). The text is parsed back into the number the string-to-number cast returns to the client: cfmt only, never format! or write! (RULEBOOK 2.3, printf row; RULEBOOK 1, Number text row).	sweep: printf-calls.tsv:111 (data row 110). Types: full_str, digit_str and tmpstr are char[MAX_PRINTABLE_SIZE] zero-initialized locals (src/oblib/common/number/ob_number_v2.cpp:211-212, :223), MAX_PRINTABLE_SIZE being 256 (src/oblib/common/number/ob_number_v2.h:166); nth, i_nth, e_value, valid_len and dec_n_zero are int32_t (src/oblib/common/number/ob_number_v2.cpp:214-219). Path: full_str is what from_ parses into this ObNumber (src/oblib/common/number/ob_number_v2.cpp:430), a parse whose value is output: the string-to-number cast calls from_sci_opt (src/sql/engine/expr/ob_datum_cast.cpp:990, in common_string_number, ob_datum_cast.cpp:970), which reaches from_sci_ through from_sci (src/oblib/common/number/ob_number_v2.h:1547, :1528), and the cast sets the number as its result (ob_datum_cast.cpp:3098, :3100): client output 1. One client path decides. One conversion, one argument; no %p.	confirmed
src/oblib/common/number/ob_number_v2.cpp	ObNumber::from_sci_	line 385: snprintf call; format "%.*s.%s"; conversions %.*s %s; 3 arguments: valid_len + e_value, digit_str, digit_str + valid_len + e_value; argument types: int32_t | char [MAX_PRINTABLE_SIZE] | ?; conversion and argument pairs: %.*s width or precision <- int32_t, %.*s <- char [MAX_PRINTABLE_SIZE], %s <- ?	CLIENT_TEXT	nth += snprintf!(&mut full_str[nth as usize..], MAX_PRINTABLE_SIZE - nth as i64, "%.*s.%s", &digit_str[..(valid_len + e_value) as usize], &digit_str[(valid_len + e_value) as usize..]): the precision valid_len + e_value and digit_str are one slice of that length, and digit_str + valid_len + e_value is the rest of the array (s2-errors.md 2.9, the %.*s row of its table); nth keeps the count (section 6, item 11). The text is parsed back into the number the string-to-number cast returns to the client: cfmt only, never format! or write! (RULEBOOK 2.3, printf row; RULEBOOK 1, Number text row).	sweep: printf-calls.tsv:112 (data row 111). Types: full_str, digit_str and tmpstr are char[MAX_PRINTABLE_SIZE] zero-initialized locals (src/oblib/common/number/ob_number_v2.cpp:211-212, :223), MAX_PRINTABLE_SIZE being 256 (src/oblib/common/number/ob_number_v2.h:166); nth, i_nth, e_value, valid_len and dec_n_zero are int32_t (src/oblib/common/number/ob_number_v2.cpp:214-219). Types: the sweep's ? is digit_str + valid_len + e_value, a char * into digit_str. The branch has e_value at least 0 and valid_len above 0 (src/oblib/common/number/ob_number_v2.cpp:350, :372-373), so the precision is not negative. Path: full_str is what from_ parses into this ObNumber (src/oblib/common/number/ob_number_v2.cpp:430), a parse whose value is output: the string-to-number cast calls from_sci_opt (src/sql/engine/expr/ob_datum_cast.cpp:990, in common_string_number, ob_datum_cast.cpp:970), which reaches from_sci_ through from_sci (src/oblib/common/number/ob_number_v2.h:1547, :1528), and the cast sets the number as its result (ob_datum_cast.cpp:3098, :3100): client output 1. One client path decides. Two conversions read three arguments and the call passes three; no %p.	confirmed
src/oblib/common/number/ob_number_v2.cpp	ObNumber::from_sci_	line 395: snprintf call; format "%.*s.%s"; conversions %.*s %s; 3 arguments: valid_len + e_value, digit_str, digit_str + valid_len + e_value; argument types: int32_t | char [MAX_PRINTABLE_SIZE] | ?; conversion and argument pairs: %.*s width or precision <- int32_t, %.*s <- char [MAX_PRINTABLE_SIZE], %s <- ?	CLIENT_TEXT	nth += snprintf!(&mut full_str[nth as usize..], MAX_PRINTABLE_SIZE - nth as i64, "%.*s.%s", &digit_str[..(valid_len + e_value) as usize], &digit_str[(valid_len + e_value) as usize..]): the precision valid_len + e_value and digit_str are one slice of that length, and digit_str + valid_len + e_value is the rest of the array (s2-errors.md 2.9, the %.*s row of its table); nth keeps the count (section 6, item 11). The text is parsed back into the number the string-to-number cast returns to the client: cfmt only, never format! or write! (RULEBOOK 2.3, printf row; RULEBOOK 1, Number text row).	sweep: printf-calls.tsv:113 (data row 112). Types: full_str, digit_str and tmpstr are char[MAX_PRINTABLE_SIZE] zero-initialized locals (src/oblib/common/number/ob_number_v2.cpp:211-212, :223), MAX_PRINTABLE_SIZE being 256 (src/oblib/common/number/ob_number_v2.h:166); nth, i_nth, e_value, valid_len and dec_n_zero are int32_t (src/oblib/common/number/ob_number_v2.cpp:214-219). Types: the sweep's ? is digit_str + valid_len + e_value, a char * into digit_str. The call is guarded by valid_len + e_value > 0 (src/oblib/common/number/ob_number_v2.cpp:389). Path: full_str is what from_ parses into this ObNumber (src/oblib/common/number/ob_number_v2.cpp:430), a parse whose value is output: the string-to-number cast calls from_sci_opt (src/sql/engine/expr/ob_datum_cast.cpp:990, in common_string_number, ob_datum_cast.cpp:970), which reaches from_sci_ through from_sci (src/oblib/common/number/ob_number_v2.h:1547, :1528), and the cast sets the number as its result (ob_datum_cast.cpp:3098, :3100): client output 1. One client path decides. Two conversions read three arguments and the call passes three; no %p.	confirmed
src/oblib/common/number/ob_number_v2.cpp	ObNumber::from_sci_	line 401: snprintf call; format "%0*d"; conversions %0*d; 2 arguments: 0 - (valid_len + e_value), 0; argument types: int | int; conversion and argument pairs: %0*d width or precision <- int, %0*d <- int	CLIENT_TEXT	let _ = snprintf!(tmpstr, MAX_PRINTABLE_SIZE, "%0*d", 0 - (valid_len + e_value), 0): the * width and the value 0 are i32 (s2-errors.md 2.9 rule 1); the C++ ignores the count. The text is parsed back into the number the string-to-number cast returns to the client: cfmt only, never format! or write! (RULEBOOK 2.3, printf row; RULEBOOK 1, Number text row).	sweep: printf-calls.tsv:114 (data row 113). Types: full_str, digit_str and tmpstr are char[MAX_PRINTABLE_SIZE] zero-initialized locals (src/oblib/common/number/ob_number_v2.cpp:211-212, :223), MAX_PRINTABLE_SIZE being 256 (src/oblib/common/number/ob_number_v2.h:166); nth, i_nth, e_value, valid_len and dec_n_zero are int32_t (src/oblib/common/number/ob_number_v2.cpp:214-219). The width is positive: the call is guarded by valid_len + e_value < 0 (src/oblib/common/number/ob_number_v2.cpp:400). Buffer: tmpstr, whose zeros the next call writes into full_str with "0.%s%s" (src/oblib/common/number/ob_number_v2.cpp:403), one move. Path: full_str is what from_ parses into this ObNumber (src/oblib/common/number/ob_number_v2.cpp:430), a parse whose value is output: the string-to-number cast calls from_sci_opt (src/sql/engine/expr/ob_datum_cast.cpp:990, in common_string_number, ob_datum_cast.cpp:970), which reaches from_sci_ through from_sci (src/oblib/common/number/ob_number_v2.h:1547, :1528), and the cast sets the number as its result (ob_datum_cast.cpp:3098, :3100): client output 1. One client path decides. Two arguments for one conversion with a * width; no %p.	confirmed
src/oblib/common/number/ob_number_v2.cpp	ObNumber::from_sci_	line 403: snprintf call; format "0.%s%s"; conversions %s %s; 2 arguments: tmpstr, digit_str; argument types: char [MAX_PRINTABLE_SIZE] | char [MAX_PRINTABLE_SIZE]; conversion and argument pairs: %s <- char [MAX_PRINTABLE_SIZE], %s <- char [MAX_PRINTABLE_SIZE]	CLIENT_TEXT	nth += snprintf!(&mut full_str[nth as usize..], MAX_PRINTABLE_SIZE - nth as i64, "0.%s%s", &tmpstr[..], &digit_str[..]): tmpstr and digit_str are whole char arrays, which cfmt prints up to their NUL; nth keeps the count (section 6, item 11). The text is parsed back into the number the string-to-number cast returns to the client: cfmt only, never format! or write! (RULEBOOK 2.3, printf row; RULEBOOK 1, Number text row).	sweep: printf-calls.tsv:115 (data row 114). Types: full_str, digit_str and tmpstr are char[MAX_PRINTABLE_SIZE] zero-initialized locals (src/oblib/common/number/ob_number_v2.cpp:211-212, :223), MAX_PRINTABLE_SIZE being 256 (src/oblib/common/number/ob_number_v2.h:166); nth, i_nth, e_value, valid_len and dec_n_zero are int32_t (src/oblib/common/number/ob_number_v2.cpp:214-219). Path: full_str is what from_ parses into this ObNumber (src/oblib/common/number/ob_number_v2.cpp:430), a parse whose value is output: the string-to-number cast calls from_sci_opt (src/sql/engine/expr/ob_datum_cast.cpp:990, in common_string_number, ob_datum_cast.cpp:970), which reaches from_sci_ through from_sci (src/oblib/common/number/ob_number_v2.h:1547, :1528), and the cast sets the number as its result (ob_datum_cast.cpp:3098, :3100): client output 1. One client path decides. Two conversions, two arguments; no %p.	confirmed
src/oblib/common/number/ob_number_v2.cpp	ObNumber::from_v1_	line 469: _OB_LOG call; format "alloc digits fail, length=%hhu"; conversions %hhu; 1 arguments: nb.number_.d_.len_; argument types: uint8_t; conversion and argument pairs: %hhu <- uint8_t; writes the server log	LOG_TEXT	None: the branch is removed (RULEBOOK 2.2: a branch that handles a general allocation failure goes; section 7).	sweep: printf-calls.tsv:116 (data row 115). The call is in the branch of the null test of digits_ = alloc_(..) (src/oblib/common/number/ob_number_v2.cpp:468); alloc_ is the caller's allocator's alloc (src/oblib/common/number/ob_number_v2.cpp:126-131), a general allocation (s3-memory.md 3.7.1), and it returns NULL for a size of 0 or less only, which cannot reach this test: a length of 0 took the set_zero branch before it (src/oblib/common/number/ob_number_v2.cpp:462). So the branch goes (section 7). Where the bytes would go: Server log: _OB_LOG (src/oblib/lib/oblog/ob_log_module.h:274) calls _OB_PRINT (ob_log_module.h:277), OB_LOGGER.log_message_fmt (ob_log_module.h:232); nothing else reads the text. One conversion, one argument; no %p.	confirmed
src/oblib/common/number/ob_number_v2.cpp	ObNumber::from_v2_	line 492: _LIB_LOG call; format "round scale fail, ret=%d str=[%.*s]"; conversions %d %.*s; 3 arguments: ret, static_cast<int32_t>(length), str; argument types: int | int32_t | const char *; conversion and argument pairs: %d <- int, %.*s width or precision <- int32_t, %.*s <- const char *; writes the server log	LOG_TEXT	_lib_log!(ret, WARN, "round scale fail, ret=%d str=[%.*s]", <ret's i32 code>, <str's first length bytes>): WARN takes the ret in scope first, the code round_scale_v3_ returned (s2-errors.md 2.5 rule 1); the %d is ret's i32 code (section 6, item 2); the precision static_cast<int32_t>(length) and str are one byte slice, the input's length bytes (s2-errors.md 2.9, the %.*s row of its table). Server-log text, kept as the C++ writes it (RULEBOOK 1, Logging row).	sweep: printf-calls.tsv:117 (data row 116). Types: str is a const char * and length a const int64_t parameter of from_v2_ (src/oblib/common/number/ob_number_v2.cpp:479); ret is set by the OB_FAIL test of round_scale_v3_ (src/oblib/common/number/ob_number_v2.cpp:491). Server log: _LIB_LOG (src/oblib/lib/oblog/ob_log_module.h:357) is _OB_MOD_LOG (ob_log_module.h:308), which calls _OB_PRINT (ob_log_module.h:311), OB_LOGGER.log_message_fmt (ob_log_module.h:232); nothing else reads the text. Two conversions read three arguments and the call passes three; no %p.	confirmed
src/oblib/common/number/ob_number_v2.cpp	ObNumber::from_v2_	line 505: _OB_LOG call; format "alloc digits fail, length=%hhu"; conversions %hhu; 1 arguments: nb.number_.d_.len_; argument types: uint8_t; conversion and argument pairs: %hhu <- uint8_t; writes the server log	LOG_TEXT	None: the branch is removed (RULEBOOK 2.2: a branch that handles a general allocation failure goes; section 7).	sweep: printf-calls.tsv:118 (data row 117). The call is in the branch of the null test of digits_ = alloc_(..) (src/oblib/common/number/ob_number_v2.cpp:504); alloc_ is the caller's allocator's alloc (src/oblib/common/number/ob_number_v2.cpp:126-131), a general allocation (s3-memory.md 3.7.1), and it returns NULL for a size of 0 or less only, which cannot reach this test: a length of 0 took the set_zero branch before it (src/oblib/common/number/ob_number_v2.cpp:499). So the branch goes (section 7). Where the bytes would go: Server log: _OB_LOG (src/oblib/lib/oblog/ob_log_module.h:274) calls _OB_PRINT (ob_log_module.h:277), OB_LOGGER.log_message_fmt (ob_log_module.h:232); nothing else reads the text. One conversion, one argument; no %p.	confirmed
src/oblib/common/number/ob_number_v2.cpp	ObNumber::from_v3_	line 690: _OB_LOG call; format "alloc digits fail, length=%hhu"; conversions %hhu; 1 arguments: d.len_; argument types: uint8_t; conversion and argument pairs: %hhu <- uint8_t; writes the server log	LOG_TEXT	None: the branch is removed (RULEBOOK 2.2: a branch that handles a general allocation failure goes; section 7).	sweep: printf-calls.tsv:119 (data row 118). The call is in the branch of the null test of digits_ = alloc_(..) (src/oblib/common/number/ob_number_v2.cpp:688); alloc_ is the caller's allocator's alloc (src/oblib/common/number/ob_number_v2.cpp:126-131), a general allocation (s3-memory.md 3.7.1), and it returns NULL for a size of 0 or less only, which cannot reach this test: a length of 0 took the set_zero branch before it (src/oblib/common/number/ob_number_v2.cpp:685). So the branch goes (section 7). Where the bytes would go: Server log: _OB_LOG (src/oblib/lib/oblog/ob_log_module.h:274) calls _OB_PRINT (ob_log_module.h:277), OB_LOGGER.log_message_fmt (ob_log_module.h:232); nothing else reads the text. One conversion, one argument; no %p.	confirmed
src/oblib/common/number/ob_number_v2.cpp	ObNumber::from_v2_	line 731: _OB_LOG call; format "out of range, ret = %d , length = %d"; conversions %d %d; 2 arguments: ret, (int)d.len_; argument types: int | int; conversion and argument pairs: %d <- int, %d <- int; writes the server log	LOG_TEXT	_ob_log!(ret, WARN, "out of range, ret = %d , length = %d", <ret's i32 code>, d.len_ as i32): WARN takes the ret in scope first, here OB_ERROR_OUT_OF_RANGE (s2-errors.md 2.5 rule 1); the first %d is ret's i32 code (section 6, item 2) and the second the C++ (int) cast of the uint8_t len_, as i32. Server-log text, kept as the C++ writes it (RULEBOOK 1, Logging row).	sweep: printf-calls.tsv:120 (data row 119). Types: d is a local Desc (src/oblib/common/number/ob_number_v2.cpp:723), an ObNumberDesc (src/oblib/common/number/ob_number_v2.h:142), whose len_ is a uint8_t (src/oblib/lib/ob_define.h:1824); the C++ casts it to int. ret is set to OB_ERROR_OUT_OF_RANGE on the line before (src/oblib/common/number/ob_number_v2.cpp:730); the length check is structural, not an allocation, so the branch stays. Server log: _OB_LOG (src/oblib/lib/oblog/ob_log_module.h:274) calls _OB_PRINT (ob_log_module.h:277), OB_LOGGER.log_message_fmt (ob_log_module.h:232); nothing else reads the text. Two conversions, two arguments; no %p.	confirmed
src/oblib/common/number/ob_number_v2.cpp	ObNumber::from_v2_	line 741: _OB_LOG call; format "normalize [%s] fail, ret=%d"; conversions %s %d; 2 arguments: helper.convert(*this), ret; argument types: const char * or int | int; conversion and argument pairs: %s <- const char * or int, %d <- int; writes the server log	LOG_TEXT	_ob_log!(ret, WARN, "normalize [%s] fail, ret=%d", helper.convert(self), <ret's i32 code>): WARN takes the ret in scope first, the code normalize_ returned (s2-errors.md 2.5 rule 1); each helper.convert(..) is an Option<&[u8]> of the object's to_string text, None printing (null) (section 6, item 5); the %d is ret's i32 code (section 6, item 2). Server-log text, kept as the C++ writes it (RULEBOOK 1, Logging row).	sweep: printf-calls.tsv:121 (data row 120). Types: helper.convert(x) is ObCStringHelper::convert (src/oblib/lib/utility/ob_print_utils.h:305), which returns x's to_string text, or NULL past the helper's 64 MB limit or on a formatting failure (ob_print_utils.h:319-321, :344). ret is set by the OB_FAIL test of normalize_ (src/oblib/common/number/ob_number_v2.cpp:739). Server log: _OB_LOG (src/oblib/lib/oblog/ob_log_module.h:274) calls _OB_PRINT (ob_log_module.h:277), OB_LOGGER.log_message_fmt (ob_log_module.h:232); nothing else reads the text. Two conversions, two arguments; no %p.	confirmed
src/oblib/common/number/ob_number_v2.cpp	ObNumber::from_	line 767: _OB_LOG call; format "out of range, ret = %d , length = %d"; conversions %d %d; 2 arguments: ret, (int)other.d_.len_; argument types: int | int; conversion and argument pairs: %d <- int, %d <- int; writes the server log	LOG_TEXT	_ob_log!(ret, WARN, "out of range, ret = %d , length = %d", <ret's i32 code>, other.d_.len_ as i32): WARN takes the ret in scope first, here OB_ERROR_OUT_OF_RANGE (s2-errors.md 2.5 rule 1); the first %d is ret's i32 code (section 6, item 2) and the second the C++ (int) cast of the uint8_t len_, as i32. Server-log text, kept as the C++ writes it (RULEBOOK 1, Logging row).	sweep: printf-calls.tsv:122 (data row 121). Types: other.d_ is the Desc of the source number other (src/oblib/common/number/ob_number_v2.h:664), whose len_ is a uint8_t (src/oblib/lib/ob_define.h:1824); the C++ casts it to int. ret is set to OB_ERROR_OUT_OF_RANGE on the line before (src/oblib/common/number/ob_number_v2.cpp:766); the length check is structural, not an allocation, so the branch stays. Server log: _OB_LOG (src/oblib/lib/oblog/ob_log_module.h:274) calls _OB_PRINT (ob_log_module.h:277), OB_LOGGER.log_message_fmt (ob_log_module.h:232); nothing else reads the text. Two conversions, two arguments; no %p.	confirmed
src/oblib/common/number/ob_number_v2.cpp	ObNumber::deep_copy	line 789: _OB_LOG call; format "out of range, ret = %d , length = %d"; conversions %d %d; 2 arguments: ret, (int)other.d_.len_; argument types: int | int; conversion and argument pairs: %d <- int, %d <- int; writes the server log	LOG_TEXT	_ob_log!(ret, WARN, "out of range, ret = %d , length = %d", <ret's i32 code>, other.d_.len_ as i32): WARN takes the ret in scope first, here OB_ERROR_OUT_OF_RANGE (s2-errors.md 2.5 rule 1); the first %d is ret's i32 code (section 6, item 2) and the second the C++ (int) cast of the uint8_t len_, as i32. Server-log text, kept as the C++ writes it (RULEBOOK 1, Logging row).	sweep: printf-calls.tsv:123 (data row 122). Types: other.d_ is the Desc of the source number other (src/oblib/common/number/ob_number_v2.h:664), whose len_ is a uint8_t (src/oblib/lib/ob_define.h:1824); the C++ casts it to int. ret is set to OB_ERROR_OUT_OF_RANGE on the line before (src/oblib/common/number/ob_number_v2.cpp:788); the length check is structural, not an allocation, so the branch stays. Server log: _OB_LOG (src/oblib/lib/oblog/ob_log_module.h:274) calls _OB_PRINT (ob_log_module.h:277), OB_LOGGER.log_message_fmt (ob_log_module.h:232); nothing else reads the text. Two conversions, two arguments; no %p.	confirmed
src/oblib/common/number/ob_number_v2.cpp	ObNumber::deep_copy_v3	line 812: _OB_LOG call; format "out of range, ret = %d , length = %d"; conversions %d %d; 2 arguments: ret, (int)other.d_.len_; argument types: int | int; conversion and argument pairs: %d <- int, %d <- int; writes the server log	LOG_TEXT	_ob_log!(ret, WARN, "out of range, ret = %d , length = %d", <ret's i32 code>, other.d_.len_ as i32): WARN takes the ret in scope first, here OB_ERROR_OUT_OF_RANGE (s2-errors.md 2.5 rule 1); the first %d is ret's i32 code (section 6, item 2) and the second the C++ (int) cast of the uint8_t len_, as i32. Server-log text, kept as the C++ writes it (RULEBOOK 1, Logging row).	sweep: printf-calls.tsv:124 (data row 123). Types: other.d_ is the Desc of the source number other (src/oblib/common/number/ob_number_v2.h:664), whose len_ is a uint8_t (src/oblib/lib/ob_define.h:1824); the C++ casts it to int. ret is set to OB_ERROR_OUT_OF_RANGE on the line before (src/oblib/common/number/ob_number_v2.cpp:811); the length check is structural, not an allocation, so the branch stays. Server log: _OB_LOG (src/oblib/lib/oblog/ob_log_module.h:274) calls _OB_PRINT (ob_log_module.h:277), OB_LOGGER.log_message_fmt (ob_log_module.h:232); nothing else reads the text. Two conversions, two arguments; no %p.	confirmed
src/oblib/common/number/ob_number_v2.cpp	ObNumber::to_string	line 1049: databuff_printf call; format "WARN the pointer is null"; conversions none; 0 arguments; inside to_string	CLIENT_TEXT	databuff_printf_2!(buffer, length, pos, "WARN the pointer is null") in ObNumber::to_string's arm for a length above 0 with no digits; no arguments. The text reaches the client (the result of DUMP()): cfmt only, never format! or write! (RULEBOOK 2.3, printf row; RULEBOOK 1, Number text row); ObNumber::to_string stays a function of its name whose text equals the C++'s (RULEBOOK 2.3, TO_STRING_KV row; RULEBOOK section 6 item 9).	sweep: printf-calls.tsv:125 (data row 124). No arguments. The arm is the test d_.len_ > 0 && OB_ISNULL(digits_) (src/oblib/common/number/ob_number_v2.cpp:1048); no rule shows that test cannot hold in Rust, so the call is translated (section 7). Buffer: to_string's buffer and length with its local pos (src/oblib/common/number/ob_number_v2.cpp:1045-1047). Path: ObExprFuncDump prints a number argument with helper.convert(nmb) (src/sql/engine/expr/ob_expr_func_dump.cpp:228), the object form that calls this to_string, and sets that text as DUMP()'s result with set_expr_ascii_result (ob_expr_func_dump.cpp:233): client output 1. One client path decides. No conversions; no %p.	confirmed
src/oblib/common/number/ob_number_v2.cpp	ObNumber::to_string	line 1051: databuff_printf call; format "\"sign=%hhu exp=%hhu se=0x%hhx len=%hhu digits=["; conversions %hhu %hhu %hhx %hhu; 4 arguments: d_.sign_, d_.exp_, d_.se_, d_.len_; argument types: uint8_t | uint8_t | uint8_t | uint8_t; conversion and argument pairs: %hhu <- uint8_t, %hhu <- uint8_t, %hhx <- uint8_t, %hhu <- uint8_t; inside to_string	CLIENT_TEXT	databuff_printf_2!(buffer, length, pos, "\"sign=%hhu exp=%hhu se=0x%hhx len=%hhu digits=[", self.d_.sign_() as u32, self.d_.exp_() as u32, self.d_.se_ as u32, self.d_.len_ as u32) in ObNumber::to_string: the four uint8_t values and bit fields reach C as int, and %hhu and %hhx narrow them: u32 for each (section 6, item 1), the bit fields sign_ and exp_ read through their getters (RULEBOOK 2.3, the row for a union over a flag word with a bit-field struct). The text reaches the client (the result of DUMP()): cfmt only, never format! or write! (RULEBOOK 2.3, printf row; RULEBOOK 1, Number text row); ObNumber::to_string stays a function of its name whose text equals the C++'s (RULEBOOK 2.3, TO_STRING_KV row; RULEBOOK section 6 item 9).	sweep: printf-calls.tsv:126 (data row 125). Types: d_ is a Desc (src/oblib/common/number/ob_number_v2.h:664), an ObNumberDesc (ob_number_v2.h:142) whose len_ and se_ are uint8_t and whose exp_ and sign_ are 7- and 1-bit fields of a uint8_t (src/oblib/lib/ob_define.h:1824, :1829, :1832-1833). Buffer: to_string's buffer and length with its local pos (src/oblib/common/number/ob_number_v2.cpp:1045-1047). Path: ObExprFuncDump prints a number argument with helper.convert(nmb) (src/sql/engine/expr/ob_expr_func_dump.cpp:228), the object form that calls this to_string, and sets that text as DUMP()'s result with set_expr_ascii_result (ob_expr_func_dump.cpp:233): client output 1. One client path decides. Four conversions, four arguments; no %p.	confirmed
src/oblib/common/number/ob_number_v2.cpp	ObNumber::to_string	line 1054: databuff_printf call; format "%u,"; conversions %u; 1 arguments: digits_[i]; argument types: uint32_t; conversion and argument pairs: %u <- uint32_t; inside to_string	CLIENT_TEXT	databuff_printf_2!(buffer, length, pos, "%u,", self.digits_[i as usize]) in ObNumber::to_string's digit loop: each digit is a uint32_t, a u32 for %u (section 6, item 1). The text reaches the client (the result of DUMP()): cfmt only, never format! or write! (RULEBOOK 2.3, printf row; RULEBOOK 1, Number text row); ObNumber::to_string stays a function of its name whose text equals the C++'s (RULEBOOK 2.3, TO_STRING_KV row; RULEBOOK section 6 item 9).	sweep: printf-calls.tsv:127 (data row 126). Types: digits_ is a uint32_t * (src/oblib/common/number/ob_number_v2.h:666); the loop runs i over d_.len_ (src/oblib/common/number/ob_number_v2.cpp:1053). Buffer: to_string's buffer and length with its local pos (src/oblib/common/number/ob_number_v2.cpp:1045-1047). Path: ObExprFuncDump prints a number argument with helper.convert(nmb) (src/sql/engine/expr/ob_expr_func_dump.cpp:228), the object form that calls this to_string, and sets that text as DUMP()'s result with set_expr_ascii_result (ob_expr_func_dump.cpp:233): client output 1. One client path decides. One conversion, one argument; no %p.	confirmed
src/oblib/common/number/ob_number_v2.cpp	ObNumber::to_string	line 1056: databuff_printf call; format "]\""; conversions none; 0 arguments; inside to_string	CLIENT_TEXT	databuff_printf_2!(buffer, length, pos, "]\"") in ObNumber::to_string; no arguments. The text reaches the client (the result of DUMP()): cfmt only, never format! or write! (RULEBOOK 2.3, printf row; RULEBOOK 1, Number text row); ObNumber::to_string stays a function of its name whose text equals the C++'s (RULEBOOK 2.3, TO_STRING_KV row; RULEBOOK section 6 item 9).	sweep: printf-calls.tsv:128 (data row 127). No arguments. Buffer: to_string's buffer and length with its local pos (src/oblib/common/number/ob_number_v2.cpp:1045-1047). Path: ObExprFuncDump prints a number argument with helper.convert(nmb) (src/sql/engine/expr/ob_expr_func_dump.cpp:228), the object form that calls this to_string, and sets that text as DUMP()'s result with set_expr_ascii_result (ob_expr_func_dump.cpp:233): client output 1. One client path decides. No conversions; no %p.	confirmed
src/oblib/common/number/ob_number_v2.cpp	ObNumber::check_precision_	line 1266: _OB_LOG call; format "Precision=%ld scale=%ld integer_number=%ld precision overflow %s"; conversions %ld %ld %ld %s; 4 arguments: precision, scale, integer_counter, helper.convert(*this); argument types: const int64_t | const int64_t | int64_t | const char * or int; conversion and argument pairs: %ld <- const int64_t, %ld <- const int64_t, %ld <- int64_t, %s <- const char * or int; writes the server log	LOG_TEXT	_ob_log!(ret, WARN, "Precision=%ld scale=%ld integer_number=%ld precision overflow %s", precision, scale, integer_counter, helper.convert(self)): WARN takes the ret in scope first, which is still Ok(()) here and becomes OB_INTEGER_PRECISION_OVERFLOW only on the line after (s2-errors.md 2.5 rule 1); the three values are i64 for %ld (section 6, item 1); each helper.convert(..) is an Option<&[u8]> of the object's to_string text, None printing (null) (section 6, item 5). Server-log text, kept as the C++ writes it (RULEBOOK 1, Logging row).	sweep: printf-calls.tsv:129 (data row 128). Types: precision and scale are const int64_t parameters (src/oblib/common/number/ob_number_v2.cpp:1245) and integer_counter an int64_t (src/oblib/common/number/ob_number_v2.cpp:1251); helper.convert(x) is ObCStringHelper::convert (src/oblib/lib/utility/ob_print_utils.h:305), which returns x's to_string text, or NULL past the helper's 64 MB limit or on a formatting failure (ob_print_utils.h:319-321, :344). ret is set after the call (src/oblib/common/number/ob_number_v2.cpp:1268). Server log: _OB_LOG (src/oblib/lib/oblog/ob_log_module.h:274) calls _OB_PRINT (ob_log_module.h:277), OB_LOGGER.log_message_fmt (ob_log_module.h:232); nothing else reads the text. Four conversions, four arguments; no %p.	confirmed
src/oblib/common/number/ob_number_v2.cpp	ObNumber::rebuild_digits_	line 2262: _OB_LOG call; format "buffer size overflow, cap=%ld length=%ld integer_length=%ld"; conversions %ld %ld %ld; 3 arguments: MAX_CALC_LEN, length, integer_length; argument types: const int64_t | int64_t | const int64_t; conversion and argument pairs: %ld <- const int64_t, %ld <- int64_t, %ld <- const int64_t; writes the server log	LOG_TEXT	_ob_log!(ret, WARN, "buffer size overflow, cap=%ld length=%ld integer_length=%ld", MAX_CALC_LEN, length, integer_length): WARN takes the ret in scope first, still Ok(()) here, set to OB_NUMERIC_OVERFLOW on the next line (s2-errors.md 2.5 rule 1); the three values are i64 for %ld (section 6, item 1). Server-log text, kept as the C++ writes it (RULEBOOK 1, Logging row).	sweep: printf-calls.tsv:130 (data row 129). Types: MAX_CALC_LEN is a static const int64_t (src/oblib/common/number/ob_number_v2.h:162), length an int64_t (src/oblib/common/number/ob_number_v2.cpp:2258) and integer_length a const int64_t parameter (src/oblib/common/number/ob_number_v2.cpp:2252). ret is set after the call (src/oblib/common/number/ob_number_v2.cpp:2264). Server log: _OB_LOG (src/oblib/lib/oblog/ob_log_module.h:274) calls _OB_PRINT (ob_log_module.h:277), OB_LOGGER.log_message_fmt (ob_log_module.h:232); nothing else reads the text. Three conversions, three arguments; no %p.	confirmed
src/oblib/common/number/ob_number_v2.cpp	ObNumber::rebuild_digits_	line 2274: _OB_LOG call; format "buffer size overflow, cap=%ld length=%ld decimal_length=%ld"; conversions %ld %ld %ld; 3 arguments: MAX_CALC_LEN, length, decimal_length; argument types: const int64_t | int64_t | const int64_t; conversion and argument pairs: %ld <- const int64_t, %ld <- int64_t, %ld <- const int64_t; writes the server log	LOG_TEXT	_ob_log!(ret, WARN, "buffer size overflow, cap=%ld length=%ld decimal_length=%ld", MAX_CALC_LEN, length, decimal_length): WARN takes the ret in scope first, still Ok(()) here, set to OB_NUMERIC_OVERFLOW on the next line (s2-errors.md 2.5 rule 1); the three values are i64 for %ld (section 6, item 1). Server-log text, kept as the C++ writes it (RULEBOOK 1, Logging row).	sweep: printf-calls.tsv:131 (data row 130). Types: MAX_CALC_LEN is a static const int64_t (src/oblib/common/number/ob_number_v2.h:162), length an int64_t (src/oblib/common/number/ob_number_v2.cpp:2258) and decimal_length a const int64_t parameter (src/oblib/common/number/ob_number_v2.cpp:2254). ret is set after the call (src/oblib/common/number/ob_number_v2.cpp:2276). Server log: _OB_LOG (src/oblib/lib/oblog/ob_log_module.h:274) calls _OB_PRINT (ob_log_module.h:277), OB_LOGGER.log_message_fmt (ob_log_module.h:232); nothing else reads the text. Three conversions, three arguments; no %p.	confirmed
src/oblib/common/number/ob_number_v2.cpp	ObNumber::format_v1	line 2324: databuff_printf call; format "0"; conversions none; 0 arguments	ENGINE_TEXT	databuff_printf_2!(buf, buf_len, pos, "0") for a number of length 0; no arguments. The engine acts on these bytes (nothing reads them: format_v1 has no caller): cfmt only (RULEBOOK 1, Number text row).	sweep: printf-calls.tsv:132 (data row 131). No arguments. Path: format_v1 writes its caller's buf, buf_len and pos (src/oblib/common/number/ob_number_v2.cpp:2308), and nothing calls it: `grep -rn 'format_v1(' src` prints its declaration (src/oblib/common/number/ob_number_v2.h:435), the call commented out in format (ob_number_v2.h:466) and its definition. So nothing reads the bytes (engine use 5). No conversions; no %p.	confirmed
src/oblib/common/number/ob_number_v2.cpp	ObNumber::format_v1	line 2328: databuff_printf call; format "-"; conversions none; 0 arguments	ENGINE_TEXT	databuff_printf_2!(buf, buf_len, pos, "-") for a negative number; no arguments. The engine acts on these bytes (nothing reads them: format_v1 has no caller): cfmt only (RULEBOOK 1, Number text row).	sweep: printf-calls.tsv:133 (data row 132). No arguments. Path: format_v1 writes its caller's buf, buf_len and pos (src/oblib/common/number/ob_number_v2.cpp:2308), and nothing calls it: `grep -rn 'format_v1(' src` prints its declaration (src/oblib/common/number/ob_number_v2.h:435), the call commented out in format (ob_number_v2.h:466) and its definition. So nothing reads the bytes (engine use 5). No conversions; no %p.	confirmed
src/oblib/common/number/ob_number_v2.cpp	ObNumber::format_v1	line 2331: databuff_printf call; format "0"; conversions none; 0 arguments	ENGINE_TEXT	databuff_printf_2!(buf, buf_len, pos, "0") for a decimal below 1; no arguments. The engine acts on these bytes (nothing reads them: format_v1 has no caller): cfmt only (RULEBOOK 1, Number text row).	sweep: printf-calls.tsv:134 (data row 133). No arguments. Path: format_v1 writes its caller's buf, buf_len and pos (src/oblib/common/number/ob_number_v2.cpp:2308), and nothing calls it: `grep -rn 'format_v1(' src` prints its declaration (src/oblib/common/number/ob_number_v2.h:435), the call commented out in format (ob_number_v2.h:466) and its definition. So nothing reads the bytes (engine use 5). No conversions; no %p.	confirmed
src/oblib/common/number/ob_number_v2.cpp	ObNumber::format_v1	line 2345: databuff_printf call; format "."; conversions none; 0 arguments	ENGINE_TEXT	databuff_printf_2!(buf, buf_len, pos, ".") where the digits pass from integer to decimal; no arguments. The engine acts on these bytes (nothing reads them: format_v1 has no caller): cfmt only (RULEBOOK 1, Number text row).	sweep: printf-calls.tsv:135 (data row 134). No arguments. Path: format_v1 writes its caller's buf, buf_len and pos (src/oblib/common/number/ob_number_v2.cpp:2308), and nothing calls it: `grep -rn 'format_v1(' src` prints its declaration (src/oblib/common/number/ob_number_v2.h:435), the call commented out in format (ob_number_v2.h:466) and its definition. So nothing reads the bytes (engine use 5). No conversions; no %p.	confirmed
src/oblib/common/number/ob_number_v2.cpp	ObNumber::format_v1	line 2353: databuff_printf call; format "%u"; conversions %u; 1 arguments: digit; argument types: uint32_t; conversion and argument pairs: %u <- uint32_t	ENGINE_TEXT	databuff_printf_2!(buf, buf_len, pos, "%u", digit) for the first integer digit: digit is a uint32_t, a u32 for %u (section 6, item 1). The engine acts on these bytes (nothing reads them: format_v1 has no caller): cfmt only (RULEBOOK 1, Number text row).	sweep: printf-calls.tsv:136 (data row 135). Types: digit is a uint32_t (src/oblib/common/number/ob_number_v2.cpp:2336). Path: format_v1 writes its caller's buf, buf_len and pos (src/oblib/common/number/ob_number_v2.cpp:2308), and nothing calls it: `grep -rn 'format_v1(' src` prints its declaration (src/oblib/common/number/ob_number_v2.h:435), the call commented out in format (ob_number_v2.h:466) and its definition. So nothing reads the bytes (engine use 5). One conversion, one argument; no %p.	confirmed
src/oblib/common/number/ob_number_v2.cpp	ObNumber::format_v1	line 2358: databuff_printf call; the printf overload, since only a printf overload takes 5 arguments; format is the const char * constant ObNumber::BACK_DIGIT_FORMAT (an element of the array): "%01u", "%02u", "%03u", "%04u", ...; conversions by value: %01u; %02u; %03u; %04u; %05u; %06u; 1 arguments: tmp; argument types: uint32_t	ENGINE_TEXT	databuff_printf_2!(buf, buf_len, pos, ObNumber::BACK_DIGIT_FORMAT[counter as usize], tmp) for the last decimal digit: the format is the same Rust expression, an element of the constant array (section 6, item 9), and tmp a u32 for its %u. The engine acts on these bytes (nothing reads them: format_v1 has no caller): cfmt only (RULEBOOK 1, Number text row).	sweep: printf-calls.tsv:137 (data row 136). Format: ObNumber::BACK_DIGIT_FORMAT is const char *[DIGIT_LEN] with the nine values "%09u", "%08u", "%07u", "%06u", "%05u", "%04u", "%03u", "%02u" and "%01u" (src/oblib/common/number/ob_number_v2.cpp:31-42; DIGIT_LEN is 9, src/oblib/common/number/ob_number_v2.h:146), each one %u; counter is the count remove_back_zero gives (src/oblib/common/number/ob_number_v2.cpp:2357; src/oblib/common/number/ob_number_v2.h:2232). Types: tmp is the uint32_t remove_back_zero returns (src/oblib/common/number/ob_number_v2.cpp:2357). Path: format_v1 writes its caller's buf, buf_len and pos (src/oblib/common/number/ob_number_v2.cpp:2308), and nothing calls it: `grep -rn 'format_v1(' src` prints its declaration (src/oblib/common/number/ob_number_v2.h:435), the call commented out in format (ob_number_v2.h:466) and its definition. So nothing reads the bytes (engine use 5). Each value has one conversion and the call passes one argument; no %p.	confirmed
src/oblib/common/number/ob_number_v2.cpp	ObNumber::format_v1	line 2362: databuff_printf call; the printf overload, since only a printf overload takes 5 arguments; format is the const char * constant DIGIT_FORMAT: "%09u"; conversions %09u; 1 arguments: digit; argument types: uint32_t; conversion and argument pairs: %09u <- uint32_t	ENGINE_TEXT	databuff_printf_2!(buf, buf_len, pos, DIGIT_FORMAT, digit) for a middle digit: the format is the same Rust expression, the constant DIGIT_FORMAT (section 6, item 9), and digit a u32 for its %09u. The engine acts on these bytes (nothing reads them: format_v1 has no caller): cfmt only (RULEBOOK 1, Number text row).	sweep: printf-calls.tsv:138 (data row 137). Format: DIGIT_FORMAT is the const char * "%09u" (src/oblib/common/number/ob_number_v2.cpp:30), one %u with the 0 flag and width 9. Types: digit is a uint32_t (src/oblib/common/number/ob_number_v2.cpp:2336). Path: format_v1 writes its caller's buf, buf_len and pos (src/oblib/common/number/ob_number_v2.cpp:2308), and nothing calls it: `grep -rn 'format_v1(' src` prints its declaration (src/oblib/common/number/ob_number_v2.h:435), the call commented out in format (ob_number_v2.h:466) and its definition. So nothing reads the bytes (engine use 5). One conversion, one argument; no %p.	confirmed
src/oblib/common/number/ob_number_v2.cpp	ObNumber::format_v1	line 2380: databuff_printf call; format "."; conversions none; 0 arguments	ENGINE_TEXT	databuff_printf_2!(buf, buf_len, pos, ".") before the padding zeros; no arguments. The engine acts on these bytes (nothing reads them: format_v1 has no caller): cfmt only (RULEBOOK 1, Number text row).	sweep: printf-calls.tsv:139 (data row 138). No arguments. Path: format_v1 writes its caller's buf, buf_len and pos (src/oblib/common/number/ob_number_v2.cpp:2308), and nothing calls it: `grep -rn 'format_v1(' src` prints its declaration (src/oblib/common/number/ob_number_v2.h:435), the call commented out in format (ob_number_v2.h:466) and its definition. So nothing reads the bytes (engine use 5). No conversions; no %p.	confirmed
src/oblib/common/number/ob_number_v2.cpp	ObNumber::format_v1	line 2389: databuff_printf call; format "%s"; conversions %s; 1 arguments: zeros; argument types: char [FLOATING_SCALE+1]; conversion and argument pairs: %s <- char [FLOATING_SCALE+1]	ENGINE_TEXT	databuff_printf_2!(buf, buf_len, pos, "%s", &zeros[..]) for the padding zeros: zeros is the whole char array, cut by the NUL written at pad_zero_count, which cfmt prints up to (section 6, item 5). The engine acts on these bytes (nothing reads them: format_v1 has no caller): cfmt only (RULEBOOK 1, Number text row).	sweep: printf-calls.tsv:140 (data row 139). Types: zeros is a char[FLOATING_SCALE + 1] of 72 zeros (src/oblib/common/number/ob_number_v2.cpp:2387; FLOATING_SCALE is 72, src/oblib/common/number/ob_number_v2.h:159) with a NUL written at pad_zero_count (src/oblib/common/number/ob_number_v2.cpp:2388). Path: format_v1 writes its caller's buf, buf_len and pos (src/oblib/common/number/ob_number_v2.cpp:2308), and nothing calls it: `grep -rn 'format_v1(' src` prints its declaration (src/oblib/common/number/ob_number_v2.h:435), the call commented out in format (ob_number_v2.h:466) and its definition. So nothing reads the bytes (engine use 5). One conversion, one argument; no %p.	confirmed
src/oblib/common/number/ob_number_v2.cpp	ObNumber::to_sci_str_	line 2768: databuff_printf call; format "%ld"; conversions %ld; 1 arguments: pow_size; argument types: int64_t; conversion and argument pairs: %ld <- int64_t	ENGINE_TEXT	databuff_printf_2!(pow_str, pow_str.len(), pow_pos, "%ld", pow_size): pow_size is an i64 for %ld (section 6, item 1). The engine acts on these bytes (nothing reads them: to_sci_str_ has no caller): cfmt only (RULEBOOK 1, Number text row).	sweep: printf-calls.tsv:141 (data row 140). Types: pow_str is a local char[6] that already holds "E+" (src/oblib/common/number/ob_number_v2.cpp:2650, :2658-2659); pow_pos and pow_size are int64_t (src/oblib/common/number/ob_number_v2.cpp:2651, :2653). Path: the bytes are copied into the caller's buf (src/oblib/common/number/ob_number_v2.cpp:2771), and to_sci_str_ has no caller (`grep -rn 'to_sci_str_(' src` prints its declaration, src/oblib/common/number/ob_number_v2.h:612, and its definition, src/oblib/common/number/ob_number_v2.cpp:2634), so nothing reads them (engine use 5). One conversion, one argument; no %p.	confirmed
src/oblib/common/number/ob_number_v2.cpp	ObNumber::asin	line 3227: _OB_LOG call; format "asin [%s], ret=%d [%s]"; conversions %s %d %s; 3 arguments: this->format(), ret, res.format(); argument types: const char * or int | int | const char * or int; conversion and argument pairs: %s <- const char * or int, %d <- int, %s <- const char * or int; writes the server log	LOG_TEXT	_ob_log!(DEBUG, "asin [%s], ret=%d [%s]", self.format(), <ret's i32 code>, res.format()): DEBUG takes no ret (s2-errors.md 2.5 rule 1); this->format() and res.format() are Option<&[u8]>, the number's text or None printing (null) (section 6, item 5); the ret %d is ret's i32 code (section 6, item 2). Server-log text, kept as the C++ writes it (RULEBOOK 1, Logging row).	sweep: printf-calls.tsv:142 (data row 141). Types: this->format(), other.format(), res.format() and value.format() are ObNumber::format (src/oblib/common/number/ob_number_v2.cpp:2288), a C string in a thread-local buffer, or NULL when that buffer or the formatting fails (src/oblib/common/number/ob_number_v2.cpp:2297-2301). Server log: _OB_LOG (src/oblib/lib/oblog/ob_log_module.h:274) calls _OB_PRINT (ob_log_module.h:277), OB_LOGGER.log_message_fmt (ob_log_module.h:232); nothing else reads the text. Three conversions, three arguments; no %p.	confirmed
src/oblib/common/number/ob_number_v2.cpp	ObNumber::acos	line 3260: _OB_LOG call; format "acos [%s], ret=%d [%s]"; conversions %s %d %s; 3 arguments: this->format(), ret, res.format(); argument types: const char * or int | int | const char * or int; conversion and argument pairs: %s <- const char * or int, %d <- int, %s <- const char * or int; writes the server log	LOG_TEXT	_ob_log!(DEBUG, "acos [%s], ret=%d [%s]", self.format(), <ret's i32 code>, res.format()): DEBUG takes no ret (s2-errors.md 2.5 rule 1); this->format() and res.format() are Option<&[u8]>, the number's text or None printing (null) (section 6, item 5); the ret %d is ret's i32 code (section 6, item 2). Server-log text, kept as the C++ writes it (RULEBOOK 1, Logging row).	sweep: printf-calls.tsv:143 (data row 142). Types: this->format(), other.format(), res.format() and value.format() are ObNumber::format (src/oblib/common/number/ob_number_v2.cpp:2288), a C string in a thread-local buffer, or NULL when that buffer or the formatting fails (src/oblib/common/number/ob_number_v2.cpp:2297-2301). Server log: _OB_LOG (src/oblib/lib/oblog/ob_log_module.h:274) calls _OB_PRINT (ob_log_module.h:277), OB_LOGGER.log_message_fmt (ob_log_module.h:232); nothing else reads the text. Three conversions, three arguments; no %p.	confirmed
src/oblib/common/number/ob_number_v2.cpp	ObNumber::atan	line 3373: _OB_LOG call; format "atan [%s], ret=%d [%s]"; conversions %s %d %s; 3 arguments: this->format(), ret, res.format(); argument types: const char * or int | int | const char * or int; conversion and argument pairs: %s <- const char * or int, %d <- int, %s <- const char * or int; writes the server log	LOG_TEXT	_ob_log!(DEBUG, "atan [%s], ret=%d [%s]", self.format(), <ret's i32 code>, res.format()): DEBUG takes no ret (s2-errors.md 2.5 rule 1); this->format() and res.format() are Option<&[u8]>, the number's text or None printing (null) (section 6, item 5); the ret %d is ret's i32 code (section 6, item 2). Server-log text, kept as the C++ writes it (RULEBOOK 1, Logging row).	sweep: printf-calls.tsv:144 (data row 143). Types: this->format(), other.format(), res.format() and value.format() are ObNumber::format (src/oblib/common/number/ob_number_v2.cpp:2288), a C string in a thread-local buffer, or NULL when that buffer or the formatting fails (src/oblib/common/number/ob_number_v2.cpp:2297-2301). Server log: _OB_LOG (src/oblib/lib/oblog/ob_log_module.h:274) calls _OB_PRINT (ob_log_module.h:277), OB_LOGGER.log_message_fmt (ob_log_module.h:232); nothing else reads the text. Three conversions, three arguments; no %p.	confirmed
src/oblib/common/number/ob_number_v2.cpp	ObNumber::atan2	line 3419: _OB_LOG call; format "atan2 [%s], ret=%d [%s]"; conversions %s %d %s; 3 arguments: this->format(), ret, res.format(); argument types: const char * or int | int | const char * or int; conversion and argument pairs: %s <- const char * or int, %d <- int, %s <- const char * or int; writes the server log	LOG_TEXT	_ob_log!(DEBUG, "atan2 [%s], ret=%d [%s]", self.format(), <ret's i32 code>, res.format()): DEBUG takes no ret (s2-errors.md 2.5 rule 1); this->format() and res.format() are Option<&[u8]>, the number's text or None printing (null) (section 6, item 5); the ret %d is ret's i32 code (section 6, item 2). Server-log text, kept as the C++ writes it (RULEBOOK 1, Logging row).	sweep: printf-calls.tsv:145 (data row 144). Types: this->format(), other.format(), res.format() and value.format() are ObNumber::format (src/oblib/common/number/ob_number_v2.cpp:2288), a C string in a thread-local buffer, or NULL when that buffer or the formatting fails (src/oblib/common/number/ob_number_v2.cpp:2297-2301). Server log: _OB_LOG (src/oblib/lib/oblog/ob_log_module.h:274) calls _OB_PRINT (ob_log_module.h:277), OB_LOGGER.log_message_fmt (ob_log_module.h:232); nothing else reads the text. Three conversions, three arguments; no %p.	confirmed
src/oblib/common/number/ob_number_v2.cpp	ObNumber::add_	line 3449: _OB_LOG call; format "[%s] add [%s] fail ret=%d"; conversions %s %s %d; 3 arguments: helper.convert(*this), helper.convert(other), ret; argument types: const char * or int | const char * or int | int; conversion and argument pairs: %s <- const char * or int, %s <- const char * or int, %d <- int; writes the server log	LOG_TEXT	_ob_log!(ret, WARN, "[%s] add [%s] fail ret=%d", helper.convert(self), helper.convert(other), <ret's i32 code>): WARN takes the ret in scope first, the code poly_poly_add returned (s2-errors.md 2.5 rule 1); each helper.convert(..) is an Option<&[u8]> of the object's to_string text, None printing (null) (section 6, item 5); the %d is ret's i32 code (section 6, item 2). Server-log text, kept as the C++ writes it (RULEBOOK 1, Logging row).	sweep: printf-calls.tsv:146 (data row 145). Types: helper.convert(x) is ObCStringHelper::convert (src/oblib/lib/utility/ob_print_utils.h:305), which returns x's to_string text, or NULL past the helper's 64 MB limit or on a formatting failure (ob_print_utils.h:319-321, :344); ret is set by the OB_FAIL test of poly_poly_add (src/oblib/common/number/ob_number_v2.cpp:3447). Server log: _OB_LOG (src/oblib/lib/oblog/ob_log_module.h:274) calls _OB_PRINT (ob_log_module.h:277), OB_LOGGER.log_message_fmt (ob_log_module.h:232); nothing else reads the text. Three conversions, three arguments; no %p.	confirmed
src/oblib/common/number/ob_number_v2.cpp	ObNumber::add_	line 3462: _OB_LOG call; format "nagate [%s] fail, ret=%d"; conversions %s %d; 2 arguments: helper.convert(other), ret; argument types: const char * or int | int; conversion and argument pairs: %s <- const char * or int, %d <- int; writes the server log	LOG_TEXT	_ob_log!(ret, WARN, "nagate [%s] fail, ret=%d", helper.convert(other), <ret's i32 code>): WARN takes the ret in scope first, the code negate returned (s2-errors.md 2.5 rule 1); each helper.convert(..) is an Option<&[u8]> of the object's to_string text, None printing (null) (section 6, item 5); the %d is ret's i32 code (section 6, item 2). Server-log text, kept as the C++ writes it (RULEBOOK 1, Logging row).	sweep: printf-calls.tsv:147 (data row 146). Types: helper.convert(x) is ObCStringHelper::convert (src/oblib/lib/utility/ob_print_utils.h:305), which returns x's to_string text, or NULL past the helper's 64 MB limit or on a formatting failure (ob_print_utils.h:319-321, :344); ret is set by the OB_FAIL test of other.negate (src/oblib/common/number/ob_number_v2.cpp:3460). Server log: _OB_LOG (src/oblib/lib/oblog/ob_log_module.h:274) calls _OB_PRINT (ob_log_module.h:277), OB_LOGGER.log_message_fmt (ob_log_module.h:232); nothing else reads the text. Two conversions, two arguments; no %p.	confirmed
src/oblib/common/number/ob_number_v2.cpp	ObNumber::add_	line 3470: _OB_LOG call; format "add_ [%s] + [%s], ret=%d [%s]"; conversions %s %s %d %s; 4 arguments: this->format(), other.format(), ret, res.format(); argument types: const char * or int | const char * or int | int | const char * or int; conversion and argument pairs: %s <- const char * or int, %s <- const char * or int, %d <- int, %s <- const char * or int; writes the server log	LOG_TEXT	_ob_log!(DEBUG, "add_ [%s] + [%s], ret=%d [%s]", self.format(), other.format(), <ret's i32 code>, res.format()): DEBUG takes no ret (s2-errors.md 2.5 rule 1); this->format(), other.format() and res.format() are Option<&[u8]>, the number's text or None printing (null) (section 6, item 5); the ret %d is ret's i32 code (section 6, item 2). Server-log text, kept as the C++ writes it (RULEBOOK 1, Logging row).	sweep: printf-calls.tsv:148 (data row 147). Types: this->format(), other.format(), res.format() and value.format() are ObNumber::format (src/oblib/common/number/ob_number_v2.cpp:2288), a C string in a thread-local buffer, or NULL when that buffer or the formatting fails (src/oblib/common/number/ob_number_v2.cpp:2297-2301). Server log: _OB_LOG (src/oblib/lib/oblog/ob_log_module.h:274) calls _OB_PRINT (ob_log_module.h:277), OB_LOGGER.log_message_fmt (ob_log_module.h:232); nothing else reads the text. Four conversions, four arguments; no %p.	confirmed
src/oblib/common/number/ob_number_v2.cpp	ObNumber::sub_	line 3502: _OB_LOG call; format "[%s] sub [%s] fail ret=%d"; conversions %s %s %d; 3 arguments: helper.convert(*this), helper.convert(other), ret; argument types: const char * or int | const char * or int | int; conversion and argument pairs: %s <- const char * or int, %s <- const char * or int, %d <- int; writes the server log	LOG_TEXT	_ob_log!(ret, WARN, "[%s] sub [%s] fail ret=%d", helper.convert(self), helper.convert(other), <ret's i32 code>): WARN takes the ret in scope first, the code poly_poly_sub returned (s2-errors.md 2.5 rule 1); each helper.convert(..) is an Option<&[u8]> of the object's to_string text, None printing (null) (section 6, item 5); the %d is ret's i32 code (section 6, item 2). Server-log text, kept as the C++ writes it (RULEBOOK 1, Logging row).	sweep: printf-calls.tsv:149 (data row 148). Types: helper.convert(x) is ObCStringHelper::convert (src/oblib/lib/utility/ob_print_utils.h:305), which returns x's to_string text, or NULL past the helper's 64 MB limit or on a formatting failure (ob_print_utils.h:319-321, :344); ret is set by the OB_FAIL test of poly_poly_sub (src/oblib/common/number/ob_number_v2.cpp:3500). Server log: _OB_LOG (src/oblib/lib/oblog/ob_log_module.h:274) calls _OB_PRINT (ob_log_module.h:277), OB_LOGGER.log_message_fmt (ob_log_module.h:232); nothing else reads the text. Three conversions, three arguments; no %p.	confirmed
src/oblib/common/number/ob_number_v2.cpp	ObNumber::sub_	line 3534: _OB_LOG call; format "nagate [%s] fail, ret=%d"; conversions %s %d; 2 arguments: helper.convert(other), ret; argument types: const char * or int | int; conversion and argument pairs: %s <- const char * or int, %d <- int; writes the server log	LOG_TEXT	_ob_log!(ret, WARN, "nagate [%s] fail, ret=%d", helper.convert(other), <ret's i32 code>): WARN takes the ret in scope first, the code negate returned (s2-errors.md 2.5 rule 1); each helper.convert(..) is an Option<&[u8]> of the object's to_string text, None printing (null) (section 6, item 5); the %d is ret's i32 code (section 6, item 2). Server-log text, kept as the C++ writes it (RULEBOOK 1, Logging row).	sweep: printf-calls.tsv:150 (data row 149). Types: helper.convert(x) is ObCStringHelper::convert (src/oblib/lib/utility/ob_print_utils.h:305), which returns x's to_string text, or NULL past the helper's 64 MB limit or on a formatting failure (ob_print_utils.h:319-321, :344); ret is set by the OB_FAIL test of other.negate (src/oblib/common/number/ob_number_v2.cpp:3532). Server log: _OB_LOG (src/oblib/lib/oblog/ob_log_module.h:274) calls _OB_PRINT (ob_log_module.h:277), OB_LOGGER.log_message_fmt (ob_log_module.h:232); nothing else reads the text. Two conversions, two arguments; no %p.	confirmed
src/oblib/common/number/ob_number_v2.cpp	ObNumber::sub_	line 3542: _OB_LOG call; format "sub_ [%s] - [%s], ret=%d [%s]"; conversions %s %s %d %s; 4 arguments: this->format(), other.format(), ret, res.format(); argument types: const char * or int | const char * or int | int | const char * or int; conversion and argument pairs: %s <- const char * or int, %s <- const char * or int, %d <- int, %s <- const char * or int; writes the server log	LOG_TEXT	_ob_log!(DEBUG, "sub_ [%s] - [%s], ret=%d [%s]", self.format(), other.format(), <ret's i32 code>, res.format()): DEBUG takes no ret (s2-errors.md 2.5 rule 1); this->format(), other.format() and res.format() are Option<&[u8]>, the number's text or None printing (null) (section 6, item 5); the ret %d is ret's i32 code (section 6, item 2). Server-log text, kept as the C++ writes it (RULEBOOK 1, Logging row).	sweep: printf-calls.tsv:151 (data row 150). Types: this->format(), other.format(), res.format() and value.format() are ObNumber::format (src/oblib/common/number/ob_number_v2.cpp:2288), a C string in a thread-local buffer, or NULL when that buffer or the formatting fails (src/oblib/common/number/ob_number_v2.cpp:2297-2301). Server log: _OB_LOG (src/oblib/lib/oblog/ob_log_module.h:274) calls _OB_PRINT (ob_log_module.h:277), OB_LOGGER.log_message_fmt (ob_log_module.h:232); nothing else reads the text. Four conversions, four arguments; no %p.	confirmed
src/oblib/common/number/ob_number_v2.cpp	ObNumber::add_v2_	line 3657: _OB_LOG call; format "add_v2 [%s] + [%s], ret=%d [%s]"; conversions %s %s %d %s; 4 arguments: this->format(), other.format(), ret, res.format(); argument types: const char * or int | const char * or int | int | const char * or int; conversion and argument pairs: %s <- const char * or int, %s <- const char * or int, %d <- int, %s <- const char * or int; writes the server log	LOG_TEXT	_ob_log!(DEBUG, "add_v2 [%s] + [%s], ret=%d [%s]", self.format(), other.format(), <ret's i32 code>, res.format()): DEBUG takes no ret (s2-errors.md 2.5 rule 1); this->format(), other.format() and res.format() are Option<&[u8]>, the number's text or None printing (null) (section 6, item 5); the ret %d is ret's i32 code (section 6, item 2). Server-log text, kept as the C++ writes it (RULEBOOK 1, Logging row).	sweep: printf-calls.tsv:152 (data row 151). Types: this->format(), other.format(), res.format() and value.format() are ObNumber::format (src/oblib/common/number/ob_number_v2.cpp:2288), a C string in a thread-local buffer, or NULL when that buffer or the formatting fails (src/oblib/common/number/ob_number_v2.cpp:2297-2301). Server log: _OB_LOG (src/oblib/lib/oblog/ob_log_module.h:274) calls _OB_PRINT (ob_log_module.h:277), OB_LOGGER.log_message_fmt (ob_log_module.h:232); nothing else reads the text. Four conversions, four arguments; no %p.	confirmed
src/oblib/common/number/ob_number_v2.cpp	ObNumber::add_v3	line 3792: _OB_LOG call; format "add_v3 [%s] + [%s], ret=%d [%s]"; conversions %s %s %d %s; 4 arguments: this->format(), other.format(), ret, res.format(); argument types: const char * or int | const char * or int | int | const char * or int; conversion and argument pairs: %s <- const char * or int, %s <- const char * or int, %d <- int, %s <- const char * or int; writes the server log	LOG_TEXT	_ob_log!(DEBUG, "add_v3 [%s] + [%s], ret=%d [%s]", self.format(), other.format(), <ret's i32 code>, res.format()): DEBUG takes no ret (s2-errors.md 2.5 rule 1); this->format(), other.format() and res.format() are Option<&[u8]>, the number's text or None printing (null) (section 6, item 5); the ret %d is ret's i32 code (section 6, item 2). Server-log text, kept as the C++ writes it (RULEBOOK 1, Logging row).	sweep: printf-calls.tsv:153 (data row 152). Types: this->format(), other.format(), res.format() and value.format() are ObNumber::format (src/oblib/common/number/ob_number_v2.cpp:2288), a C string in a thread-local buffer, or NULL when that buffer or the formatting fails (src/oblib/common/number/ob_number_v2.cpp:2297-2301). Server log: _OB_LOG (src/oblib/lib/oblog/ob_log_module.h:274) calls _OB_PRINT (ob_log_module.h:277), OB_LOGGER.log_message_fmt (ob_log_module.h:232); nothing else reads the text. Four conversions, four arguments; no %p.	confirmed
src/oblib/common/number/ob_number_v2.cpp	ObNumber::sub_v2_	line 3906: _OB_LOG call; format "sub_v2 [%s] - [%s], ret=%d [%s]"; conversions %s %s %d %s; 4 arguments: this->format(), other.format(), ret, res.format(); argument types: const char * or int | const char * or int | int | const char * or int; conversion and argument pairs: %s <- const char * or int, %s <- const char * or int, %d <- int, %s <- const char * or int; writes the server log	LOG_TEXT	_ob_log!(DEBUG, "sub_v2 [%s] - [%s], ret=%d [%s]", self.format(), other.format(), <ret's i32 code>, res.format()): DEBUG takes no ret (s2-errors.md 2.5 rule 1); this->format(), other.format() and res.format() are Option<&[u8]>, the number's text or None printing (null) (section 6, item 5); the ret %d is ret's i32 code (section 6, item 2). Server-log text, kept as the C++ writes it (RULEBOOK 1, Logging row).	sweep: printf-calls.tsv:154 (data row 153). Types: this->format(), other.format(), res.format() and value.format() are ObNumber::format (src/oblib/common/number/ob_number_v2.cpp:2288), a C string in a thread-local buffer, or NULL when that buffer or the formatting fails (src/oblib/common/number/ob_number_v2.cpp:2297-2301). Server log: _OB_LOG (src/oblib/lib/oblog/ob_log_module.h:274) calls _OB_PRINT (ob_log_module.h:277), OB_LOGGER.log_message_fmt (ob_log_module.h:232); nothing else reads the text. Four conversions, four arguments; no %p.	confirmed
src/oblib/common/number/ob_number_v2.cpp	ObNumber::sub_v3	line 4077: _OB_LOG call; format "sub_v3 [%s] - [%s], ret=%d [%s]"; conversions %s %s %d %s; 4 arguments: this->format(), other.format(), ret, res.format(); argument types: const char * or int | const char * or int | int | const char * or int; conversion and argument pairs: %s <- const char * or int, %s <- const char * or int, %d <- int, %s <- const char * or int; writes the server log	LOG_TEXT	_ob_log!(DEBUG, "sub_v3 [%s] - [%s], ret=%d [%s]", self.format(), other.format(), <ret's i32 code>, res.format()): DEBUG takes no ret (s2-errors.md 2.5 rule 1); this->format(), other.format() and res.format() are Option<&[u8]>, the number's text or None printing (null) (section 6, item 5); the ret %d is ret's i32 code (section 6, item 2). Server-log text, kept as the C++ writes it (RULEBOOK 1, Logging row).	sweep: printf-calls.tsv:155 (data row 154). Types: this->format(), other.format(), res.format() and value.format() are ObNumber::format (src/oblib/common/number/ob_number_v2.cpp:2288), a C string in a thread-local buffer, or NULL when that buffer or the formatting fails (src/oblib/common/number/ob_number_v2.cpp:2297-2301). Server log: _OB_LOG (src/oblib/lib/oblog/ob_log_module.h:274) calls _OB_PRINT (ob_log_module.h:277), OB_LOGGER.log_message_fmt (ob_log_module.h:232); nothing else reads the text. Four conversions, four arguments; no %p.	confirmed
src/oblib/common/number/ob_number_v2.cpp	ObNumber::negate_	line 4102: _OB_LOG call; format "alloc digits fail, length=%ld"; conversions %ld; 1 arguments: size2alloc; argument types: int64_t; conversion and argument pairs: %ld <- int64_t; writes the server log	LOG_TEXT	None: the branch is removed (RULEBOOK 2.2: a branch that handles a general allocation failure goes; section 7).	sweep: printf-calls.tsv:156 (data row 155). The call is in the branch of the null test of res.digits_ = res.alloc_(allocator, size2alloc) (src/oblib/common/number/ob_number_v2.cpp:4101); alloc_ is the caller's allocator's alloc (src/oblib/common/number/ob_number_v2.cpp:126-131), a general allocation (s3-memory.md 3.7.1), and it returns NULL for a size of 0 or less only, which cannot reach this test: size2alloc is d_.len_ (src/oblib/common/number/ob_number_v2.cpp:4092), and a number of length 0 took the is_zero branch (src/oblib/common/number/ob_number_v2.cpp:4086). So the branch goes (section 7). Where the bytes would go: Server log: _OB_LOG (src/oblib/lib/oblog/ob_log_module.h:274) calls _OB_PRINT (ob_log_module.h:277), OB_LOGGER.log_message_fmt (ob_log_module.h:232); nothing else reads the text. One conversion, one argument; no %p.	confirmed
src/oblib/common/number/ob_number_v2.cpp	ObNumber::negate_	line 4106: _OB_LOG call; format "normalize [%s] fail ret=%d"; conversions %s %d; 2 arguments: helper.convert(res), ret; argument types: const char * or int | int; conversion and argument pairs: %s <- const char * or int, %d <- int; writes the server log	LOG_TEXT	_ob_log!(ret, WARN, "normalize [%s] fail ret=%d", helper.convert(&res), <ret's i32 code>): WARN takes the ret in scope first, the code normalize_ returned (s2-errors.md 2.5 rule 1); each helper.convert(..) is an Option<&[u8]> of the object's to_string text, None printing (null) (section 6, item 5); the %d is ret's i32 code (section 6, item 2). Server-log text, kept as the C++ writes it (RULEBOOK 1, Logging row).	sweep: printf-calls.tsv:157 (data row 156). Types: helper.convert(x) is ObCStringHelper::convert (src/oblib/lib/utility/ob_print_utils.h:305), which returns x's to_string text, or NULL past the helper's 64 MB limit or on a formatting failure (ob_print_utils.h:319-321, :344); ret is set by the OB_FAIL test of res.normalize_ (src/oblib/common/number/ob_number_v2.cpp:4104). Server log: _OB_LOG (src/oblib/lib/oblog/ob_log_module.h:274) calls _OB_PRINT (ob_log_module.h:277), OB_LOGGER.log_message_fmt (ob_log_module.h:232); nothing else reads the text. Two conversions, two arguments; no %p.	confirmed
src/oblib/common/number/ob_number_v2.cpp	ObNumber::negate_	line 4115: _OB_LOG call; format "negate [%s], ret=%d [%s]"; conversions %s %d %s; 3 arguments: this->format(), ret, res.format(); argument types: const char * or int | int | const char * or int; conversion and argument pairs: %s <- const char * or int, %d <- int, %s <- const char * or int; writes the server log	LOG_TEXT	_ob_log!(DEBUG, "negate [%s], ret=%d [%s]", self.format(), <ret's i32 code>, res.format()): DEBUG takes no ret (s2-errors.md 2.5 rule 1); this->format() and res.format() are Option<&[u8]>, the number's text or None printing (null) (section 6, item 5); the ret %d is ret's i32 code (section 6, item 2). Server-log text, kept as the C++ writes it (RULEBOOK 1, Logging row).	sweep: printf-calls.tsv:158 (data row 157). Types: this->format(), other.format(), res.format() and value.format() are ObNumber::format (src/oblib/common/number/ob_number_v2.cpp:2288), a C string in a thread-local buffer, or NULL when that buffer or the formatting fails (src/oblib/common/number/ob_number_v2.cpp:2297-2301). Server log: _OB_LOG (src/oblib/lib/oblog/ob_log_module.h:274) calls _OB_PRINT (ob_log_module.h:277), OB_LOGGER.log_message_fmt (ob_log_module.h:232); nothing else reads the text. Three conversions, three arguments; no %p.	confirmed
src/oblib/common/number/ob_number_v2.cpp	ObNumber::negate_v2_	line 4138: _OB_LOG call; format "negate_v2 [%s], ret=%d [%s]"; conversions %s %d %s; 3 arguments: this->format(), ret, res.format(); argument types: const char * or int | int | const char * or int; conversion and argument pairs: %s <- const char * or int, %d <- int, %s <- const char * or int; writes the server log	LOG_TEXT	_ob_log!(DEBUG, "negate_v2 [%s], ret=%d [%s]", self.format(), <ret's i32 code>, res.format()): DEBUG takes no ret (s2-errors.md 2.5 rule 1); this->format() and res.format() are Option<&[u8]>, the number's text or None printing (null) (section 6, item 5); the ret %d is ret's i32 code (section 6, item 2). Server-log text, kept as the C++ writes it (RULEBOOK 1, Logging row).	sweep: printf-calls.tsv:159 (data row 158). Types: this->format(), other.format(), res.format() and value.format() are ObNumber::format (src/oblib/common/number/ob_number_v2.cpp:2288), a C string in a thread-local buffer, or NULL when that buffer or the formatting fails (src/oblib/common/number/ob_number_v2.cpp:2297-2301). Server log: _OB_LOG (src/oblib/lib/oblog/ob_log_module.h:274) calls _OB_PRINT (ob_log_module.h:277), OB_LOGGER.log_message_fmt (ob_log_module.h:232); nothing else reads the text. Three conversions, three arguments; no %p.	confirmed
src/oblib/common/number/ob_number_v2.cpp	ObNumber::negate_v3_	line 4161: _OB_LOG call; format "negate_v3 [%s], ret=%d [%s]"; conversions %s %d %s; 3 arguments: this->format(), ret, res.format(); argument types: const char * or int | int | const char * or int; conversion and argument pairs: %s <- const char * or int, %d <- int, %s <- const char * or int; writes the server log	LOG_TEXT	_ob_log!(DEBUG, "negate_v3 [%s], ret=%d [%s]", self.format(), <ret's i32 code>, res.format()): DEBUG takes no ret (s2-errors.md 2.5 rule 1); this->format() and res.format() are Option<&[u8]>, the number's text or None printing (null) (section 6, item 5); the ret %d is ret's i32 code (section 6, item 2). Server-log text, kept as the C++ writes it (RULEBOOK 1, Logging row).	sweep: printf-calls.tsv:160 (data row 159). Types: this->format(), other.format(), res.format() and value.format() are ObNumber::format (src/oblib/common/number/ob_number_v2.cpp:2288), a C string in a thread-local buffer, or NULL when that buffer or the formatting fails (src/oblib/common/number/ob_number_v2.cpp:2297-2301). Server log: _OB_LOG (src/oblib/lib/oblog/ob_log_module.h:274) calls _OB_PRINT (ob_log_module.h:277), OB_LOGGER.log_message_fmt (ob_log_module.h:232); nothing else reads the text. Three conversions, three arguments; no %p.	confirmed
src/oblib/common/number/ob_number_v2.cpp	ObNumber::mul_	line 4186: _OB_LOG call; format "[%s] mul [%s] fail, ret=%d"; conversions %s %s %d; 3 arguments: helper.convert(*this), helper.convert(other), ret; argument types: const char * or int | const char * or int | int; conversion and argument pairs: %s <- const char * or int, %s <- const char * or int, %d <- int; writes the server log	LOG_TEXT	_ob_log!(ret, WARN, "[%s] mul [%s] fail, ret=%d", helper.convert(self), helper.convert(other), <ret's i32 code>): WARN takes the ret in scope first, the code poly_poly_mul returned (s2-errors.md 2.5 rule 1); each helper.convert(..) is an Option<&[u8]> of the object's to_string text, None printing (null) (section 6, item 5); the %d is ret's i32 code (section 6, item 2). Server-log text, kept as the C++ writes it (RULEBOOK 1, Logging row).	sweep: printf-calls.tsv:161 (data row 160). Types: helper.convert(x) is ObCStringHelper::convert (src/oblib/lib/utility/ob_print_utils.h:305), which returns x's to_string text, or NULL past the helper's 64 MB limit or on a formatting failure (ob_print_utils.h:319-321, :344); ret is set by the OB_FAIL test of poly_poly_mul (src/oblib/common/number/ob_number_v2.cpp:4184). Server log: _OB_LOG (src/oblib/lib/oblog/ob_log_module.h:274) calls _OB_PRINT (ob_log_module.h:277), OB_LOGGER.log_message_fmt (ob_log_module.h:232); nothing else reads the text. Three conversions, three arguments; no %p.	confirmed
src/oblib/common/number/ob_number_v2.cpp	ObNumber::mul_	line 4198: _OB_LOG call; format "mul [%s] * [%s], ret=%d [%s]"; conversions %s %s %d %s; 4 arguments: this->format(), other.format(), ret, res.format(); argument types: const char * or int | const char * or int | int | const char * or int; conversion and argument pairs: %s <- const char * or int, %s <- const char * or int, %d <- int, %s <- const char * or int; writes the server log	LOG_TEXT	_ob_log!(DEBUG, "mul [%s] * [%s], ret=%d [%s]", self.format(), other.format(), <ret's i32 code>, res.format()): DEBUG takes no ret (s2-errors.md 2.5 rule 1); this->format(), other.format() and res.format() are Option<&[u8]>, the number's text or None printing (null) (section 6, item 5); the ret %d is ret's i32 code (section 6, item 2). Server-log text, kept as the C++ writes it (RULEBOOK 1, Logging row).	sweep: printf-calls.tsv:162 (data row 161). Types: this->format(), other.format(), res.format() and value.format() are ObNumber::format (src/oblib/common/number/ob_number_v2.cpp:2288), a C string in a thread-local buffer, or NULL when that buffer or the formatting fails (src/oblib/common/number/ob_number_v2.cpp:2297-2301). Server log: _OB_LOG (src/oblib/lib/oblog/ob_log_module.h:274) calls _OB_PRINT (ob_log_module.h:277), OB_LOGGER.log_message_fmt (ob_log_module.h:232); nothing else reads the text. Four conversions, four arguments; no %p.	confirmed
src/oblib/common/number/ob_number_v2.cpp	ObNumber::mul_v2_	line 4294: _OB_LOG call; format "mul_v2 [%s] * [%s], ret=%d [%s]"; conversions %s %s %d %s; 4 arguments: this->format(), other.format(), ret, res.format(); argument types: const char * or int | const char * or int | int | const char * or int; conversion and argument pairs: %s <- const char * or int, %s <- const char * or int, %d <- int, %s <- const char * or int; writes the server log	LOG_TEXT	_ob_log!(DEBUG, "mul_v2 [%s] * [%s], ret=%d [%s]", self.format(), other.format(), <ret's i32 code>, res.format()): DEBUG takes no ret (s2-errors.md 2.5 rule 1); this->format(), other.format() and res.format() are Option<&[u8]>, the number's text or None printing (null) (section 6, item 5); the ret %d is ret's i32 code (section 6, item 2). Server-log text, kept as the C++ writes it (RULEBOOK 1, Logging row).	sweep: printf-calls.tsv:163 (data row 162). Types: this->format(), other.format(), res.format() and value.format() are ObNumber::format (src/oblib/common/number/ob_number_v2.cpp:2288), a C string in a thread-local buffer, or NULL when that buffer or the formatting fails (src/oblib/common/number/ob_number_v2.cpp:2297-2301). Server log: _OB_LOG (src/oblib/lib/oblog/ob_log_module.h:274) calls _OB_PRINT (ob_log_module.h:277), OB_LOGGER.log_message_fmt (ob_log_module.h:232); nothing else reads the text. Four conversions, four arguments; no %p.	confirmed
src/oblib/common/number/ob_number_v2.cpp	ObNumber::mul_v3	line 4416: _OB_LOG call; format "mul_v3 [%s] * [%s], ret=%d [%s]"; conversions %s %s %d %s; 4 arguments: this->format(), other.format(), ret, res.format(); argument types: const char * or int | const char * or int | int | const char * or int; conversion and argument pairs: %s <- const char * or int, %s <- const char * or int, %d <- int, %s <- const char * or int; writes the server log	LOG_TEXT	_ob_log!(DEBUG, "mul_v3 [%s] * [%s], ret=%d [%s]", self.format(), other.format(), <ret's i32 code>, res.format()): DEBUG takes no ret (s2-errors.md 2.5 rule 1); this->format(), other.format() and res.format() are Option<&[u8]>, the number's text or None printing (null) (section 6, item 5); the ret %d is ret's i32 code (section 6, item 2). Server-log text, kept as the C++ writes it (RULEBOOK 1, Logging row).	sweep: printf-calls.tsv:164 (data row 163). Types: this->format(), other.format(), res.format() and value.format() are ObNumber::format (src/oblib/common/number/ob_number_v2.cpp:2288), a C string in a thread-local buffer, or NULL when that buffer or the formatting fails (src/oblib/common/number/ob_number_v2.cpp:2297-2301). Server log: _OB_LOG (src/oblib/lib/oblog/ob_log_module.h:274) calls _OB_PRINT (ob_log_module.h:277), OB_LOGGER.log_message_fmt (ob_log_module.h:232); nothing else reads the text. Four conversions, four arguments; no %p.	confirmed
src/oblib/common/number/ob_number_v2.cpp	ObNumber::div_v2_	line 4489: _OB_LOG call; format "[%s] div zero [%s]"; conversions %s %s; 2 arguments: helper.convert(*this), helper.convert(other); argument types: const char * or int | const char * or int; conversion and argument pairs: %s <- const char * or int, %s <- const char * or int; writes the server log	LOG_TEXT	_ob_log!(ret, ERROR, "[%s] div zero [%s]", helper.convert(self), helper.convert(other)): ERROR takes the ret in scope first, which is still Ok(()) here: div_v2_ sets OB_DIVISION_BY_ZERO only on the next line (s2-errors.md 2.5 rule 1); each helper.convert(..) is an Option<&[u8]> of the object's to_string text, None printing (null) (section 6, item 5). Server-log text, kept as the C++ writes it (RULEBOOK 1, Logging row).	sweep: printf-calls.tsv:165 (data row 164). Types: helper.convert(x) is ObCStringHelper::convert (src/oblib/lib/utility/ob_print_utils.h:305), which returns x's to_string text, or NULL past the helper's 64 MB limit or on a formatting failure (ob_print_utils.h:319-321, :344). The branch is the test other.is_zero() (src/oblib/common/number/ob_number_v2.cpp:4487); ret is set after the call (src/oblib/common/number/ob_number_v2.cpp:4490). Server log: _OB_LOG (src/oblib/lib/oblog/ob_log_module.h:274) calls _OB_PRINT (ob_log_module.h:277), OB_LOGGER.log_message_fmt (ob_log_module.h:232); nothing else reads the text. Two conversions, two arguments; no %p.	confirmed
src/oblib/common/number/ob_number_v2.cpp	ObNumber::div_v2_	line 4554: _OB_LOG call; format "div_v2: [%s] / [%s], ret=%d [%s]"; conversions %s %s %d %s; 4 arguments: this->format(), other.format(), ret, res.format(); argument types: const char * or int | const char * or int | int | const char * or int; conversion and argument pairs: %s <- const char * or int, %s <- const char * or int, %d <- int, %s <- const char * or int; writes the server log	LOG_TEXT	_ob_log!(DEBUG, "div_v2: [%s] / [%s], ret=%d [%s]", self.format(), other.format(), <ret's i32 code>, res.format()): DEBUG takes no ret (s2-errors.md 2.5 rule 1); this->format(), other.format() and res.format() are Option<&[u8]>, the number's text or None printing (null) (section 6, item 5); the ret %d is ret's i32 code (section 6, item 2). Server-log text, kept as the C++ writes it (RULEBOOK 1, Logging row).	sweep: printf-calls.tsv:166 (data row 165). Types: this->format(), other.format(), res.format() and value.format() are ObNumber::format (src/oblib/common/number/ob_number_v2.cpp:2288), a C string in a thread-local buffer, or NULL when that buffer or the formatting fails (src/oblib/common/number/ob_number_v2.cpp:2297-2301). Server log: _OB_LOG (src/oblib/lib/oblog/ob_log_module.h:274) calls _OB_PRINT (ob_log_module.h:277), OB_LOGGER.log_message_fmt (ob_log_module.h:232); nothing else reads the text. Four conversions, four arguments; no %p.	confirmed
src/oblib/common/number/ob_number_v2.cpp	ObNumber::div_v3	line 4565: _OB_LOG call; format "[%s] div zero [%s]"; conversions %s %s; 2 arguments: helper.convert(*this), helper.convert(other); argument types: const char * or int | const char * or int; conversion and argument pairs: %s <- const char * or int, %s <- const char * or int; writes the server log	LOG_TEXT	_ob_log!(ret, ERROR, "[%s] div zero [%s]", helper.convert(self), helper.convert(other)): ERROR takes the ret in scope first, which is still Ok(()) here: div_v3 sets OB_DIVISION_BY_ZERO only on the next line (s2-errors.md 2.5 rule 1); each helper.convert(..) is an Option<&[u8]> of the object's to_string text, None printing (null) (section 6, item 5). Server-log text, kept as the C++ writes it (RULEBOOK 1, Logging row).	sweep: printf-calls.tsv:167 (data row 166). Types: helper.convert(x) is ObCStringHelper::convert (src/oblib/lib/utility/ob_print_utils.h:305), which returns x's to_string text, or NULL past the helper's 64 MB limit or on a formatting failure (ob_print_utils.h:319-321, :344). The branch is the test other.is_zero() (src/oblib/common/number/ob_number_v2.cpp:4563); ret is set after the call (src/oblib/common/number/ob_number_v2.cpp:4566). Server log: _OB_LOG (src/oblib/lib/oblog/ob_log_module.h:274) calls _OB_PRINT (ob_log_module.h:277), OB_LOGGER.log_message_fmt (ob_log_module.h:232); nothing else reads the text. Two conversions, two arguments; no %p.	confirmed
src/oblib/common/number/ob_number_v2.cpp	ObNumber::div_v3	line 4630: _OB_LOG call; format "div_v3: [%s] / [%s], ret=%d [%s]"; conversions %s %s %d %s; 4 arguments: this->format(), other.format(), ret, res.format(); argument types: const char * or int | const char * or int | int | const char * or int; conversion and argument pairs: %s <- const char * or int, %s <- const char * or int, %d <- int, %s <- const char * or int; writes the server log	LOG_TEXT	_ob_log!(DEBUG, "div_v3: [%s] / [%s], ret=%d [%s]", self.format(), other.format(), <ret's i32 code>, res.format()): DEBUG takes no ret (s2-errors.md 2.5 rule 1); this->format(), other.format() and res.format() are Option<&[u8]>, the number's text or None printing (null) (section 6, item 5); the ret %d is ret's i32 code (section 6, item 2). Server-log text, kept as the C++ writes it (RULEBOOK 1, Logging row).	sweep: printf-calls.tsv:168 (data row 167). Types: this->format(), other.format(), res.format() and value.format() are ObNumber::format (src/oblib/common/number/ob_number_v2.cpp:2288), a C string in a thread-local buffer, or NULL when that buffer or the formatting fails (src/oblib/common/number/ob_number_v2.cpp:2297-2301). Server log: _OB_LOG (src/oblib/lib/oblog/ob_log_module.h:274) calls _OB_PRINT (ob_log_module.h:277), OB_LOGGER.log_message_fmt (ob_log_module.h:232); nothing else reads the text. Four conversions, four arguments; no %p.	confirmed
src/oblib/common/number/ob_number_v2.cpp	ObNumber::rem_v2_	line 4745: _OB_LOG call; format "[%s] div zero [%s]"; conversions %s %s; 2 arguments: helper.convert(*this), helper.convert(other); argument types: const char * or int | const char * or int; conversion and argument pairs: %s <- const char * or int, %s <- const char * or int; writes the server log	LOG_TEXT	_ob_log!(ret, ERROR, "[%s] div zero [%s]", helper.convert(self), helper.convert(other)): ERROR takes the ret in scope first, which is still Ok(()) here: rem_v2_ sets OB_DIVISION_BY_ZERO only on the next line (s2-errors.md 2.5 rule 1); each helper.convert(..) is an Option<&[u8]> of the object's to_string text, None printing (null) (section 6, item 5). Server-log text, kept as the C++ writes it (RULEBOOK 1, Logging row).	sweep: printf-calls.tsv:169 (data row 168). Types: helper.convert(x) is ObCStringHelper::convert (src/oblib/lib/utility/ob_print_utils.h:305), which returns x's to_string text, or NULL past the helper's 64 MB limit or on a formatting failure (ob_print_utils.h:319-321, :344). The branch is the test other.is_zero() (src/oblib/common/number/ob_number_v2.cpp:4743); ret is set after the call (src/oblib/common/number/ob_number_v2.cpp:4746). Server log: _OB_LOG (src/oblib/lib/oblog/ob_log_module.h:274) calls _OB_PRINT (ob_log_module.h:277), OB_LOGGER.log_message_fmt (ob_log_module.h:232); nothing else reads the text. Two conversions, two arguments; no %p.	confirmed
src/oblib/common/number/ob_number_v2.cpp	ObNumber::rem_v2_	line 4811: _OB_LOG call; format "rem_v2: [%s] %% [%s], ret=%d [%s]"; conversions %s %s %d %s; 4 arguments: this->format(), other.format(), ret, res.format(); argument types: const char * or int | const char * or int | int | const char * or int; conversion and argument pairs: %s <- const char * or int, %s <- const char * or int, %d <- int, %s <- const char * or int; writes the server log	LOG_TEXT	_ob_log!(DEBUG, "rem_v2: [%s] %% [%s], ret=%d [%s]", self.format(), other.format(), <ret's i32 code>, res.format()): DEBUG takes no ret (s2-errors.md 2.5 rule 1); this->format(), other.format() and res.format() are Option<&[u8]>, the number's text or None printing (null) (section 6, item 5); %% prints one %; the ret %d is ret's i32 code (section 6, item 2). Server-log text, kept as the C++ writes it (RULEBOOK 1, Logging row).	sweep: printf-calls.tsv:170 (data row 169). Types: this->format(), other.format(), res.format() and value.format() are ObNumber::format (src/oblib/common/number/ob_number_v2.cpp:2288), a C string in a thread-local buffer, or NULL when that buffer or the formatting fails (src/oblib/common/number/ob_number_v2.cpp:2297-2301). Server log: _OB_LOG (src/oblib/lib/oblog/ob_log_module.h:274) calls _OB_PRINT (ob_log_module.h:277), OB_LOGGER.log_message_fmt (ob_log_module.h:232); nothing else reads the text. Four conversions, four arguments; no %p.	confirmed
src/oblib/common/number/ob_number_v2.cpp	ObNumber::rem_v3	line 4827: _OB_LOG call; format "[%s] div zero [%s]"; conversions %s %s; 2 arguments: helper.convert(*this), helper.convert(other); argument types: const char * or int | const char * or int; conversion and argument pairs: %s <- const char * or int, %s <- const char * or int; writes the server log	LOG_TEXT	_ob_log!(ret, ERROR, "[%s] div zero [%s]", helper.convert(self), helper.convert(other)): ERROR takes the ret in scope first, which is still Ok(()) here: rem_v3 sets OB_DIVISION_BY_ZERO only on the next line (s2-errors.md 2.5 rule 1); each helper.convert(..) is an Option<&[u8]> of the object's to_string text, None printing (null) (section 6, item 5). Server-log text, kept as the C++ writes it (RULEBOOK 1, Logging row).	sweep: printf-calls.tsv:171 (data row 170). Types: helper.convert(x) is ObCStringHelper::convert (src/oblib/lib/utility/ob_print_utils.h:305), which returns x's to_string text, or NULL past the helper's 64 MB limit or on a formatting failure (ob_print_utils.h:319-321, :344). The branch is the test other.is_zero() (src/oblib/common/number/ob_number_v2.cpp:4825); ret is set after the call (src/oblib/common/number/ob_number_v2.cpp:4828). Server log: _OB_LOG (src/oblib/lib/oblog/ob_log_module.h:274) calls _OB_PRINT (ob_log_module.h:277), OB_LOGGER.log_message_fmt (ob_log_module.h:232); nothing else reads the text. Two conversions, two arguments; no %p.	confirmed
src/oblib/common/number/ob_number_v2.cpp	ObNumber::rem_v3	line 4892: _OB_LOG call; format "rem_v3: [%s] %% [%s], ret=%d [%s]"; conversions %s %s %d %s; 4 arguments: this->format(), other.format(), ret, res.format(); argument types: const char * or int | const char * or int | int | const char * or int; conversion and argument pairs: %s <- const char * or int, %s <- const char * or int, %d <- int, %s <- const char * or int; writes the server log	LOG_TEXT	_ob_log!(DEBUG, "rem_v3: [%s] %% [%s], ret=%d [%s]", self.format(), other.format(), <ret's i32 code>, res.format()): DEBUG takes no ret (s2-errors.md 2.5 rule 1); this->format(), other.format() and res.format() are Option<&[u8]>, the number's text or None printing (null) (section 6, item 5); %% prints one %; the ret %d is ret's i32 code (section 6, item 2). Server-log text, kept as the C++ writes it (RULEBOOK 1, Logging row).	sweep: printf-calls.tsv:172 (data row 171). Types: this->format(), other.format(), res.format() and value.format() are ObNumber::format (src/oblib/common/number/ob_number_v2.cpp:2288), a C string in a thread-local buffer, or NULL when that buffer or the formatting fails (src/oblib/common/number/ob_number_v2.cpp:2297-2301). Server log: _OB_LOG (src/oblib/lib/oblog/ob_log_module.h:274) calls _OB_PRINT (ob_log_module.h:277), OB_LOGGER.log_message_fmt (ob_log_module.h:232); nothing else reads the text. Four conversions, four arguments; no %p.	confirmed
src/oblib/common/number/ob_number_v2.cpp	ObNumber::sqrt_first_guess_	line 4937: _OB_LOG call; format "sqrt_first_guess_ [%s], ret=%d [%s]"; conversions %s %d %s; 3 arguments: format(), ret, value.format(); argument types: const char * or int | int | const char * or int; conversion and argument pairs: %s <- const char * or int, %d <- int, %s <- const char * or int; writes the server log	LOG_TEXT	_ob_log!(DEBUG, "sqrt_first_guess_ [%s], ret=%d [%s]", self.format(), <ret's i32 code>, value.format()): DEBUG takes no ret (s2-errors.md 2.5 rule 1); format() and value.format() are Option<&[u8]>, the number's text or None printing (null) (section 6, item 5); the ret %d is ret's i32 code (section 6, item 2). Server-log text, kept as the C++ writes it (RULEBOOK 1, Logging row).	sweep: printf-calls.tsv:173 (data row 172). Types: this->format(), other.format(), res.format() and value.format() are ObNumber::format (src/oblib/common/number/ob_number_v2.cpp:2288), a C string in a thread-local buffer, or NULL when that buffer or the formatting fails (src/oblib/common/number/ob_number_v2.cpp:2297-2301). Server log: _OB_LOG (src/oblib/lib/oblog/ob_log_module.h:274) calls _OB_PRINT (ob_log_module.h:277), OB_LOGGER.log_message_fmt (ob_log_module.h:232); nothing else reads the text. Three conversions, three arguments; no %p.	confirmed
src/oblib/common/number/ob_number_v2.cpp	ObNumber::sqrt	line 5018: _OB_LOG call; format "sqrt [%s], ret=%d [%s], do_rounding=%d"; conversions %s %d %s %d; 4 arguments: format(), ret, value.format(), do_rounding; argument types: const char * or int | int | const char * or int | const bool; conversion and argument pairs: %s <- const char * or int, %d <- int, %s <- const char * or int, %d <- const bool; writes the server log	LOG_TEXT	_ob_log!(DEBUG, "sqrt [%s], ret=%d [%s], do_rounding=%d", self.format(), <ret's i32 code>, value.format(), do_rounding as i32): DEBUG takes no ret (s2-errors.md 2.5 rule 1); format() and value.format() are Option<&[u8]>, the number's text or None printing (null) (section 6, item 5); do_rounding is a bool, which C promotes to int (section 6, item 1); the ret %d is ret's i32 code (section 6, item 2). Server-log text, kept as the C++ writes it (RULEBOOK 1, Logging row).	sweep: printf-calls.tsv:174 (data row 173). Types: this->format(), other.format(), res.format() and value.format() are ObNumber::format (src/oblib/common/number/ob_number_v2.cpp:2288), a C string in a thread-local buffer, or NULL when that buffer or the formatting fails (src/oblib/common/number/ob_number_v2.cpp:2297-2301); do_rounding is a const bool parameter (src/oblib/common/number/ob_number_v2.cpp:4941). Server log: _OB_LOG (src/oblib/lib/oblog/ob_log_module.h:274) calls _OB_PRINT (ob_log_module.h:277), OB_LOGGER.log_message_fmt (ob_log_module.h:232); nothing else reads the text. Four conversions, four arguments; no %p.	confirmed
src/oblib/common/number/ob_number_v2.cpp	ObNumber::ln	line 5165: _OB_LOG call; format "ln [%s], ret=%d [%s], do_rounding=%d"; conversions %s %d %s %d; 4 arguments: format(), ret, value.format(), do_rounding; argument types: const char * or int | int | const char * or int | const bool; conversion and argument pairs: %s <- const char * or int, %d <- int, %s <- const char * or int, %d <- const bool; writes the server log	LOG_TEXT	_ob_log!(DEBUG, "ln [%s], ret=%d [%s], do_rounding=%d", self.format(), <ret's i32 code>, value.format(), do_rounding as i32): DEBUG takes no ret (s2-errors.md 2.5 rule 1); format() and value.format() are Option<&[u8]>, the number's text or None printing (null) (section 6, item 5); do_rounding is a bool, which C promotes to int (section 6, item 1); the ret %d is ret's i32 code (section 6, item 2). Server-log text, kept as the C++ writes it (RULEBOOK 1, Logging row).	sweep: printf-calls.tsv:175 (data row 174). Types: this->format(), other.format(), res.format() and value.format() are ObNumber::format (src/oblib/common/number/ob_number_v2.cpp:2288), a C string in a thread-local buffer, or NULL when that buffer or the formatting fails (src/oblib/common/number/ob_number_v2.cpp:2297-2301); do_rounding is a const bool parameter (src/oblib/common/number/ob_number_v2.cpp:5023). Server log: _OB_LOG (src/oblib/lib/oblog/ob_log_module.h:274) calls _OB_PRINT (ob_log_module.h:277), OB_LOGGER.log_message_fmt (ob_log_module.h:232); nothing else reads the text. Four conversions, four arguments; no %p.	confirmed
src/oblib/common/number/ob_number_v2.cpp	ObNumber::e_power	line 5300: _OB_LOG call; format "e_power [%s], ret=%d [%s]"; conversions %s %d %s; 3 arguments: format(), ret, value.format(); argument types: const char * or int | int | const char * or int; conversion and argument pairs: %s <- const char * or int, %d <- int, %s <- const char * or int; writes the server log	LOG_TEXT	_ob_log!(DEBUG, "e_power [%s], ret=%d [%s]", self.format(), <ret's i32 code>, value.format()): DEBUG takes no ret (s2-errors.md 2.5 rule 1); format() and value.format() are Option<&[u8]>, the number's text or None printing (null) (section 6, item 5); the ret %d is ret's i32 code (section 6, item 2). Server-log text, kept as the C++ writes it (RULEBOOK 1, Logging row).	sweep: printf-calls.tsv:176 (data row 175). Types: this->format(), other.format(), res.format() and value.format() are ObNumber::format (src/oblib/common/number/ob_number_v2.cpp:2288), a C string in a thread-local buffer, or NULL when that buffer or the formatting fails (src/oblib/common/number/ob_number_v2.cpp:2297-2301). Server log: _OB_LOG (src/oblib/lib/oblog/ob_log_module.h:274) calls _OB_PRINT (ob_log_module.h:277), OB_LOGGER.log_message_fmt (ob_log_module.h:232); nothing else reads the text. Three conversions, three arguments; no %p.	confirmed
src/oblib/common/number/ob_number_v2.cpp	ObNumber::power	line 5422: _OB_LOG call; format "power (int exponent) ( [%s], [%ld] ), do_rounding=%d, ret=%d [%s]"; conversions %s %ld %d %d %s; 5 arguments: (ret == OB_SUCCESS ? format() : "error"), exponent, do_rounding, ret, (ret == OB_SUCCESS ? result.format() : "error"); argument types: const char * or int | const int64_t | const bool | int | const char * or int; conversion and argument pairs: %s <- const char * or int, %ld <- const int64_t, %d <- const bool, %d <- int, %s <- const char * or int; writes the server log	LOG_TEXT	_ob_log!(DEBUG, "power (int exponent) ( [%s], [%ld] ), do_rounding=%d, ret=%d [%s]", if ret.is_ok() { self.format() } else { Some(b"error") }, exponent, do_rounding as i32, <ret's i32 code>, if ret.is_ok() { result.format() } else { Some(b"error") }): DEBUG takes no ret (s2-errors.md 2.5 rule 1); each ternary keeps the C++ choice between the number's text, an Option<&[u8]> that is None printing (null) when format fails (section 6, item 5), and the literal "error"; exponent is an i64 for %ld and do_rounding a bool that C promotes to int (section 6, item 1); the ret %d is ret's i32 code (section 6, item 2). Server-log text, kept as the C++ writes it (RULEBOOK 1, Logging row).	sweep: printf-calls.tsv:177 (data row 176). Types: this->format(), other.format(), res.format() and value.format() are ObNumber::format (src/oblib/common/number/ob_number_v2.cpp:2288), a C string in a thread-local buffer, or NULL when that buffer or the formatting fails (src/oblib/common/number/ob_number_v2.cpp:2297-2301); exponent is a const int64_t and do_rounding a const bool parameter (src/oblib/common/number/ob_number_v2.cpp:5305-5306). Server log: _OB_LOG (src/oblib/lib/oblog/ob_log_module.h:274) calls _OB_PRINT (ob_log_module.h:277), OB_LOGGER.log_message_fmt (ob_log_module.h:232); nothing else reads the text. Five conversions, five arguments; no %p.	confirmed
src/oblib/common/number/ob_number_v2.cpp	ObNumber::log	line 5470: _OB_LOG call; format "log ( [%s], [%s] ), do_rounding=%d, ret=%d [%s]"; conversions %s %s %d %d %s; 5 arguments: format(), base.format(), do_rounding, ret, result.format(); argument types: const char * or int | const char * or int | const bool | int | const char * or int; conversion and argument pairs: %s <- const char * or int, %s <- const char * or int, %d <- const bool, %d <- int, %s <- const char * or int; writes the server log	LOG_TEXT	_ob_log!(DEBUG, "log ( [%s], [%s] ), do_rounding=%d, ret=%d [%s]", self.format(), base.format(), do_rounding as i32, <ret's i32 code>, result.format()): DEBUG takes no ret (s2-errors.md 2.5 rule 1); format(), base.format() and result.format() are Option<&[u8]>, the number's text or None printing (null) (section 6, item 5); do_rounding is a bool that C promotes to int (section 6, item 1); the ret %d is ret's i32 code (section 6, item 2). Server-log text, kept as the C++ writes it (RULEBOOK 1, Logging row).	sweep: printf-calls.tsv:178 (data row 177). Types: this->format(), other.format(), res.format() and value.format() are ObNumber::format (src/oblib/common/number/ob_number_v2.cpp:2288), a C string in a thread-local buffer, or NULL when that buffer or the formatting fails (src/oblib/common/number/ob_number_v2.cpp:2297-2301); do_rounding is a const bool parameter (src/oblib/common/number/ob_number_v2.cpp:5429-5430). Server log: _OB_LOG (src/oblib/lib/oblog/ob_log_module.h:274) calls _OB_PRINT (ob_log_module.h:277), OB_LOGGER.log_message_fmt (ob_log_module.h:232); nothing else reads the text. Five conversions, five arguments; no %p.	confirmed
src/oblib/common/number/ob_number_v2.cpp	ObNumber::set_one	line 5620: _OB_LOG_RET call; format "number digit ptr is null where set to one!"; conversions none; 0 arguments; writes the server log	LOG_TEXT	_ob_log_ret!(ERROR, OB_ERROR, "number digit ptr is null where set to one!"): the _RET form passes its code in place of the ret (s2-errors.md 2.5 rule 1); no arguments. Server-log text, kept as the C++ writes it (RULEBOOK 1, Logging row).	sweep: printf-calls.tsv:179 (data row 178). No arguments. The branch is the test OB_ISNULL(digits_) of set_one (src/oblib/common/number/ob_number_v2.cpp:5619), followed by right_to_die_or_duty_to_live (src/oblib/common/number/ob_number_v2.cpp:5621); no rule and no row show that test cannot hold in Rust, so the call is translated (section 7). Server log: _OB_LOG_RET (src/oblib/lib/oblog/ob_log_module.h:776) sets a local ret to the code and calls _OB_LOG (ob_log_module.h:274), whose _OB_PRINT (ob_log_module.h:277) is OB_LOGGER.log_message_fmt (ob_log_module.h:232); nothing else reads the text. No conversions; no %p.	confirmed
src/oblib/common/number/ob_number_v2.h	ObNumber::sanity_check	line 210: _OB_LOG call; format "Invalid digit len %u"; conversions %u; 1 arguments: d_.len_; argument types: uint8_t; conversion and argument pairs: %u <- uint8_t; writes the server log	LOG_TEXT	_ob_log!(ret, WARN, "Invalid digit len %u", self.d_.len_ as u32): WARN takes the ret in scope first, here OB_ERR_UNEXPECTED (s2-errors.md 2.5 rule 1); len_ is a uint8_t that C promotes to int and %u reads as unsigned: as u32 (section 6, item 1). Server-log text, kept as the C++ writes it (RULEBOOK 1, Logging row).	sweep: printf-calls.tsv:180 (data row 179). Types: d_ is a Desc (src/oblib/common/number/ob_number_v2.h:664), an ObNumberDesc (src/oblib/common/number/ob_number_v2.h:142) whose len_ is a uint8_t (src/oblib/lib/ob_define.h:1824). ret is set to OB_ERR_UNEXPECTED on the line before (src/oblib/common/number/ob_number_v2.h:209). Server log: _OB_LOG (src/oblib/lib/oblog/ob_log_module.h:274) calls _OB_PRINT (ob_log_module.h:277), OB_LOGGER.log_message_fmt (ob_log_module.h:232); nothing else reads the text. One conversion, one argument; no %p.	confirmed
src/oblib/common/number/ob_number_v2.h	ObNumber::sanity_check	line 215: _OB_LOG call; format "Invalid value %u"; conversions %u; 1 arguments: digits_[i]; argument types: uint32_t; conversion and argument pairs: %u <- uint32_t; writes the server log	LOG_TEXT	_ob_log!(ret, WARN, "Invalid value %u", self.digits_[i]): WARN takes the ret in scope first, here OB_ERR_UNEXPECTED (s2-errors.md 2.5 rule 1); each digit is a uint32_t, a u32 for %u (section 6, item 1). Server-log text, kept as the C++ writes it (RULEBOOK 1, Logging row).	sweep: printf-calls.tsv:181 (data row 180). Types: digits_ is a uint32_t * (src/oblib/common/number/ob_number_v2.h:666). ret is set to OB_ERR_UNEXPECTED on the line before (src/oblib/common/number/ob_number_v2.h:214). Server log: _OB_LOG (src/oblib/lib/oblog/ob_log_module.h:274) calls _OB_PRINT (ob_log_module.h:277), OB_LOGGER.log_message_fmt (ob_log_module.h:232); nothing else reads the text. One conversion, one argument; no %p.	confirmed
src/oblib/common/number/ob_number_v2.h	ObNumber::from_integer_	line 1843: _OB_LOG call; format "fail to alloc obnumber digit memory, ret=%d digit_mem=%p idx=%u"; conversions %d %p %u; 3 arguments: ret, digit_mem, idx; argument types: int | uint32_t * | uint8_t; conversion and argument pairs: %d <- int, %p <- uint32_t *, %u <- uint8_t; has %p; writes the server log	LOG_TEXT	None: the branch is removed (RULEBOOK 2.2: a branch that handles a general allocation failure goes; section 7).	sweep: printf-calls.tsv:182 (data row 181). The call is in the branch of the null test of digit_mem = allocator.alloc(sizeof(uint32_t) * idx) (src/oblib/common/number/ob_number_v2.h:1841), a general allocation (s3-memory.md 3.7.1). The size is not 0: a value of 0 took the set_zero branch (src/oblib/common/number/ob_number_v2.h:1794), and for any other value the loop over MAX_DIGITS writes at least one digit, since MAX_DIGITS[0] is 1 (src/oblib/common/number/ob_number_v2.h:1791, :1817, :1820). So the branch goes (section 7), and its %p needs no open question 3 marker. Where the bytes would go: Server log: _OB_LOG (src/oblib/lib/oblog/ob_log_module.h:274) calls _OB_PRINT (ob_log_module.h:277), OB_LOGGER.log_message_fmt (ob_log_module.h:232); nothing else reads the text. Three conversions, three arguments.	confirmed
src/oblib/common/number/ob_number_v2.h	knuth_probe_quotient	line 2894: _OB_LOG call; format "%lu mul %s u=%s fail, ret=%d"; conversions %lu %s %s %d; 4 arguments: qq, helper.convert(v), helper.convert(u), ret; argument types: uint64_t & | const char * or int | const char * or int | int; conversion and argument pairs: %lu <- uint64_t &, %s <- const char * or int, %s <- const char * or int, %d <- int; writes the server log	LOG_TEXT	_ob_log!(ret, WARN, "%lu mul %s u=%s fail, ret=%d", *qq, helper.convert(v), helper.convert(u), <ret's i32 code>) in the generic knuth_probe_quotient: WARN takes the ret in scope first, the code poly_mono_mul returned (s2-errors.md 2.5 rule 1); qq is a u64 for %lu; each helper.convert(..) is an Option<&[u8]> of the object's to_string text, None printing (null) (section 6, item 5); the %d is ret's i32 code (section 6, items 1 and 2). Server-log text, kept as the C++ writes it (RULEBOOK 1, Logging row).	sweep: printf-calls.tsv:183 (data row 182). Types: helper.convert(x) is ObCStringHelper::convert (src/oblib/lib/utility/ob_print_utils.h:305), which returns x's to_string text, or NULL past the helper's 64 MB limit or on a formatting failure (ob_print_utils.h:319-321, :344); knuth_probe_quotient is a template over the vector type T (src/oblib/common/number/ob_number_v2.h:2873-2878); each helper.convert(..) prints a T through its to_string, whatever T is; qq is a uint64_t & (src/oblib/common/number/ob_number_v2.h:2878); ret is set by the OB_FAIL test of poly_mono_mul (src/oblib/common/number/ob_number_v2.h:2892). Server log: _OB_LOG (src/oblib/lib/oblog/ob_log_module.h:274) calls _OB_PRINT (ob_log_module.h:277), OB_LOGGER.log_message_fmt (ob_log_module.h:232); nothing else reads the text. Four conversions, four arguments; no %p.	confirmed
src/oblib/common/number/ob_number_v2.h	knuth_probe_quotient	line 2899: _OB_LOG call; format "%s sub %s fail, ret=%d"; conversions %s %s %d; 3 arguments: helper.convert(u.ref(j, j + n)), helper.convert(qq_mul_v), ret; argument types: const char * or int | const char * or int | int; conversion and argument pairs: %s <- const char * or int, %s <- const char * or int, %d <- int; writes the server log	LOG_TEXT	_ob_log!(ret, WARN, "%s sub %s fail, ret=%d", helper.convert(&u.r#ref(j, j + n)), helper.convert(&qq_mul_v), <ret's i32 code>) in the generic knuth_probe_quotient: WARN takes the ret in scope first, the code poly_poly_sub returned (s2-errors.md 2.5 rule 1); each helper.convert(..) is an Option<&[u8]> of the object's to_string text, None printing (null) (section 6, item 5); the %d is ret's i32 code (section 6, item 2). Server-log text, kept as the C++ writes it (RULEBOOK 1, Logging row).	sweep: printf-calls.tsv:184 (data row 183). Types: helper.convert(x) is ObCStringHelper::convert (src/oblib/lib/utility/ob_print_utils.h:305), which returns x's to_string text, or NULL past the helper's 64 MB limit or on a formatting failure (ob_print_utils.h:319-321, :344); knuth_probe_quotient is a template over the vector type T (src/oblib/common/number/ob_number_v2.h:2873-2878); each helper.convert(..) prints a T through its to_string, whatever T is; ret is set by the OB_FAIL test of poly_poly_sub (src/oblib/common/number/ob_number_v2.h:2896). Server log: _OB_LOG (src/oblib/lib/oblog/ob_log_module.h:274) calls _OB_PRINT (ob_log_module.h:277), OB_LOGGER.log_message_fmt (ob_log_module.h:232); nothing else reads the text. Three conversions, three arguments; no %p.	confirmed
src/oblib/common/number/ob_number_v2.h	knuth_probe_quotient	line 2904: _OB_LOG call; format "assign %s to u[%ld,%ld] fail, ret=%d"; conversions %s %ld %ld %d; 4 arguments: helper.convert(u_sub), j, j + n, ret; argument types: const char * or int | const int64_t | int64_t | int; conversion and argument pairs: %s <- const char * or int, %ld <- const int64_t, %ld <- int64_t, %d <- int; writes the server log	LOG_TEXT	_ob_log!(ret, WARN, "assign %s to u[%ld,%ld] fail, ret=%d", helper.convert(&u_sub), j, j + n, <ret's i32 code>) in the generic knuth_probe_quotient: WARN takes the ret in scope first, the code u.assign returned (s2-errors.md 2.5 rule 1); each helper.convert(..) is an Option<&[u8]> of the object's to_string text, None printing (null) (section 6, item 5); j and j + n are i64 for %ld; the %d is ret's i32 code (section 6, items 1 and 2). Server-log text, kept as the C++ writes it (RULEBOOK 1, Logging row).	sweep: printf-calls.tsv:185 (data row 184). Types: helper.convert(x) is ObCStringHelper::convert (src/oblib/lib/utility/ob_print_utils.h:305), which returns x's to_string text, or NULL past the helper's 64 MB limit or on a formatting failure (ob_print_utils.h:319-321, :344); knuth_probe_quotient is a template over the vector type T (src/oblib/common/number/ob_number_v2.h:2873-2878); each helper.convert(..) prints a T through its to_string, whatever T is; j is a const int64_t (src/oblib/common/number/ob_number_v2.h:2875) and n an int64_t (src/oblib/common/number/ob_number_v2.h:2882); ret is set by the OB_FAIL test of u.assign (src/oblib/common/number/ob_number_v2.h:2902). Server log: _OB_LOG (src/oblib/lib/oblog/ob_log_module.h:274) calls _OB_PRINT (ob_log_module.h:277), OB_LOGGER.log_message_fmt (ob_log_module.h:232); nothing else reads the text. Four conversions, four arguments; no %p.	confirmed
src/oblib/common/number/ob_number_v2.h	knuth_probe_quotient	line 2919: _OB_LOG call; format "%s add %s fail, ret=%d"; conversions %s %s %d; 3 arguments: helper.convert(u_sub), helper.convert(v), ret; argument types: const char * or int | const char * or int | int; conversion and argument pairs: %s <- const char * or int, %s <- const char * or int, %d <- int; writes the server log	LOG_TEXT	_ob_log!(ret, WARN, "%s add %s fail, ret=%d", helper.convert(&u_sub), helper.convert(v), <ret's i32 code>) in the generic knuth_probe_quotient: WARN takes the ret in scope first, the code poly_poly_add returned (s2-errors.md 2.5 rule 1); each helper.convert(..) is an Option<&[u8]> of the object's to_string text, None printing (null) (section 6, item 5); the %d is ret's i32 code (section 6, item 2). Server-log text, kept as the C++ writes it (RULEBOOK 1, Logging row).	sweep: printf-calls.tsv:186 (data row 185). Types: helper.convert(x) is ObCStringHelper::convert (src/oblib/lib/utility/ob_print_utils.h:305), which returns x's to_string text, or NULL past the helper's 64 MB limit or on a formatting failure (ob_print_utils.h:319-321, :344); knuth_probe_quotient is a template over the vector type T (src/oblib/common/number/ob_number_v2.h:2873-2878); each helper.convert(..) prints a T through its to_string, whatever T is; ret is set by the OB_FAIL test of poly_poly_add (src/oblib/common/number/ob_number_v2.h:2917). Server log: _OB_LOG (src/oblib/lib/oblog/ob_log_module.h:274) calls _OB_PRINT (ob_log_module.h:277), OB_LOGGER.log_message_fmt (ob_log_module.h:232); nothing else reads the text. Three conversions, three arguments; no %p.	confirmed
src/oblib/common/number/ob_number_v2.h	knuth_probe_quotient	line 2922: _OB_LOG call; format "assign %s to u[%ld,%ld] fail, ret=%d"; conversions %s %ld %ld %d; 4 arguments: helper.convert(u_add.ref(1, n + 1)), j, j + n, ret; argument types: const char * or int | const int64_t | int64_t | int; conversion and argument pairs: %s <- const char * or int, %ld <- const int64_t, %ld <- int64_t, %d <- int; writes the server log	LOG_TEXT	_ob_log!(ret, WARN, "assign %s to u[%ld,%ld] fail, ret=%d", helper.convert(&u_add.r#ref(1, n + 1)), j, j + n, <ret's i32 code>) in the generic knuth_probe_quotient: WARN takes the ret in scope first, the code u.assign returned (s2-errors.md 2.5 rule 1); each helper.convert(..) is an Option<&[u8]> of the object's to_string text, None printing (null) (section 6, item 5); j and j + n are i64 for %ld; the %d is ret's i32 code (section 6, items 1 and 2). Server-log text, kept as the C++ writes it (RULEBOOK 1, Logging row).	sweep: printf-calls.tsv:187 (data row 186). Types: helper.convert(x) is ObCStringHelper::convert (src/oblib/lib/utility/ob_print_utils.h:305), which returns x's to_string text, or NULL past the helper's 64 MB limit or on a formatting failure (ob_print_utils.h:319-321, :344); knuth_probe_quotient is a template over the vector type T (src/oblib/common/number/ob_number_v2.h:2873-2878); each helper.convert(..) prints a T through its to_string, whatever T is; j is a const int64_t (src/oblib/common/number/ob_number_v2.h:2875) and n an int64_t (src/oblib/common/number/ob_number_v2.h:2882); ret is set by the OB_FAIL test of u.assign (src/oblib/common/number/ob_number_v2.h:2920). Server log: _OB_LOG (src/oblib/lib/oblog/ob_log_module.h:274) calls _OB_PRINT (ob_log_module.h:277), OB_LOGGER.log_message_fmt (ob_log_module.h:232); nothing else reads the text. Four conversions, four arguments; no %p.	confirmed
src/oblib/common/number/ob_number_v2.h	ObNumber::is_integer	line 3068: _OB_LOG_RET call; format "not init"; conversions none; 0 arguments; writes the server log	LOG_TEXT	_ob_log_ret!(ERROR, OB_NOT_INIT, "not init"): the _RET form passes its code in place of the ret (s2-errors.md 2.5 rule 1); no arguments. Server-log text, kept as the C++ writes it (RULEBOOK 1, Logging row).	sweep: printf-calls.tsv:188 (data row 187). No arguments. The branch of ObNumber::is_integer (src/oblib/common/number/ob_number_v2.h:3060) is the test OB_ISNULL(digits_) || 0 >= d_.len_ for a number that is not zero (src/oblib/common/number/ob_number_v2.h:3066): a check of the number's digits, not an is_inited_ check (RULEBOOK section 0), and no row shows the null test cannot hold in Rust, so the call is translated (section 7). Server log: _OB_LOG_RET (src/oblib/lib/oblog/ob_log_module.h:776) sets a local ret to the code and calls _OB_LOG (ob_log_module.h:274), whose _OB_PRINT (ob_log_module.h:277) is OB_LOGGER.log_message_fmt (ob_log_module.h:232); nothing else reads the text. No conversions; no %p.	confirmed
src/oblib/common/number/ob_number_v2.h	ObNumber::is_integer	line 3106: _OB_LOG_RET call; format "not init"; conversions none; 0 arguments; writes the server log	LOG_TEXT	_ob_log_ret!(ERROR, OB_NOT_INIT, "not init"): the _RET form passes its code in place of the ret (s2-errors.md 2.5 rule 1); no arguments. Server-log text, kept as the C++ writes it (RULEBOOK 1, Logging row).	sweep: printf-calls.tsv:189 (data row 188). No arguments. The branch of ObNumber::is_integer (src/oblib/common/number/ob_number_v2.h:3099) is the test OB_ISNULL(digits_) || 0 >= d_.len_ for a number that is not zero (src/oblib/common/number/ob_number_v2.h:3104): a check of the number's digits, not an is_inited_ check (RULEBOOK section 0), and no row shows the null test cannot hold in Rust, so the call is translated (section 7). Server log: _OB_LOG_RET (src/oblib/lib/oblog/ob_log_module.h:776) sets a local ret to the code and calls _OB_LOG (ob_log_module.h:274), whose _OB_PRINT (ob_log_module.h:277) is OB_LOGGER.log_message_fmt (ob_log_module.h:232); nothing else reads the text. No conversions; no %p.	confirmed
src/oblib/common/ob_data_version_mgr.cpp	ObDataVersionMgr::dump_data_version_	line 219: databuff_printf call; the printf overload, since only a printf overload takes 6 arguments; format is the const char * constant ObDataVersion::DUMP_BUF_FORMAT: "%s %llu", "%s %lu"; conversions by value: %s %llu; %s %lu; 2 arguments: version_str, data_version; argument types: char [OB_SERVER_VERSION_LENGTH] | const uint64_t	ENGINE_TEXT	databuff_printf_2!(buf, buf_length, pos, ObDataVersion::DUMP_BUF_FORMAT, &version_str[..], data_version): the format is the same Rust expression, the constant with a #[cfg(windows)] arm for the C++'s #ifdef _WIN32 and a #[cfg(not(windows))] arm (section 6, item 9; RULEBOOK 2.3, platform #if row); version_str is the whole char array and data_version a u64, which both %lu and %llu read (section 6, item 1). The engine acts on these bytes (the data version file it reads back and parses at startup): cfmt only (RULEBOOK 1, Number text row).	sweep: printf-calls.tsv:190 (data row 189). Format: DUMP_BUF_FORMAT is "%s %llu" under _WIN32 and "%s %lu" otherwise (src/oblib/common/ob_data_version_mgr.h:64-68), each with two conversions for the two arguments. Types: version_str is a char[OB_SERVER_VERSION_LENGTH] that print_version_str fills (src/oblib/common/ob_data_version_mgr.cpp:214, :216); data_version is a const uint64_t parameter (src/oblib/common/ob_data_version_mgr.cpp:211-212). Buffer: the caller's buf; the one caller, dump_current_version_to_file_, passes dump_buf (src/oblib/common/ob_data_version_mgr.cpp:182, :199) and writes it to the data version file: write_to_file_ (src/oblib/common/ob_data_version_mgr.cpp:204, :286) writes a temporary file (src/oblib/common/ob_data_version_mgr.cpp:326) and renames it to DATA_VERSION_FILE_PATH (src/oblib/common/ob_data_version_mgr.cpp:353), "etc/seekdb.data_version.bin" (src/oblib/common/ob_data_version_mgr.h:91). The engine reads that file back: load_from_file opens it (src/oblib/common/ob_data_version_mgr.cpp:86) and load_data_version_ parses each line with sscanf and LOAD_BUF_FORMAT (src/oblib/common/ob_data_version_mgr.cpp:141, :252; src/oblib/common/ob_data_version_mgr.h:66, :69): engine use 4. No %p.	confirmed
src/oblib/common/ob_data_version_mgr.cpp	ObDataVersionMgr::write_to_file_	line 313: databuff_printf call; format "%s.tmp"; conversions %s; 1 arguments: file_path; argument types: const char *; conversion and argument pairs: %s <- const char *	ENGINE_TEXT	databuff_printf!(tmp_path, MAX_PATH_SIZE, "%s.tmp", file_path): the overload with the format third (section 5, row 1); file_path is the constant DATA_VERSION_FILE_PATH, a byte slice. The engine acts on these bytes (the temporary file it creates and renames): cfmt only (RULEBOOK 1, Number text row).	sweep: printf-calls.tsv:191 (data row 190). Types: file_path is DATA_VERSION_FILE_PATH (src/oblib/common/ob_data_version_mgr.cpp:310), "etc/seekdb.data_version.bin" (src/oblib/common/ob_data_version_mgr.h:91). Buffer: the local tmp_path (src/oblib/common/ob_data_version_mgr.cpp:311). Path: ::open creates it (src/oblib/common/ob_data_version_mgr.cpp:320; the Windows arm, src/oblib/common/ob_data_version_mgr.cpp:317) and ::rename renames it to file_path (src/oblib/common/ob_data_version_mgr.cpp:353): engine use 3. One conversion, one argument; no %p.	confirmed
src/oblib/common/ob_data_version_mgr.cpp	ObDataVersionMgr::write_to_file_	line 314: databuff_printf call; format "%s.history"; conversions %s; 1 arguments: file_path; argument types: const char *; conversion and argument pairs: %s <- const char *	ENGINE_TEXT	databuff_printf!(hist_path, MAX_PATH_SIZE, "%s.history", file_path): the overload with the format third (section 5, row 1); file_path is the constant DATA_VERSION_FILE_PATH, a byte slice. The engine acts on these bytes (the name it renames the old file to): cfmt only (RULEBOOK 1, Number text row).	sweep: printf-calls.tsv:192 (data row 191). Types: file_path is DATA_VERSION_FILE_PATH (src/oblib/common/ob_data_version_mgr.cpp:310), "etc/seekdb.data_version.bin" (src/oblib/common/ob_data_version_mgr.h:91). Buffer: the local hist_path (src/oblib/common/ob_data_version_mgr.cpp:312). Path: ::rename moves file_path to it (src/oblib/common/ob_data_version_mgr.cpp:348): engine use 3. One conversion, one argument; no %p.	confirmed
src/oblib/common/ob_field.cpp	ObParamedSelectItemCtx::to_string	line 49: databuff_printf call; format " ParamedCtx: { paramed_cname: %.*s, esc_str_flag_: %d, need_check_dup_name: %d, " "is_column_field_: %d}"; conversions %.*s %d %d %d; 5 arguments: paramed_cname_.length(), paramed_cname_.ptr(), esc_str_flag_, need_check_dup_name_, is_column_field_; argument types: int32_t | char * or const char * | bool | bool | bool; conversion and argument pairs: %.*s width or precision <- int32_t, %.*s <- char * or const char *, %d <- bool, %d <- bool, %d <- bool; inside to_string	LOG_TEXT	databuff_printf_2!(buffer, length, pos, " ParamedCtx: { paramed_cname: %.*s, esc_str_flag_: %d, need_check_dup_name: %d, is_column_field_: %d}", &self.paramed_cname_[..], self.esc_str_flag_ as i32, self.need_check_dup_name_ as i32, self.is_column_field_ as i32) in ObParamedSelectItemCtx::to_string: the two adjacent literals joined; the precision paramed_cname_.length() and its ptr() are one byte slice, the whole ObString; the three bools are promoted to int (section 6, item 1). Server-log text, kept as the C++ writes it (RULEBOOK 1, Logging row).	sweep: printf-calls.tsv:193 (data row 192). Types: paramed_cname_ is an ObString and esc_str_flag_, need_check_dup_name_ and is_column_field_ are bool (src/oblib/common/ob_field.h:39, :46-48). Buffer: to_string's buffer and length with its local pos (src/oblib/common/ob_field.cpp:46-48). Uses: no code calls an ObField's or an ObParamedSelectItemCtx's to_string outside ObField itself (`grep -rnE '(field|fields|field_info)[A-Za-z_]*(\.|->)to_string\(|paramed_ctx_?(\.|->)to_string' src` finds only src/oblib/common/ob_field.cpp:187), and no ObField is converted with ObCStringHelper or to_cstring (`grep -rnE '(convert|to_cstring)\(\*?[a-z_.>-]*(field|fields)[a-z_]*(\.at\([^)]*\))?\)' src` finds one ObString field name, src/sql/resolver/cmd/ob_load_data_resolver.cpp:820). The one to_string that prints ObFields as a key is ObOutputPackInfo's (src/sql/engine/expr/ob_expr_output_pack.h:106), and it has no use in turn. Nothing prints an ObOutputPackInfo as its own type: `grep -rn 'ObOutputPackInfo' src` finds its declaration, its code-generation, deep-copy and factory lines, and locals and parameters in src/sql/engine/expr/ob_expr_output_pack.cpp, and `grep -nE '\b(output_pack_info|extra_info|copied_info)\b' src/sql/engine/expr/ob_expr_output_pack.cpp | grep -E 'K_?\(|KP|KPC|convert|to_string|to_cstring|BUF_PRINTO|databuff_print'` prints nothing. ObExpr holds it only as ObIExprExtraInfo *extra_info_ (src/query/api/query/engine/expr/ob_expr.h:712), which ObExpr's TO_STRING_KV does not print (src/query/api/query/engine/expr/ob_expr.h:581-603) and whose own TO_STRING_KV prints only type_ (src/query/api/query/engine/expr/ob_i_expr_extra_info.h:47) and is not virtual (DECLARE_TO_STRING, src/oblib/lib/utility/ob_print_utils.h:973), so a print through the base never reaches ObOutputPackInfo's. The other holders of ObField arrays print none of them (src/sql/ob_result_set.h:391-392, src/sql/engine/ob_physical_plan.h:410-411, src/sql/plan_cache/ob_prepare_stmt_struct.h:138-139, src/sql/pl/ob_pl_server_cursor.h:65, src/sql/ob_spi.h:126). So the text reaches only log keys (a to_string whose uses are log keys, section 4). Four conversions read five arguments and the call passes five; no %p.	confirmed
src/oblib/common/ob_field.cpp	ObField::to_string	line 167: databuff_printf call; format "dname:%.*s, tname: %.*s, org_tname: %.*s, " "cname: %.*s, org_cname: %.*s, type: "; conversions %.*s %.*s %.*s %.*s %.*s; 10 arguments: dname_.length(), dname_.ptr(), tname_.length(), tname_.ptr(), org_tname_.length(), org_tname_.ptr(), cname_.length(), cname_.ptr(), org_cname_.length(), org_cname_.ptr(); argument types: int32_t | char * or const char * | int32_t | char * or const char * | int32_t | char * or const char * | int32_t | char * or const char * | int32_t | char * or const char *; conversion and argument pairs: %.*s width or precision <- int32_t, %.*s <- char * or const char *, %.*s width or precision <- int32_t, %.*s <- char * or const char *, %.*s width or precision <- int32_t, %.*s <- char * or const char *, %.*s width or precision <- int32_t, %.*s <- char * or const char *, %.*s width or precision <- int32_t, %.*s <- char * or const char *; inside to_string	LOG_TEXT	databuff_printf_2!(buffer, len, pos, "dname:%.*s, tname: %.*s, org_tname: %.*s, cname: %.*s, org_cname: %.*s, type: ", &self.dname_[..], &self.tname_[..], &self.org_tname_[..], &self.cname_[..], &self.org_cname_[..]) in ObField::to_string: the two adjacent literals joined; each length and ptr() pair is one byte slice, the whole ObString (s2-errors.md 2.9, the %.*s row of its table). Server-log text, kept as the C++ writes it (RULEBOOK 1, Logging row).	sweep: printf-calls.tsv:194 (data row 193). Types: dname_, tname_, org_tname_, cname_ and org_cname_ are ObString members (src/oblib/common/ob_field.h:76-80); length() is an int32_t and ptr() a char * (src/oblib/lib/string/ob_string.h:285, :44). Buffer: to_string's buffer and len with its local pos (src/oblib/common/ob_field.cpp:164-166). Uses: no code calls an ObField's or an ObParamedSelectItemCtx's to_string outside ObField itself (`grep -rnE '(field|fields|field_info)[A-Za-z_]*(\.|->)to_string\(|paramed_ctx_?(\.|->)to_string' src` finds only src/oblib/common/ob_field.cpp:187), and no ObField is converted with ObCStringHelper or to_cstring (`grep -rnE '(convert|to_cstring)\(\*?[a-z_.>-]*(field|fields)[a-z_]*(\.at\([^)]*\))?\)' src` finds one ObString field name, src/sql/resolver/cmd/ob_load_data_resolver.cpp:820). The one to_string that prints ObFields as a key is ObOutputPackInfo's (src/sql/engine/expr/ob_expr_output_pack.h:106), and it has no use in turn. Nothing prints an ObOutputPackInfo as its own type: `grep -rn 'ObOutputPackInfo' src` finds its declaration, its code-generation, deep-copy and factory lines, and locals and parameters in src/sql/engine/expr/ob_expr_output_pack.cpp, and `grep -nE '\b(output_pack_info|extra_info|copied_info)\b' src/sql/engine/expr/ob_expr_output_pack.cpp | grep -E 'K_?\(|KP|KPC|convert|to_string|to_cstring|BUF_PRINTO|databuff_print'` prints nothing. ObExpr holds it only as ObIExprExtraInfo *extra_info_ (src/query/api/query/engine/expr/ob_expr.h:712), which ObExpr's TO_STRING_KV does not print (src/query/api/query/engine/expr/ob_expr.h:581-603) and whose own TO_STRING_KV prints only type_ (src/query/api/query/engine/expr/ob_i_expr_extra_info.h:47) and is not virtual (DECLARE_TO_STRING, src/oblib/lib/utility/ob_print_utils.h:973), so a print through the base never reaches ObOutputPackInfo's. The other holders of ObField arrays print none of them (src/sql/ob_result_set.h:391-392, src/sql/engine/ob_physical_plan.h:410-411, src/sql/plan_cache/ob_prepare_stmt_struct.h:138-139, src/sql/pl/ob_pl_server_cursor.h:65, src/sql/ob_spi.h:126). So the text reaches only log keys (a to_string whose uses are log keys, section 4). Five %.*s read ten arguments and the call passes ten; no %p.	confirmed
src/oblib/common/ob_field.cpp	ObField::to_string	line 176: databuff_printf call; format ", type_owner: %.*s, type_name: %.*s," "charset: %hu, " "decimal_scale: %hu, flags: %x, inout_mode_: %x, " "is_paramed_select_item: %d"; conversions %.*s %.*s %hu %hu %x %x %d; 9 arguments: type_owner_.length(), type_owner_.ptr(), type_name_.length(), type_name_.ptr(), charsetnr_, accuracy_.get_scale(), flags_, inout_mode_, is_paramed_select_item_; argument types: int32_t | char * or const char * | int32_t | char * or const char * | uint16_t | int16_t | uint16_t | uint8_t | bool; conversion and argument pairs: %.*s width or precision <- int32_t, %.*s <- char * or const char *, %.*s width or precision <- int32_t, %.*s <- char * or const char *, %hu <- uint16_t, %hu <- int16_t, %x <- uint16_t, %x <- uint8_t, %d <- bool; inside to_string	LOG_TEXT	databuff_printf_2!(buffer, len, pos, ", type_owner: %.*s, type_name: %.*s,charset: %hu, decimal_scale: %hu, flags: %x, inout_mode_: %x, is_paramed_select_item: %d", &self.type_owner_[..], &self.type_name_[..], self.charsetnr_ as u32, self.accuracy_.get_scale() as u32, self.flags_ as u32, self.inout_mode_ as u32, self.is_paramed_select_item_ as i32) in ObField::to_string: the four adjacent literals joined; each ObString is one byte slice; the uint16_t, int16_t and uint8_t values reach C as int and %hu and %x read them as unsigned, so each is passed as u32, and the int16_t scale is sign-extended first as C promotes it (section 6, item 1); the bool is promoted to int. Server-log text, kept as the C++ writes it (RULEBOOK 1, Logging row).	sweep: printf-calls.tsv:195 (data row 194). Types: type_owner_ and type_name_ are ObString members (src/oblib/common/ob_field.h:82-83); charsetnr_ and flags_ are uint16_t (src/oblib/common/ob_field.h:86-87); accuracy_ is an ObAccuracy (src/oblib/common/ob_field.h:85) whose get_scale returns an ObScale (src/oblib/common/ob_accuracy.h:104), an int16_t (ob_accuracy.h:31); inout_mode_ is a uint8_t and is_paramed_select_item_ a bool (src/oblib/common/ob_field.h:90-91). Buffer: to_string's buffer and len with its local pos (src/oblib/common/ob_field.cpp:164-166). Uses: no code calls an ObField's or an ObParamedSelectItemCtx's to_string outside ObField itself (`grep -rnE '(field|fields|field_info)[A-Za-z_]*(\.|->)to_string\(|paramed_ctx_?(\.|->)to_string' src` finds only src/oblib/common/ob_field.cpp:187), and no ObField is converted with ObCStringHelper or to_cstring (`grep -rnE '(convert|to_cstring)\(\*?[a-z_.>-]*(field|fields)[a-z_]*(\.at\([^)]*\))?\)' src` finds one ObString field name, src/sql/resolver/cmd/ob_load_data_resolver.cpp:820). The one to_string that prints ObFields as a key is ObOutputPackInfo's (src/sql/engine/expr/ob_expr_output_pack.h:106), and it has no use in turn. Nothing prints an ObOutputPackInfo as its own type: `grep -rn 'ObOutputPackInfo' src` finds its declaration, its code-generation, deep-copy and factory lines, and locals and parameters in src/sql/engine/expr/ob_expr_output_pack.cpp, and `grep -nE '\b(output_pack_info|extra_info|copied_info)\b' src/sql/engine/expr/ob_expr_output_pack.cpp | grep -E 'K_?\(|KP|KPC|convert|to_string|to_cstring|BUF_PRINTO|databuff_print'` prints nothing. ObExpr holds it only as ObIExprExtraInfo *extra_info_ (src/query/api/query/engine/expr/ob_expr.h:712), which ObExpr's TO_STRING_KV does not print (src/query/api/query/engine/expr/ob_expr.h:581-603) and whose own TO_STRING_KV prints only type_ (src/query/api/query/engine/expr/ob_i_expr_extra_info.h:47) and is not virtual (DECLARE_TO_STRING, src/oblib/lib/utility/ob_print_utils.h:973), so a print through the base never reaches ObOutputPackInfo's. The other holders of ObField arrays print none of them (src/sql/ob_result_set.h:391-392, src/sql/engine/ob_physical_plan.h:410-411, src/sql/plan_cache/ob_prepare_stmt_struct.h:138-139, src/sql/pl/ob_pl_server_cursor.h:65, src/sql/ob_spi.h:126). So the text reaches only log keys (a to_string whose uses are log keys, section 4). Seven conversions read nine arguments and the call passes nine; no %p.	confirmed
src/oblib/common/ob_range.cpp	ObNewRange::to_plain_string	line 40: databuff_printf call; format "["; conversions none; 0 arguments	CLIENT_TEXT	databuff_printf_2!(buffer, length, pos, "[") in ObNewRange::to_plain_string, when the start is inclusive (src/oblib/common/ob_range.cpp:39); no arguments. The text reaches the client (the range of a table scan in EXPLAIN): cfmt only, never format! or write! (RULEBOOK 2.3, printf row; RULEBOOK 1, Number text row); ObNewRange::to_plain_string stays a function of its name whose text equals the C++'s (RULEBOOK 2.3, TO_STRING_KV row; RULEBOOK section 6 item 9).	sweep: printf-calls.tsv:196 (data row 195). No arguments. Buffer: to_plain_string's buffer and length with its local pos (src/oblib/common/ob_range.cpp:34-36). Path: ObLogTableScan::print_ranges prints each range with to_plain_string into its caller's plan buffer (src/sql/optimizer/ob_log_table_scan.cpp:1825), called by print_range_annotation (ob_log_table_scan.cpp:1895), which get_plan_item_info calls (ob_log_table_scan.cpp:1474); each operator's get_plan_item_info is called at src/sql/monitor/ob_sql_plan.cpp:583, and the formatted lines become EXPLAIN rows at src/sql/optimizer/ob_explain_log_plan.cpp:87: client output 2, plan text. One client path decides. No conversions; no %p.	confirmed
src/oblib/common/ob_range.cpp	ObNewRange::to_plain_string	line 42: databuff_printf call; format "("; conversions none; 0 arguments	CLIENT_TEXT	databuff_printf_2!(buffer, length, pos, "(") in ObNewRange::to_plain_string, when the start is exclusive (src/oblib/common/ob_range.cpp:39, :41); no arguments. The text reaches the client (the range of a table scan in EXPLAIN): cfmt only, never format! or write! (RULEBOOK 2.3, printf row; RULEBOOK 1, Number text row); ObNewRange::to_plain_string stays a function of its name whose text equals the C++'s (RULEBOOK 2.3, TO_STRING_KV row; RULEBOOK section 6 item 9).	sweep: printf-calls.tsv:197 (data row 196). No arguments. Buffer: to_plain_string's buffer and length with its local pos (src/oblib/common/ob_range.cpp:34-36). Path: ObLogTableScan::print_ranges prints each range with to_plain_string into its caller's plan buffer (src/sql/optimizer/ob_log_table_scan.cpp:1825), called by print_range_annotation (ob_log_table_scan.cpp:1895), which get_plan_item_info calls (ob_log_table_scan.cpp:1474); each operator's get_plan_item_info is called at src/sql/monitor/ob_sql_plan.cpp:583, and the formatted lines become EXPLAIN rows at src/sql/optimizer/ob_explain_log_plan.cpp:87: client output 2, plan text. One client path decides. No conversions; no %p.	confirmed
src/oblib/common/ob_range.cpp	ObNewRange::to_plain_string	line 45: databuff_printf call; format " ; "; conversions none; 0 arguments	CLIENT_TEXT	databuff_printf_2!(buffer, length, pos, " ; ") in ObNewRange::to_plain_string, between the two keys; no arguments. The text reaches the client (the range of a table scan in EXPLAIN): cfmt only, never format! or write! (RULEBOOK 2.3, printf row; RULEBOOK 1, Number text row); ObNewRange::to_plain_string stays a function of its name whose text equals the C++'s (RULEBOOK 2.3, TO_STRING_KV row; RULEBOOK section 6 item 9).	sweep: printf-calls.tsv:198 (data row 197). No arguments. Buffer: to_plain_string's buffer and length with its local pos (src/oblib/common/ob_range.cpp:34-36). Path: ObLogTableScan::print_ranges prints each range with to_plain_string into its caller's plan buffer (src/sql/optimizer/ob_log_table_scan.cpp:1825), called by print_range_annotation (ob_log_table_scan.cpp:1895), which get_plan_item_info calls (ob_log_table_scan.cpp:1474); each operator's get_plan_item_info is called at src/sql/monitor/ob_sql_plan.cpp:583, and the formatted lines become EXPLAIN rows at src/sql/optimizer/ob_explain_log_plan.cpp:87: client output 2, plan text. One client path decides. No conversions; no %p.	confirmed
src/oblib/common/ob_range.cpp	ObNewRange::to_plain_string	line 48: databuff_printf call; format "]"; conversions none; 0 arguments	CLIENT_TEXT	databuff_printf_2!(buffer, length, pos, "]") in ObNewRange::to_plain_string, when the end is inclusive (src/oblib/common/ob_range.cpp:47); no arguments. The text reaches the client (the range of a table scan in EXPLAIN): cfmt only, never format! or write! (RULEBOOK 2.3, printf row; RULEBOOK 1, Number text row); ObNewRange::to_plain_string stays a function of its name whose text equals the C++'s (RULEBOOK 2.3, TO_STRING_KV row; RULEBOOK section 6 item 9).	sweep: printf-calls.tsv:199 (data row 198). No arguments. Buffer: to_plain_string's buffer and length with its local pos (src/oblib/common/ob_range.cpp:34-36). Path: ObLogTableScan::print_ranges prints each range with to_plain_string into its caller's plan buffer (src/sql/optimizer/ob_log_table_scan.cpp:1825), called by print_range_annotation (ob_log_table_scan.cpp:1895), which get_plan_item_info calls (ob_log_table_scan.cpp:1474); each operator's get_plan_item_info is called at src/sql/monitor/ob_sql_plan.cpp:583, and the formatted lines become EXPLAIN rows at src/sql/optimizer/ob_explain_log_plan.cpp:87: client output 2, plan text. One client path decides. No conversions; no %p.	confirmed
src/oblib/common/ob_range.cpp	ObNewRange::to_plain_string	line 50: databuff_printf call; format ")"; conversions none; 0 arguments	CLIENT_TEXT	databuff_printf_2!(buffer, length, pos, ")") in ObNewRange::to_plain_string, when the end is exclusive (src/oblib/common/ob_range.cpp:47, :49); no arguments. The text reaches the client (the range of a table scan in EXPLAIN): cfmt only, never format! or write! (RULEBOOK 2.3, printf row; RULEBOOK 1, Number text row); ObNewRange::to_plain_string stays a function of its name whose text equals the C++'s (RULEBOOK 2.3, TO_STRING_KV row; RULEBOOK section 6 item 9).	sweep: printf-calls.tsv:200 (data row 199). No arguments. Buffer: to_plain_string's buffer and length with its local pos (src/oblib/common/ob_range.cpp:34-36). Path: ObLogTableScan::print_ranges prints each range with to_plain_string into its caller's plan buffer (src/sql/optimizer/ob_log_table_scan.cpp:1825), called by print_range_annotation (ob_log_table_scan.cpp:1895), which get_plan_item_info calls (ob_log_table_scan.cpp:1474); each operator's get_plan_item_info is called at src/sql/monitor/ob_sql_plan.cpp:583, and the formatted lines become EXPLAIN rows at src/sql/optimizer/ob_explain_log_plan.cpp:87: client output 2, plan text. One client path decides. No conversions; no %p.	confirmed
src/oblib/common/ob_range.cpp	ObNewRange::to_plain_string	line 53: databuff_printf call; format "always true"; conversions none; 0 arguments	CLIENT_TEXT	databuff_printf_2!(buffer, length, pos, "always true") in ObNewRange::to_plain_string, for the whole range (src/oblib/common/ob_range.cpp:52); no arguments. The text reaches the client (the range of a table scan in EXPLAIN): cfmt only, never format! or write! (RULEBOOK 2.3, printf row; RULEBOOK 1, Number text row); ObNewRange::to_plain_string stays a function of its name whose text equals the C++'s (RULEBOOK 2.3, TO_STRING_KV row; RULEBOOK section 6 item 9).	sweep: printf-calls.tsv:201 (data row 200). No arguments. Buffer: to_plain_string's buffer and length with its local pos (src/oblib/common/ob_range.cpp:34-36). Path: ObLogTableScan::print_ranges prints each range with to_plain_string into its caller's plan buffer (src/sql/optimizer/ob_log_table_scan.cpp:1825), called by print_range_annotation (ob_log_table_scan.cpp:1895), which get_plan_item_info calls (ob_log_table_scan.cpp:1474); each operator's get_plan_item_info is called at src/sql/monitor/ob_sql_plan.cpp:583, and the formatted lines become EXPLAIN rows at src/sql/optimizer/ob_explain_log_plan.cpp:87: client output 2, plan text. One client path decides. No conversions; no %p.	confirmed
src/oblib/common/ob_range.cpp	ObNewRange::to_plain_string	line 55: databuff_printf call; format "always false"; conversions none; 0 arguments	CLIENT_TEXT	databuff_printf_2!(buffer, length, pos, "always false") in ObNewRange::to_plain_string, for an empty range (src/oblib/common/ob_range.cpp:54); no arguments. The text reaches the client (the range of a table scan in EXPLAIN): cfmt only, never format! or write! (RULEBOOK 2.3, printf row; RULEBOOK 1, Number text row); ObNewRange::to_plain_string stays a function of its name whose text equals the C++'s (RULEBOOK 2.3, TO_STRING_KV row; RULEBOOK section 6 item 9).	sweep: printf-calls.tsv:202 (data row 201). No arguments. Buffer: to_plain_string's buffer and length with its local pos (src/oblib/common/ob_range.cpp:34-36). Path: ObLogTableScan::print_ranges prints each range with to_plain_string into its caller's plan buffer (src/sql/optimizer/ob_log_table_scan.cpp:1825), called by print_range_annotation (ob_log_table_scan.cpp:1895), which get_plan_item_info calls (ob_log_table_scan.cpp:1474); each operator's get_plan_item_info is called at src/sql/monitor/ob_sql_plan.cpp:583, and the formatted lines become EXPLAIN rows at src/sql/optimizer/ob_explain_log_plan.cpp:87: client output 2, plan text. One client path decides. No conversions; no %p.	confirmed
src/oblib/common/ob_range.cpp	ObNewRange::to_simple_string	line 67: databuff_printf call; format "table_id:%ld,"; conversions %ld; 1 arguments: table_id_; argument types: uint64_t; conversion and argument pairs: %ld <- uint64_t	LOG_TEXT	databuff_printf_2!(buffer, length, pos, "table_id:%ld,", self.table_id_ as i64) in ObNewRange::to_simple_string, when table_id_ is not OB_INVALID_ID (src/oblib/common/ob_range.cpp:66): table_id_ is a uint64_t read by %ld, so it is passed as i64, the same bits (section 6, item 1). Server-log text, kept as the C++ writes it (RULEBOOK 1, Logging row).	sweep: printf-calls.tsv:203 (data row 202). Types: table_id_ is a uint64_t (src/oblib/common/ob_range.h:332). Buffer: to_simple_string's buffer and length with its local pos (src/oblib/common/ob_range.cpp:61-63). Uses: to_simple_string's one caller is ObNewRange::to_string (src/oblib/common/ob_range.cpp:96; `grep -rn 'to_simple_string(' src` finds besides it only the declaration and definition). ObNewRange::to_string is called explicitly by ObSimpleBatch::to_string (src/share/ob_simple_batch.h:67, and :70 through the SQLScanRangeArray whose to_string prints each range), whose own uses are log keys (src/storage/access/ob_table_scan_range.cpp:114, :120, :126) and the batch_ key named below, and by to_yson (src/oblib/common/ob_range.h:597-601), which only a yson trace element would call, and no trace event records a range (`grep -rn 'OB_ID(range)' src` prints nothing). A search for other explicit uses (`grep -rnE '(convert|to_cstring)\(\*?[A-Za-z_.>()-]*range[A-Za-z_]*(\.at\([^)]*\))?\)' src`) prints nothing; the virtual tables print ranges' keys, not their text, and EXPLAIN and the optimizer trace print ranges with to_plain_string, a separate function (src/sql/ob_optimizer_trace_impl.cpp:788). Key holders, from the members that hold ranges (`grep -rnE '(ObNewRange|SQLScanRange|SQLScanRangeArray|ObRangeArray|ObQueryRangeArray|ObRangesArray)\b[^;()]*\b[A-Za-z0-9_]+_\s*(;|\[|=[^=])' src`, which also prints ObSimpleBatch's union members, src/share/ob_simple_batch.h:44-45): the to_strings of ObSimpleBatch, of ObVTableScanParam and ObTableScanParam (N_KEY_RANGES, key_ranges_: src/data_plane/ob_tablet_scan.cpp:38; src/storage/access/ob_dml_param.cpp:282), ObDASScanRtDef (src/sql/das/ob_das_scan_op.h:192), ObDASScanOp (src/sql/das/ob_das_scan_op.h:306), ObFastFinalNLJRangeCtx (src/sql/rewrite/ob_range_generator.h:46), ObGranuleTaskInfo (src/sql/engine/px/ob_granule_task_info.h:40), ObGITaskInfo (src/sql/engine/px/ob_granule_pump.h:158), ObPartitionScanRanges (src/sql/engine/table/ob_table_partition_ranges.h:48) and ObCreateVirtualTableParams (src/sql/engine/table/ob_i_virtual_table_iterator_factory.h:42) print ranges as keys; the other members are printed only as log keys (src/share/ob_simple_batch.cpp:43; src/sql/engine/px/p2p_datahub/ob_runtime_filter_msg.cpp:1499, :1589, :1623) or not at all. Those holders are keys in turn of ObEstPartArgElement (batch_, src/share/ob_rpc_struct.h:3297), ObEstPartArg (src/share/ob_rpc_struct.h:3327), ObBatchEstTasks (src/sql/optimizer/ob_access_path_estimation.h:58), ObDASScanOp (src/sql/das/ob_das_scan_op.h:305), ObLocalIndexLookupOp (src/sql/das/ob_das_scan_op.h:393), ObTableScanRtDef (src/sql/engine/table/ob_table_scan_op.h:231-232), ObForeignKeyChecker (src/sql/engine/dml/ob_fk_checker.h:48), ObDASDomainIdMergeIterParam and ObDASDomainIdMergeIter (src/sql/das/iter/ob_das_domain_id_merge_iter.h:52, :99), ObDASFuncDataIter (src/sql/das/iter/ob_das_func_data_iter.h:103), ObLobMetaBaseIterator (src/storage/lob/ob_lob_persistent_iterator.h:71), ObFTDocWordScanIterator (src/storage/fts/ob_fts_doc_word_iterator.h:48), ObBlockStatScanParam (src/storage/retrieval/ob_block_stat_iter.h:53), ObGITaskSet (src/sql/engine/px/ob_granule_pump.h:177) and GITaskArrayItem (src/sql/engine/px/ob_granule_pump.h:210), and they reach the virtual to_strings of ObIDASTaskOp, ObDASBaseRtDef, ObDASIter and ObDASIterParam through their subclasses. None of these types, the typedefs over them or those bases is the argument of convert, to_cstring, BUF_PRINTO, databuff_print_obj, an object-form databuff_printf, a databuff_print_kv or databuff_print_json_kv call or an explicit to_string call outside these to_strings (each such call in src checked against the declared type of its argument); the optimizer trace prints an ObBatchEstTasks field by field, its range through to_plain_string (src/sql/ob_optimizer_trace_impl.cpp:824, :788); and no trace event or trace tag records one (the trace-event values are integers, ids, SCNs and names, and the only trace tags are lbt() and integers: src/oblib/lib/trace/ob_trace.h:384, :394; src/sql/engine/px/ob_dfo_scheduler.cpp:77-81). So the text reaches only log keys (a to_string whose uses are log keys, section 4). One conversion, one argument; no %p.	confirmed
src/oblib/common/ob_range.cpp	ObNewRange::to_simple_string	line 69: databuff_printf call; format "table_id:null,"; conversions none; 0 arguments	LOG_TEXT	databuff_printf_2!(buffer, length, pos, "table_id:null,") in ObNewRange::to_simple_string, when table_id_ is OB_INVALID_ID (src/oblib/common/ob_range.cpp:66); no arguments. Server-log text, kept as the C++ writes it (RULEBOOK 1, Logging row).	sweep: printf-calls.tsv:204 (data row 203). No arguments. Buffer: to_simple_string's buffer and length with its local pos (src/oblib/common/ob_range.cpp:61-63). Uses: to_simple_string's one caller is ObNewRange::to_string (src/oblib/common/ob_range.cpp:96; `grep -rn 'to_simple_string(' src` finds besides it only the declaration and definition). ObNewRange::to_string is called explicitly by ObSimpleBatch::to_string (src/share/ob_simple_batch.h:67, and :70 through the SQLScanRangeArray whose to_string prints each range), whose own uses are log keys (src/storage/access/ob_table_scan_range.cpp:114, :120, :126) and the batch_ key named below, and by to_yson (src/oblib/common/ob_range.h:597-601), which only a yson trace element would call, and no trace event records a range (`grep -rn 'OB_ID(range)' src` prints nothing). A search for other explicit uses (`grep -rnE '(convert|to_cstring)\(\*?[A-Za-z_.>()-]*range[A-Za-z_]*(\.at\([^)]*\))?\)' src`) prints nothing; the virtual tables print ranges' keys, not their text, and EXPLAIN and the optimizer trace print ranges with to_plain_string, a separate function (src/sql/ob_optimizer_trace_impl.cpp:788). Key holders, from the members that hold ranges (`grep -rnE '(ObNewRange|SQLScanRange|SQLScanRangeArray|ObRangeArray|ObQueryRangeArray|ObRangesArray)\b[^;()]*\b[A-Za-z0-9_]+_\s*(;|\[|=[^=])' src`, which also prints ObSimpleBatch's union members, src/share/ob_simple_batch.h:44-45): the to_strings of ObSimpleBatch, of ObVTableScanParam and ObTableScanParam (N_KEY_RANGES, key_ranges_: src/data_plane/ob_tablet_scan.cpp:38; src/storage/access/ob_dml_param.cpp:282), ObDASScanRtDef (src/sql/das/ob_das_scan_op.h:192), ObDASScanOp (src/sql/das/ob_das_scan_op.h:306), ObFastFinalNLJRangeCtx (src/sql/rewrite/ob_range_generator.h:46), ObGranuleTaskInfo (src/sql/engine/px/ob_granule_task_info.h:40), ObGITaskInfo (src/sql/engine/px/ob_granule_pump.h:158), ObPartitionScanRanges (src/sql/engine/table/ob_table_partition_ranges.h:48) and ObCreateVirtualTableParams (src/sql/engine/table/ob_i_virtual_table_iterator_factory.h:42) print ranges as keys; the other members are printed only as log keys (src/share/ob_simple_batch.cpp:43; src/sql/engine/px/p2p_datahub/ob_runtime_filter_msg.cpp:1499, :1589, :1623) or not at all. Those holders are keys in turn of ObEstPartArgElement (batch_, src/share/ob_rpc_struct.h:3297), ObEstPartArg (src/share/ob_rpc_struct.h:3327), ObBatchEstTasks (src/sql/optimizer/ob_access_path_estimation.h:58), ObDASScanOp (src/sql/das/ob_das_scan_op.h:305), ObLocalIndexLookupOp (src/sql/das/ob_das_scan_op.h:393), ObTableScanRtDef (src/sql/engine/table/ob_table_scan_op.h:231-232), ObForeignKeyChecker (src/sql/engine/dml/ob_fk_checker.h:48), ObDASDomainIdMergeIterParam and ObDASDomainIdMergeIter (src/sql/das/iter/ob_das_domain_id_merge_iter.h:52, :99), ObDASFuncDataIter (src/sql/das/iter/ob_das_func_data_iter.h:103), ObLobMetaBaseIterator (src/storage/lob/ob_lob_persistent_iterator.h:71), ObFTDocWordScanIterator (src/storage/fts/ob_fts_doc_word_iterator.h:48), ObBlockStatScanParam (src/storage/retrieval/ob_block_stat_iter.h:53), ObGITaskSet (src/sql/engine/px/ob_granule_pump.h:177) and GITaskArrayItem (src/sql/engine/px/ob_granule_pump.h:210), and they reach the virtual to_strings of ObIDASTaskOp, ObDASBaseRtDef, ObDASIter and ObDASIterParam through their subclasses. None of these types, the typedefs over them or those bases is the argument of convert, to_cstring, BUF_PRINTO, databuff_print_obj, an object-form databuff_printf, a databuff_print_kv or databuff_print_json_kv call or an explicit to_string call outside these to_strings (each such call in src checked against the declared type of its argument); the optimizer trace prints an ObBatchEstTasks field by field, its range through to_plain_string (src/sql/ob_optimizer_trace_impl.cpp:824, :788); and no trace event or trace tag records one (the trace-event values are integers, ids, SCNs and names, and the only trace tags are lbt() and integers: src/oblib/lib/trace/ob_trace.h:384, :394; src/sql/engine/px/ob_dfo_scheduler.cpp:77-81). So the text reaches only log keys (a to_string whose uses are log keys, section 4). No conversions; no %p.	confirmed
src/oblib/common/ob_range.cpp	ObNewRange::to_simple_string	line 71: databuff_printf call; format "group_idx:%d,"; conversions %d; 1 arguments: group_idx_; argument types: int64_t; conversion and argument pairs: %d <- int64_t	LOG_TEXT	databuff_printf_2!(buffer, length, pos, "group_idx:%d,", self.group_idx_() as i32) in ObNewRange::to_simple_string: group_idx_ is a 32-bit field of an int64_t, read through its getter (RULEBOOK 2.3, the row for a union over a flag word with a bit-field struct); int holds all its values, so C promotes it to int for %d, and as i32 keeps its value (section 6, item 1). Server-log text, kept as the C++ writes it (RULEBOOK 1, Logging row).	sweep: printf-calls.tsv:205 (data row 204). Types: the sweep's int64_t is the declared type of the bit field group_idx_ : 32 (src/oblib/common/ob_range.h:339), which C passes as int. Buffer: to_simple_string's buffer and length with its local pos (src/oblib/common/ob_range.cpp:61-63). Uses: to_simple_string's one caller is ObNewRange::to_string (src/oblib/common/ob_range.cpp:96; `grep -rn 'to_simple_string(' src` finds besides it only the declaration and definition). ObNewRange::to_string is called explicitly by ObSimpleBatch::to_string (src/share/ob_simple_batch.h:67, and :70 through the SQLScanRangeArray whose to_string prints each range), whose own uses are log keys (src/storage/access/ob_table_scan_range.cpp:114, :120, :126) and the batch_ key named below, and by to_yson (src/oblib/common/ob_range.h:597-601), which only a yson trace element would call, and no trace event records a range (`grep -rn 'OB_ID(range)' src` prints nothing). A search for other explicit uses (`grep -rnE '(convert|to_cstring)\(\*?[A-Za-z_.>()-]*range[A-Za-z_]*(\.at\([^)]*\))?\)' src`) prints nothing; the virtual tables print ranges' keys, not their text, and EXPLAIN and the optimizer trace print ranges with to_plain_string, a separate function (src/sql/ob_optimizer_trace_impl.cpp:788). Key holders, from the members that hold ranges (`grep -rnE '(ObNewRange|SQLScanRange|SQLScanRangeArray|ObRangeArray|ObQueryRangeArray|ObRangesArray)\b[^;()]*\b[A-Za-z0-9_]+_\s*(;|\[|=[^=])' src`, which also prints ObSimpleBatch's union members, src/share/ob_simple_batch.h:44-45): the to_strings of ObSimpleBatch, of ObVTableScanParam and ObTableScanParam (N_KEY_RANGES, key_ranges_: src/data_plane/ob_tablet_scan.cpp:38; src/storage/access/ob_dml_param.cpp:282), ObDASScanRtDef (src/sql/das/ob_das_scan_op.h:192), ObDASScanOp (src/sql/das/ob_das_scan_op.h:306), ObFastFinalNLJRangeCtx (src/sql/rewrite/ob_range_generator.h:46), ObGranuleTaskInfo (src/sql/engine/px/ob_granule_task_info.h:40), ObGITaskInfo (src/sql/engine/px/ob_granule_pump.h:158), ObPartitionScanRanges (src/sql/engine/table/ob_table_partition_ranges.h:48) and ObCreateVirtualTableParams (src/sql/engine/table/ob_i_virtual_table_iterator_factory.h:42) print ranges as keys; the other members are printed only as log keys (src/share/ob_simple_batch.cpp:43; src/sql/engine/px/p2p_datahub/ob_runtime_filter_msg.cpp:1499, :1589, :1623) or not at all. Those holders are keys in turn of ObEstPartArgElement (batch_, src/share/ob_rpc_struct.h:3297), ObEstPartArg (src/share/ob_rpc_struct.h:3327), ObBatchEstTasks (src/sql/optimizer/ob_access_path_estimation.h:58), ObDASScanOp (src/sql/das/ob_das_scan_op.h:305), ObLocalIndexLookupOp (src/sql/das/ob_das_scan_op.h:393), ObTableScanRtDef (src/sql/engine/table/ob_table_scan_op.h:231-232), ObForeignKeyChecker (src/sql/engine/dml/ob_fk_checker.h:48), ObDASDomainIdMergeIterParam and ObDASDomainIdMergeIter (src/sql/das/iter/ob_das_domain_id_merge_iter.h:52, :99), ObDASFuncDataIter (src/sql/das/iter/ob_das_func_data_iter.h:103), ObLobMetaBaseIterator (src/storage/lob/ob_lob_persistent_iterator.h:71), ObFTDocWordScanIterator (src/storage/fts/ob_fts_doc_word_iterator.h:48), ObBlockStatScanParam (src/storage/retrieval/ob_block_stat_iter.h:53), ObGITaskSet (src/sql/engine/px/ob_granule_pump.h:177) and GITaskArrayItem (src/sql/engine/px/ob_granule_pump.h:210), and they reach the virtual to_strings of ObIDASTaskOp, ObDASBaseRtDef, ObDASIter and ObDASIterParam through their subclasses. None of these types, the typedefs over them or those bases is the argument of convert, to_cstring, BUF_PRINTO, databuff_print_obj, an object-form databuff_printf, a databuff_print_kv or databuff_print_json_kv call or an explicit to_string call outside these to_strings (each such call in src checked against the declared type of its argument); the optimizer trace prints an ObBatchEstTasks field by field, its range through to_plain_string (src/sql/ob_optimizer_trace_impl.cpp:824, :788); and no trace event or trace tag records one (the trace-event values are integers, ids, SCNs and names, and the only trace tags are lbt() and integers: src/oblib/lib/trace/ob_trace.h:384, :394; src/sql/engine/px/ob_dfo_scheduler.cpp:77-81). So the text reaches only log keys (a to_string whose uses are log keys, section 4). One conversion, one argument; no %p.	confirmed
src/oblib/common/ob_range.cpp	ObNewRange::to_simple_string	line 72: databuff_printf call; format "index_ordered_idx:%d,"; conversions %d; 1 arguments: index_ordered_idx_; argument types: int64_t; conversion and argument pairs: %d <- int64_t	LOG_TEXT	databuff_printf_2!(buffer, length, pos, "index_ordered_idx:%d,", self.index_ordered_idx_() as i32) in ObNewRange::to_simple_string: index_ordered_idx_ is a 16-bit field of an int64_t, read through its getter (RULEBOOK 2.3, the row for a union over a flag word with a bit-field struct); C promotes it to int for %d, and as i32 keeps its value (section 6, item 1). Server-log text, kept as the C++ writes it (RULEBOOK 1, Logging row).	sweep: printf-calls.tsv:206 (data row 205). Types: the sweep's int64_t is the declared type of the bit field index_ordered_idx_ : 16 (src/oblib/common/ob_range.h:340), which C passes as int. Buffer: to_simple_string's buffer and length with its local pos (src/oblib/common/ob_range.cpp:61-63). Uses: to_simple_string's one caller is ObNewRange::to_string (src/oblib/common/ob_range.cpp:96; `grep -rn 'to_simple_string(' src` finds besides it only the declaration and definition). ObNewRange::to_string is called explicitly by ObSimpleBatch::to_string (src/share/ob_simple_batch.h:67, and :70 through the SQLScanRangeArray whose to_string prints each range), whose own uses are log keys (src/storage/access/ob_table_scan_range.cpp:114, :120, :126) and the batch_ key named below, and by to_yson (src/oblib/common/ob_range.h:597-601), which only a yson trace element would call, and no trace event records a range (`grep -rn 'OB_ID(range)' src` prints nothing). A search for other explicit uses (`grep -rnE '(convert|to_cstring)\(\*?[A-Za-z_.>()-]*range[A-Za-z_]*(\.at\([^)]*\))?\)' src`) prints nothing; the virtual tables print ranges' keys, not their text, and EXPLAIN and the optimizer trace print ranges with to_plain_string, a separate function (src/sql/ob_optimizer_trace_impl.cpp:788). Key holders, from the members that hold ranges (`grep -rnE '(ObNewRange|SQLScanRange|SQLScanRangeArray|ObRangeArray|ObQueryRangeArray|ObRangesArray)\b[^;()]*\b[A-Za-z0-9_]+_\s*(;|\[|=[^=])' src`, which also prints ObSimpleBatch's union members, src/share/ob_simple_batch.h:44-45): the to_strings of ObSimpleBatch, of ObVTableScanParam and ObTableScanParam (N_KEY_RANGES, key_ranges_: src/data_plane/ob_tablet_scan.cpp:38; src/storage/access/ob_dml_param.cpp:282), ObDASScanRtDef (src/sql/das/ob_das_scan_op.h:192), ObDASScanOp (src/sql/das/ob_das_scan_op.h:306), ObFastFinalNLJRangeCtx (src/sql/rewrite/ob_range_generator.h:46), ObGranuleTaskInfo (src/sql/engine/px/ob_granule_task_info.h:40), ObGITaskInfo (src/sql/engine/px/ob_granule_pump.h:158), ObPartitionScanRanges (src/sql/engine/table/ob_table_partition_ranges.h:48) and ObCreateVirtualTableParams (src/sql/engine/table/ob_i_virtual_table_iterator_factory.h:42) print ranges as keys; the other members are printed only as log keys (src/share/ob_simple_batch.cpp:43; src/sql/engine/px/p2p_datahub/ob_runtime_filter_msg.cpp:1499, :1589, :1623) or not at all. Those holders are keys in turn of ObEstPartArgElement (batch_, src/share/ob_rpc_struct.h:3297), ObEstPartArg (src/share/ob_rpc_struct.h:3327), ObBatchEstTasks (src/sql/optimizer/ob_access_path_estimation.h:58), ObDASScanOp (src/sql/das/ob_das_scan_op.h:305), ObLocalIndexLookupOp (src/sql/das/ob_das_scan_op.h:393), ObTableScanRtDef (src/sql/engine/table/ob_table_scan_op.h:231-232), ObForeignKeyChecker (src/sql/engine/dml/ob_fk_checker.h:48), ObDASDomainIdMergeIterParam and ObDASDomainIdMergeIter (src/sql/das/iter/ob_das_domain_id_merge_iter.h:52, :99), ObDASFuncDataIter (src/sql/das/iter/ob_das_func_data_iter.h:103), ObLobMetaBaseIterator (src/storage/lob/ob_lob_persistent_iterator.h:71), ObFTDocWordScanIterator (src/storage/fts/ob_fts_doc_word_iterator.h:48), ObBlockStatScanParam (src/storage/retrieval/ob_block_stat_iter.h:53), ObGITaskSet (src/sql/engine/px/ob_granule_pump.h:177) and GITaskArrayItem (src/sql/engine/px/ob_granule_pump.h:210), and they reach the virtual to_strings of ObIDASTaskOp, ObDASBaseRtDef, ObDASIter and ObDASIterParam through their subclasses. None of these types, the typedefs over them or those bases is the argument of convert, to_cstring, BUF_PRINTO, databuff_print_obj, an object-form databuff_printf, a databuff_print_kv or databuff_print_json_kv call or an explicit to_string call outside these to_strings (each such call in src checked against the declared type of its argument); the optimizer trace prints an ObBatchEstTasks field by field, its range through to_plain_string (src/sql/ob_optimizer_trace_impl.cpp:824, :788); and no trace event or trace tag records one (the trace-event values are integers, ids, SCNs and names, and the only trace tags are lbt() and integers: src/oblib/lib/trace/ob_trace.h:384, :394; src/sql/engine/px/ob_dfo_scheduler.cpp:77-81). So the text reaches only log keys (a to_string whose uses are log keys, section 4). One conversion, one argument; no %p.	confirmed
src/oblib/common/ob_range.cpp	ObNewRange::to_simple_string	line 74: databuff_printf call; format "["; conversions none; 0 arguments	LOG_TEXT	databuff_printf_2!(buffer, length, pos, "[") in ObNewRange::to_simple_string, when the start is inclusive (src/oblib/common/ob_range.cpp:73); no arguments. Server-log text, kept as the C++ writes it (RULEBOOK 1, Logging row).	sweep: printf-calls.tsv:207 (data row 206). No arguments. Buffer: to_simple_string's buffer and length with its local pos (src/oblib/common/ob_range.cpp:61-63). Uses: to_simple_string's one caller is ObNewRange::to_string (src/oblib/common/ob_range.cpp:96; `grep -rn 'to_simple_string(' src` finds besides it only the declaration and definition). ObNewRange::to_string is called explicitly by ObSimpleBatch::to_string (src/share/ob_simple_batch.h:67, and :70 through the SQLScanRangeArray whose to_string prints each range), whose own uses are log keys (src/storage/access/ob_table_scan_range.cpp:114, :120, :126) and the batch_ key named below, and by to_yson (src/oblib/common/ob_range.h:597-601), which only a yson trace element would call, and no trace event records a range (`grep -rn 'OB_ID(range)' src` prints nothing). A search for other explicit uses (`grep -rnE '(convert|to_cstring)\(\*?[A-Za-z_.>()-]*range[A-Za-z_]*(\.at\([^)]*\))?\)' src`) prints nothing; the virtual tables print ranges' keys, not their text, and EXPLAIN and the optimizer trace print ranges with to_plain_string, a separate function (src/sql/ob_optimizer_trace_impl.cpp:788). Key holders, from the members that hold ranges (`grep -rnE '(ObNewRange|SQLScanRange|SQLScanRangeArray|ObRangeArray|ObQueryRangeArray|ObRangesArray)\b[^;()]*\b[A-Za-z0-9_]+_\s*(;|\[|=[^=])' src`, which also prints ObSimpleBatch's union members, src/share/ob_simple_batch.h:44-45): the to_strings of ObSimpleBatch, of ObVTableScanParam and ObTableScanParam (N_KEY_RANGES, key_ranges_: src/data_plane/ob_tablet_scan.cpp:38; src/storage/access/ob_dml_param.cpp:282), ObDASScanRtDef (src/sql/das/ob_das_scan_op.h:192), ObDASScanOp (src/sql/das/ob_das_scan_op.h:306), ObFastFinalNLJRangeCtx (src/sql/rewrite/ob_range_generator.h:46), ObGranuleTaskInfo (src/sql/engine/px/ob_granule_task_info.h:40), ObGITaskInfo (src/sql/engine/px/ob_granule_pump.h:158), ObPartitionScanRanges (src/sql/engine/table/ob_table_partition_ranges.h:48) and ObCreateVirtualTableParams (src/sql/engine/table/ob_i_virtual_table_iterator_factory.h:42) print ranges as keys; the other members are printed only as log keys (src/share/ob_simple_batch.cpp:43; src/sql/engine/px/p2p_datahub/ob_runtime_filter_msg.cpp:1499, :1589, :1623) or not at all. Those holders are keys in turn of ObEstPartArgElement (batch_, src/share/ob_rpc_struct.h:3297), ObEstPartArg (src/share/ob_rpc_struct.h:3327), ObBatchEstTasks (src/sql/optimizer/ob_access_path_estimation.h:58), ObDASScanOp (src/sql/das/ob_das_scan_op.h:305), ObLocalIndexLookupOp (src/sql/das/ob_das_scan_op.h:393), ObTableScanRtDef (src/sql/engine/table/ob_table_scan_op.h:231-232), ObForeignKeyChecker (src/sql/engine/dml/ob_fk_checker.h:48), ObDASDomainIdMergeIterParam and ObDASDomainIdMergeIter (src/sql/das/iter/ob_das_domain_id_merge_iter.h:52, :99), ObDASFuncDataIter (src/sql/das/iter/ob_das_func_data_iter.h:103), ObLobMetaBaseIterator (src/storage/lob/ob_lob_persistent_iterator.h:71), ObFTDocWordScanIterator (src/storage/fts/ob_fts_doc_word_iterator.h:48), ObBlockStatScanParam (src/storage/retrieval/ob_block_stat_iter.h:53), ObGITaskSet (src/sql/engine/px/ob_granule_pump.h:177) and GITaskArrayItem (src/sql/engine/px/ob_granule_pump.h:210), and they reach the virtual to_strings of ObIDASTaskOp, ObDASBaseRtDef, ObDASIter and ObDASIterParam through their subclasses. None of these types, the typedefs over them or those bases is the argument of convert, to_cstring, BUF_PRINTO, databuff_print_obj, an object-form databuff_printf, a databuff_print_kv or databuff_print_json_kv call or an explicit to_string call outside these to_strings (each such call in src checked against the declared type of its argument); the optimizer trace prints an ObBatchEstTasks field by field, its range through to_plain_string (src/sql/ob_optimizer_trace_impl.cpp:824, :788); and no trace event or trace tag records one (the trace-event values are integers, ids, SCNs and names, and the only trace tags are lbt() and integers: src/oblib/lib/trace/ob_trace.h:384, :394; src/sql/engine/px/ob_dfo_scheduler.cpp:77-81). So the text reaches only log keys (a to_string whose uses are log keys, section 4). No conversions; no %p.	confirmed
src/oblib/common/ob_range.cpp	ObNewRange::to_simple_string	line 76: databuff_printf call; format "("; conversions none; 0 arguments	LOG_TEXT	databuff_printf_2!(buffer, length, pos, "(") in ObNewRange::to_simple_string, when the start is exclusive (src/oblib/common/ob_range.cpp:73); no arguments. Server-log text, kept as the C++ writes it (RULEBOOK 1, Logging row).	sweep: printf-calls.tsv:208 (data row 207). No arguments. Buffer: to_simple_string's buffer and length with its local pos (src/oblib/common/ob_range.cpp:61-63). Uses: to_simple_string's one caller is ObNewRange::to_string (src/oblib/common/ob_range.cpp:96; `grep -rn 'to_simple_string(' src` finds besides it only the declaration and definition). ObNewRange::to_string is called explicitly by ObSimpleBatch::to_string (src/share/ob_simple_batch.h:67, and :70 through the SQLScanRangeArray whose to_string prints each range), whose own uses are log keys (src/storage/access/ob_table_scan_range.cpp:114, :120, :126) and the batch_ key named below, and by to_yson (src/oblib/common/ob_range.h:597-601), which only a yson trace element would call, and no trace event records a range (`grep -rn 'OB_ID(range)' src` prints nothing). A search for other explicit uses (`grep -rnE '(convert|to_cstring)\(\*?[A-Za-z_.>()-]*range[A-Za-z_]*(\.at\([^)]*\))?\)' src`) prints nothing; the virtual tables print ranges' keys, not their text, and EXPLAIN and the optimizer trace print ranges with to_plain_string, a separate function (src/sql/ob_optimizer_trace_impl.cpp:788). Key holders, from the members that hold ranges (`grep -rnE '(ObNewRange|SQLScanRange|SQLScanRangeArray|ObRangeArray|ObQueryRangeArray|ObRangesArray)\b[^;()]*\b[A-Za-z0-9_]+_\s*(;|\[|=[^=])' src`, which also prints ObSimpleBatch's union members, src/share/ob_simple_batch.h:44-45): the to_strings of ObSimpleBatch, of ObVTableScanParam and ObTableScanParam (N_KEY_RANGES, key_ranges_: src/data_plane/ob_tablet_scan.cpp:38; src/storage/access/ob_dml_param.cpp:282), ObDASScanRtDef (src/sql/das/ob_das_scan_op.h:192), ObDASScanOp (src/sql/das/ob_das_scan_op.h:306), ObFastFinalNLJRangeCtx (src/sql/rewrite/ob_range_generator.h:46), ObGranuleTaskInfo (src/sql/engine/px/ob_granule_task_info.h:40), ObGITaskInfo (src/sql/engine/px/ob_granule_pump.h:158), ObPartitionScanRanges (src/sql/engine/table/ob_table_partition_ranges.h:48) and ObCreateVirtualTableParams (src/sql/engine/table/ob_i_virtual_table_iterator_factory.h:42) print ranges as keys; the other members are printed only as log keys (src/share/ob_simple_batch.cpp:43; src/sql/engine/px/p2p_datahub/ob_runtime_filter_msg.cpp:1499, :1589, :1623) or not at all. Those holders are keys in turn of ObEstPartArgElement (batch_, src/share/ob_rpc_struct.h:3297), ObEstPartArg (src/share/ob_rpc_struct.h:3327), ObBatchEstTasks (src/sql/optimizer/ob_access_path_estimation.h:58), ObDASScanOp (src/sql/das/ob_das_scan_op.h:305), ObLocalIndexLookupOp (src/sql/das/ob_das_scan_op.h:393), ObTableScanRtDef (src/sql/engine/table/ob_table_scan_op.h:231-232), ObForeignKeyChecker (src/sql/engine/dml/ob_fk_checker.h:48), ObDASDomainIdMergeIterParam and ObDASDomainIdMergeIter (src/sql/das/iter/ob_das_domain_id_merge_iter.h:52, :99), ObDASFuncDataIter (src/sql/das/iter/ob_das_func_data_iter.h:103), ObLobMetaBaseIterator (src/storage/lob/ob_lob_persistent_iterator.h:71), ObFTDocWordScanIterator (src/storage/fts/ob_fts_doc_word_iterator.h:48), ObBlockStatScanParam (src/storage/retrieval/ob_block_stat_iter.h:53), ObGITaskSet (src/sql/engine/px/ob_granule_pump.h:177) and GITaskArrayItem (src/sql/engine/px/ob_granule_pump.h:210), and they reach the virtual to_strings of ObIDASTaskOp, ObDASBaseRtDef, ObDASIter and ObDASIterParam through their subclasses. None of these types, the typedefs over them or those bases is the argument of convert, to_cstring, BUF_PRINTO, databuff_print_obj, an object-form databuff_printf, a databuff_print_kv or databuff_print_json_kv call or an explicit to_string call outside these to_strings (each such call in src checked against the declared type of its argument); the optimizer trace prints an ObBatchEstTasks field by field, its range through to_plain_string (src/sql/ob_optimizer_trace_impl.cpp:824, :788); and no trace event or trace tag records one (the trace-event values are integers, ids, SCNs and names, and the only trace tags are lbt() and integers: src/oblib/lib/trace/ob_trace.h:384, :394; src/sql/engine/px/ob_dfo_scheduler.cpp:77-81). So the text reaches only log keys (a to_string whose uses are log keys, section 4). No conversions; no %p.	confirmed
src/oblib/common/ob_range.cpp	ObNewRange::to_simple_string	line 79: databuff_printf call; format ";"; conversions none; 0 arguments	LOG_TEXT	databuff_printf_2!(buffer, length, pos, ";") in ObNewRange::to_simple_string, between the two keys; no arguments. Server-log text, kept as the C++ writes it (RULEBOOK 1, Logging row).	sweep: printf-calls.tsv:209 (data row 208). No arguments. Buffer: to_simple_string's buffer and length with its local pos (src/oblib/common/ob_range.cpp:61-63). Uses: to_simple_string's one caller is ObNewRange::to_string (src/oblib/common/ob_range.cpp:96; `grep -rn 'to_simple_string(' src` finds besides it only the declaration and definition). ObNewRange::to_string is called explicitly by ObSimpleBatch::to_string (src/share/ob_simple_batch.h:67, and :70 through the SQLScanRangeArray whose to_string prints each range), whose own uses are log keys (src/storage/access/ob_table_scan_range.cpp:114, :120, :126) and the batch_ key named below, and by to_yson (src/oblib/common/ob_range.h:597-601), which only a yson trace element would call, and no trace event records a range (`grep -rn 'OB_ID(range)' src` prints nothing). A search for other explicit uses (`grep -rnE '(convert|to_cstring)\(\*?[A-Za-z_.>()-]*range[A-Za-z_]*(\.at\([^)]*\))?\)' src`) prints nothing; the virtual tables print ranges' keys, not their text, and EXPLAIN and the optimizer trace print ranges with to_plain_string, a separate function (src/sql/ob_optimizer_trace_impl.cpp:788). Key holders, from the members that hold ranges (`grep -rnE '(ObNewRange|SQLScanRange|SQLScanRangeArray|ObRangeArray|ObQueryRangeArray|ObRangesArray)\b[^;()]*\b[A-Za-z0-9_]+_\s*(;|\[|=[^=])' src`, which also prints ObSimpleBatch's union members, src/share/ob_simple_batch.h:44-45): the to_strings of ObSimpleBatch, of ObVTableScanParam and ObTableScanParam (N_KEY_RANGES, key_ranges_: src/data_plane/ob_tablet_scan.cpp:38; src/storage/access/ob_dml_param.cpp:282), ObDASScanRtDef (src/sql/das/ob_das_scan_op.h:192), ObDASScanOp (src/sql/das/ob_das_scan_op.h:306), ObFastFinalNLJRangeCtx (src/sql/rewrite/ob_range_generator.h:46), ObGranuleTaskInfo (src/sql/engine/px/ob_granule_task_info.h:40), ObGITaskInfo (src/sql/engine/px/ob_granule_pump.h:158), ObPartitionScanRanges (src/sql/engine/table/ob_table_partition_ranges.h:48) and ObCreateVirtualTableParams (src/sql/engine/table/ob_i_virtual_table_iterator_factory.h:42) print ranges as keys; the other members are printed only as log keys (src/share/ob_simple_batch.cpp:43; src/sql/engine/px/p2p_datahub/ob_runtime_filter_msg.cpp:1499, :1589, :1623) or not at all. Those holders are keys in turn of ObEstPartArgElement (batch_, src/share/ob_rpc_struct.h:3297), ObEstPartArg (src/share/ob_rpc_struct.h:3327), ObBatchEstTasks (src/sql/optimizer/ob_access_path_estimation.h:58), ObDASScanOp (src/sql/das/ob_das_scan_op.h:305), ObLocalIndexLookupOp (src/sql/das/ob_das_scan_op.h:393), ObTableScanRtDef (src/sql/engine/table/ob_table_scan_op.h:231-232), ObForeignKeyChecker (src/sql/engine/dml/ob_fk_checker.h:48), ObDASDomainIdMergeIterParam and ObDASDomainIdMergeIter (src/sql/das/iter/ob_das_domain_id_merge_iter.h:52, :99), ObDASFuncDataIter (src/sql/das/iter/ob_das_func_data_iter.h:103), ObLobMetaBaseIterator (src/storage/lob/ob_lob_persistent_iterator.h:71), ObFTDocWordScanIterator (src/storage/fts/ob_fts_doc_word_iterator.h:48), ObBlockStatScanParam (src/storage/retrieval/ob_block_stat_iter.h:53), ObGITaskSet (src/sql/engine/px/ob_granule_pump.h:177) and GITaskArrayItem (src/sql/engine/px/ob_granule_pump.h:210), and they reach the virtual to_strings of ObIDASTaskOp, ObDASBaseRtDef, ObDASIter and ObDASIterParam through their subclasses. None of these types, the typedefs over them or those bases is the argument of convert, to_cstring, BUF_PRINTO, databuff_print_obj, an object-form databuff_printf, a databuff_print_kv or databuff_print_json_kv call or an explicit to_string call outside these to_strings (each such call in src checked against the declared type of its argument); the optimizer trace prints an ObBatchEstTasks field by field, its range through to_plain_string (src/sql/ob_optimizer_trace_impl.cpp:824, :788); and no trace event or trace tag records one (the trace-event values are integers, ids, SCNs and names, and the only trace tags are lbt() and integers: src/oblib/lib/trace/ob_trace.h:384, :394; src/sql/engine/px/ob_dfo_scheduler.cpp:77-81). So the text reaches only log keys (a to_string whose uses are log keys, section 4). No conversions; no %p.	confirmed
src/oblib/common/ob_range.cpp	ObNewRange::to_simple_string	line 82: databuff_printf call; format "]"; conversions none; 0 arguments	LOG_TEXT	databuff_printf_2!(buffer, length, pos, "]") in ObNewRange::to_simple_string, when the end is inclusive (src/oblib/common/ob_range.cpp:81); no arguments. Server-log text, kept as the C++ writes it (RULEBOOK 1, Logging row).	sweep: printf-calls.tsv:210 (data row 209). No arguments. Buffer: to_simple_string's buffer and length with its local pos (src/oblib/common/ob_range.cpp:61-63). Uses: to_simple_string's one caller is ObNewRange::to_string (src/oblib/common/ob_range.cpp:96; `grep -rn 'to_simple_string(' src` finds besides it only the declaration and definition). ObNewRange::to_string is called explicitly by ObSimpleBatch::to_string (src/share/ob_simple_batch.h:67, and :70 through the SQLScanRangeArray whose to_string prints each range), whose own uses are log keys (src/storage/access/ob_table_scan_range.cpp:114, :120, :126) and the batch_ key named below, and by to_yson (src/oblib/common/ob_range.h:597-601), which only a yson trace element would call, and no trace event records a range (`grep -rn 'OB_ID(range)' src` prints nothing). A search for other explicit uses (`grep -rnE '(convert|to_cstring)\(\*?[A-Za-z_.>()-]*range[A-Za-z_]*(\.at\([^)]*\))?\)' src`) prints nothing; the virtual tables print ranges' keys, not their text, and EXPLAIN and the optimizer trace print ranges with to_plain_string, a separate function (src/sql/ob_optimizer_trace_impl.cpp:788). Key holders, from the members that hold ranges (`grep -rnE '(ObNewRange|SQLScanRange|SQLScanRangeArray|ObRangeArray|ObQueryRangeArray|ObRangesArray)\b[^;()]*\b[A-Za-z0-9_]+_\s*(;|\[|=[^=])' src`, which also prints ObSimpleBatch's union members, src/share/ob_simple_batch.h:44-45): the to_strings of ObSimpleBatch, of ObVTableScanParam and ObTableScanParam (N_KEY_RANGES, key_ranges_: src/data_plane/ob_tablet_scan.cpp:38; src/storage/access/ob_dml_param.cpp:282), ObDASScanRtDef (src/sql/das/ob_das_scan_op.h:192), ObDASScanOp (src/sql/das/ob_das_scan_op.h:306), ObFastFinalNLJRangeCtx (src/sql/rewrite/ob_range_generator.h:46), ObGranuleTaskInfo (src/sql/engine/px/ob_granule_task_info.h:40), ObGITaskInfo (src/sql/engine/px/ob_granule_pump.h:158), ObPartitionScanRanges (src/sql/engine/table/ob_table_partition_ranges.h:48) and ObCreateVirtualTableParams (src/sql/engine/table/ob_i_virtual_table_iterator_factory.h:42) print ranges as keys; the other members are printed only as log keys (src/share/ob_simple_batch.cpp:43; src/sql/engine/px/p2p_datahub/ob_runtime_filter_msg.cpp:1499, :1589, :1623) or not at all. Those holders are keys in turn of ObEstPartArgElement (batch_, src/share/ob_rpc_struct.h:3297), ObEstPartArg (src/share/ob_rpc_struct.h:3327), ObBatchEstTasks (src/sql/optimizer/ob_access_path_estimation.h:58), ObDASScanOp (src/sql/das/ob_das_scan_op.h:305), ObLocalIndexLookupOp (src/sql/das/ob_das_scan_op.h:393), ObTableScanRtDef (src/sql/engine/table/ob_table_scan_op.h:231-232), ObForeignKeyChecker (src/sql/engine/dml/ob_fk_checker.h:48), ObDASDomainIdMergeIterParam and ObDASDomainIdMergeIter (src/sql/das/iter/ob_das_domain_id_merge_iter.h:52, :99), ObDASFuncDataIter (src/sql/das/iter/ob_das_func_data_iter.h:103), ObLobMetaBaseIterator (src/storage/lob/ob_lob_persistent_iterator.h:71), ObFTDocWordScanIterator (src/storage/fts/ob_fts_doc_word_iterator.h:48), ObBlockStatScanParam (src/storage/retrieval/ob_block_stat_iter.h:53), ObGITaskSet (src/sql/engine/px/ob_granule_pump.h:177) and GITaskArrayItem (src/sql/engine/px/ob_granule_pump.h:210), and they reach the virtual to_strings of ObIDASTaskOp, ObDASBaseRtDef, ObDASIter and ObDASIterParam through their subclasses. None of these types, the typedefs over them or those bases is the argument of convert, to_cstring, BUF_PRINTO, databuff_print_obj, an object-form databuff_printf, a databuff_print_kv or databuff_print_json_kv call or an explicit to_string call outside these to_strings (each such call in src checked against the declared type of its argument); the optimizer trace prints an ObBatchEstTasks field by field, its range through to_plain_string (src/sql/ob_optimizer_trace_impl.cpp:824, :788); and no trace event or trace tag records one (the trace-event values are integers, ids, SCNs and names, and the only trace tags are lbt() and integers: src/oblib/lib/trace/ob_trace.h:384, :394; src/sql/engine/px/ob_dfo_scheduler.cpp:77-81). So the text reaches only log keys (a to_string whose uses are log keys, section 4). No conversions; no %p.	confirmed
src/oblib/common/ob_range.cpp	ObNewRange::to_simple_string	line 84: databuff_printf call; format ")"; conversions none; 0 arguments	LOG_TEXT	databuff_printf_2!(buffer, length, pos, ")") in ObNewRange::to_simple_string, when the end is exclusive (src/oblib/common/ob_range.cpp:81); no arguments. Server-log text, kept as the C++ writes it (RULEBOOK 1, Logging row).	sweep: printf-calls.tsv:211 (data row 210). No arguments. Buffer: to_simple_string's buffer and length with its local pos (src/oblib/common/ob_range.cpp:61-63). Uses: to_simple_string's one caller is ObNewRange::to_string (src/oblib/common/ob_range.cpp:96; `grep -rn 'to_simple_string(' src` finds besides it only the declaration and definition). ObNewRange::to_string is called explicitly by ObSimpleBatch::to_string (src/share/ob_simple_batch.h:67, and :70 through the SQLScanRangeArray whose to_string prints each range), whose own uses are log keys (src/storage/access/ob_table_scan_range.cpp:114, :120, :126) and the batch_ key named below, and by to_yson (src/oblib/common/ob_range.h:597-601), which only a yson trace element would call, and no trace event records a range (`grep -rn 'OB_ID(range)' src` prints nothing). A search for other explicit uses (`grep -rnE '(convert|to_cstring)\(\*?[A-Za-z_.>()-]*range[A-Za-z_]*(\.at\([^)]*\))?\)' src`) prints nothing; the virtual tables print ranges' keys, not their text, and EXPLAIN and the optimizer trace print ranges with to_plain_string, a separate function (src/sql/ob_optimizer_trace_impl.cpp:788). Key holders, from the members that hold ranges (`grep -rnE '(ObNewRange|SQLScanRange|SQLScanRangeArray|ObRangeArray|ObQueryRangeArray|ObRangesArray)\b[^;()]*\b[A-Za-z0-9_]+_\s*(;|\[|=[^=])' src`, which also prints ObSimpleBatch's union members, src/share/ob_simple_batch.h:44-45): the to_strings of ObSimpleBatch, of ObVTableScanParam and ObTableScanParam (N_KEY_RANGES, key_ranges_: src/data_plane/ob_tablet_scan.cpp:38; src/storage/access/ob_dml_param.cpp:282), ObDASScanRtDef (src/sql/das/ob_das_scan_op.h:192), ObDASScanOp (src/sql/das/ob_das_scan_op.h:306), ObFastFinalNLJRangeCtx (src/sql/rewrite/ob_range_generator.h:46), ObGranuleTaskInfo (src/sql/engine/px/ob_granule_task_info.h:40), ObGITaskInfo (src/sql/engine/px/ob_granule_pump.h:158), ObPartitionScanRanges (src/sql/engine/table/ob_table_partition_ranges.h:48) and ObCreateVirtualTableParams (src/sql/engine/table/ob_i_virtual_table_iterator_factory.h:42) print ranges as keys; the other members are printed only as log keys (src/share/ob_simple_batch.cpp:43; src/sql/engine/px/p2p_datahub/ob_runtime_filter_msg.cpp:1499, :1589, :1623) or not at all. Those holders are keys in turn of ObEstPartArgElement (batch_, src/share/ob_rpc_struct.h:3297), ObEstPartArg (src/share/ob_rpc_struct.h:3327), ObBatchEstTasks (src/sql/optimizer/ob_access_path_estimation.h:58), ObDASScanOp (src/sql/das/ob_das_scan_op.h:305), ObLocalIndexLookupOp (src/sql/das/ob_das_scan_op.h:393), ObTableScanRtDef (src/sql/engine/table/ob_table_scan_op.h:231-232), ObForeignKeyChecker (src/sql/engine/dml/ob_fk_checker.h:48), ObDASDomainIdMergeIterParam and ObDASDomainIdMergeIter (src/sql/das/iter/ob_das_domain_id_merge_iter.h:52, :99), ObDASFuncDataIter (src/sql/das/iter/ob_das_func_data_iter.h:103), ObLobMetaBaseIterator (src/storage/lob/ob_lob_persistent_iterator.h:71), ObFTDocWordScanIterator (src/storage/fts/ob_fts_doc_word_iterator.h:48), ObBlockStatScanParam (src/storage/retrieval/ob_block_stat_iter.h:53), ObGITaskSet (src/sql/engine/px/ob_granule_pump.h:177) and GITaskArrayItem (src/sql/engine/px/ob_granule_pump.h:210), and they reach the virtual to_strings of ObIDASTaskOp, ObDASBaseRtDef, ObDASIter and ObDASIterParam through their subclasses. None of these types, the typedefs over them or those bases is the argument of convert, to_cstring, BUF_PRINTO, databuff_print_obj, an object-form databuff_printf, a databuff_print_kv or databuff_print_json_kv call or an explicit to_string call outside these to_strings (each such call in src checked against the declared type of its argument); the optimizer trace prints an ObBatchEstTasks field by field, its range through to_plain_string (src/sql/ob_optimizer_trace_impl.cpp:824, :788); and no trace event or trace tag records one (the trace-event values are integers, ids, SCNs and names, and the only trace tags are lbt() and integers: src/oblib/lib/trace/ob_trace.h:384, :394; src/sql/engine/px/ob_dfo_scheduler.cpp:77-81). So the text reaches only log keys (a to_string whose uses are log keys, section 4). No conversions; no %p.	confirmed
src/oblib/common/ob_range.cpp	ObNewRange::to_string	line 95: databuff_printf call; format "{\"range\":\""; conversions none; 0 arguments; inside to_string	LOG_TEXT	databuff_printf_2!(buffer, length, pos, "{\"range\":\"") in ObNewRange::to_string; no arguments. Server-log text, kept as the C++ writes it (RULEBOOK 1, Logging row).	sweep: printf-calls.tsv:212 (data row 211). No arguments. Buffer: to_string's buffer and length with its local pos (src/oblib/common/ob_range.cpp:90-92). Uses: to_simple_string's one caller is ObNewRange::to_string (src/oblib/common/ob_range.cpp:96; `grep -rn 'to_simple_string(' src` finds besides it only the declaration and definition). ObNewRange::to_string is called explicitly by ObSimpleBatch::to_string (src/share/ob_simple_batch.h:67, and :70 through the SQLScanRangeArray whose to_string prints each range), whose own uses are log keys (src/storage/access/ob_table_scan_range.cpp:114, :120, :126) and the batch_ key named below, and by to_yson (src/oblib/common/ob_range.h:597-601), which only a yson trace element would call, and no trace event records a range (`grep -rn 'OB_ID(range)' src` prints nothing). A search for other explicit uses (`grep -rnE '(convert|to_cstring)\(\*?[A-Za-z_.>()-]*range[A-Za-z_]*(\.at\([^)]*\))?\)' src`) prints nothing; the virtual tables print ranges' keys, not their text, and EXPLAIN and the optimizer trace print ranges with to_plain_string, a separate function (src/sql/ob_optimizer_trace_impl.cpp:788). Key holders, from the members that hold ranges (`grep -rnE '(ObNewRange|SQLScanRange|SQLScanRangeArray|ObRangeArray|ObQueryRangeArray|ObRangesArray)\b[^;()]*\b[A-Za-z0-9_]+_\s*(;|\[|=[^=])' src`, which also prints ObSimpleBatch's union members, src/share/ob_simple_batch.h:44-45): the to_strings of ObSimpleBatch, of ObVTableScanParam and ObTableScanParam (N_KEY_RANGES, key_ranges_: src/data_plane/ob_tablet_scan.cpp:38; src/storage/access/ob_dml_param.cpp:282), ObDASScanRtDef (src/sql/das/ob_das_scan_op.h:192), ObDASScanOp (src/sql/das/ob_das_scan_op.h:306), ObFastFinalNLJRangeCtx (src/sql/rewrite/ob_range_generator.h:46), ObGranuleTaskInfo (src/sql/engine/px/ob_granule_task_info.h:40), ObGITaskInfo (src/sql/engine/px/ob_granule_pump.h:158), ObPartitionScanRanges (src/sql/engine/table/ob_table_partition_ranges.h:48) and ObCreateVirtualTableParams (src/sql/engine/table/ob_i_virtual_table_iterator_factory.h:42) print ranges as keys; the other members are printed only as log keys (src/share/ob_simple_batch.cpp:43; src/sql/engine/px/p2p_datahub/ob_runtime_filter_msg.cpp:1499, :1589, :1623) or not at all. Those holders are keys in turn of ObEstPartArgElement (batch_, src/share/ob_rpc_struct.h:3297), ObEstPartArg (src/share/ob_rpc_struct.h:3327), ObBatchEstTasks (src/sql/optimizer/ob_access_path_estimation.h:58), ObDASScanOp (src/sql/das/ob_das_scan_op.h:305), ObLocalIndexLookupOp (src/sql/das/ob_das_scan_op.h:393), ObTableScanRtDef (src/sql/engine/table/ob_table_scan_op.h:231-232), ObForeignKeyChecker (src/sql/engine/dml/ob_fk_checker.h:48), ObDASDomainIdMergeIterParam and ObDASDomainIdMergeIter (src/sql/das/iter/ob_das_domain_id_merge_iter.h:52, :99), ObDASFuncDataIter (src/sql/das/iter/ob_das_func_data_iter.h:103), ObLobMetaBaseIterator (src/storage/lob/ob_lob_persistent_iterator.h:71), ObFTDocWordScanIterator (src/storage/fts/ob_fts_doc_word_iterator.h:48), ObBlockStatScanParam (src/storage/retrieval/ob_block_stat_iter.h:53), ObGITaskSet (src/sql/engine/px/ob_granule_pump.h:177) and GITaskArrayItem (src/sql/engine/px/ob_granule_pump.h:210), and they reach the virtual to_strings of ObIDASTaskOp, ObDASBaseRtDef, ObDASIter and ObDASIterParam through their subclasses. None of these types, the typedefs over them or those bases is the argument of convert, to_cstring, BUF_PRINTO, databuff_print_obj, an object-form databuff_printf, a databuff_print_kv or databuff_print_json_kv call or an explicit to_string call outside these to_strings (each such call in src checked against the declared type of its argument); the optimizer trace prints an ObBatchEstTasks field by field, its range through to_plain_string (src/sql/ob_optimizer_trace_impl.cpp:824, :788); and no trace event or trace tag records one (the trace-event values are integers, ids, SCNs and names, and the only trace tags are lbt() and integers: src/oblib/lib/trace/ob_trace.h:384, :394; src/sql/engine/px/ob_dfo_scheduler.cpp:77-81). So the text reaches only log keys (a to_string whose uses are log keys, section 4). No conversions; no %p.	confirmed
src/oblib/common/ob_range.cpp	ObNewRange::to_string	line 97: databuff_printf call; format "\"}"; conversions none; 0 arguments; inside to_string	LOG_TEXT	databuff_printf_2!(buffer, length, pos, "\"}") in ObNewRange::to_string; no arguments. Server-log text, kept as the C++ writes it (RULEBOOK 1, Logging row).	sweep: printf-calls.tsv:213 (data row 212). No arguments. Buffer: to_string's buffer and length with its local pos (src/oblib/common/ob_range.cpp:90-92). Uses: to_simple_string's one caller is ObNewRange::to_string (src/oblib/common/ob_range.cpp:96; `grep -rn 'to_simple_string(' src` finds besides it only the declaration and definition). ObNewRange::to_string is called explicitly by ObSimpleBatch::to_string (src/share/ob_simple_batch.h:67, and :70 through the SQLScanRangeArray whose to_string prints each range), whose own uses are log keys (src/storage/access/ob_table_scan_range.cpp:114, :120, :126) and the batch_ key named below, and by to_yson (src/oblib/common/ob_range.h:597-601), which only a yson trace element would call, and no trace event records a range (`grep -rn 'OB_ID(range)' src` prints nothing). A search for other explicit uses (`grep -rnE '(convert|to_cstring)\(\*?[A-Za-z_.>()-]*range[A-Za-z_]*(\.at\([^)]*\))?\)' src`) prints nothing; the virtual tables print ranges' keys, not their text, and EXPLAIN and the optimizer trace print ranges with to_plain_string, a separate function (src/sql/ob_optimizer_trace_impl.cpp:788). Key holders, from the members that hold ranges (`grep -rnE '(ObNewRange|SQLScanRange|SQLScanRangeArray|ObRangeArray|ObQueryRangeArray|ObRangesArray)\b[^;()]*\b[A-Za-z0-9_]+_\s*(;|\[|=[^=])' src`, which also prints ObSimpleBatch's union members, src/share/ob_simple_batch.h:44-45): the to_strings of ObSimpleBatch, of ObVTableScanParam and ObTableScanParam (N_KEY_RANGES, key_ranges_: src/data_plane/ob_tablet_scan.cpp:38; src/storage/access/ob_dml_param.cpp:282), ObDASScanRtDef (src/sql/das/ob_das_scan_op.h:192), ObDASScanOp (src/sql/das/ob_das_scan_op.h:306), ObFastFinalNLJRangeCtx (src/sql/rewrite/ob_range_generator.h:46), ObGranuleTaskInfo (src/sql/engine/px/ob_granule_task_info.h:40), ObGITaskInfo (src/sql/engine/px/ob_granule_pump.h:158), ObPartitionScanRanges (src/sql/engine/table/ob_table_partition_ranges.h:48) and ObCreateVirtualTableParams (src/sql/engine/table/ob_i_virtual_table_iterator_factory.h:42) print ranges as keys; the other members are printed only as log keys (src/share/ob_simple_batch.cpp:43; src/sql/engine/px/p2p_datahub/ob_runtime_filter_msg.cpp:1499, :1589, :1623) or not at all. Those holders are keys in turn of ObEstPartArgElement (batch_, src/share/ob_rpc_struct.h:3297), ObEstPartArg (src/share/ob_rpc_struct.h:3327), ObBatchEstTasks (src/sql/optimizer/ob_access_path_estimation.h:58), ObDASScanOp (src/sql/das/ob_das_scan_op.h:305), ObLocalIndexLookupOp (src/sql/das/ob_das_scan_op.h:393), ObTableScanRtDef (src/sql/engine/table/ob_table_scan_op.h:231-232), ObForeignKeyChecker (src/sql/engine/dml/ob_fk_checker.h:48), ObDASDomainIdMergeIterParam and ObDASDomainIdMergeIter (src/sql/das/iter/ob_das_domain_id_merge_iter.h:52, :99), ObDASFuncDataIter (src/sql/das/iter/ob_das_func_data_iter.h:103), ObLobMetaBaseIterator (src/storage/lob/ob_lob_persistent_iterator.h:71), ObFTDocWordScanIterator (src/storage/fts/ob_fts_doc_word_iterator.h:48), ObBlockStatScanParam (src/storage/retrieval/ob_block_stat_iter.h:53), ObGITaskSet (src/sql/engine/px/ob_granule_pump.h:177) and GITaskArrayItem (src/sql/engine/px/ob_granule_pump.h:210), and they reach the virtual to_strings of ObIDASTaskOp, ObDASBaseRtDef, ObDASIter and ObDASIterParam through their subclasses. None of these types, the typedefs over them or those bases is the argument of convert, to_cstring, BUF_PRINTO, databuff_print_obj, an object-form databuff_printf, a databuff_print_kv or databuff_print_json_kv call or an explicit to_string call outside these to_strings (each such call in src checked against the declared type of its argument); the optimizer trace prints an ObBatchEstTasks field by field, its range through to_plain_string (src/sql/ob_optimizer_trace_impl.cpp:824, :788); and no trace event or trace tag records one (the trace-event values are integers, ids, SCNs and names, and the only trace tags are lbt() and integers: src/oblib/lib/trace/ob_trace.h:384, :394; src/sql/engine/px/ob_dfo_scheduler.cpp:77-81). So the text reaches only log keys (a to_string whose uses are log keys, section 4). No conversions; no %p.	confirmed
src/oblib/common/ob_range.h	ObVersion::to_string	line 245: databuff_printf call; format "\"%d-%hd-%hd\""; conversions %d %hd %hd; 3 arguments: major_, minor_, is_final_minor_; argument types: int32_t | int16_t | int16_t; conversion and argument pairs: %d <- int32_t, %hd <- int16_t, %hd <- int16_t; inside to_string	LOG_TEXT	databuff_printf_2!(buf, buf_len, pos, "\"%d-%hd-%hd\"", self.major_() as i32, self.minor_() as i32, self.is_final_minor_() as i32) in ObVersion::to_string: the bit fields are read through their getters (RULEBOOK 2.3, the row for a union over a flag word with a bit-field struct) and promoted to int, and %hd narrows the last two, as an int16_t to %hd is x as i32 (section 6, item 1). Server-log text, kept as the C++ writes it (RULEBOOK 1, Logging row).	sweep: printf-calls.tsv:214 (data row 213). Types: major_ is a 32-bit field of an int32_t and minor_ and is_final_minor_ 16-bit fields of int16_t, in a union with version_ (src/oblib/common/ob_range.h:96-104); C promotes each to int. Buffer: to_string's buf and buf_len with its local pos (src/oblib/common/ob_range.h:242-244). Uses: an ObVersion is printed as a key by ObFrozenStatus's TO_STRING_KV (src/oblib/common/storage/ob_freeze_define.h:91, :97), a struct that nothing outside its own files uses (`grep -rnw 'ObFrozenStatus' src` finds only forward declarations elsewhere); the other uses of ObVersion are its MIN_VERSION value, the freeze parameters of src/storage/memtable/ob_memtable_interface.h:120, :125 and the session getters of src/sql/session/ob_sql_session_info.h:444, :448 (`grep -rnw 'ObVersion' src`), and a search for explicit uses (`grep -rnE '(convert|to_cstring)\(\*?[a-z_.>()-]*version[a-z_]*\)|version[a-z_]*(\.|->)(to_string|version_to_string)\(' src`) finds only SCN commit versions and a datum row inside log calls. So the text reaches only log keys (section 4). Three conversions, three arguments; no %p.	confirmed
src/oblib/common/ob_range.h	ObVersion::version_to_string	line 254: snprintf call; format "%d-%d-%d"; conversions %d %d %d; 3 arguments: major_, minor_, is_final_minor_; argument types: int32_t | int16_t | int16_t; conversion and argument pairs: %d <- int32_t, %d <- int16_t, %d <- int16_t	ENGINE_TEXT	snprintf!(buf, buf_len, "%d-%d-%d", self.major_() as i32, self.minor_() as i32, self.is_final_minor_() as i32) in ObVersion::version_to_string: the bit fields are read through their getters and promoted to int (section 6, item 1). The engine acts on these bytes (nothing reads them: version_to_string has no caller): cfmt only (RULEBOOK 1, Number text row).	sweep: printf-calls.tsv:215 (data row 214). Types: major_ is a 32-bit field of an int32_t and minor_ and is_final_minor_ 16-bit fields of int16_t, in a union with version_ (src/oblib/common/ob_range.h:96-104); C promotes each to int. Buffer: the caller's buf (src/oblib/common/ob_range.h:250). Path: version_to_string has no caller (`grep -rn 'version_to_string' src` prints only its definition), so nothing reads the bytes (engine use 5). Three conversions, three arguments; no %p.	confirmed
src/oblib/common/ob_string_buf.ipp	ObStringBufT::write_string	line 74: _OB_LOG call; format "stored str is null, ret=%d"; conversions %d; 1 arguments: ret; argument types: int; conversion and argument pairs: %d <- int; writes the server log	LOG_TEXT	None: the branch is removed (RULEBOOK 2.3, the pointer row: stored_str is never NULL, so it becomes a reference, the &mut that RULEBOOK 2.1 gives an output parameter, and its OB_ISNULL test is dropped with the rest of the else if chain kept; RULEBOOK section 0).	sweep: printf-calls.tsv:216 (data row 215). The branch is the null test of the output pointer stored_str (src/oblib/common/ob_string_buf.ipp:72), and no caller passes NULL: every call of ObStringBufT::write_string(const ObString &, ObString *) passes an object's address (src/sql/session/ob_basic_session_info.cpp:528-530, :548, :549-550, :3467, :3570-3578; src/sql/session/ob_session_val_map.cpp:110, :168; src/sql/session/ob_sql_session_info.cpp:788; src/sql/engine/cmd/ob_load_data_impl.cpp:272, :295-296, :301-302), and SchemaOperationSetWithAlloc::write_string (src/share/schema/ob_schema_service.h:522-523), which passes its own parameter on, gets addresses from its only callers (src/observer/schema/ob_schema_retrieve_utils.ipp:1792, :1796); `grep -rnE '\bwrite_string\s*\(' src` finds these calls besides the declarations and definitions. So stored_str is never NULL and the branch goes (section 7). Where the bytes would go: ret is set to OB_BAD_NULL_ERROR on the line before (src/oblib/common/ob_string_buf.ipp:73). Server log: _OB_LOG (src/oblib/lib/oblog/ob_log_module.h:274) calls _OB_PRINT (ob_log_module.h:277), OB_LOGGER.log_message_fmt (ob_log_module.h:232); nothing else reads the text. One conversion, one argument; no %p.	confirmed
src/oblib/common/ob_string_buf.ipp	ObStringBufT::write_string	line 82: _OB_LOG call; format "failed to dup string, ret=%d"; conversions %d; 1 arguments: ret; argument types: int; conversion and argument pairs: %d <- int; writes the server log	LOG_TEXT	None: the branch is removed (RULEBOOK 2.2: a branch that handles a general allocation failure goes; section 7).	sweep: printf-calls.tsv:217 (data row 216). The call is in the branch where arena_.dup returns NULL (src/oblib/common/ob_string_buf.ipp:79-80), a general allocation (s3-memory.md 3.7.1); the size is not 0 there, since an empty string took the assign(NULL, 0) branch (src/oblib/common/ob_string_buf.ipp:75-76). So the branch goes (section 7). Where the bytes would go: Server log: _OB_LOG (src/oblib/lib/oblog/ob_log_module.h:274) calls _OB_PRINT (ob_log_module.h:277), OB_LOGGER.log_message_fmt (ob_log_module.h:232); nothing else reads the text. One conversion, one argument; no %p.	confirmed
src/oblib/common/ob_string_buf.ipp	ObStringBufT::write_number	line 98: _OB_LOG call; format "stored nmb is null, ret=%d"; conversions %d; 1 arguments: ret; argument types: int; conversion and argument pairs: %d <- int; writes the server log	LOG_TEXT	None: the branch is removed (RULEBOOK 2.3, the pointer row: stored_nmb is never NULL, so it becomes a reference, the &mut that RULEBOOK 2.1 gives an output parameter, and its OB_ISNULL test is dropped with the rest of the else if chain kept; RULEBOOK section 0).	sweep: printf-calls.tsv:218 (data row 217). The branch is the null test of the output pointer stored_nmb (src/oblib/common/ob_string_buf.ipp:96), and no caller passes NULL: ObStringBufT::write_number has no caller. `grep -rn 'write_number(' src` finds besides its declaration and definition (src/oblib/common/ob_string_buf.h:51; src/oblib/common/ob_string_buf.ipp:92) only ObCellWriter's and ObRowWriter's own write_number (src/oblib/common/cell/ob_cell_writer.h:105; src/oblib/common/cell/ob_cell_writer.cpp:98, :434, :437; src/storage/blocksstable/ob_row_writer.h:169). So stored_nmb is never NULL and the branch goes (section 7). Where the bytes would go: ret is set to OB_BAD_NULL_ERROR on the line before (src/oblib/common/ob_string_buf.ipp:97). Server log: _OB_LOG (src/oblib/lib/oblog/ob_log_module.h:274) calls _OB_PRINT (ob_log_module.h:277), OB_LOGGER.log_message_fmt (ob_log_module.h:232); nothing else reads the text. One conversion, one argument; no %p.	confirmed
src/oblib/common/ob_string_buf.ipp	ObStringBufT::write_string	line 112: _OB_LOG call; format "stored rowkey is null, ret=%d"; conversions %d; 1 arguments: ret; argument types: int; conversion and argument pairs: %d <- int; writes the server log	LOG_TEXT	None: the branch is removed (RULEBOOK 2.3, the pointer row: stored_rowkey is never NULL, so it becomes a reference, the &mut that RULEBOOK 2.1 gives an output parameter, and its OB_ISNULL test is dropped with the rest of the else if chain kept; RULEBOOK section 0).	sweep: printf-calls.tsv:219 (data row 218). The branch is the null test of the output pointer stored_rowkey (src/oblib/common/ob_string_buf.ipp:110), and no caller passes NULL: this overload of ObStringBufT::write_string has no caller. `grep -rnE '\bwrite_string\s*\(' src` finds besides the declarations and definitions (src/oblib/common/ob_string_buf.h:50, :58; src/oblib/common/ob_string_buf.ipp:68, :106) only calls whose second argument is an ObString's address (src/sql/session/ob_basic_session_info.cpp:528-530, :548, :549-550, :3467, :3570-3578; src/sql/session/ob_session_val_map.cpp:110, :168; src/sql/session/ob_sql_session_info.cpp:788; src/sql/engine/cmd/ob_load_data_impl.cpp:272, :295-296, :301-302), and SchemaOperationSetWithAlloc::write_string (src/share/schema/ob_schema_service.h:522-523), which passes its own parameter on, gets addresses from its only callers (src/observer/schema/ob_schema_retrieve_utils.ipp:1792, :1796). So stored_rowkey is never NULL and the branch goes (section 7). Where the bytes would go: ret is set to OB_BAD_NULL_ERROR on the line before (src/oblib/common/ob_string_buf.ipp:111). Server log: _OB_LOG (src/oblib/lib/oblog/ob_log_module.h:274) calls _OB_PRINT (ob_log_module.h:277), OB_LOGGER.log_message_fmt (ob_log_module.h:232); nothing else reads the text. One conversion, one argument; no %p.	confirmed
src/oblib/common/ob_string_buf.ipp	ObStringBufT::write_string	line 120: _OB_LOG call; format "no memory, ret=%d"; conversions %d; 1 arguments: ret; argument types: int; conversion and argument pairs: %d <- int; writes the server log	LOG_TEXT	None: the branch is removed (RULEBOOK 2.2: a branch that handles a general allocation failure goes; section 7).	sweep: printf-calls.tsv:220 (data row 219). The call is in the branch where arena_.alloc(str_length) returns NULL (src/oblib/common/ob_string_buf.ipp:117-118), a general allocation (s3-memory.md 3.7.1); str_length is the rowkey's deep copy size (src/oblib/common/ob_string_buf.ipp:116), and an empty rowkey took the assign(NULL, 0) branch (src/oblib/common/ob_string_buf.ipp:113-114). So the branch goes (section 7). Where the bytes would go: Server log: _OB_LOG (src/oblib/lib/oblog/ob_log_module.h:274) calls _OB_PRINT (ob_log_module.h:277), OB_LOGGER.log_message_fmt (ob_log_module.h:232); nothing else reads the text. One conversion, one argument; no %p.	confirmed
src/oblib/common/ob_string_buf.ipp	ObStringBufT::write_obj	line 137: _OB_LOG call; format "stored obj is null, ret=%d"; conversions %d; 1 arguments: ret; argument types: int; conversion and argument pairs: %d <- int; writes the server log	LOG_TEXT	None: the branch is removed (RULEBOOK 2.3, the pointer row: stored_obj is never NULL, so it becomes a reference, the &mut that RULEBOOK 2.1 gives an output parameter, and its OB_ISNULL test is dropped with the rest of the else if chain kept; RULEBOOK section 0).	sweep: printf-calls.tsv:221 (data row 220). The branch is the null test of the output pointer stored_obj (src/oblib/common/ob_string_buf.ipp:135), and no caller passes NULL: every call of ObStringBufT::write_obj passes an object's address (src/sql/session/ob_session_val_map.cpp:111-112, :169-170; src/sql/session/ob_basic_session_info.cpp:1272, :1673, :1733; `grep -rnE '\bwrite_obj\s*\(' src` finds besides these only the declaration and definition, src/oblib/common/ob_string_buf.h:56 and src/oblib/common/ob_string_buf.ipp:131). So stored_obj is never NULL and the branch goes (section 7). Where the bytes would go: ret is set to OB_BAD_NULL_ERROR on the line before (src/oblib/common/ob_string_buf.ipp:136). Server log: _OB_LOG (src/oblib/lib/oblog/ob_log_module.h:274) calls _OB_PRINT (ob_log_module.h:277), OB_LOGGER.log_message_fmt (ob_log_module.h:232); nothing else reads the text. One conversion, one argument; no %p.	confirmed
src/oblib/common/ob_version_def.cpp	VersionUtil::get_version	line 101: databuff_printf call; format "%.*s"; conversions %.*s; 2 arguments: verstr.length(), verstr.ptr(); argument types: int32_t | char * or const char *; conversion and argument pairs: %.*s width or precision <- int32_t, %.*s <- char * or const char *	ENGINE_TEXT	databuff_printf!(buf, buf.len(), "%.*s", verstr): the overload with the format third (section 5, row 1); the length and ptr() of verstr are one byte slice, the whole ObString (s2-errors.md 2.9, the %.*s row of its table). The engine acts on these bytes (it parses them back into a version number, which nothing reads: this get_version has no caller): cfmt only (RULEBOOK 1, Number text row).	sweep: printf-calls.tsv:222 (data row 221). Types: verstr is a const ObString & parameter (src/oblib/common/ob_version_def.cpp:96); length() is an int32_t and ptr() a char * (src/oblib/lib/string/ob_string.h:285, :44). Buffer: the local buf, char[OB_SERVER_VERSION_LENGTH] (src/oblib/common/ob_version_def.cpp:99). Path: get_version passes buf to its const char * overload (src/oblib/common/ob_version_def.cpp:103), which parses it with parse_version (ob_version_def.cpp:113) into the version number (ob_version_def.cpp:115-118): engine use 4. VersionUtil::get_version(const ObString &) has no caller: `grep -rn 'VersionUtil::get_version' src` prints only the two definitions (ob_version_def.cpp:96, :108), and the unqualified call at ob_version_def.cpp:103 is this function calling the other overload; ObVersionParser::get_version (src/share/ob_version_parser.cpp:109) is a separate copy with its own databuff_printf. So the parsed number is read by nothing (engine use 5). One %.*s reads two arguments and the call passes two; no %p.	confirmed
src/oblib/common/ob_version_def.cpp	VersionUtil::print_vsn	line 131: databuff_printf call; format "%lu(%u, %u, %u, %u)"; conversions %lu %u %u %u %u; 5 arguments: version, major, minor, major_patch, minor_patch; argument types: uint64_t | const uint32_t | const uint16_t | const uint8_t | const uint8_t; conversion and argument pairs: %lu <- uint64_t, %u <- const uint32_t, %u <- const uint16_t, %u <- const uint8_t, %u <- const uint8_t	ENGINE_TEXT	databuff_printf_2!(buf, buf_len, pos, "%lu(%u, %u, %u, %u)", version, major, minor as u32, major_patch as u32, minor_patch as u32) in VersionUtil::print_vsn: version is a u64 for %lu, major a u32 for %u, and the uint16_t and uint8_t values reach C as int, which %u reads as unsigned: as u32 (section 6, item 1). The engine acts on these bytes (nothing reads them: print_vsn has no caller): cfmt only (RULEBOOK 1, Number text row).	sweep: printf-calls.tsv:223 (data row 222). Types: version is a uint64_t parameter (src/oblib/common/ob_version_def.cpp:123); the OB_VSN_* macros give a const uint32_t major, a const uint16_t minor and const uint8_t major_patch and minor_patch (src/oblib/common/ob_version_def.h:36-39) (src/oblib/common/ob_version_def.cpp:127-130). Buffer: the caller's buf. Path: VersionUtil::print_vsn has no caller (`grep -rn 'print_vsn' src` finds only it, its declaration and ObVersionParser's own print_vsn, which does not call it: src/share/ob_version_parser.cpp:76-91), so nothing reads the bytes (engine use 5). Five conversions, five arguments; no %p.	confirmed
src/oblib/common/ob_version_def.cpp	VersionUtil::print_version_str	line 145: databuff_printf call; format "%u.%u.%u.%u"; conversions %u %u %u %u; 4 arguments: major, minor, major_patch, minor_patch; argument types: const uint32_t | const uint16_t | const uint8_t | const uint8_t; conversion and argument pairs: %u <- const uint32_t, %u <- const uint16_t, %u <- const uint8_t, %u <- const uint8_t	ENGINE_TEXT	databuff_printf_2!(buf, buf_len, pos, "%u.%u.%u.%u", major, minor as u32, major_patch as u32, minor_patch as u32) in VersionUtil::print_version_str: major is a u32 for %u, and the uint16_t and uint8_t values reach C as int, which %u reads as unsigned: as u32 (section 6, item 1). The engine acts on these bytes (the version text it writes into the data version file and compares on reading it back): cfmt only (RULEBOOK 1, Number text row).	sweep: printf-calls.tsv:224 (data row 223). Types: the OB_VSN_* macros give a const uint32_t major, a const uint16_t minor and const uint8_t major_patch and minor_patch (src/oblib/common/ob_version_def.h:36-39) (src/oblib/common/ob_version_def.cpp:141-144). Buffer: the caller's buf (src/oblib/common/ob_version_def.cpp:137). Paths: ObDataVersionMgr::dump_data_version_ prints the text into the data version file (src/oblib/common/ob_data_version_mgr.cpp:216, :219-221), which load_data_version_ parses back (src/oblib/common/ob_data_version_mgr.cpp:252), engine use 4; load_data_version_ also prints the canonical text and compares it with STRCMP (src/oblib/common/ob_data_version_mgr.cpp:258-260), engine use 2; the ObVersionPrinter constructor (src/oblib/common/ob_version_def.cpp:158) feeds the VP, DVP and KDV keys (src/oblib/common/ob_version_def.h:88-92), which are log keys (src/oblib/common/ob_data_version_mgr.cpp:64-65, :218; src/storage/blocksstable/ob_shared_macro_block_manager.cpp:706) except KDV_(data_version) in ObLoadRuntimeTableSchemaArg's TO_STRING_KV (src/share/ob_rpc_struct.h:158), whose one use is the log key K(arg) (src/rootserver/ob_load_inner_table_schema_executor.cpp:59); ObVersionParser::print_version_str (src/share/ob_version_parser.cpp:95) feeds the bootstrap event (src/rootserver/ob_local_management_service.cpp:455, :461), which ObStructuredEventLogger::log writes as a log line (src/share/ob_structured_event_logger.h:48); telemetry puts the text into the JSON it posts over HTTP (src/share/ob_telemetry.cpp:1173, :1219, :1225, :1407, :1426). No path reaches a client output, and two end at engine uses. Four conversions, four arguments; no %p.	confirmed
