result_format: 4

alter system flush plan cache global;
set ob_trx_timeout = 1000000000;
drop table if exists t1;
drop table if exists t2;
create table t1 (a int, b int);
begin;

// CASE#1: Insert
insert into t1 values (1, 1), (1, -1);
insert into t1 values (-1, 1), (1, 1);

select hit_count, sql_id, query_sql from oceanbase.GV$OB_PLAN_CACHE_PLAN_STAT where statement like 'insert into t1 values (?, ?)';
+-----------+----------------------------------+---------------------------------------+
| hit_count | sql_id                           | query_sql                             |
+-----------+----------------------------------+---------------------------------------+
|         1 | 9119B87FB6F11A7AF9C1118B995FE6BF | insert into t1 values (1, 1), (1, -1) |
+-----------+----------------------------------+---------------------------------------+

insert into t1 values (-  1, 1), (1, 1);
select hit_count, sql_id, query_sql from oceanbase.GV$OB_PLAN_CACHE_PLAN_STAT where statement like 'insert into t1 values (?, ?)';
+-----------+----------------------------------+---------------------------------------+
| hit_count | sql_id                           | query_sql                             |
+-----------+----------------------------------+---------------------------------------+
|         2 | 9119B87FB6F11A7AF9C1118B995FE6BF | insert into t1 values (1, 1), (1, -1) |
+-----------+----------------------------------+---------------------------------------+

insert into t1 values (- -1, 1), (1, 1);
insert into t1 values (- - 2, 1), (1, 1);
select hit_count, sql_id from oceanbase.GV$OB_PLAN_CACHE_PLAN_STAT where statement like 'insert into t1 values (- ?, ?)%';
+-----------+----------------------------------+
| hit_count | sql_id                           |
+-----------+----------------------------------+
|         1 | 2CC43FFC60BC8C5958657818F5FF0763 |
+-----------+----------------------------------+
commit;

// CASE#2: Select Item
begin;

select -1 from dual;
+----+
| -1 |
+----+
| -1 |
+----+
select 2 from dual;
+---+
| 2 |
+---+
| 2 |
+---+
select -  1 from dual;
+------+
| -  1 |
+------+
|   -1 |
+------+

select hit_count, sql_id from oceanbase.GV$OB_PLAN_CACHE_PLAN_STAT where statement like 'select ? from dual';
+-----------+----------------------------------+
| hit_count | sql_id                           |
+-----------+----------------------------------+
|         2 | B2FD215564A613E27B321C64B690F933 |
+-----------+----------------------------------+
select - -1 from dual;
+------+
| - -1 |
+------+
|    1 |
+------+
select - -   1 from dual;
+---------+
| - -   1 |
+---------+
|       1 |
+---------+
select hit_count, sql_id from oceanbase.GV$OB_PLAN_CACHE_PLAN_STAT where statement like 'select - ? from dual';
+-----------+----------------------------------+
| hit_count | sql_id                           |
+-----------+----------------------------------+
|         1 | 4FC42BBCC9939C65EA5CA183766FA15B |
+-----------+----------------------------------+

select -+  1 from dual;
+-------+
| -+  1 |
+-------+
|    -1 |
+-------+
select -+ 1 from dual;
+------+
| -+ 1 |
+------+
|   -1 |
+------+
select - +1 from dual;
+------+
| - +1 |
+------+
|   -1 |
+------+

select hit_count, sql_id from oceanbase.GV$OB_PLAN_CACHE_PLAN_STAT where statement like "select -+  ? from dual" or
                                                                     statement like "select -+ ? from dual" or
                                                                     statement like "select - +? from dual";
+-----------+----------------------------------+
| hit_count | sql_id                           |
+-----------+----------------------------------+
|         0 | 1820F8472090A289D56C6FBBF9542C1E |
|         0 | 6814F5BE0AF49CA6279A8ECA2997AB63 |
|         0 | A158DDE0D57BDFAE891772AFFAEC56C1 |
+-----------+----------------------------------+
commit;
alter system flush plan cache global;

begin;

select  +-
1 from dual;
+------+
| +-
1 |
+------+
|   -1 |
+------+
select  +-
-1 from dual;
+-------+
| +-
-1 |
+-------+
|     1 |
+-------+

select hit_count, sql_id from oceanbase.GV$OB_PLAN_CACHE_PLAN_STAT where statement like '%from dual';
+-----------+----------------------------------+
| hit_count | sql_id                           |
+-----------+----------------------------------+
|         0 | 3A83BDDA1BB06335F3F55491B4E0311E |
|         0 | ABDAB88D1E3611D2FC3AC6E1E35241BC |
+-----------+----------------------------------+

select -1, -2, -1-2, 1-3 from dual;
+----+----+------+-----+
| -1 | -2 | -1-2 | 1-3 |
+----+----+------+-----+
| -1 | -2 |   -3 |  -2 |
+----+----+------+-----+
select -2, -3, -2-1, 1-4 from dual;
+----+----+------+-----+
| -2 | -3 | -2-1 | 1-4 |
+----+----+------+-----+
| -2 | -3 |   -3 |  -3 |
+----+----+------+-----+

select hit_count, sql_id from oceanbase.GV$OB_PLAN_CACHE_PLAN_STAT where statement like 'select ?, ?, ?-?, ?-? from dual';
+-----------+----------------------------------+
| hit_count | sql_id                           |
+-----------+----------------------------------+
|         1 | 45EEBC9D6CB22FBA3628DF661D60E47D |
+-----------+----------------------------------+

select -1 - 2 from dual;
+--------+
| -1 - 2 |
+--------+
|     -3 |
+--------+
select -1 -    4 from dual;
+-----------+
| -1 -    4 |
+-----------+
|        -5 |
+-----------+
select -1  - 3 from dual;
+---------+
| -1  - 3 |
+---------+
|      -4 |
+---------+

select hit_count, sql_id from oceanbase.GV$OB_PLAN_CACHE_PLAN_STAT where statement like 'select ? - ? from dual';
+-----------+----------------------------------+
| hit_count | sql_id                           |
+-----------+----------------------------------+
|         1 | 194260B34EAC68561906B08E2D769030 |
+-----------+----------------------------------+
select hit_count, sql_id from oceanbase.GV$OB_PLAN_CACHE_PLAN_STAT where statement like 'select ?  - ? from dual';
+-----------+----------------------------------+
| hit_count | sql_id                           |
+-----------+----------------------------------+
|         0 | 8466D82B68244F2141D406FBE7C08EFB |
+-----------+----------------------------------+

alter system flush plan cache global;
select - '1' from dual;
+-------+
| - '1' |
+-------+
|    -1 |
+-------+
select - '-1' from dual;
+--------+
| - '-1' |
+--------+
|      1 |
+--------+

select hit_count, sql_id from oceanbase.GV$OB_PLAN_CACHE_PLAN_STAT where statement like 'select - ? from dual';
+-----------+----------------------------------+
| hit_count | sql_id                           |
+-----------+----------------------------------+
|         1 | 4FC42BBCC9939C65EA5CA183766FA15B |
+-----------+----------------------------------+
commit;

// CASE#3: Normal Select
begin;

select * from t1 where a = -1.2 or b = 1;
+------+------+
| a    | b    |
+------+------+
|    1 |    1 |
|    1 |    1 |
|    1 |    1 |
|    1 |    1 |
|    1 |    1 |
|    1 |    1 |
|    2 |    1 |
|   -1 |    1 |
|   -1 |    1 |
+------+------+
select * from t1 where a = 1.1 or b = -1;
+------+------+
| a    | b    |
+------+------+
|    1 |   -1 |
+------+------+

select hit_count, sql_id from oceanbase.GV$OB_PLAN_CACHE_PLAN_STAT where statement like 'select * from t1 where a = ? or b = ?';
+-----------+----------------------------------+
| hit_count | sql_id                           |
+-----------+----------------------------------+
|         1 | F11A18ABBC64F5747D34869F62703883 |
+-----------+----------------------------------+

select * from t1 where a = -  -1;
+------+------+
| a    | b    |
+------+------+
|    1 |    1 |
|    1 |    1 |
|    1 |    1 |
|    1 |    1 |
|    1 |    1 |
|    1 |    1 |
|    1 |   -1 |
+------+------+
select * from t1 where a = -  1;
+------+------+
| a    | b    |
+------+------+
|   -1 |    1 |
|   -1 |    1 |
+------+------+

select hit_count, sql_id from oceanbase.GV$OB_PLAN_CACHE_PLAN_STAT where statement like 'select * from t1 where a = -  ?';
+-----------+----------------------------------+
| hit_count | sql_id                           |
+-----------+----------------------------------+
|         0 | 662F288B940A72626905FC94439EC7AF |
+-----------+----------------------------------+
select hit_count, sql_id from oceanbase.GV$OB_PLAN_CACHE_PLAN_STAT where statement like 'select * from t1 where a = ?';
+-----------+----------------------------------+
| hit_count | sql_id                           |
+-----------+----------------------------------+
|         0 | 3F2796A9372D0A7F7B4C22515E0C50D1 |
+-----------+----------------------------------+
commit;

// CASE#4: Neg sign with Tokens
begin;

set @user_var = 1;

select - @user_var from dual;
+-------------+
| - @user_var |
+-------------+
|          -1 |
+-------------+
select - @user_var from dual;
+-------------+
| - @user_var |
+-------------+
|          -1 |
+-------------+
select hit_count, sql_id from oceanbase.GV$OB_PLAN_CACHE_PLAN_STAT where statement like 'select - @user_var from dual';
+-----------+----------------------------------+
| hit_count | sql_id                           |
+-----------+----------------------------------+
|         1 | 619388E6A9070C6D80E93E374E12548D |
+-----------+----------------------------------+

select - a from t1;
+------+
| - a  |
+------+
|    1 |
|    1 |
|   -1 |
|   -1 |
|   -1 |
|   -1 |
|   -1 |
|   -1 |
|   -1 |
|   -2 |
+------+
select - a from t1;
+------+
| - a  |
+------+
|    1 |
|    1 |
|   -1 |
|   -1 |
|   -1 |
|   -1 |
|   -1 |
|   -1 |
|   -1 |
|   -2 |
+------+
select - a - b from t1;
+---------+
| - a - b |
+---------+
|       0 |
|       0 |
|       0 |
|      -2 |
|      -2 |
|      -2 |
|      -2 |
|      -2 |
|      -2 |
|      -3 |
+---------+
select - a - b from t1;
+---------+
| - a - b |
+---------+
|       0 |
|       0 |
|       0 |
|      -2 |
|      -2 |
|      -2 |
|      -2 |
|      -2 |
|      -2 |
|      -3 |
+---------+

select hit_count, sql_id from oceanbase.GV$OB_PLAN_CACHE_PLAN_STAT where statement like 'select - a from t1';
+-----------+----------------------------------+
| hit_count | sql_id                           |
+-----------+----------------------------------+
|         1 | 9FCE9145FE5809139737E48BE7731599 |
+-----------+----------------------------------+
select hit_count, sql_id from oceanbase.GV$OB_PLAN_CACHE_PLAN_STAT where statement like 'select - a - b from t1';
+-----------+----------------------------------+
| hit_count | sql_id                           |
+-----------+----------------------------------+
|         1 | 4BAA7AE3BBCF955B0ECA7EF0362D616F |
+-----------+----------------------------------+

select - @@IS_RESULT_ACCURATE from dual;
+------------------------+
| - @@IS_RESULT_ACCURATE |
+------------------------+
|                     -1 |
+------------------------+
select - @@IS_RESULT_ACCURATE from dual;
+------------------------+
| - @@IS_RESULT_ACCURATE |
+------------------------+
|                     -1 |
+------------------------+
select hit_count, sql_id from oceanbase.GV$OB_PLAN_CACHE_PLAN_STAT where statement like 'select - @@IS_RESULT_ACCURATE from dual';
+-----------+----------------------------------+
| hit_count | sql_id                           |
+-----------+----------------------------------+
|         1 | E8B2AB00EC10025D0A94B96BCED84C88 |
+-----------+----------------------------------+
commit;

// CASE#5: Trans neg sign
begin;

select 1 - 2 * 3 from dual;
+-----------+
| 1 - 2 * 3 |
+-----------+
|        -5 |
+-----------+
select 22 - 22 * 3 from dual;
+-------------+
| 22 - 22 * 3 |
+-------------+
|         -44 |
+-------------+

select hit_count, sql_id from oceanbase.GV$OB_PLAN_CACHE_PLAN_STAT where statement like 'select ? - ? * ? from dual';
+-----------+----------------------------------+
| hit_count | sql_id                           |
+-----------+----------------------------------+
|         1 | C85C040B1A4CF941A227C85C7DF275A2 |
+-----------+----------------------------------+

select 1 - 2 / 3 from dual;
+-----------+
| 1 - 2 / 3 |
+-----------+
|    0.3333 |
+-----------+
select 1 - 4 / 3 from dual;
+-----------+
| 1 - 4 / 3 |
+-----------+
|   -0.3333 |
+-----------+

select hit_count, sql_id from oceanbase.GV$OB_PLAN_CACHE_PLAN_STAT where statement like 'select ? - ? / ? from dual';
+-----------+----------------------------------+
| hit_count | sql_id                           |
+-----------+----------------------------------+
|         1 | AC87DCE49DF8B6B6BBA9C19BC69A37D4 |
+-----------+----------------------------------+

select 1 - 2 % 1 from dual;
+-----------+
| 1 - 2 % 1 |
+-----------+
|         1 |
+-----------+
select 1 - 2 % 3 from dual;
+-----------+
| 1 - 2 % 3 |
+-----------+
|        -1 |
+-----------+

select hit_count, sql_id from oceanbase.GV$OB_PLAN_CACHE_PLAN_STAT where statement like 'select ? - ? % ? from dual';
+-----------+----------------------------------+
| hit_count | sql_id                           |
+-----------+----------------------------------+
|         1 | 4B7C43CFCC95416BC2E9E706405F42ED |
|         1 | AC87DCE49DF8B6B6BBA9C19BC69A37D4 |
|         1 | C85C040B1A4CF941A227C85C7DF275A2 |
+-----------+----------------------------------+

select 1 - 3 mod 2 from dual;
+-------------+
| 1 - 3 mod 2 |
+-------------+
|           0 |
+-------------+
select 1 - 2 mod 3 from dual;
+-------------+
| 1 - 2 mod 3 |
+-------------+
|          -1 |
+-------------+

select hit_count, sql_id from oceanbase.GV$OB_PLAN_CACHE_PLAN_STAT where statement like 'select ? - ? mod ? from dual';
+-----------+----------------------------------+
| hit_count | sql_id                           |
+-----------+----------------------------------+
|         1 | 76D1B75E74F1AEA46056834F3A6078AB |
+-----------+----------------------------------+

select 1--1 from dual;
+------+
| 1--1 |
+------+
|    2 |
+------+
select 1--2 from dual;
+------+
| 1--2 |
+------+
|    3 |
+------+

select hit_count, sql_id from oceanbase.GV$OB_PLAN_CACHE_PLAN_STAT where statement like 'select ?-? from dual';
+-----------+----------------------------------+
| hit_count | sql_id                           |
+-----------+----------------------------------+
|         1 | DD6CC63B8582D6F34A7D377DA2E2D47F |
+-----------+----------------------------------+
commit;

// CASE#6: INT64_MIN
alter system flush plan cache global;
begin;

select - 9223372036854775808 from dual;
+-----------------------+
| - 9223372036854775808 |
+-----------------------+
|  -9223372036854775808 |
+-----------------------+
select -1 from dual;
+----+
| -1 |
+----+
| -1 |
+----+
select -9223372036854775808 from dual;
+----------------------+
| -9223372036854775808 |
+----------------------+
| -9223372036854775808 |
+----------------------+

// expect hit same plan
select hit_count, sql_id from oceanbase.GV$OB_PLAN_CACHE_PLAN_STAT where statement like 'select ? from dual';
+-----------+----------------------------------+
| hit_count | sql_id                           |
+-----------+----------------------------------+
|         2 | B2FD215564A613E27B321C64B690F933 |
+-----------+----------------------------------+

drop table if exists t_int_min;
create table t_int_min as select -9223372036854775808 from dual;
desc t_int_min;
+----------------------+------------+------+-----+---------+-------+
| Field                | Type       | Null | Key | Default | Extra |
+----------------------+------------+------+-----+---------+-------+
| -9223372036854775808 | bigint(20) | NO   |     | 0       |       |
+----------------------+------------+------+-----+---------+-------+

select -(-(9223372036854775808)) from dual;
+---------------------------+
| -(-(9223372036854775808)) |
+---------------------------+
|       9223372036854775808 |
+---------------------------+
select -(-(9223372036854775809)) from dual;
+---------------------------+
| -(-(9223372036854775809)) |
+---------------------------+
|       9223372036854775809 |
+---------------------------+
select -(-(1)) from dual;
+---------+
| -(-(1)) |
+---------+
|       1 |
+---------+
select -(-(9223372036854775807)) from dual;
+---------------------------+
| -(-(9223372036854775807)) |
+---------------------------+
|       9223372036854775807 |
+---------------------------+
// expect 2 records, one uint, one int
select hit_count, sql_id, param_infos from oceanbase.GV$OB_PLAN_CACHE_PLAN_STAT where statement like 'select -(-(?)) from dual';
+-----------+----------------------------------+--------------+
| hit_count | sql_id                           | param_infos  |
+-----------+----------------------------------+--------------+
|         1 | BDBBF20FFCD4643D034989B69476862B | {1,0,0,0,10} |
|         1 | BDBBF20FFCD4643D034989B69476862B | {1,0,0,0,5}  |
+-----------+----------------------------------+--------------+

select -(-(-(9223372036854775808))) from dual;
+------------------------------+
| -(-(-(9223372036854775808))) |
+------------------------------+
|         -9223372036854775808 |
+------------------------------+
select -(-(-(1))) from dual;
+------------+
| -(-(-(1))) |
+------------+
|         -1 |
+------------+
select -(-(-(-1))) from dual;
+-------------+
| -(-(-(-1))) |
+-------------+
|           1 |
+-------------+

// expect 2 records
select hit_count, sql_id, param_infos from oceanbase.GV$OB_PLAN_CACHE_PLAN_STAT where statement like 'select -(-(-(?))) from dual';
+-----------+----------------------------------+--------------+
| hit_count | sql_id                           | param_infos  |
+-----------+----------------------------------+--------------+
|         0 | E8265898789623C152F83071C15BF860 | {1,0,0,0,10} |
|         1 | E8265898789623C152F83071C15BF860 | {1,0,0,0,5}  |
+-----------+----------------------------------+--------------+
commit;

// CASE#7: Limit Expr
begin;

select * from t1 limit 1, 1;
+------+------+
| a    | b    |
+------+------+
|    1 |   -1 |
+------+------+
select * from t1 limit 0, 1;
+------+------+
| a    | b    |
+------+------+
|    1 |    1 |
+------+------+

select hit_count, sql_id from oceanbase.GV$OB_PLAN_CACHE_PLAN_STAT where statement like 'select * from t1 limit ?, ?';
+-----------+----------------------------------+
| hit_count | sql_id                           |
+-----------+----------------------------------+
|         1 | 7692EE860268522A5F4011B44477B0E8 |
+-----------+----------------------------------+

select * from t1 limit -1, 1;
ERROR 42000: You have an error in your SQL syntax; check the manual that corresponds to your OceanBase version for the right syntax to use near '-1, 1' at line 1
select * from t1 limit -0, 1;
ERROR 42000: You have an error in your SQL syntax; check the manual that corresponds to your OceanBase version for the right syntax to use near '-0, 1' at line 1

select * from t1 limit 1 offset 1;
+------+------+
| a    | b    |
+------+------+
|    1 |   -1 |
+------+------+
select * from t1 limit 1 offset 0;
+------+------+
| a    | b    |
+------+------+
|    1 |    1 |
+------+------+

select hit_count, sql_id from oceanbase.GV$OB_PLAN_CACHE_PLAN_STAT where statement like 'select * from t1 limit ? offset ?';
+-----------+----------------------------------+
| hit_count | sql_id                           |
+-----------+----------------------------------+
|         1 | 23A58C0F63832E7CF9C93C105506C920 |
+-----------+----------------------------------+

select * from t1 limit 1 offset -1;
ERROR 42000: You have an error in your SQL syntax; check the manual that corresponds to your OceanBase version for the right syntax to use near '-1' at line 1
select * from t1 limit 1 offset -0;
ERROR 42000: You have an error in your SQL syntax; check the manual that corresponds to your OceanBase version for the right syntax to use near '-0' at line 1

// parentheses
select 1 - (1) from dual;
+---------+
| 1 - (1) |
+---------+
|       0 |
+---------+
select 1 - (1) from dual;
+---------+
| 1 - (1) |
+---------+
|       0 |
+---------+

select hit_count, sql_id from oceanbase.GV$OB_PLAN_CACHE_PLAN_STAT where statement like 'select ? - (?) from dual';
+-----------+----------------------------------+
| hit_count | sql_id                           |
+-----------+----------------------------------+
|         1 | 0A6F2DC113702B5AE7F0A8F69EE13624 |
+-----------+----------------------------------+

select (1-(-1-(2-3-4-(5-(6-(7)))))) from dual;
+------------------------------+
| (1-(-1-(2-3-4-(5-(6-(7)))))) |
+------------------------------+
|                           -9 |
+------------------------------+
select (1-(-1-(2-3-4-(5-(6-(7)))))) from dual;
+------------------------------+
| (1-(-1-(2-3-4-(5-(6-(7)))))) |
+------------------------------+
|                           -9 |
+------------------------------+

select hit_count, sql_id from oceanbase.GV$OB_PLAN_CACHE_PLAN_STAT where statement like 'select (?-(?-(?-?-?-(?-(?-(?)))))) from dual';
+-----------+----------------------------------+
| hit_count | sql_id                           |
+-----------+----------------------------------+
|         1 | 71B689DB3C194645EC2F5BDFACCD6ECC |
+-----------+----------------------------------+

select 1--2/3 from dual;
+--------+
| 1--2/3 |
+--------+
| 1.6667 |
+--------+
select 1--2/3 from dual;
+--------+
| 1--2/3 |
+--------+
| 1.6667 |
+--------+

select hit_count, sql_id from oceanbase.GV$OB_PLAN_CACHE_PLAN_STAT where statement like 'select ?-?/? from dual';
+-----------+----------------------------------+
| hit_count | sql_id                           |
+-----------+----------------------------------+
|         1 | 68BAE32DFDDA1CDDEE98E87A8521F92F |
+-----------+----------------------------------+

select  1-(2)/3 from dual;
+---------+
| 1-(2)/3 |
+---------+
|  0.3333 |
+---------+
select  1-(2)/3 from dual;
+---------+
| 1-(2)/3 |
+---------+
|  0.3333 |
+---------+
select  1-(-2)/3 from dual;
+----------+
| 1-(-2)/3 |
+----------+
|   1.6667 |
+----------+
select  1-(-2)/3 from dual;
+----------+
| 1-(-2)/3 |
+----------+
|   1.6667 |
+----------+

select hit_count, sql_id from oceanbase.GV$OB_PLAN_CACHE_PLAN_STAT where statement like 'select  ?-(?)/? from dual';
+-----------+----------------------------------+
| hit_count | sql_id                           |
+-----------+----------------------------------+
|         3 | 32746B2F5FF27E7D31FD6C478D51CBB0 |
+-----------+----------------------------------+

select 1 - (2/3)/4 from dual;
+-------------+
| 1 - (2/3)/4 |
+-------------+
|  0.83333333 |
+-------------+
select 1 - (2/3)/4 from dual;
+-------------+
| 1 - (2/3)/4 |
+-------------+
|  0.83333333 |
+-------------+

select 1 - (-2/3)/-4 from dual;
+---------------+
| 1 - (-2/3)/-4 |
+---------------+
|    0.83333333 |
+---------------+
select 1 - (-2/3)/-4 from dual;
+---------------+
| 1 - (-2/3)/-4 |
+---------------+
|    0.83333333 |
+---------------+

select hit_count, sql_id from oceanbase.GV$OB_PLAN_CACHE_PLAN_STAT where statement like 'select ? - (?/?)/? from dual';
+-----------+----------------------------------+
| hit_count | sql_id                           |
+-----------+----------------------------------+
|         3 | 850329E3E5BD5FDDC34850940B423069 |
+-----------+----------------------------------+

select 1 - (2%3)%4 from dual;
+-------------+
| 1 - (2%3)%4 |
+-------------+
|          -1 |
+-------------+
select 1 - (2%3)%4 from dual;
+-------------+
| 1 - (2%3)%4 |
+-------------+
|          -1 |
+-------------+

select 1 - (-2%3)%-4 from dual;
+---------------+
| 1 - (-2%3)%-4 |
+---------------+
|             3 |
+---------------+
select 1 - (-2%3)%-4 from dual;
+---------------+
| 1 - (-2%3)%-4 |
+---------------+
|             3 |
+---------------+

select hit_count, sql_id from oceanbase.GV$OB_PLAN_CACHE_PLAN_STAT where statement like 'select ? - (?%?)%? from dual';
+-----------+----------------------------------+
| hit_count | sql_id                           |
+-----------+----------------------------------+
|         3 | 850329E3E5BD5FDDC34850940B423069 |
|         3 | F38D210C13E6159B6D5BB953C6752DD2 |
+-----------+----------------------------------+

select 1 - (2*3)*4 from dual;
+-------------+
| 1 - (2*3)*4 |
+-------------+
|         -23 |
+-------------+
select 1 - (2*3)*4 from dual;
+-------------+
| 1 - (2*3)*4 |
+-------------+
|         -23 |
+-------------+

select 1 - (-2*3)*-4 from dual;
+---------------+
| 1 - (-2*3)*-4 |
+---------------+
|           -23 |
+---------------+
select 1 - (-2*3)*-4 from dual;
+---------------+
| 1 - (-2*3)*-4 |
+---------------+
|           -23 |
+---------------+

select hit_count, sql_id from oceanbase.GV$OB_PLAN_CACHE_PLAN_STAT where statement like 'select ? - (?*?)*? from dual';
+-----------+----------------------------------+
| hit_count | sql_id                           |
+-----------+----------------------------------+
|         3 | 1F99F2C28ACEFE1B05D63C7E0786D5A3 |
+-----------+----------------------------------+

select 1 - (2/(3/4)/(-(2/3/4 - (2/3/4/5/6/7/8/9)))) from dual;
+----------------------------------------------+
| 1 - (2/(3/4)/(-(2/3/4 - (2/3/4/5/6/7/8/9)))) |
+----------------------------------------------+
|                                  17.00105833 |
+----------------------------------------------+
select 1 - (2/(3/4)/(-(2/3/4 - (2/3/4/5/6/7/8/9)))) from dual;
+----------------------------------------------+
| 1 - (2/(3/4)/(-(2/3/4 - (2/3/4/5/6/7/8/9)))) |
+----------------------------------------------+
|                                  17.00105833 |
+----------------------------------------------+

select hit_count, sql_id from oceanbase.GV$OB_PLAN_CACHE_PLAN_STAT where statement like 'select ? - (?/(?/?)/(-(?/?/? - (?/?/?/?/?/?/?/?)))) from dual';
+-----------+----------------------------------+
| hit_count | sql_id                           |
+-----------+----------------------------------+
|         1 | C61BF3EA9D1A1F0B45D22C6166A6F598 |
+-----------+----------------------------------+

select -(-2/3/4 - (((2/3/4) + 2) + 2)) from dual;
+---------------------------------+
| -(-2/3/4 - (((2/3/4) + 2) + 2)) |
+---------------------------------+
|                      4.33333333 |
+---------------------------------+
select -(-2/3/4 - (((2/3/4) + 2) + 2)) from dual;
+---------------------------------+
| -(-2/3/4 - (((2/3/4) + 2) + 2)) |
+---------------------------------+
|                      4.33333333 |
+---------------------------------+

select hit_count, sql_id from oceanbase.GV$OB_PLAN_CACHE_PLAN_STAT where statement like 'select -(?/?/? - (((?/?/?) + ?) + ?)) from dual';
+-----------+----------------------------------+
| hit_count | sql_id                           |
+-----------+----------------------------------+
|         1 | FA8CFAB309129A5BB074E7283D740EF6 |
+-----------+----------------------------------+

// divs,muls and mods
select (1 + 2) - 1 * 2 * 3 from dual;
+---------------------+
| (1 + 2) - 1 * 2 * 3 |
+---------------------+
|                  -3 |
+---------------------+
select (1 + 2) - 1 * 2 * 3 from dual;
+---------------------+
| (1 + 2) - 1 * 2 * 3 |
+---------------------+
|                  -3 |
+---------------------+

select hit_count, sql_id from oceanbase.GV$OB_PLAN_CACHE_PLAN_STAT where statement like 'select (? + ?) - ? * ? * ? from dual';
+-----------+----------------------------------+
| hit_count | sql_id                           |
+-----------+----------------------------------+
|         1 | 7EC6C1409656C0456F2933DDBDA84D9F |
+-----------+----------------------------------+

select (1 + 2) - 1/2/3 from dual;
+-----------------+
| (1 + 2) - 1/2/3 |
+-----------------+
|      2.83333333 |
+-----------------+
select (1 + 2) - 1/2/3 from dual;
+-----------------+
| (1 + 2) - 1/2/3 |
+-----------------+
|      2.83333333 |
+-----------------+

select hit_count, sql_id from oceanbase.GV$OB_PLAN_CACHE_PLAN_STAT where statement like 'select (? + ?) - ?/?/? from dual';
+-----------+----------------------------------+
| hit_count | sql_id                           |
+-----------+----------------------------------+
|         1 | 692BFF193821AD33E11ED1229BC7158A |
+-----------+----------------------------------+

select (1 + 2) - 9%2%3 from dual;
+-----------------+
| (1 + 2) - 9%2%3 |
+-----------------+
|               2 |
+-----------------+
select (1 + 2) - 9%2%3 from dual;
+-----------------+
| (1 + 2) - 9%2%3 |
+-----------------+
|               2 |
+-----------------+

select hit_count, sql_id from oceanbase.GV$OB_PLAN_CACHE_PLAN_STAT where statement like 'select (? + ?) - ?%?%? from dual';
+-----------+----------------------------------+
| hit_count | sql_id                           |
+-----------+----------------------------------+
|         1 | 692BFF193821AD33E11ED1229BC7158A |
|         1 | 7EC6C1409656C0456F2933DDBDA84D9F |
|         1 | 85A17F45920587F5B584DB7C9260601E |
+-----------+----------------------------------+

select 3/2 - (1 * 2 / 3) + 18/-2/3 - 1 * 2 * 3 from dual;
+-----------------------------------------+
| 3/2 - (1 * 2 / 3) + 18/-2/3 - 1 * 2 * 3 |
+-----------------------------------------+
|                             -8.16666667 |
+-----------------------------------------+
select 3/2 - (1 * 2 / 3) + 18/-2/3 - 1 * 2 * 3 from dual;
+-----------------------------------------+
| 3/2 - (1 * 2 / 3) + 18/-2/3 - 1 * 2 * 3 |
+-----------------------------------------+
|                             -8.16666667 |
+-----------------------------------------+

select hit_count, sql_id from oceanbase.GV$OB_PLAN_CACHE_PLAN_STAT where statement like 'select ?/? - (? * ? / ?) + ?/?/? - ? * ? * ? from dual';
+-----------+----------------------------------+
| hit_count | sql_id                           |
+-----------+----------------------------------+
|         1 | 3D8CAF63C16F1E9AB8BAA297A5C2FA18 |
+-----------+----------------------------------+

select -9%2/3 * 3 - (10/3%2 + 2/3/4) + (1 * (2 * (3/4/4/4) )) from dual;
+--------------------------------------------------------+
| -9%2/3 * 3 - (10/3%2 + 2/3/4) + (1 * (2 * (3/4/4/4) )) |
+--------------------------------------------------------+
|                                        -2.406249998000 |
+--------------------------------------------------------+
select -9%2/3 * 3 - (10/3%2 + 2/3/4) + (1 * (2 * (3/4/4/4) )) from dual;
+--------------------------------------------------------+
| -9%2/3 * 3 - (10/3%2 + 2/3/4) + (1 * (2 * (3/4/4/4) )) |
+--------------------------------------------------------+
|                                        -2.406249998000 |
+--------------------------------------------------------+

select hit_count, sql_id from oceanbase.GV$OB_PLAN_CACHE_PLAN_STAT where statement like 'select ?%?/? * ? - (?/?%? + ?/?/?) + (? * (? * (?/?/?/?) )) from dual';
+-----------+----------------------------------+
| hit_count | sql_id                           |
+-----------+----------------------------------+
|         1 | F31C65672FF878262361D9B66619983C |
+-----------+----------------------------------+

select (1-(2-(3-(1 * (-2 / (-2 % (4 - (1 + 2 - 3 % 4)))))))) / (1 + 2 + 3 - (2 * 4 * 5 / 6 % (-2 * - 4 + 6))) - (-1 /4 * -3 + 2 / -3 * 5) from dual;
+------------------------------------------------------------------------------------------------------------------------------------+
| (1-(2-(3-(1 * (-2 / (-2 % (4 - (1 + 2 - 3 % 4)))))))) / (1 + 2 + 3 - (2 * 4 * 5 / 6 % (-2 * - 4 + 6))) - (-1 /4 * -3 + 2 / -3 * 5) |
+------------------------------------------------------------------------------------------------------------------------------------+
|                                                                                                                         1.08333333 |
+------------------------------------------------------------------------------------------------------------------------------------+
select (1-(2-(3-(1 * (-2 / (-2 % (4 - (1 + 2 - 3 % 4)))))))) / (1 + 2 + 3 - (2 * 4 * 5 / 6 % (-2 * - 4 + 6))) - (-1 /4 * -3 + 2 / -3 * 5) from dual;
+------------------------------------------------------------------------------------------------------------------------------------+
| (1-(2-(3-(1 * (-2 / (-2 % (4 - (1 + 2 - 3 % 4)))))))) / (1 + 2 + 3 - (2 * 4 * 5 / 6 % (-2 * - 4 + 6))) - (-1 /4 * -3 + 2 / -3 * 5) |
+------------------------------------------------------------------------------------------------------------------------------------+
|                                                                                                                         1.08333333 |
+------------------------------------------------------------------------------------------------------------------------------------+

select hit_count, sql_id from oceanbase.GV$OB_PLAN_CACHE_PLAN_STAT where statement like 'select (?-(?-(?-(? * (? / (? % (? - (? + ? - ? % ?)))))))) / (? + ? + ? - (? * ? * ? / ? % (? * ? + ?))) - (? /? * ? + ? / ? * ?) from dual';
+-----------+----------------------------------+
| hit_count | sql_id                           |
+-----------+----------------------------------+
|         1 | F35C45765459B93936C5CD1E83DE0624 |
+-----------+----------------------------------+

select (1+(-2*3-5/5+6%2))*(1/((-2-3)/(-3*(4/(5*(-1-3+3))))))/(1-(5%2-(2/3/4/5/6/7/8))) from dual;
+---------------------------------------------------------------------------------+
| (1+(-2*3-5/5+6%2))*(1/((-2-3)/(-3*(4/(5*(-1-3+3))))))/(1-(5%2-(2/3/4/5/6/7/8))) |
+---------------------------------------------------------------------------------+
|                                                              29030.400116121602 |
+---------------------------------------------------------------------------------+
select (1+(-2*3-5/5+6%2))*(1/((-2-3)/(-3*(4/(5*(-1-3+3))))))/(1-(5%2-(2/3/4/5/6/7/8))) from dual;
+---------------------------------------------------------------------------------+
| (1+(-2*3-5/5+6%2))*(1/((-2-3)/(-3*(4/(5*(-1-3+3))))))/(1-(5%2-(2/3/4/5/6/7/8))) |
+---------------------------------------------------------------------------------+
|                                                              29030.400116121602 |
+---------------------------------------------------------------------------------+

select hit_count, sql_id from oceanbase.GV$OB_PLAN_CACHE_PLAN_STAT where statement like 'select (?+(?*?-?/?+?%?))*(?/((?-?)/(?*(?/(?*(?-?+?))))))/(?-(?%?-(?/?/?/?/?/?/?))) from dual';
+-----------+----------------------------------+
| hit_count | sql_id                           |
+-----------+----------------------------------+
|         1 | F27D22D409300DE70CF6A30A4BD19B46 |
+-----------+----------------------------------+
commit;

// CLEANUP
drop table t1;

create table t1 (
    c1 int, c2 int unsigned,
    c3 tinyint, c4 tinyint unsigned,
    c5 smallint, c6 smallint unsigned,
    c7 mediumint, c8 mediumint unsigned,
    c9 integer, c10 integer unsigned,
    c11 bigint, c12 bigint unsigned,
    c13 float, c14 float unsigned,
    c15 double, c16 double unsigned,
    c17 decimal, c18 decimal unsigned,
    c19 datetime, c20 timestamp,
    c21 year, c22 date, c23 time,
    c24 varchar(30), c25 char(30),
    c26 varbinary(30), c27 binary(30));

create table t2 as select -c1,-c2,-c3,-c4,-c5,-c6,-c7,-c8,-c9,-c10,-c11,-c12,-c13,-c14,-c15,-c16,-c17,-c18,-c19,-c20,-c21,-c22,-c23,-c24,-c25,-c26,-c27 from t1;
desc t2;
+-------+---------------+------+-----+---------+-------+
| Field | Type          | Null | Key | Default | Extra |
+-------+---------------+------+-----+---------+-------+
| -c1   | bigint(12)    | YES  |     | NULL    |       |
| -c10  | bigint(11)    | YES  |     | NULL    |       |
| -c11  | bigint(21)    | YES  |     | NULL    |       |
| -c12  | bigint(21)    | YES  |     | NULL    |       |
| -c13  | double        | YES  |     | NULL    |       |
| -c14  | double        | YES  |     | NULL    |       |
| -c15  | double        | YES  |     | NULL    |       |
| -c16  | double        | YES  |     | NULL    |       |
| -c17  | decimal(11,0) | YES  |     | NULL    |       |
| -c18  | decimal(10,0) | YES  |     | NULL    |       |
| -c19  | double(20,0)  | YES  |     | NULL    |       |
| -c2   | bigint(11)    | YES  |     | NULL    |       |
| -c20  | double(20,0)  | YES  |     | NULL    |       |
| -c21  | bigint(5)     | YES  |     | NULL    |       |
| -c22  | double(11,0)  | YES  |     | NULL    |       |
| -c23  | double(11,0)  | YES  |     | NULL    |       |
| -c24  | double        | YES  |     | NULL    |       |
| -c25  | double        | YES  |     | NULL    |       |
| -c26  | double        | YES  |     | NULL    |       |
| -c27  | double        | YES  |     | NULL    |       |
| -c3   | bigint(5)     | YES  |     | NULL    |       |
| -c4   | bigint(4)     | YES  |     | NULL    |       |
| -c5   | bigint(7)     | YES  |     | NULL    |       |
| -c6   | bigint(6)     | YES  |     | NULL    |       |
| -c7   | bigint(10)    | YES  |     | NULL    |       |
| -c8   | bigint(9)     | YES  |     | NULL    |       |
| -c9   | bigint(12)    | YES  |     | NULL    |       |
+-------+---------------+------+-----+---------+-------+
drop table t2;

create table t2 as select neg(c1),neg(c2),neg(c3),neg(c4),neg(c5),neg(c6),neg(c7),neg(c8),neg(c9),neg(c10),neg(c11),neg(c12),neg(c13),neg(c14),neg(c15),neg(c16),neg(c17),neg(c18),neg(c19),neg(c20),neg(c21),neg(c22),neg(c23),neg(c24),neg(c25),neg(c26),neg(c27) from t1;
desc t2;
+----------+---------------+------+-----+---------+-------+
| Field    | Type          | Null | Key | Default | Extra |
+----------+---------------+------+-----+---------+-------+
| neg(c1)  | bigint(12)    | YES  |     | NULL    |       |
| neg(c10) | bigint(11)    | YES  |     | NULL    |       |
| neg(c11) | bigint(21)    | YES  |     | NULL    |       |
| neg(c12) | bigint(21)    | YES  |     | NULL    |       |
| neg(c13) | double        | YES  |     | NULL    |       |
| neg(c14) | double        | YES  |     | NULL    |       |
| neg(c15) | double        | YES  |     | NULL    |       |
| neg(c16) | double        | YES  |     | NULL    |       |
| neg(c17) | decimal(11,0) | YES  |     | NULL    |       |
| neg(c18) | decimal(10,0) | YES  |     | NULL    |       |
| neg(c19) | double(20,0)  | YES  |     | NULL    |       |
| neg(c2)  | bigint(11)    | YES  |     | NULL    |       |
| neg(c20) | double(20,0)  | YES  |     | NULL    |       |
| neg(c21) | bigint(5)     | YES  |     | NULL    |       |
| neg(c22) | double(11,0)  | YES  |     | NULL    |       |
| neg(c23) | double(11,0)  | YES  |     | NULL    |       |
| neg(c24) | double        | YES  |     | NULL    |       |
| neg(c25) | double        | YES  |     | NULL    |       |
| neg(c26) | double        | YES  |     | NULL    |       |
| neg(c27) | double        | YES  |     | NULL    |       |
| neg(c3)  | bigint(5)     | YES  |     | NULL    |       |
| neg(c4)  | bigint(4)     | YES  |     | NULL    |       |
| neg(c5)  | bigint(7)     | YES  |     | NULL    |       |
| neg(c6)  | bigint(6)     | YES  |     | NULL    |       |
| neg(c7)  | bigint(10)    | YES  |     | NULL    |       |
| neg(c8)  | bigint(9)     | YES  |     | NULL    |       |
| neg(c9)  | bigint(12)    | YES  |     | NULL    |       |
+----------+---------------+------+-----+---------+-------+
drop table t2;

commit;
set autocommit = 1;
