file	line	symbol	construct	text
src/pl/sys_package/ob_dbms_vector_mysql.cpp	299	ObDBMSVectorMySql::index_vector_memory_estimate	assign_fmt call; format "SELECT cast(sum(table_rows) as unsigned) as sum, max(table_rows) as max from information_schema.PARTITIONS WHERE table_schema='%.*s' and table_name='%.*s'"; conversions %.*s %.*s; 4 arguments: database_name.length(), database_name.ptr(), table_name.length(), table_name.ptr(); argument types: int32_t | char * or const char * | ? | ?; conversion and argument pairs: %.*s width or precision <- int32_t, %.*s <- char * or const char *, %.*s width or precision <- ?, %.*s <- ?	if (OB_FAIL(query_string.assign_fmt("SELECT cast(sum(table_rows) as unsigned) as sum, max(table_rows) as max from information_schema.PARTITIONS WHERE table_schema='%.*s' and table_name='%.*s'",
src/pl/sys_package/ob_dbms_vector_mysql.cpp	477	ObDBMSVectorMySql::print_mem_size	snprintf call; format "%.1f %s"; conversions %.1f %s; 2 arguments: float_mem_size, units[unit_index]; argument types: float | const char; conversion and argument pairs: %.1f <- float, %s <- const char	int res_len = snprintf(mem_size_str, 128, "%.1f %s", float_mem_size, units[unit_index]);
src/query/api/query/engine/expr/ob_expr.h	1150	VectorizedRowsWrapper::to_string	databuff_printf call; format "vectorized_rows(%ld)="; conversions %ld; 1 arguments: index_; argument types: int64_t; conversion and argument pairs: %ld <- int64_t; inside to_string	if (OB_FAIL(databuff_printf(buf, buf_len, pos, "vectorized_rows(%ld)=", index_))) {
src/query/api/query/engine/expr/ob_expr.h	1185	VectorizedExprsMetaWrapper::to_string	databuff_printf call; format "vectorized_exprs_meta="; conversions none; 0 arguments; inside to_string	if (OB_FAIL(databuff_printf(buf, buf_len, pos, "vectorized_exprs_meta="))) {
src/query/api/query/engine/expr/ob_expr.h	1224	VectorizedRowByColumnWrapper::to_string	databuff_printf call; format "vectorized_expr(%ld)="; conversions %ld; 1 arguments: index_; argument types: int64_t; conversion and argument pairs: %ld <- int64_t; inside to_string	if (OB_FAIL(databuff_printf(buf, buf_len, pos, "vectorized_expr(%ld)=", index_))) {
src/query/api/query/engine/expr/ob_expr.h	1237	VectorizedRowByColumnWrapper::to_string	databuff_printf call; format "{null}"; conversions none; 0 arguments; inside to_string	if (OB_FAIL(databuff_printf(buf, buf_len, pos, "{null}"))) {
src/query/api/query/parser/ob_item_type.h	2464	databuff_print_obj	databuff_printf call; format "\"%s\""; conversions %s; 1 arguments: get_type_name(obj); argument types: const char *; conversion and argument pairs: %s <- const char *	return databuff_printf(buf, buf_len, pos, "\"%s\"", get_type_name(obj));
src/query/api/query/parser/ob_item_type.h	2471	databuff_print_key_obj	databuff_printf call; format WITH_COMMA("%s:\"%s\""); conversions %s %s; format uses macros WITH_COMMA; 2 arguments: key, get_type_name(obj); argument types: const char * | const char *; conversion and argument pairs: %s <- const char *, %s <- const char *	return databuff_printf(buf, buf_len, pos, WITH_COMMA("%s:\"%s\""), key, get_type_name(obj));
src/query/protocol/ob_mysql_protocol_util.cpp	525	ObSMUtils::build_cell_value	_OB_LOG call; format "max precision is used. origin precision is %d"; conversions %d; 1 arguments: precision; argument types: int16_t; conversion and argument pairs: %d <- int16_t; writes the server log	_OB_LOG(WARN, "max precision is used. origin precision is %d",
src/query/protocol/ob_mysql_protocol_util.cpp	643	ObSMUtils::build_cell_value	_OB_LOG call; format "invalid ob type=%d"; conversions %d; 1 arguments: obj.get_type(); argument types: ObObjType; conversion and argument pairs: %d <- ObObjType; writes the server log	_OB_LOG(ERROR, "invalid ob type=%d", obj.get_type());
src/query/protocol/ob_mysql_protocol_util.cpp	756	ObSMUtils::get_mysql_type	_OB_LOG call; format "unexpected mysql_type=%d"; conversions %d; 1 arguments: mysql_type; argument types: EMySQLFieldType &; conversion and argument pairs: %d <- EMySQLFieldType &; writes the server log	_OB_LOG(WARN, "unexpected mysql_type=%d", mysql_type);
src/query/protocol/ob_mysql_protocol_util.cpp	845	ObSMUtils::get_ob_type	_OB_LOG call; format "unsupport MySQL type %d"; conversions %d; 1 arguments: mysql_type; argument types: EMySQLFieldType; conversion and argument pairs: %d <- EMySQLFieldType; writes the server log	_OB_LOG(WARN, "unsupport MySQL type %d", mysql_type);
src/query/vector/ob_vector_embedding_handler.cpp	893	ObEmbeddingTask::log_phase_transition	snprintf call; format "[TASK] Status From %s to %s"; conversions %s %s; 2 arguments: from_state_str, to_state_str; argument types: default: | default:; conversion and argument pairs: %s <- default:, %s <- default:	int64_t ret = snprintf(msg, sizeof(msg), "[TASK] Status From %s to %s", from_state_str, to_state_str);
src/query/vector/ob_vector_embedding_handler.cpp	1571	ObEmbeddingTask::init_curl_handler	snprintf call; format "Authorization: Bearer %.*s"; conversions %.*s; 2 arguments: user_key.length(), user_key.ptr(); argument types: int32_t | char * or const char *; conversion and argument pairs: %.*s width or precision <- int32_t, %.*s <- char * or const char *	snprintf(auth_header, sizeof(auth_header), "Authorization: Bearer %.*s",
src/rootserver/dbms_job/ob_dbms_job_utils.cpp	259	ObDBMSJobUtils::get_dbms_job_info	append_fmt call; format "select * from %s where job = %ld"; conversions %s %ld; 2 arguments: OB_ALL_JOB_TNAME, job_id; argument types: ? | uint64_t; conversion and argument pairs: %s <- ?, %ld <- uint64_t	OZ (sql.append_fmt("select * from %s where job = %ld", OB_ALL_JOB_TNAME, job_id));
src/rootserver/dbms_job/ob_dbms_job_utils.cpp	291	ObDBMSJobUtils::get_dbms_job_infos_in_runtime	append_fmt call; format "select * from %s"; conversions %s; 1 arguments: OB_ALL_JOB_TNAME; argument types: ?; conversion and argument pairs: %s <- ?	OZ (sql.append_fmt("select * from %s", OB_ALL_JOB_TNAME));
src/rootserver/dbms_job/ob_dbms_job_utils.cpp	343	ObDBMSJobUtils::calc_execute_at	append_fmt call; format "select to_date(to_char(sys_extract_utc(to_timestamp(to_char(sysdate, 'YYYY-MM-DD HH24:MI:SS')," "'YYYY-MM-DD HH24:MI:SS')), 'YYYY-MM-DD HH24:MI:SS'), 'YYYY-...; conversions %.*s; 2 arguments: interval.length(), interval.ptr(); argument types: int32_t | char * or const char *; conversion and argument pairs: %.*s width or precision <- int32_t, %.*s <- char * or const char *	OZ (sql.append_fmt(
src/rootserver/ddl_task/ob_column_redefinition_task.cpp	597	ObColumnRedefinitionTask::collect_longops_stat	databuff_printf call; format "TASK_ID: %ld, "; conversions %ld; 1 arguments: task_id_; argument types: int64_t; conversion and argument pairs: %ld <- int64_t	databuff_printf(stat_info_.message_, MAX_LONG_OPS_MESSAGE_LENGTH, pos, "TASK_ID: %ld, ", task_id_);
src/rootserver/ddl_task/ob_column_redefinition_task.cpp	600	ObColumnRedefinitionTask::collect_longops_stat	databuff_printf call; format "STATUS: PREPARE"; conversions none; 0 arguments	if (OB_FAIL(databuff_printf(stat_info_.message_,
src/rootserver/ddl_task/ob_column_redefinition_task.cpp	609	ObColumnRedefinitionTask::collect_longops_stat	databuff_printf call; format "STATUS: ACQUIRE SNAPSHOT, SNAPSHOT_VERSION: %ld"; conversions %ld; 1 arguments: snapshot_version_; argument types: int64_t; conversion and argument pairs: %ld <- int64_t	if (OB_FAIL(databuff_printf(stat_info_.message_,
src/rootserver/ddl_task/ob_column_redefinition_task.cpp	616	ObColumnRedefinitionTask::collect_longops_stat	databuff_printf call; format "STATUS: WAIT TRANS END, PENDING_TX_ID: %ld"; conversions %ld; 1 arguments: wait_trans_ctx_.get_pending_tx_id().get_id(); argument types: int64_t; conversion and argument pairs: %ld <- int64_t	if (OB_FAIL(databuff_printf(stat_info_.message_,
src/rootserver/ddl_task/ob_column_redefinition_task.cpp	626	ObColumnRedefinitionTask::collect_longops_stat	databuff_printf call; format "STATUS: OBTAIN SNAPSHOT"; conversions none; 0 arguments	if (OB_FAIL(databuff_printf(stat_info_.message_,
src/rootserver/ddl_task/ob_column_redefinition_task.cpp	643	ObColumnRedefinitionTask::collect_longops_stat	databuff_printf call; format "STATUS: REPLICA BUILD, PARALLELISM: %ld, INITIALIZING"; conversions %ld; 1 arguments: ObDDLTaskUtil::get_real_parallelism(parallelism_); argument types: int64_t; conversion and argument pairs: %ld <- int64_t	if (OB_FAIL(databuff_printf(stat_info_.message_,
src/rootserver/ddl_task/ob_column_redefinition_task.cpp	650	ObColumnRedefinitionTask::collect_longops_stat	databuff_printf call; format "STATUS: REPLICA BUILD, PARALLELISM: %ld, ESTIMATED_TOTAL_ROWS: %ld, ROW_PROCESSED: %ld, PROGRESS: %0.2lf%%"; conversions %ld %ld %ld %0.2lf; 4 arguments: ObDDLTaskUtil::get_real_parallelism(parallelism_), physical_row_count_, row_inserted, percent; argument types: int64_t | int64_t | int64_t | double; conversion and argument pairs: %ld <- int64_t, %ld <- int64_t, %ld <- int64_t, %0.2lf <- double	} else if (OB_FAIL(databuff_printf(stat_info_.message_,
src/rootserver/ddl_task/ob_column_redefinition_task.cpp	668	ObColumnRedefinitionTask::collect_longops_stat	databuff_printf call; format "STATUS: COPY DEPENDENT OBJECTS, CHILD TASK IDS: %s"; conversions %s; 1 arguments: child_task_ids; argument types: char [MAX_LONG_OPS_MESSAGE_LENGTH]; conversion and argument pairs: %s <- char [MAX_LONG_OPS_MESSAGE_LENGTH]	} else if (OB_FAIL(databuff_printf(stat_info_.message_,
src/rootserver/ddl_task/ob_column_redefinition_task.cpp	681	ObColumnRedefinitionTask::collect_longops_stat	databuff_printf call; format "STATUS: ENABLE INDEX"; conversions none; 0 arguments	if (OB_FAIL(databuff_printf(stat_info_.message_,
src/rootserver/ddl_task/ob_column_redefinition_task.cpp	689	ObColumnRedefinitionTask::collect_longops_stat	databuff_printf call; format "STATUS: CLEAN ON FAIL"; conversions none; 0 arguments	if (OB_FAIL(databuff_printf(stat_info_.message_,
src/rootserver/ddl_task/ob_column_redefinition_task.cpp	697	ObColumnRedefinitionTask::collect_longops_stat	databuff_printf call; format "STATUS: CLEAN ON SUCCESS"; conversions none; 0 arguments	if (OB_FAIL(databuff_printf(stat_info_.message_,
src/rootserver/ddl_task/ob_constraint_task.cpp	93	ObCheckConstraintValidationTask::process	append_fmt call; format " INDEX(`%.*s`.`%.*s` PRIMARY)"; conversions %.*s %.*s; 4 arguments: static_cast<int>(database_name.length()), database_name.ptr(), static_cast<int>(table_name.length()), table_name.ptr(); argument types: int | char * or const char * | int | char * or const char *; conversion and argument pairs: %.*s width or precision <- int, %.*s <- char * or const char *, %.*s width or precision <- int, %.*s <- char * or const char *	} else if (OB_FAIL(ddl_schema_hint_str.append_fmt(
src/rootserver/ddl_task/ob_constraint_task.cpp	99	ObCheckConstraintValidationTask::process	assign_fmt call; format "SELECT /*+ %.*s */ 1 FROM `%.*s`.`%.*s` WHERE NOT (%.*s) LIMIT 1"; conversions %.*s %.*s %.*s %.*s; 8 arguments: // for mysql mode static_cast<int>(ddl_schema_hint_str.le..., ddl_schema_hint_str.ptr(), static_cast<int>(database_name.length()), database_name.ptr(), static_cast<int>(table_name.length()), table_...; argument types: ? | char * or const char * | int | char * or const char * | int | char * or const char * | int | char * or const char *; conversion and argument pairs: %.*s width or precision <- ?, %.*s <- char * or const char *, %.*s width or precision <- int, %.*s <- char * or const char *, %.*s width or precision <- int, %.*s <- char * or const char *, %.*s width or precision <- int, %.*s <- char * or const char *	} else if (OB_FAIL(sql_string.assign_fmt(
src/rootserver/ddl_task/ob_constraint_task.cpp	142	ObCheckConstraintValidationTask::process	snprintf call; format "data_table_id:%ld, target_object_id:%ld"; conversions %ld %ld; 2 arguments: data_table_id_, target_object_id_; argument types: int64_t | int64_t; conversion and argument pairs: %ld <- int64_t, %ld <- int64_t	snprintf(table_id_buffer, sizeof(table_id_buffer), "data_table_id:%ld, target_object_id:%ld",
src/rootserver/ddl_task/ob_constraint_task.cpp	326	ObForeignKeyConstraintValidationTask::check_fk_constraint_data_valid	append_fmt call; format " INDEX(`%.*s`.`%.*s` PRIMARY)"; conversions %.*s %.*s; 4 arguments: static_cast<int>(child_database_schema.get_database_name_..., child_database_schema.get_database_name_str().ptr(), static_cast<int>(child_table_schema.get_table_name_str()...., child_table_schema.g...; argument types: int | char * or const char * | int | char * or const char *; conversion and argument pairs: %.*s width or precision <- int, %.*s <- char * or const char *, %.*s width or precision <- int, %.*s <- char * or const char *	} else if (OB_FAIL(child_ddl_schema_hint_str.append_fmt(" INDEX(`%.*s`.`%.*s` PRIMARY)",
src/rootserver/ddl_task/ob_constraint_task.cpp	331	ObForeignKeyConstraintValidationTask::check_fk_constraint_data_valid	append_fmt call; format " INDEX(`%.*s`.`%.*s` PRIMARY)"; conversions %.*s %.*s; 4 arguments: static_cast<int>(parent_database_schema.get_database_name..., parent_database_schema.get_database_name_str().ptr(), static_cast<int>(parent_table_schema.get_table_name_str()..., parent_table_schema...; argument types: int | char * or const char * | int | char * or const char *; conversion and argument pairs: %.*s width or precision <- int, %.*s <- char * or const char *, %.*s width or precision <- int, %.*s <- char * or const char *	} else if (OB_FAIL(parent_ddl_schema_hint_str.append_fmt(" INDEX(`%.*s`.`%.*s` PRIMARY)",
src/rootserver/ddl_task/ob_constraint_task.cpp	339	ObForeignKeyConstraintValidationTask::check_fk_constraint_data_valid	assign_fmt call; format "SELECT /*+ %.*s */"; conversions %.*s; 2 arguments: static_cast<int>(child_ddl_schema_hint_str.length()), child_ddl_schema_hint_str.ptr(); argument types: int | char * or const char *; conversion and argument pairs: %.*s width or precision <- int, %.*s <- char * or const char *	if (OB_FAIL(sql_string.assign_fmt("SELECT /*+ %.*s */",
src/rootserver/ddl_task/ob_constraint_task.cpp	344	ObForeignKeyConstraintValidationTask::check_fk_constraint_data_valid	append_fmt call; format "`%.*s`, "; conversions %.*s; 2 arguments: static_cast<int>(child_column_names.at(i).length()), child_column_names.at(i).ptr(); argument types: int | ?; conversion and argument pairs: %.*s width or precision <- int, %.*s <- ?	if (OB_FAIL(sql_string.append_fmt("`%.*s`, ",
src/rootserver/ddl_task/ob_constraint_task.cpp	351	ObForeignKeyConstraintValidationTask::check_fk_constraint_data_valid	append_fmt call; format "`%.*s` FROM `%.*s`.`%.*s` WHERE "; conversions %.*s %.*s %.*s; 6 arguments: static_cast<int>(child_column_names.at(i).length()), child_column_names.at(i).ptr(), static_cast<int>(child_database_schema.get_database_name_..., child_database_schema.get_database_name_str().ptr(...; argument types: int | ? | int | char * or const char * | int | char * or const char *; conversion and argument pairs: %.*s width or precision <- int, %.*s <- ?, %.*s width or precision <- int, %.*s <- char * or const char *, %.*s width or precision <- int, %.*s <- char * or const char *	if (OB_FAIL(sql_string.append_fmt("`%.*s` FROM `%.*s`.`%.*s` WHERE ",
src/rootserver/ddl_task/ob_constraint_task.cpp	362	ObForeignKeyConstraintValidationTask::check_fk_constraint_data_valid	append_fmt call; format "`%.*s` IS NOT NULL AND "; conversions %.*s; 2 arguments: static_cast<int>(child_column_names.at(i).length()), child_column_names.at(i).ptr(); argument types: int | ?; conversion and argument pairs: %.*s width or precision <- int, %.*s <- ?	if (OB_FAIL(sql_string.append_fmt("`%.*s` IS NOT NULL AND ",
src/rootserver/ddl_task/ob_constraint_task.cpp	369	ObForeignKeyConstraintValidationTask::check_fk_constraint_data_valid	append_fmt call; format "`%.*s` IS NOT NULL MINUS SELECT /*+ %.*s */ "; conversions %.*s %.*s; 4 arguments: static_cast<int>(child_column_names.at(i).length()), child_column_names.at(i).ptr(), static_cast<int>(parent_ddl_schema_hint_str.length()), parent_ddl_schema_hint_str.ptr(); argument types: int | ? | int | char * or const char *; conversion and argument pairs: %.*s width or precision <- int, %.*s <- ?, %.*s width or precision <- int, %.*s <- char * or const char *	if (OB_FAIL(sql_string.append_fmt("`%.*s` IS NOT NULL MINUS SELECT /*+ %.*s */ ",
src/rootserver/ddl_task/ob_constraint_task.cpp	376	ObForeignKeyConstraintValidationTask::check_fk_constraint_data_valid	append_fmt call; format "`%.*s`, "; conversions %.*s; 2 arguments: static_cast<int>(parent_column_names.at(i).length()), parent_column_names.at(i).ptr(); argument types: int | ?; conversion and argument pairs: %.*s width or precision <- int, %.*s <- ?	if (OB_FAIL(sql_string.append_fmt("`%.*s`, ",
src/rootserver/ddl_task/ob_constraint_task.cpp	383	ObForeignKeyConstraintValidationTask::check_fk_constraint_data_valid	append_fmt call; format "`%.*s` FROM `%.*s`.`%.*s`"; conversions %.*s %.*s %.*s; 6 arguments: static_cast<int>(parent_column_names.at(i).length()), parent_column_names.at(i).ptr(), static_cast<int>(parent_database_schema.get_database_name..., parent_database_schema.get_database_name_str().p...; argument types: int | ? | int | char * or const char * | int | char * or const char *; conversion and argument pairs: %.*s width or precision <- int, %.*s <- ?, %.*s width or precision <- int, %.*s <- char * or const char *, %.*s width or precision <- int, %.*s <- char * or const char *	if (OB_FAIL(sql_string.append_fmt("`%.*s` FROM `%.*s`.`%.*s`",
src/rootserver/ddl_task/ob_constraint_task.cpp	929	ObConstraintTask::report_check_constraint_error_code	databuff_printf call; format "%s"; conversions %s; 1 arguments: "Successful ddl"; argument types: string literal; conversion and argument pairs: %s <- string literal	if (OB_FAIL(databuff_printf(error_message.dba_message_, OB_MAX_ERROR_MSG_LEN, "%s", "Successful ddl"))) {
src/rootserver/ddl_task/ob_constraint_task.cpp	930	ObConstraintTask::report_check_constraint_error_code	databuff_printf call; format "%s"; conversions %s; 1 arguments: "Successful ddl"; argument types: string literal; conversion and argument pairs: %s <- string literal	} else if (OB_FAIL(databuff_printf(error_message.user_message_, OB_MAX_ERROR_MSG_LEN, "%s", "Successful ddl"))) {
src/rootserver/ddl_task/ob_constraint_task.cpp	936	ObConstraintTask::report_check_constraint_error_code	databuff_printf call; format "ddl_type:%s"; conversions %s; 1 arguments: ddl_type_str; argument types: const char *; conversion and argument pairs: %s <- const char *	} else if (OB_FAIL(databuff_printf(error_message.dba_message_, OB_MAX_ERROR_MSG_LEN, "ddl_type:%s", ddl_type_str))) {
src/rootserver/ddl_task/ob_constraint_task.cpp	939	ObConstraintTask::report_check_constraint_error_code	databuff_printf call; the printf overload, since only a printf overload takes 7 arguments; format not a literal: str_user_error; 4 arguments: database_name.length(), database_name.ptr(), (*iter)->get_constraint_name_str().length(), (*iter)->get_constraint_name_str().ptr(); argument types: int32_t | char * or const char * | ? | ?	if (OB_FAIL(databuff_printf(error_message.user_message_, OB_MAX_ERROR_MSG_LEN, str_user_error, database_name.length(), database_name.ptr(),
src/rootserver/ddl_task/ob_constraint_task.cpp	943	ObConstraintTask::report_check_constraint_error_code	databuff_printf call; format "%s"; conversions %s; 1 arguments: str_error; argument types: const char *; conversion and argument pairs: %s <- const char *	if (OB_FAIL(databuff_printf(error_message.user_message_, OB_MAX_ERROR_MSG_LEN, "%s", str_error))) {
src/rootserver/ddl_task/ob_constraint_task.cpp	973	ObConstraintTask::report_foreign_key_constraint_error_code	databuff_printf call; format "%s"; conversions %s; 1 arguments: "Successful ddl"; argument types: string literal; conversion and argument pairs: %s <- string literal	if (OB_FAIL(databuff_printf(error_message.dba_message_, OB_MAX_ERROR_MSG_LEN, "%s", "Successful ddl"))) {
src/rootserver/ddl_task/ob_constraint_task.cpp	974	ObConstraintTask::report_foreign_key_constraint_error_code	databuff_printf call; format "%s"; conversions %s; 1 arguments: "Successful ddl"; argument types: string literal; conversion and argument pairs: %s <- string literal	} else if (OB_FAIL(databuff_printf(error_message.user_message_, OB_MAX_ERROR_MSG_LEN, "%s", "Successful ddl"))) {
src/rootserver/ddl_task/ob_constraint_task.cpp	980	ObConstraintTask::report_foreign_key_constraint_error_code	databuff_printf call; format "ddl_type:%s"; conversions %s; 1 arguments: ddl_type_str; argument types: const char *; conversion and argument pairs: %s <- const char *	} else if (OB_FAIL(databuff_printf(error_message.dba_message_, OB_MAX_ERROR_MSG_LEN, "ddl_type:%s", ddl_type_str))) {
src/rootserver/ddl_task/ob_constraint_task.cpp	982	ObConstraintTask::report_foreign_key_constraint_error_code	databuff_printf call; the printf overload, since only a printf overload takes 7 arguments; format not a literal: str_user_error; 4 arguments: database_name.length(), database_name.ptr(), fk_arg.foreign_key_name_.length(), fk_arg.foreign_key_name_.ptr(); argument types: int32_t | char * or const char * | int32_t | char * or const char *	if (OB_FAIL(databuff_printf(error_message.user_message_, OB_MAX_ERROR_MSG_LEN, str_user_error, database_name.length(), database_name.ptr(),
src/rootserver/ddl_task/ob_constraint_task.cpp	986	ObConstraintTask::report_foreign_key_constraint_error_code	databuff_printf call; format "%s"; conversions %s; 1 arguments: str_error; argument types: const char *; conversion and argument pairs: %s <- const char *	if (OB_FAIL(databuff_printf(error_message.user_message_, OB_MAX_ERROR_MSG_LEN, "%s", str_error))) {
src/rootserver/ddl_task/ob_constraint_task.cpp	1394	ObConstraintTask::rollback_failed_add_not_null_columns	databuff_printf call; format "ALTER TABLE \"%.*s\".\"%.*s\" "; conversions %.*s %.*s; 4 arguments: alter_table_arg.alter_table_schema_.get_origin_database_n..., alter_table_arg.alter_table_schema_.get_origin_database_n..., alter_table_arg.alter_table_schema_.get_origin_table_name..., alter_table...; argument types: ? | ? | ? | ?; conversion and argument pairs: %.*s width or precision <- ?, %.*s <- ?, %.*s width or precision <- ?, %.*s <- ?	} else if (OB_FAIL(databuff_printf(buf, buf_len, pos,
src/rootserver/ddl_task/ob_constraint_task.cpp	1408	ObConstraintTask::rollback_failed_add_not_null_columns	databuff_printf call; format first_alter_clause ? "DROP COLUMN \"%.*s\"" : ", DROP COLUMN \"%.*s\""; conversions %.*s (each branch); 2 arguments: col_name.length(), col_name.ptr(); argument types: int32_t | char * or const char *; conversion and argument pairs: %.*s width or precision <- int32_t, %.*s <- char * or const char *	} else if (OB_FAIL(databuff_printf(buf, buf_len, pos,
src/rootserver/ddl_task/ob_constraint_task.cpp	1484	ObConstraintTask::set_drop_constraint_ddl_stmt_str	databuff_printf call; format "ALTER TABLE `%.*s`.`%.*s` DROP CHECK (`%.*s`)"; conversions %.*s %.*s %.*s; 6 arguments: alter_table_schema.get_origin_database_name().length(), alter_table_schema.get_origin_database_name().ptr(), alter_table_schema.get_origin_table_name().length(), alter_table_schema.get_origin_table...; argument types: int32_t | char * or const char * | int32_t | char * or const char * | int32_t | char * or const char *; conversion and argument pairs: %.*s width or precision <- int32_t, %.*s <- char * or const char *, %.*s width or precision <- int32_t, %.*s <- char * or const char *, %.*s width or precision <- int32_t, %.*s <- char * or const char *	if (OB_FAIL(databuff_printf(buf, buf_len, pos,
src/rootserver/ddl_task/ob_constraint_task.cpp	1493	ObConstraintTask::set_drop_constraint_ddl_stmt_str	databuff_printf call; format "ALTER TABLE `%.*s`.`%.*s` DROP FOREIGN KEY `%.*s`"; conversions %.*s %.*s %.*s; 6 arguments: alter_table_schema.get_origin_database_name().length(), alter_table_schema.get_origin_database_name().ptr(), alter_table_schema.get_origin_table_name().length(), alter_table_schema.get_origin_table...; argument types: int32_t | char * or const char * | int32_t | char * or const char * | int32_t | char * or const char *; conversion and argument pairs: %.*s width or precision <- int32_t, %.*s <- char * or const char *, %.*s width or precision <- int32_t, %.*s <- char * or const char *, %.*s width or precision <- int32_t, %.*s <- char * or const char *	if (OB_FAIL(databuff_printf(buf, buf_len, pos,
src/rootserver/ddl_task/ob_constraint_task.cpp	1527	ObConstraintTask::set_alter_constraint_ddl_stmt_str_for_check	databuff_printf call; format "ALTER TABLE \"%.*s\".\"%.*s\" MODIFY CONSTRAINT %.*s "; conversions %.*s %.*s %.*s; 6 arguments: alter_table_schema.get_origin_database_name().length(), alter_table_schema.get_origin_database_name().ptr(), alter_table_schema.get_origin_table_name().length(), alter_table_schema.get_origin_table...; argument types: int32_t | char * or const char * | int32_t | char * or const char * | int32_t | char * or const char *; conversion and argument pairs: %.*s width or precision <- int32_t, %.*s <- char * or const char *, %.*s width or precision <- int32_t, %.*s <- char * or const char *, %.*s width or precision <- int32_t, %.*s <- char * or const char *	} else if (OB_FAIL(databuff_printf(buf, buf_len, pos,
src/rootserver/ddl_task/ob_constraint_task.cpp	1535	ObConstraintTask::set_alter_constraint_ddl_stmt_str_for_check	databuff_printf call; format (*iter)->get_rely_flag() ? "RELY ":"NORELY "; conversions none (each branch); 0 arguments	&& OB_FAIL(databuff_printf(buf, buf_len, pos,
src/rootserver/ddl_task/ob_constraint_task.cpp	1539	ObConstraintTask::set_alter_constraint_ddl_stmt_str_for_check	databuff_printf call; format (*iter)->get_enable_flag() ? "ENABLE ":"DISABLE "; conversions none (each branch); 0 arguments	&& OB_FAIL(databuff_printf(buf, buf_len, pos,
src/rootserver/ddl_task/ob_constraint_task.cpp	1543	ObConstraintTask::set_alter_constraint_ddl_stmt_str_for_check	databuff_printf call; format (*iter)->get_validate_flag() ? "VALIDATE ":"NOVALIDATE "; conversions none (each branch); 0 arguments	&& OB_FAIL(databuff_printf(buf, buf_len, pos,
src/rootserver/ddl_task/ob_constraint_task.cpp	1569	ObConstraintTask::set_alter_constraint_ddl_stmt_str_for_fk	databuff_printf call; format "ALTER TABLE \"%.*s\".\"%.*s\" MODIFY CONSTRAINT %.*s "; conversions %.*s %.*s %.*s; 6 arguments: alter_table_schema.get_origin_database_name().length(), alter_table_schema.get_origin_database_name().ptr(), alter_table_schema.get_origin_table_name().length(), alter_table_schema.get_origin_table...; argument types: int32_t | char * or const char * | int32_t | char * or const char * | int32_t | char * or const char *; conversion and argument pairs: %.*s width or precision <- int32_t, %.*s <- char * or const char *, %.*s width or precision <- int32_t, %.*s <- char * or const char *, %.*s width or precision <- int32_t, %.*s <- char * or const char *	} else if (OB_FAIL(databuff_printf(buf, buf_len, pos,
src/rootserver/ddl_task/ob_constraint_task.cpp	1577	ObConstraintTask::set_alter_constraint_ddl_stmt_str_for_fk	databuff_printf call; format fk_arg.rely_flag_ ? "RELY ":"NORELY "; conversions none (each branch); 0 arguments	&& OB_FAIL(databuff_printf(buf, buf_len, pos,
src/rootserver/ddl_task/ob_constraint_task.cpp	1581	ObConstraintTask::set_alter_constraint_ddl_stmt_str_for_fk	databuff_printf call; format fk_arg.enable_flag_ ? "ENABLE ":"DISABLE "; conversions none (each branch); 0 arguments	&& OB_FAIL(databuff_printf(buf, buf_len, pos,
src/rootserver/ddl_task/ob_constraint_task.cpp	1585	ObConstraintTask::set_alter_constraint_ddl_stmt_str_for_fk	databuff_printf call; format CST_FK_VALIDATED == fk_arg.validate_flag_ ? "VALIDATE ":"NOVALIDATE "; conversions none (each branch); 0 arguments	&& OB_FAIL(databuff_printf(buf, buf_len, pos,
src/rootserver/ddl_task/ob_ddl_common_rs_impl.cpp	298	ObDDLTaskUtil::generate_order_by_str	append_fmt call; format "%s %ld"; conversions %s %ld; 2 arguments: append_comma ? "," : "", j + 1; argument types: const char * | int64_t; conversion and argument pairs: %s <- const char *, %ld <- int64_t	if (OB_FAIL(sql_string.append_fmt("%s %ld", append_comma ? "," : "", j + 1))) {
src/rootserver/ddl_task/ob_ddl_common_rs_impl.cpp	536	ObDDLTaskUtil::generate_build_replica_sql	assign_fmt call; format "INSERT /*+ enable_parallel_dml parallel(%ld) opt_param('ddl_execution_id', %ld) opt_param('ddl_task_id', %ld) opt_param('enable_newsort', 'false') %.*s use_...; conversions %ld %ld %ld %.*s %.*s %.*s %.*s %.*s %.*s %.*s %.*s %.*s %.*s %.*s %ld %.*s; 28 arguments: real_parallelism, execution_id, task_id, static_cast<int>(strlen(io_read_hint)), io_read_hint, static_cast<int>(new_dest_database_name.length()), new_dest_database_name.ptr(), static_cast<int>(new_...; argument types: const int64_t | const int64_t | const int64_t | int | const char * | int | char * or const char * | int | char * or const char * | int | char * or const char * | int | char * or const char * | int | char * or const char * | int | char * or const char * | int | char * or const char * | int | char * or const char * | int | char * or const char * | int | char * or const char * | const int64_t | int | char * or const char *; conversion and argument pairs: %ld <- const int64_t, %ld <- const int64_t, %ld <- const int64_t, %.*s width or precision <- int, %.*s <- const char *, %.*s width or precision <- int, %.*s <- char * or const char *, %.*s width or precision <- int, %.*s <- char * or const char *, %.*s width or precision <- int, %.*s <- char * or const char *, %.*s width or precision <- int, %.*s <- char * or const char *, %.*s width or precision <- int, %.*s <- char * or const char *, %.*s width or precision <- int, %.*s <- char * or const char *, %.*s width or precision <- int, %.*s <- char * or const char *, %.*s width or precision <- int, %.*s <- char * or const char *, %.*s width or precision <- int, %.*s <- char * or const char *, %.*s width or precision <- int, %.*s <- char * or const char *, %ld <- const int64_t, %.*s width or precision <- int, %.*s <- char * or const char *	if (OB_FAIL(sql_string.assign_fmt("INSERT /*+ enable_parallel_dml parallel(%ld) opt_param('ddl_execution_id', %ld) opt_param('ddl_task_id', %ld) opt_param('enable_newsort', 'false') %.*s use_px */INTO `%.*s`.`%.*s` %.*s(%.*s) SELECT /*+ index(`%.*s` primary) %.*s */ %.*s from `%.*s`.`%.*s` %.*s as of snapshot %ld %.*s",
src/rootserver/ddl_task/ob_ddl_common_rs_impl.cpp	950	ObDDLTaskUtil::generate_partition_names	append_fmt call; format "%c%.*s%c)"; conversions %c %.*s %c; 4 arguments: quote, static_cast<int>(part_name.length()), part_name.ptr(), quote; argument types: const char | int | char * or const char * | const char; conversion and argument pairs: %c <- const char, %.*s width or precision <- int, %.*s <- char * or const char *, %c <- const char	if (OB_FAIL(sql_partition_names.append_fmt("%c%.*s%c)", quote, static_cast<int>(part_name.length()), part_name.ptr(), quote))) {
src/rootserver/ddl_task/ob_ddl_common_rs_impl.cpp	953	ObDDLTaskUtil::generate_partition_names	append_fmt call; format "%c%.*s%c,"; conversions %c %.*s %c; 4 arguments: quote, static_cast<int>(part_name.length()), part_name.ptr(), quote; argument types: const char | int | char * or const char * | const char; conversion and argument pairs: %c <- const char, %.*s width or precision <- int, %.*s <- char * or const char *, %c <- const char	if (OB_FAIL(sql_partition_names.append_fmt("%c%.*s%c,", quote, static_cast<int>(part_name.length()), part_name.ptr(), quote))) {
src/rootserver/ddl_task/ob_ddl_common_rs_impl.cpp	981	ObDDLTaskUtil::check_target_partition_is_running	append_fmt call; format "%c%.*s%c,"; conversions %c %.*s %c; 4 arguments: quote, static_cast<int>(escaped_partition_name.length()), escaped_partition_name.ptr(), quote; argument types: const char | int | char * or const char * | const char; conversion and argument pairs: %c <- const char, %.*s width or precision <- int, %.*s <- char * or const char *, %c <- const char	} else if (OB_FAIL(sql_partition_name.append_fmt("%c%.*s%c,", quote, static_cast<int>(escaped_partition_name.length()), escaped_partition_name.ptr(), quote))) {
src/rootserver/ddl_task/ob_ddl_common_rs_impl.cpp	990	ObDDLTaskUtil::check_target_partition_is_running	append_fmt call; format "%c%.*s%c)"; conversions %c %.*s %c; 4 arguments: quote, static_cast<int>(escaped_partition_name.length()), partition_name.ptr(), quote; argument types: const char | int | char * or const char * | const char; conversion and argument pairs: %c <- const char, %.*s width or precision <- int, %.*s <- char * or const char *, %c <- const char	if (OB_FAIL(sql_partition_name.append_fmt("%c%.*s%c)", quote, static_cast<int>(escaped_partition_name.length()), partition_name.ptr(), quote))) {
src/rootserver/ddl_task/ob_ddl_common_rs_impl.cpp	1107	ObDDLTaskUtil::check_table_empty	assign_fmt call; format not a literal: format_str; 6 arguments: static_cast<int>(ddl_schema_hint_str.length()), ddl_schema_hint_str.ptr(), static_cast<int>(new_database_name.length()), new_database_name.ptr(), static_cast<int>(new_table_name.length()), new_tabl...; argument types: int | char * or const char * | int | char * or const char * | int | char * or const char *	} else if (OB_FAIL(sql_string.assign_fmt(
src/rootserver/ddl_task/ob_ddl_longops.cpp	34	ObDDLLongopsKey::to_key_string	databuff_printf call; format "DDL TASK"; conversions none; 0 arguments	if (OB_FAIL(databuff_printf(name_, MAX_LONG_OPS_NAME_LENGTH, name_pos, "DDL TASK"))) {
src/rootserver/ddl_task/ob_ddl_longops.cpp	35	ObDDLLongopsKey::to_key_string	databuff_printf call; format "task_id=%ld, "; conversions %ld; 1 arguments: task_id_; argument types: int64_t; conversion and argument pairs: %ld <- int64_t	} else if (OB_FAIL(databuff_printf(target_, MAX_LONG_OPS_TARGET_LENGTH, target_pos, "task_id=%ld, ", task_id_))) {
src/rootserver/ddl_task/ob_ddl_redefinition_task.cpp	223	ObDDLRedefinitionSSTableBuildTask::add_event_info	snprintf call; format "object_id:%ld, target_object_id:%ld"; conversions %ld %ld; 2 arguments: data_table_id_, dest_table_id_; argument types: int64_t | int64_t; conversion and argument pairs: %ld <- int64_t, %ld <- int64_t	snprintf(table_id_buffer, sizeof(table_id_buffer), "object_id:%ld, target_object_id:%ld", data_table_id_, dest_table_id_);
src/rootserver/ddl_task/ob_ddl_redefinition_task.cpp	1313	ObDDLRedefinitionTask::sync_table_level_stats_info	assign_fmt call; format "UPDATE %s SET table_id = %ld, partition_id = %ld" " WHERE table_id = %ld and partition_id = %ld"; conversions %s %ld %ld %ld %ld; 5 arguments: OB_ALL_TABLE_STAT_TNAME, target_object_id_, target_partition_id, object_id_, partition_id; argument types: ? | uint64_t | int64_t | uint64_t | int64_t; conversion and argument pairs: %s <- ?, %ld <- uint64_t, %ld <- int64_t, %ld <- uint64_t, %ld <- int64_t	if (OB_FAIL(sql_string.assign_fmt("UPDATE %s SET table_id = %ld, partition_id = %ld"
src/rootserver/ddl_task/ob_ddl_redefinition_task.cpp	1321	ObDDLRedefinitionTask::sync_table_level_stats_info	assign_fmt call; format "UPDATE %s SET table_id = %ld, partition_id = %ld" " WHERE table_id = %ld and partition_id = %ld"; conversions %s %ld %ld %ld %ld; 5 arguments: OB_ALL_TABLE_STAT_HISTORY_TNAME, target_object_id_, target_partition_id, object_id_, partition_id; argument types: ? | uint64_t | int64_t | uint64_t | int64_t; conversion and argument pairs: %s <- ?, %ld <- uint64_t, %ld <- int64_t, %ld <- uint64_t, %ld <- int64_t	} else if (OB_FAIL(history_sql_string.assign_fmt("UPDATE %s SET table_id = %ld, partition_id = %ld"
src/rootserver/ddl_task/ob_ddl_redefinition_task.cpp	1455	ObDDLRedefinitionTask::sync_one_column_table_level_stats_info	assign_fmt call; format "UPDATE %s SET table_id = %ld, partition_id = %ld, column_id = %ld" " WHERE table_id = %ld and partition_id = %ld and column_id = %ld"; conversions %s %ld %ld %ld %ld %ld %ld; 7 arguments: OB_ALL_COLUMN_STAT_TNAME, target_object_id_, target_partition_id, new_col_id, object_id_, partition_id, old_col_id; argument types: ? | uint64_t | int64_t | const uint64_t | uint64_t | int64_t | const uint64_t; conversion and argument pairs: %s <- ?, %ld <- uint64_t, %ld <- int64_t, %ld <- const uint64_t, %ld <- uint64_t, %ld <- int64_t, %ld <- const uint64_t	if (OB_FAIL(column_sql_string.assign_fmt("UPDATE %s SET table_id = %ld, partition_id = %ld, column_id = %ld"
src/rootserver/ddl_task/ob_ddl_redefinition_task.cpp	1460	ObDDLRedefinitionTask::sync_one_column_table_level_stats_info	assign_fmt call; format "UPDATE %s SET table_id = %ld, partition_id = %ld, column_id = %ld" " WHERE table_id = %ld and partition_id = %ld and column_id = %ld"; conversions %s %ld %ld %ld %ld %ld %ld; 7 arguments: OB_ALL_HISTOGRAM_STAT_TNAME, target_object_id_, target_partition_id, new_col_id, object_id_, partition_id, old_col_id; argument types: ? | uint64_t | int64_t | const uint64_t | uint64_t | int64_t | const uint64_t; conversion and argument pairs: %s <- ?, %ld <- uint64_t, %ld <- int64_t, %ld <- const uint64_t, %ld <- uint64_t, %ld <- int64_t, %ld <- const uint64_t	} else if (OB_FAIL(histogram_sql_string.assign_fmt("UPDATE %s SET table_id = %ld, partition_id = %ld, column_id = %ld"
src/rootserver/ddl_task/ob_ddl_redefinition_task.cpp	1468	ObDDLRedefinitionTask::sync_one_column_table_level_stats_info	assign_fmt call; format "UPDATE %s SET table_id = %ld, partition_id = %ld, column_id = %ld" " WHERE table_id = %ld and partition_id = %ld and column_id = %ld"; conversions %s %ld %ld %ld %ld %ld %ld; 7 arguments: OB_ALL_COLUMN_STAT_HISTORY_TNAME, target_object_id_, target_partition_id, new_col_id, object_id_, partition_id, old_col_id; argument types: ? | uint64_t | int64_t | const uint64_t | uint64_t | int64_t | const uint64_t; conversion and argument pairs: %s <- ?, %ld <- uint64_t, %ld <- int64_t, %ld <- const uint64_t, %ld <- uint64_t, %ld <- int64_t, %ld <- const uint64_t	} else if (OB_FAIL(column_history_sql_string.assign_fmt(
src/rootserver/ddl_task/ob_ddl_redefinition_task.cpp	1473	ObDDLRedefinitionTask::sync_one_column_table_level_stats_info	assign_fmt call; format "UPDATE %s SET table_id = %ld, partition_id = %ld, column_id = %ld" " WHERE table_id = %ld and partition_id = %ld and column_id = %ld"; conversions %s %ld %ld %ld %ld %ld %ld; 7 arguments: OB_ALL_HISTOGRAM_STAT_HISTORY_TNAME, target_object_id_, target_partition_id, new_col_id, object_id_, partition_id, old_col_id; argument types: ? | uint64_t | int64_t | const uint64_t | uint64_t | int64_t | const uint64_t; conversion and argument pairs: %s <- ?, %ld <- uint64_t, %ld <- int64_t, %ld <- const uint64_t, %ld <- uint64_t, %ld <- int64_t, %ld <- const uint64_t	} else if (OB_FAIL(histogram_history_sql_string.assign_fmt(
src/rootserver/ddl_task/ob_ddl_redefinition_task.cpp	1567	ObDDLRedefinitionTask::generate_sync_partition_level_stats_sql	append_fmt call; format "UPDATE %s SET table_id=%ld, partition_id=(case partition_id"; conversions %s %ld; 2 arguments: table_name, target_object_id_; argument types: const char * | uint64_t; conversion and argument pairs: %s <- const char *, %ld <- uint64_t	} else if (OB_FAIL(sql_string.append_fmt("UPDATE %s SET table_id=%ld, partition_id=(case partition_id",
src/rootserver/ddl_task/ob_ddl_redefinition_task.cpp	1573	ObDDLRedefinitionTask::generate_sync_partition_level_stats_sql	append_fmt call; format " when %ld then %ld"; conversions %ld %ld; 2 arguments: src_partition_id, dest_partition_id; argument types: const uint64_t | const uint64_t; conversion and argument pairs: %ld <- const uint64_t, %ld <- const uint64_t	if (OB_FAIL(sql_string.append_fmt(" when %ld then %ld", src_partition_id, dest_partition_id))) {
src/rootserver/ddl_task/ob_ddl_redefinition_task.cpp	1575	ObDDLRedefinitionTask::generate_sync_partition_level_stats_sql	append_fmt call; format "%ld, "; conversions %ld; 1 arguments: src_partition_id; argument types: const uint64_t; conversion and argument pairs: %ld <- const uint64_t	if (OB_FAIL(in_partitions_sql.append_fmt("%ld, ", src_partition_id))) {
src/rootserver/ddl_task/ob_ddl_redefinition_task.cpp	1577	ObDDLRedefinitionTask::generate_sync_partition_level_stats_sql	append_fmt call; format "%ld"; conversions %ld; 1 arguments: src_partition_id; argument types: const uint64_t; conversion and argument pairs: %ld <- const uint64_t	} else if (OB_FAIL(in_partitions_sql.append_fmt("%ld", src_partition_id))) {
src/rootserver/ddl_task/ob_ddl_redefinition_task.cpp	1581	ObDDLRedefinitionTask::generate_sync_partition_level_stats_sql	append_fmt call; format " else partition_id end) where table_id=%ld and partition_id in (%.*s)"; conversions %ld %.*s; 3 arguments: object_id_, static_cast<int>(in_partitions_sql.length()), in_partitions_sql.ptr(); argument types: uint64_t | int | char * or const char *; conversion and argument pairs: %ld <- uint64_t, %.*s width or precision <- int, %.*s <- char * or const char *	} else if (OB_FAIL(sql_string.append_fmt(" else partition_id end) where table_id=%ld and partition_id in (%.*s)",
src/rootserver/ddl_task/ob_ddl_redefinition_task.cpp	1605	ObDDLRedefinitionTask::generate_sync_column_partition_level_stats_sql	append_fmt call; format "UPDATE %s SET table_id=%ld, column_id=%ld, partition_id=(case partition_id"; conversions %s %ld %ld; 3 arguments: table_name, target_object_id_, new_col_id; argument types: const char * | uint64_t | const uint64_t; conversion and argument pairs: %s <- const char *, %ld <- uint64_t, %ld <- const uint64_t	} else if (OB_FAIL(sql_string.append_fmt("UPDATE %s SET table_id=%ld, column_id=%ld, partition_id=(case partition_id",
src/rootserver/ddl_task/ob_ddl_redefinition_task.cpp	1611	ObDDLRedefinitionTask::generate_sync_column_partition_level_stats_sql	append_fmt call; format " when %ld then %ld"; conversions %ld %ld; 2 arguments: src_partition_id, dest_partition_id; argument types: const uint64_t | const uint64_t; conversion and argument pairs: %ld <- const uint64_t, %ld <- const uint64_t	if (OB_FAIL(sql_string.append_fmt(" when %ld then %ld", src_partition_id, dest_partition_id))) {
src/rootserver/ddl_task/ob_ddl_redefinition_task.cpp	1613	ObDDLRedefinitionTask::generate_sync_column_partition_level_stats_sql	append_fmt call; format "%ld, "; conversions %ld; 1 arguments: src_partition_id; argument types: const uint64_t; conversion and argument pairs: %ld <- const uint64_t	if (OB_FAIL(in_partitions_sql.append_fmt("%ld, ", src_partition_id))) {
src/rootserver/ddl_task/ob_ddl_redefinition_task.cpp	1615	ObDDLRedefinitionTask::generate_sync_column_partition_level_stats_sql	append_fmt call; format "%ld"; conversions %ld; 1 arguments: src_partition_id; argument types: const uint64_t; conversion and argument pairs: %ld <- const uint64_t	} else if (OB_FAIL(in_partitions_sql.append_fmt("%ld", src_partition_id))) {
src/rootserver/ddl_task/ob_ddl_redefinition_task.cpp	1618	ObDDLRedefinitionTask::generate_sync_column_partition_level_stats_sql	append_fmt call; format " else partition_id end) where table_id=%ld and partition_id in (%.*s) and column_id=%ld"; conversions %ld %.*s %ld; 4 arguments: object_id_, static_cast<int>(in_partitions_sql.length()), in_partitions_sql.ptr(), old_col_id; argument types: uint64_t | int | char * or const char * | const uint64_t; conversion and argument pairs: %ld <- uint64_t, %.*s width or precision <- int, %.*s <- char * or const char *, %ld <- const uint64_t	if (FAILEDx(sql_string.append_fmt(" else partition_id end) where table_id=%ld and partition_id in (%.*s) and column_id=%ld",
src/rootserver/ddl_task/ob_ddl_redefinition_task.cpp	1631	ObDDLRedefinitionTask::sync_table_prefs	assign_fmt call; format "INSERT IGNORE INTO %s(table_id,pname,valnum,valchar,chgtime,spare1)" " SELECT %ld, pname, valnum, valchar, chgtime, spare1 FROM %s WHERE TABLE_ID = %ld"; conversions %s %ld %s %ld; 4 arguments: OB_ALL_OPTSTAT_USER_PREFS_TNAME, target_object_id_, OB_ALL_OPTSTAT_USER_PREFS_TNAME, object_id_; argument types: ? | uint64_t | ? | uint64_t; conversion and argument pairs: %s <- ?, %ld <- uint64_t, %s <- ?, %ld <- uint64_t	if (OB_FAIL(sql_string.assign_fmt("INSERT IGNORE INTO %s(table_id,pname,valnum,valchar,chgtime,spare1)"
src/rootserver/ddl_task/ob_ddl_redefinition_task.cpp	1776	ObDDLRedefinitionTask::get_child_task_ids	databuff_printf call; format "[ "; conversions none; 0 arguments	if (OB_FAIL(databuff_printf(buf, MAX_LONG_OPS_MESSAGE_LENGTH, pos, "[ "))) {
src/rootserver/ddl_task/ob_ddl_redefinition_task.cpp	1780	ObDDLRedefinitionTask::get_child_task_ids	databuff_printf call; format "%ld "; conversions %ld; 1 arguments: child_task_id; argument types: const int64_t; conversion and argument pairs: %ld <- const int64_t	if (OB_FAIL(databuff_printf(buf,
src/rootserver/ddl_task/ob_ddl_redefinition_task.cpp	1789	ObDDLRedefinitionTask::get_child_task_ids	databuff_printf call; format "]"; conversions none; 0 arguments	databuff_printf(buf, MAX_LONG_OPS_MESSAGE_LENGTH, pos, "]");
src/rootserver/ddl_task/ob_ddl_retry_task.cpp	257	ObDDLRetryTask::check_schema_change_done	assign_fmt call; format " SELECT status FROM %s WHERE task_id = %lu"; conversions %s %lu; 2 arguments: OB_ALL_DDL_TASK_STATUS_TNAME, task_id_; argument types: ? | int64_t; conversion and argument pairs: %s <- ?, %lu <- int64_t	} else if (OB_FAIL(query_string.assign_fmt(
src/rootserver/ddl_task/ob_ddl_scheduler.cpp	2376	ObDDLScheduler::add_event_info	snprintf call; format "%ld %ld"; conversions %ld %ld; 2 arguments: ddl_record.object_id_, ddl_record.target_object_id_; argument types: uint64_t | uint64_t; conversion and argument pairs: %ld <- uint64_t, %ld <- uint64_t	snprintf(object_id_buffer, sizeof(object_id_buffer), "%ld %ld", ddl_record.object_id_, ddl_record.target_object_id_);
src/rootserver/ddl_task/ob_ddl_task.cpp	390	ObDDLTask::add_event_info	snprintf call; format "object_id:%ld, target_object_id:%ld"; conversions %ld %ld; 2 arguments: object_id_, target_object_id_; argument types: uint64_t | uint64_t; conversion and argument pairs: %ld <- uint64_t, %ld <- uint64_t	snprintf(object_id_buffer, sizeof(object_id_buffer), "object_id:%ld, target_object_id:%ld", object_id_, target_object_id_);
src/rootserver/ddl_task/ob_ddl_task.cpp	404	ObDDLTask::add_event_info	snprintf call; format "object_id:%ld, target_object_id:%ld"; conversions %ld %ld; 2 arguments: object_id_, target_object_id_; argument types: uint64_t | uint64_t; conversion and argument pairs: %ld <- uint64_t, %ld <- uint64_t	snprintf(object_id_buffer, sizeof(object_id_buffer), "object_id:%ld, target_object_id:%ld", object_id_, target_object_id_);
src/rootserver/ddl_task/ob_ddl_task.cpp	742	ObDDLTask::report_error_code	databuff_printf call; format "ddl_type:%s"; conversions %s; 1 arguments: ddl_type_str; argument types: const char *; conversion and argument pairs: %s <- const char *	} else if (OB_FAIL(databuff_printf(error_message.dba_message_, OB_MAX_ERROR_MSG_LEN, "ddl_type:%s", ddl_type_str))) {
src/rootserver/ddl_task/ob_ddl_task.cpp	747	ObDDLTask::report_error_code	databuff_printf call; format "%s"; conversions %s; 1 arguments: str_error; argument types: const char *; conversion and argument pairs: %s <- const char *	} else if (OB_FAIL(databuff_printf(error_message.user_message_, buf_size, "%s", str_error))) {
src/rootserver/ddl_task/ob_ddl_task.cpp	756	ObDDLTask::report_error_code	databuff_printf call; format "%s"; conversions %s; 1 arguments: str_error; argument types: const char *; conversion and argument pairs: %s <- const char *	} else if (OB_FAIL(databuff_printf(error_message.user_message_, buf_size, "%s", str_error))) {
src/rootserver/ddl_task/ob_ddl_task.cpp	764	ObDDLTask::report_error_code	databuff_printf call; format "%s"; conversions %s; 1 arguments: "Successful ddl"; argument types: string literal; conversion and argument pairs: %s <- string literal	if (OB_FAIL(databuff_printf(error_message.dba_message_, OB_MAX_ERROR_MSG_LEN, "%s", "Successful ddl"))) {
src/rootserver/ddl_task/ob_ddl_task.cpp	768	ObDDLTask::report_error_code	databuff_printf call; format "%s"; conversions %s; 1 arguments: "Successful ddl"; argument types: string literal; conversion and argument pairs: %s <- string literal	} else if (OB_FAIL(databuff_printf(error_message.user_message_, buf_size, "%s", "Successful ddl"))) {
src/rootserver/ddl_task/ob_ddl_task.cpp	1865	ObDDLTaskRecordOperator::update_task_status	assign_fmt call; format " UPDATE %s SET status = %ld WHERE task_id = %lu"; conversions %s %ld %lu; 3 arguments: OB_ALL_DDL_TASK_STATUS_TNAME, task_status, task_id; argument types: ? | const int64_t | const int64_t; conversion and argument pairs: %s <- ?, %ld <- const int64_t, %lu <- const int64_t	} else if (OB_FAIL(sql_string.assign_fmt(" UPDATE %s SET status = %ld WHERE task_id = %lu",
src/rootserver/ddl_task/ob_ddl_task.cpp	1890	ObDDLTaskRecordOperator::update_snapshot_version_if_not_exist	assign_fmt call; format "SELECT snapshot_version FROM %s WHERE task_id = %lu FOR UPDATE"; conversions %s %lu; 2 arguments: OB_ALL_DDL_TASK_STATUS_TNAME, task_id; argument types: ? | const int64_t; conversion and argument pairs: %s <- ?, %lu <- const int64_t	} else if (OB_FAIL(sql_string.assign_fmt("SELECT snapshot_version FROM %s WHERE task_id = %lu FOR UPDATE",
src/rootserver/ddl_task/ob_ddl_task.cpp	1919	ObDDLTaskRecordOperator::update_snapshot_version	assign_fmt call; format " UPDATE %s SET snapshot_version=%lu WHERE task_id=%lu "; conversions %s %lu %lu; 3 arguments: OB_ALL_DDL_TASK_STATUS_TNAME, new_fetched_snapshot < 0 ? 0 : new_fetched_snapshot, task_id; argument types: ? | int64_t | const int64_t; conversion and argument pairs: %s <- ?, %lu <- int64_t, %lu <- const int64_t	} else if (OB_FAIL(sql_string.assign_fmt(" UPDATE %s SET snapshot_version=%lu WHERE task_id=%lu ",
src/rootserver/ddl_task/ob_ddl_task.cpp	1940	ObDDLTaskRecordOperator::update_ret_code	assign_fmt call; format " UPDATE %s SET ret_code=%ld WHERE task_id=%lu "; conversions %s %ld %lu; 3 arguments: OB_ALL_DDL_TASK_STATUS_TNAME, ret_code, task_id; argument types: ? | const int64_t | const int64_t; conversion and argument pairs: %s <- ?, %ld <- const int64_t, %lu <- const int64_t	} else if (OB_FAIL(sql_string.assign_fmt(" UPDATE %s SET ret_code=%ld WHERE task_id=%lu ",
src/rootserver/ddl_task/ob_ddl_task.cpp	1961	ObDDLTaskRecordOperator::update_execution_id	assign_fmt call; format " UPDATE %s SET execution_id=%lu WHERE task_id=%lu "; conversions %s %lu %lu; 3 arguments: OB_ALL_DDL_TASK_STATUS_TNAME, execution_id, task_id; argument types: ? | const int64_t | const int64_t; conversion and argument pairs: %s <- ?, %lu <- const int64_t, %lu <- const int64_t	} else if (OB_FAIL(sql_string.assign_fmt(" UPDATE %s SET execution_id=%lu WHERE task_id=%lu ",
src/rootserver/ddl_task/ob_ddl_task.cpp	1985	ObDDLTaskRecordOperator::update_message	assign_fmt call; format " UPDATE %s SET message=\"%.*s\" WHERE task_id=%lu"; conversions %s %.*s %lu; 4 arguments: OB_ALL_DDL_TASK_STATUS_TNAME, static_cast<int>(message_string.length()), message_string.ptr(), task_id; argument types: ? | int | char * or const char * | const int64_t; conversion and argument pairs: %s <- ?, %.*s width or precision <- int, %.*s <- char * or const char *, %lu <- const int64_t	} else if (OB_FAIL(sql_string.assign_fmt(" UPDATE %s SET message=\"%.*s\" WHERE task_id=%lu",
src/rootserver/ddl_task/ob_ddl_task.cpp	2009	ObDDLTaskRecordOperator::update_status_and_message	assign_fmt call; format " UPDATE %s SET status = %ld, message = \"%.*s\" WHERE task_id = %lu"; conversions %s %ld %.*s %lu; 5 arguments: OB_ALL_DDL_TASK_STATUS_TNAME, task_status, static_cast<int>(message_string.length()), message_string.ptr(), task_id; argument types: ? | const int64_t | int | char * or const char * | const int64_t; conversion and argument pairs: %s <- ?, %ld <- const int64_t, %.*s width or precision <- int, %.*s <- char * or const char *, %lu <- const int64_t	} else if (OB_FAIL(sql_string.assign_fmt(" UPDATE %s SET status = %ld, message = \"%.*s\"  WHERE task_id = %lu",
src/rootserver/ddl_task/ob_ddl_task.cpp	2256	ObDDLTaskRecordOperator::update_ret_code_and_message	assign_fmt call; format " UPDATE %s SET ret_code = %d, message = \"%.*s\" WHERE task_id = %lu"; conversions %s %d %.*s %lu; 5 arguments: OB_ALL_DDL_TASK_STATUS_TNAME, ret_code, static_cast<int>(message_string.length()), message_string.ptr(), task_id; argument types: ? | const int | int | char * or const char * | const int64_t; conversion and argument pairs: %s <- ?, %d <- const int, %.*s width or precision <- int, %.*s <- char * or const char *, %lu <- const int64_t	} else if (OB_FAIL(sql_string.assign_fmt(" UPDATE %s SET ret_code = %d, message = \"%.*s\"  WHERE task_id = %lu",
src/rootserver/ddl_task/ob_ddl_task.cpp	2276	ObDDLTaskRecordOperator::update_published_schema_version	assign_fmt call; format "UPDATE %s SET published_schema_version=%ld WHERE task_id=%lu "; conversions %s %ld %lu; 3 arguments: OB_ALL_DDL_TASK_STATUS_TNAME, published_schema_version, task_id; argument types: ? | const int64_t | const int64_t; conversion and argument pairs: %s <- ?, %ld <- const int64_t, %lu <- const int64_t	} else if (OB_FAIL(sql_string.assign_fmt("UPDATE %s SET published_schema_version=%ld WHERE task_id=%lu ",
src/rootserver/ddl_task/ob_ddl_task.cpp	2307	ObDDLTaskRecordOperator::get_schedule_info	assign_fmt call; format "SELECT UNHEX(message) as message_unhex, UNHEX(schedule_info) as schedule_info_unhex FROM %s WHERE task_id = %lu FOR UPDATE"; conversions %s %lu; 2 arguments: OB_ALL_DDL_TASK_STATUS_TNAME, task_id; argument types: ? | const int64_t; conversion and argument pairs: %s <- ?, %lu <- const int64_t	if (OB_FAIL(sql_string.assign_fmt("SELECT UNHEX(message) as message_unhex, UNHEX(schedule_info) as schedule_info_unhex FROM %s WHERE task_id = %lu FOR UPDATE",
src/rootserver/ddl_task/ob_ddl_task.cpp	2310	ObDDLTaskRecordOperator::get_schedule_info	assign_fmt call; format "SELECT UNHEX(message) as message_unhex, UNHEX(schedule_info) as schedule_info_unhex FROM %s WHERE task_id = %lu"; conversions %s %lu; 2 arguments: OB_ALL_DDL_TASK_STATUS_TNAME, task_id; argument types: ? | const int64_t; conversion and argument pairs: %s <- ?, %lu <- const int64_t	} else if (OB_FAIL(sql_string.assign_fmt("SELECT UNHEX(message) as message_unhex, UNHEX(schedule_info) as schedule_info_unhex FROM %s WHERE task_id = %lu",
src/rootserver/ddl_task/ob_ddl_task.cpp	2370	ObDDLTaskRecordOperator::update_schedule_info	assign_fmt call; format " UPDATE %s SET schedule_info=\"%.*s\" WHERE task_id=%lu"; conversions %s %.*s %lu; 4 arguments: OB_ALL_DDL_TASK_STATUS_TNAME, static_cast<int>(schedule_info_hex.length()), schedule_info_hex.ptr(), task_id; argument types: ? | int | char * or const char * | const int64_t; conversion and argument pairs: %s <- ?, %.*s width or precision <- int, %.*s <- char * or const char *, %lu <- const int64_t	} else if (OB_FAIL(sql_string.assign_fmt(" UPDATE %s SET schedule_info=\"%.*s\" WHERE task_id=%lu",
src/rootserver/ddl_task/ob_ddl_task.cpp	2605	ObDDLTaskRecordOperator::delete_record	assign_fmt call; format " DELETE FROM %s WHERE task_id=%lu"; conversions %s %lu; 2 arguments: OB_ALL_DDL_TASK_STATUS_TNAME, task_id; argument types: ? | const int64_t; conversion and argument pairs: %s <- ?, %lu <- const int64_t	} else if (OB_FAIL(sql_string.assign_fmt(" DELETE FROM %s WHERE task_id=%lu",
src/rootserver/ddl_task/ob_ddl_task.cpp	2630	ObDDLTaskRecordOperator::check_is_adding_constraint	assign_fmt call; format GET_DDL_TASK_SQL " WHERE object_id = %" PRIu64 " && ddl_type IN (%d, %d, %d)"; conversions %s %llu %d %d %d; format uses macros GET_DDL_TASK_SQL; 5 arguments: OB_ALL_DDL_TASK_STATUS_TNAME, object_id, DDL_CHECK_CONSTRAINT, DDL_FOREIGN_KEY_CONSTRAINT, DDL_ADD_NOT_NULL_COLUMN; argument types: ? | const uint64_t | ? | ? | ?; conversion and argument pairs: %s <- ?, %llu <- const uint64_t, %d <- ?, %d <- ?, %d <- ?	if (OB_FAIL(sql_string.assign_fmt(GET_DDL_TASK_SQL
src/rootserver/ddl_task/ob_ddl_task.cpp	2678	ObDDLTaskRecordOperator::check_has_long_running_ddl	assign_fmt call; format " SELECT * FROM %s " "WHERE object_id = %lu AND ddl_type > %d AND ddl_type < %d"; conversions %s %lu %d %d; 4 arguments: OB_ALL_DDL_TASK_STATUS_TNAME, table_id, lower_bound_type, upper_bound_type; argument types: ? | const uint64_t | const ObDDLType | const ObDDLType; conversion and argument pairs: %s <- ?, %lu <- const uint64_t, %d <- const ObDDLType, %d <- const ObDDLType	if (OB_FAIL(sql_string.assign_fmt(" SELECT * FROM %s "
src/rootserver/ddl_task/ob_ddl_task.cpp	2713	ObDDLTaskRecordOperator::check_has_conflict_ddl	assign_fmt call; format GET_DDL_TASK_SQL " WHERE object_id = %lu"; conversions %s %lu; format uses macros GET_DDL_TASK_SQL; 2 arguments: OB_ALL_DDL_TASK_STATUS_TNAME, table_id; argument types: ? | const uint64_t; conversion and argument pairs: %s <- ?, %lu <- const uint64_t	if (OB_FAIL(sql_string.assign_fmt(GET_DDL_TASK_SQL
src/rootserver/ddl_task/ob_ddl_task.cpp	2776	ObDDLTaskRecordOperator::check_rebuild_index_task_exist	assign_fmt call; format " SELECT object_id, target_object_id, UNHEX(message) as message_unhex FROM %s WHERE ddl_type = %d"; conversions %s %d; 2 arguments: OB_ALL_DDL_TASK_STATUS_TNAME, ObDDLType::DDL_REBUILD_INDEX; argument types: ? | ?; conversion and argument pairs: %s <- ?, %d <- ?	} else if (OB_FAIL(sql_string.assign_fmt(" SELECT object_id, target_object_id, UNHEX(message) as message_unhex FROM %s WHERE ddl_type = %d",
src/rootserver/ddl_task/ob_ddl_task.cpp	2843	ObDDLTaskRecordOperator::check_has_index_task	assign_fmt call; format "SELECT EXISTS(SELECT 1 FROM %s WHERE object_id = %lu AND target_object_id = %lu AND ddl_type IN (%d, %d, %d)) as has"; conversions %s %lu %lu %d %d %d; 6 arguments: OB_ALL_DDL_TASK_STATUS_TNAME, data_table_id, index_table_id, ObDDLType::DDL_CREATE_INDEX, ObDDLType::DDL_CREATE_PARTITIONED_LOCAL_INDEX, ObDDLType::DDL_DROP_INDEX; argument types: ? | const uint64_t | const uint64_t | ? | ? | ?; conversion and argument pairs: %s <- ?, %lu <- const uint64_t, %lu <- const uint64_t, %d <- ?, %d <- ?, %d <- ?	if (OB_FAIL(sql_string.assign_fmt("SELECT EXISTS(SELECT 1 FROM %s WHERE object_id = %lu AND target_object_id = %lu AND ddl_type IN (%d, %d, %d)) as has",
src/rootserver/ddl_task/ob_ddl_task.cpp	2871	ObDDLTaskRecordOperator::get_create_index_task_cnt	assign_fmt call; format "SELECT COUNT(*) as cnt FROM %s WHERE object_id = %lu AND ddl_type IN (%d, %d, %d, %d, %d)"; conversions %s %lu %d %d %d %d %d; 7 arguments: OB_ALL_DDL_TASK_STATUS_TNAME, data_table_id, ObDDLType::DDL_CREATE_INDEX, ObDDLType::DDL_CREATE_PARTITIONED_LOCAL_INDEX, ObDDLType::DDL_CREATE_VEC_INDEX, ObDDLType::DDL_CREATE_MULTIVALUE_INDEX, ObD...; argument types: ? | const uint64_t | ? | ? | ? | ? | ?; conversion and argument pairs: %s <- ?, %lu <- const uint64_t, %d <- ?, %d <- ?, %d <- ?, %d <- ?, %d <- ?	if (OB_FAIL(sql_string.assign_fmt("SELECT COUNT(*) as cnt FROM %s WHERE object_id = %lu AND ddl_type IN (%d, %d, %d, %d, %d)",
src/rootserver/ddl_task/ob_ddl_task.cpp	2934	ObDDLTaskRecordOperator::get_ddl_task_record	assign_fmt call; format GET_DDL_TASK_SQL " WHERE task_id=%lu "; conversions %s %lu; format uses macros GET_DDL_TASK_SQL; 2 arguments: OB_ALL_DDL_TASK_STATUS_TNAME, task_id; argument types: ? | const int64_t; conversion and argument pairs: %s <- ?, %lu <- const int64_t	} else if (OB_FAIL(sql_string.assign_fmt(GET_DDL_TASK_SQL
src/rootserver/ddl_task/ob_ddl_task.cpp	2955	ObDDLTaskRecordOperator::get_all_ddl_task_record	assign_fmt call; format GET_DDL_TASK_SQL; conversions %s; format uses macros GET_DDL_TASK_SQL; 1 arguments: OB_ALL_DDL_TASK_STATUS_TNAME; argument types: ?; conversion and argument pairs: %s <- ?	} else if (OB_FAIL(sql_string.assign_fmt(GET_DDL_TASK_SQL, OB_ALL_DDL_TASK_STATUS_TNAME))) {
src/rootserver/ddl_task/ob_ddl_task.cpp	2973	ObDDLTaskRecordOperator::get_ddl_task_record_by_table_id	assign_fmt call; format " SELECT time_to_usec(gmt_create) AS create_time, task_id, object_id, target_object_id, ddl_type, " "schema_version, parent_task_id, trace_id, status, snapsh...; conversions %s %lu; 2 arguments: OB_ALL_DDL_TASK_STATUS_TNAME, table_id; argument types: ? | const uint64_t; conversion and argument pairs: %s <- ?, %lu <- const uint64_t	} else if (OB_FAIL(sql_string.assign_fmt(" SELECT time_to_usec(gmt_create) AS create_time, task_id, object_id, target_object_id, ddl_type, "
src/rootserver/ddl_task/ob_ddl_task.cpp	2990	ObDDLTaskRecordOperator::check_task_id_exist	assign_fmt call; format "SELECT count(*) as have FROM %s WHERE task_id=%lu"; conversions %s %lu; 2 arguments: OB_ALL_DDL_TASK_STATUS_TNAME, task_id; argument types: ? | const int64_t; conversion and argument pairs: %s <- ?, %lu <- const int64_t	if (OB_FAIL(sql_string.assign_fmt("SELECT count(*) as have FROM %s WHERE task_id=%lu", OB_ALL_DDL_TASK_STATUS_TNAME, task_id))) {
src/rootserver/ddl_task/ob_ddl_task.cpp	3021	ObDDLTaskRecordOperator::to_hex_str	append_fmt call; format "%02X"; conversions %02X; 1 arguments: static_cast<uint8_t>(src.ptr()[i]); argument types: uint8_t; conversion and argument pairs: %02X <- uint8_t	if (OB_FAIL(dst.append_fmt("%02X", static_cast<uint8_t>(src.ptr()[i])))) {
src/rootserver/ddl_task/ob_ddl_task.cpp	3050	ObDDLTaskRecordOperator::insert_record	assign_fmt call; format "SELECT task_id FROM %s " "WHERE object_id = %lu and target_object_id = %lu and parent_task_id = %lu"; conversions %s %lu %lu %lu; 4 arguments: OB_ALL_DDL_TASK_STATUS_TNAME, record.object_id_, record.target_object_id_, record.parent_task_id_; argument types: ? | uint64_t | uint64_t | int64_t; conversion and argument pairs: %s <- ?, %lu <- uint64_t, %lu <- uint64_t, %lu <- int64_t	if (OB_FAIL(query_string.assign_fmt("SELECT task_id FROM %s "
src/rootserver/ddl_task/ob_ddl_task.cpp	3196	ObDDLTaskRecordOperator::select_for_update	assign_fmt call; format "SELECT status, execution_id, ret_code, snapshot_version FROM %s WHERE task_id = %lu FOR UPDATE"; conversions %s %lu; 2 arguments: OB_ALL_DDL_TASK_STATUS_TNAME, task_id; argument types: ? | const int64_t; conversion and argument pairs: %s <- ?, %lu <- const int64_t	if (OB_FAIL(sql_string.assign_fmt("SELECT status, execution_id, ret_code, snapshot_version FROM %s WHERE task_id = %lu FOR UPDATE",
src/rootserver/ddl_task/ob_ddl_task.cpp	3231	ObDDLTaskRecordOperator::kill_inner_sql	assign_fmt call; format "KILL %ld"; conversions %ld; 1 arguments: session_id; argument types: const uint64_t; conversion and argument pairs: %ld <- const uint64_t	} else if (OB_FAIL(sql_string.assign_fmt("KILL %ld", session_id))) {
src/rootserver/ddl_task/ob_ddl_task.cpp	3260	ObDDLTaskRecordOperator::kill_task_inner_sql	assign_fmt call; format " SELECT id as session_id FROM %s WHERE trace_id like \"%c%s\" " " and info like \"%cINSERT%c('ddl_task_id', %ld)%cINTO%cSELECT%c%ld%c\" "; conversions %s %c %s %c %c %ld %c %c %c %ld %c; 11 arguments: OB_ALL_VIRTUAL_SESSION_INFO_TNAME, spec_charater, trace_id_like, spec_charater, spec_charater, task_id, spec_charater, spec_charater, spec_charater, snapshot_version, spec_charater; argument types: ? | char | const char * | char | char | const int64_t | char | char | char | const int64_t | char; conversion and argument pairs: %s <- ?, %c <- char, %s <- const char *, %c <- char, %c <- char, %ld <- const int64_t, %c <- char, %c <- char, %c <- char, %ld <- const int64_t, %c <- char	} else if (OB_FAIL(sql_string.assign_fmt(" SELECT id as session_id FROM %s WHERE trace_id like \"%c%s\" "
src/rootserver/ddl_task/ob_ddl_task.cpp	3328	ObDDLTaskRecordOperator::get_running_tasks_inner_sql	assign_fmt call; format " SELECT info FROM %s WHERE trace_id like \"%c%s\"" " and info like \"%cINSERT%c('ddl_task_id', %ld)%cINTO%cSELECT%cPARTITION%c%ld%c\" "; conversions %s %c %s %c %c %ld %c %c %c %c %ld %c; 12 arguments: OB_ALL_VIRTUAL_SESSION_INFO_TNAME, spec_charater, trace_id_like, spec_charater, spec_charater, task_id, spec_charater, spec_charater, spec_charater, spec_charater, snapshot_version, spec_charater; argument types: ? | char | const char * | char | char | const int64_t | char | char | char | char | const int64_t | char; conversion and argument pairs: %s <- ?, %c <- char, %s <- const char *, %c <- char, %c <- char, %ld <- const int64_t, %c <- char, %c <- char, %c <- char, %c <- char, %ld <- const int64_t, %c <- char	} else if (OB_FAIL(sql_string.assign_fmt(" SELECT info FROM %s WHERE trace_id like \"%c%s\""
src/rootserver/ddl_task/ob_fts_index_build_task.cpp	1595	ObFtsIndexBuildTask::collect_longops_stat	databuff_printf call; format "TASK_ID: %ld, "; conversions %ld; 1 arguments: task_id_; argument types: int64_t; conversion and argument pairs: %ld <- int64_t	databuff_printf(stat_info_.message_, MAX_LONG_OPS_MESSAGE_LENGTH, pos, "TASK_ID: %ld, ", task_id_);
src/rootserver/ddl_task/ob_fts_index_build_task.cpp	1598	ObFtsIndexBuildTask::collect_longops_stat	databuff_printf call; format "STATUS: PREPARE"; conversions none; 0 arguments	if (OB_FAIL(OB_FAIL(databuff_printf(stat_info_.message_,
src/rootserver/ddl_task/ob_fts_index_build_task.cpp	1606	ObFtsIndexBuildTask::collect_longops_stat	databuff_printf call; format "STATUS: GENERATE_ROWKEY_DOC_SCHEMA, ROWKEY_DOC_TASK_ID: %ld"; conversions %ld; 1 arguments: rowkey_doc_task_id_; argument types: int64_t; conversion and argument pairs: %ld <- int64_t	if (OB_FAIL(databuff_printf(stat_info_.message_,
src/rootserver/ddl_task/ob_fts_index_build_task.cpp	1614	ObFtsIndexBuildTask::collect_longops_stat	databuff_printf call; format "STATUS: WAIT_ROWKEY_DOC_TABLE_COMPLEMENT, \ DOC_ROWKEY_TASK_ID: %ld, DOMAIN_INDEX_AUX_TASK_ID: %ld, FTS_DOC_WORD_TASK_ID: %ld"; conversions %ld %ld %ld; 3 arguments: \ doc_rowkey_task_id_, domain_index_aux_task_id_, fts_doc_word_task_id_; argument types: ? | int64_t | int64_t; conversion and argument pairs: %ld <- ?, %ld <- int64_t, %ld <- int64_t	if (OB_FAIL(databuff_printf(stat_info_.message_,
src/rootserver/ddl_task/ob_fts_index_build_task.cpp	1624	ObFtsIndexBuildTask::collect_longops_stat	databuff_printf call; format "STATUS: LOAD_DICTIONARY"; conversions none; 0 arguments	if (OB_FAIL(databuff_printf(stat_info_.message_,
src/rootserver/ddl_task/ob_fts_index_build_task.cpp	1632	ObFtsIndexBuildTask::collect_longops_stat	databuff_printf call; format "STATUS: GENERATE_DOC_AUX_SCHEMA"; conversions none; 0 arguments	if (OB_FAIL(databuff_printf(stat_info_.message_,
src/rootserver/ddl_task/ob_fts_index_build_task.cpp	1640	ObFtsIndexBuildTask::collect_longops_stat	databuff_printf call; format "STATUS: WAIT_AUX_TABLE_COMPLEMENT"; conversions none; 0 arguments	if (OB_FAIL(databuff_printf(stat_info_.message_,
src/rootserver/ddl_task/ob_fts_index_build_task.cpp	1648	ObFtsIndexBuildTask::collect_longops_stat	databuff_printf call; format "STATUS: TAKE_EFFECT"; conversions none; 0 arguments	if (OB_FAIL(databuff_printf(stat_info_.message_,
src/rootserver/ddl_task/ob_fts_index_build_task.cpp	1656	ObFtsIndexBuildTask::collect_longops_stat	databuff_printf call; format "STATUS: CLEAN ON FAIL"; conversions none; 0 arguments	if (OB_FAIL(databuff_printf(stat_info_.message_,
src/rootserver/ddl_task/ob_fts_index_build_task.cpp	1664	ObFtsIndexBuildTask::collect_longops_stat	databuff_printf call; format "STATUS: CLEAN ON SUCCESS"; conversions none; 0 arguments	if (OB_FAIL(databuff_printf(stat_info_.message_,
src/rootserver/ddl_task/ob_index_build_task.cpp	184	ObIndexSSTableBuildTask::add_event_info	snprintf call; format "data_table_id:%ld, dest_table_id:%ld"; conversions %ld %ld; 2 arguments: data_table_id_, dest_table_id_; argument types: int64_t | int64_t; conversion and argument pairs: %ld <- int64_t, %ld <- int64_t	snprintf(table_id_buffer, sizeof(table_id_buffer), "data_table_id:%ld, dest_table_id:%ld",
src/rootserver/ddl_task/ob_index_build_task.cpp	1430	ObIndexBuildTask::clean_on_failed	append_fmt call; format "drop index %.*s on %.*s"; conversions %.*s %.*s; 4 arguments: index_name.length(), index_name.ptr(), data_table_schema->get_table_name_str().length(), data_table_schema->get_table_name_str().ptr(); argument types: int32_t | char * or const char * | int32_t | char * or const char *; conversion and argument pairs: %.*s width or precision <- int32_t, %.*s <- char * or const char *, %.*s width or precision <- int32_t, %.*s <- char * or const char *	if (OB_FAIL(drop_index_sql.append_fmt("drop index %.*s on %.*s", index_name.length(), index_name.ptr(),
src/rootserver/ddl_task/ob_index_build_task.cpp	1513	ObIndexBuildTask::collect_longops_stat	databuff_printf call; format "TASK_ID: %ld, "; conversions %ld; 1 arguments: task_id_; argument types: int64_t; conversion and argument pairs: %ld <- int64_t	databuff_printf(stat_info_.message_, MAX_LONG_OPS_MESSAGE_LENGTH, pos, "TASK_ID: %ld, ", task_id_);
src/rootserver/ddl_task/ob_index_build_task.cpp	1516	ObIndexBuildTask::collect_longops_stat	databuff_printf call; format "STATUS: PREPARE"; conversions none; 0 arguments	if (OB_FAIL(databuff_printf(stat_info_.message_,
src/rootserver/ddl_task/ob_index_build_task.cpp	1525	ObIndexBuildTask::collect_longops_stat	databuff_printf call; format "STATUS: ACQUIRE SNAPSHOT, SNAPSHOT_VERSION: %ld"; conversions %ld; 1 arguments: snapshot_version_; argument types: int64_t; conversion and argument pairs: %ld <- int64_t	if (OB_FAIL(databuff_printf(stat_info_.message_,
src/rootserver/ddl_task/ob_index_build_task.cpp	1532	ObIndexBuildTask::collect_longops_stat	databuff_printf call; format "STATUS: WAIT TRANS END, PENDING_TX_ID: %ld"; conversions %ld; 1 arguments: wait_trans_ctx_.get_pending_tx_id().get_id(); argument types: int64_t; conversion and argument pairs: %ld <- int64_t	if (OB_FAIL(databuff_printf(stat_info_.message_,
src/rootserver/ddl_task/ob_index_build_task.cpp	1542	ObIndexBuildTask::collect_longops_stat	databuff_printf call; format "STATUS: REDEFINITION"; conversions none; 0 arguments	if (OB_FAIL(databuff_printf(stat_info_.message_,
src/rootserver/ddl_task/ob_index_build_task.cpp	1550	ObIndexBuildTask::collect_longops_stat	databuff_printf call; format "STATUS: VALIDATE CHECKSUM"; conversions none; 0 arguments	if (OB_FAIL(databuff_printf(stat_info_.message_,
src/rootserver/ddl_task/ob_index_build_task.cpp	1558	ObIndexBuildTask::collect_longops_stat	databuff_printf call; format "STATUS: ENABLE INDEX"; conversions none; 0 arguments	if (OB_FAIL(databuff_printf(stat_info_.message_,
src/rootserver/ddl_task/ob_index_build_task.cpp	1566	ObIndexBuildTask::collect_longops_stat	databuff_printf call; format "STATUS: CLEAN ON FAIL"; conversions none; 0 arguments	if (OB_FAIL(databuff_printf(stat_info_.message_,
src/rootserver/ddl_task/ob_index_build_task.cpp	1574	ObIndexBuildTask::collect_longops_stat	databuff_printf call; format "STATUS: CLEAN ON SUCCESS"; conversions none; 0 arguments	if (OB_FAIL(databuff_printf(stat_info_.message_,
src/rootserver/ddl_task/ob_modify_autoinc_task.cpp	94	ObUpdateAutoincSequenceTask::process	assign_fmt call; format "SELECT /*+no_rewrite*/ CAST(MAX(`%s`) AS SIGNED) AS MAX_VALUE FROM `%s`.`%s`"; conversions %s %s %s; 3 arguments: column_schema->get_column_name(), db_schema->get_database_name(), table_schema->get_table_name(); argument types: const char * | const char * | const char *; conversion and argument pairs: %s <- const char *, %s <- const char *, %s <- const char *	} else if (OB_FAIL(sql.assign_fmt("SELECT /*+no_rewrite*/ CAST(MAX(`%s`) AS SIGNED) AS MAX_VALUE FROM `%s`.`%s`",
src/rootserver/ddl_task/ob_modify_autoinc_task.cpp	113	ObUpdateAutoincSequenceTask::process	snprintf call; format "data_table_id:%ld, dest_table_id:%ld"; conversions %ld %ld; 2 arguments: data_table_id_, dest_table_id_; argument types: int64_t | int64_t; conversion and argument pairs: %ld <- int64_t, %ld <- int64_t	snprintf(table_id_buffer, sizeof(table_id_buffer), "data_table_id:%ld, dest_table_id:%ld",
src/rootserver/ddl_task/ob_table_redefinition_task.cpp	759	ObTableRedefinitionTask::take_effect	snprintf call; format "object_id:%ld, target_object_id:%ld"; conversions %ld %ld; 2 arguments: object_id_, target_object_id_; argument types: uint64_t | uint64_t; conversion and argument pairs: %ld <- uint64_t, %ld <- uint64_t	snprintf(object_id_buffer, sizeof(object_id_buffer), "object_id:%ld, target_object_id:%ld",
src/rootserver/ddl_task/ob_table_redefinition_task.cpp	1009	ObTableRedefinitionTask::collect_longops_stat	databuff_printf call; format "TASK_ID: %ld, "; conversions %ld; 1 arguments: task_id_; argument types: int64_t; conversion and argument pairs: %ld <- int64_t	databuff_printf(stat_info_.message_, MAX_LONG_OPS_MESSAGE_LENGTH, pos, "TASK_ID: %ld, ", task_id_);
src/rootserver/ddl_task/ob_table_redefinition_task.cpp	1012	ObTableRedefinitionTask::collect_longops_stat	databuff_printf call; format "STATUS: PREPARE"; conversions none; 0 arguments	if (OB_FAIL(databuff_printf(stat_info_.message_,
src/rootserver/ddl_task/ob_table_redefinition_task.cpp	1021	ObTableRedefinitionTask::collect_longops_stat	databuff_printf call; format "STATUS: ACQUIRE SNAPSHOT, SNAPSHOT_VERSION: %ld"; conversions %ld; 1 arguments: snapshot_version_; argument types: int64_t; conversion and argument pairs: %ld <- int64_t	if (OB_FAIL(databuff_printf(stat_info_.message_,
src/rootserver/ddl_task/ob_table_redefinition_task.cpp	1028	ObTableRedefinitionTask::collect_longops_stat	databuff_printf call; format "STATUS: WAIT TRANS END, PENDING_TX_ID: %ld"; conversions %ld; 1 arguments: wait_trans_ctx_.get_pending_tx_id().get_id(); argument types: int64_t; conversion and argument pairs: %ld <- int64_t	if (OB_FAIL(databuff_printf(stat_info_.message_,
src/rootserver/ddl_task/ob_table_redefinition_task.cpp	1038	ObTableRedefinitionTask::collect_longops_stat	databuff_printf call; format "STATUS: OBTAIN SNAPSHOT"; conversions none; 0 arguments	if (OB_FAIL(databuff_printf(stat_info_.message_,
src/rootserver/ddl_task/ob_table_redefinition_task.cpp	1046	ObTableRedefinitionTask::collect_longops_stat	databuff_printf call; format "STATUS: CHECK TABLE EMPTY"; conversions none; 0 arguments	if (OB_FAIL(databuff_printf(stat_info_.message_,
src/rootserver/ddl_task/ob_table_redefinition_task.cpp	1054	ObTableRedefinitionTask::collect_longops_stat	databuff_printf call; format "STATUS: REDEFINITION"; conversions none; 0 arguments	if (OB_FAIL(databuff_printf(stat_info_.message_,
src/rootserver/ddl_task/ob_table_redefinition_task.cpp	1068	ObTableRedefinitionTask::collect_longops_stat	databuff_printf call; format "STATUS: COPY DEPENDENT OBJECTS, CHILD TASK IDS: %s"; conversions %s; 1 arguments: child_task_ids; argument types: char [MAX_LONG_OPS_MESSAGE_LENGTH]; conversion and argument pairs: %s <- char [MAX_LONG_OPS_MESSAGE_LENGTH]	} else if (OB_FAIL(databuff_printf(stat_info_.message_,
src/rootserver/ddl_task/ob_table_redefinition_task.cpp	1081	ObTableRedefinitionTask::collect_longops_stat	databuff_printf call; format "STATUS: MODIFY AUTOINC"; conversions none; 0 arguments	if (OB_FAIL(databuff_printf(stat_info_.message_,
src/rootserver/ddl_task/ob_table_redefinition_task.cpp	1089	ObTableRedefinitionTask::collect_longops_stat	databuff_printf call; format "STATUS: TAKE EFFECT"; conversions none; 0 arguments	if (OB_FAIL(databuff_printf(stat_info_.message_,
src/rootserver/ddl_task/ob_table_redefinition_task.cpp	1097	ObTableRedefinitionTask::collect_longops_stat	databuff_printf call; format "STATUS: REPENDING"; conversions none; 0 arguments	if (OB_FAIL(databuff_printf(stat_info_.message_,
src/rootserver/ddl_task/ob_table_redefinition_task.cpp	1105	ObTableRedefinitionTask::collect_longops_stat	databuff_printf call; format "STATUS: CLEAN ON FAIL"; conversions none; 0 arguments	if (OB_FAIL(databuff_printf(stat_info_.message_,
src/rootserver/ddl_task/ob_table_redefinition_task.cpp	1113	ObTableRedefinitionTask::collect_longops_stat	databuff_printf call; format "STATUS: CLEAN ON SUCCESS"; conversions none; 0 arguments	if (OB_FAIL(databuff_printf(stat_info_.message_,
src/rootserver/ddl_task/ob_vec_index_build_task.cpp	1339	ObVecIndexBuildTask::print_child_task_ids	databuff_printf call; format "[ "; conversions none; 0 arguments	if (OB_FAIL(databuff_printf(buf, len, pos, "[ "))) {
src/rootserver/ddl_task/ob_vec_index_build_task.cpp	1343	ObVecIndexBuildTask::print_child_task_ids	databuff_printf call; format "%ld "; conversions %ld; 1 arguments: child_task_id; argument types: const int64_t; conversion and argument pairs: %ld <- const int64_t	if (OB_FAIL(databuff_printf(buf,
src/rootserver/ddl_task/ob_vec_index_build_task.cpp	1352	ObVecIndexBuildTask::print_child_task_ids	databuff_printf call; format "]"; conversions none; 0 arguments	databuff_printf(buf, len, pos, "]");
src/rootserver/ddl_task/ob_vec_index_build_task.cpp	1364	ObVecIndexBuildTask::collect_longops_stat	databuff_printf call; format "TASK_ID: %ld, "; conversions %ld; 1 arguments: task_id_; argument types: int64_t; conversion and argument pairs: %ld <- int64_t	databuff_printf(stat_info_.message_, MAX_LONG_OPS_MESSAGE_LENGTH, pos, "TASK_ID: %ld, ", task_id_);
src/rootserver/ddl_task/ob_vec_index_build_task.cpp	1367	ObVecIndexBuildTask::collect_longops_stat	databuff_printf call; format "STATUS: PREPARE"; conversions none; 0 arguments	if (OB_FAIL(databuff_printf(stat_info_.message_,
src/rootserver/ddl_task/ob_vec_index_build_task.cpp	1375	ObVecIndexBuildTask::collect_longops_stat	databuff_printf call; format "STATUS: GENERATE_ROWKEY_VID_SCHEMA"; conversions none; 0 arguments	if (OB_FAIL(databuff_printf(stat_info_.message_,
src/rootserver/ddl_task/ob_vec_index_build_task.cpp	1384	ObVecIndexBuildTask::collect_longops_stat	databuff_printf call; format "STATUS: WAIT_ROWKEY_VID_TABLE_COMPLEMENT"; conversions none; 0 arguments	if (OB_FAIL(databuff_printf(stat_info_.message_,
src/rootserver/ddl_task/ob_vec_index_build_task.cpp	1397	ObVecIndexBuildTask::collect_longops_stat	databuff_printf call; format "STATUS: GENERATE_VEC_AUX_SCHEMA"; conversions none; 0 arguments	if (OB_FAIL(databuff_printf(stat_info_.message_,
src/rootserver/ddl_task/ob_vec_index_build_task.cpp	1406	ObVecIndexBuildTask::collect_longops_stat	databuff_printf call; format "STATUS: WAIT_VEC_AUX_TABLE_COMPLEMENT"; conversions none; 0 arguments	if (OB_FAIL(databuff_printf(stat_info_.message_,
src/rootserver/ddl_task/ob_vec_index_build_task.cpp	1419	ObVecIndexBuildTask::collect_longops_stat	databuff_printf call; format "STATUS: GENERATE_VID_ROWKEY_SCHEMA"; conversions none; 0 arguments	if (OB_FAIL(databuff_printf(stat_info_.message_,
src/rootserver/ddl_task/ob_vec_index_build_task.cpp	1428	ObVecIndexBuildTask::collect_longops_stat	databuff_printf call; format "STATUS: WAIT_VID_ROWKEY_TABLE_COMPLEMENT"; conversions none; 0 arguments	if (OB_FAIL(databuff_printf(stat_info_.message_,
src/rootserver/ddl_task/ob_vec_index_build_task.cpp	1441	ObVecIndexBuildTask::collect_longops_stat	databuff_printf call; format "STATUS: VALIDATE_CHECKSUM"; conversions none; 0 arguments	if (OB_FAIL(databuff_printf(stat_info_.message_,
src/rootserver/ddl_task/ob_vec_index_build_task.cpp	1449	ObVecIndexBuildTask::collect_longops_stat	databuff_printf call; format "STATUS: FAIL"; conversions none; 0 arguments	if (OB_FAIL(databuff_printf(stat_info_.message_,
src/rootserver/ddl_task/ob_vec_index_build_task.cpp	1457	ObVecIndexBuildTask::collect_longops_stat	databuff_printf call; format "STATUS: SUCCESS"; conversions none; 0 arguments	if (OB_FAIL(databuff_printf(stat_info_.message_,
src/rootserver/ddl_task/ob_vec_ivf_index_build_task.cpp	1309	ObVecIVFIndexBuildTask::collect_longops_stat	databuff_printf call; format "TASK_ID: %ld, "; conversions %ld; 1 arguments: task_id_; argument types: int64_t; conversion and argument pairs: %ld <- int64_t	databuff_printf(stat_info_.message_, MAX_LONG_OPS_MESSAGE_LENGTH, pos, "TASK_ID: %ld, ", task_id_);
src/rootserver/ddl_task/ob_vec_ivf_index_build_task.cpp	1312	ObVecIVFIndexBuildTask::collect_longops_stat	databuff_printf call; format "STATUS: PREPARE"; conversions none; 0 arguments	if (OB_FAIL(databuff_printf(stat_info_.message_,
src/rootserver/ddl_task/ob_vec_ivf_index_build_task.cpp	1320	ObVecIVFIndexBuildTask::collect_longops_stat	databuff_printf call; format "STATUS: GENERATE_SQ_META_TABLE_SCHEMA"; conversions none; 0 arguments	if (OB_FAIL(databuff_printf(stat_info_.message_,
src/rootserver/ddl_task/ob_vec_ivf_index_build_task.cpp	1328	ObVecIVFIndexBuildTask::collect_longops_stat	databuff_printf call; format "STATUS: WAIT_SQ_META_TABLE_COMPLEMENT"; conversions none; 0 arguments	if (OB_FAIL(databuff_printf(stat_info_.message_,
src/rootserver/ddl_task/ob_vec_ivf_index_build_task.cpp	1336	ObVecIVFIndexBuildTask::collect_longops_stat	databuff_printf call; format "STATUS: GENERATE_CENTROID_TABLE_SCHEMA"; conversions none; 0 arguments	if (OB_FAIL(databuff_printf(stat_info_.message_,
src/rootserver/ddl_task/ob_vec_ivf_index_build_task.cpp	1344	ObVecIVFIndexBuildTask::collect_longops_stat	databuff_printf call; format "STATUS: WAIT_CENTROID_TABLE_COMPLEMENT"; conversions none; 0 arguments	if (OB_FAIL(databuff_printf(stat_info_.message_,
src/rootserver/ddl_task/ob_vec_ivf_index_build_task.cpp	1352	ObVecIVFIndexBuildTask::collect_longops_stat	databuff_printf call; format "STATUS: GENERATE_PQ_CENTROID_TABLE_SCHEMA"; conversions none; 0 arguments	if (OB_FAIL(databuff_printf(stat_info_.message_,
src/rootserver/ddl_task/ob_vec_ivf_index_build_task.cpp	1360	ObVecIVFIndexBuildTask::collect_longops_stat	databuff_printf call; format "STATUS: WAIT_PQ_CENTROID_TABLE_COMPLEMENT"; conversions none; 0 arguments	if (OB_FAIL(databuff_printf(stat_info_.message_,
src/rootserver/ddl_task/ob_vec_ivf_index_build_task.cpp	1368	ObVecIVFIndexBuildTask::collect_longops_stat	databuff_printf call; format "STATUS: GENERATE_VEC_AUX_SCHEMA"; conversions none; 0 arguments	if (OB_FAIL(databuff_printf(stat_info_.message_,
src/rootserver/ddl_task/ob_vec_ivf_index_build_task.cpp	1376	ObVecIVFIndexBuildTask::collect_longops_stat	databuff_printf call; format "STATUS: WAIT_VEC_AUX_TABLE_COMPLEMENT"; conversions none; 0 arguments	if (OB_FAIL(databuff_printf(stat_info_.message_,
src/rootserver/ddl_task/ob_vec_ivf_index_build_task.cpp	1384	ObVecIVFIndexBuildTask::collect_longops_stat	databuff_printf call; format "STATUS: VALIDATE_CHECKSUM"; conversions none; 0 arguments	if (OB_FAIL(databuff_printf(stat_info_.message_,
src/rootserver/ddl_task/ob_vec_ivf_index_build_task.cpp	1392	ObVecIVFIndexBuildTask::collect_longops_stat	databuff_printf call; format "STATUS: FAIL"; conversions none; 0 arguments	if (OB_FAIL(databuff_printf(stat_info_.message_,
src/rootserver/ddl_task/ob_vec_ivf_index_build_task.cpp	1400	ObVecIVFIndexBuildTask::collect_longops_stat	databuff_printf call; format "STATUS: SUCCESS"; conversions none; 0 arguments	if (OB_FAIL(databuff_printf(stat_info_.message_,
src/rootserver/fork_table/ob_fork_table_helper.cpp	481	ObForkTableHelper::copy_stat_info_	assign_fmt call; format "REPLACE INTO %s (table_id, partition_id, %s) " "SELECT %lu, %ld, %s FROM %s " "WHERE table_id = %lu AND partition_id = %ld"; conversions %s %s %lu %ld %s %s %lu %ld; 8 arguments: table_name, table_schema, dst_table_id, dst_part_id, table_schema, table_name, src_table_id, src_part_id; argument types: const char * | const char * | const uint64_t | const int64_t | const char * | const char * | const uint64_t | const int64_t; conversion and argument pairs: %s <- const char *, %s <- const char *, %lu <- const uint64_t, %ld <- const int64_t, %s <- const char *, %s <- const char *, %lu <- const uint64_t, %ld <- const int64_t	OB_FAIL(sql_string.assign_fmt(
src/rootserver/fork_table/ob_fork_table_task.cpp	549	ObForkTableTask::cleanup_impl	assign_fmt call; format " DELETE FROM %s WHERE task_id=%ld"; conversions %s %ld; 2 arguments: share::OB_ALL_DDL_TASK_STATUS_TNAME, task_id_; argument types: ? | int64_t; conversion and argument pairs: %s <- ?, %ld <- int64_t	if (OB_FAIL(sql_string.assign_fmt(" DELETE FROM %s WHERE task_id=%ld",
src/rootserver/freeze/ob_major_freeze_util.cpp	79	ObFreezeTimeGuard::~ObFreezeTimeGuard	snprintf call; format "cost too much time: %s (%s:%ld), "; conversions %s %s %ld; 3 arguments: func_name_, strrchr(file_, '/') ? (strrchr(file_, '/') + 1) : file_, line_; argument types: const char *const | const char *const | const int64_t; conversion and argument pairs: %s <- const char *const, %s <- const char *const, %ld <- const int64_t	int n = snprintf(strbuffer, buffer_size, "cost too much time: %s (%s:%ld), ",
src/rootserver/freeze/ob_major_freeze_util.cpp	82	ObFreezeTimeGuard::~ObFreezeTimeGuard	snprintf call; format "..., "; conversions none; 0 arguments	snprintf(&strbuffer[buffer_size - 6], 6, "..., ");
src/rootserver/freeze/ob_major_merge_progress_checker.cpp	1038	inner_find_doc_word_index	databuff_printf call; format "%.*s_fts_doc_word"; conversions %.*s; 2 arguments: input_index_name.length(), input_index_name.ptr(); argument types: int32_t | char * or const char *; conversion and argument pairs: %.*s width or precision <- int32_t, %.*s <- char * or const char *	if (OB_FAIL(databuff_printf(buf, buf_size, "%.*s_fts_doc_word", input_index_name.length(), input_index_name.ptr()))) {
src/rootserver/ob_alter_table_constraint_checker.cpp	184	ObAlterTableConstraintChecker::check_alter_table_constraint	snprintf call; format "%s and alter constraint in single statement"; conversions %s; 1 arguments: ddl_service.ddl_type_str(ddl_type); argument types: const char *; conversion and argument pairs: %s <- const char *	(void)snprintf(err_msg, sizeof(err_msg), "%s and alter constraint in single statement", ddl_service.ddl_type_str(ddl_type));
src/rootserver/ob_bootstrap.h	175	#define BOOTSTRAP_CHECK_SUCCESS_V2	_BOOTSTRAP_LOG call; format "STEP_%ld.%ld:%s execute success, cost=%ld"; conversions %ld %ld %s %ld; 4 arguments: \ major_step, step_id_, function_name, cost; argument types: ? | ? | ? | ?; writes the server log; inside #define BOOTSTRAP_CHECK_SUCCESS_V2 (a fixed format: its uses are not rows)	_BOOTSTRAP_LOG(INFO, "STEP_%ld.%ld:%s execute success, cost=%ld", \
src/rootserver/ob_bootstrap.h	179	#define BOOTSTRAP_CHECK_SUCCESS_V2	_BOOTSTRAP_LOG call; format "STEP_%ld.%ld:%s execute fail, ret=%d, cost=%ld"; conversions %ld %ld %s %d %ld; 5 arguments: \ major_step, step_id_, function_name, ret, cost; argument types: ? | ? | ? | ? | ?; writes the server log; inside #define BOOTSTRAP_CHECK_SUCCESS_V2 (a fixed format: its uses are not rows)	_BOOTSTRAP_LOG(WARN, "STEP_%ld.%ld:%s execute fail, ret=%d, cost=%ld", \
src/rootserver/ob_bootstrap.h	198	#define BOOTSTRAP_CHECK_SUCCESS	_BOOTSTRAP_LOG call; format "STEP_%ld.%ld:%s execute success, cost=%ld"; conversions %ld %ld %s %ld; 4 arguments: \ major_step, step_id_, __FUNCTION__, cost; argument types: ? | ? | ? | ?; writes the server log; inside #define BOOTSTRAP_CHECK_SUCCESS (a fixed format: its uses are not rows)	_BOOTSTRAP_LOG(INFO, "STEP_%ld.%ld:%s execute success, cost=%ld", \
src/rootserver/ob_bootstrap.h	202	#define BOOTSTRAP_CHECK_SUCCESS	_BOOTSTRAP_LOG call; format "STEP_%ld.%ld:%s execute fail, ret=%d, cost=%ld"; conversions %ld %ld %s %d %ld; 5 arguments: \ major_step, step_id_, __FUNCTION__, ret, cost; argument types: ? | ? | ? | ? | ?; writes the server log; inside #define BOOTSTRAP_CHECK_SUCCESS (a fixed format: its uses are not rows)	_BOOTSTRAP_LOG(WARN, "STEP_%ld.%ld:%s execute fail, ret=%d, cost=%ld", \
src/rootserver/ob_ddl_operator.cpp	1689	ObDDLOperator::alter_index_drop_options	append_fmt call; format "DROP INDEX %.*s on %.*s"; conversions %.*s %.*s; 4 arguments: index_name.length(), index_name.ptr(), table_name.length(), table_name.ptr(); argument types: int32_t | char * or const char * | int32_t | char * or const char *; conversion and argument pairs: %.*s width or precision <- int32_t, %.*s <- char * or const char *, %.*s width or precision <- int32_t, %.*s <- char * or const char *	} else if (OB_FAIL(sql.append_fmt("DROP INDEX %.*s on %.*s",
src/rootserver/ob_ddl_operator.cpp	3682	ObDDLOperator::init_srs	assign_fmt call; format "INSERT INTO %s " "(SRS_VERSION, SRS_ID, SRS_NAME, ORGANIZATION, ORGANIZATION_COORDSYS_ID, DEFINITION, minX, maxX, minY, maxY, proj4text, DESCRIPTION) VALUES...; conversions %s; 1 arguments: OB_ALL_SPATIAL_REFERENCE_SYSTEMS_TNAME; argument types: ?; conversion and argument pairs: %s <- ?	if (OB_FAIL(sql.assign_fmt("INSERT INTO %s "
src/rootserver/ob_ddl_operator.cpp	5148	ObDDLOperator::grant_revoke_role	append_fmt call; format is_grant ? "GRANT ": "REVOKE "; conversions none (each branch); 0 arguments	if (OB_FAIL(sql_string.append_fmt(is_grant ? "GRANT ": "REVOKE "))) {
src/rootserver/ob_ddl_operator.cpp	5151	ObDDLOperator::grant_revoke_role	append_fmt call; format "%s"; conversions %s; 1 arguments: specified_role_info->get_user_name(); argument types: const char *; conversion and argument pairs: %s <- const char *	if (OB_FAIL(sql_string.append_fmt("%s", specified_role_info->get_user_name()))) {
src/rootserver/ob_ddl_operator.cpp	5159	ObDDLOperator::grant_revoke_role	append_fmt call; format ","; conversions none; 0 arguments	if (OB_FAIL(sql_string.append_fmt(","))) {
src/rootserver/ob_ddl_operator.cpp	5165	ObDDLOperator::grant_revoke_role	append_fmt call; format "`%s`@`%s`"; conversions %s %s; 2 arguments: role_info->get_user_name(), role_info->get_host_name(); argument types: const char * | const char *; conversion and argument pairs: %s <- const char *, %s <- const char *	} else if (OB_FAIL(sql_string.append_fmt("`%s`@`%s`",
src/rootserver/ob_ddl_operator.cpp	5172	ObDDLOperator::grant_revoke_role	append_fmt call; format is_grant ? " TO `%s`@`%s`": " FROM `%s`@`%s`"; conversions %s %s (each branch); 2 arguments: user_info.get_user_name(), user_info.get_host_name(); argument types: const char * | const char *; conversion and argument pairs: %s <- const char *, %s <- const char *	if (OB_FAIL(sql_string.append_fmt(is_grant ? " TO `%s`@`%s`": " FROM `%s`@`%s`",
src/rootserver/ob_ddl_operator.cpp	5175	ObDDLOperator::grant_revoke_role	append_fmt call; format " WITH ADMIN OPTION"; conversions none; 0 arguments	} else if (is_grant && option != NO_OPTION && OB_FAIL(sql_string.append_fmt(
src/rootserver/ob_ddl_operator.cpp	5832	ObDDLOperator::get_target_auto_inc_sequence_value	assign_fmt call; format " SELECT sequence_value FROM %s WHERE sequence_key = %lu" " AND column_id = %lu FOR UPDATE"; conversions %s %lu %lu; 3 arguments: table_name, ObSchemaUtils::get_extract_schema_id(table_id), column_id; argument types: const char * | uint64_t | const uint64_t; conversion and argument pairs: %s <- const char *, %lu <- uint64_t, %lu <- const uint64_t	if (OB_FAIL(sql.assign_fmt(" SELECT  sequence_value FROM %s WHERE sequence_key = %lu"
src/rootserver/ob_ddl_operator.cpp	5880	ObDDLOperator::set_target_auto_inc_sync_value	assign_fmt call; format "UPDATE %s SET sequence_value = %lu, sync_value = %lu WHERE sequence_key=%lu AND column_id=%lu"; conversions %s %lu %lu %lu %lu; 5 arguments: table_name, new_sequence_value, new_sync_value, ObSchemaUtils::get_extract_schema_id(table_id), column_id; argument types: const char * | const uint64_t | const uint64_t | uint64_t | const uint64_t; conversion and argument pairs: %s <- const char *, %lu <- const uint64_t, %lu <- const uint64_t, %lu <- uint64_t, %lu <- const uint64_t	if (OB_FAIL(sql.assign_fmt(
src/rootserver/ob_ddl_operator.h	806	ObDDLOperator::construct_new_name_for_recyclebin	append_fmt call; format "__recycle_$_%ld"; conversions %ld; 1 arguments: schema.get_schema_version(); argument types: ?; conversion and argument pairs: %ld <- ?	if (OB_FAIL(new_object_name.append_fmt("__recycle_$_%ld",
src/rootserver/ob_ddl_service.cpp	326	ObDDLService::check_create_with_db_id	snprintf call; format "%s"; conversions %s; 1 arguments: "create database with database_id"; argument types: string literal; conversion and argument pairs: %s <- string literal	(void)snprintf(err_msg, sizeof(err_msg),
src/rootserver/ob_ddl_service.cpp	330	ObDDLService::check_create_with_db_id	snprintf call; format "%s %lu"; conversions %s %lu; 2 arguments: "create inner db with invalid database_id: ", db_id; argument types: string literal | const uint64_t; conversion and argument pairs: %s <- string literal, %lu <- const uint64_t	(void)snprintf(err_msg, sizeof(err_msg),
src/rootserver/ob_ddl_service.cpp	355	ObDDLService::replace_table_schema_type	snprintf call; format "%s"; conversions %s; 1 arguments: "create table with table_id"; argument types: string literal; conversion and argument pairs: %s <- string literal	(void)snprintf(err_msg, sizeof(err_msg),
src/rootserver/ob_ddl_service.cpp	359	ObDDLService::replace_table_schema_type	snprintf call; format "%s %lu"; conversions %s %lu; 2 arguments: "create inner table with invalid table_id: ", table_id; argument types: string literal | const uint64_t; conversion and argument pairs: %s <- string literal, %lu <- const uint64_t	(void)snprintf(err_msg, sizeof(err_msg),
src/rootserver/ob_ddl_service.cpp	363	ObDDLService::replace_table_schema_type	snprintf call; format "%s"; conversions %s; 1 arguments: "create table with table_id which fall into sys_view inte...; argument types: string literal; conversion and argument pairs: %s <- string literal	(void)snprintf(err_msg, sizeof(err_msg),
src/rootserver/ob_ddl_service.cpp	367	ObDDLService::replace_table_schema_type	snprintf call; format "%s"; conversions %s; 1 arguments: "create view with table_id which fall into non-sys_view i...; argument types: string literal; conversion and argument pairs: %s <- string literal	(void)snprintf(err_msg, sizeof(err_msg),
src/rootserver/ob_ddl_service.cpp	371	ObDDLService::replace_table_schema_type	snprintf call; format "%s"; conversions %s; 1 arguments: "table_id which fall into reserved interval"; argument types: string literal; conversion and argument pairs: %s <- string literal	(void)snprintf(err_msg, sizeof(err_msg),
src/rootserver/ob_ddl_service.cpp	1165	ObDDLService::print_view_expanded_definition	databuff_printf call; format "CREATE%s VIEW `%s`.`%s` AS %.*s"; conversions %s %s %s %.*s; 5 arguments: if_not_exist ? " OR REPLACE" : "", database_schema->get_database_name(), table_schema.get_table_name(), table_schema.get_view_schema().get_view_definition_str()...., table_schema.get_view_schema()....; argument types: const char * | const char * | const char * | ? | ?; conversion and argument pairs: %s <- const char *, %s <- const char *, %s <- const char *, %.*s width or precision <- ?, %.*s <- ?	} else if (OB_FAIL(databuff_printf(buf, buf_len, pos,
src/rootserver/ob_ddl_service.cpp	1172	ObDDLService::print_view_expanded_definition	databuff_printf call; format ";"; conversions none; 0 arguments	} else if (OB_FAIL(databuff_printf(buf, buf_len, pos, ";"))) {
src/rootserver/ob_ddl_service.cpp	1826	ObDDLService::generate_index_name	snprintf call; format "%.*s_%d"; conversions %.*s %d; 3 arguments: first_col_name.length(), first_col_name.ptr(), i; argument types: int32_t | char * or const char * | int32_t; conversion and argument pairs: %.*s width or precision <- int32_t, %.*s <- char * or const char *, %d <- int32_t	(void)snprintf(buffer, sizeof(buffer), "%.*s_%d", first_col_name.length(),
src/rootserver/ob_ddl_service.cpp	2964	ObDDLService::check_alter_heap_table_index	snprintf call; format "can't RENAME '%s'; RENAME from a column/key that is reserved by heap table is is"; conversions %s; 1 arguments: ori_index_name.ptr(); argument types: char * or const char *; conversion and argument pairs: %s <- char * or const char *	(void)snprintf(err_msg, sizeof(err_msg), "can't RENAME '%s'; RENAME from a column/key that is reserved by heap table is is",
src/rootserver/ob_ddl_service.cpp	2969	ObDDLService::check_alter_heap_table_index	snprintf call; format "switch to another name; RENAME a column/key to a name that is reserved by heap table is"; conversions none; 0 arguments	(void)snprintf(err_msg, sizeof(err_msg), "switch to another name; RENAME a column/key to a name that is reserved by heap table is");
src/rootserver/ob_ddl_service.cpp	2974	ObDDLService::check_alter_heap_table_index	snprintf call; format "can't %s '%s'; %s with a name that is reserved by heap table is"; conversions %s %s %s; 3 arguments: ObIndexArg::to_type_str(type), index_arg->index_name_.ptr(), ObIndexArg::to_type_str(type); argument types: const char * | char * or const char * | const char *; conversion and argument pairs: %s <- const char *, %s <- char * or const char *, %s <- const char *	(void)snprintf(err_msg, sizeof(err_msg), "can't %s '%s'; %s with a name that is reserved by heap table is",
src/rootserver/ob_ddl_service.cpp	3066	ObDDLService::check_alter_table_index	snprintf call; format "%s and %s in single statment"; conversions %s %s; 2 arguments: ObIndexArg::to_type_str(last_type), ObIndexArg::to_type_str(type); argument types: const char * | const char *; conversion and argument pairs: %s <- const char *, %s <- const char *	(void)snprintf(err_msg, sizeof(err_msg), "%s and %s in single statment",
src/rootserver/ob_ddl_service.cpp	3079	ObDDLService::check_alter_table_index	snprintf call; format "%s in heap organized table"; conversions %s; 1 arguments: ObIndexArg::to_type_str(type); argument types: const char *; conversion and argument pairs: %s <- const char *	(void)snprintf(err_msg, sizeof(err_msg), "%s in heap organized table",
src/rootserver/ob_ddl_service.cpp	3091	ObDDLService::check_alter_table_index	snprintf call; format "%s and %s in single statment"; conversions %s %s; 2 arguments: ObIndexArg::to_type_str(last_type), ObIndexArg::to_type_str(type); argument types: const char * | const char *; conversion and argument pairs: %s <- const char *, %s <- const char *	(void)snprintf(err_msg, sizeof(err_msg), "%s and %s in single statment",
src/rootserver/ob_ddl_service.cpp	3100	ObDDLService::check_alter_table_index	snprintf call; format "%s and %s in single statment"; conversions %s %s; 2 arguments: ObIndexArg::to_type_str(last_type), ObIndexArg::to_type_str(type); argument types: const char * | const char *; conversion and argument pairs: %s <- const char *, %s <- const char *	(void)snprintf(err_msg, sizeof(err_msg), "%s and %s in single statment",
src/rootserver/ob_ddl_service.cpp	3105	ObDDLService::check_alter_table_index	snprintf call; format "%s in heap organized table"; conversions %s; 1 arguments: ObIndexArg::to_type_str(type); argument types: const char *; conversion and argument pairs: %s <- const char *	(void)snprintf(err_msg, sizeof(err_msg), "%s in heap organized table",
src/rootserver/ob_ddl_service.cpp	3135	ObDDLService::check_alter_table_index	snprintf call; format "%s and %s in single statment"; conversions %s %s; 2 arguments: ddl_type_str(ddl_type), ObIndexArg::to_type_str(type); argument types: const char * | const char *; conversion and argument pairs: %s <- const char *, %s <- const char *	(void)snprintf(err_msg, sizeof(err_msg), "%s and %s in single statment",
src/rootserver/ob_ddl_service.cpp	3149	ObDDLService::check_alter_table_index	snprintf call; format "%s and %s in single statment"; conversions %s %s; 2 arguments: ddl_type_str(ddl_type), ObIndexArg::to_type_str(type); argument types: const char * | const char *; conversion and argument pairs: %s <- const char *, %s <- const char *	(void)snprintf(err_msg, sizeof(err_msg), "%s and %s in single statment",
src/rootserver/ob_ddl_service.cpp	3660	ObDDLService::drop_index_caused_by_drop_column_online	snprintf call; format "drop column on temporary table is"; conversions none; 0 arguments	(void)snprintf(err_msg, sizeof(err_msg), "drop column on temporary table is");
src/rootserver/ob_ddl_service.cpp	6122	ObDDLService::rename_dropping_index_name	snprintf call; format "%s:%lu"; conversions %s %lu; 2 arguments: "SYS_DELETING_INDEX", ObTimeUtility::current_time(); argument types: string literal | int64_t; conversion and argument pairs: %s <- string literal, %lu <- int64_t	} else if ((nwrite = snprintf(buf, buf_size, "%s:%lu",
src/rootserver/ob_ddl_service.cpp	6207	ObDDLService::get_dropping_domain_index_invisiable_aux_table_schema	databuff_printf call; format "%.*s_fts_doc_word"; conversions %.*s; 2 arguments: index_name.length(), index_name.ptr(); argument types: int32_t | char * or const char *; conversion and argument pairs: %.*s width or precision <- int32_t, %.*s <- char * or const char *	if (OB_FAIL(databuff_printf(buf, buf_size, "%.*s_fts_doc_word", index_name.length(), index_name.ptr()))) {
src/rootserver/ob_ddl_service.cpp	6912	ObDDLService::modify_func_expr_column_name	databuff_printf call; format "%.*s"; conversions %.*s; 2 arguments: static_cast<int>(inner_pos), expr_str_buf; argument types: int | ?; conversion and argument pairs: %.*s width or precision <- int, %.*s <- ?	&& OB_FAIL(databuff_printf(new_part_func_expr_buf,
src/rootserver/ob_ddl_service.cpp	6919	ObDDLService::modify_func_expr_column_name	databuff_printf call; format ", %.*s"; conversions %.*s; 2 arguments: static_cast<int>(inner_pos), expr_str_buf; argument types: int | ?; conversion and argument pairs: %.*s width or precision <- int, %.*s <- ?	&& OB_FAIL(databuff_printf(new_part_func_expr_buf,
src/rootserver/ob_ddl_service.cpp	7309	ObDDLService::rebuild_constraint_check_expr	databuff_printf call; format "%.*s"; conversions %.*s; 2 arguments: static_cast<int>(inner_pos), expr_str_buf; argument types: int | ?; conversion and argument pairs: %.*s width or precision <- int, %.*s <- ?	} else if (OB_FAIL(databuff_printf(new_check_expr_buf,
src/rootserver/ob_ddl_service.cpp	8642	ObDDLService::create_aux_lob_table_if_need	snprintf call; format "%s"; conversions %s; 1 arguments: "system table add or modify column"; argument types: string literal; conversion and argument pairs: %s <- string literal	(void)snprintf(err_msg, sizeof(err_msg),"%s", "system table add or modify column");
src/rootserver/ob_ddl_service.cpp	8850	ObDDLService::alter_table_auto_increment	assign_fmt call; format "SELECT /*+no_rewrite*/ CAST(MAX(`%s`) AS %s) AS MAX_VALUE FROM `%s`.`%s`"; conversions %s %s %s %s; 4 arguments: column_schema->get_column_name(), is_unsigned_type ? "UNSIGNED" : "SIGNED", db_schema->get_database_name(), orig_table_schema.get_table_name(); argument types: const char * | const char * | const char * | const char *; conversion and argument pairs: %s <- const char *, %s <- const char *, %s <- const char *, %s <- const char *	} else if (OB_FAIL(sql.assign_fmt("SELECT /*+no_rewrite*/ CAST(MAX(`%s`) AS %s) AS MAX_VALUE FROM `%s`.`%s`",
src/rootserver/ob_ddl_service.cpp	10150	ObDDLService::check_enable_sys_table_ddl	snprintf call; format "%s"; conversions %s; 1 arguments: "create system table"; argument types: string literal; conversion and argument pairs: %s <- string literal	(void)snprintf(err_msg, sizeof(err_msg), "%s", "create system table");
src/rootserver/ob_ddl_service.cpp	10154	ObDDLService::check_enable_sys_table_ddl	snprintf call; format "%s"; conversions %s; 1 arguments: "alter system table"; argument types: string literal; conversion and argument pairs: %s <- string literal	(void)snprintf(err_msg, sizeof(err_msg), "%s", "alter system table");
src/rootserver/ob_ddl_service.cpp	10158	ObDDLService::check_enable_sys_table_ddl	snprintf call; format "%s"; conversions %s; 1 arguments: "rename system table"; argument types: string literal; conversion and argument pairs: %s <- string literal	(void)snprintf(err_msg, sizeof(err_msg), "%s", "rename system table");
src/rootserver/ob_ddl_service.cpp	10163	ObDDLService::check_enable_sys_table_ddl	snprintf call; format "%s"; conversions %s; 1 arguments: "drop system view"; argument types: string literal; conversion and argument pairs: %s <- string literal	(void)snprintf(err_msg, sizeof(err_msg), "%s", "drop system view");
src/rootserver/ob_ddl_service.cpp	10165	ObDDLService::check_enable_sys_table_ddl	snprintf call; format "%s"; conversions %s; 1 arguments: "drop system table"; argument types: string literal; conversion and argument pairs: %s <- string literal	(void)snprintf(err_msg, sizeof(err_msg), "%s", "drop system table");
src/rootserver/ob_ddl_service.cpp	10170	ObDDLService::check_enable_sys_table_ddl	snprintf call; format "%s"; conversions %s; 1 arguments: "truncate system table"; argument types: string literal; conversion and argument pairs: %s <- string literal	(void)snprintf(err_msg, sizeof(err_msg), "%s", "truncate system table");
src/rootserver/ob_ddl_service.cpp	10174	ObDDLService::check_enable_sys_table_ddl	snprintf call; format "%s"; conversions %s; 1 arguments: "ddl on system table"; argument types: string literal; conversion and argument pairs: %s <- string literal	(void)snprintf(err_msg, sizeof(err_msg), "%s", "ddl on system table");
src/rootserver/ob_ddl_service.cpp	10179	ObDDLService::check_enable_sys_table_ddl	snprintf call; format "%s"; conversions %s; 1 arguments: "drop partitioned system table"; argument types: string literal; conversion and argument pairs: %s <- string literal	(void)snprintf(err_msg, sizeof(err_msg),
src/rootserver/ob_ddl_service.cpp	10183	ObDDLService::check_enable_sys_table_ddl	snprintf call; format "%s"; conversions %s; 1 arguments: "system table drop column"; argument types: string literal; conversion and argument pairs: %s <- string literal	(void)snprintf(err_msg, sizeof(err_msg),
src/rootserver/ob_ddl_service.cpp	11108	ObDDLService::check_is_offline_ddl	snprintf call; format "%s and alter options in single statment"; conversions %s; 1 arguments: ddl_type_str(ddl_type); argument types: const char *; conversion and argument pairs: %s <- const char *	(void)snprintf(err_msg, sizeof(err_msg), "%s and alter options in single statment", ddl_type_str(ddl_type));
src/rootserver/ob_ddl_service.cpp	11110	ObDDLService::check_is_offline_ddl	snprintf call; format "%s and alter foreign key in single statment"; conversions %s; 1 arguments: ddl_type_str(ddl_type); argument types: const char *; conversion and argument pairs: %s <- const char *	(void)snprintf(err_msg, sizeof(err_msg), "%s and alter foreign key in single statment", ddl_type_str(ddl_type));
src/rootserver/ob_ddl_service.cpp	12719	ObDDLService::rename_table	append_fmt call; format "RENAME TABLE `%.*s`.`%.*s` TO `%.*s`.`%.*s`"; conversions %.*s %.*s %.*s %.*s; 8 arguments: rename_item.origin_db_name_.length(), rename_item.origin_db_name_.ptr(), rename_item.origin_table_name_.length(), rename_item.origin_table_name_.ptr(), rename_item.new_db_name_.length(), rename_ite...; argument types: int32_t | char * or const char * | int32_t | char * or const char * | int32_t | char * or const char * | int32_t | char * or const char *; conversion and argument pairs: %.*s width or precision <- int32_t, %.*s <- char * or const char *, %.*s width or precision <- int32_t, %.*s <- char * or const char *, %.*s width or precision <- int32_t, %.*s <- char * or const char *, %.*s width or precision <- int32_t, %.*s <- char * or const char *	if (OB_FAIL(sql.append_fmt("RENAME TABLE `%.*s`.`%.*s` TO `%.*s`.`%.*s`",
src/rootserver/ob_ddl_service.cpp	13429	ObDDLService::gen_hidden_obj_name	databuff_printf call; format "%s"; conversions %s; 1 arguments: "__hidden_"; argument types: string literal; conversion and argument pairs: %s <- string literal	} else if (OB_FAIL(databuff_printf(buf, buf_len, pos, "%s", "__hidden_"))) {
src/rootserver/ob_ddl_service.cpp	13431	ObDDLService::gen_hidden_obj_name	databuff_printf call; format "%ld_"; conversions %ld; 1 arguments: origin_fk_id; argument types: const uint64_t; conversion and argument pairs: %ld <- const uint64_t	&& OB_FAIL(databuff_printf(buf, buf_len, pos, "%ld_", origin_fk_id))) {
src/rootserver/ob_ddl_service.cpp	13432	ObDDLService::gen_hidden_obj_name	databuff_printf call; format "%ld"; conversions %ld; 1 arguments: obj_id; argument types: const uint64_t; conversion and argument pairs: %ld <- const uint64_t	} else if (OB_FAIL(databuff_printf(buf, buf_len, pos, "%ld", obj_id))) {
src/rootserver/ob_ddl_service.cpp	13433	ObDDLService::gen_hidden_obj_name	databuff_printf call; format "_%ld"; conversions %ld; 1 arguments: table_id; argument types: const uint64_t; conversion and argument pairs: %ld <- const uint64_t	} else if (OB_FAIL(databuff_printf(buf, buf_len, pos, "_%ld", table_id))) {
src/rootserver/ob_ddl_service.cpp	13434	ObDDLService::gen_hidden_obj_name	databuff_printf call; format "%s"; conversions %s; 1 arguments: schema_type_str(schema_type); argument types: const char *; conversion and argument pairs: %s <- const char *	} else if (OB_FAIL(databuff_printf(buf, buf_len, pos, "%s", schema_type_str(schema_type)))) {
src/rootserver/ob_ddl_service.cpp	13453	ObDDLService::is_foreign_key_name_prefix_match	databuff_printf call; format "%s"; conversions %s; 1 arguments: "__hidden_"; argument types: string literal; conversion and argument pairs: %s <- string literal	} else if (OB_FAIL(databuff_printf(buf, buf_len, pos, "%s", "__hidden_"))) {
src/rootserver/ob_ddl_service.cpp	13454	ObDDLService::is_foreign_key_name_prefix_match	databuff_printf call; format "%ld_"; conversions %ld; 1 arguments: origin_fk_info.foreign_key_id_; argument types: uint64_t; conversion and argument pairs: %ld <- uint64_t	} else if (OB_FAIL(databuff_printf(buf, buf_len, pos, "%ld_", origin_fk_info.foreign_key_id_))) {
src/rootserver/ob_ddl_service.cpp	15848	ObDDLService::check_db_and_table_is_exist	assign_fmt call; format "SELECT session_id, a.database_id, table_id, database_name, table_name " "FROM %s a JOIN (SELECT session_id, database_id, table_id, table_name FROM %s " "UNI...; conversions %s %s %s %ld %s %s %lu; 7 arguments: OB_ALL_DATABASE_TNAME, OB_ALL_TABLE_TNAME, OB_ALL_VIRTUAL_CORE_ALL_TABLE_TNAME, 1UL, tmp_database_name, tmp_table_name, session_id; argument types: ? | ? | ? | unsigned long | const char * | const char * | uint64_t; conversion and argument pairs: %s <- ?, %s <- ?, %s <- ?, %ld <- unsigned long, %s <- const char *, %s <- const char *, %lu <- uint64_t	} else if (OB_FAIL(sql.assign_fmt("SELECT session_id, a.database_id, table_id, database_name, table_name "
src/rootserver/ob_ddl_service.cpp	16736	ObDDLService::fill_truncate_table_fk_err_msg	databuff_printf call; format "(`%s`.`%s`, "; conversions %s %s; 2 arguments: child_db_schema->get_database_name(), child_table_schema->get_table_name(); argument types: const char * | const char *; conversion and argument pairs: %s <- const char *, %s <- const char *	} else if (OB_FAIL(databuff_printf(buf, buf_len, pos, "(`%s`.`%s`, ", child_db_schema->get_database_name(),
src/rootserver/ob_ddl_service.cpp	16739	ObDDLService::fill_truncate_table_fk_err_msg	databuff_printf call; format "CONSTRAINT "; conversions none; 0 arguments	} else if (OB_FAIL(databuff_printf(buf, buf_len, pos, "CONSTRAINT "))) {
src/rootserver/ob_ddl_service.cpp	16741	ObDDLService::fill_truncate_table_fk_err_msg	databuff_printf call; format "`%.*s` "; conversions %.*s; 2 arguments: foreign_key_info.foreign_key_name_.length(), foreign_key_info.foreign_key_name_.ptr(); argument types: int32_t | char * or const char *; conversion and argument pairs: %.*s width or precision <- int32_t, %.*s <- char * or const char *	OB_FAIL(databuff_printf(buf, buf_len, pos, "`%.*s` ",
src/rootserver/ob_ddl_service.cpp	16745	ObDDLService::fill_truncate_table_fk_err_msg	databuff_printf call; format "FOREIGN KEY ("; conversions none; 0 arguments	} else if (OB_FAIL(databuff_printf(buf, buf_len, pos, "FOREIGN KEY ("))) {
src/rootserver/ob_ddl_service.cpp	16748	ObDDLService::fill_truncate_table_fk_err_msg	databuff_printf call; format ") REFERENCES "; conversions none; 0 arguments	} else if (OB_FAIL(databuff_printf(buf, buf_len, pos, ") REFERENCES "))) {
src/rootserver/ob_ddl_service.cpp	16751	ObDDLService::fill_truncate_table_fk_err_msg	databuff_printf call; format "`%s`.`%s` ("; conversions %s %s; 2 arguments: parent_db_schema->get_database_name(), parent_table_schema.get_table_name(); argument types: const char * | const char *; conversion and argument pairs: %s <- const char *, %s <- const char *	} else if(OB_FAIL(databuff_printf(buf, buf_len, pos, "`%s`.`%s` (", parent_db_schema->get_database_name(), parent_table_schema.get_table_name()))) {
src/rootserver/ob_ddl_service.cpp	16754	ObDDLService::fill_truncate_table_fk_err_msg	databuff_printf call; format "))"; conversions none; 0 arguments	} else if (OB_FAIL(databuff_printf(buf, buf_len, pos, "))"))) {
src/rootserver/ob_ddl_service.cpp	16785	ObDDLService::fill_truncate_table_fk_err_msg_without_schema_guard	databuff_printf call; format "(`%s`.`%s`, "; conversions %s %s; 2 arguments: child_db_array.at(0).get_database_name(), child_table_schema.get_table_name(); argument types: ? | const char *; conversion and argument pairs: %s <- ?, %s <- const char *	} else if (OB_FAIL(databuff_printf(buf, buf_len, pos, "(`%s`.`%s`, ", child_db_array.at(0).get_database_name(),
src/rootserver/ob_ddl_service.cpp	16788	ObDDLService::fill_truncate_table_fk_err_msg_without_schema_guard	databuff_printf call; format "CONSTRAINT "; conversions none; 0 arguments	} else if (OB_FAIL(databuff_printf(buf, buf_len, pos, "CONSTRAINT "))) {
src/rootserver/ob_ddl_service.cpp	16790	ObDDLService::fill_truncate_table_fk_err_msg_without_schema_guard	databuff_printf call; format "`%.*s` "; conversions %.*s; 2 arguments: foreign_key_info.foreign_key_name_.length(), foreign_key_info.foreign_key_name_.ptr(); argument types: int32_t | char * or const char *; conversion and argument pairs: %.*s width or precision <- int32_t, %.*s <- char * or const char *	OB_FAIL(databuff_printf(buf, buf_len, pos, "`%.*s` ",
src/rootserver/ob_ddl_service.cpp	16794	ObDDLService::fill_truncate_table_fk_err_msg_without_schema_guard	databuff_printf call; format "FOREIGN KEY ("; conversions none; 0 arguments	} else if (OB_FAIL(databuff_printf(buf, buf_len, pos, "FOREIGN KEY ("))) {
src/rootserver/ob_ddl_service.cpp	16797	ObDDLService::fill_truncate_table_fk_err_msg_without_schema_guard	databuff_printf call; format ") REFERENCES "; conversions none; 0 arguments	} else if (OB_FAIL(databuff_printf(buf, buf_len, pos, ") REFERENCES "))) {
src/rootserver/ob_ddl_service.cpp	16799	ObDDLService::fill_truncate_table_fk_err_msg_without_schema_guard	databuff_printf call; format "`%s`.`%s` ("; conversions %s %s; 2 arguments: parent_db_array.at(0).get_database_name(), parent_table_schema.get_table_name(); argument types: ? | const char *; conversion and argument pairs: %s <- ?, %s <- const char *	} else if(OB_FAIL(databuff_printf(buf, buf_len, pos, "`%s`.`%s` (", parent_db_array.at(0).get_database_name(), parent_table_schema.get_table_name()))) {
src/rootserver/ob_ddl_service.cpp	16802	ObDDLService::fill_truncate_table_fk_err_msg_without_schema_guard	databuff_printf call; format "))"; conversions none; 0 arguments	} else if (OB_FAIL(databuff_printf(buf, buf_len, pos, "))"))) {
src/rootserver/ob_ddl_service.cpp	17336	ObDDLService::check_object_name_matches_db_name	append_fmt call; format "SELECT 1 FROM __all_recyclebin WHERE OBJECT_NAME = '%.*s' \ AND DATABASE_ID = %lu"; conversions %.*s %lu; 3 arguments: static_cast<int>(origin_table_name.length()), origin_table_name.ptr(), database_id; argument types: int | char * or const char * | const uint64_t; conversion and argument pairs: %.*s width or precision <- int, %.*s <- char * or const char *, %lu <- const uint64_t	if (OB_FAIL(sql.append_fmt(
src/rootserver/ob_ddl_service.cpp	17375	ObDDLService::get_object_name_with_origin_name_in_recyclebin	append_fmt call; format "select database_id, object_name from oceanbase.__all_recyclebin where (type = %lu or type = %lu) and database_id = %lu and original_name = '%.*s' "; conversions %lu %lu %lu %.*s; 5 arguments: static_cast<uint64_t>(ObRecycleObject::TABLE), static_cast<uint64_t>(ObRecycleObject::VIEW), database_id, static_cast<int>(origin_table_name.length()), origin_table_name.ptr(); argument types: uint64_t | uint64_t | const uint64_t | int | char * or const char *; conversion and argument pairs: %lu <- uint64_t, %lu <- uint64_t, %lu <- const uint64_t, %.*s width or precision <- int, %.*s <- char * or const char *	&& OB_FAIL(sql.append_fmt("select database_id, object_name from oceanbase.__all_recyclebin where (type = %lu or type = %lu) and database_id = %lu and original_name = '%.*s' ",
src/rootserver/ob_ddl_service.cpp	17379	ObDDLService::get_object_name_with_origin_name_in_recyclebin	append_fmt call; format "select database_id, object_name from oceanbase.__all_recyclebin where type = %lu and database_id = %lu and substr(original_name, 7 + instr(substr(original_n...; conversions %lu %lu %.*s; 4 arguments: static_cast<uint64_t>(ObRecycleObject::INDEX), database_id, static_cast<int>(origin_table_name.length()), origin_table_name.ptr(); argument types: uint64_t | const uint64_t | int | char * or const char *; conversion and argument pairs: %lu <- uint64_t, %lu <- const uint64_t, %.*s width or precision <- int, %.*s <- char * or const char *	&& OB_FAIL(sql.append_fmt("select database_id, object_name from oceanbase.__all_recyclebin where type = %lu and database_id = %lu and substr(original_name, 7 + instr(substr(original_name, 7), '_')) = '%.*s' ",
src/rootserver/ob_ddl_service.cpp	17382	ObDDLService::get_object_name_with_origin_name_in_recyclebin	append_fmt call; format "order by gmt_create %s limit 1"; conversions %s; 1 arguments: is_newest ? "desc" : "asc"; argument types: const char *; conversion and argument pairs: %s <- const char *	} else if (OB_FAIL(sql.append_fmt("order by gmt_create %s limit 1", is_newest ? "desc" : "asc"))) {
src/rootserver/ob_ddl_service.cpp	17834	ObDDLService::purge_recyclebin_objects	assign_fmt call; format "PURGE TABLE %.*s"; conversions %.*s; 2 arguments: recycle_obj.get_object_name().length(), recycle_obj.get_object_name().ptr(); argument types: int32_t | char * or const char *; conversion and argument pairs: %.*s width or precision <- int32_t, %.*s <- char * or const char *	if (OB_FAIL(ddl_stmt.assign_fmt("PURGE TABLE %.*s",
src/rootserver/ob_ddl_service.cpp	17855	ObDDLService::purge_recyclebin_objects	assign_fmt call; format "PURGE DATABASE %.*s"; conversions %.*s; 2 arguments: recycle_obj.get_object_name().length(), recycle_obj.get_object_name().ptr(); argument types: int32_t | char * or const char *; conversion and argument pairs: %.*s width or precision <- int32_t, %.*s <- char * or const char *	if (OB_FAIL(ddl_stmt.assign_fmt("PURGE DATABASE %.*s",
src/rootserver/ob_ddl_service.cpp	18004	ObDDLService::construct_drop_sql	append_fmt call; format "DROP %.*s `%.*s`.`%.*s`"; conversions %.*s %.*s %.*s; 6 arguments: table_type_name.length(), table_type_name.ptr(), new_db_name.length(), new_db_name.ptr(), new_tbl_name.length(), new_tbl_name.ptr(); argument types: int32_t | char * or const char * | int32_t | char * or const char * | int32_t | char * or const char *; conversion and argument pairs: %.*s width or precision <- int32_t, %.*s <- char * or const char *, %.*s width or precision <- int32_t, %.*s <- char * or const char *, %.*s width or precision <- int32_t, %.*s <- char * or const char *	} else if (OB_FAIL(sql.append_fmt(
src/rootserver/ob_ddl_service.cpp	18009	ObDDLService::construct_drop_sql	append_fmt call; format " CASCADE CONSTRAINTS"; conversions none; 0 arguments	} else if (is_cascade_constraints && OB_FAIL(sql.append_fmt(" CASCADE CONSTRAINTS"))) {
src/rootserver/ob_ddl_service.cpp	18029	ObDDLService::log_drop_warn_or_err_msg	append_fmt call; format "%.*s.%.*s"; conversions %.*s %.*s; 4 arguments: table_item.database_name_.length(), table_item.database_name_.ptr(), table_item.table_name_.length(), table_item.table_name_.ptr(); argument types: int32_t | char * or const char * | int32_t | char * or const char *; conversion and argument pairs: %.*s width or precision <- int32_t, %.*s <- char * or const char *, %.*s width or precision <- int32_t, %.*s <- char * or const char *	if (OB_FAIL(warning_str.append_fmt("%.*s.%.*s",
src/rootserver/ob_ddl_service.cpp	18038	ObDDLService::log_drop_warn_or_err_msg	append_fmt call; format "%.*s.%.*s,"; conversions %.*s %.*s; 4 arguments: table_item.database_name_.length(), table_item.database_name_.ptr(), table_item.table_name_.length(), table_item.table_name_.ptr(); argument types: int32_t | char * or const char * | int32_t | char * or const char *; conversion and argument pairs: %.*s width or precision <- int32_t, %.*s <- char * or const char *, %.*s width or precision <- int32_t, %.*s <- char * or const char *	if (OB_FAIL(err_table_list.append_fmt("%.*s.%.*s,",
src/rootserver/ob_ddl_service.cpp	18052	ObDDLService::log_rebuild_warn_or_err_msg	append_fmt call; format "%.*s.%.*s,"; conversions %.*s %.*s; 4 arguments: arg.database_name_.length(), arg.database_name_.ptr(), arg.table_name_.length(), arg.table_name_.ptr(); argument types: int32_t | char * or const char * | int32_t | char * or const char *; conversion and argument pairs: %.*s width or precision <- int32_t, %.*s <- char * or const char *, %.*s width or precision <- int32_t, %.*s <- char * or const char *	if (OB_FAIL(err_table_list.append_fmt("%.*s.%.*s,",
src/rootserver/ob_ddl_service.cpp	19388	ObDDLService::drop_user	append_fmt call; format "`%.*s`@`%.*s`,"; conversions %.*s %.*s; 4 arguments: arg.users_.at(i).length(), arg.users_.at(i).ptr(), arg.hosts_.at(i).length(), arg.hosts_.at(i).ptr(); argument types: ? | ? | ? | ?; conversion and argument pairs: %.*s width or precision <- ?, %.*s <- ?, %.*s width or precision <- ?, %.*s <- ?	} else if (OB_FAIL(ddl_stmt_str.append_fmt("`%.*s`@`%.*s`,",
src/rootserver/ob_ddl_service.cpp	21731	ObDDLService::create_mysql_roles_in_trans	append_fmt call; format "'%.*s'@'%.*s',"; conversions %.*s %.*s; 4 arguments: user_info.get_user_name_str().length(), user_info.get_user_name_str().ptr(), user_info.get_host_name_str().length(), user_info.get_host_name_str().ptr(); argument types: int32_t | char * or const char * | int32_t | char * or const char *; conversion and argument pairs: %.*s width or precision <- int32_t, %.*s <- char * or const char *, %.*s width or precision <- int32_t, %.*s <- char * or const char *	if (OB_FAIL(exist_user_str.append_fmt("'%.*s'@'%.*s',",
src/rootserver/ob_ddl_service.cpp	21761	ObDDLService::create_mysql_roles_in_trans	append_fmt call; format "`%.*s`@`%.*s`,"; conversions %.*s %.*s; 4 arguments: user_info.get_user_name_str().length(), user_info.get_user_name_str().ptr(), user_info.get_host_name_str().length(), user_info.get_host_name_str().ptr(); argument types: int32_t | char * or const char * | int32_t | char * or const char *; conversion and argument pairs: %.*s width or precision <- int32_t, %.*s <- char * or const char *, %.*s width or precision <- int32_t, %.*s <- char * or const char *	} else if (OB_FAIL(ddl_stmt_str.append_fmt("`%.*s`@`%.*s`,",
src/rootserver/ob_ddl_service.cpp	22554	ObDDLService::drop_column_online	databuff_printf call; format "SYS_C%05lu_%02d%02d%02d%02d:%02d:%02d$"; conversions %05lu %02d %02d %02d %02d %02d %02d; 7 arguments: orig_column_schema->get_column_id(), (tm.tm_year + 1900) % 100, (tm.tm_mon + 1), tm.tm_mday, tm.tm_hour, tm.tm_min, tm.tm_sec; argument types: uint64_t or uint64_t & | ? | ? | ? | ? | ? | ?; conversion and argument pairs: %05lu <- uint64_t or uint64_t &, %02d <- ?, %02d <- ?, %02d <- ?, %02d <- ?, %02d <- ?, %02d <- ?	if (OB_FAIL(databuff_printf(new_col_name, OB_MAX_COLUMN_NAME_BUF_LENGTH,
src/rootserver/ob_ddl_service.h	2145	ObDDLService::fill_part_name	databuff_printf call; format "P%ld"; conversions %ld; 1 arguments: max_part_id; argument types: int64_t; conversion and argument pairs: %ld <- int64_t	if (OB_FAIL(databuff_printf(part_name, OB_MAX_PARTITION_NAME_LENGTH, pos, "P%ld", max_part_id))) {
