file	line	symbol	construct	text
src/data_plane/api/data_plane/scheduler/ob_dag_scheduler.h	639	ObIDagNet	container keyed by pointer: ObHashMap	typedef common::hash::ObHashMap<const ObIDag *,
src/data_plane/api/data_plane/scheduler/ob_dag_scheduler.h	892	ObDagNetScheduler	container keyed by pointer: ObHashMap	typedef common::hash::ObHashMap<const ObIDagNet*,
src/data_plane/api/data_plane/scheduler/ob_dag_scheduler.h	1100	ObDagPrioScheduler	container keyed by pointer: ObHashMap	typedef common::hash::ObHashMap<const ObIDag *,
src/oblib/common/mysqlclient/ob_mysql_transaction.cpp	111	ObMySQLTransaction::do_stash_query	container keyed by pointer: ObHashMap	for (hash::ObHashMap<const char*, ObSqlTransQueryStashDesc*>::iterator it = query_stash_desc_.begin();
src/oblib/common/mysqlclient/ob_mysql_transaction.h	98	ObMySQLTransaction	container keyed by pointer: ObHashMap	hash::ObHashMap<const char*, ObSqlTransQueryStashDesc*> query_stash_desc_;
src/oblib/lib/allocator/ob_external_ref.h	75	ObExternalRef::locate	pointer cast to integer used for hashing or a bucket choice	int64_t* locate(void* addr) { return ref_array_ + (hash((uint64_t)addr) % REF_LIMIT); }
src/oblib/lib/allocator/ob_heavy_ref.h	97	ObHeavyRef::locate	pointer cast to integer used for hashing or a bucket choice	int64_t* locate(void* addr) { return ref_array_ + (hash((uint64_t)addr) % REF_LIMIT); }
src/oblib/lib/allocator/ob_slice_alloc.cpp	58	ObSliceAlloc::destroy	pointer cast to integer used for hashing or a bucket choice	blk_ref_[ObBlockSlicer::hash((uint64_t)old_blk) % MAX_REF_NUM].sync();
src/oblib/lib/allocator/ob_slice_alloc.h	381	ObSliceAlloc::alloc	pointer cast to integer used for hashing or a bucket choice	int64_t slot_idx = ObBlockSlicer::hash((uint64_t)blk) % MAX_REF_NUM;
src/oblib/lib/allocator/ob_slice_alloc.h	392	ObSliceAlloc::alloc	pointer cast to integer used for hashing or a bucket choice	blk_ref_[ObBlockSlicer::hash((uint64_t)blk2release) % MAX_REF_NUM].sync();
src/oblib/lib/allocator/ob_slice_alloc.h	430	ObSliceAlloc::purge_extra_cached_block	pointer cast to integer used for hashing or a bucket choice	blk_ref_[ObBlockSlicer::hash((uint64_t)old_blk) % MAX_REF_NUM].sync();
src/oblib/lib/compress/zstd_1_3_8/zstd_src/zstd_decompress_block.c	591	ZSTD_execSequenceLast7	pointer cast to integer compared for order (address ordering) [vendored]	if (sequence.offset > (size_t)(oLitEnd - base)) {
src/oblib/lib/compress/zstd_1_3_8/zstd_src/zstd_decompress_block.c	593	ZSTD_execSequenceLast7	pointer cast to integer compared for order (address ordering) [vendored]	if (sequence.offset > (size_t)(oLitEnd - vBase)) return ERROR(corruption_detected);
src/oblib/lib/compress/zstd_1_3_8/zstd_src/zstd_decompress_block.c	637	ZSTD_execSequence	pointer cast to integer compared for order (address ordering) [vendored]	if (sequence.offset > (size_t)(oLitEnd - prefixStart)) {
src/oblib/lib/compress/zstd_1_3_8/zstd_src/zstd_decompress_block.c	639	ZSTD_execSequence	pointer cast to integer compared for order (address ordering) [vendored]	if (sequence.offset > (size_t)(oLitEnd - virtualStart))
src/oblib/lib/compress/zstd_1_3_8/zstd_src/zstd_decompress_block.c	718	ZSTD_execSequenceLong	pointer cast to integer compared for order (address ordering) [vendored]	if (sequence.offset > (size_t)(oLitEnd - prefixStart)) {
src/oblib/lib/compress/zstd_1_3_8/zstd_src/zstd_decompress_block.c	720	ZSTD_execSequenceLong	pointer cast to integer compared for order (address ordering) [vendored]	if (sequence.offset > (size_t)(oLitEnd - dictStart)) return ERROR(corruption_detected);
src/oblib/lib/hash/ob_dchash.h	39	HashNode::is_deleted	pointer cast to integer used for hashing or a bucket choice	bool is_deleted() { return is_last_bit_set((uint64_t)next_); }
src/oblib/lib/hash/ob_hash.h	178	HashBase::DMark::is_set	pointer cast to integer used for hashing or a bucket choice	return 0 != ((uint64_t)node & DELETE_MASK);
src/oblib/lib/hash/ob_hash.h	182	HashBase::DMark::set	pointer cast to integer used for hashing or a bucket choice	return reinterpret_cast<void *>((uint64_t)node | DELETE_MASK);
src/oblib/lib/hash/ob_hash.h	186	HashBase::DMark::unset	pointer cast to integer used for hashing or a bucket choice	return reinterpret_cast<void *>((uint64_t)node & ~DELETE_MASK);
src/oblib/lib/lock/ob_latch.cpp	229	ObLatchWaitQueue::wait	pointer cast to integer used for hashing or a bucket choice	uint64_t pos = reinterpret_cast<uint64_t>((&latch)) % LATCH_MAP_BUCKET_CNT;
src/oblib/lib/lock/ob_latch.cpp	330	ObLatchWaitQueue::wake_up	pointer cast to integer used for hashing or a bucket choice	uint64_t pos = reinterpret_cast<uint64_t>((&latch)) % LATCH_MAP_BUCKET_CNT;
src/oblib/lib/thread/ob_dedup_queue.h	166	ObDedupQueue	container keyed by pointer: ObHashMap	typedef hash::ObHashMap<const IObDedupTask *,
src/oblib/lib/utility/ob_backtrace.cpp	86	#define addr_in_stack	pointer cast to integer compared for order (address ordering)	#define addr_in_stack(addr) (addr >= (int64_t)stack_addr && addr < (int64_t)stack_addr + stack_size)
src/oblib/rpc/ob_lock_wait_node.cpp	85	ObLockWaitNode::compare	pointer cast to integer compared for order (address ordering)	} else if ((uint64_t)this->addr_ > (uint64_t)that->addr_) {
src/oblib/rpc/ob_lock_wait_node.cpp	87	ObLockWaitNode::compare	pointer cast to integer compared for order (address ordering)	} else if ((uint64_t)this->addr_ < (uint64_t)that->addr_) {
src/observer/vector_index/ob_plugin_vector_index_utils.cpp	1756	ObPluginVectorIndexUtils::fill_mem_context_detail_info	pointer cast to integer used as a key	} else if (OB_FAIL(adaptor_ptr_set.exist_refactored(reinterpret_cast<int64_t>(adaptor)))) {
src/observer/vector_index/ob_plugin_vector_index_utils.cpp	1784	ObPluginVectorIndexUtils::fill_mem_context_detail_info	pointer cast to integer used as a key	OZ(adaptor_ptr_set.set_refactored(reinterpret_cast<int64_t>(adaptor)));
src/observer/vector_index/ob_plugin_vector_index_utils.cpp	1825	ObPluginVectorIndexUtils::fill_ivf_mem_context_detail_info	pointer cast to integer used as a key	} else if (OB_FAIL(adaptor_ptr_set.exist_refactored(reinterpret_cast<int64_t>(adaptor)))) {
src/observer/vector_index/ob_plugin_vector_index_utils.cpp	1835	ObPluginVectorIndexUtils::fill_ivf_mem_context_detail_info	pointer cast to integer used as a key	OZ(adaptor_ptr_set.set_refactored(reinterpret_cast<int64_t>(adaptor)));
src/observer/virtual_table/ob_all_virtual_vector_index_info.cpp	77	ObVectorIndexInfoIterator::get_next_info	pointer cast to integer used as a key	} else if (OB_HASH_EXIST == (ret = ptr_set_.exist_refactored(reinterpret_cast<int64_t>(adapter_guard.get_adatper())))) {
src/observer/virtual_table/ob_all_virtual_vector_index_info.cpp	81	ObVectorIndexInfoIterator::get_next_info	pointer cast to integer used as a key	if (OB_FAIL(ptr_set_.set_refactored(reinterpret_cast<int64_t>(adapter_guard.get_adatper())))) {
src/pl/ob_pl_build.cpp	1062	ObPLBuilder::generate_package_cursors	pointer cast to integer IR identity	OZ (sql_params.push_back(reinterpret_cast<int64_t>(expr)));
src/pl/ob_pl_resolver.cpp	3856	ObPLResolver::resolve_cparam_without_assign	pointer membership test: has_exist_in_array	CK (has_exist_in_array(func.get_exprs(), call_expr->get_expr(), &expr_idx));
src/pl/ob_pl_resolver.cpp	3858	ObPLResolver::resolve_cparam_without_assign	pointer membership test: has_exist_in_array	OV (has_exist_in_array(func.get_exprs(), expr, &expr_idx), OB_ERR_UNEXPECTED, KPC(expr));
src/pl/ob_pl_resolver.cpp	4137	ObPLResolver::check_cursor_formal_params	IR pointer != IR pointer	if (OB_SUCC(ret) && legal && left_default_expr != right_default_expr) {
src/pl/ob_pl_resolver.cpp	5857	ObPLResolver::transform_var_val_to_dynamic_SQL	IR pointer == IR pointer	if(func.get_expr(using_pos) == sql->get_param_expr(param_pos)) {
src/pl/ob_pl_resolver.cpp	5947	ObPLResolver::resolve_columns	IR pointer != IR pointer	CK (ref_expr != expr);
src/pl/ob_pl_resolver.cpp	5953	ObPLResolver::resolve_columns	IR pointer == IR pointer	if (param_child == q_name.ref_expr_) {
src/pl/ob_pl_resolver.cpp	6946	ObPLResolver::replace_udf_param_expr	IR pointer == unresolved pointer	} else if (udf_info.param_exprs_.at(j) == columns.at(i).ref_expr_) {
src/pl/ob_pl_resolver.cpp	6952	ObPLResolver::replace_udf_param_expr	IR pointer == IR pointer	if (OB_SUCC(ret) && call_expr->get_expr() == columns.at(i).ref_expr_) {
src/pl/ob_pl_resolver.cpp	8515	ObPLResolver::resolve_function	pointer cast to integer IR identity	reinterpret_cast<int64_t>(access_ident.udf_info_.ref_expr_)));
src/pl/ob_pl_resolver.cpp	8597	ObPLResolver::resolve_construct	pointer cast to integer IR identity	reinterpret_cast<int64_t>(expr)));
src/pl/ob_pl_resolver.cpp	8806	ObPLResolver::resolve_sys_func_access	pointer cast to integer IR identity	reinterpret_cast<int64_t>(access_ident.sys_func_expr_)));
src/pl/ob_pl_resolver.cpp	8867	ObPLResolver::resolve_access_ident	pointer cast to integer used as an id	? reinterpret_cast<uint64_t>(access_idxs.at(cnt - 1).label_ns_)
src/pl/ob_pl_resolver.cpp	10922	ObPLResolver::recursive_replace_expr	IR pointer == IR pointer	} else if (expr->get_param_expr(i) == qualified_name.ref_expr_) {
src/pl/ob_pl_stmt.cpp	1130	ObPLExternalNS::resolve_external_symbol	pointer cast to integer used as an id	? reinterpret_cast<uint64_t>(parent_ns_) : parent_ns_->get_package_id();
src/pl/ob_pl_stmt.cpp	1740	ObPLBlockNS::resolve_local_label	pointer cast to integer used as an id	var_idx = reinterpret_cast<int64_t>(this);
src/pl/ob_pl_stmt.cpp	1956	ObPLBlockNS::resolve_symbol	pointer cast to integer used as an id	var_idx = reinterpret_cast<int64_t>(this);
src/pl/ob_pl_stmt.cpp	2341	ObPLBlockNS::extract_external_record_default_expr	pointer membership test: add_var_to_array_no_dup	OZ (add_var_to_array_no_dup(*obj_access_exprs_, &expr));
src/pl/ob_pl_stmt.cpp	3065	ObPLAstUnit::add_expr	IR pointer == unresolved pointer	if (expr == exprs_.at(i)) {
src/pl/ob_pl_type.cpp	871	ObObjAccessIdx::operator==	IR pointer == IR pointer	&& (get_sysfunc_ == other.get_sysfunc_
src/rootserver/truncate_info/ob_truncate_info_service.cpp	294	ObTruncatePartKeyInfo::extract_col_ref_expr	pointer membership test: is_contain	if (!is_contain(exprs, part_expr) && OB_FAIL(exprs.push_back(part_expr))) {
src/share/io/ob_io_define.h	712	ObMClockQueue::HeapCompare::operator()	pointer cast to integer compared for order (address ordering)	: (int64_t)left > (int64_t)right;
src/share/io/ob_io_manager.cpp	409	ObIOManager::add_device_channel	pointer cast to integer used as a key	} else if (OB_FAIL(channel_map_.set_refactored(reinterpret_cast<int64_t>(device_handle), device_channel))) {
src/share/io/ob_io_manager.cpp	429	ObIOManager::remove_device_channel	pointer cast to integer used as a key	} else if (OB_FAIL(channel_map_.erase_refactored(reinterpret_cast<int64_t>(device_handle), &device_channel))) {
src/share/io/ob_io_manager.cpp	447	ObIOManager::get_device_channel	pointer cast to integer used as a key	} else if (OB_FAIL(channel_map_.get_refactored(reinterpret_cast<int64_t>(device_handle), device_channel))) {
src/share/io/ob_io_struct.cpp	414	ObIOUsage::assign	pointer cast to integer compared for order (address ordering)	} else if ((int64_t)(&lock_) < (int64_t)(&other.lock_)) {
src/share/io/ob_io_struct.cpp	2004	ObIOTracer::trace_request	pointer cast to integer used as a key	if (OB_FAIL(trace_map_.set_refactored(reinterpret_cast<int64_t>(req), trace_info))) {
src/share/io/ob_io_struct.cpp	2016	ObIOTracer::trace_request	pointer cast to integer used as a key	if (OB_FAIL(trace_map_.atomic_refactored(reinterpret_cast<int64_t>(req), modify_fn))) {
src/share/io/ob_io_struct.cpp	2019	ObIOTracer::trace_request	pointer cast to integer used as a key	if (OB_FAIL(trace_map_.erase_refactored(reinterpret_cast<int64_t>(req)))) {
src/share/ob_ddl_task_executor.h	132	ObDDLTaskQueue	container keyed by pointer: ObHashSet	typedef common::hash::ObHashSet<const ObIDDLTask *,
src/share/ob_device_manager.cpp	194	ObDeviceManager::alloc_device_	pointer cast to integer used as a key	} else if (OB_FAIL(handle_map_.set_refactored((int64_t)(device_handle), &(device_ins_[avai_idx])))) {
src/share/ob_device_manager.cpp	351	ObDeviceManager::release_device	pointer cast to integer used as a key	} else if (OB_FAIL(handle_map_.get_refactored((int64_t)(device_handle), device_info))) {
src/sql/code_generator/ob_column_index_provider.cpp	70	RowDesc::add_column	pointer cast to integer used as a key	ret = expr_idx_map_.get_refactored(reinterpret_cast<int64_t>(raw_expr), idx);
src/sql/code_generator/ob_column_index_provider.cpp	74	RowDesc::add_column	pointer cast to integer used as a key	if (OB_FAIL(expr_idx_map_.set_refactored(reinterpret_cast<int64_t>(raw_expr),
src/sql/code_generator/ob_column_index_provider.cpp	120	RowDesc::get_idx	pointer cast to integer used as a key	if (OB_FAIL(expr_idx_map_.get_refactored(reinterpret_cast<int64_t>(raw_expr), idx))) {
src/sql/code_generator/ob_dml_cg_service.cpp	450	ObDmlCgService::adjust_unique_key_exprs	pointer membership test: add_var_to_array_no_dup	if (OB_FAIL(add_var_to_array_no_dup(tmp_exprs, tmp_expr))) {
src/sql/code_generator/ob_dml_cg_service.cpp	453	ObDmlCgService::adjust_unique_key_exprs	pointer membership test: add_var_to_array_no_dup	if (OB_FAIL(add_var_to_array_no_dup(tmp_exprs, expr))) {
src/sql/code_generator/ob_dml_cg_service.cpp	785	ObDmlCgService::generate_access_exprs	pointer membership test: add_var_to_array_no_dup	if (OB_FAIL(add_var_to_array_no_dup(domain_id_raw_expr, expr))) {
src/sql/code_generator/ob_dml_cg_service.cpp	794	ObDmlCgService::generate_access_exprs	pointer membership test: add_var_to_array_no_dup	if (OB_FAIL(add_var_to_array_no_dup(access_exprs, expr))) {
src/sql/code_generator/ob_dml_cg_service.cpp	1033	ObDmlCgService::add_geo_col_projector	pointer membership test: has_exist_in_array	if (!has_exist_in_array(full_row, column_expr, &projector_idx)) {
src/sql/code_generator/ob_dml_cg_service.cpp	1066	ObDmlCgService::add_vec_idx_col_projector	pointer membership test: has_exist_in_array	if (!has_exist_in_array(full_row, column_expr, &pre_projector_idx)) {
src/sql/code_generator/ob_dml_cg_service.cpp	1604	ObDmlCgService::generate_das_projector	pointer membership test: has_exist_in_array	if (!has_exist_in_array(full_row, column_expr, &projector_idx)) {
src/sql/code_generator/ob_dml_cg_service.cpp	1637	ObDmlCgService::generate_das_projector	pointer membership test: has_exist_in_array	if (!has_exist_in_array(full_row, column_expr, &projector_idx)) {
src/sql/code_generator/ob_dml_cg_service.cpp	2115	ObDmlCgService::generate_dml_base_ctdef	pointer membership test: has_exist_in_array	if (has_exist_in_array(dml_op.get_produced_trans_exprs(), index_dml_info.trans_info_expr_)) {
src/sql/code_generator/ob_dml_cg_service.cpp	2496	ObDmlCgService::convert_upd_assign_infos	pointer membership test: has_exist_in_array	} else if (!has_exist_in_array(index_dml_info.column_exprs_, col, &idx)) {
src/sql/code_generator/ob_dml_cg_service.cpp	3286	ObDmlCgService::generate_rowkey_domain_access_expr	pointer membership test: add_var_to_array_no_dup	if (OB_FAIL(add_var_to_array_no_dup(access_exprs, static_cast<ObRawExpr *>(expr)))) {
src/sql/code_generator/ob_static_engine_cg.cpp	701	ObStaticEngineCG::generate_calc_exprs	pointer membership test: has_exist_in_array	auto filter_func = [&](ObRawExpr *e) { return !has_exist_in_array(dep_exprs, e); };
src/sql/code_generator/ob_static_engine_cg.cpp	721	ObStaticEngineCG::generate_calc_exprs	pointer membership test: has_exist_in_array	&& !has_exist_in_array(dep_exprs, flattened_cur_exprs_arr.at(i))
src/sql/code_generator/ob_static_engine_cg.cpp	912	ObStaticEngineCG::generate_spec	pointer membership test: has_exist_in_array	bool is_distinct_expr = has_exist_in_array(op.get_distinct_exprs(), raw_expr);
src/sql/code_generator/ob_static_engine_cg.cpp	1518	ObStaticEngineCG::append_child_output_no_dup	pointer membership test: has_exist_in_array	if (has_exist_in_array(sk_exprs, expr) || has_exist_in_array(addon_exprs, expr)) {
src/sql/code_generator/ob_static_engine_cg.cpp	3331	ObStaticEngineCG::generate_spec	pointer membership test: has_exist_in_array	} else if (FALSE_IT(is_duplicate = (has_exist_in_array(spec.group_exprs_, expr)
src/sql/code_generator/ob_static_engine_cg.cpp	3332	ObStaticEngineCG::generate_spec	pointer membership test: has_exist_in_array	|| has_exist_in_array(spec.rollup_exprs_, expr)))) {
src/sql/code_generator/ob_static_engine_cg.cpp	4058	ObStaticEngineCG::generate_join_spec	pointer membership test: has_exist_in_array	|| !has_exist_in_array(hj_spec.get_left()->output_, left_expr)
src/sql/code_generator/ob_static_engine_cg.cpp	4059	ObStaticEngineCG::generate_join_spec	pointer membership test: has_exist_in_array	|| !has_exist_in_array(hj_spec.get_right()->output_, right_expr)) {
src/sql/code_generator/ob_static_engine_cg.cpp	4876	ObStaticEngineCG::fill_aggr_info	IR pointer == IR pointer	if (arg_expr == group_exprs->at(expr_idx)) {
src/sql/code_generator/ob_static_engine_cg.cpp	4881	ObStaticEngineCG::fill_aggr_info	IR pointer == IR pointer	if (arg_expr == rollup_exprs->at(expr_idx)) {
src/sql/code_generator/ob_static_engine_cg.cpp	4906	ObStaticEngineCG::fill_aggr_info	pointer membership test: has_exist_in_array	if (has_exist_in_array(*group_exprs, arg_expr, &expr_idx)) {
src/sql/code_generator/ob_static_engine_cg.cpp	4910	ObStaticEngineCG::fill_aggr_info	pointer membership test: has_exist_in_array	if (expr_idx == OB_INVALID_INDEX && has_exist_in_array(*rollup_exprs, arg_expr, &expr_idx)) {
src/sql/code_generator/ob_static_engine_cg.cpp	4934	ObStaticEngineCG::fill_aggr_info	pointer membership test: has_exist_in_array	if (has_exist_in_array(*group_exprs, rollup_exprs->at(i))){
src/sql/code_generator/ob_static_engine_cg.cpp	5022	ObStaticEngineCG::extract_non_aggr_expr	pointer membership test: has_exist_in_array	} else if (has_exist_in_array(exist_in_child, input)
src/sql/code_generator/ob_static_engine_cg.cpp	5023	ObStaticEngineCG::extract_non_aggr_expr	pointer membership test: has_exist_in_array	&& !has_exist_in_array(not_exist_in_aggr, input)
src/sql/code_generator/ob_static_engine_cg.cpp	5024	ObStaticEngineCG::extract_non_aggr_expr	pointer membership test: has_exist_in_array	&& (NULL == not_exist_in_groupby || !has_exist_in_array(*not_exist_in_groupby, input))
src/sql/code_generator/ob_static_engine_cg.cpp	5025	ObStaticEngineCG::extract_non_aggr_expr	pointer membership test: has_exist_in_array	&& (NULL == not_exist_in_rollup || !has_exist_in_array(*not_exist_in_rollup, input))) {
src/sql/code_generator/ob_static_engine_cg.cpp	5026	ObStaticEngineCG::extract_non_aggr_expr	pointer membership test: add_var_to_array_no_dup	if (OB_FAIL(add_var_to_array_no_dup(output, input))) {
src/sql/code_generator/ob_static_engine_cg.cpp	5028	ObStaticEngineCG::extract_non_aggr_expr	pointer membership test: has_exist_in_array	} else if (NULL != not_exist_in_groupby && has_exist_in_array(*not_exist_in_groupby, input) &&
src/sql/code_generator/ob_static_engine_cg.cpp	5029	ObStaticEngineCG::extract_non_aggr_expr	pointer membership test: has_exist_in_array	nullptr != not_exist_in_distinct && has_exist_in_array(*not_exist_in_distinct, input)) {
src/sql/code_generator/ob_static_engine_cg.cpp	5032	ObStaticEngineCG::extract_non_aggr_expr	pointer membership test: add_var_to_array_no_dup	if (OB_FAIL(add_var_to_array_no_dup(output, input))) {
src/sql/code_generator/ob_static_engine_cg.cpp	5035	ObStaticEngineCG::extract_non_aggr_expr	pointer membership test: has_exist_in_array	} else if (!has_exist_in_array(not_exist_in_aggr, input)) {
src/sql/code_generator/ob_static_engine_cg.cpp	5081	ObStaticEngineCG::generate_spec	pointer membership test: append_array_no_dup	} else if (OB_FAIL(append_array_no_dup(all_expr, spec.get_child()->output_))) {
src/sql/code_generator/ob_static_engine_cg.cpp	5108	ObStaticEngineCG::generate_spec	pointer membership test: add_var_to_array_no_dup	OZ(add_var_to_array_no_dup(all_expr, spec.wf_aggr_status_expr_));
src/sql/code_generator/ob_static_engine_cg.cpp	5314	ObStaticEngineCG::fil_sort_info	pointer membership test: has_exist_in_array	} else if (has_exist_in_array(all_exprs, expr, &idx)) {
src/sql/code_generator/ob_static_engine_cg.cpp	6549	ObStaticEngineCG::generate_spec	pointer membership test: has_exist_in_array	} else if (OB_UNLIKELY(!has_exist_in_array(expand_exprs, org_expr))) {
src/sql/code_generator/ob_tsc_cg_service.cpp	294	ObTscCgService::calc_enable_use_simplified_scan	pointer membership test: has_exist_in_array	if (has_exist_in_array(vid_rowkey_ctdef->result_output_, expr)) {
src/sql/code_generator/ob_tsc_cg_service.cpp	716	ObTscCgService::extract_das_access_exprs	pointer membership test: append_array_no_dup	} else if (OB_FAIL(append_array_no_dup(access_exprs, filter_columns))) {
src/sql/code_generator/ob_tsc_cg_service.cpp	722	ObTscCgService::extract_das_access_exprs	pointer membership test: append_array_no_dup	if (OB_FAIL(append_array_no_dup(access_exprs, op.get_rowkey_exprs()))) {
src/sql/code_generator/ob_tsc_cg_service.cpp	723	ObTscCgService::extract_das_access_exprs	pointer membership test: append_array_no_dup	} else if (OB_FAIL(append_array_no_dup(access_exprs, op.get_part_exprs()))) {
src/sql/code_generator/ob_tsc_cg_service.cpp	738	ObTscCgService::extract_das_access_exprs	pointer membership test: append_array_no_dup	} else if (OB_FAIL(append_array_no_dup(access_exprs, filter_columns))) {
src/sql/code_generator/ob_tsc_cg_service.cpp	745	ObTscCgService::extract_das_access_exprs	pointer membership test: add_var_to_array_no_dup	OB_FAIL(add_var_to_array_no_dup(access_exprs, const_cast<ObRawExpr*>(group_id_expr)))) {
src/sql/code_generator/ob_tsc_cg_service.cpp	777	ObTscCgService::extract_das_access_exprs	pointer membership test: add_var_to_array_no_dup	if (OB_FAIL(add_var_to_array_no_dup(tmp_access_exprs, expr))) {
src/sql/code_generator/ob_tsc_cg_service.cpp	797	ObTscCgService::extract_das_access_exprs	pointer membership test: add_var_to_array_no_dup	if (need_add && OB_FAIL(add_var_to_array_no_dup(tmp_access_exprs, expr))) {
src/sql/code_generator/ob_tsc_cg_service.cpp	801	ObTscCgService::extract_das_access_exprs	pointer membership test: add_var_to_array_no_dup	if (OB_FAIL(add_var_to_array_no_dup(tmp_access_exprs, expr))) {
src/sql/code_generator/ob_tsc_cg_service.cpp	837	ObTscCgService::extract_tsc_access_columns	pointer membership test: append_array_no_dup	} else if (OB_FAIL(append_array_no_dup(tsc_exprs, op.get_output_exprs()))) {
src/sql/code_generator/ob_tsc_cg_service.cpp	2081	ObTscCgService::generate_index_merge_node_ctdef	pointer membership test: append_array_no_dup	} else if (OB_FAIL(append_array_no_dup(merge_output, *result_output))) {
src/sql/code_generator/ob_tsc_cg_service.cpp	2167	ObTscCgService::extract_vec_ir_access_columns	pointer membership test: add_var_to_array_no_dup	if (OB_FAIL(add_var_to_array_no_dup(access_exprs, static_cast<ObRawExpr *>(vec_info.vec_id_column_)))) {
src/sql/code_generator/ob_tsc_cg_service.cpp	2174	ObTscCgService::extract_vec_ir_access_columns	pointer membership test: add_var_to_array_no_dup	if (OB_FAIL(add_var_to_array_no_dup(access_exprs, static_cast<ObRawExpr*>(vec_info.get_aux_table_column(HNSW_DELTA_VID_COL))))) {
src/sql/code_generator/ob_tsc_cg_service.cpp	2175	ObTscCgService::extract_vec_ir_access_columns	pointer membership test: add_var_to_array_no_dup	} else if (OB_FAIL(add_var_to_array_no_dup(access_exprs, static_cast<ObRawExpr*>(vec_info.get_aux_table_column(HNSW_DELTA_TYPE_COL))))) {
src/sql/code_generator/ob_tsc_cg_service.cpp	2176	ObTscCgService::extract_vec_ir_access_columns	pointer membership test: add_var_to_array_no_dup	} else if (OB_FAIL(add_var_to_array_no_dup(access_exprs, static_cast<ObRawExpr*>(vec_info.get_aux_table_column(HNSW_DELTA_VECTOR_COL))))) {
src/sql/code_generator/ob_tsc_cg_service.cpp	2181	ObTscCgService::extract_vec_ir_access_columns	pointer membership test: add_var_to_array_no_dup	if (OB_FAIL(add_var_to_array_no_dup(access_exprs, static_cast<ObRawExpr*>(vec_info.get_aux_table_column(HNSW_INDEX_ID_SCN_COL))))) {
src/sql/code_generator/ob_tsc_cg_service.cpp	2182	ObTscCgService::extract_vec_ir_access_columns	pointer membership test: add_var_to_array_no_dup	} else if (OB_FAIL(add_var_to_array_no_dup(access_exprs, static_cast<ObRawExpr*>(vec_info.get_aux_table_column(HNSW_INDEX_ID_VID_COL))))) {
src/sql/code_generator/ob_tsc_cg_service.cpp	2183	ObTscCgService::extract_vec_ir_access_columns	pointer membership test: add_var_to_array_no_dup	} else if (OB_FAIL(add_var_to_array_no_dup(access_exprs, static_cast<ObRawExpr*>(vec_info.get_aux_table_column(HNSW_INDEX_ID_TYPE_COL))))) {
src/sql/code_generator/ob_tsc_cg_service.cpp	2184	ObTscCgService::extract_vec_ir_access_columns	pointer membership test: add_var_to_array_no_dup	} else if (OB_FAIL(add_var_to_array_no_dup(access_exprs, static_cast<ObRawExpr*>(vec_info.get_aux_table_column(HNSW_INDEX_ID_VECTOR_COL))))) {
src/sql/code_generator/ob_tsc_cg_service.cpp	2189	ObTscCgService::extract_vec_ir_access_columns	pointer membership test: add_var_to_array_no_dup	if (OB_FAIL(add_var_to_array_no_dup(access_exprs, static_cast<ObRawExpr*>(vec_info.get_aux_table_column(HNSW_SNAPSHOT_KEY_COL))))) {
src/sql/code_generator/ob_tsc_cg_service.cpp	2190	ObTscCgService::extract_vec_ir_access_columns	pointer membership test: add_var_to_array_no_dup	} else if (OB_FAIL(add_var_to_array_no_dup(access_exprs, static_cast<ObRawExpr*>(vec_info.get_aux_table_column(HNSW_SNAPSHOT_DATA_COL))))) {
src/sql/code_generator/ob_tsc_cg_service.cpp	2196	ObTscCgService::extract_vec_ir_access_columns	pointer membership test: add_var_to_array_no_dup	if (OB_FAIL(add_var_to_array_no_dup(access_exprs, static_cast<ObRawExpr*>(vec_info.target_vec_column_)))) {
src/sql/code_generator/ob_tsc_cg_service.cpp	2236	ObTscCgService::extract_ivf_rowkey_access_columns	pointer membership test: append_array_no_dup	if (OB_FAIL(append_array_no_dup(access_exprs, op.get_rowkey_exprs()))) {
src/sql/code_generator/ob_tsc_cg_service.cpp	2249	ObTscCgService::extract_ivf_access_columns	pointer membership test: add_var_to_array_no_dup	if (OB_FAIL(add_var_to_array_no_dup(access_exprs, static_cast<ObRawExpr*>(vec_info.get_aux_table_column(IVF_CENTROID_CID_COL))))) {
src/sql/code_generator/ob_tsc_cg_service.cpp	2250	ObTscCgService::extract_ivf_access_columns	pointer membership test: add_var_to_array_no_dup	} else if (OB_FAIL(add_var_to_array_no_dup(access_exprs, static_cast<ObRawExpr*>(vec_info.get_aux_table_column(IVF_CENTROID_CENTER_COL))))) {
src/sql/code_generator/ob_tsc_cg_service.cpp	2256	ObTscCgService::extract_ivf_access_columns	pointer membership test: add_var_to_array_no_dup	if (OB_FAIL(add_var_to_array_no_dup(access_exprs, static_cast<ObRawExpr*>(vec_info.get_aux_table_column(IVF_CID_VEC_CID_COL))))) {
src/sql/code_generator/ob_tsc_cg_service.cpp	2257	ObTscCgService::extract_ivf_access_columns	pointer membership test: add_var_to_array_no_dup	} else if (OB_FAIL(add_var_to_array_no_dup(access_exprs, static_cast<ObRawExpr*>(vec_info.get_aux_table_column(IVF_CID_VEC_VECTOR_COL))))) {
src/sql/code_generator/ob_tsc_cg_service.cpp	2266	ObTscCgService::extract_ivf_access_columns	pointer membership test: add_var_to_array_no_dup	if (OB_FAIL(add_var_to_array_no_dup(access_exprs, static_cast<ObRawExpr*>(vec_info.get_aux_table_column(IVF_PQ_CODE_CID_COL))))) {
src/sql/code_generator/ob_tsc_cg_service.cpp	2267	ObTscCgService::extract_ivf_access_columns	pointer membership test: add_var_to_array_no_dup	} else if (OB_FAIL(add_var_to_array_no_dup(access_exprs, static_cast<ObRawExpr*>(vec_info.get_aux_table_column(IVF_PQ_CODE_PIDS_COL))))) {
src/sql/code_generator/ob_tsc_cg_service.cpp	2277	ObTscCgService::extract_ivf_access_columns	pointer membership test: add_var_to_array_no_dup	if (OB_FAIL(add_var_to_array_no_dup(access_exprs, static_cast<ObRawExpr*>(vec_info.get_aux_table_column(IVF_ROWKEY_CID_CID))))) {
src/sql/code_generator/ob_tsc_cg_service.cpp	2286	ObTscCgService::extract_ivf_access_columns	pointer membership test: add_var_to_array_no_dup	if (OB_FAIL(add_var_to_array_no_dup(access_exprs, static_cast<ObRawExpr*>(vec_info.get_aux_table_column(IVF_PQ_ROWKEY_CID_CID_COL))))) {
src/sql/code_generator/ob_tsc_cg_service.cpp	2287	ObTscCgService::extract_ivf_access_columns	pointer membership test: add_var_to_array_no_dup	} else if (OB_FAIL(add_var_to_array_no_dup(access_exprs, static_cast<ObRawExpr*>(vec_info.get_aux_table_column(IVF_PQ_ROWKEY_CID_PIDS_COL))))) {
src/sql/code_generator/ob_tsc_cg_service.cpp	2297	ObTscCgService::extract_ivf_access_columns	pointer membership test: add_var_to_array_no_dup	if (OB_FAIL(add_var_to_array_no_dup(access_exprs, static_cast<ObRawExpr*>(vec_info.get_aux_table_column(IVF_SQ_META_ID_COL))))) {
src/sql/code_generator/ob_tsc_cg_service.cpp	2298	ObTscCgService::extract_ivf_access_columns	pointer membership test: add_var_to_array_no_dup	} else if (OB_FAIL(add_var_to_array_no_dup(access_exprs, static_cast<ObRawExpr*>(vec_info.get_aux_table_column(IVF_SQ_META_VEC_COL))))) {
src/sql/code_generator/ob_tsc_cg_service.cpp	2301	ObTscCgService::extract_ivf_access_columns	pointer membership test: add_var_to_array_no_dup	if (OB_FAIL(add_var_to_array_no_dup(access_exprs, static_cast<ObRawExpr*>(vec_info.get_aux_table_column(IVF_PQ_ID_PID_COL))))) {
src/sql/code_generator/ob_tsc_cg_service.cpp	2302	ObTscCgService::extract_ivf_access_columns	pointer membership test: add_var_to_array_no_dup	} else if (OB_FAIL(add_var_to_array_no_dup(access_exprs, static_cast<ObRawExpr*>(vec_info.get_aux_table_column(IVF_PQ_ID_CENTER_COL))))) {
src/sql/code_generator/ob_tsc_cg_service.cpp	2331	ObTscCgService::extract_text_ir_access_columns	pointer membership test: add_var_to_array_no_dup	if (OB_FAIL(add_var_to_array_no_dup(access_exprs, static_cast<ObRawExpr*>(tr_info.token_cnt_column_)))) {
src/sql/code_generator/ob_tsc_cg_service.cpp	2332	ObTscCgService::extract_text_ir_access_columns	pointer membership test: add_var_to_array_no_dup	} else if (OB_FAIL(add_var_to_array_no_dup(access_exprs, static_cast<ObRawExpr*>(tr_info.docid_or_rowkey_column_)))) {
src/sql/code_generator/ob_tsc_cg_service.cpp	2333	ObTscCgService::extract_text_ir_access_columns	pointer membership test: add_var_to_array_no_dup	} else if (OB_FAIL(add_var_to_array_no_dup(access_exprs, static_cast<ObRawExpr*>(tr_info.doc_length_column_)))) {
src/sql/code_generator/ob_tsc_cg_service.cpp	2337	ObTscCgService::extract_text_ir_access_columns	pointer membership test: add_var_to_array_no_dup	if (OB_FAIL(add_var_to_array_no_dup(access_exprs, tr_info.total_doc_cnt_->get_param_expr((0))))) {
src/sql/code_generator/ob_tsc_cg_service.cpp	2341	ObTscCgService::extract_text_ir_access_columns	pointer membership test: add_var_to_array_no_dup	if (OB_FAIL(add_var_to_array_no_dup(access_exprs, tr_info.related_doc_cnt_->get_param_expr(0)))) {
src/sql/code_generator/ob_tsc_cg_service.cpp	2346	ObTscCgService::extract_text_ir_access_columns	pointer membership test: add_var_to_array_no_dup	if (OB_FAIL(add_var_to_array_no_dup(access_exprs, static_cast<ObRawExpr*>(tr_info.token_column_)))) {
src/sql/code_generator/ob_tsc_cg_service.cpp	2347	ObTscCgService::extract_text_ir_access_columns	pointer membership test: add_var_to_array_no_dup	} else if (OB_FAIL(add_var_to_array_no_dup(access_exprs, static_cast<ObRawExpr*>(tr_info.docid_or_rowkey_column_)))) {
src/sql/code_generator/ob_tsc_cg_service.cpp	2348	ObTscCgService::extract_text_ir_access_columns	pointer membership test: add_var_to_array_no_dup	} else if (OB_FAIL(add_var_to_array_no_dup(access_exprs, static_cast<ObRawExpr*>(tr_info.token_cnt_column_)))) {
src/sql/code_generator/ob_tsc_cg_service.cpp	2349	ObTscCgService::extract_text_ir_access_columns	pointer membership test: add_var_to_array_no_dup	} else if (OB_FAIL(add_var_to_array_no_dup(access_exprs, static_cast<ObRawExpr*>(tr_info.doc_length_column_)))) {
src/sql/code_generator/ob_tsc_cg_service.cpp	2714	ObTscCgService::generate_text_ir_pushdown_expr_ctdef	pointer membership test: add_var_to_array_no_dup	if (OB_FAIL(add_var_to_array_no_dup(agg_expr_arr, tr_info.total_doc_cnt_))) {
src/sql/code_generator/ob_tsc_cg_service.cpp	2718	ObTscCgService::generate_text_ir_pushdown_expr_ctdef	pointer membership test: add_var_to_array_no_dup	if (OB_FAIL(add_var_to_array_no_dup(agg_expr_arr, tr_info.related_doc_cnt_))) {
src/sql/code_generator/ob_tsc_cg_service.cpp	3450	ObTscCgService::generate_doc_id_lookup_ctdef	pointer membership test: append_array_no_dup	if (OB_FAIL(append_array_no_dup(result_outputs, index_ctdef->result_output_))) {
src/sql/code_generator/ob_tsc_cg_service.cpp	3873	ObTscCgService::generate_table_lookup_ctdef	pointer membership test: append_array_no_dup	if (OB_FAIL(append_array_no_dup(result_outputs, aux_lookup_ctdef->result_output_))) {
src/sql/code_generator/ob_tsc_cg_service.cpp	3886	ObTscCgService::generate_table_lookup_ctdef	pointer membership test: append_array_no_dup	if (OB_FAIL(append_array_no_dup(result_outputs, es_score_ctdef->result_output_))) {
src/sql/code_generator/ob_tsc_cg_service.cpp	3900	ObTscCgService::generate_table_lookup_ctdef	pointer membership test: append_array_no_dup	} else if (OB_FAIL(append_array_no_dup(result_outputs, cache_lookup_ctdef->index_scan_proj_exprs_))) {
src/sql/code_generator/ob_tsc_cg_service.cpp	3928	ObTscCgService::extract_doc_id_index_back_access_columns	pointer membership test: add_var_to_array_no_dup	if (OB_FAIL(add_var_to_array_no_dup(access_exprs, raw_expr))) {
src/sql/code_generator/ob_tsc_cg_service.cpp	3950	ObTscCgService::extract_vec_id_index_back_access_columns	pointer membership test: add_var_to_array_no_dup	if (OB_FAIL(add_var_to_array_no_dup(access_exprs, raw_expr))) {
src/sql/code_generator/ob_tsc_cg_service.cpp	4073	ObTscCgService::generate_das_sort_ctdef	pointer membership test: append_array_no_dup	} else if (OB_FAIL(append_array_no_dup(result_output, sort_ctdef->sort_exprs_))) {
src/sql/code_generator/ob_tsc_cg_service.cpp	4075	ObTscCgService::generate_das_sort_ctdef	pointer membership test: append_array_no_dup	&& OB_FAIL(append_array_no_dup(result_output, static_cast<ObDASAttachCtDef *>(child_ctdef)->result_output_))) {
src/sql/code_generator/ob_tsc_cg_service.cpp	4077	ObTscCgService::generate_das_sort_ctdef	pointer membership test: append_array_no_dup	&& OB_FAIL(append_array_no_dup(result_output, static_cast<ObDASScanCtDef *>(child_ctdef)->result_output_))) {
src/sql/code_generator/ob_tsc_cg_service.cpp	4132	ObTscCgService::generate_das_sort_ctdef	pointer membership test: append_array_no_dup	} else if (OB_FAIL(append_array_no_dup(result_output, sort_ctdef->sort_exprs_))) {
src/sql/code_generator/ob_tsc_cg_service.cpp	4134	ObTscCgService::generate_das_sort_ctdef	pointer membership test: append_array_no_dup	&& OB_FAIL(append_array_no_dup(result_output, static_cast<ObDASAttachCtDef *>(child_ctdef)->result_output_))) {
src/sql/code_generator/ob_tsc_cg_service.cpp	4136	ObTscCgService::generate_das_sort_ctdef	pointer membership test: append_array_no_dup	&& OB_FAIL(append_array_no_dup(result_output, static_cast<ObDASScanCtDef *>(child_ctdef)->result_output_))) {
src/sql/code_generator/ob_tsc_cg_service.cpp	4241	ObTscCgService::generate_functional_lookup_ctdef	pointer membership test: append_array_no_dup	} else if (OB_FAIL(append_array_no_dup(func_lookup_result_outputs, output_rowkey_exprs))) {
src/sql/code_generator/ob_tsc_cg_service.cpp	4254	ObTscCgService::generate_functional_lookup_ctdef	pointer membership test: append_array_no_dup	} else if (OB_FAIL(append_array_no_dup(final_result_outputs, tmp_func_lookup_ctdef->result_output_))) {
src/sql/code_generator/ob_tsc_cg_service.cpp	4269	ObTscCgService::generate_functional_lookup_ctdef	pointer membership test: append_array_no_dup	} else if (OB_FAIL(append_array_no_dup(final_result_outputs, root_lookup_ctdef->index_scan_proj_exprs_))) {
src/sql/code_generator/ob_tsc_cg_service.cpp	4316	ObTscCgService::generate_match_ctdef	IR pointer == IR pointer	if (tr_info.match_expr_ == check_repeat_exprs.at(j)) {
src/sql/code_generator/ob_tsc_cg_service.cpp	4328	ObTscCgService::generate_match_ctdef	IR pointer == IR pointer	if (match_expr == next_tr_info.match_expr_ && OB_FAIL(ir_scan_ctdefs_idx.push_back(j))) {
src/sql/code_generator/ob_tsc_cg_service.cpp	4381	ObTscCgService::generate_match_ctdef	IR pointer == IR pointer	if (result_output.at(j) == es_match_ctdefs.at(i)->relevance_proj_col_) {
src/sql/code_generator/ob_tsc_cg_service.cpp	4411	ObTscCgService::generate_match_ctdef	IR pointer != IR pointer	if (result_outputs.at(i) != ir_scan_ctdefs.at(0)->inv_scan_domain_id_col_) {
src/sql/das/iter/ob_das_hnsw_scan_iter.cpp	2183	ObDASHNSWScanIter::check_is_simple_cmp_filter	IR pointer == IR pointer	bool is_rowkey_filter = rowkey_expr == arg_col;
src/sql/das/iter/ob_das_iter_utils.cpp	1343	ObDASIterUtils::create_match_sub_tree	IR pointer == unresolved pointer	if (match_score_ctdef->result_output_.at(i) == domain_id_expr) {
src/sql/das/iter/ob_das_iter_utils.cpp	1429	ObDASIterUtils::create_match_part_score_sub_tree	IR pointer == unresolved pointer	if (es_match_ctdef->result_output_.at(i) == domain_id_expr) {
src/sql/das/iter/ob_das_iter_utils.cpp	2125	ObDASIterUtils::create_function_lookup_tree	IR pointer == unresolved pointer	if (rowkey_scan_output_exprs->at(i) == func_lookup_ctdef->lookup_domain_id_expr_) {
src/sql/das/iter/ob_das_iter_utils.cpp	2143	ObDASIterUtils::create_function_lookup_tree	IR pointer != IR pointer	} else if (OB_UNLIKELY(rowkey_scan_output_expr != func_lookup_ctdef->lookup_domain_id_expr_)) {
src/sql/das/iter/ob_das_iter_utils.cpp	2147	ObDASIterUtils::create_function_lookup_tree	IR pointer != unresolved pointer	if (OB_UNLIKELY(1 != main_lookup_rowkey_exprs->count() || rowkey_scan_output_expr != main_lookup_rowkey_exprs->at(0))) {
src/sql/das/iter/ob_das_text_retrieval_iter.cpp	590	ObDASTextRetrievalIter::init_calc_exprs	IR pointer != IR pointer	doc_length_param_expr != ir_ctdef_->inv_scan_doc_length_col_ ||
src/sql/das/iter/sparse_retrieval/ob_das_match_iter.cpp	374	ObDASMatchIter::inner_get_next_row	IR pointer != IR pointer	} else if (input_relevance_expr != output_relevance_expr) {
src/sql/das/iter/sparse_retrieval/ob_das_match_iter.cpp	436	ObDASMatchIter::inner_get_next_rows	IR pointer != IR pointer	} else if (input_relevance_expr != output_relevance_expr) {
src/sql/das/ob_das_tablet_mapper.h	85	DASRelatedTabletMap	container keyed by pointer: ObHashMap	typedef common::hash::ObHashMap<Key*, Value*, common::hash::NoPthreadDefendMode> RelatedTabletMap;
src/sql/engine/aggregate/ob_aggregate_processor.cpp	48	is_rollup_expr	pointer membership test: has_exist_in_array	if (has_exist_in_array(aggr_info.hash_rollup_info_->gby_exprs_, expr)
src/sql/engine/aggregate/ob_aggregate_processor.cpp	49	is_rollup_expr	pointer membership test: has_exist_in_array	|| !has_exist_in_array(aggr_info.hash_rollup_info_->expand_exprs_, expr)) {
src/sql/engine/aggregate/ob_aggregate_processor.cpp	54	is_rollup_expr	IR pointer == IR pointer	found = expr == expand_exprs.at(i);
src/sql/engine/aggregate/ob_aggregate_processor.cpp	2742	ObAggregateProcessor::rollup_aggregation	IR pointer == unresolved pointer	if (diff_expr != NULL && diff_expr == aggr_info.param_exprs_.at(0)) {
src/sql/engine/aggregate/ob_aggregate_processor.cpp	3796	ObAggregateProcessor::collect_aggr_result	IR pointer == unresolved pointer	if (diff_expr != NULL && diff_expr == aggr_info.param_exprs_.at(0)) {
src/sql/engine/aggregate/ob_hash_groupby_op.cpp	340	ObHashGroupByOp::inner_open	pointer membership test: has_exist_in_array	if (!has_exist_in_array(distinct_origin_exprs_, expr)) {
src/sql/engine/aggregate/ob_hash_groupby_op.cpp	350	ObHashGroupByOp::inner_open	pointer membership test: has_exist_in_array	if (!has_exist_in_array(distinct_origin_exprs_, expr)) {
src/sql/engine/aggregate/ob_merge_groupby_op.cpp	261	ObMergeGroupByOp::rewrite_rollup_column	IR pointer == unresolved pointer	if (MY_SPEC.group_exprs_[i] == diff_expr) {
src/sql/engine/aggregate/ob_merge_groupby_op.cpp	495	ObMergeGroupByOp::set_null	IR pointer == unresolved pointer	if (base_expr == MY_SPEC.rollup_exprs_.at(i)) {
src/sql/engine/basic/ob_expr_values_op.cpp	448	ObExprValuesOp::calc_next_row	IR pointer == IR pointer	} else if (src_expr == dst_expr) {
src/sql/engine/basic/ob_pushdown_filter.cpp	1248	ObPushdownFilterExecutor::find_evaluated_datums	pointer membership test: is_contain	if (is_contain(calc_exprs, expr)) {
src/sql/engine/basic/ob_values_table_access_op.cpp	176	ObValuesTableAccessOp::calc_datum_from_expr	IR pointer == IR pointer	if (src_expr == dst_expr) {
src/sql/engine/basic/ob_values_table_access_op.cpp	313	ObValuesTableAccessOp::calc_next_row	IR pointer == IR pointer	if (i < col_num && output == MY_SPEC.column_exprs_.at(i)) {
src/sql/engine/dml/ob_dml_service.cpp	54	ObDMLService::check_cascaded_reference	pointer membership test: has_exist_in_array	bret = has_exist_in_array(row, parent_expr);
src/sql/engine/dml/ob_fk_checker.cpp	251	ObForeignKeyChecker::init_clear_exprs	pointer membership test: has_exist_in_array	} else if (!has_exist_in_array(row, expr)) {
src/sql/engine/expr/ob_expr_array_map.cpp	316	ObExprArrayMapCommon::get_array_map_lambda_params	IR pointer == IR pointer	if (idx == param_idx[i] && get_rt_expr(*raw_expr) == param_exprs[i]) {
src/sql/engine/expr/ob_expr_array_map.cpp	318	ObExprArrayMapCommon::get_array_map_lambda_params	IR pointer == IR pointer	} else if (get_rt_expr(*raw_expr) == param_exprs[i]) {
src/sql/engine/join/ob_hash_join_op.cpp	2588	ObHashJoinOp::prepare_hash_table	pointer cast to integer compared for identity	? (build_ht_thread_ptr == reinterpret_cast<uint64_t>(this))
src/sql/engine/join/ob_merge_join_op.cpp	898	ObMergeJoinOp::ChildBatchFetcher::init	IR pointer == unresolved pointer	if (all_exprs_->at(j) == param_expr) {
src/sql/engine/ob_exec_context.cpp	535	ObExecContext::get_temp_expr_eval_ctx	pointer cast to integer used as a key	if (OB_FAIL(temp_expr_ctx_map_.get_refactored(reinterpret_cast<int64_t>(&temp_expr),
src/sql/engine/ob_exec_context.cpp	541	ObExecContext::get_temp_expr_eval_ctx	pointer cast to integer used as a key	OZ(temp_expr_ctx_map_.set_refactored(reinterpret_cast<int64_t>(&temp_expr),
src/sql/engine/ob_exec_context.cpp	542	ObExecContext::get_temp_expr_eval_ctx	pointer cast to integer used as a key	reinterpret_cast<int64_t>(temp_expr_ctx)));
src/sql/engine/pdml/static/ob_px_sstable_insert_op.cpp	314	ObPxMultiPartSSTableInsertOp::locate_exprs	IR pointer == unresolved pointer	if (exprs.at(i) == tablet_autoinc_expr_) {
src/sql/ob_sql_temp_table.cpp	64	ObSqlTempTableInfo::collect_temp_tables	IR pointer == unresolved pointer	} else if (info->table_query_ == table->ref_query_) {
src/sql/ob_sql_temp_table.cpp	132	ObSqlTempTableInfo::collect_specified_temp_table	IR pointer != unresolved pointer	OB_UNLIKELY(specified_query != table->ref_query_)) {
src/sql/ob_sql_utils.cpp	1839	RelExprChecker::add_expr	pointer cast to integer used as a key	if (OB_HASH_NOT_EXIST == (ret = duplicated_checker_.exist_refactored(reinterpret_cast<uint64_t>(expr)))) {
src/sql/ob_sql_utils.cpp	1840	RelExprChecker::add_expr	pointer cast to integer used as a key	if (OB_FAIL(duplicated_checker_.set_refactored(reinterpret_cast<uint64_t>(expr)))) {
src/sql/ob_sql_utils.cpp	1890	RelExprPointerChecker::add_expr	pointer cast to integer used as a key	if (OB_HASH_NOT_EXIST == (flag = expr_id_map_.get_refactored(reinterpret_cast<uint64_t>(expr), expr_id))) {
src/sql/ob_sql_utils.cpp	1893	RelExprPointerChecker::add_expr	pointer cast to integer used as a key	if (OB_FAIL(expr_id_map_.set_refactored(reinterpret_cast<uint64_t>(expr), expr_id))) {
src/sql/ob_sql_utils.cpp	1952	SemanticVectorDistExprChecker::add_expr	pointer membership test: add_var_to_array_no_dup	if (OB_FAIL(add_var_to_array_no_dup(rel_array_, expr))) {
src/sql/ob_sql_utils.cpp	3442	ObSQLUtils::get_result_from_ctx	pointer cast to integer used as a key	} else if (FALSE_IT(key = reinterpret_cast<uint64_t>(expr))) {
src/sql/ob_sql_utils.cpp	3468	ObSQLUtils::store_result_to_ctx	pointer cast to integer used as a key	key = reinterpret_cast<uint64_t>(expr);
src/sql/optimizer/ob_access_path_estimation.cpp	1892	ObAccessPathEstimation::get_need_dynamic_sampling_columns	pointer membership test: append_array_no_dup	if (OB_FAIL(append_array_no_dup(relation_raw_exprs, select_stmt->get_group_exprs()))) {
src/sql/optimizer/ob_access_path_estimation.cpp	1893	ObAccessPathEstimation::get_need_dynamic_sampling_columns	pointer membership test: append_array_no_dup	} else if (OB_FAIL(append_array_no_dup(relation_raw_exprs, select_stmt->get_rollup_exprs()))) {
src/sql/optimizer/ob_access_path_estimation.cpp	1894	ObAccessPathEstimation::get_need_dynamic_sampling_columns	pointer membership test: append_array_no_dup	} else if (OB_FAIL(append_array_no_dup(relation_raw_exprs, select_stmt->get_having_exprs()))) {
src/sql/optimizer/ob_conflict_detector.cpp	671	ObConflictDetectorGenerator::generate_inner_join_detectors	pointer membership test: ObOptimizerUtil::find_item	(expr->has_flag(CNT_SUB_QUERY) && !ObOptimizerUtil::find_item(push_subq_exprs_, expr))) {
src/sql/optimizer/ob_conflict_detector.cpp	675	ObConflictDetectorGenerator::generate_inner_join_detectors	pointer membership test: ObOptimizerUtil::find_item	ObOptimizerUtil::find_item(all_table_filters, expr)) {
src/sql/optimizer/ob_conflict_detector.cpp	697	ObConflictDetectorGenerator::generate_inner_join_detectors	pointer membership test: ObOptimizerUtil::find_item	} else if (ObOptimizerUtil::find_item(all_table_filters, expr)) {
src/sql/optimizer/ob_conflict_detector.cpp	711	ObConflictDetectorGenerator::generate_inner_join_detectors	pointer membership test: ObOptimizerUtil::find_item	} else if (expr->has_flag(CNT_SUB_QUERY) && !ObOptimizerUtil::find_item(push_subq_exprs_, expr) &&
src/sql/optimizer/ob_conflict_detector.cpp	730	ObConflictDetectorGenerator::generate_inner_join_detectors	pointer membership test: ObOptimizerUtil::find_item	} else if (expr->has_flag(CNT_SUB_QUERY) && !ObOptimizerUtil::find_item(push_subq_exprs_, expr) &&
src/sql/optimizer/ob_conflict_detector.cpp	1095	ObConflictDetectorGenerator::pushdown_on_conditions	pointer membership test: ObOptimizerUtil::find_item	!ObOptimizerUtil::find_item(push_subq_exprs_, qual)) {
src/sql/optimizer/ob_del_upd_log_plan.cpp	666	ObDelUpdLogPlan::replace_assignment_expr_from_dml_info	IR pointer == IR pointer	} else if (expr == assignment.column_expr_
src/sql/optimizer/ob_del_upd_log_plan.cpp	1605	ObDelUpdLogPlan::generate_index_column_exprs	pointer membership test: add_var_to_array_no_dup	} else if (OB_FAIL(add_var_to_array_no_dup(spk_related_columns, col_expr))) {
src/sql/optimizer/ob_del_upd_log_plan.cpp	1962	ObDelUpdLogPlan::extract_assignment_subqueries	pointer membership test: add_var_to_array_no_dup	if (OB_FAIL(add_var_to_array_no_dup(normal_query_refs, expr))) {
src/sql/optimizer/ob_del_upd_log_plan.cpp	1968	ObDelUpdLogPlan::extract_assignment_subqueries	pointer membership test: add_var_to_array_no_dup	} else if (OB_FAIL(add_var_to_array_no_dup(alias_query_refs, alias->get_param_expr(0)))) {
src/sql/optimizer/ob_fd_item.cpp	377	ObFdItemFactory::do_deduce_fd_item_set	pointer membership test: ObOptimizerUtil::find_item	} else if (expr->is_const_expr() || ObOptimizerUtil::find_item(const_exprs, expr)) {
src/sql/optimizer/ob_insert_log_plan.cpp	275	ObInsertLogPlan::check_contain_non_onetime_expr	pointer membership test: ObOptimizerUtil::find_item	if (!ObOptimizerUtil::find_item(get_onetime_query_refs(), expr)) {
src/sql/optimizer/ob_insert_log_plan.cpp	279	ObInsertLogPlan::check_contain_non_onetime_expr	pointer membership test: ObOptimizerUtil::find_item	if (ObOptimizerUtil::find_item(get_onetime_query_refs(), expr)) {
src/sql/optimizer/ob_insert_log_plan.cpp	1191	ObInsertLogPlan::prepare_table_dml_info_for_ddl	IR pointer == unresolved pointer	if (table_info.column_exprs_.at(j) == column) {
src/sql/optimizer/ob_insert_log_plan.cpp	1244	ObInsertLogPlan::get_all_rowkey_columns_for_ddl	pointer membership test: add_var_to_array_no_dup	} else if (OB_FAIL(add_var_to_array_no_dup(column_exprs, column_item->expr_))) {
src/sql/optimizer/ob_insert_log_plan.cpp	1270	ObInsertLogPlan::get_all_rowkey_columns_for_ddl	pointer membership test: add_var_to_array_no_dup	} else if (OB_FAIL(add_var_to_array_no_dup(column_exprs, spk_expr))) {
src/sql/optimizer/ob_insert_log_plan.cpp	1304	ObInsertLogPlan::get_all_columns_for_ddl	pointer membership test: add_var_to_array_no_dup	} else if (OB_FAIL(add_var_to_array_no_dup(column_exprs, column_item->expr_))) {
src/sql/optimizer/ob_insert_log_plan.cpp	1333	ObInsertLogPlan::get_all_part_columns_for_ddl	pointer membership test: add_var_to_array_no_dup	} else if (OB_FAIL(add_var_to_array_no_dup(column_exprs, column_item->expr_))) {
src/sql/optimizer/ob_insert_log_plan.cpp	1344	ObInsertLogPlan::get_all_part_columns_for_ddl	pointer membership test: add_var_to_array_no_dup	} else if (OB_FAIL(add_var_to_array_no_dup(column_exprs, column_item->expr_))) {
src/sql/optimizer/ob_join_order.cpp	1615	ObJoinOrder::create_one_access_path	pointer membership test: ObOptimizerUtil::find_item	} else if (helper.is_index_merge_ && !ObOptimizerUtil::find_item(index_merge_access_cols, col_expr)) {
src/sql/optimizer/ob_join_order.cpp	1930	ObJoinOrder::add_access_filters	pointer membership test: ObOptimizerUtil::remove_item	if (FAILEDx(ObOptimizerUtil::remove_item(path->filter_, remove_dup))) {
src/sql/optimizer/ob_join_order.cpp	3279	ObJoinOrder::create_one_index_merge_path	pointer membership test: ObOptimizerUtil::find_item	} else if (ObOptimizerUtil::find_item(match_exprs_in_index, cur_expr)) {
src/sql/optimizer/ob_join_order.cpp	4616	ObJoinOrder::get_candi_range_expr	pointer membership test: ObOptimizerUtil::find_item	if (ObOptimizerUtil::find_item(ignore_predicates, predicates.at(i))) {
src/sql/optimizer/ob_join_order.cpp	4812	ObJoinOrder::get_range_filter	pointer membership test: ObOptimizerUtil::find_item	if (ObOptimizerUtil::find_item(range_exprs, expr)) {
src/sql/optimizer/ob_join_order.cpp	4819	ObJoinOrder::get_range_filter	pointer membership test: ObOptimizerUtil::find_item	if (ObOptimizerUtil::find_item(range_exprs, expr)) {
src/sql/optimizer/ob_join_order.cpp	4938	ObJoinOrder::get_join_output_exprs	pointer membership test: append_array_no_dup	} else if (OB_FAIL(append_array_no_dup(temp_exprs, plan->get_groupby_rollup_exprs_for_width_est()))) {
src/sql/optimizer/ob_join_order.cpp	4939	ObJoinOrder::get_join_output_exprs	pointer membership test: append_array_no_dup	} else if (OB_FAIL(append_array_no_dup(temp_exprs, plan->get_having_exprs_for_width_est()))) {
src/sql/optimizer/ob_join_order.cpp	4940	ObJoinOrder::get_join_output_exprs	pointer membership test: append_array_no_dup	} else if (OB_FAIL(append_array_no_dup(temp_exprs, plan->get_winfunc_exprs_for_width_est()))) {
src/sql/optimizer/ob_join_order.cpp	4941	ObJoinOrder::get_join_output_exprs	pointer membership test: append_array_no_dup	} else if (OB_FAIL(append_array_no_dup(temp_exprs, plan->get_select_item_exprs_for_width_est()))) {
src/sql/optimizer/ob_join_order.cpp	4942	ObJoinOrder::get_join_output_exprs	pointer membership test: append_array_no_dup	} else if (OB_FAIL(append_array_no_dup(temp_exprs, plan->get_orderby_exprs_for_width_est()))) {
src/sql/optimizer/ob_join_order.cpp	4946	ObJoinOrder::get_join_output_exprs	pointer membership test: append_array_no_dup	} else if (OB_FAIL(append_array_no_dup(output_exprs, extracted_column_exprs))) {
src/sql/optimizer/ob_join_order.cpp	4956	ObJoinOrder::get_excluded_condition_exprs	pointer membership test: append_array_no_dup	if (OB_FAIL(append_array_no_dup(excluded_conditions,
src/sql/optimizer/ob_join_order.cpp	4958	ObJoinOrder::get_excluded_condition_exprs	pointer membership test: append_array_no_dup	} else if (OB_FAIL(append_array_no_dup(excluded_conditions,
src/sql/optimizer/ob_join_order.cpp	6611	AccessPath::compute_valid_inner_path	pointer membership test: ObOptimizerUtil::find_item	} else if (ObOptimizerUtil::find_item(parent_->get_plan()->get_pushdown_filters(), expr)) {
src/sql/optimizer/ob_join_order.cpp	8975	ObJoinOrder::extract_necessary_pushdown_quals	pointer membership test: ObOptimizerUtil::find_item	ObOptimizerUtil::find_item(get_plan()->get_new_or_quals(), expr) ||
src/sql/optimizer/ob_join_order.cpp	8976	ObJoinOrder::extract_necessary_pushdown_quals	pointer membership test: ObOptimizerUtil::find_item	ObOptimizerUtil::find_item(get_plan()->get_pushdown_filters(), expr)) {
src/sql/optimizer/ob_join_order.cpp	11011	ObJoinOrder::set_nl_filters	pointer membership test: append_array_no_dup	if (OB_FAIL(append_array_no_dup(join_path->filter_, where_conditions))) {
src/sql/optimizer/ob_join_order.cpp	11015	ObJoinOrder::set_nl_filters	pointer membership test: ObOptimizerUtil::find_item	ObOptimizerUtil::find_item(right_path->pushdown_filters_, on_conditions.at(i))) {
src/sql/optimizer/ob_join_order.cpp	11021	ObJoinOrder::set_nl_filters	pointer membership test: append_array_no_dup	if (OB_FAIL(append_array_no_dup(join_path->other_join_conditions_, on_conditions))) {
src/sql/optimizer/ob_join_order.cpp	11028	ObJoinOrder::set_nl_filters	pointer membership test: ObOptimizerUtil::find_item	ObOptimizerUtil::find_item(right_path->pushdown_filters_, where_conditions.at(i))) {
src/sql/optimizer/ob_join_order.cpp	15266	ObJoinOrder::check_and_fill_inner_path_info	pointer membership test: ObOptimizerUtil::intersect	} else if (OB_FAIL(ObOptimizerUtil::intersect(exec_params, range_params, pushdown_params))) {
src/sql/optimizer/ob_join_order.cpp	15267	ObJoinOrder::check_and_fill_inner_path_info	pointer membership test: ObOptimizerUtil::intersect	} else if (OB_FAIL(ObOptimizerUtil::intersect(exec_params, all_params, all_pushdown_params))) {
src/sql/optimizer/ob_join_order.cpp	15870	ObJoinOrder::extract_naaj_join_conditions	IR pointer == IR pointer	if (left_join_key == cur_expr->get_param_expr(0)) {
src/sql/optimizer/ob_join_order.cpp	15872	ObJoinOrder::extract_naaj_join_conditions	IR pointer == IR pointer	} else if (right_join_key == cur_expr->get_param_expr(0)) {
src/sql/optimizer/ob_join_order.cpp	16349	ObJoinOrder::extract_scan_match_expr_candidates	pointer membership test: add_var_to_array_no_dup	if (OB_FAIL(add_var_to_array_no_dup(scan_match_exprs, static_cast<ObMatchFunRawExpr*>(param_expr)))) {
src/sql/optimizer/ob_join_order.cpp	16384	ObJoinOrder::process_index_for_match_expr	pointer membership test: ObOptimizerUtil::find_item	if (helper.is_index_merge_ && !ObOptimizerUtil::find_item(helper.filters_, all_match_exprs.at(0))) {
src/sql/optimizer/ob_join_order.cpp	16467	ObJoinOrder::process_index_for_match_expr	pointer membership test: ObOptimizerUtil::find_item	} else if (!ObOptimizerUtil::find_item(scan_match_exprs, match_expr_info->match_expr_, &idx)) {
src/sql/optimizer/ob_join_order.cpp	16487	ObJoinOrder::process_index_for_match_expr	IR pointer == IR pointer	} else if (curr_expr == match_expr_for_index_scan) {
src/sql/optimizer/ob_join_order.cpp	17004	ObJoinOrder::find_match_expr_info	IR pointer == IR pointer	if (match_expr_infos.at(i).match_expr_ == match_expr) {
src/sql/optimizer/ob_join_order.cpp	17023	ObJoinOrder::find_match_expr_infos	IR pointer == IR pointer	if (match_expr_infos.at(i).match_expr_ == match_expr && OB_FAIL(found_match_expr_infos.push_back(&match_expr_infos.at(i)))) {
src/sql/optimizer/ob_join_order.cpp	17323	ObJoinOrder::check_match_prefix_index	pointer membership test: ObOptimizerUtil::find_item	if (ObOptimizerUtil::find_item(prefix_cols, candi_prefix_cols.at(i))) {
src/sql/optimizer/ob_join_order.cpp	17493	ObJoinOrder::check_match_common_gen_col_index	pointer membership test: ObOptimizerUtil::find_item	if (ObOptimizerUtil::find_item(common_gen_cols, cur_gen_cols.at(i))) {
src/sql/optimizer/ob_join_order.cpp	17653	ObJoinOrder::deduce_common_gen_col_index_expr	pointer membership test: ObOptimizerUtil::find_item	} else if (ObOptimizerUtil::find_item(from_exprs, from_expr)) {
src/sql/optimizer/ob_log_del_upd.cpp	143	IndexDMLInfo::init_assignment_info	pointer membership test: has_exist_in_array	if (has_exist_in_array(column_exprs_, assignments.at(i).column_expr_)) {
src/sql/optimizer/ob_log_del_upd.cpp	183	IndexDMLInfo::init_column_convert_expr	IR pointer == IR pointer	if (insert_expr == assignments.at(j).column_expr_) {
src/sql/optimizer/ob_log_del_upd.cpp	234	IndexDMLInfo::is_new_row_expr	pointer membership test: ObOptimizerUtil::find_item	bret = ObOptimizerUtil::find_item(column_convert_exprs_, expr)
src/sql/optimizer/ob_log_del_upd.cpp	235	IndexDMLInfo::is_new_row_expr	pointer membership test: ObOptimizerUtil::find_item	|| ObOptimizerUtil::find_item(ck_cst_exprs_, expr)
src/sql/optimizer/ob_log_del_upd.cpp	236	IndexDMLInfo::is_new_row_expr	IR pointer == IR pointer	|| lookup_part_id_expr_ == expr
src/sql/optimizer/ob_log_del_upd.cpp	237	IndexDMLInfo::is_new_row_expr	IR pointer == IR pointer	|| new_part_id_expr_ == expr
src/sql/optimizer/ob_log_del_upd.cpp	238	IndexDMLInfo::is_new_row_expr	IR pointer == IR pointer	|| new_rowid_expr_ == expr;
src/sql/optimizer/ob_log_del_upd.cpp	241	IndexDMLInfo::is_new_row_expr	IR pointer == IR pointer	bret = assignments_.at(i).expr_ == expr;
src/sql/optimizer/ob_log_del_upd.cpp	473	ObLogDelUpd::find_trans_info_producer	pointer membership test: add_var_to_array_no_dup	} else if (OB_FAIL(add_var_to_array_no_dup(produced_trans_exprs_,
src/sql/optimizer/ob_log_del_upd.cpp	477	ObLogDelUpd::find_trans_info_producer	IR pointer == IR pointer	if (static_cast<ObLogTableScan *>(producer)->get_trans_info_expr() == index_dml_info->trans_info_expr_) {
src/sql/optimizer/ob_log_del_upd.cpp	538	ObLogDelUpd::inner_get_op_exprs	pointer membership test: append_array_no_dup	} else if (OB_FAIL(append_array_no_dup(all_exprs, produced_trans_exprs_))) {
src/sql/optimizer/ob_log_del_upd.cpp	575	ObLogDelUpd::get_table_columns_exprs	pointer membership test: append_array_no_dup	} else if (OB_FAIL(append_array_no_dup(all_exprs, index_dml_info->column_convert_exprs_))) {
src/sql/optimizer/ob_log_del_upd.cpp	577	ObLogDelUpd::get_table_columns_exprs	pointer membership test: append_array_no_dup	} else if (OB_FAIL(append_array_no_dup(all_exprs, dml_columns))) {
src/sql/optimizer/ob_log_del_upd.cpp	578	ObLogDelUpd::get_table_columns_exprs	pointer membership test: append_array_no_dup	} else if (OB_FAIL(append_array_no_dup(all_exprs, dml_values))) {
src/sql/optimizer/ob_log_del_upd.cpp	579	ObLogDelUpd::get_table_columns_exprs	pointer membership test: append_array_no_dup	} else if (OB_FAIL(append_array_no_dup(all_exprs, index_dml_info->ck_cst_exprs_))) {
src/sql/optimizer/ob_log_del_upd.cpp	597	ObLogDelUpd::get_table_columns_exprs	pointer membership test: add_var_to_array_no_dup	OB_FAIL(add_var_to_array_no_dup(all_exprs, column_expr->get_dependant_expr()))) {
src/sql/optimizer/ob_log_del_upd.cpp	1329	ObLogDelUpd::is_dml_fixed_expr	pointer membership test: ObOptimizerUtil::find_item	is_fixed = ObOptimizerUtil::find_item(index_dml_info->column_exprs_, expr);
src/sql/optimizer/ob_log_distinct.cpp	102	ObLogDistinct::get_distinct_output_exprs	pointer membership test: append_array_no_dup	} else if (OB_FAIL(append_array_no_dup(candi_exprs, plan->get_select_item_exprs_for_width_est()))) {
src/sql/optimizer/ob_log_distinct.cpp	103	ObLogDistinct::get_distinct_output_exprs	pointer membership test: append_array_no_dup	} else if (OB_FAIL(append_array_no_dup(candi_exprs, plan->get_orderby_exprs_for_width_est()))) {
src/sql/optimizer/ob_log_distinct.cpp	107	ObLogDistinct::get_distinct_output_exprs	pointer membership test: append_array_no_dup	} else if (OB_FAIL(append_array_no_dup(output_exprs, extracted_col_aggr_winfunc_exprs))) {
src/sql/optimizer/ob_log_exchange.cpp	553	ObLogExchange::get_op_exprs	pointer membership test: append_array_no_dup	} else if (OB_FAIL(append_array_no_dup(all_exprs, repartition_sub_keys_))) {
src/sql/optimizer/ob_log_exchange.cpp	562	ObLogExchange::get_op_exprs	pointer membership test: add_var_to_array_no_dup	} else if (OB_FAIL(add_var_to_array_no_dup(all_exprs, hash_dist_exprs_.at(i).expr_))) {
src/sql/optimizer/ob_log_exchange.cpp	569	ObLogExchange::get_op_exprs	pointer membership test: add_var_to_array_no_dup	} else if (OB_FAIL(add_var_to_array_no_dup(all_exprs, sort_keys_.at(i).expr_))) {
src/sql/optimizer/ob_log_exchange.cpp	907	ObLogExchange::is_my_fixed_expr	IR pointer == IR pointer	is_fixed = expr == calc_part_id_expr_ ||
src/sql/optimizer/ob_log_exchange.cpp	908	ObLogExchange::is_my_fixed_expr	IR pointer == IR pointer	expr == partition_id_expr_ ||
src/sql/optimizer/ob_log_exchange.cpp	909	ObLogExchange::is_my_fixed_expr	IR pointer == IR pointer	expr == ddl_slice_id_expr_ ||
src/sql/optimizer/ob_log_exchange.cpp	910	ObLogExchange::is_my_fixed_expr	IR pointer == IR pointer	expr == random_expr_ ||
src/sql/optimizer/ob_log_exchange.cpp	916	ObLogExchange::is_my_fixed_expr	IR pointer == IR pointer	is_fixed = expr == hash_dist_exprs_.at(i).expr_;
src/sql/optimizer/ob_log_expand.cpp	41	ObLogExpand::get_plan_item_info	pointer membership test: append_array_no_dup	if (OB_FAIL(append_array_no_dup(uniq_rollup_exprs, hash_rollup_info_->expand_exprs_))) {
src/sql/optimizer/ob_log_expand.cpp	151	ObLogExpand::get_op_exprs	pointer membership test: append_array_no_dup	} else if (OB_FAIL(append_array_no_dup(all_exprs, hash_rollup_info_->expand_exprs_))) {
src/sql/optimizer/ob_log_expand.cpp	171	ObLogExpand::is_my_fixed_expr	IR pointer == IR pointer	is_fixed = (expr == hash_rollup_info_->rollup_grouping_id_);
src/sql/optimizer/ob_log_expand.cpp	173	ObLogExpand::is_my_fixed_expr	IR pointer == unresolved pointer	is_fixed = (expr == hash_rollup_info_->expand_exprs_.at(i));
src/sql/optimizer/ob_log_expand.cpp	176	ObLogExpand::is_my_fixed_expr	IR pointer == unresolved pointer	is_fixed = (expr == hash_rollup_info_->dup_expr_pairs_.at(i).element<1>());
src/sql/optimizer/ob_log_expand.cpp	194	ObLogExpand::dup_and_replace_exprs_within_aggrs	pointer membership test: append_array_no_dup	} else if (OB_FAIL(append_array_no_dup(uniq_expand_exprs, rollup_exprs))) {
src/sql/optimizer/ob_log_expand.cpp	239	ObLogExpand::find_expr	IR pointer == IR pointer	} else if (root == expected) {
src/sql/optimizer/ob_log_expand.cpp	243	ObLogExpand::find_expr	pointer membership test: find_expr	ret = SMART_CALL(find_expr(root->get_param_expr(i), expected, found));
src/sql/optimizer/ob_log_expand.cpp	254	ObLogExpand::find_expr_within_aggr_item	pointer membership test: find_expr	ret = find_expr(real_param_exprs.at(i), expected, found);
src/sql/optimizer/ob_log_expand.cpp	261	ObLogExpand::find_expr_within_aggr_item	pointer membership test: find_expr	ret = find_expr(aggr_item->get_order_items().at(i).expr_, expected, found);
src/sql/optimizer/ob_log_expand.cpp	269	ObLogExpand::replace_expr	IR pointer == IR pointer	if (root == from) { root = to; }
src/sql/optimizer/ob_log_expand.cpp	344	ObLogExpand::compute_const_exprs	pointer membership test: has_exist_in_array	if (has_exist_in_array(hash_rollup_info_->expand_exprs_, child_const_exprs.at(i))) {
src/sql/optimizer/ob_log_expr_values.cpp	348	ObLogExprValues::allocate_expr_post	IR pointer != IR pointer	} else if (OB_UNLIKELY(value_desc_.at(i) != column_exprs.at(0))) {
src/sql/optimizer/ob_log_expr_values.cpp	502	ObLogExprValues::is_my_fixed_expr	pointer membership test: ObOptimizerUtil::find_item	is_fixed = ObOptimizerUtil::find_item(value_desc_, expr);
src/sql/optimizer/ob_log_function_table.cpp	66	ObLogFunctionTable::allocate_expr_post	pointer membership test: add_var_to_array_no_dup	} else if (!is_plan_root() && OB_FAIL(add_var_to_array_no_dup(output_exprs_, value_col))) {
src/sql/optimizer/ob_log_function_table.cpp	112	ObLogFunctionTable::is_my_fixed_expr	pointer membership test: ObOptimizerUtil::find_item	is_fixed = ObOptimizerUtil::find_item(access_exprs_, expr);
src/sql/optimizer/ob_log_granule_iterator.cpp	261	ObLogGranuleIterator::is_rescanable	IR pointer == unresolved pointer	&& log_join->get_child(second_child) == child_op
src/sql/optimizer/ob_log_granule_iterator.cpp	271	ObLogGranuleIterator::is_rescanable	IR pointer != unresolved pointer	if (parent_op->get_child(i) != child_op) {
src/sql/optimizer/ob_log_granule_iterator.cpp	327	ObLogGranuleIterator::check_exist_deadlock_condition	IR pointer == unresolved pointer	if (parent_op->get_child(i) == op) {
src/sql/optimizer/ob_log_group_by.cpp	99	ObLogGroupBy::get_op_exprs	pointer membership test: append_array_no_dup	} else if (OB_FAIL(append_array_no_dup(all_exprs, rollup_exprs_))) {
src/sql/optimizer/ob_log_group_by.cpp	365	ObLogGroupBy::get_gby_output_exprs	pointer membership test: append_array_no_dup	} else if (OB_FAIL(append_array_no_dup(candi_exprs, plan->get_winfunc_exprs_for_width_est()))) {
src/sql/optimizer/ob_log_group_by.cpp	366	ObLogGroupBy::get_gby_output_exprs	pointer membership test: append_array_no_dup	} else if (OB_FAIL(append_array_no_dup(candi_exprs, plan->get_select_item_exprs_for_width_est()))) {
src/sql/optimizer/ob_log_group_by.cpp	367	ObLogGroupBy::get_gby_output_exprs	pointer membership test: append_array_no_dup	} else if (OB_FAIL(append_array_no_dup(candi_exprs, plan->get_orderby_exprs_for_width_est()))) {
src/sql/optimizer/ob_log_group_by.cpp	370	ObLogGroupBy::get_gby_output_exprs	pointer membership test: append_array_no_dup	} else if (OB_FAIL(append_array_no_dup(output_exprs, extracted_col_or_aggr_exprs))) {
src/sql/optimizer/ob_log_group_by.cpp	588	ObLogGroupBy::compute_op_ordering	IR pointer == IR pointer	child->get_op_ordering().at(i).expr_ == group_exprs_.at(i)) {
src/sql/optimizer/ob_log_group_by.cpp	706	ObLogGroupBy::set_three_stage_info	pointer membership test: ObOptimizerUtil::find_item	} else if (!ObOptimizerUtil::find_item(group_exprs_,
src/sql/optimizer/ob_log_group_by.cpp	721	ObLogGroupBy::is_my_fixed_expr	pointer membership test: ObOptimizerUtil::find_item	is_fixed = ObOptimizerUtil::find_item(aggr_exprs_, expr) ||
src/sql/optimizer/ob_log_group_by.cpp	722	ObLogGroupBy::is_my_fixed_expr	pointer membership test: ObOptimizerUtil::find_item	ObOptimizerUtil::find_item(rollup_exprs_, expr) ||
src/sql/optimizer/ob_log_group_by.cpp	723	ObLogGroupBy::is_my_fixed_expr	IR pointer == IR pointer	expr == three_stage_info_.aggr_code_expr_ ||
src/sql/optimizer/ob_log_insert.cpp	286	ObLogInsert::get_constraint_info_exprs	pointer membership test: append_array_no_dup	} else if (OB_FAIL(append_array_no_dup(all_exprs, temp_exprs))) {
src/sql/optimizer/ob_log_join.cpp	74	ObLogJoin::get_op_exprs	pointer membership test: append_array_no_dup	} else if (OB_FAIL(append_array_no_dup(all_exprs, join_filters_))) {
src/sql/optimizer/ob_log_join.cpp	1036	ObLogJoin::is_my_exec_expr	pointer membership test: ObOptimizerUtil::find_item	return ObOptimizerUtil::find_item(nl_params_, expr);
src/sql/optimizer/ob_log_join.cpp	1067	ObLogJoin::allocate_startup_expr_post	pointer membership test: ObOptimizerUtil::append_exprs_no_dup (pointer identity, then same_as)	if (OB_FAIL(ObOptimizerUtil::append_exprs_no_dup(get_startup_exprs(), new_startup_exprs))) {
src/sql/optimizer/ob_log_json_table.cpp	55	ObLogJsonTable::allocate_expr_post	pointer membership test: add_var_to_array_no_dup	} else if (!is_plan_root() && OB_FAIL(add_var_to_array_no_dup(output_exprs_, value_col))) {
src/sql/optimizer/ob_log_plan.cpp	662	ObLogPlan::pre_process_quals	pointer membership test: ObOptimizerUtil::find_item	if (ObOptimizerUtil::find_item(push_subq_exprs_, qual)) {
src/sql/optimizer/ob_log_plan.cpp	937	ObLogPlan::init_width_estimation_info	pointer membership test: append_array_no_dup	if (OB_FAIL(append_array_no_dup(groupby_rollup_exprs_, select_stmt->get_group_exprs()))) {
src/sql/optimizer/ob_log_plan.cpp	938	ObLogPlan::init_width_estimation_info	pointer membership test: append_array_no_dup	} else if (OB_FAIL(append_array_no_dup(groupby_rollup_exprs_, select_stmt->get_rollup_exprs()))) {
src/sql/optimizer/ob_log_plan.cpp	939	ObLogPlan::init_width_estimation_info	pointer membership test: append_array_no_dup	} else if (OB_FAIL(append_array_no_dup(having_exprs_, select_stmt->get_having_exprs()))) {
src/sql/optimizer/ob_log_plan.cpp	952	ObLogPlan::init_width_estimation_info	pointer membership test: add_var_to_array_no_dup	} else if (OB_FAIL(add_var_to_array_no_dup(winfunc_exprs_, partition_by_expr))) {
src/sql/optimizer/ob_log_plan.cpp	959	ObLogPlan::init_width_estimation_info	pointer membership test: add_var_to_array_no_dup	} else if (OB_FAIL(add_var_to_array_no_dup(winfunc_exprs_, orderby_item.expr_))) {
src/sql/optimizer/ob_log_plan.cpp	971	ObLogPlan::init_width_estimation_info	pointer membership test: add_var_to_array_no_dup	} else if (OB_FAIL(add_var_to_array_no_dup(select_item_exprs_, select_item.expr_))) {
src/sql/optimizer/ob_log_plan.cpp	985	ObLogPlan::init_width_estimation_info	pointer membership test: add_var_to_array_no_dup	} else if (OB_FAIL(add_var_to_array_no_dup(orderby_exprs_, orderby_item.expr_))) {
src/sql/optimizer/ob_log_plan.cpp	1956	ObLogPlan::inner_remove_redundancy_pred	IR pointer != IR pointer	cur_expr->get_param_expr(0) != cur_expr->get_param_expr(1)) {
src/sql/optimizer/ob_log_plan.cpp	2180	ObLogPlan::get_subplan	IR pointer == IR pointer	} else if (get_subplans().at(i)->init_expr_ == expr) {
src/sql/optimizer/ob_log_plan.cpp	2888	ObLogPlan::get_join_path_keys	pointer membership test: append_array_no_dup	} else if (OB_FAIL(append_array_no_dup(conditions, join_path.right_path_->pushdown_filters_))) {
src/sql/optimizer/ob_log_plan.cpp	3560	ObLogPlan::init_candidate_plans	pointer membership test: append_array_no_dup	} else if (OB_FAIL(append_array_no_dup(root->get_startup_exprs(),
src/sql/optimizer/ob_log_plan.cpp	4210	ObLogPlan::perform_group_by_pushdown	IR pointer == unresolved pointer	if (group_replaced_exprs_.at(k).first == from) {
src/sql/optimizer/ob_log_plan.cpp	4244	ObLogPlan::try_to_generate_pullup_aggr	IR pointer != unresolved pointer	if (group_replaced_exprs_.at(i).first != old_aggr) {
src/sql/optimizer/ob_log_plan.cpp	4842	ObLogPlan::get_three_stage_groupby_number_of_copies	IR pointer == IR pointer	find = distinct_aggrs.at(j)->get_param_expr(k) == aggr->get_param_expr(k);
src/sql/optimizer/ob_log_plan.cpp	7315	ObLogPlan::generate_subplan_filter_info	pointer membership test: append_array_no_dup	} else if (OB_FAIL(append_array_no_dup(onetime_query_refs, tmp))) {
src/sql/optimizer/ob_log_plan.cpp	7316	ObLogPlan::generate_subplan_filter_info	pointer membership test: append_array_no_dup	} else if (OB_FAIL(append_array_no_dup(candi_query_refs, tmp))) {
src/sql/optimizer/ob_log_plan.cpp	7338	ObLogPlan::generate_subplan_filter_info	pointer membership test: ObOptimizerUtil::find_item	if (ObOptimizerUtil::find_item(onetime_query_refs, candi_query_refs.at(i))) {
src/sql/optimizer/ob_log_plan.cpp	7581	ObLogPlan::compute_subplan_filter_random_shuffle_info	pointer membership test: add_var_to_array_no_dup	if (OB_FAIL(add_var_to_array_no_dup(exec_raw_params, params.at(i)->get_ref_expr()))) {
src/sql/optimizer/ob_log_plan.cpp	7801	ObLogPlan::get_subplan_filter_normal_equal_keys	IR pointer == IR pointer	} else if (child->get_plan()->get_stmt() == right_stmt) {
src/sql/optimizer/ob_log_plan.cpp	8157	ObLogPlan::init_onetime_subquery_info	pointer membership test: ObOptimizerUtil::find_item	} else if (ObOptimizerUtil::find_item(func_table_exprs, expr)) {
src/sql/optimizer/ob_log_plan.cpp	8159	ObLogPlan::init_onetime_subquery_info	pointer membership test: ObOptimizerUtil::find_item	} else if (ObOptimizerUtil::find_item(json_table_exprs, expr)) {
src/sql/optimizer/ob_log_plan.cpp	8264	ObLogPlan::create_onetime_param	pointer membership test: ObOptimizerUtil::find_item	} else if (ObOptimizerUtil::find_item(onetime_query_refs_, expr)) {
src/sql/optimizer/ob_log_plan.cpp	8266	ObLogPlan::create_onetime_param	pointer membership test: ObOptimizerUtil::find_item	} else if (ObOptimizerUtil::find_item(onetime_list, expr)) {
src/sql/optimizer/ob_log_plan.cpp	8302	ObLogPlan::extract_onetime_exprs	pointer membership test: ObOptimizerUtil::find_item	if (!ObOptimizerUtil::find_item(onetime_query_refs_, expr, &idx)) {
src/sql/optimizer/ob_log_plan.cpp	8313	ObLogPlan::extract_onetime_exprs	pointer membership test: ObOptimizerUtil::find_item	bool has_exists = ObOptimizerUtil::find_item(get_onetime_exprs(), exec_param);
src/sql/optimizer/ob_log_plan.cpp	9645	ObLogPlan::gen_das_table_location_info	pointer membership test: append_array_no_dup	} else if (OB_FAIL(append_array_no_dup(all_filters, table_scan->get_range_conditions()))) {
src/sql/optimizer/ob_log_plan.cpp	9646	ObLogPlan::gen_das_table_location_info	pointer membership test: append_array_no_dup	} else if (OB_FAIL(append_array_no_dup(all_filters, table_scan->get_filter_exprs()))) {
src/sql/optimizer/ob_log_plan.cpp	10317	ObLogPlan::add_subquery_filter	pointer membership test: ObOptimizerUtil::is_subset	} else if (!ObOptimizerUtil::is_subset(onetime_exprs, onetime_params_)) {
src/sql/optimizer/ob_log_plan.cpp	10648	ObLogPlan::get_part_column_exprs	pointer membership test: append_array_no_dup	} else if (OB_FAIL(append_array_no_dup(part_exprs, temp_exprs))) {
src/sql/optimizer/ob_log_plan.cpp	11975	ObLogPlan::prepare_text_retrieval_scan	IR pointer != unresolved pointer	} else if (OB_UNLIKELY(match_against != static_cast<ObMatchFunRawExpr *>(scan_match_exprs.at(0)))) {
src/sql/optimizer/ob_log_plan.cpp	11997	ObLogPlan::prepare_text_retrieval_scan	IR pointer != IR pointer	if (curr_filter != match_pred) {
src/sql/optimizer/ob_log_plan.cpp	12060	ObLogPlan::prepare_text_retrieval_match_score	IR pointer == IR pointer	} else if (prev_match_expr == curr_match_expr && FALSE_IT(column_boost_idx = column_boost_idx + 1)) {
src/sql/optimizer/ob_log_plan.cpp	12061	ObLogPlan::prepare_text_retrieval_match_score	IR pointer != IR pointer	} else if (prev_match_expr != curr_match_expr && FALSE_IT(column_boost_idx = 0)) {
src/sql/optimizer/ob_log_plan.cpp	12684	ObLogPlan::try_push_topn_into_text_retrieval_scan	IR pointer == IR pointer	sort_keys.at(0).expr_ == table_scan->get_text_retrieval_info().match_expr_) {
src/sql/optimizer/ob_log_plan.h	1234	ObLogPlan::is_final_root_plan	IR pointer == IR pointer	static_cast<const ObExplainStmt*>(root_stmt)->get_explain_query_stmt() == stmt_)
src/sql/optimizer/ob_log_plan.h	1235	ObLogPlan::is_final_root_plan	IR pointer == IR pointer	|| stmt_ == root_stmt);
src/sql/optimizer/ob_log_set.cpp	740	ObLogSet::construct_pq_set_hint	IR pointer == IR pointer	|| stmt->get_set_query(0) == left_stmt) {
src/sql/optimizer/ob_log_set.cpp	837	ObLogSet::is_my_fixed_expr	pointer membership test: ObOptimizerUtil::find_item	is_fixed = ObOptimizerUtil::find_item(set_exprs, expr);
src/sql/optimizer/ob_log_sort.cpp	302	ObLogSort::get_sort_output_exprs	pointer membership test: append_array_no_dup	} else if (OB_FAIL(append_array_no_dup(candi_exprs, plan->get_select_item_exprs_for_width_est()))) {
src/sql/optimizer/ob_log_sort.cpp	305	ObLogSort::get_sort_output_exprs	pointer membership test: append_array_no_dup	} else if (OB_FAIL(append_array_no_dup(output_exprs, extracted_col_aggr_winfunc_exprs))) {
src/sql/optimizer/ob_log_sort.cpp	489	ObLogSort::is_my_fixed_expr	IR pointer == IR pointer	} else if (T_FUN_SYS_ENCODE_SORTKEY == expr->get_expr_type() || expr == hash_sortkey_.expr_) {
src/sql/optimizer/ob_log_subplan_filter.cpp	72	ObLogSubPlanFilter::extract_exist_style_subquery_exprs	pointer membership test: ObOptimizerUtil::find_item	} else if (ObOptimizerUtil::find_item(subquery_exprs_, param_expr) &&
src/sql/optimizer/ob_log_subplan_filter.cpp	79	ObLogSubPlanFilter::extract_exist_style_subquery_exprs	pointer membership test: ObOptimizerUtil::find_item	} else if ((ObOptimizerUtil::find_item(subquery_exprs_, expr->get_param_expr(0)) ||
src/sql/optimizer/ob_log_subplan_filter.cpp	80	ObLogSubPlanFilter::extract_exist_style_subquery_exprs	pointer membership test: ObOptimizerUtil::find_item	ObOptimizerUtil::find_item(subquery_exprs_, expr->get_param_expr(1))) &&
src/sql/optimizer/ob_log_subplan_filter.cpp	114	ObLogSubPlanFilter::check_expr_contain_row_subquery	pointer membership test: ObOptimizerUtil::find_item	ObOptimizerUtil::find_item(subquery_exprs_, temp_expr)) {
src/sql/optimizer/ob_log_subplan_filter.cpp	127	ObLogSubPlanFilter::is_my_exec_expr	pointer membership test: ObOptimizerUtil::find_item	return ObOptimizerUtil::find_item(exec_params_, expr) || is_my_onetime_expr(expr);
src/sql/optimizer/ob_log_subplan_filter.cpp	132	ObLogSubPlanFilter::is_my_onetime_expr	pointer membership test: ObOptimizerUtil::find_item	return ObOptimizerUtil::find_item(onetime_exprs_, expr);
src/sql/optimizer/ob_log_subplan_filter.cpp	515	ObLogSubPlanFilter::replace_nested_subquery_exprs	pointer membership test: ObOptimizerUtil::find_item	if (ObOptimizerUtil::find_item(plan->get_onetime_query_refs(), expr)) {
src/sql/optimizer/ob_log_subplan_filter.cpp	518	ObLogSubPlanFilter::replace_nested_subquery_exprs	IR pointer == IR pointer	} else if (expr == subquery_exprs_.at(i)) {
src/sql/optimizer/ob_log_subplan_filter.cpp	561	ObLogSubPlanFilter::allocate_startup_expr_post	pointer membership test: ObOptimizerUtil::append_exprs_no_dup (pointer identity, then same_as)	if (OB_FAIL(ObOptimizerUtil::append_exprs_no_dup(get_startup_exprs(), new_startup_exprs))) {
src/sql/optimizer/ob_log_subplan_filter.cpp	572	ObLogSubPlanFilter::is_my_fixed_expr	pointer membership test: ObOptimizerUtil::find_item	is_fixed = ObOptimizerUtil::find_item(subquery_exprs_, expr);
src/sql/optimizer/ob_log_subplan_filter.cpp	845	ObLogSubPlanFilter::print_push_subq_used_hint	pointer membership test: ObOptimizerUtil::find_item	&& ObOptimizerUtil::find_item(pushed_subq_stmts, child_stmt))
src/sql/optimizer/ob_log_subplan_filter.cpp	847	ObLogSubPlanFilter::print_push_subq_used_hint	pointer membership test: ObOptimizerUtil::find_item	&& !ObOptimizerUtil::find_item(pushed_subq_stmts, child_stmt))) {
src/sql/optimizer/ob_log_subplan_filter.cpp	865	ObLogSubPlanFilter::need_compare_batch_rescan	IR pointer != IR pointer	} else if (op1->get_op_below_exchange() != op2->get_op_below_exchange()) {
src/sql/optimizer/ob_log_subplan_scan.cpp	138	ObLogSubPlanScan::check_output_dependance	pointer membership test: append_array_no_dup	} else if (OB_FAIL(append_array_no_dup(exprs, output_exprs_))) {
src/sql/optimizer/ob_log_subplan_scan.cpp	147	ObLogSubPlanScan::is_my_fixed_expr	pointer membership test: ObOptimizerUtil::find_item	is_fixed = ObOptimizerUtil::find_item(access_exprs_, expr);
src/sql/optimizer/ob_log_table_scan.cpp	273	ObLogTableScan::get_op_exprs	pointer membership test: append_array_no_dup	} else if (use_index_merge() && OB_FAIL(append_array_no_dup(all_exprs, full_filters_))) {
src/sql/optimizer/ob_log_table_scan.cpp	353	ObLogTableScan::check_output_dependance	pointer membership test: append_array_no_dup	} else if (OB_FAIL(append_array_no_dup(exprs, output_exprs_))) {
src/sql/optimizer/ob_log_table_scan.cpp	354	ObLogTableScan::check_output_dependance	pointer membership test: append_array_no_dup	} else if (OB_FAIL(append_array_no_dup(exprs, rowkey_exprs_))) {
src/sql/optimizer/ob_log_table_scan.cpp	355	ObLogTableScan::check_output_dependance	pointer membership test: append_array_no_dup	} else if (OB_FAIL(append_array_no_dup(exprs, part_exprs_))) {
src/sql/optimizer/ob_log_table_scan.cpp	356	ObLogTableScan::check_output_dependance	pointer membership test: append_array_no_dup	} else if (OB_FAIL(append_array_no_dup(exprs, spatial_exprs_))) {
src/sql/optimizer/ob_log_table_scan.cpp	358	ObLogTableScan::check_output_dependance	pointer membership test: add_var_to_array_no_dup	&& OB_FAIL(add_var_to_array_no_dup(exprs, group_id_expr_))) {
src/sql/optimizer/ob_log_table_scan.cpp	361	ObLogTableScan::check_output_dependance	pointer membership test: add_var_to_array_no_dup	OB_FAIL(add_var_to_array_no_dup(exprs, trans_info_expr_))) {
src/sql/optimizer/ob_log_table_scan.cpp	494	ObLogTableScan::generate_access_exprs	pointer membership test: append_array_no_dup	} else if (OB_FAIL(append_array_no_dup(access_exprs_, rowkey_exprs_))) {
src/sql/optimizer/ob_log_table_scan.cpp	495	ObLogTableScan::generate_access_exprs	pointer membership test: append_array_no_dup	} else if (OB_FAIL(append_array_no_dup(access_exprs_, part_exprs_))) {
src/sql/optimizer/ob_log_table_scan.cpp	496	ObLogTableScan::generate_access_exprs	pointer membership test: append_array_no_dup	} else if (is_spatial_index_ && OB_FAIL(append_array_no_dup(access_exprs_, spatial_exprs_))) {
src/sql/optimizer/ob_log_table_scan.cpp	497	ObLogTableScan::generate_access_exprs	pointer membership test: append_array_no_dup	} else if (OB_FAIL(append_array_no_dup(access_exprs_, domain_exprs_))) {
src/sql/optimizer/ob_log_table_scan.cpp	500	ObLogTableScan::generate_access_exprs	pointer membership test: append_array_no_dup	} else if (OB_FAIL(append_array_no_dup(access_exprs_, temp_exprs))) {
src/sql/optimizer/ob_log_table_scan.cpp	519	ObLogTableScan::generate_access_exprs	pointer membership test: append_array_no_dup	} else if (OB_FAIL(append_array_no_dup(access_exprs_, temp_exprs))) {
src/sql/optimizer/ob_log_table_scan.cpp	525	ObLogTableScan::generate_access_exprs	pointer membership test: append_array_no_dup	} else if (OB_FAIL(append_array_no_dup(access_exprs_, column_exprs))) {
src/sql/optimizer/ob_log_table_scan.cpp	803	ObLogTableScan::extract_virtual_gen_access_exprs	pointer membership test: append_array_no_dup	} else if (OB_FAIL(append_array_no_dup(access_exprs, filter_columns))) {
src/sql/optimizer/ob_log_table_scan.cpp	808	ObLogTableScan::extract_virtual_gen_access_exprs	pointer membership test: append_array_no_dup	if (OB_FAIL(append_array_no_dup(access_exprs, get_rowkey_exprs()))) {
src/sql/optimizer/ob_log_table_scan.cpp	809	ObLogTableScan::extract_virtual_gen_access_exprs	pointer membership test: append_array_no_dup	} else if (OB_FAIL(append_array_no_dup(access_exprs, get_part_exprs()))) {
src/sql/optimizer/ob_log_table_scan.cpp	811	ObLogTableScan::extract_virtual_gen_access_exprs	pointer membership test: add_var_to_array_no_dup	&& OB_FAIL(add_var_to_array_no_dup(access_exprs,
src/sql/optimizer/ob_log_table_scan.cpp	823	ObLogTableScan::extract_virtual_gen_access_exprs	pointer membership test: add_var_to_array_no_dup	if (OB_FAIL(add_var_to_array_no_dup(tmp_access_exprs, expr))) {
src/sql/optimizer/ob_log_table_scan.cpp	920	ObLogTableScan::get_mbr_column_exprs	pointer membership test: append_array_no_dup	} else if (OB_FAIL(append_array_no_dup(mbr_exprs, temp_exprs))) {
src/sql/optimizer/ob_log_table_scan.cpp	1170	ObLogTableScan::set_index_table_scan_filters	IR pointer == IR pointer	if (scan_pushdown_filters.at(i) == range_exprs.at(j)) {
src/sql/optimizer/ob_log_table_scan.cpp	1229	ObLogTableScan::pick_out_query_range_exprs	IR pointer == IR pointer	if (filter_exprs.at(i) == range_exprs.at(j)) {
src/sql/optimizer/ob_log_table_scan.cpp	2655	ObLogTableScan::print_match_annotation	IR pointer == IR pointer	if (match_exprs.at(j) == match_expr) {
src/sql/optimizer/ob_log_table_scan.cpp	4054	ObLogTableScan::get_filter_monotonicity	IR pointer == IR pointer	if (filter == filter_monotonicity_.at(i).filter_expr_ &&
src/sql/optimizer/ob_log_table_scan.cpp	4055	ObLogTableScan::get_filter_monotonicity	IR pointer == IR pointer	col_expr == filter_monotonicity_.at(i).col_expr_ &&
src/sql/optimizer/ob_log_table_scan.cpp	4464	ObLogTableScan::try_adjust_scan_direction	IR pointer == IR pointer	if (path_order.expr_ == first_sortkey.expr_) {
src/sql/optimizer/ob_log_temp_table_access.cpp	71	ObLogTempTableAccess::allocate_expr_post	pointer membership test: add_var_to_array_no_dup	} else if (!is_plan_root() && OB_FAIL(add_var_to_array_no_dup(output_exprs_, expr))) {
src/sql/optimizer/ob_log_topk.cpp	76	ObLogTopk::get_topk_output_exprs	pointer membership test: append_array_no_dup	} else if (OB_FAIL(append_array_no_dup(candi_exprs, plan->get_select_item_exprs_for_width_est()))) {
src/sql/optimizer/ob_log_topk.cpp	79	ObLogTopk::get_topk_output_exprs	pointer membership test: append_array_no_dup	} else if (OB_FAIL(append_array_no_dup(output_exprs, extracted_col_aggr_winfunc_exprs))) {
src/sql/optimizer/ob_log_values_table_access.cpp	212	ObLogValuesTableAccess::is_my_fixed_expr	pointer membership test: ObOptimizerUtil::find_item	is_fixed = ObOptimizerUtil::find_item(column_exprs_, expr);
src/sql/optimizer/ob_log_window_function.cpp	255	ObLogWindowFunction::get_winfunc_output_exprs	pointer membership test: append_array_no_dup	} else if (OB_FAIL(append_array_no_dup(candi_exprs, plan->get_select_item_exprs_for_width_est()))) {
src/sql/optimizer/ob_log_window_function.cpp	256	ObLogWindowFunction::get_winfunc_output_exprs	pointer membership test: append_array_no_dup	} else if (OB_FAIL(append_array_no_dup(candi_exprs, plan->get_orderby_exprs_for_width_est()))) {
src/sql/optimizer/ob_log_window_function.cpp	259	ObLogWindowFunction::get_winfunc_output_exprs	pointer membership test: append_array_no_dup	} else if (OB_FAIL(append_array_no_dup(output_exprs, extracted_col_aggr_winfunc_exprs))) {
src/sql/optimizer/ob_log_window_function.cpp	598	ObLogWindowFunction::inner_replace_op_exprs	IR pointer == IR pointer	} else if (win_expr == win_exprs_.at(i)) {
src/sql/optimizer/ob_log_window_function.cpp	626	ObLogWindowFunction::is_my_fixed_expr	IR pointer == IR pointer	is_fixed = ObOptimizerUtil::find_item(win_exprs_, expr) || expr == wf_aggr_status_expr_;
src/sql/optimizer/ob_log_window_function.cpp	626	ObLogWindowFunction::is_my_fixed_expr	pointer membership test: ObOptimizerUtil::find_item	is_fixed = ObOptimizerUtil::find_item(win_exprs_, expr) || expr == wf_aggr_status_expr_;
src/sql/optimizer/ob_logical_operator.cpp	255	ObAllocExprContext::find	pointer cast to integer used as a key	} else if (OB_FAIL(expr_map_.get_refactored(reinterpret_cast<uint64_t>(expr),
src/sql/optimizer/ob_logical_operator.cpp	262	ObAllocExprContext::find	IR pointer != IR pointer	OB_UNLIKELY(expr != expr_producers_.at(idx).expr_)) {
src/sql/optimizer/ob_logical_operator.cpp	276	ObAllocExprContext::add	pointer cast to integer used as a key	} else if (OB_FAIL(expr_map_.set_refactored(reinterpret_cast<uint64_t>(producer.expr_),
src/sql/optimizer/ob_logical_operator.cpp	287	ObAllocExprContext::add_flattern_expr	pointer cast to integer used as a key	if (OB_FAIL(flattern_expr_map_.get_refactored(reinterpret_cast<uint64_t>(expr),
src/sql/optimizer/ob_logical_operator.cpp	292	ObAllocExprContext::add_flattern_expr	pointer cast to integer used as a key	if (OB_FAIL(flattern_expr_map_.set_refactored(reinterpret_cast<uint64_t>(expr),
src/sql/optimizer/ob_logical_operator.cpp	299	ObAllocExprContext::add_flattern_expr	pointer cast to integer used as a key	} else if (OB_FAIL(flattern_expr_map_.set_refactored(reinterpret_cast<uint64_t>(expr),
src/sql/optimizer/ob_logical_operator.cpp	313	ObAllocExprContext::get_expr_ref_cnt	pointer cast to integer used as a key	if (OB_FAIL(flattern_expr_map_.get_refactored(reinterpret_cast<uint64_t>(expr),
src/sql/optimizer/ob_logical_operator.cpp	433	FilterCompare::get_selectivity	IR pointer == IR pointer	if (predicate_selectivities_.at(i).expr_ == expr) {
src/sql/optimizer/ob_logical_operator.cpp	1638	ObLogicalOperator::get_op_exprs	pointer membership test: append_array_no_dup	if (OB_FAIL(append_array_no_dup(all_exprs, get_filter_exprs()))) {
src/sql/optimizer/ob_logical_operator.cpp	1639	ObLogicalOperator::get_op_exprs	pointer membership test: append_array_no_dup	} else if (OB_FAIL(append_array_no_dup(all_exprs, get_startup_exprs()))) {
src/sql/optimizer/ob_logical_operator.cpp	1640	ObLogicalOperator::get_op_exprs	pointer membership test: append_array_no_dup	} else if (is_plan_root() && OB_FAIL(append_array_no_dup(all_exprs, get_output_exprs()))) {
src/sql/optimizer/ob_logical_operator.cpp	1773	ObLogicalOperator::add_expr_to_ctx	pointer membership test: ObOptimizerUtil::find_item	if (ObOptimizerUtil::find_item(shared_exprs, expr)) {
src/sql/optimizer/ob_logical_operator.cpp	1829	ObLogicalOperator::extract_non_const_exprs	pointer membership test: add_var_to_array_no_dup	} else if (OB_FAIL(add_var_to_array_no_dup(non_const_exprs, expr))) {
src/sql/optimizer/ob_logical_operator.cpp	1852	ObLogicalOperator::extract_shared_exprs	pointer membership test: add_var_to_array_no_dup	} else if (OB_FAIL(add_var_to_array_no_dup(shard_exprs, raw_expr))) {
src/sql/optimizer/ob_logical_operator.cpp	1855	ObLogicalOperator::extract_shared_exprs	pointer membership test: ObOptimizerUtil::find_item	if (!ObOptimizerUtil::find_item(ctx.inseparable_exprs_, raw_expr) &&
src/sql/optimizer/ob_logical_operator.cpp	2040	ObLogicalOperator::allocate_expr_post	pointer membership test: add_var_to_array_no_dup	if (OB_FAIL(add_var_to_array_no_dup(output_exprs_, expr))) {
src/sql/optimizer/ob_logical_operator.cpp	2155	ObLogicalOperator::is_child_output_exprs	pointer membership test: ObOptimizerUtil::find_item	ObOptimizerUtil::find_item(get_child(i)->get_output_exprs(), expr)) {
src/sql/optimizer/ob_logical_operator.cpp	3020	ObLogicalOperator::check_output_dependance	pointer membership test: append_array_no_dup	} else if (OB_FAIL(append_array_no_dup(exprs, output_exprs_))) {
src/sql/optimizer/ob_logical_operator.cpp	3914	ObLogicalOperator::allocate_startup_expr_post	pointer membership test: ObOptimizerUtil::append_exprs_no_dup (pointer identity, then same_as)	if (OB_FAIL(ObOptimizerUtil::append_exprs_no_dup(get_startup_exprs(), new_startup_exprs))) {
src/sql/optimizer/ob_logical_operator.cpp	3953	AllocGIContext::is_op_set_pw	IR pointer == IR pointer	return pw_op_ptr_ == op_ptr;
src/sql/optimizer/ob_logical_operator.cpp	4319	ObLogicalOperator::check_can_extract_query_range_by_rf	IR pointer == IR pointer	if (join_use_expr == range_column_expr
src/sql/optimizer/ob_logical_operator.cpp	4576	ObLogicalOperator::check_sort_key_can_pushdown_to_tsc_for_gby	pointer membership test: is_contain	if (!is_contain(group_by_exprs, candidate_sk_expr)) {
src/sql/optimizer/ob_logical_operator.cpp	4612	ObLogicalOperator::check_sort_key_can_pushdown_to_tsc_for_winfunc	pointer membership test: is_contain	} else if (!is_contain(partition_exprs, candidate_sk_expr)) {
src/sql/optimizer/ob_logical_operator.cpp	4859	ObLogicalOperator::allocate_normal_join_filter	IR pointer == unresolved pointer	if (node->get_parent()->get_child(i) == node) {
src/sql/optimizer/ob_logical_operator.cpp	5443	ObLogicalOperator::collect_batch_exec_param	pointer membership test: ObOptimizerUtil::find_item	if (!ObOptimizerUtil::find_item(exec_params, param.expr_)) {
src/sql/optimizer/ob_logical_operator.cpp	5742	ObLogicalOperator::check_op_orderding_used_by_parent	IR pointer == unresolved pointer	} else if (OB_FALSE_IT(inherit_child_ordering = child == parent->get_child(inherit_child_ordering_index))) {
src/sql/optimizer/ob_opt_selectivity.cpp	90	OptSelectivityCtx::ExprDeduceInfo::add_antecedent	pointer membership test: ObOptimizerUtil::append_exprs_no_dup (pointer identity, then same_as)	return ObOptimizerUtil::append_exprs_no_dup(antecedent_, exprs);
src/sql/optimizer/ob_opt_selectivity.cpp	969	OptTableMetas::get_dynamic_expr_meta	IR pointer == IR pointer	if (expr == dynamic_expr_metas_.at(i).get_expr()) {
src/sql/optimizer/ob_opt_selectivity.cpp	1093	ObOptSelectivity::calculate_selectivity	pointer membership test: ObOptimizerUtil::append_exprs_no_dup (pointer identity, then same_as)	} else if (OB_FAIL(ObOptimizerUtil::append_exprs_no_dup(predicates, input_predicates))) {
src/sql/optimizer/ob_opt_selectivity.cpp	2757	ObOptSelectivity::check_expr_in_distinct_helper	pointer membership test: ObOptimizerUtil::find_item	found = ObOptimizerUtil::find_item(helpers.at(j).exprs_, col_expr);
src/sql/optimizer/ob_opt_selectivity.cpp	2878	ObOptSelectivity::classify_exprs	pointer membership test: add_var_to_array_no_dup	if (OB_FAIL(add_var_to_array_no_dup(special_exprs, expr))) {
src/sql/optimizer/ob_opt_selectivity.cpp	2914	ObOptSelectivity::add_expr_to_distinct_helper	pointer membership test: add_var_to_array_no_dup	if (OB_SUCC(ret) && OB_FAIL(add_var_to_array_no_dup(helper->exprs_, expr))) {
src/sql/optimizer/ob_opt_selectivity.cpp	3241	ObOptSelectivity::filter_column_by_equal_set	pointer membership test: add_var_to_array_no_dup	} else if (OB_FAIL(add_var_to_array_no_dup(filtered_exprs, filtered_expr))) {
src/sql/optimizer/ob_opt_selectivity.cpp	3272	ObOptSelectivity::get_min_ndv_by_equal_set	pointer membership test: ObOptimizerUtil::find_item	} else if (!ObOptimizerUtil::find_item(*equal_set, col_expr)) {
src/sql/optimizer/ob_opt_selectivity.cpp	3496	ObOptSelectivity::get_qual_selectivity	IR pointer == IR pointer	if (all_predicate_sel.at(i).expr_ == qual) {
src/sql/optimizer/ob_optimizer.cpp	194	ObOptimizer::get_cte_optimization_cost	IR pointer == IR pointer	} else if (cte_query == temp_table_info->table_query_) {
src/sql/optimizer/ob_optimizer.h	173	ObExprSelPair::operator==	IR pointer == IR pointer	{ return expr_ == rhs.expr_ && represent_range_exprs_ == rhs.represent_range_exprs_; }
src/sql/optimizer/ob_optimizer_context.h	617	ObOptimizerContext::get_temp_table_plan	IR pointer == IR pointer	table_query == temp_table_infos_.at(i)->table_query_) {
src/sql/optimizer/ob_optimizer_util.cpp	533	ObOptimizerUtil::is_expr_equivalent	IR pointer == IR pointer	} else if (from == to) {
src/sql/optimizer/ob_optimizer_util.cpp	577	ObOptimizerUtil::is_expr_equivalent	IR pointer == IR pointer	} else if (from == to) {
src/sql/optimizer/ob_optimizer_util.cpp	605	ObOptimizerUtil::is_sub_expr	IR pointer == IR pointer	if (sub_expr == expr) {
src/sql/optimizer/ob_optimizer_util.cpp	634	ObOptimizerUtil::is_sub_expr	IR pointer == IR pointer	} else if (sub_expr == expr) {
src/sql/optimizer/ob_optimizer_util.cpp	650	ObOptimizerUtil::is_point_based_sub_expr	IR pointer == IR pointer	} else if (sub_expr == expr) {
src/sql/optimizer/ob_optimizer_util.cpp	761	ObOptimizerUtil::is_const_expr	pointer membership test: find_item	} else if (find_item(const_exprs, expr)) {
src/sql/optimizer/ob_optimizer_util.cpp	776	ObOptimizerUtil::compute_const_exprs	pointer membership test: add_var_to_array_no_dup	} else if (OB_FAIL(add_var_to_array_no_dup(const_exprs, const_expr))) {
src/sql/optimizer/ob_optimizer_util.cpp	888	ObOptimizerUtil::get_expr_monotonicity_recursively	IR pointer == IR pointer	if (expr == var) {
src/sql/optimizer/ob_optimizer_util.cpp	1565	ObOptimizerUtil::extract_equal_exec_params	pointer membership test: find_item	if (!find_item(my_params, exec_param)) {
src/sql/optimizer/ob_optimizer_util.cpp	1578	ObOptimizerUtil::extract_equal_exec_params	pointer membership test: find_item	if (!find_item(my_params, exec_param)) {
src/sql/optimizer/ob_optimizer_util.cpp	1874	ObOptimizerUtil::get_subquery_id	IR pointer == unresolved pointer	&& upper_stmt->get_table_item(i)->ref_query_ == stmt) {
src/sql/optimizer/ob_optimizer_util.cpp	2190	ObOptimizerUtil::make_sort_keys	IR pointer == IR pointer	if (candi_sort_keys.at(i).expr_ == need_sort_exprs.at(sort_keys.count())) {
src/sql/optimizer/ob_optimizer_util.cpp	2498	ObOptimizerUtil::is_exprs_unique	pointer membership test: remove_item	} else if (OB_FAIL(remove_item(fd_set_parent_exprs, extend_exprs))) {
src/sql/optimizer/ob_optimizer_util.cpp	2599	ObOptimizerUtil::get_fd_set_parent_exprs	pointer membership test: add_var_to_array_no_dup	if (OB_FAIL(add_var_to_array_no_dup(fd_set_parent_exprs, parent_exprs->at(j)))) {
src/sql/optimizer/ob_optimizer_util.cpp	2660	ObOptimizerUtil::deduce_determined_exprs	pointer membership test: append_exprs_no_dup (pointer identity, then same_as)	if (OB_FAIL(append_exprs_no_dup(determined_exprs, expr_fd->get_child_exprs()))) {
src/sql/optimizer/ob_optimizer_util.cpp	2669	ObOptimizerUtil::deduce_determined_exprs	pointer membership test: append_exprs_no_dup (pointer identity, then same_as)	} else if (OB_FAIL(append_exprs_no_dup(determined_exprs, child_exprs))) {
src/sql/optimizer/ob_optimizer_util.cpp	2680	ObOptimizerUtil::deduce_determined_exprs	pointer membership test: add_var_to_array_no_dup	if (OB_FAIL(add_var_to_array_no_dup(determined_exprs, equal_sets.at(i)->at(j)))) {
src/sql/optimizer/ob_optimizer_util.cpp	2828	ObOptimizerUtil::enhance_fd_item_set	pointer membership test: ObOptimizerUtil::find_item	if (ObOptimizerUtil::find_item(not_null_columns, cur_expr)) {
src/sql/optimizer/ob_optimizer_util.cpp	2896	ObOptimizerUtil::try_add_fd_item	pointer membership test: ObOptimizerUtil::find_item	} else if (ObOptimizerUtil::find_item(not_null_columns, col_expr)) {
src/sql/optimizer/ob_optimizer_util.cpp	3077	ObOptimizerUtil::convert_subplan_scan_fd_parent_exprs	pointer membership test: add_var_to_array_no_dup	} else if (OB_FAIL(add_var_to_array_no_dup(output_exprs, expr))) {
src/sql/optimizer/ob_optimizer_util.cpp	3780	ObOptimizerUtil::simplify_exprs	pointer membership test: find_item	if (OB_UNLIKELY(!find_item(candi_exprs, root_exprs.at(i), &expr_idx))) {
src/sql/optimizer/ob_optimizer_util.cpp	3871	ObOptimizerUtil::simplify_ordered_exprs	pointer membership test: remove_item	} else if (OB_FAIL(remove_item(fd_set_parent_exprs, expr))) {
src/sql/optimizer/ob_optimizer_util.cpp	3983	ObOptimizerUtil::get_subplan_const_column	pointer membership test: add_var_to_array_no_dup	} else if (OB_FAIL(add_var_to_array_no_dup(output_exprs, parent_expr))) {
src/sql/optimizer/ob_optimizer_util.cpp	4025	ObOptimizerUtil::convert_subplan_scan_expr	pointer membership test: add_var_to_array_no_dup	} else if (OB_FAIL(add_var_to_array_no_dup(temp_exprs, expr))) {
src/sql/optimizer/ob_optimizer_util.cpp	5437	ObOptimizerUtil::add_cast_to_set_select_expr	IR pointer == IR pointer	} else if (src_expr == new_expr) {
src/sql/optimizer/ob_optimizer_util.cpp	6789	ObOptimizerUtil::check_exec_param_filter_exprs	pointer membership test: intersect	} else if (OB_FAIL(intersect(tmp_exec_params, filter_params, used_params))) {
src/sql/optimizer/ob_optimizer_util.cpp	6870	ObOptimizerUtil::expr_calculable_by_exprs	pointer membership test: ObOptimizerUtil::find_item	} else if (need_check_contain && ObOptimizerUtil::find_item(dst_exprs, src_expr)) {
src/sql/optimizer/ob_optimizer_util.cpp	7242	ObOptimizerUtil::find_expr_in_equal_sets	pointer membership test: find_item	} else if (find_item(*equal_sets.at(j), target_expr)) {
src/sql/optimizer/ob_px_resource_analyzer.cpp	537	LogLowestCommonAncestorFinder::find_op_common_ancestor	IR pointer == IR pointer	if (parent == ancestors.at(i)) {
src/sql/optimizer/ob_px_resource_analyzer.cpp	573	LogLowestCommonAncestorFinder::get_op_dfo	IR pointer == IR pointer	if (dfo->get_root_op() == dfo_root_op) {
src/sql/optimizer/ob_raw_expr_check_dep.cpp	29	ObRawExprCheckDep::check_expr	pointer membership test: ObOptimizerUtil::find_item	if (ObOptimizerUtil::find_item(dep_exprs_, &expr, &idx) && OB_INVALID_INDEX != idx) {
src/sql/optimizer/ob_sel_estimator.cpp	1695	ObBoolOpSelEstimator::create_estimator	IR pointer != IR pointer	} else if (eigen_expr != child_estimator->get_eigen_expr()) {
src/sql/optimizer/ob_sel_estimator.cpp	1849	ObRangeSelEstimator::merge	IR pointer == IR pointer	if (column_expr_ == est_other.column_expr_) {
src/sql/optimizer/ob_sel_estimator.cpp	2330	ObInequalJoinSelEstimator::cmp_term	IR pointer == IR pointer	if (t1.col1_ == t2.col1_ && t1.col2_ == t2.col2_) {
src/sql/optimizer/ob_sel_estimator.cpp	2337	ObInequalJoinSelEstimator::cmp_term	IR pointer == IR pointer	} else if (t1.col1_ == t2.col2_ && t1.col2_ == t2.col1_) {
src/sql/optimizer/ob_sel_estimator.cpp	2981	ObNormalRangeSelEstimator::merge	IR pointer == IR pointer	if (!other.is_not_op_ && expr_ == other.expr_ && range_.intersect(other.range_)) {
src/sql/optimizer/ob_select_log_plan.cpp	178	ObSelectLogPlan::get_groupby_rollup_exprs	pointer membership test: append_array_no_dup	} else if (OB_FAIL(append_array_no_dup(group_by_exprs, tmp_exprs))) {
src/sql/optimizer/ob_select_log_plan.cpp	2215	ObSelectLogPlan::update_set_sharding_info	pointer membership test: ObOptimizerUtil::find_item	} else if (ObOptimizerUtil::find_item(old_exprs, expr)) {
src/sql/optimizer/ob_select_log_plan.cpp	2602	ObSelectLogPlan::create_union_all_plan	IR pointer != IR pointer	} else if (OB_FALSE_IT(need_exchange = child_op != largest_op)) {
src/sql/optimizer/ob_select_log_plan.cpp	5129	ObSelectLogPlan::init_win_func_helper_with_hint	pointer membership test: ObOptimizerUtil::remove_item	} else if (OB_FAIL(ObOptimizerUtil::remove_item(remaining_exprs, current_exprs))) {
src/sql/optimizer/ob_select_log_plan.cpp	7500	ObSelectLogPlan::allocate_late_materialization_join_as_top	IR pointer == unresolved pointer	if (left_child == parent->get_child(i)) {
src/sql/optimizer/ob_select_log_plan.cpp	7779	ObSelectLogPlan::candi_allocate_order_by_if_losted	IR pointer != IR pointer	} else if (top != candidates_.candidate_plans_.at(i).plan_tree_) {
src/sql/optimizer/ob_table_location.cpp	5023	ObTableLocation::get_list_value_node	IR pointer == IR pointer	} else if (new_filter == filter) {
src/sql/optimizer/stat/ob_topk_hist_estimator.cpp	332	ObTopKFrequencyHistograms::add_entry	pointer cast to integer used as a key	} else if (OB_FAIL(topk_map_.set_refactored(datum_hash, reinterpret_cast<uint64_t>(item)))) {
src/sql/optimizer/stat/ob_topk_hist_estimator.cpp	353	ObTopKFrequencyHistograms::add_entry	pointer cast to integer used as a key	} else if (OB_FAIL(topk_map_.set_refactored(obj_hash, reinterpret_cast<uint64_t>(item)))) {
src/sql/optimizer/stat/ob_topk_hist_estimator.cpp	527	ObTopKFrequencyHistograms::shrink_memory_usage	pointer cast to integer used as a key	reinterpret_cast<uint64_t>(topk_item)))) {
src/sql/optimizer/stat/ob_topk_hist_estimator.cpp	539	ObTopKFrequencyHistograms::shrink_memory_usage	pointer cast to integer used as a key	reinterpret_cast<uint64_t>(datum_item)))) {
src/sql/plan_cache/ob_cache_object.cpp	249	ObPlanCacheObject::is_same_expr	IR pointer == IR pointer	is_same = (expr1 == expr2);
src/sql/plan_cache/ob_plan_cache.h	224	ObPlanCache	container keyed by pointer: ObHashMap	typedef common::hash::ObHashMap<ObILibCacheKey*, ObILibCacheNode*> CacheKeyNodeMap;
src/sql/printer/ob_select_stmt_printer.cpp	411	ObSelectStmtPrinter::print_order_by	IR pointer == IR pointer	} else if (order_expr == select_expr) {
src/sql/printer/ob_update_stmt_printer.cpp	191	ObUpdateStmtPrinter::print_vector_assign	IR pointer == IR pointer	} else if (alias->get_param_expr(0) == query_ref_expr) {
src/sql/resolver/dml/ob_aggr_expr_push_up_analyzer.cpp	391	ObAggrExprPushUpAnalyzer::get_exec_params	pointer membership test: ObRawExprUtils::find_expr	if (!ObRawExprUtils::find_expr(*query_ref_exec_params, all_exec_params.at(i))) {
src/sql/resolver/dml/ob_aggr_expr_push_up_analyzer.cpp	433	ObStmtExecParamReplacer::check_need_replace	pointer cast to integer used as a key	uint64_t key = reinterpret_cast<uint64_t>(old_expr);
src/sql/resolver/dml/ob_aggr_expr_push_up_analyzer.cpp	473	ObStmtExecParamReplacer::add_replace_exprs	pointer cast to integer used as a key	} else if (OB_FAIL(expr_replace_map_.set_refactored(reinterpret_cast<uint64_t>(from_expr),
src/sql/resolver/dml/ob_aggr_expr_push_up_analyzer.cpp	474	ObStmtExecParamReplacer::add_replace_exprs	pointer cast to integer used as a key	reinterpret_cast<uint64_t>(to_expr)))) {
src/sql/resolver/dml/ob_aggr_expr_push_up_analyzer.cpp	475	ObStmtExecParamReplacer::add_replace_exprs	pointer cast to integer used as a key	} else if (OB_FAIL(to_exprs_.set_refactored(reinterpret_cast<uint64_t>(to_expr)))) {
src/sql/resolver/dml/ob_del_upd_resolver.cpp	687	ObDelUpdResolver::add_assignment	IR pointer == IR pointer	if (assign.column_expr_ == table_assign->assignments_.at(i).column_expr_) {
src/sql/resolver/dml/ob_del_upd_resolver.cpp	969	ObDelUpdResolver::add_select_item_func	IR pointer == IR pointer	if (si->expr_ == col.expr_) {
src/sql/resolver/dml/ob_del_upd_resolver.cpp	1502	ObDelUpdResolver::view_pullup_part_exprs	IR pointer == unresolved pointer	} else if (&table->get_base_table_item() == table) {
src/sql/resolver/dml/ob_del_upd_resolver.cpp	2964	ObDelUpdResolver::replace_column_ref_for_check_constraint	pointer membership test: ObRawExprUtils::find_expr	} else if (ObRawExprUtils::find_expr(table_info.column_conv_exprs_, expr)) {
src/sql/resolver/dml/ob_del_upd_resolver.cpp	2986	ObDelUpdResolver::replace_column_ref_for_check_constraint	IR pointer == IR pointer	} else if (b_expr == insert_columns.at(i)) {
src/sql/resolver/dml/ob_delete_resolver.cpp	247	ObDeleteResolver::resolve_table_list	pointer membership test: ObOptimizerUtil::find_item	} else if (OB_UNLIKELY(ObOptimizerUtil::find_item(delete_tables_, table_item))) {
src/sql/resolver/dml/ob_dml_resolver.cpp	2234	ObDMLResolver::report_user_error_msg	IR pointer == IR pointer	if (root_expr == q_name.ref_expr_) {
src/sql/resolver/dml/ob_dml_resolver.cpp	5246	ObDMLResolver::add_column_to_stmt	pointer membership test: add_var_to_array_no_dup	if (OB_FAIL(add_var_to_array_no_dup(column_exprs, column_item->expr_))) {
src/sql/resolver/dml/ob_dml_resolver.cpp	8455	ObDMLResolver::get_all_column_ref	pointer membership test: add_var_to_array_no_dup	if (OB_FAIL(add_var_to_array_no_dup(arr, col_ref))) {
src/sql/resolver/dml/ob_dml_resolver.cpp	10619	ObDMLResolver::add_fake_schema	IR pointer == IR pointer	} else if (expr == new_expr) {
src/sql/resolver/dml/ob_dml_resolver.cpp	11434	ObDMLResolver::try_add_cast_to_values	IR pointer == IR pointer	} else if (values_vector.at(i) == new_expr) {
src/sql/resolver/dml/ob_dml_resolver.cpp	12310	ObDMLResolver::resolve_match_against_expr_with_match_phrase_mode	IR pointer == IR pointer	} else if ((scope == T_WHERE_SCOPE || scope == T_HAVING_SCOPE) && cur_match_expr == expr) {
src/sql/resolver/dml/ob_dml_stmt.cpp	365	ObDMLStmt::remove_semi_info	IR pointer == IR pointer	if (info == semi_infos_.at(i)) {
src/sql/resolver/dml/ob_dml_stmt.cpp	1793	ObDMLStmt::set_sharable_expr_reference	pointer membership test: ObRawExprUtils::find_expr	!ObRawExprUtils::find_expr(get_pseudo_column_like_exprs(), &expr)) {
src/sql/resolver/dml/ob_dml_stmt.cpp	1805	ObDMLStmt::set_sharable_expr_reference	pointer membership test: ObRawExprUtils::find_expr	!ObRawExprUtils::find_expr(get_match_exprs(), &expr)) {
src/sql/resolver/dml/ob_dml_stmt.cpp	2437	ObDMLStmt::get_table_item_idx	IR pointer == unresolved pointer	if (child_table == get_table_item(i)) {
src/sql/resolver/dml/ob_dml_stmt.cpp	2474	ObDMLStmt::remove_table_item	IR pointer == unresolved pointer	if (ti == get_table_item(i)) {
src/sql/resolver/dml/ob_dml_stmt.cpp	3021	ObDMLStmt::remove_column_item	IR pointer == IR pointer	if (column_expr == column_items_.at(i).expr_) {
src/sql/resolver/dml/ob_dml_stmt.cpp	3037	ObDMLStmt::remove_joined_table_item	IR pointer == IR pointer	if (joined_table == joined_tables_.at(i)) {
src/sql/resolver/dml/ob_dml_stmt.cpp	3479	ObDMLStmt::remove_subquery_expr	IR pointer == IR pointer	if (expr == subquery_exprs_.at(i)) {
src/sql/resolver/dml/ob_dml_stmt.cpp	3822	ObDMLStmt::collect_temp_table_infos	IR pointer == unresolved pointer	if (table->ref_query_ == info.temp_table_query_) {
src/sql/resolver/dml/ob_dml_stmt.cpp	4027	ObDMLStmt::get_CTE_table_items	pointer membership test: add_var_to_array_no_dup	if (OB_FAIL(add_var_to_array_no_dup(cte_table_items, tmp_table))) {
src/sql/resolver/dml/ob_dml_stmt.cpp	4127	ObDMLStmt::do_formalize_query_ref_exprs_pre	pointer membership test: ObOptimizerUtil::find_item	} else if (ObOptimizerUtil::find_item(ref_exprs,
src/sql/resolver/dml/ob_dml_stmt.cpp	4232	ObDMLStmt::do_formalize_lateral_derived_table_pre	pointer membership test: ObOptimizerUtil::find_item	} else if (ObOptimizerUtil::find_item(ref_exprs,
src/sql/resolver/dml/ob_dml_stmt.cpp	4281	ObDMLStmt::get_match_expr_on_table	pointer membership test: add_var_to_array_no_dup	} else if (OB_FAIL(add_var_to_array_no_dup(match_exprs, static_cast<ObRawExpr *>(get_match_exprs().at(i))))) {
src/sql/resolver/dml/ob_dml_stmt.cpp	4549	ObDMLStmt::is_contain_vector_origin_distance_calc	pointer membership test: ObRawExprUtils::find_expr	} else if (OB_FAIL(ObRawExprUtils::find_expr(si.expr_, vector_expr, bool_ret))) {
src/sql/resolver/dml/ob_hint.cpp	2721	ObWindowDistHint::add_win_dist_option	pointer membership test: ObOptimizerUtil::find_item	if (OB_UNLIKELY(!ObOptimizerUtil::find_item(all_win_funcs, cur_win_funcs.at(i), &idx))) {
src/sql/resolver/dml/ob_insert_resolver.cpp	909	ObInsertResolver::mock_values_column_ref	IR pointer != IR pointer	if (base_column_ref != column_ref) {
src/sql/resolver/dml/ob_insert_resolver.cpp	989	ObInsertResolver::resolve_column_ref_expr	IR pointer == IR pointer	} else if (sel_stmt->get_select_item(idx).expr_ == real_ref_expr) {
src/sql/resolver/dml/ob_insert_stmt.cpp	270	ObInsertStmt::get_ddl_sort_keys	IR pointer == IR pointer	if (sort_keys.at(i).expr_ == column_list.at(j)) {
src/sql/resolver/dml/ob_select_resolver.cpp	709	ObSelectResolver::mark_aggr_in_select_scope	pointer membership test: add_var_to_array_no_dup	if(OB_FAIL(add_var_to_array_no_dup(origin_mark_inner_expr, aggr_expr))) {
src/sql/resolver/dml/ob_select_resolver.cpp	781	ObSelectResolver::mark_aggr_in_order_by_scope	pointer membership test: add_var_to_array_no_dup	} else if (OB_FAIL(add_var_to_array_no_dup(select_agg_expr, aggr_expr))) {
src/sql/resolver/dml/ob_select_resolver.cpp	815	ObSelectResolver::mark_aggr_in_order_by_scope	pointer membership test: has_exist_in_array	if (!has_exist_in_array(select_agg_expr, aggr_expr)) {
src/sql/resolver/dml/ob_select_resolver.cpp	2226	ObSelectResolver::add_parent_cte_table_item	pointer membership test: add_var_to_array_no_dup	if (OB_FAIL(add_var_to_array_no_dup(parent_cte_tables_, table_item))) {
src/sql/resolver/dml/ob_select_resolver.cpp	3292	ObSelectResolver::resolve_alias_column_ref	IR pointer != IR pointer	} else if (real_ref_expr != col_expr) {
src/sql/resolver/dml/ob_select_resolver.cpp	3318	ObSelectResolver::resolve_alias_column_ref	IR pointer != IR pointer	} else if (real_ref_expr != cur_item->expr_) {
src/sql/resolver/dml/ob_select_resolver.cpp	3396	ObSelectResolver::resolve_column_ref_in_group_by	IR pointer != IR pointer	} else if (real_ref_expr != col_ref) {
src/sql/resolver/dml/ob_select_resolver.cpp	3760	ObSelectResolver::resolve_aggr_exprs	IR pointer != IR pointer	} else if (final_aggr != aggr_exprs.at(i)) {
src/sql/resolver/dml/ob_select_resolver.cpp	3860	ObSelectResolver::check_column_ref_in_group_by_or_field_list	IR pointer == unresolved pointer	if (select_stmt->get_group_exprs().at(i) == column_ref) {
src/sql/resolver/dml/ob_select_resolver.cpp	3867	ObSelectResolver::check_column_ref_in_group_by_or_field_list	IR pointer == IR pointer	if (select_stmt->get_select_item(i).expr_ == column_ref) {
src/sql/resolver/dml/ob_select_resolver.cpp	4406	ObSelectResolver::resolve_shared_order_item	pointer membership test: ObOptimizerUtil::find_item	} else if (ObOptimizerUtil::find_item(select_exprs, order_item.expr_)) {
src/sql/resolver/dml/ob_select_stmt.cpp	163	ObSelectStmt::remove_window_func_expr	IR pointer == IR pointer	} else if (expr == win_func_exprs_.at(i)) {
src/sql/resolver/dml/ob_select_stmt.cpp	176	ObSelectStmt::check_aggr_and_winfunc	pointer membership test: ObRawExprUtils::find_expr	!ObRawExprUtils::find_expr(agg_items_, &expr)) {
src/sql/resolver/dml/ob_select_stmt.cpp	179	ObSelectStmt::check_aggr_and_winfunc	pointer membership test: ObRawExprUtils::find_expr	!ObRawExprUtils::find_expr(win_func_exprs_, &expr)) {
src/sql/resolver/dml/ob_select_stmt.cpp	793	ObSelectStmt::check_is_select_item_expr	IR pointer == IR pointer	if (expr == select_items_.at(i).expr_) {
src/sql/resolver/dml/ob_standard_group_checker.cpp	137	ObStandardGroupChecker::deduce_settled_exprs	pointer membership test: ObOptimizerUtil::append_exprs_no_dup (pointer identity, then same_as)	} else if (OB_FAIL(ObOptimizerUtil::append_exprs_no_dup(settled_exprs_, unique_info.const_exprs_))) {
src/sql/resolver/dml/ob_standard_group_checker.cpp	138	ObStandardGroupChecker::deduce_settled_exprs	pointer membership test: ObOptimizerUtil::append_exprs_no_dup (pointer identity, then same_as)	} else if (OB_FAIL(ObOptimizerUtil::append_exprs_no_dup(settled_exprs_, group_by_exprs_))) {
src/sql/resolver/dml/ob_stmt_expr_visitor.cpp	128	ObSharedExprChecker::is_shared_expr	pointer cast to integer used as a key	uint64_t key = reinterpret_cast<uint64_t>(expr);
src/sql/resolver/dml/ob_stmt_expr_visitor.cpp	143	ObSharedExprChecker::do_visit	pointer cast to integer used as a key	uint64_t key = reinterpret_cast<uint64_t>(expr);
src/sql/resolver/dml/ob_stmt_expr_visitor.h	144	ObStmtExprVisitor::visit	IR pointer == unresolved pointer	} else if (tmp == exprs.at(i)) {
src/sql/resolver/dml/ob_update_resolver.cpp	372	ObUpdateResolver::generate_update_table_info	pointer membership test: add_var_to_array_no_dup	if (OB_FAIL(add_var_to_array_no_dup(table_info->column_exprs_, assign.column_expr_))) {
src/sql/resolver/dml/ob_update_resolver.cpp	493	ObUpdateResolver::generate_batched_stmt_info	pointer membership test: has_exist_in_array	if (has_exist_in_array(predicate_columns, column_expr)) {
src/sql/resolver/dml/ob_update_stmt.cpp	117	ObUpdateStmt::get_vector_assign_values	IR pointer == IR pointer	} else if (alias->get_param_expr(0) == query_ref) {
src/sql/resolver/expr/ob_raw_expr.cpp	1584	ObQueryRefRawExpr::add_exec_param_exprs	pointer membership test: append_array_no_dup	if (OB_FAIL(append_array_no_dup(exec_params_, exprs))) {
src/sql/resolver/expr/ob_raw_expr.cpp	1659	ObQueryRefRawExpr::inner_same_as	IR pointer == IR pointer	ref_stmt_ == u_expr.ref_stmt_ &&
src/sql/resolver/expr/ob_raw_expr.cpp	1678	ObExprEqualCheckContext::compare_query	IR pointer == IR pointer	left.get_ref_stmt() == right.get_ref_stmt() &&
src/sql/resolver/expr/ob_raw_expr.cpp	2144	ObAliasRefRawExpr::inner_same_as	IR pointer == IR pointer	bret = (alias_ref.get_ref_expr() == get_ref_expr());
src/sql/resolver/expr/ob_raw_expr.cpp	3845	ObSysFunRawExpr::inner_json_expr_same_as	IR pointer == IR pointer	bool_ret = r_column_expr == l_column_expr;
src/sql/resolver/expr/ob_raw_expr.cpp	5655	ObRawExprPointer::set	IR pointer == IR pointer	} else if (*expr_group_.at(i) == expr) {
src/sql/resolver/expr/ob_raw_expr.h	1348	OrderItem::operator==	IR pointer == IR pointer	return (expr_ == other.expr_
src/sql/resolver/expr/ob_raw_expr_copier.cpp	112	ObRawExprCopier::find_in_copy_context	pointer cast to integer used as a key	uint64_t key = reinterpret_cast<uint64_t>(old_expr);
src/sql/resolver/expr/ob_raw_expr_copier.cpp	144	ObRawExprCopier::copy_expr_node	pointer membership test: ObRawExprUtils::find_expr	} else if (ObRawExprUtils::find_expr(uncopy_expr_nodes_, expr)) {
src/sql/resolver/expr/ob_raw_expr_copier.cpp	196	ObRawExprCopier::add_expr	pointer cast to integer used as a key	} else if (OB_SUCCESS != (ret = copied_exprs_.set_refactored(reinterpret_cast<uint64_t>(from),
src/sql/resolver/expr/ob_raw_expr_copier.cpp	197	ObRawExprCopier::add_expr	pointer cast to integer used as a key	reinterpret_cast<uint64_t>(to)))) {
src/sql/resolver/expr/ob_raw_expr_copier.cpp	202	ObRawExprCopier::add_expr	pointer cast to integer used as a key	if (OB_FAIL(copied_exprs_.get_refactored(reinterpret_cast<uint64_t>(from), val))) {
src/sql/resolver/expr/ob_raw_expr_copier.cpp	203	ObRawExprCopier::add_expr	pointer cast to integer compared for identity	} else if (OB_UNLIKELY(val != reinterpret_cast<uint64_t>(to))) {
src/sql/resolver/expr/ob_raw_expr_copier.cpp	207	ObRawExprCopier::add_expr	pointer cast to integer used as a key	} else if (OB_FAIL(new_exprs_.set_refactored(reinterpret_cast<uint64_t>(to)))) {
src/sql/resolver/expr/ob_raw_expr_copier.cpp	234	ObRawExprCopier::is_existed	pointer cast to integer used as a key	uint64_t key = reinterpret_cast<uint64_t>(target);
src/sql/resolver/expr/ob_raw_expr_copier.cpp	296	ObRawExprCopier::copy_on_replace	IR pointer == IR pointer	} else if (param == new_param) {
src/sql/resolver/expr/ob_raw_expr_copier.cpp	298	ObRawExprCopier::copy_on_replace	IR pointer == IR pointer	} else if (from_expr == to_expr &&
src/sql/resolver/expr/ob_raw_expr_copier.h	198	ObRawExprCopier::copy_on_replace	IR pointer == IR pointer	} else if (tmp == to_expr || std::is_same<T, ObRawExpr>::value) {
src/sql/resolver/expr/ob_raw_expr_deduce_type.cpp	3062	ObRawExprDeduceType::add_implicit_cast_for_subquery	IR pointer != IR pointer	if (OB_SUCC(ret) && item.expr_ != new_expr) { // cast expr added
src/sql/resolver/expr/ob_raw_expr_deduce_type.h	205	ObRawExprDeduceType::try_add_cast_expr	IR pointer != IR pointer	if (OB_SUCC(ret) && child_ptr != new_expr) { // cast expr added
src/sql/resolver/expr/ob_raw_expr_replacer.cpp	335	ObRawExprReplacer::add_replace_expr	pointer cast to integer used as a key	} else if (OB_FAIL(expr_replace_map_.set_refactored(reinterpret_cast<uint64_t>(from_expr),
src/sql/resolver/expr/ob_raw_expr_replacer.cpp	336	ObRawExprReplacer::add_replace_expr	pointer cast to integer used as a key	reinterpret_cast<uint64_t>(to_expr),
src/sql/resolver/expr/ob_raw_expr_replacer.cpp	338	ObRawExprReplacer::add_replace_expr	pointer cast to integer used as a key	} else if (OB_FAIL(to_exprs_.set_refactored(reinterpret_cast<uint64_t>(to_expr)))) {
src/sql/resolver/expr/ob_raw_expr_replacer.cpp	402	ObRawExprReplacer::is_existed	pointer cast to integer used as a key	uint64_t key = reinterpret_cast<uint64_t>(target);
src/sql/resolver/expr/ob_raw_expr_replacer.cpp	421	ObRawExprReplacer::add_skip_expr	pointer cast to integer used as a key	} else if (OB_FAIL(to_exprs_.set_refactored(reinterpret_cast<uint64_t>(target)))) {
src/sql/resolver/expr/ob_raw_expr_replacer.cpp	436	ObRawExprReplacer::check_from_expr_existed	IR pointer != IR pointer	} else if (OB_UNLIKELY(old_expr != to_expr)) {
src/sql/resolver/expr/ob_raw_expr_replacer.cpp	449	ObRawExprReplacer::check_skip_expr	pointer cast to integer used as a key	uint64_t key = reinterpret_cast<uint64_t>(&expr);
src/sql/resolver/expr/ob_raw_expr_replacer.cpp	465	ObRawExprReplacer::check_need_replace	pointer cast to integer used as a key	uint64_t key = reinterpret_cast<uint64_t>(old_expr);
src/sql/resolver/expr/ob_raw_expr_resolver_impl.cpp	993	ObRawExprResolverImpl::do_recursive_resolve	IR pointer == IR pointer	if (clone_aggr_exprs.at(i) == ctx_.win_exprs_->at(j)->get_agg_expr()) {
src/sql/resolver/expr/ob_raw_expr_resolver_impl.cpp	2203	ObRawExprResolverImpl::extract_var_exprs	pointer membership test: add_var_to_array_no_dup	if (OB_FAIL(add_var_to_array_no_dup(var_exprs, var_expr))) {
src/sql/resolver/expr/ob_raw_expr_resolver_impl.cpp	2414	ObRawExprResolverImpl::process_left_value_node	pointer membership test: add_var_to_array_no_dup	} else if (OB_FAIL(add_var_to_array_no_dup(*ctx_.user_var_exprs_, var_expr))) {
src/sql/resolver/expr/ob_raw_expr_util.cpp	2087	ObRawExprUtils::replace_ref_column	IR pointer == IR pointer	} else if (raw_expr == to) {
src/sql/resolver/expr/ob_raw_expr_util.cpp	2091	ObRawExprUtils::replace_ref_column	pointer membership test: is_contain	} else if (NULL != except_exprs && is_contain(*except_exprs, raw_expr)) {
src/sql/resolver/expr/ob_raw_expr_util.cpp	2093	ObRawExprUtils::replace_ref_column	IR pointer == IR pointer	} else if (raw_expr == from) {
src/sql/resolver/expr/ob_raw_expr_util.cpp	2135	ObRawExprUtils::replace_ref_column	pointer membership test: is_contain	} else if (NULL != except_exprs && is_contain(*except_exprs, raw_expr)) {
src/sql/resolver/expr/ob_raw_expr_util.cpp	2137	ObRawExprUtils::replace_ref_column	pointer membership test: ObOptimizerUtil::find_item	} else if (ObOptimizerUtil::find_item(from, raw_expr, &idx)) {
src/sql/resolver/expr/ob_raw_expr_util.cpp	2238	ObRawExprUtils::extract_set_op_exprs	pointer membership test: add_var_to_array_no_dup	if (OB_FAIL(add_var_to_array_no_dup(set_op_exprs, const_cast<ObRawExpr*>(raw_expr)))) {
src/sql/resolver/expr/ob_raw_expr_util.cpp	2258	ObRawExprUtils::extract_var_assign_exprs	pointer membership test: add_var_to_array_no_dup	if (OB_FAIL(add_var_to_array_no_dup(assign_exprs, const_cast<ObRawExpr*>(raw_expr)))) {
src/sql/resolver/expr/ob_raw_expr_util.cpp	2293	ObRawExprUtils::extract_column_exprs	pointer membership test: add_var_to_array_no_dup	ret = add_var_to_array_no_dup(column_exprs, const_cast<ObRawExpr*>(raw_expr));
src/sql/resolver/expr/ob_raw_expr_util.cpp	2296	ObRawExprUtils::extract_column_exprs	pointer membership test: add_var_to_array_no_dup	ret = add_var_to_array_no_dup(column_exprs, const_cast<ObRawExpr*>(raw_expr));
src/sql/resolver/expr/ob_raw_expr_util.cpp	2317	ObRawExprUtils::extract_column_exprs_and_rowscn	pointer membership test: add_var_to_array_no_dup	ret = add_var_to_array_no_dup(column_exprs, const_cast<ObRawExpr*>(raw_expr));
src/sql/resolver/expr/ob_raw_expr_util.cpp	2340	ObRawExprUtils::extract_contain_exprs	pointer membership test: is_contain	} else if (is_contain(src_exprs, raw_expr) &&
src/sql/resolver/expr/ob_raw_expr_util.cpp	2341	ObRawExprUtils::extract_contain_exprs	pointer membership test: add_var_to_array_no_dup	OB_FAIL(add_var_to_array_no_dup(contain_exprs, raw_expr))) {
src/sql/resolver/expr/ob_raw_expr_util.cpp	2375	ObRawExprUtils::extract_column_exprs	pointer membership test: add_var_to_array_no_dup	if (OB_FAIL(add_var_to_array_no_dup(column_exprs, expr))) {
src/sql/resolver/expr/ob_raw_expr_util.cpp	2412	ObRawExprUtils::extract_col_aggr_winfunc_exprs	pointer membership test: add_var_to_array_no_dup	if (OB_FAIL(add_var_to_array_no_dup(column_aggr_winfunc_exprs, expr))) {
src/sql/resolver/expr/ob_raw_expr_util.cpp	2415	ObRawExprUtils::extract_col_aggr_winfunc_exprs	pointer membership test: add_var_to_array_no_dup	if (OB_FAIL(add_var_to_array_no_dup(column_aggr_winfunc_exprs, expr))) {
src/sql/resolver/expr/ob_raw_expr_util.cpp	2418	ObRawExprUtils::extract_col_aggr_winfunc_exprs	pointer membership test: add_var_to_array_no_dup	if (OB_FAIL(add_var_to_array_no_dup(column_aggr_winfunc_exprs, expr))) {
src/sql/resolver/expr/ob_raw_expr_util.cpp	2421	ObRawExprUtils::extract_col_aggr_winfunc_exprs	pointer membership test: add_var_to_array_no_dup	if (OB_FAIL(add_var_to_array_no_dup(column_aggr_winfunc_exprs, expr))) {
src/sql/resolver/expr/ob_raw_expr_util.cpp	2453	ObRawExprUtils::extract_col_aggr_exprs	pointer membership test: add_var_to_array_no_dup	if (OB_FAIL(add_var_to_array_no_dup(column_or_aggr_exprs, expr))) {
src/sql/resolver/expr/ob_raw_expr_util.cpp	2456	ObRawExprUtils::extract_col_aggr_exprs	pointer membership test: add_var_to_array_no_dup	if (OB_FAIL(add_var_to_array_no_dup(column_or_aggr_exprs, expr))) {
src/sql/resolver/expr/ob_raw_expr_util.cpp	2497	ObRawExprUtils::extract_virtual_generated_column_parents	pointer membership test: add_var_to_array_no_dup	if (OB_FAIL(add_var_to_array_no_dup(vir_gen_par_exprs, par_expr))) {
src/sql/resolver/expr/ob_raw_expr_util.cpp	2537	ObRawExprUtils::extract_column_exprs	pointer membership test: add_var_to_array_no_dup	} else if (OB_FAIL(add_var_to_array_no_dup(column_exprs, const_cast<ObRawExpr*>(raw_expr)))) {
src/sql/resolver/expr/ob_raw_expr_util.cpp	2559	ObRawExprUtils::extract_column_exprs	pointer membership test: add_var_to_array_no_dup	if (OB_FAIL(add_var_to_array_no_dup(column_exprs, expr))) {
src/sql/resolver/expr/ob_raw_expr_util.cpp	3309	ObRawExprUtils::get_exec_param_expr	IR pointer == IR pointer	} else if (param->get_ref_expr() == outer_val_expr) {
src/sql/resolver/expr/ob_raw_expr_util.cpp	3369	ObRawExprUtils::get_exec_param_expr	IR pointer == IR pointer	} else if (param->get_ref_expr() == outer_val_expr) {
src/sql/resolver/expr/ob_raw_expr_util.cpp	4222	ObRawExprUtils::build_get_user_var	pointer membership test: add_var_to_array_no_dup	OB_FAIL(add_var_to_array_no_dup(*user_var_exprs, var_expr))) {
src/sql/resolver/expr/ob_raw_expr_util.cpp	4785	ObRawExprUtils::is_same_column_ref	IR pointer == IR pointer	bool bret = (left_real_ref == right_real_ref);
src/sql/resolver/expr/ob_raw_expr_util.cpp	6299	ObRawExprUtils::process_window_complex_agg_expr	pointer membership test: ObOptimizerUtil::find_item	} else if (ObOptimizerUtil::find_item(*win_exprs, window_agg_expr)) {
src/sql/resolver/expr/ob_raw_expr_util.cpp	6957	ObRawExprUtils::extract_match_against_filters	pointer membership test: add_var_to_array_no_dup	if (OB_FAIL(add_var_to_array_no_dup(match_filters, expr))) {
src/sql/resolver/expr/ob_raw_expr_util.cpp	6959	ObRawExprUtils::extract_match_against_filters	pointer membership test: add_var_to_array_no_dup	} else if (OB_FAIL(add_var_to_array_no_dup(other_filters, expr))) {
src/sql/resolver/expr/ob_raw_expr_util.cpp	6973	ObRawExprUtils::extract_match_exprs	pointer membership test: add_var_to_array_no_dup	} else if (OB_FAIL(add_var_to_array_no_dup(match_exprs, static_cast<ObMatchFunRawExpr*>(expr)))) {
src/sql/resolver/expr/ob_raw_expr_util.cpp	7102	ObRawExprUtils::copy_and_formalize	IR pointer == IR pointer	} else if (new_expr == expr) {
src/sql/resolver/expr/ob_raw_expr_util.cpp	7124	ObRawExprUtils::copy_and_formalize	IR pointer == IR pointer	if (exprs.at(i) == new_exprs.at(i)) {
src/sql/resolver/expr/ob_raw_expr_util.cpp	7300	ObRawExprUtils::find_expr	IR pointer == IR pointer	} else if (root == expected) {
src/sql/resolver/expr/ob_raw_expr_util.cpp	7304	ObRawExprUtils::find_expr	pointer membership test: find_expr	ret = SMART_CALL(find_expr(root->get_param_expr(i), expected, found));
src/sql/resolver/expr/ob_raw_expr_util.h	1167	ObRawExprUtils::find_expr	pointer membership test: get_expr_idx	return get_expr_idx(exprs, expr) != common::OB_INVALID_INDEX;
src/sql/resolver/expr/ob_raw_expr_util.h	1176	ObRawExprUtils::get_expr_idx	IR pointer == unresolved pointer	if (exprs.at(i) == expr) {
src/sql/resolver/expr/ob_shared_expr_resolver.cpp	61	ObRawExprEntry::compare	IR pointer == IR pointer	bret = (expr_ == node.expr_) ||
src/sql/resolver/expr/ob_shared_expr_resolver.cpp	79	ObSharedExprResolver::hash_expr_tree	pointer cast to integer used for hashing or a bucket choice	hash_code = common::do_hash((uintptr_t) (expr), hash_code);
src/sql/resolver/expr/ob_shared_expr_resolver.cpp	87	ObSharedExprResolver::hash_expr_tree	pointer cast to integer used for hashing or a bucket choice	hash_code = common::do_hash(((uintptr_t) (param)), hash_code);
src/sql/resolver/ob_resolver_utils.cpp	5436	ObResolverUtils::revert_external_param_info	IR pointer == unresolved pointer	if (child == param_infos.at(j).element<1>()) {
src/sql/resolver/ob_resolver_utils.cpp	5813	ObResolverUtils::uv_mysql_insertable_join	IR pointer != IR pointer	if (table_item.view_base_item_ != item && item->ref_id_ == base_tid) {
src/sql/resolver/ob_resolver_utils.cpp	5827	ObResolverUtils::uv_mysql_insertable_join	IR pointer != IR pointer	if (OB_SUCC(ret) && insertable && item != table_item.view_base_item_) {
src/sql/resolver/ob_resolver_utils.cpp	6306	ObResolverUtils::prune_check_constraints	pointer membership test: has_exist_in_array	need_add_cst_to_stmt = has_exist_in_array(column_exprs,
src/sql/resolver/ob_stmt.cpp	212	ObStmtFactory::free_stmt	IR pointer == unresolved pointer	if (node != NULL && node->get_obj() == stmt) {
src/sql/resolver/ob_stmt.h	64	expr_hash_func::operator()	pointer cast to integer used for hashing or a bucket choice	return reinterpret_cast<uint64_t>(expr);
src/sql/resolver/ob_stmt.h	72	expr_equal_to::operator()	IR pointer == IR pointer	return a == b;
src/sql/rewrite/ob_equal_analysis.cpp	146	ObEqualAnalysis::feed_equal_sets	pointer membership test: get_expr_idx	} else if (OB_FAIL(get_expr_idx(expr, expr_idx))) {
src/sql/rewrite/ob_equal_analysis.cpp	182	ObEqualAnalysis::add_equal_cond	pointer membership test: get_expr_idx	} else if (OB_FAIL(get_expr_idx(expr.get_param_expr(0), l_expr_idx))) {
src/sql/rewrite/ob_equal_analysis.cpp	183	ObEqualAnalysis::add_equal_cond	pointer membership test: get_expr_idx	} else if (OB_FAIL(get_expr_idx(expr.get_param_expr(1), r_expr_idx))) {
src/sql/rewrite/ob_equal_analysis.h	32	EqualSetKey::operator==	IR pointer == IR pointer	return expr_ == other.expr_;
src/sql/rewrite/ob_equal_analysis.h	34	EqualSetKey::operator==	IR pointer == IR pointer	return (expr_ == other.expr_) || (expr_->same_as(*other.expr_));
src/sql/rewrite/ob_expand_aggregate_utils.cpp	200	ObExpandAggregateUtils::add_aggr_item	IR pointer == IR pointer	} else if (aggr_expr == new_aggr_items.at(i)) {
src/sql/rewrite/ob_expand_aggregate_utils.cpp	229	ObExpandAggregateUtils::add_win_expr	IR pointer == IR pointer	} else if (win_expr == new_win_exprs.at(i)) {
src/sql/rewrite/ob_expr_range_converter.cpp	1634	ObExprRangeConverter::get_final_expr_idx	IR pointer == IR pointer	} else if (OB_FAIL(ctx_.final_exprs_flag_.push_back(expr == wrap_const_expr ? 0
src/sql/rewrite/ob_predicate_deduce.cpp	126	ObPredicateDeduce::add_predicate	pointer membership test: add_var_to_array_no_dup	} else if (OB_FAIL(add_var_to_array_no_dup(input_exprs_, left_expr))) {
src/sql/rewrite/ob_predicate_deduce.cpp	127	ObPredicateDeduce::add_predicate	pointer membership test: add_var_to_array_no_dup	} else if (OB_FAIL(add_var_to_array_no_dup(input_exprs_, right_expr))) {
src/sql/rewrite/ob_predicate_deduce.cpp	155	ObPredicateDeduce::check_deduce_validity	IR pointer == IR pointer	} else if (left_expr == right_expr || left_expr->same_as(*right_expr)) {
src/sql/rewrite/ob_predicate_deduce.cpp	655	ObPredicateDeduce::deduce_general_predicates	pointer membership test: ObOptimizerUtil::find_item	} else if (!ObOptimizerUtil::find_item(input_exprs_, column_expr, &param_idx)) {
src/sql/rewrite/ob_predicate_deduce.cpp	730	ObPredicateDeduce::get_equal_exprs	pointer membership test: ObOptimizerUtil::find_item	} else if (ObOptimizerUtil::find_item(input_exprs_, param_expr, &param_idx)) {
src/sql/rewrite/ob_predicate_deduce.cpp	742	ObPredicateDeduce::get_equal_exprs	pointer membership test: ObOptimizerUtil::find_item	} else if (!ObOptimizerUtil::find_item(target_exprs, real_expr)) {
src/sql/rewrite/ob_predicate_deduce.cpp	744	ObPredicateDeduce::get_equal_exprs	pointer membership test: ObOptimizerUtil::find_item	} else if (ObOptimizerUtil::find_item(first_params, expr)) {
src/sql/rewrite/ob_predicate_deduce.cpp	837	ObPredicateDeduce::find_similar_expr	IR pointer == IR pointer	} else if (general_preds.at(i) == pred) {
src/sql/rewrite/ob_predicate_deduce.cpp	1031	ObPredicateDeduce::find_equal_expr	IR pointer == IR pointer	if (target == exprs.at(i)) {
src/sql/rewrite/ob_range_graph_generator.cpp	1279	ObRangeGraphGenerator::crop_final_range_node	pointer cast to integer used as a key	if (OB_FAIL(shared_ranges.set_refactored(reinterpret_cast<uint64_t>(cur_node), 0))) {
src/sql/rewrite/ob_range_graph_generator.cpp	1307	ObRangeGraphGenerator::crop_final_range_node	pointer cast to integer used as a key	} else if (OB_FAIL(refined_ranges.get_refactored(reinterpret_cast<uint64_t>(range_node),
src/sql/rewrite/ob_range_graph_generator.cpp	1353	ObRangeGraphGenerator::crop_final_range_node	pointer cast to integer used as a key	if (OB_HASH_EXIST == (ret = shared_ranges.exist_refactored(reinterpret_cast<uint64_t>(cur_node)))) {
src/sql/rewrite/ob_range_graph_generator.cpp	1371	ObRangeGraphGenerator::crop_final_range_node	pointer cast to integer used as a key	if (OB_FAIL(refined_ranges.set_refactored(reinterpret_cast<uint64_t>(range_node),
src/sql/rewrite/ob_stmt_comparer.cpp	1243	ObStmtComparer::compare_basic_table_item	IR pointer == IR pointer	&& (first_table->snapshot_query_expr_ == second_table->snapshot_query_expr_
src/sql/rewrite/ob_transform_aggr_subquery.cpp	261	ObTransformAggrSubquery::do_aggr_first_transform	pointer membership test: ObOptimizerUtil::find_item	} else if (!ObOptimizerUtil::find_item(stmt->get_subquery_exprs(), query_ref)) {
src/sql/rewrite/ob_transform_aggr_subquery.cpp	317	ObTransformAggrSubquery::gather_transform_params	pointer membership test: ObOptimizerUtil::find_item	} else if (ObOptimizerUtil::find_item(no_rewrite_exprs_, child_expr)) {
src/sql/rewrite/ob_transform_aggr_subquery.cpp	376	ObTransformAggrSubquery::gather_transform_params	IR pointer == IR pointer	(is_exists_op(child_expr->get_expr_type()) && root_expr == child_expr);
src/sql/rewrite/ob_transform_aggr_subquery.cpp	861	ObTransformAggrSubquery::transform_child_stmt	pointer membership test: ObOptimizerUtil::remove_item	if (OB_FAIL(ObOptimizerUtil::remove_item(subquery.get_condition_exprs(), upper_filters.at(i)))) {
src/sql/rewrite/ob_transform_aggr_subquery.cpp	872	ObTransformAggrSubquery::transform_child_stmt	pointer membership test: ObOptimizerUtil::remove_item	} else if (OB_FAIL(ObOptimizerUtil::remove_item(subquery.get_condition_exprs(),
src/sql/rewrite/ob_transform_aggr_subquery.cpp	883	ObTransformAggrSubquery::transform_child_stmt	pointer membership test: ObOptimizerUtil::find_item	} else if (ObOptimizerUtil::find_item(subquery.get_group_exprs(),
src/sql/rewrite/ob_transform_aggr_subquery.cpp	946	ObTransformAggrSubquery::transform_upper_stmt	pointer membership test: ObOptimizerUtil::find_item	} else if (ObOptimizerUtil::find_item(select_exprs, param.not_null_expr_, &idx)) {
src/sql/rewrite/ob_transform_aggr_subquery.cpp	1164	ObTransformAggrSubquery::get_trans_param	pointer membership test: ObOptimizerUtil::find_item	if (ObOptimizerUtil::find_item(invalid_list, params.at(j).ja_query_ref_)) {
src/sql/rewrite/ob_transform_aggr_subquery.cpp	1510	ObTransformAggrSubquery::do_join_first_transform	pointer membership test: ObOptimizerUtil::remove_item	if (OB_FAIL(ObOptimizerUtil::remove_item(select_stmt.get_condition_exprs(), root_expr))) {
src/sql/rewrite/ob_transform_aggr_subquery.cpp	1706	ObTransformAggrSubquery::rebuild_conditon	pointer membership test: ObOptimizerUtil::find_item	if (ObOptimizerUtil::find_item(subquery.get_condition_exprs(), cur_expr)) {
src/sql/rewrite/ob_transform_aggr_subquery.cpp	2088	ObTransformAggrSubquery::is_valid_group_by	pointer membership test: ObOptimizerUtil::find_item	} else if (ObOptimizerUtil::find_item(const_exprs, subquery.get_group_exprs().at(i))) {
src/sql/rewrite/ob_transform_aggr_subquery.cpp	2102	ObTransformAggrSubquery::check_is_filter	pointer membership test: ObOptimizerUtil::find_item	bret = ObOptimizerUtil::find_item(stmt.get_condition_exprs(), expr);
src/sql/rewrite/ob_transform_aggr_subquery.cpp	2104	ObTransformAggrSubquery::check_is_filter	pointer membership test: ObOptimizerUtil::find_item	bret = ObOptimizerUtil::find_item(static_cast<const ObSelectStmt&>(stmt).get_having_exprs(),
src/sql/rewrite/ob_transform_aggr_subquery.cpp	2115	ObTransformAggrSubquery::get_filters	pointer membership test: ObOptimizerUtil::find_item	if (ObOptimizerUtil::find_item(stmt.get_condition_exprs(), expr)) {
src/sql/rewrite/ob_transform_aggr_subquery.cpp	2121	ObTransformAggrSubquery::get_filters	pointer membership test: ObOptimizerUtil::find_item	if (ObOptimizerUtil::find_item(sel_stmt.get_group_exprs(), expr) ||
src/sql/rewrite/ob_transform_aggr_subquery.cpp	2122	ObTransformAggrSubquery::get_filters	pointer membership test: ObOptimizerUtil::find_item	ObOptimizerUtil::find_item(sel_stmt.get_aggr_items(), expr) ||
src/sql/rewrite/ob_transform_aggr_subquery.cpp	2123	ObTransformAggrSubquery::get_filters	pointer membership test: ObOptimizerUtil::find_item	ObOptimizerUtil::find_item(sel_stmt.get_having_exprs(), expr)) {
src/sql/rewrite/ob_transform_aggr_subquery.cpp	2173	ObTransformAggrSubquery::extract_no_rewrite_expr	pointer membership test: add_var_to_array_no_dup	} else if (OB_FAIL(add_var_to_array_no_dup(no_rewrite_exprs_, expr))) {
src/sql/rewrite/ob_transform_conditional_aggr_coalesce.cpp	223	ObTransformConditionalAggrCoalesce::check_case_when_validity	pointer membership test: append_array_no_dup	} else if (OB_FAIL(append_array_no_dup(depend_exprs, select_stmt->get_group_exprs()))) {
src/sql/rewrite/ob_transform_conditional_aggr_coalesce.cpp	279	ObTransformConditionalAggrCoalesce::inner_extract_extra_dep_cols	pointer membership test: ObOptimizerUtil::find_item	} else if (ObOptimizerUtil::find_item(exclude_exprs, target_expr)) {
src/sql/rewrite/ob_transform_conditional_aggr_coalesce.cpp	282	ObTransformConditionalAggrCoalesce::inner_extract_extra_dep_cols	pointer membership test: add_var_to_array_no_dup	if (OB_FAIL(add_var_to_array_no_dup(extra_dep_cols, target_expr))) {
src/sql/rewrite/ob_transform_conditional_aggr_coalesce.cpp	605	ObTransformConditionalAggrCoalesce::coalesce_cond_aggrs	pointer membership test: ObOptimizerUtil::find_item	} else if (ObOptimizerUtil::find_item(cond_aggrs, aggr_expr)) {
src/sql/rewrite/ob_transform_conditional_aggr_coalesce.cpp	749	ObTransformConditionalAggrCoalesce::collect_pushdown_select	pointer membership test: append_array_no_dup	} else if (OB_FAIL(append_array_no_dup(pushdown_select, coalesced_case_exprs))) {
src/sql/rewrite/ob_transform_conditional_aggr_coalesce.cpp	752	ObTransformConditionalAggrCoalesce::collect_pushdown_select	pointer membership test: add_var_to_array_no_dup	if (OB_FAIL(add_var_to_array_no_dup(pushdown_select,
src/sql/rewrite/ob_transform_conditional_aggr_coalesce.cpp	853	ObTransformConditionalAggrCoalesce::refresh_project_name	IR pointer == unresolved pointer	} else if (parent_stmt == static_cast<ObDMLStmt*>(select_stmt)) {
src/sql/rewrite/ob_transform_conditional_aggr_coalesce.cpp	864	ObTransformConditionalAggrCoalesce::refresh_project_name	IR pointer != unresolved pointer	} else if (table_item->ref_query_ != select_stmt) {
src/sql/rewrite/ob_transform_const_propagate.cpp	89	ObTransformConstPropagate::ExprConstInfo::merge_complex	IR pointer != IR pointer	if (OB_UNLIKELY(column_expr_ != other.column_expr_)) {
src/sql/rewrite/ob_transform_const_propagate.cpp	119	ObTransformConstPropagate::ConstInfoContext::add_const_info	IR pointer == IR pointer	if (const_info.column_expr_ == cur_info.const_expr_) {
src/sql/rewrite/ob_transform_const_propagate.cpp	160	ObTransformConstPropagate::ConstInfoContext::find_exclude_expr	IR pointer == IR pointer	if (active_const_infos_.at(i).exclude_expr_ == expr) {
src/sql/rewrite/ob_transform_const_propagate.cpp	165	ObTransformConstPropagate::ConstInfoContext::find_exclude_expr	pointer membership test: ObOptimizerUtil::find_item	found = ObOptimizerUtil::find_item(extra_excluded_exprs_, expr);
src/sql/rewrite/ob_transform_const_propagate.cpp	483	ObTransformConstPropagate::find_const_expr	IR pointer == IR pointer	if (expr == expr_const_infos.at(i).column_expr_) {
src/sql/rewrite/ob_transform_const_propagate.cpp	1055	ObTransformConstPropagate::replace_internal	IR pointer != IR pointer	} else if (cur_expr != column_expr) {
src/sql/rewrite/ob_transform_const_propagate.cpp	1235	ObTransformConstPropagate::check_need_cast_when_replace	pointer membership test: ObOptimizerUtil::find_item	} else if (OB_NOT_NULL(agg_expr) && ObOptimizerUtil::find_item(agg_params, expr)) {
src/sql/rewrite/ob_transform_const_propagate.cpp	1237	ObTransformConstPropagate::check_need_cast_when_replace	pointer membership test: ObOptimizerUtil::find_item	} else if (ObOptimizerUtil::find_item(win_expr->get_func_params(), expr)) {
src/sql/rewrite/ob_transform_const_propagate.cpp	1266	ObTransformConstPropagate::check_is_in_or_notin_param	IR pointer == IR pointer	is_right_param = cur_expr->get_param_expr(1) == parent_exprs.at(i + 1);
src/sql/rewrite/ob_transform_const_propagate.cpp	1425	ObTransformConstPropagate::recursive_check_can_replace_in_select	IR pointer == IR pointer	} else if (expr == target_expr) {
src/sql/rewrite/ob_transform_const_propagate.cpp	1552	ObTransformConstPropagate::is_parent_null_side	IR pointer != unresolved pointer	table_item->ref_query_ != stmt) {
src/sql/rewrite/ob_transform_const_propagate.cpp	1766	ObTransformConstPropagate::merge_complex_const_infos	IR pointer == IR pointer	if (param_expr == new_const_infos.at(j).column_expr_) {
src/sql/rewrite/ob_transform_const_propagate.cpp	1915	ObTransformConstPropagate::do_check_constraint_param_expr_vaildity	IR pointer == IR pointer	is_valid = column_param_expr == part_items.at(i).part_expr_ ||
src/sql/rewrite/ob_transform_const_propagate.cpp	1916	ObTransformConstPropagate::do_check_constraint_param_expr_vaildity	IR pointer == IR pointer	column_param_expr == part_items.at(i).subpart_expr_;
src/sql/rewrite/ob_transform_const_propagate.cpp	1921	ObTransformConstPropagate::do_check_constraint_param_expr_vaildity	IR pointer == IR pointer	is_found = (column_param_expr == expr_const_infos.at(i).column_expr_);
src/sql/rewrite/ob_transform_const_propagate.cpp	1987	ObTransformConstPropagate::check_all_const_propagate_column	IR pointer == IR pointer	if (column_exprs.at(i) == expr_const_infos.at(j).column_expr_) {
src/sql/rewrite/ob_transform_const_propagate.cpp	2079	ObTransformConstPropagate::do_replace_check_constraint_expr	IR pointer == IR pointer	} else if (OB_ISNULL(value_expr = (part_column_expr == new_check_cst_expr->get_param_expr(0) ?
src/sql/rewrite/ob_transform_const_propagate.cpp	2141	ObTransformConstPropagate::build_new_in_condition_expr	IR pointer == IR pointer	if (part_column_expr == check_constraint_expr->get_param_expr(0)) {
src/sql/rewrite/ob_transform_const_propagate.cpp	2143	ObTransformConstPropagate::build_new_in_condition_expr	IR pointer == IR pointer	} else if (part_column_expr == check_constraint_expr->get_param_expr(1)) {
src/sql/rewrite/ob_transform_const_propagate.cpp	2188	ObTransformConstPropagate::batch_mark_expr_const_infos_used	IR pointer == IR pointer	if (column_exprs.at(i) == expr_const_infos.at(j).column_expr_) {
src/sql/rewrite/ob_transform_const_propagate.cpp	2221	ObTransformConstPropagate::generate_pullup_const_info	IR pointer == IR pointer	} else if (expr == cur_info.column_expr_) {
src/sql/rewrite/ob_transform_const_propagate.cpp	2245	ObTransformConstPropagate::acquire_pullup_infos	pointer cast to integer used as a key	const uint64_t key = reinterpret_cast<const uint64_t>(stmt);
src/sql/rewrite/ob_transform_const_propagate.cpp	2282	ObTransformConstPropagate::collect_from_pullup_const_infos	pointer cast to integer used as a key	const uint64_t key = reinterpret_cast<const uint64_t>(stmt);
src/sql/rewrite/ob_transform_const_propagate.cpp	2300	ObTransformConstPropagate::collect_from_pullup_const_infos	IR pointer == IR pointer	if (expr == pullup_info.column_expr_) {
src/sql/rewrite/ob_transform_count_to_exists.cpp	397	ObTransformCountToExists::do_transform	pointer membership test: ObOptimizerUtil::remove_item	} else if (OB_FAIL(ObOptimizerUtil::remove_item(stmt->get_condition_exprs(),
src/sql/rewrite/ob_transform_decorrelate.cpp	503	ObTransformDecorrelate::do_transform_lateral_inline_view	pointer membership test: ObOptimizerUtil::remove_item	} else if (OB_FAIL(ObOptimizerUtil::remove_item(ref_query->get_condition_exprs(),
src/sql/rewrite/ob_transform_decorrelate.cpp	763	ObTransformDecorrelate::do_transform_aggr_lateral_inline_view	pointer membership test: ObOptimizerUtil::remove_item	} else if (OB_FAIL(ObOptimizerUtil::remove_item(ref_query->get_condition_exprs(),
src/sql/rewrite/ob_transform_decorrelate.cpp	774	ObTransformDecorrelate::do_transform_aggr_lateral_inline_view	pointer membership test: ObOptimizerUtil::find_item	} else if (ObOptimizerUtil::find_item(ref_query->get_group_exprs(),
src/sql/rewrite/ob_transform_decorrelate.cpp	791	ObTransformDecorrelate::do_transform_aggr_lateral_inline_view	pointer membership test: ObOptimizerUtil::find_item	} else if (ObOptimizerUtil::find_item(select_exprs, not_null_expr, &idx)) {
src/sql/rewrite/ob_transform_distinct_aggregate.cpp	109	ObTransformDistinctAggregate::check_transform_validity	pointer membership test: ObOptimizerUtil::append_exprs_no_dup (pointer identity, then same_as)	if (OB_FAIL(ObOptimizerUtil::append_exprs_no_dup(distinct_exprs,
src/sql/rewrite/ob_transform_distinct_aggregate.cpp	126	ObTransformDistinctAggregate::check_transform_validity	IR pointer != IR pointer	} else if (param_expr != distinct_exprs.at(k)
src/sql/rewrite/ob_transform_distinct_aggregate.cpp	242	ObTransformDistinctAggregate::construct_view_select_exprs	pointer membership test: add_var_to_array_no_dup	if (OB_FAIL(add_var_to_array_no_dup(view_select_exprs, static_cast<ObRawExpr*>(non_distinct_aggr.at(i))))) {
src/sql/rewrite/ob_transform_distinct_aggregate.cpp	268	ObTransformDistinctAggregate::construct_view_group_exprs	pointer membership test: add_var_to_array_no_dup	} else if (OB_FAIL(add_var_to_array_no_dup(view_group_exprs, param_expr))) {
src/sql/rewrite/ob_transform_eliminate_outer_join.cpp	125	ObTransformEliminateOuterJoin::recursive_eliminate_outer_join_in_table_item	pointer membership test: append_array_no_dup	if (OB_FAIL(append_array_no_dup(left_child_conditions, conditions))) {
src/sql/rewrite/ob_transform_eliminate_outer_join.cpp	127	ObTransformEliminateOuterJoin::recursive_eliminate_outer_join_in_table_item	pointer membership test: append_array_no_dup	&& OB_FAIL(append_array_no_dup(left_child_conditions, process_join->join_conditions_))) {
src/sql/rewrite/ob_transform_eliminate_outer_join.cpp	137	ObTransformEliminateOuterJoin::recursive_eliminate_outer_join_in_table_item	pointer membership test: append_array_no_dup	if (OB_FAIL(append_array_no_dup(right_child_conditions, conditions))) {
src/sql/rewrite/ob_transform_eliminate_outer_join.cpp	139	ObTransformEliminateOuterJoin::recursive_eliminate_outer_join_in_table_item	pointer membership test: append_array_no_dup	&& OB_FAIL(append_array_no_dup(right_child_conditions, process_join->join_conditions_))) {
src/sql/rewrite/ob_transform_eliminate_outer_join.cpp	287	ObTransformEliminateOuterJoin::do_eliminate_outer_join	pointer membership test: append_array_no_dup	} else if (OB_FAIL(append_array_no_dup(conditions, cur_joined_table->join_conditions_))) {
src/sql/rewrite/ob_transform_expr_pullup.cpp	422	ObTransformExprPullup::extract_params	pointer membership test: ObRawExprUtils::find_expr	if (!ObRawExprUtils::find_expr(param_exprs, expr)) {
src/sql/rewrite/ob_transform_expr_pullup.h	42	ObExprNodeMap::get_hash_value	pointer cast to integer used for hashing or a bucket choice	return (uint64_t)(expr);
src/sql/rewrite/ob_transform_groupby_pullup.cpp	119	ObTransformGroupByPullup::check_group_by_subset	pointer membership test: ObTransformUtils::get_expr_idx	} else if (OB_FAIL(ObTransformUtils::get_expr_idx(group_exprs, expr, idx))) {
src/sql/rewrite/ob_transform_groupby_pullup.cpp	1113	ObTransformGroupByPullup::find_operator	IR pointer == IR pointer	parents.at(0)->get_stmt() == root->get_stmt()) {
src/sql/rewrite/ob_transform_groupby_pullup.cpp	1186	ObTransformGroupByPullup::extract_columns_in_join_conditions	pointer membership test: append_array_no_dup	} else if (OB_FAIL(append_array_no_dup(column_exprs, tmp_column_exprs))) {
src/sql/rewrite/ob_transform_groupby_pullup.cpp	1198	ObTransformGroupByPullup::extract_columns_in_join_conditions	pointer membership test: append_array_no_dup	} else if (OB_FAIL(append_array_no_dup(column_exprs, tmp_column_exprs))) {
src/sql/rewrite/ob_transform_groupby_pullup.cpp	1208	ObTransformGroupByPullup::extract_columns_in_join_conditions	pointer membership test: append_array_no_dup	} else if (OB_FAIL(append_array_no_dup(column_exprs, tmp_column_exprs))) {
src/sql/rewrite/ob_transform_groupby_pullup.cpp	1228	ObTransformGroupByPullup::get_group_by_subset	pointer membership test: ObTransformUtils::get_expr_idx	} else if (OB_FAIL(ObTransformUtils::get_expr_idx(group_exprs, expr, idx))) {
src/sql/rewrite/ob_transform_groupby_pullup.cpp	1234	ObTransformGroupByPullup::get_group_by_subset	pointer membership test: add_var_to_array_no_dup	} else if (OB_FAIL(add_var_to_array_no_dup(subset_group_exprs, expr))) {
src/sql/rewrite/ob_transform_groupby_pushdown.cpp	184	ObTransformGroupByPushdown::try_push_down_groupby_into_union	IR pointer == IR pointer	if (trans_stmt == stmt) {
src/sql/rewrite/ob_transform_groupby_pushdown.cpp	694	ObTransformGroupByPushdown::transform_parent_stmt_of_union	IR pointer != unresolved pointer	OB_UNLIKELY(table_item->ref_query_ != union_stmt)) {
src/sql/rewrite/ob_transform_groupby_pushdown.cpp	1135	ObTransformGroupByPushdown::check_group_by_subset	pointer membership test: ObTransformUtils::get_expr_idx	} else if (OB_FAIL(ObTransformUtils::get_expr_idx(group_exprs, expr, idx))) {
src/sql/rewrite/ob_transform_groupby_pushdown.cpp	2189	ObTransformGroupByPushdown::push_down_groupby_into_cross_join	pointer membership test: add_var_to_array_no_dup	if (OB_FAIL(add_var_to_array_no_dup(view_select_exprs, static_cast<ObRawExpr*>(stmt->get_aggr_items().at(i))))) {
src/sql/rewrite/ob_transform_groupby_pushdown.cpp	2193	ObTransformGroupByPushdown::push_down_groupby_into_cross_join	pointer membership test: append_array_no_dup	if (OB_FAIL(append_array_no_dup(view_select_exprs, stmt->get_group_exprs()))) {
src/sql/rewrite/ob_transform_groupby_pushdown.cpp	2405	ObTransformGroupByPushdown::push_down_group_by_into_view	pointer membership test: ObOptimizerUtil::remove_item	} else if (OB_FAIL(ObOptimizerUtil::remove_item(stmt->get_condition_exprs(),
src/sql/rewrite/ob_transform_groupby_pushdown.cpp	2463	ObTransformGroupByPushdown::push_down_group_by_into_view	pointer membership test: ObOptimizerUtil::remove_item	} else if (OB_FAIL(ObOptimizerUtil::remove_item(stmt->get_joined_tables(), table))) {
src/sql/rewrite/ob_transform_groupby_pushdown.cpp	2481	ObTransformGroupByPushdown::push_down_group_by_into_view	pointer membership test: append_array_no_dup	} else if (OB_FAIL(append_array_no_dup(sub_stmt->get_group_exprs(), params.join_columns_))) {
src/sql/rewrite/ob_transform_groupby_pushdown.cpp	2482	ObTransformGroupByPushdown::push_down_group_by_into_view	pointer membership test: append_array_no_dup	} else if (OB_FAIL(append_array_no_dup(sub_stmt->get_group_exprs(), params.group_exprs_))) {
src/sql/rewrite/ob_transform_groupby_pushdown.cpp	2539	ObTransformGroupByPushdown::update_joined_table	IR pointer == unresolved pointer	if (joined_table->left_table_ == old_table) {
src/sql/rewrite/ob_transform_groupby_pushdown.cpp	2542	ObTransformGroupByPushdown::update_joined_table	IR pointer == unresolved pointer	} else if (joined_table->right_table_ == old_table) {
src/sql/rewrite/ob_transform_groupby_pushdown.cpp	2724	ObTransformGroupByPushdown::add_exprs	pointer membership test: add_var_to_array_no_dup	} else if (OB_FAIL(add_var_to_array_no_dup(dest, expr))) {
src/sql/rewrite/ob_transform_join_elimination.cpp	1170	ObTransformJoinElimination::get_eliminable_tables	pointer membership test: ObOptimizerUtil::find_item	if (ObOptimizerUtil::find_item(helper.parent_table_items_, parent_table)) {
src/sql/rewrite/ob_transform_join_elimination.cpp	1472	ObTransformJoinElimination::eliminate_semi_join_self_key	pointer membership test: ObOptimizerUtil::remove_item	if (OB_FAIL(ObOptimizerUtil::remove_item(stmt->get_semi_infos(), semi_info))) {
src/sql/rewrite/ob_transform_join_elimination.cpp	1537	ObTransformJoinElimination::eliminate_semi_join_foreign_key	pointer membership test: ObOptimizerUtil::remove_item	} else if (OB_FAIL(ObOptimizerUtil::remove_item(stmt->get_semi_infos(), semi_info))) {
src/sql/rewrite/ob_transform_join_elimination.cpp	1898	ObTransformJoinElimination::try_remove_semi_info	pointer membership test: ObOptimizerUtil::remove_item	} else if (OB_FAIL(ObOptimizerUtil::remove_item(stmt->get_semi_infos(), semi_info))) {
src/sql/rewrite/ob_transform_join_elimination.cpp	2471	ObTransformJoinElimination::trans_semi_condition_exprs	IR pointer == IR pointer	} else if (expr->get_param_expr(0) == expr->get_param_expr(1)) {
src/sql/rewrite/ob_transform_join_elimination.cpp	2806	ObTransformJoinElimination::extract_equal_join_columns	pointer membership test: ObOptimizerUtil::find_item	if (!ObOptimizerUtil::find_item(upper_column_exprs, col1, &idx)) {
src/sql/rewrite/ob_transform_join_elimination.cpp	2814	ObTransformJoinElimination::extract_equal_join_columns	pointer membership test: ObOptimizerUtil::find_item	if (!ObOptimizerUtil::find_item(upper_column_exprs, col2, &idx)) {
src/sql/rewrite/ob_transform_join_elimination.cpp	2947	ObTransformJoinElimination::classify_joined_table	IR pointer != IR pointer	} else if (cur_joined_table != joined_table &&
src/sql/rewrite/ob_transform_join_elimination.cpp	3162	ObTransformJoinElimination::eliminate_candi_tables	pointer membership test: ObOptimizerUtil::remove_item	&& OB_FAIL(ObOptimizerUtil::remove_item(candi_tables, removed_tables))) {
src/sql/rewrite/ob_transform_join_elimination.cpp	3194	ObTransformJoinElimination::rebuild_joined_tables	pointer membership test: ObOptimizerUtil::remove_item	} else if (OB_FAIL(ObOptimizerUtil::remove_item(join_conds, cur_join_conds))) {
src/sql/rewrite/ob_transform_join_elimination.cpp	3269	ObTransformJoinElimination::trans_self_equal_conds	IR pointer == IR pointer	&& op->get_param_expr(0) == op->get_param_expr(1)) {
src/sql/rewrite/ob_transform_join_elimination.cpp	3380	ObTransformJoinElimination::do_trans_equal_join_condition	IR pointer != IR pointer	(param1 != param2 && !param1->same_as(*param2))) {
src/sql/rewrite/ob_transform_join_limit_pushdown.cpp	32	ObTransformJoinLimitPushDown::LimitPushDownHelper::is_table_lazy_join	IR pointer == unresolved pointer	if (table == lazy_join_tables_.at(i).right_table_) {
src/sql/rewrite/ob_transform_join_limit_pushdown.cpp	644	ObTransformJoinLimitPushDown::do_transform	pointer membership test: ObOptimizerUtil::remove_item	} else if (OB_FAIL(ObOptimizerUtil::remove_item(select_stmt->get_condition_exprs(),
src/sql/rewrite/ob_transform_join_limit_pushdown.cpp	646	ObTransformJoinLimitPushDown::do_transform	pointer membership test: ObOptimizerUtil::remove_item	} else if (OB_FAIL(ObOptimizerUtil::remove_item(select_stmt->get_semi_infos(),
src/sql/rewrite/ob_transform_late_materialization.cpp	733	ObTransformLateMaterialization::generate_pk_join_conditions	pointer membership test: ObOptimizerUtil::find_item	OB_UNLIKELY(!ObOptimizerUtil::find_item(old_col_exprs, table_col, &idx)) ||
src/sql/rewrite/ob_transform_left_join_to_anti.cpp	151	ObTransformLeftJoinToAnti::transform_left_join_to_anti_join	pointer membership test: ObOptimizerUtil::remove_item	} else if (OB_FAIL(ObOptimizerUtil::remove_item(stmt->get_condition_exprs(),
src/sql/rewrite/ob_transform_min_max.cpp	240	ObTransformMinMax::deep_copy_subquery_for_aggr	pointer membership test: ObOptimizerUtil::find_item	} else if (!ObOptimizerUtil::find_item(select_exprs, aggr_param, &new_aggr_param_index)) {
src/sql/rewrite/ob_transform_min_max.cpp	287	ObTransformMinMax::is_valid_aggr_items	pointer membership test: is_contain	} else if (is_contain(valid_col_exprs, expr->get_param_expr(0))) {
src/sql/rewrite/ob_transform_or_expansion.cpp	604	ObTransformOrExpansion::create_single_joined_table_stmt	pointer membership test: ObOptimizerUtil::remove_item	} else if (OB_FAIL(ObOptimizerUtil::remove_item(trans_stmt->get_condition_exprs(),
src/sql/rewrite/ob_transform_or_expansion.cpp	762	ObTransformOrExpansion::add_select_item_to_ref_query	pointer membership test: ObOptimizerUtil::find_item	if (ObOptimizerUtil::find_item(select_exprs, right_flag_exprs.at(0), &idx)) {
src/sql/rewrite/ob_transform_or_expansion.cpp	769	ObTransformOrExpansion::add_select_item_to_ref_query	pointer membership test: ObOptimizerUtil::find_item	if (ObOptimizerUtil::find_item(select_exprs, left_unique_exprs.at(i), &idx)) {
src/sql/rewrite/ob_transform_or_expansion.cpp	796	ObTransformOrExpansion::recover_flag_temp_table	IR pointer != IR pointer	} else if (view_stmt != orig_flag_stmt) {
src/sql/rewrite/ob_transform_or_expansion.cpp	1154	ObTransformOrExpansion::convert_expect_ordering	IR pointer == IR pointer	} else if (expect_ordering.empty() || orig_stmt == spj_stmt) {
src/sql/rewrite/ob_transform_or_expansion.cpp	1253	ObTransformOrExpansion::merge_stmt	IR pointer == IR pointer	} else if (upper_stmt == input_stmt) {
src/sql/rewrite/ob_transform_or_expansion.cpp	1392	ObTransformOrExpansion::get_common_columns_in_condition	pointer membership test: ObOptimizerUtil::intersect	} else if (OB_FAIL(ObOptimizerUtil::intersect(pre_cols, cur_cols, pre_cols))) {
src/sql/rewrite/ob_transform_or_expansion.cpp	1425	ObTransformOrExpansion::inner_get_common_columns_in_condition	pointer membership test: add_var_to_array_no_dup	} else if (OB_FAIL(add_var_to_array_no_dup(cols, const_cast<ObRawExpr*>(param)))) {
src/sql/rewrite/ob_transform_or_expansion.cpp	1433	ObTransformOrExpansion::inner_get_common_columns_in_condition	pointer membership test: add_var_to_array_no_dup	} else if (OB_FAIL(add_var_to_array_no_dup(cols, const_expr))) {
src/sql/rewrite/ob_transform_or_expansion.cpp	3063	ObTransformOrExpansion::check_left_bottom_table	IR pointer == IR pointer	} else if (rel_table == table){
src/sql/rewrite/ob_transform_pre_process.cpp	483	ObTransformPreProcess::add_exec_params	pointer cast to integer used as a key	uint64_t key = reinterpret_cast<uint64_t>(exec_param);
src/sql/rewrite/ob_transform_pre_process.cpp	504	ObTransformPreProcess::has_new_exec_param	pointer cast to integer used as a key	uint64_t key = reinterpret_cast<uint64_t>(expr);
src/sql/rewrite/ob_transform_pre_process.cpp	540	ObTransformPreProcess::calc_grouping_in_grouping_sets	pointer membership test: ObOptimizerUtil::find_item	} else if (ObOptimizerUtil::find_item(groupby_exprs, expr->get_param_expr(0)) ||
src/sql/rewrite/ob_transform_pre_process.cpp	541	ObTransformPreProcess::calc_grouping_in_grouping_sets	pointer membership test: ObOptimizerUtil::find_item	ObOptimizerUtil::find_item(rollup_exprs, expr->get_param_expr(0))) {
src/sql/rewrite/ob_transform_pre_process.cpp	675	ObTransformPreProcess::collect_all_tableitem	pointer membership test: add_var_to_array_no_dup	OB_FAIL(add_var_to_array_no_dup(table_item_list, table_item))) {
src/sql/rewrite/ob_transform_pre_process.cpp	695	ObTransformPreProcess::get_inner_aggr_exprs	pointer membership test: add_var_to_array_no_dup	if (OB_FAIL(add_var_to_array_no_dup(inner_aggr_exprs,
src/sql/rewrite/ob_transform_pre_process.cpp	726	ObTransformPreProcess::get_first_level_output_exprs	pointer membership test: add_var_to_array_no_dup	} else if (OB_FAIL(add_var_to_array_no_dup(inner_aggr_exprs,
src/sql/rewrite/ob_transform_pre_process.cpp	762	ObTransformPreProcess::generate_child_level_aggr_stmt	pointer membership test: add_var_to_array_no_dup	if (OB_FAIL(add_var_to_array_no_dup(sub_stmt->get_aggr_items(), inner_aggr_exprs.at(j)))) {
src/sql/rewrite/ob_transform_pre_process.cpp	3067	ObTransformPreProcess::get_rollup_const_exprs	pointer membership test: ObOptimizerUtil::find_item	if (ObOptimizerUtil::find_item(query_ref_exprs, expr)) {
src/sql/rewrite/ob_transform_pre_process.cpp	3083	ObTransformPreProcess::get_rollup_const_exprs	pointer membership test: ObOptimizerUtil::find_item	if (ObOptimizerUtil::find_item(static_const_exprs, expr)) {
src/sql/rewrite/ob_transform_pre_process.cpp	3098	ObTransformPreProcess::get_rollup_const_exprs	pointer membership test: ObOptimizerUtil::find_item	}  else if (ObOptimizerUtil::find_item(exec_param_exprs, expr)) {
src/sql/rewrite/ob_transform_pre_process.cpp	3176	ObTransformPreProcess::replace_remove_const_exprs	pointer membership test: ObOptimizerUtil::find_item	} else if (ObOptimizerUtil::find_item(static_const_exprs, agg_expr->get_param_expr(j), &pos)) {
src/sql/rewrite/ob_transform_pre_process.cpp	3182	ObTransformPreProcess::replace_remove_const_exprs	pointer membership test: ObOptimizerUtil::find_item	} else if (ObOptimizerUtil::find_item(exec_params, agg_expr->get_param_expr(j), &pos)) {
src/sql/rewrite/ob_transform_pre_process.cpp	3318	ObTransformPreProcess::do_remove_shared_expr	pointer cast to integer used as a key	uint64_t key = reinterpret_cast<uint64_t>(expr);
src/sql/rewrite/ob_transform_pre_process.cpp	3323	ObTransformPreProcess::do_remove_shared_expr	pointer membership test: ObOptimizerUtil::find_item	has_padnull_column = ObOptimizerUtil::find_item(padnull_exprs, expr);
src/sql/rewrite/ob_transform_pre_process.cpp	3467	ObTransformPreProcess::expand_for_last_insert_id	IR pointer == IR pointer	ObRawExpr *param_expr = check_expr == left ? right : left;
src/sql/rewrite/ob_transform_pre_process.cpp	3484	ObTransformPreProcess::expand_for_last_insert_id	IR pointer == IR pointer	} else if (new_expr->get_param_expr(0) == check_expr) {
src/sql/rewrite/ob_transform_pre_process.cpp	3659	ObTransformPreProcess::check_is_correlated_cte	pointer membership test: ObOptimizerUtil::find_item	} else if (ObOptimizerUtil::find_item(visited_cte, table->ref_query_)) {
src/sql/rewrite/ob_transform_predicate_move_around.cpp	465	ObTransformPredicateMoveAround::generate_pullup_predicates_for_subquery	pointer membership test: append_array_no_dup	} else if (OB_FAIL(append_array_no_dup(processed_subquery, subquery_exprs))) {
src/sql/rewrite/ob_transform_predicate_move_around.cpp	476	ObTransformPredicateMoveAround::generate_pullup_predicates_for_subquery	pointer membership test: append_array_no_dup	} else if (OB_FAIL(append_array_no_dup(processed_subquery, subquery_exprs))) {
src/sql/rewrite/ob_transform_predicate_move_around.cpp	488	ObTransformPredicateMoveAround::generate_pullup_predicates_for_subquery	pointer membership test: append_array_no_dup	} else if (OB_FAIL(append_array_no_dup(processed_subquery, subquery_exprs))) {
src/sql/rewrite/ob_transform_predicate_move_around.cpp	501	ObTransformPredicateMoveAround::generate_pullup_predicates_for_subquery	pointer membership test: append_array_no_dup	} else if (OB_FAIL(append_array_no_dup(processed_subquery, subquery_exprs))) {
src/sql/rewrite/ob_transform_predicate_move_around.cpp	513	ObTransformPredicateMoveAround::generate_pullup_predicates_for_subquery	pointer membership test: append_array_no_dup	} else if (OB_FAIL(append_array_no_dup(processed_subquery, subquery_exprs))) {
src/sql/rewrite/ob_transform_predicate_move_around.cpp	918	ObTransformPredicateMoveAround::recursive_check_expr_pullup_validity	pointer membership test: ObOptimizerUtil::find_item	state = ObOptimizerUtil::find_item(pullup_list, expr) ? 1 : -1;
src/sql/rewrite/ob_transform_predicate_move_around.cpp	1135	ObTransformPredicateMoveAround::pushdown_predicates	pointer membership test: add_var_to_array_no_dup	} else if (is_happened && OB_FAIL(add_var_to_array_no_dup(transed_stmts_, stmt))) {
src/sql/rewrite/ob_transform_predicate_move_around.cpp	1457	ObTransformPredicateMoveAround::remove_useless_equal_const_preds	pointer membership test: ObOptimizerUtil::remove_item	OB_FAIL(ObOptimizerUtil::remove_item(exprs, equal_const_preds))) {
src/sql/rewrite/ob_transform_predicate_move_around.cpp	1502	ObTransformPredicateMoveAround::pushdown_into_set_stmt	pointer membership test: ObOptimizerUtil::find_item	|| (stmt->is_set_stmt() && ObOptimizerUtil::find_item(transed_stmts_, stmt)))
src/sql/rewrite/ob_transform_predicate_move_around.cpp	1503	ObTransformPredicateMoveAround::pushdown_into_set_stmt	pointer membership test: add_var_to_array_no_dup	&& OB_FAIL(add_var_to_array_no_dup(transed_stmts_, static_cast<ObDMLStmt*>(parent_stmt)))) {
src/sql/rewrite/ob_transform_predicate_move_around.cpp	1964	ObTransformPredicateMoveAround::check_pushdown_through_rollup_validity	pointer membership test: ObOptimizerUtil::find_item	} else if (ObOptimizerUtil::find_item(rollup_exprs, expr)) {
src/sql/rewrite/ob_transform_predicate_move_around.cpp	2589	ObTransformPredicateMoveAround::pushdown_semi_info_right_filter	pointer membership test: ObOptimizerUtil::remove_item	} else if (OB_FAIL(ObOptimizerUtil::remove_item(semi_info->semi_conditions_, right_filters))) {
src/sql/rewrite/ob_transform_predicate_move_around.cpp	2590	ObTransformPredicateMoveAround::pushdown_semi_info_right_filter	pointer membership test: add_var_to_array_no_dup	} else if (OB_FAIL(add_var_to_array_no_dup(transed_stmts_, stmt))) {
src/sql/rewrite/ob_transform_predicate_move_around.cpp	2617	ObTransformPredicateMoveAround::pushdown_semi_info_right_filter	IR pointer != IR pointer	if (OB_UNLIKELY(upper_stmt != stmt)) {
src/sql/rewrite/ob_transform_predicate_move_around.cpp	2683	ObTransformPredicateMoveAround::pushdown_into_table	pointer membership test: ObOptimizerUtil::find_item	ObOptimizerUtil::find_item(transed_stmts_, table_item->ref_query_)))
src/sql/rewrite/ob_transform_predicate_move_around.cpp	2684	ObTransformPredicateMoveAround::pushdown_into_table	pointer membership test: add_var_to_array_no_dup	&& OB_FAIL(add_var_to_array_no_dup(transed_stmts_, stmt))) {
src/sql/rewrite/ob_transform_predicate_move_around.cpp	2705	ObTransformPredicateMoveAround::pushdown_into_table	IR pointer == unresolved pointer	} else if (temp_table_info->table_query_ == table_item->ref_query_) {
src/sql/rewrite/ob_transform_predicate_move_around.cpp	2708	ObTransformPredicateMoveAround::pushdown_into_table	IR pointer != unresolved pointer	if (table_info.table_item_ != table_item) {
src/sql/rewrite/ob_transform_predicate_move_around.cpp	2732	ObTransformPredicateMoveAround::pushdown_into_table	pointer membership test: ObOptimizerUtil::remove_item	} else if (OB_FAIL(ObOptimizerUtil::remove_item(preds, table_preds.at(i)))) {
src/sql/rewrite/ob_transform_predicate_move_around.cpp	3023	ObTransformPredicateMoveAround::acquire_transform_params	pointer cast to integer used as a key	const uint64_t key = reinterpret_cast<const uint64_t>(stmt);
src/sql/rewrite/ob_transform_predicate_move_around.cpp	3083	ObTransformPredicateMoveAround::get_columns_in_filters	pointer membership test: append_array_no_dup	} else if (OB_FAIL(append_array_no_dup(columns, tmp_exprs))) {
src/sql/rewrite/ob_transform_predicate_move_around.cpp	3185	ObTransformPredicateMoveAround::create_equal_exprs_for_insert	pointer membership test: ObOptimizerUtil::find_item	} else if (!ObOptimizerUtil::find_item(part_exprs, target_exprs.at(i))) {
src/sql/rewrite/ob_transform_predicate_move_around.cpp	3229	ObTransformPredicateMoveAround::create_equal_exprs_for_insert	pointer membership test: add_var_to_array_no_dup	} else if (OB_FAIL(add_var_to_array_no_dup(transed_stmts_, static_cast<ObDMLStmt *>(del_upd_stmt)))) {
src/sql/rewrite/ob_transform_predicate_move_around.cpp	3397	ObTransformPredicateMoveAround::remove_simple_op_null_condition	pointer membership test: ObOptimizerUtil::remove_item	if (OB_SUCC(ret) && OB_FAIL(ObOptimizerUtil::remove_item(pullup_preds, const_preds))) {
src/sql/rewrite/ob_transform_predicate_move_around.cpp	3451	ObTransformPredicateMoveAround::is_column_expr_null	IR pointer == IR pointer	child_expr == filter_preds.at(i)->get_param_expr(0)) {
src/sql/rewrite/ob_transform_predicate_move_around.cpp	3496	ObTransformPredicateMoveAround::extract_filter_column_exprs_for_insert	pointer membership test: ObOptimizerUtil::find_item	} else if (!ObOptimizerUtil::find_item(part_exprs, target_exprs.at(i))) {
src/sql/rewrite/ob_transform_predicate_move_around.cpp	3500	ObTransformPredicateMoveAround::extract_filter_column_exprs_for_insert	pointer membership test: append_array_no_dup	} else if (OB_FAIL(append_array_no_dup(columns, tmp_exprs))) {
src/sql/rewrite/ob_transform_predicate_move_around.cpp	3552	ObTransformPredicateMoveAround::push_down_cte_filter	pointer membership test: ObTransformUtils::find_expr (pointer identity, then same_as)	} else if (OB_FAIL(ObTransformUtils::find_expr(table_filters, common_filters.at(k), find, &check_context))) {
src/sql/rewrite/ob_transform_predicate_move_around.cpp	3587	ObTransformPredicateMoveAround::inner_push_down_cte_filter	pointer membership test: add_var_to_array_no_dup	} else if (OB_FAIL(add_var_to_array_no_dup(transed_stmts_, static_cast<ObDMLStmt *>(info.table_query_)))) {
src/sql/rewrite/ob_transform_predicate_move_around.cpp	3613	ObTransformPredicateMoveAround::inner_push_down_cte_filter	pointer membership test: ObTransformUtils::find_expr (pointer identity, then same_as)	if (OB_FAIL(ObTransformUtils::find_expr(filters, table_filters.at(j), find, &check_context))) {
src/sql/rewrite/ob_transform_predicate_move_around.cpp	3618	ObTransformPredicateMoveAround::inner_push_down_cte_filter	pointer membership test: ObOptimizerUtil::remove_item	} else if (OB_FAIL(ObOptimizerUtil::remove_item(*filter_conditions.at(j), table_filters.at(j)))) {
src/sql/rewrite/ob_transform_predicate_move_around.cpp	3624	ObTransformPredicateMoveAround::inner_push_down_cte_filter	pointer membership test: add_var_to_array_no_dup	} else if (OB_FAIL(add_var_to_array_no_dup(transed_stmts_, info.table_infos_.at(i).upper_stmt_))) {
src/sql/rewrite/ob_transform_query_push_down.cpp	589	ObTransformQueryPushDown::check_select_item_subquery	pointer membership test: ObOptimizerUtil::overlap	} else if (ObOptimizerUtil::overlap(column_exprs, column_exprs_from_subquery)) {
src/sql/rewrite/ob_transform_rule.cpp	551	ObTransformRule::deep_copy_temp_table	pointer membership test: add_var_to_array_no_dup	} else if (OB_FAIL(add_var_to_array_no_dup(old_temp_table_stmts,
src/sql/rewrite/ob_transform_semi_to_inner.cpp	978	ObTransformSemiToInner::do_transform	pointer membership test: ObOptimizerUtil::remove_item	} else if (OB_FAIL(ObOptimizerUtil::remove_item(stmt.get_semi_infos(), semi_info))) {
src/sql/rewrite/ob_transform_semi_to_inner.cpp	996	ObTransformSemiToInner::do_transform	pointer membership test: ObOptimizerUtil::remove_item	} else if (OB_FAIL(ObOptimizerUtil::remove_item(new_condition_exprs,
src/sql/rewrite/ob_transform_semi_to_inner.cpp	1095	ObTransformSemiToInner::do_transform_with_aggr	pointer membership test: ObOptimizerUtil::remove_item	} else if (OB_FAIL(ObOptimizerUtil::remove_item(new_condition_exprs, view_filter_conds))) {
src/sql/rewrite/ob_transform_semi_to_inner.cpp	1098	ObTransformSemiToInner::do_transform_with_aggr	pointer membership test: ObOptimizerUtil::remove_item	} else if (OB_FAIL(ObOptimizerUtil::remove_item(stmt.get_semi_infos(), semi_info))) {
src/sql/rewrite/ob_transform_semi_to_inner.cpp	1145	ObTransformSemiToInner::create_min_max_aggr_expr	IR pointer == IR pointer	target_at_left = condition_expr->get_param_expr(0) == target_param_expr;
src/sql/rewrite/ob_transform_semi_to_inner.cpp	1146	ObTransformSemiToInner::create_min_max_aggr_expr	IR pointer == IR pointer	target_at_right = condition_expr->get_param_expr(1) == target_param_expr;
src/sql/rewrite/ob_transform_semi_to_inner.cpp	1233	ObTransformSemiToInner::add_distinct	IR pointer != IR pointer	} else if (right != item.expr_) {
src/sql/rewrite/ob_transform_semi_to_inner.cpp	1321	ObTransformSemiToInner::is_expected_plan	IR pointer != IR pointer	child != join_op->get_left_table()) {
src/sql/rewrite/ob_transform_simplify_expr.cpp	577	ObTransformSimplifyExpr::check_like_condition	pointer membership test: ObOptimizerUtil::find_item	} else if (ObOptimizerUtil::find_item(old_exprs, expr)) {
src/sql/rewrite/ob_transform_simplify_expr.cpp	974	ObTransformSimplifyExpr::adjust_dummy_expr	pointer membership test: ObOptimizerUtil::find_item	const bool checked_expr_was_evaluated = ObOptimizerUtil::find_item(op_params, check_exprs.at(i));
src/sql/rewrite/ob_transform_simplify_expr.cpp	1006	ObTransformSimplifyExpr::adjust_dummy_expr	pointer membership test: ObOptimizerUtil::remove_item	if (OB_FAIL(ObOptimizerUtil::remove_item(adjust_exprs, op_params))) {
src/sql/rewrite/ob_transform_simplify_expr.cpp	1010	ObTransformSimplifyExpr::adjust_dummy_expr	pointer membership test: ObOptimizerUtil::find_item	if (!ObOptimizerUtil::find_item(op_params, adjust_exprs.at(i))) {
src/sql/rewrite/ob_transform_simplify_expr.cpp	1292	ObTransformSimplifyExpr::inner_remove_dummy_nvl	pointer membership test: ObOptimizerUtil::find_item	} else if (ObOptimizerUtil::find_item(ignore_exprs, expr)) {
src/sql/rewrite/ob_transform_simplify_expr.cpp	1457	ObTransformSimplifyExpr::inner_convert_nvl_predicate	pointer membership test: ObOptimizerUtil::find_item	if (ObOptimizerUtil::find_item(ignore_exprs, expr)) {
src/sql/rewrite/ob_transform_simplify_expr.cpp	2363	ObTransformSimplifyExpr::do_push_not	pointer cast to integer used as a key	key = reinterpret_cast<const uint64_t>(cur->get_param_expr(0));
src/sql/rewrite/ob_transform_simplify_expr.cpp	2392	ObTransformSimplifyExpr::do_push_not	pointer cast to integer used as a key	key = reinterpret_cast<const uint64_t>(expr->get_param_expr(0));
src/sql/rewrite/ob_transform_simplify_expr.cpp	2886	ObTransformSimplifyExpr::get_intersection	pointer membership test: ObTransformUtils::find_expr (pointer identity, then same_as)	if (OB_FAIL(ObTransformUtils::find_expr(params_sets.at(i), params.at(j), find, &context))) {
src/sql/rewrite/ob_transform_simplify_expr.cpp	2920	ObTransformSimplifyExpr::remove_intersect_item	pointer membership test: ObTransformUtils::find_expr (pointer identity, then same_as)	if (OB_FAIL(ObTransformUtils::find_expr(intersection, params_sets.at(i).at(j), find, &context))) {
src/sql/rewrite/ob_transform_simplify_expr.cpp	3061	ObTransformSimplifyExpr::convert_case_when_predicate	pointer membership test: ObOptimizerUtil::remove_item	if (OB_FAIL(ObOptimizerUtil::remove_item(stmt->get_condition_exprs(), preds_to_remove))) {
src/sql/rewrite/ob_transform_simplify_expr.cpp	3089	ObTransformSimplifyExpr::convert_case_when_predicate	pointer membership test: ObOptimizerUtil::remove_item	if (OB_FAIL(ObOptimizerUtil::remove_item(select_stmt->get_having_exprs(), preds_to_remove))) {
src/sql/rewrite/ob_transform_simplify_groupby.cpp	305	ObTransformSimplifyGroupby::get_upper_column_exprs	pointer membership test: ObOptimizerUtil::find_item	if (!ObOptimizerUtil::find_item(stmt.get_aggr_items(),
src/sql/rewrite/ob_transform_simplify_groupby.cpp	312	ObTransformSimplifyGroupby::get_upper_column_exprs	pointer membership test: ObOptimizerUtil::find_item	} else if (ObOptimizerUtil::find_item(stmt.get_group_exprs(), stmt_select_expr)
src/sql/rewrite/ob_transform_simplify_groupby.cpp	362	ObTransformSimplifyGroupby::check_aggrs_matched	pointer membership test: ObOptimizerUtil::find_item	} else if (ObOptimizerUtil::find_item(aggr_column_exprs, aggr_param, &idx)) {
src/sql/rewrite/ob_transform_simplify_groupby.cpp	372	ObTransformSimplifyGroupby::check_aggrs_matched	pointer membership test: ObOptimizerUtil::find_item	} else if (ObOptimizerUtil::find_item(no_aggr_column_exprs, aggr_param)) {//match condition 2
src/sql/rewrite/ob_transform_simplify_groupby.cpp	409	ObTransformSimplifyGroupby::exist_exprs_in_expr	pointer membership test: ObOptimizerUtil::find_item	} else if (ObOptimizerUtil::find_item(dst_exprs, src_expr)) {
src/sql/rewrite/ob_transform_simplify_groupby.cpp	547	ObTransformSimplifyGroupby::remove_group_by_duplicates	pointer membership test: ObOptimizerUtil::find_item	if (ObOptimizerUtil::find_item(new_group_exprs, group_exprs.at(i))) {
src/sql/rewrite/ob_transform_simplify_groupby.cpp	1089	ObTransformSimplifyGroupby::convert_valid_count_aggr	pointer membership test: ObOptimizerUtil::remove_item	} else if (OB_FAIL(ObOptimizerUtil::remove_item(select_stmt->get_aggr_items(), count_null))) {
src/sql/rewrite/ob_transform_simplify_groupby.cpp	1793	ObTransformSimplifyGroupby::is_first_rollup_with_duplicates	pointer membership test: ObOptimizerUtil::find_item	} else if (ObOptimizerUtil::find_item(stmt->get_group_exprs(), rollup_expr)) {
src/sql/rewrite/ob_transform_simplify_groupby.cpp	1795	ObTransformSimplifyGroupby::is_first_rollup_with_duplicates	pointer membership test: ObOptimizerUtil::find_item	} else if (OB_UNLIKELY(!ObOptimizerUtil::find_item(stmt->get_rollup_exprs(),
src/sql/rewrite/ob_transform_simplify_groupby.cpp	2135	ObTransformSimplifyGroupby::get_valid_column_exprs	pointer membership test: ObTransformUtils::get_expr_idx	if (OB_FAIL(ObTransformUtils::get_expr_idx(column_exprs, column_expr, idx))) {
src/sql/rewrite/ob_transform_simplify_groupby.cpp	2166	ObTransformSimplifyGroupby::get_valid_column_exprs	IR pointer == IR pointer	aggr_expr->get_param_expr(0) == column_exprs.at(i)) {
src/sql/rewrite/ob_transform_simplify_groupby.cpp	2310	ObTransformSimplifyGroupby::transform_split_const	pointer membership test: is_contain	!is_contain(valid_column_exprs, column_expr)) {
src/sql/rewrite/ob_transform_simplify_groupby.cpp	2314	ObTransformSimplifyGroupby::transform_split_const	pointer membership test: ObTransformUtils::get_expr_idx	if (OB_FAIL(ObTransformUtils::get_expr_idx(valid_column_exprs, column_expr, idx))) {
src/sql/rewrite/ob_transform_simplify_orderby.cpp	227	ObTransformSimplifyOrderby::remove_order_by_duplicates	IR pointer == IR pointer	} else if (right_param == cur_item.expr_) {
src/sql/rewrite/ob_transform_simplify_orderby.cpp	230	ObTransformSimplifyOrderby::remove_order_by_duplicates	IR pointer == IR pointer	} else if (left_param == cur_item.expr_) {
src/sql/rewrite/ob_transform_simplify_orderby.cpp	267	ObTransformSimplifyOrderby::exist_item_by_expr	IR pointer == IR pointer	} else if (this_item.expr_ == expr) {
src/sql/rewrite/ob_transform_simplify_subquery.cpp	520	ObTransformSimplifySubquery::try_push_down_outer_join_conds	pointer membership test: ObOptimizerUtil::remove_item	} else if (OB_FAIL(ObOptimizerUtil::remove_item(join_table->get_join_conditions(), push_down_conds))) {
src/sql/rewrite/ob_transform_simplify_subquery.cpp	1278	ObTransformSimplifySubquery::eliminate_groupby_in_any_all	pointer membership test: ObOptimizerUtil::find_item	!ObOptimizerUtil::find_item(stmt->get_group_exprs(), s_expr)) {
src/sql/rewrite/ob_transform_simplify_subquery.cpp	1311	ObTransformSimplifySubquery::eliminate_subquery_in_exists	pointer membership test: ObOptimizerUtil::remove_item	} else if (OB_FAIL(ObOptimizerUtil::remove_item(stmt->get_subquery_exprs(), subq_expr))) {
src/sql/rewrite/ob_transform_simplify_subquery.cpp	1380	ObTransformSimplifySubquery::simplify_select_items	pointer membership test: append_array_no_dup	} else if (OB_FAIL(append_array_no_dup(subquery->get_aggr_items(),aggr_items_in_having))) {
src/sql/rewrite/ob_transform_simplify_winfunc.cpp	606	ObTransformSimplifyWinfunc::simplify_win_expr	pointer membership test: ObRawExprUtils::find_expr	} else if (ObRawExprUtils::find_expr(added_expr, part_expr)) {
src/sql/rewrite/ob_transform_simplify_winfunc.cpp	614	ObTransformSimplifyWinfunc::simplify_win_expr	pointer membership test: ObRawExprUtils::find_expr	} else if (ObRawExprUtils::find_expr(added_expr, order_expr)) {
src/sql/rewrite/ob_transform_subquery_coalesce.cpp	159	ObTransformSubqueryCoalesce::transform_same_exprs	pointer membership test: ObOptimizerUtil::remove_item	if (OB_FAIL(ObOptimizerUtil::remove_item(conds, remove_exprs))) {
src/sql/rewrite/ob_transform_subquery_coalesce.cpp	232	ObTransformSubqueryCoalesce::get_remove_exprs	pointer membership test: ObOptimizerUtil::find_item	if (ObOptimizerUtil::find_item(remain_exprs, ori_exprs.at(i))) {
src/sql/rewrite/ob_transform_subquery_coalesce.cpp	755	ObTransformSubqueryCoalesce::coalesce_diff_exists_exprs	pointer membership test: ObOptimizerUtil::remove_item	} else if (OB_FAIL(ObOptimizerUtil::remove_item(cond_exprs, param.exists_expr_))) {
src/sql/rewrite/ob_transform_subquery_coalesce.cpp	756	ObTransformSubqueryCoalesce::coalesce_diff_exists_exprs	pointer membership test: ObOptimizerUtil::remove_item	} else if (OB_FAIL(ObOptimizerUtil::remove_item(cond_exprs, param.not_exists_expr_))) {
src/sql/rewrite/ob_transform_subquery_coalesce.cpp	758	ObTransformSubqueryCoalesce::coalesce_diff_exists_exprs	pointer membership test: ObOptimizerUtil::remove_item	} else if (OB_FAIL(ObOptimizerUtil::remove_item(stmt->get_subquery_exprs(), exist_query))) {
src/sql/rewrite/ob_transform_subquery_coalesce.cpp	759	ObTransformSubqueryCoalesce::coalesce_diff_exists_exprs	pointer membership test: ObOptimizerUtil::remove_item	} else if (OB_FAIL(ObOptimizerUtil::remove_item(stmt->get_subquery_exprs(), not_exist_query))) {
src/sql/rewrite/ob_transform_subquery_coalesce.cpp	805	ObTransformSubqueryCoalesce::coalesce_diff_any_all_exprs	pointer membership test: ObOptimizerUtil::remove_item	} else if (OB_FAIL(ObOptimizerUtil::remove_item(cond_exprs, old_any_expr))) {
src/sql/rewrite/ob_transform_subquery_coalesce.cpp	806	ObTransformSubqueryCoalesce::coalesce_diff_any_all_exprs	pointer membership test: ObOptimizerUtil::remove_item	} else if (OB_FAIL(ObOptimizerUtil::remove_item(cond_exprs, old_all_expr))) {
src/sql/rewrite/ob_transform_subquery_coalesce.cpp	1172	ObTransformSubqueryCoalesce::merge_exec_params	IR pointer == IR pointer	} else if (target_param->get_ref_expr() == source_param->get_ref_expr()) {
src/sql/rewrite/ob_transform_subquery_coalesce.cpp	1523	ObTransformSubqueryCoalesce::get_subquery_assign_exprs	pointer membership test: ObOptimizerUtil::find_item	} else if (ObOptimizerUtil::find_item(subqueries, stmt)) {
src/sql/rewrite/ob_transform_subquery_coalesce.cpp	1539	ObTransformSubqueryCoalesce::get_subquery_assign_exprs	pointer membership test: ObOptimizerUtil::find_item	} else if (ObOptimizerUtil::find_item(subqueries, stmt)) {
src/sql/rewrite/ob_transform_subquery_coalesce.cpp	1920	ObTransformSubqueryCoalesce::adjust_alias_assign_exprs	pointer membership test: ObOptimizerUtil::find_item	} else if (ObOptimizerUtil::find_item(old_exprs, alias_expr)) {
src/sql/rewrite/ob_transform_subquery_coalesce.cpp	1963	ObTransformSubqueryCoalesce::adjust_query_assign_exprs	pointer membership test: ObOptimizerUtil::find_item	} else if (ObOptimizerUtil::find_item(old_exprs, query_ref_expr)) {
src/sql/rewrite/ob_transform_subquery_coalesce.cpp	2002	ObTransformSubqueryCoalesce::inner_adjust_assign_exprs	pointer membership test: ObOptimizerUtil::find_item	} else if (!ObOptimizerUtil::find_item(helper->similar_stmts_, stmt)) {
src/sql/rewrite/ob_transform_subquery_coalesce.cpp	2007	ObTransformSubqueryCoalesce::inner_adjust_assign_exprs	pointer membership test: ObOptimizerUtil::find_item	} else if (!ObOptimizerUtil::find_item(select_exprs, select_expr, &new_idx)) {
src/sql/rewrite/ob_transform_subquery_coalesce.cpp	2030	ObTransformSubqueryCoalesce::get_exec_params	pointer membership test: append_array_no_dup	} else if (OB_FAIL(append_array_no_dup(all_params, query_ref->get_exec_params()))) {
src/sql/rewrite/ob_transform_temp_table.cpp	138	ObTransformTempTable::generate_with_clause	pointer membership test: ObOptimizerUtil::find_item	} else if (!ObOptimizerUtil::find_item(ctx_->temp_table_ignore_stmts_, stmt) &&
src/sql/rewrite/ob_transform_temp_table.cpp	142	ObTransformTempTable::generate_with_clause	pointer membership test: ObOptimizerUtil::intersect	} else if (OB_FAIL(ObOptimizerUtil::intersect(child_stmts, view_stmts, child_stmts))) {
src/sql/rewrite/ob_transform_temp_table.cpp	558	ObTransformTempTable::check_has_stmt	IR pointer != IR pointer	while (OB_SUCC(ret) && current != right_stmt && NULL != current && !get_temp_table) {
src/sql/rewrite/ob_transform_temp_table.cpp	559	ObTransformTempTable::check_has_stmt	pointer cast to integer used as a key	uint64_t key = reinterpret_cast<uint64_t>(current);
src/sql/rewrite/ob_transform_temp_table.cpp	574	ObTransformTempTable::check_has_stmt	IR pointer == IR pointer	if (current == right_stmt) {
src/sql/rewrite/ob_transform_temp_table.cpp	583	ObTransformTempTable::check_has_stmt	IR pointer == IR pointer	} else if (current == tmp) {
src/sql/rewrite/ob_transform_temp_table.cpp	915	ObTransformTempTable::get_non_correlated_subquery	pointer cast to integer used as a key	uint64_t key = reinterpret_cast<uint64_t>(exec_param);
src/sql/rewrite/ob_transform_temp_table.cpp	935	ObTransformTempTable::get_non_correlated_subquery	pointer cast to integer used as a key	uint64_t key = reinterpret_cast<uint64_t>(exec_param);
src/sql/rewrite/ob_transform_temp_table.cpp	972	ObTransformTempTable::check_exec_param_level	pointer cast to integer used as a key	uint64_t key = reinterpret_cast<uint64_t>(expr);
src/sql/rewrite/ob_transform_temp_table.cpp	1104	ObTransformTempTable::create_temp_table	IR pointer != IR pointer	} else if (similar_stmt != current_stmt) {
src/sql/rewrite/ob_transform_temp_table.cpp	1424	ObTransformTempTable::pushdown_conditions	pointer membership test: ObOptimizerUtil::find_item	if (ObOptimizerUtil::find_item(pushdown_conds, conditions.at(i))) {
src/sql/rewrite/ob_transform_temp_table.cpp	1467	ObTransformTempTable::pushdown_having_conditions	pointer membership test: ObOptimizerUtil::find_item	if (ObOptimizerUtil::find_item(pushdown_conds, conditions.at(i))) {
src/sql/rewrite/ob_transform_temp_table.cpp	2130	ObTransformTempTable::get_stmt_pointers	pointer cast to integer used as a key	uint64_t key = reinterpret_cast<uint64_t>(stmts.at(i));
src/sql/rewrite/ob_transform_temp_table.cpp	2174	ObTransformTempTable::get_stmt_pointers	IR pointer == IR pointer	if (stmts.at(i) == temp_table_infos.at(j).temp_table_query_) {
src/sql/rewrite/ob_transform_temp_table.cpp	3060	ObTransformTempTable::prepare_eval_cte_cost_stmt	pointer cast to integer used as a key	uint64_t key = reinterpret_cast<uint64_t>(cte_query);
src/sql/rewrite/ob_transform_temp_table.cpp	3070	ObTransformTempTable::prepare_eval_cte_cost_stmt	pointer cast to integer used as a key	uint64_t key = reinterpret_cast<uint64_t>(trans_stmts.at(i));
src/sql/rewrite/ob_transform_temp_table.cpp	3138	ObTransformTempTable::copy_and_replace_trans_root	pointer cast to integer used as a key	uint64_t key = reinterpret_cast<uint64_t>(cte_query);
src/sql/rewrite/ob_transform_temp_table.cpp	3148	ObTransformTempTable::copy_and_replace_trans_root	pointer cast to integer used as a key	uint64_t key = reinterpret_cast<uint64_t>(trans_stmts.at(i));
src/sql/rewrite/ob_transform_temp_table.cpp	3238	ObTransformTempTable::get_all_view_stmts	pointer membership test: append_array_no_dup	} else if (OB_FAIL(append_array_no_dup(view_stmts, child_stmts))) {
src/sql/rewrite/ob_transform_temp_table.cpp	3251	ObTransformTempTable::get_all_view_stmts	pointer membership test: add_var_to_array_no_dup	} else if (OB_FAIL(add_var_to_array_no_dup(view_stmts, stmt->get_table_item(i)->ref_query_))) {
src/sql/rewrite/ob_transform_temp_table.cpp	3252	ObTransformTempTable::get_all_view_stmts	pointer membership test: add_var_to_array_no_dup	} else if (OB_FAIL(add_var_to_array_no_dup(child_stmts, stmt->get_table_item(i)->ref_query_))) {
src/sql/rewrite/ob_transform_temp_table.cpp	3311	ObTransformTempTable::check_evaluate_after_transform	pointer membership test: ObOptimizerUtil::find_item	if (!ObOptimizerUtil::find_item(all_ctes, tmp_cte_infos.at(j).temp_table_query_)) {
src/sql/rewrite/ob_transform_utils.cpp	53	ObTransformUtils::decorrelate	pointer membership test: ObOptimizerUtil::find_item	if (ObOptimizerUtil::find_item(exec_params, exec_expr)) {
src/sql/rewrite/ob_transform_utils.cpp	123	ObTransformUtils::get_exec_params	pointer membership test: ObRawExprUtils::find_expr	ObRawExprUtils::find_expr(exec_params, expr) &&
src/sql/rewrite/ob_transform_utils.cpp	124	ObTransformUtils::get_exec_params	pointer membership test: ObRawExprUtils::find_expr	!ObRawExprUtils::find_expr(used_params, expr)) {
src/sql/rewrite/ob_transform_utils.cpp	173	ObTransformUtils::is_correlated_expr	pointer membership test: ObRawExprUtils::find_expr	bret = ObRawExprUtils::find_expr(exec_params, expr);
src/sql/rewrite/ob_transform_utils.cpp	612	ObTransformUtils::merge_from_items_as_inner_join	pointer membership test: ObOptimizerUtil::remove_item	if (OB_FAIL(ObOptimizerUtil::remove_item(stmt.get_joined_tables(), joined_table))) {
src/sql/rewrite/ob_transform_utils.cpp	664	ObTransformUtils::merge_from_items_as_inner_join	pointer membership test: ObOptimizerUtil::remove_item	if (OB_FAIL(ObOptimizerUtil::remove_item(joined_table_list, joined_table))) {
src/sql/rewrite/ob_transform_utils.cpp	764	ObTransformUtils::create_columns_for_view	IR pointer != IR pointer	(expr != view_stmt->get_select_item(idx).expr_ || !ignore_dup_select_expr);
src/sql/rewrite/ob_transform_utils.cpp	1067	ObTransformUtils::replace_expr	pointer membership test: ObOptimizerUtil::find_item	if (ObOptimizerUtil::find_item(other_exprs, expr, &idx)) {
src/sql/rewrite/ob_transform_utils.cpp	1076	ObTransformUtils::replace_expr	pointer membership test: ObOptimizerUtil::find_item	} else if (ObOptimizerUtil::find_item(new_exprs, expr, &idx)) {
src/sql/rewrite/ob_transform_utils.cpp	1694	ObNotNullContext::generate_stmt_context	pointer membership test: ObOptimizerUtil::find_item	} else if (ObOptimizerUtil::find_item(not_null_reserve_exprs, expr)) {
src/sql/rewrite/ob_transform_utils.cpp	1771	ObNotNullContext::remove_filter	pointer membership test: ObOptimizerUtil::remove_item	return ObOptimizerUtil::remove_item(filters_, filter);
src/sql/rewrite/ob_transform_utils.cpp	1782	ObNotNullContext::remove_having_filter	pointer membership test: ObOptimizerUtil::remove_item	return ObOptimizerUtil::remove_item(having_filters_, filter);
src/sql/rewrite/ob_transform_utils.cpp	1849	ObTransformUtils::is_expr_not_null	pointer membership test: ObOptimizerUtil::find_item	} else if (ObOptimizerUtil::find_item(ctx.group_clause_exprs_, expr)) {
src/sql/rewrite/ob_transform_utils.cpp	2334	ObTransformUtils::is_null_propagate_expr	pointer membership test: find_expr (pointer identity, then same_as)	} else if (OB_FAIL(find_expr(targets, expr, bret))) {
src/sql/rewrite/ob_transform_utils.cpp	2481	ObTransformUtils::find_expr	IR pointer == IR pointer	} else if (source.at(i) == target || source.at(i)->same_as(*target, check_context)) {
src/sql/rewrite/ob_transform_utils.cpp	2501	ObTransformUtils::find_expr	IR pointer == IR pointer	} else if (source.at(i) == target || source.at(i)->same_as(*target, check_context)) {
src/sql/rewrite/ob_transform_utils.cpp	2564	ObTransformUtils::get_simple_filter_column	pointer membership test: add_var_to_array_no_dup	} else if (OB_FAIL(add_var_to_array_no_dup(col_exprs, static_cast<ObColumnRefRawExpr*>(left)))) {
src/sql/rewrite/ob_transform_utils.cpp	2570	ObTransformUtils::get_simple_filter_column	pointer membership test: add_var_to_array_no_dup	} else if (OB_FAIL(add_var_to_array_no_dup(col_exprs, static_cast<ObColumnRefRawExpr*>(right)))) {
src/sql/rewrite/ob_transform_utils.cpp	2596	ObTransformUtils::get_simple_filter_column	pointer membership test: add_var_to_array_no_dup	if (OB_FAIL(add_var_to_array_no_dup(col_exprs, static_cast<ObColumnRefRawExpr*>(left)))) {
src/sql/rewrite/ob_transform_utils.cpp	2658	ObTransformUtils::get_parent_stmt	IR pointer == IR pointer	} else if (root_stmt == stmt) {
src/sql/rewrite/ob_transform_utils.cpp	2666	ObTransformUtils::get_parent_stmt	IR pointer == IR pointer	if (child_query.at(i) == stmt) {
src/sql/rewrite/ob_transform_utils.cpp	2679	ObTransformUtils::get_parent_stmt	IR pointer == unresolved pointer	} else if (stmt == table->ref_query_) {
src/sql/rewrite/ob_transform_utils.cpp	2777	ObTransformUtils::get_simple_filter_column_in_parent_stmt	pointer membership test: add_var_to_array_no_dup	} else if (OB_FAIL(add_var_to_array_no_dup(col_exprs, col_expr))) {
src/sql/rewrite/ob_transform_utils.cpp	3155	ObTransformUtils::is_match_index	pointer membership test: ObOptimizerUtil::find_item	} else if (NULL != col_exprs && ObOptimizerUtil::find_item(*col_exprs, index_expr)) {
src/sql/rewrite/ob_transform_utils.cpp	3202	ObTransformUtils::classify_scalar_query_ref	pointer membership test: add_var_to_array_no_dup	if (OB_FAIL(add_var_to_array_no_dup(non_scalar_query_refs, expr))) {
src/sql/rewrite/ob_transform_utils.cpp	3207	ObTransformUtils::classify_scalar_query_ref	pointer membership test: add_var_to_array_no_dup	if (OB_FAIL(add_var_to_array_no_dup(scalar_query_refs, expr))) {
src/sql/rewrite/ob_transform_utils.cpp	3212	ObTransformUtils::classify_scalar_query_ref	pointer membership test: add_var_to_array_no_dup	if (OB_FAIL(add_var_to_array_no_dup(scalar_query_refs, expr))) {
src/sql/rewrite/ob_transform_utils.cpp	3264	ObTransformUtils::extract_query_ref_expr	pointer membership test: add_var_to_array_no_dup	OB_FAIL(add_var_to_array_no_dup(subqueries, static_cast<ObQueryRefRawExpr *>(expr)))) {
src/sql/rewrite/ob_transform_utils.cpp	3292	ObTransformUtils::extract_aggr_expr	pointer membership test: add_var_to_array_no_dup	ret = add_var_to_array_no_dup(aggrs, static_cast<ObAggFunRawExpr*>(expr));
src/sql/rewrite/ob_transform_utils.cpp	3320	ObTransformUtils::extract_winfun_expr	pointer membership test: add_var_to_array_no_dup	ret = add_var_to_array_no_dup(win_exprs, static_cast<ObWinFunRawExpr*>(expr));
src/sql/rewrite/ob_transform_utils.cpp	3769	ObTransformUtils::compute_stmt_property	pointer membership test: append_array_no_dup	} else if (OB_FAIL(append_array_no_dup(res_info.const_exprs_, select_exprs))) {
src/sql/rewrite/ob_transform_utils.cpp	4160	ObTransformUtils::compute_basic_table_property	pointer membership test: ObOptimizerUtil::remove_item	} else if (OB_FAIL(ObOptimizerUtil::remove_item(cond_exprs, cur_cond_exprs))) {
src/sql/rewrite/ob_transform_utils.cpp	4234	ObTransformUtils::compute_generate_table_property	pointer membership test: ObOptimizerUtil::remove_item	} else if (OB_FAIL(ObOptimizerUtil::remove_item(cond_exprs, cur_cond_exprs))) {
src/sql/rewrite/ob_transform_utils.cpp	4315	ObTransformUtils::compute_inner_join_property	pointer membership test: ObOptimizerUtil::remove_item	} else if (OB_FAIL(ObOptimizerUtil::remove_item(cond_exprs, cur_cond_exprs))) {
src/sql/rewrite/ob_transform_utils.cpp	4400	ObTransformUtils::compute_outer_join_property	pointer membership test: ObOptimizerUtil::remove_item	} else if (OB_FAIL(ObOptimizerUtil::remove_item(cond_exprs, cur_cond_exprs))) {
src/sql/rewrite/ob_transform_utils.cpp	4464	ObTransformUtils::extract_table_exprs	pointer membership test: add_var_to_array_no_dup	} else if (OB_FAIL(add_var_to_array_no_dup(table_exprs, expr))) {
src/sql/rewrite/ob_transform_utils.cpp	4711	ObTransformUtils::merge_table_items	pointer membership test: ObOptimizerUtil::remove_item	} else if (OB_FAIL(ObOptimizerUtil::remove_item(stmt->get_pseudo_column_like_exprs(), from_pseudo_col_exprs))) {
src/sql/rewrite/ob_transform_utils.cpp	4837	ObTransformUtils::find_parent_expr	IR pointer == IR pointer	} else if (expr == target) {
src/sql/rewrite/ob_transform_utils.cpp	4848	ObTransformUtils::find_parent_expr	IR pointer == IR pointer	} else if (target == param_expr) {
src/sql/rewrite/ob_transform_utils.cpp	5256	ObTransformUtils::check_group_by_consistent	pointer membership test: ObOptimizerUtil::find_item	ObOptimizerUtil::find_item(sel_stmt->get_group_exprs(), expr) ||
src/sql/rewrite/ob_transform_utils.cpp	5257	ObTransformUtils::check_group_by_consistent	pointer membership test: ObOptimizerUtil::find_item	ObOptimizerUtil::find_item(sel_stmt->get_rollup_exprs(), expr)) {
src/sql/rewrite/ob_transform_utils.cpp	5538	ObTransformUtils::pushdown_group_by	pointer membership test: add_var_to_array_no_dup	if (OB_FAIL(add_var_to_array_no_dup(pushdown_aggr,
src/sql/rewrite/ob_transform_utils.cpp	5619	ObTransformUtils::create_simple_view	pointer membership test: append_array_no_dup	} else if (OB_FAIL(append_array_no_dup(select_list, group_exprs))) {
src/sql/rewrite/ob_transform_utils.cpp	5634	ObTransformUtils::create_simple_view	pointer membership test: append_array_no_dup	} else if (OB_FAIL(append_array_no_dup(select_list, alias_exprs))) {
src/sql/rewrite/ob_transform_utils.cpp	5643	ObTransformUtils::create_simple_view	pointer membership test: ObOptimizerUtil::remove_item	} else if (OB_FAIL(ObOptimizerUtil::remove_item(stmt->get_condition_exprs(), norm_conds))) {
src/sql/rewrite/ob_transform_utils.cpp	5691	ObTransformUtils::pushdown_pseudo_column_like_exprs	pointer membership test: append_array_no_dup	} else if (OB_FAIL(append_array_no_dup(pushdown_exprs, new_pushdown_exprs))) {
src/sql/rewrite/ob_transform_utils.cpp	5880	ObTransformUtils::replace_with_empty_view	pointer membership test: ObOptimizerUtil::remove_item	OB_FAIL(ObOptimizerUtil::remove_item(stmt->get_semi_infos(),
src/sql/rewrite/ob_transform_utils.cpp	6225	ObTransformUtils::append_hashset	pointer cast to integer used as a key	uint64_t key = reinterpret_cast<uint64_t>(expr);
src/sql/rewrite/ob_transform_utils.cpp	6251	ObTransformUtils::find_hashset	pointer cast to integer used as a key	uint64_t key = reinterpret_cast<uint64_t>(expr);
src/sql/rewrite/ob_transform_utils.cpp	6256	ObTransformUtils::find_hashset	pointer membership test: add_var_to_array_no_dup	if (OB_FAIL(add_var_to_array_no_dup(common_exprs, expr))) {
src/sql/rewrite/ob_transform_utils.cpp	6414	ObTransformUtils::replace_table_in_joined_tables	IR pointer == IR pointer	} else if (current_table == joined_tables.at(i)) {
src/sql/rewrite/ob_transform_utils.cpp	6444	ObTransformUtils::replace_table_in_joined_tables	IR pointer == IR pointer	} else if (current_table == left_table) {
src/sql/rewrite/ob_transform_utils.cpp	6448	ObTransformUtils::replace_table_in_joined_tables	IR pointer == IR pointer	} else if (current_table == right_table) {
src/sql/rewrite/ob_transform_utils.cpp	7291	ObTransformUtils::convert_select_expr_to_column_expr	IR pointer == IR pointer	if (expr == inner_stmt.get_select_item(j).expr_) {
src/sql/rewrite/ob_transform_utils.cpp	7883	ObSharedExprExtractor::do_visit	pointer cast to integer used as a key	uint64_t key = reinterpret_cast<uint64_t>(expr);
src/sql/rewrite/ob_transform_utils.cpp	8060	ObTransformUtils::add_param_lossless_cast_constraint	IR pointer == IR pointer	} else if (OB_UNLIKELY(cast_expr == expr)) {
src/sql/rewrite/ob_transform_utils.cpp	8101	ObTransformUtils::extract_pseudo_column_like_expr	pointer membership test: add_var_to_array_no_dup	ret = add_var_to_array_no_dup(pseudo_column_like_exprs, expr);
src/sql/rewrite/ob_transform_utils.cpp	8596	ObTransformUtils::get_all_child_stmts	pointer membership test: ObOptimizerUtil::find_item	} else if (ObOptimizerUtil::find_item(child_stmts, table->ref_query_) ||
src/sql/rewrite/ob_transform_utils.cpp	8597	ObTransformUtils::get_all_child_stmts	pointer membership test: ObOptimizerUtil::find_item	ObOptimizerUtil::find_item(temp_stmts, table->ref_query_)) {
src/sql/rewrite/ob_transform_utils.cpp	8608	ObTransformUtils::get_all_child_stmts	pointer membership test: ObOptimizerUtil::find_item	if (!ObOptimizerUtil::find_item(*ignore_stmts, temp_stmts.at(i))
src/sql/rewrite/ob_transform_utils.cpp	8615	ObTransformUtils::get_all_child_stmts	pointer cast to integer used as a key	uint64_t key = reinterpret_cast<uint64_t>(temp_stmts.at(i));
src/sql/rewrite/ob_transform_utils.cpp	8626	ObTransformUtils::get_all_child_stmts	pointer membership test: ObOptimizerUtil::find_item	} else if (NULL != ignore_stmts && ObOptimizerUtil::find_item(*ignore_stmts, temp_stmts.at(i))) {
src/sql/rewrite/ob_transform_utils.cpp	9016	ObTransformUtils::is_correlated_expr_isomorphic	IR pointer == IR pointer	} else if (left_expr == right_expr) {
src/sql/rewrite/ob_transform_utils.cpp	9567	ObTransformUtils::adjust_select_item_pos	IR pointer != IR pointer	if (right_item.expr_ != right_select_exprs.at(i)) {
src/sql/rewrite/ob_transform_utils.cpp	9769	ObTransformUtils::extract_udt_exprs	pointer membership test: add_var_to_array_no_dup	if (OB_FAIL(add_var_to_array_no_dup(udt_exprs, expr))) {
src/sql/rewrite/ob_transform_utils.cpp	9786	ObTransformUtils::extract_udf_exprs	pointer membership test: add_var_to_array_no_dup	} else if (expr->is_udf_expr() && OB_FAIL(add_var_to_array_no_dup(udf_exprs, expr))) {
src/sql/rewrite/ob_transform_utils.cpp	9807	ObTransformUtils::extract_json_object_exprs	pointer membership test: add_var_to_array_no_dup	} else if (OB_FAIL(add_var_to_array_no_dup(json_exprs, expr))) {
src/sql/rewrite/ob_transform_utils.cpp	9873	ObTransformUtils::get_generated_table_item	IR pointer == unresolved pointer	} else if (table->ref_query_ == child_stmt) {
src/sql/rewrite/ob_transform_utils.cpp	9945	ObTransformUtils::extract_joined_table_condition	IR pointer == IR pointer	} else if (table_item == target_table) {
src/sql/rewrite/ob_transform_utils.cpp	9997	erase_calculable_expr_result	pointer cast to integer used as a key	key = reinterpret_cast<uint64_t>(expr);
src/sql/rewrite/ob_transform_utils.cpp	10780	ObTransformUtils::get_view_column	IR pointer == IR pointer	if (select_stmt->get_select_item(i).expr_ == aggr_expr) {
src/sql/rewrite/ob_transform_utils.cpp	11297	ObTransformUtils::check_group_by_subset	pointer membership test: ObTransformUtils::get_expr_idx	} else if (OB_FAIL(ObTransformUtils::get_expr_idx(group_exprs, expr, idx))) {
src/sql/rewrite/ob_transform_utils.cpp	11319	ObTransformUtils::get_stmt_map_after_copy	pointer cast to integer used as a key	uint64_t key = reinterpret_cast<uint64_t>(origin_stmt);
src/sql/rewrite/ob_transform_utils.cpp	11335	ObTransformUtils::get_stmt_map_after_copy	pointer cast to integer used as a key	key = reinterpret_cast<uint64_t>(origin_table->ref_query_);
src/sql/rewrite/ob_transform_utils.cpp	11467	ObSelectStmtPointer::set	IR pointer == IR pointer	} else if (*stmt_group_.at(i) == stmt) {
src/sql/rewrite/ob_transform_utils.cpp	11852	ObTransformUtils::recursive_check_pushdown_into_set_valid	pointer membership test: ObOptimizerUtil::find_item	} else if (ObOptimizerUtil::find_item(set_op_exprs, expr)) {
src/sql/rewrite/ob_transform_utils.cpp	12068	ObTransformUtils::is_winfunc_topn_filter	pointer membership test: ObOptimizerUtil::find_item	if (!ObOptimizerUtil::find_item(winfunc_exprs, win_expr)) {
src/sql/rewrite/ob_transform_utils.cpp	12349	ObTransformUtils::collect_split_exprs_for_view	pointer membership test: ObOptimizerUtil::remove_item	if (OB_SUCC(ret) && OB_FAIL(ObOptimizerUtil::remove_item(origin_subquery->get_condition_exprs(),
src/sql/rewrite/ob_transform_utils.cpp	12368	ObTransformUtils::collect_split_exprs_for_view	pointer membership test: ObOptimizerUtil::remove_item	if (OB_SUCC(ret) && OB_FAIL(ObOptimizerUtil::remove_item(origin_subquery->get_semi_infos(),
src/sql/rewrite/ob_transform_utils.cpp	12434	ObTransformUtils::collect_split_outer_conds	pointer membership test: ObOptimizerUtil::remove_item	if (OB_SUCC(ret) && OB_FAIL(ObOptimizerUtil::remove_item(outer_conditions,
src/sql/rewrite/ob_transform_utils.cpp	12703	ObTransformUtils::check_lateral_ref_outer_table	IR pointer == unresolved pointer	} else if (join_table->left_table_ == table_item &&
src/sql/rewrite/ob_transform_utils.cpp	12706	ObTransformUtils::check_lateral_ref_outer_table	IR pointer == unresolved pointer	} else if (join_table->right_table_ == table_item &&
src/sql/rewrite/ob_transform_utils.cpp	12818	ObTransformUtils::inner_check_need_calc_match_score	IR pointer == IR pointer	} else if (expr == match_expr) {
src/sql/rewrite/ob_transform_utils.cpp	12832	ObTransformUtils::inner_check_need_calc_match_score	IR pointer != IR pointer	} else if (gt_param != match_expr) {
src/sql/rewrite/ob_transform_utils.cpp	12840	ObTransformUtils::inner_check_need_calc_match_score	IR pointer == IR pointer	if (expr->get_param_count() == 1 && expr->get_param_expr(0) == match_expr) {
src/sql/rewrite/ob_transform_utils.cpp	12917	ObTransformUtils::check_expr_used_as_condition	pointer membership test: ObOptimizerUtil::find_item	} else if (ObOptimizerUtil::find_item(stmt->get_condition_exprs(), cur_expr)) {
src/sql/rewrite/ob_transform_utils.cpp	12941	ObTransformUtils::inner_check_expr_used_as_condition	IR pointer == IR pointer	} else if (cur_expr == expr) {
src/sql/rewrite/ob_transform_utils.cpp	13778	ObTransformUtils::check_projected_cols_used_for_join	pointer membership test: ObOptimizerUtil::find_item	} else if (ObOptimizerUtil::find_item(mapped_col_exprs, col)) {
src/sql/rewrite/ob_transform_utils.cpp	13854	ObTransformUtils::can_push_dynamic_filter_to_cols	pointer membership test: ObOptimizerUtil::find_item	} else if (ObOptimizerUtil::find_item(tmp_col_exprs, sel_item.expr_)) {
src/sql/rewrite/ob_transform_utils.cpp	13923	ObTransformUtils::collect_semi_join_stmt_ids	pointer membership test: ObOptimizerUtil::find_item	if (ObOptimizerUtil::find_item(mapped_col_exprs, candi_cols.at(j))) {
src/sql/rewrite/ob_transform_utils.cpp	13945	ObTransformUtils::collect_semi_join_stmt_ids	pointer membership test: ObOptimizerUtil::find_item	if (ObOptimizerUtil::find_item(mapped_col_exprs, candi_cols.at(j))) {
src/sql/rewrite/ob_transform_utils.cpp	14022	ObTransformUtils::get_parent_stmt	pointer cast to integer used as a key	} else if (OB_FALSE_IT(key = reinterpret_cast<uint64_t>(stmt))) {
src/sql/rewrite/ob_transform_utils.cpp	14038	ObTransformUtils::get_parent_stmt	IR pointer == unresolved pointer	} else if (table_item->is_generated_table() && table_item->ref_query_ == stmt) {
src/sql/rewrite/ob_transform_utils.h	2153	ObTransformUtils::replace_specific_expr	IR pointer == unresolved pointer	} else if (expr == other_exprs.at(i)) {
src/sql/rewrite/ob_transform_view_merge.cpp	574	ObTransformViewMerge::check_can_be_merged	IR pointer == unresolved pointer	if ((LEFT_OUTER_JOIN == helper.parent_table->joined_type_ && helper.parent_table->right_table_ == helper.trans_table) ||
src/sql/rewrite/ob_transform_view_merge.cpp	575	ObTransformViewMerge::check_can_be_merged	IR pointer == unresolved pointer	(RIGHT_OUTER_JOIN == helper.parent_table->joined_type_ && helper.parent_table->left_table_ == helper.trans_table)) {
src/sql/rewrite/ob_transform_view_merge.cpp	903	ObTransformViewMerge::do_view_merge	IR pointer == unresolved pointer	} else if (joined_table->left_table_ == table_item &&
src/sql/rewrite/ob_transform_view_merge.cpp	905	ObTransformViewMerge::do_view_merge	IR pointer == unresolved pointer	} else if (joined_table->right_table_ == table_item &&
src/sql/rewrite/ob_transform_where_subquery_pullup.cpp	463	ObWhereSubQueryPullup::pullup_correlated_subquery_as_view	pointer membership test: ObOptimizerUtil::remove_item	} else if (OB_FAIL(ObOptimizerUtil::remove_item(stmt->get_condition_exprs(), expr))) {
src/sql/rewrite/ob_transform_where_subquery_pullup.cpp	496	ObWhereSubQueryPullup::pullup_correlated_subquery_as_view	pointer membership test: ObOptimizerUtil::remove_item	} else if (OB_FAIL(ObOptimizerUtil::remove_item(subquery->get_condition_exprs(),
src/sql/rewrite/ob_transform_where_subquery_pullup.cpp	922	ObWhereSubQueryPullup::pullup_non_correlated_subquery_as_view	pointer membership test: ObOptimizerUtil::remove_item	} else if (OB_FAIL(ObOptimizerUtil::remove_item(stmt->get_condition_exprs(), expr))) {
src/sql/rewrite/ob_transform_where_subquery_pullup.cpp	1016	ObWhereSubQueryPullup::transform_single_set_query	pointer membership test: has_exist_in_array	} else if (has_exist_in_array(transformed_subqueries, query_expr)) {
src/sql/rewrite/ob_transform_where_subquery_pullup.cpp	1037	ObWhereSubQueryPullup::transform_single_set_query	pointer membership test: ObOptimizerUtil::find_item	if (ObOptimizerUtil::find_item(select_exprs, post_join_exprs.at(i))) {
src/sql/rewrite/ob_transform_where_subquery_pullup.cpp	1054	ObWhereSubQueryPullup::transform_single_set_query	pointer membership test: has_exist_in_array	} else if (has_exist_in_array(transformed_subqueries, query_expr) ||
src/sql/rewrite/ob_transform_where_subquery_pullup.cpp	1099	ObWhereSubQueryPullup::get_single_set_subquery	IR pointer == IR pointer	existed = (queries.at(i).query_ref_expr_ == query);
src/sql/rewrite/ob_transform_where_subquery_pullup.cpp	1145	ObWhereSubQueryPullup::check_subquery_validity	pointer membership test: ObOptimizerUtil::find_item	if (!ObOptimizerUtil::find_item(const_exprs, columns.at(i))) {
src/sql/rewrite/ob_transform_win_magic.cpp	859	ObTransformWinMagic::check_expr_in_group	IR pointer == IR pointer	if (expr == group_exprs.at(i) || expr->same_as(*group_exprs.at(i))) {
src/sql/rewrite/ob_transform_win_magic.cpp	991	ObTransformWinMagic::adjust_column_and_table	pointer membership test: ObOptimizerUtil::remove_item	} else if (OB_FAIL(ObOptimizerUtil::remove_item(main_stmt->get_semi_infos(), rm_semi_infos))) {
src/sql/rewrite/ob_transform_win_magic.cpp	1003	ObTransformWinMagic::adjust_column_and_table	pointer membership test: ObOptimizerUtil::find_item	} else if (ObOptimizerUtil::find_item(rm_semi_right_tables, table)) {
src/sql/rewrite/ob_transform_win_magic.cpp	1088	ObTransformWinMagic::adjust_column_and_table	pointer membership test: ObOptimizerUtil::remove_item	} else if (OB_FAIL(ObOptimizerUtil::remove_item(main_stmt->get_pseudo_column_like_exprs(),
src/sql/rewrite/ob_transform_win_magic.cpp	1369	ObTransformWinMagic::change_agg_to_win_func	pointer membership test: ObTransformUtils::get_expr_idx	if (OB_FAIL(ObTransformUtils::get_expr_idx(drill_select_exprs, group_expr_in_drill, idx))) {
src/sql/rewrite/ob_transform_win_magic.cpp	1417	ObTransformWinMagic::change_agg_to_win_func	pointer membership test: has_exist_in_array	} else if (has_exist_in_array(old_col, col_expr)) {
src/sql/rewrite/ob_transform_win_magic.cpp	1520	ObTransformWinMagic::check_join_push_down	pointer membership test: ObOptimizerUtil::intersect	} else if (OB_FAIL(ObOptimizerUtil::intersect(partition_expr_sets, intersection))) {
src/sql/rewrite/ob_transform_win_magic.cpp	1587	ObTransformWinMagic::check_join_push_down	pointer membership test: ObTransformUtils::get_expr_idx	} else if (OB_FAIL(ObTransformUtils::get_expr_idx(intersection_in_parent,
src/sql/rewrite/ob_transform_win_magic.cpp	1693	ObTransformWinMagic::push_down_join	pointer membership test: ObOptimizerUtil::remove_item	} else if (OB_FAIL(ObOptimizerUtil::remove_item(main_stmt->get_condition_exprs(), cond_to_push_down))) {
src/sql/rewrite/ob_transformer_impl.cpp	277	ObTransformerImpl::get_all_stmts	pointer membership test: has_exist_in_array	} else if (has_exist_in_array(all_stmts, static_cast<ObDMLStmt*>(tables.at(i)->ref_query_))) {
src/sql/session/ob_sql_session_info.cpp	1059	ObSQLSessionInfo::add_non_session_cursor	pointer cast to integer used as a key	if (OB_FAIL(pl_cursor_cache_.pl_non_session_cursor_map_.set_refactored((int64_t)cursor, cursor))) {
src/sql/session/ob_sql_session_info.cpp	1073	ObSQLSessionInfo::del_non_session_cursor	pointer cast to integer used as a key	if (OB_FAIL(pl_cursor_cache_.pl_non_session_cursor_map_.erase_refactored((int64_t)cursor))) {
src/storage/access/ob_aggregated_store.cpp	502	ObAggregatedStore::get_agg_cell	IR pointer == IR pointer	if (cell->get_agg_expr() == expr) {
src/storage/access/ob_pushdown_aggregate.cpp	3068	ObGroupByCell::assign_agg_cells	IR pointer == IR pointer	} else if ((ObPDAggType::PD_FIRST_ROW == agg_cell->get_type() && col_expr == agg_cell->get_agg_expr()) ||
src/storage/access/ob_pushdown_aggregate.cpp	3070	ObGroupByCell::assign_agg_cells	IR pointer == unresolved pointer	(ObPDAggType::PD_FIRST_ROW != agg_cell->get_type() &&col_expr == agg_cell->get_agg_expr()->args_[0])) {
src/storage/meta_mem/ob_storage_meta_mem_mgr.cpp	655	ObStorageMetaMemMgr::push_memtable_into_gc_set_	pointer cast to integer used as a key	} else if (OB_FAIL(gc_memtable_set_->set_refactored((uint64_t)(memtable), 0/*flag, not overwrite*/))) {
src/storage/meta_mem/ob_tablet_meta_mem_mgr.cpp	656	ObTabletMetaMemMgr::push_memtable_into_gc_set_	pointer cast to integer used as a key [not built]	} else if (OB_FAIL(gc_memtable_set_->set_refactored((uint64_t)(memtable), 0/*flag, not overwrite*/))) {
src/storage/retrieval/ob_text_retrieval_token_iter.cpp	128	ObTextRetrievalTokenIter::init_calc_exprs_in_relevance_expr	IR pointer != IR pointer	doc_length_param_expr != inv_scan_doc_length_col_ ||
src/storage/tx/ob_trans_define.h	120	ObReserveAllocator::is_contain	pointer cast to integer compared for order (address ordering)	return ((int64_t)p >= (int64_t)buf_) && ((int64_t)p < (int64_t)buf_ + size_);
