file	line	symbol	construct	text
src/logservice/ob_log_allocator_mgr.cpp	187	ObLogAllocatorMgr::update_memory_limit	lookup of slot type ObIMemstoreRuntime	share::server_service<share::ObIMemstoreRuntime>();
src/observer/change_stream/ob_change_stream_dispatcher.cpp	416	ObCSDispatcher::do_dispatch_	lookup of slot type ObChangeStreamMgr	ObChangeStreamMgr *mgr = ::oceanbase::share::server_service<::oceanbase::share::ObChangeStreamMgr>();
src/observer/change_stream/ob_change_stream_dispatcher.cpp	465	ObCSDispatcher::do_dispatch_	lookup of slot type ObChangeStreamMgr	::oceanbase::share::server_service<::oceanbase::share::ObChangeStreamMgr>()->get_fetcher().release_committed_tx(pop_tx->tx_id_);
src/observer/change_stream/ob_change_stream_dispatcher.cpp	512	ObCSDispatcher::do_dispatch_	lookup of slot type ObSchemaRuntimeService	} else if (OB_ISNULL(schema_service = ::oceanbase::share::server_service<::oceanbase::share::schema::ObSchemaRuntimeService>()->get_schema_service())) {
src/observer/change_stream/ob_change_stream_dispatcher.cpp	661	ObCSDispatcher::release_batch	lookup of slot type ObChangeStreamMgr	ObCSFetcher &fetcher = ::oceanbase::share::server_service<::oceanbase::share::ObChangeStreamMgr>()->get_fetcher();
src/observer/change_stream/ob_change_stream_fetcher.cpp	248	ObCSFetcher::get_min_dep_lsn	lookup of slot type ObLSService	if (OB_FAIL(::oceanbase::share::server_service<::oceanbase::storage::ObLSService>()->get_ls(ls))
src/observer/change_stream/ob_change_stream_fetcher.cpp	321	ObCSFetcher::get_refresh_scn	lookup of slot type ObLSService	if (OB_FAIL(::oceanbase::share::server_service<::oceanbase::storage::ObLSService>()->get_ls(ls))
src/observer/change_stream/ob_change_stream_mgr.cpp	139	ObChangeStreamMgr::wait_refresh_scn	lookup of slot type ObChangeStreamMgr	ObChangeStreamMgr *mgr = ::oceanbase::share::server_service<::oceanbase::share::ObChangeStreamMgr>();
src/observer/change_stream/ob_change_stream_worker.cpp	131	ObCSExecutor::handle_drop	lookup of slot type ObChangeStreamMgr	ObCSDispatcher &dispatcher = ::oceanbase::share::server_service<::oceanbase::share::ObChangeStreamMgr>()->get_dispatcher();
src/observer/change_stream/ob_change_stream_worker.cpp	142	ObCSExecutor::process_sub_task	lookup of slot type ObChangeStreamMgr	ObCSDispatcher &dispatcher = ::oceanbase::share::server_service<::oceanbase::share::ObChangeStreamMgr>()->get_dispatcher();
src/observer/change_stream/ob_cs_plugin_async_index.cpp	76	ObCSAsyncIndexProcessor::init_schema_guard_	lookup of slot type ObSchemaRuntimeService	nullptr != ::oceanbase::share::server_service<::oceanbase::share::schema::ObSchemaRuntimeService>()
src/observer/change_stream/ob_cs_plugin_async_index.cpp	77	ObCSAsyncIndexProcessor::init_schema_guard_	lookup of slot type ObSchemaRuntimeService	? ::oceanbase::share::server_service<::oceanbase::share::schema::ObSchemaRuntimeService>()->get_schema_service()
src/observer/change_stream/ob_cs_plugin_async_index.cpp	885	ObCSAsyncIndexProcessor::set_das_insert_context_	lookup of slot type ObTransService	::oceanbase::share::server_service<::oceanbase::transaction::ObTransService>();
src/observer/change_stream/ob_cs_plugin_async_index.cpp	985	ObCSAsyncIndexProcessor::write_to_vsag_	lookup of slot type ObPluginVectorIndexService	::oceanbase::share::server_service<::oceanbase::share::ObPluginVectorIndexService>();
src/observer/change_stream/ob_cs_plugin_async_index.cpp	1202	ObCSPluginAsyncIndex::commit	lookup of slot type ObSchemaRuntimeService	::oceanbase::share::server_service<::oceanbase::share::schema::ObSchemaRuntimeService>() != nullptr
src/observer/change_stream/ob_cs_plugin_async_index.cpp	1203	ObCSPluginAsyncIndex::commit	lookup of slot type ObSchemaRuntimeService	? ::oceanbase::share::server_service<::oceanbase::share::schema::ObSchemaRuntimeService>()->get_schema_service()
src/observer/dbms_scheduler/ob_dbms_sched_job_executor.cpp	190	ObDBMSSchedJobExecutor::destroy_session	lookup of slot type ObSQLSessionMgr	::oceanbase::share::server_service<::oceanbase::sql::ObSQLSessionMgr>()->revert_session(session_info);
src/observer/dbms_scheduler/ob_dbms_sched_job_executor.cpp	191	ObDBMSSchedJobExecutor::destroy_session	lookup of slot type ObSQLSessionMgr	::oceanbase::share::server_service<::oceanbase::sql::ObSQLSessionMgr>()->free_session(free_session_ctx);
src/observer/dbms_scheduler/ob_dbms_sched_service.cpp	145	ObDBMSSchedService::wakeup_scheduler	lookup of slot type ObDBMSSchedService	rootserver::ObDBMSSchedService *svc = ::oceanbase::share::server_service<::oceanbase::rootserver::ObDBMSSchedService>();
src/observer/mysql/obmp_connect.cpp	213	ObMPConnect::process	lookup of slot type ObSQLSessionMgr	} else if (OB_ISNULL(::oceanbase::share::server_service<::oceanbase::sql::ObSQLSessionMgr>())) {
src/observer/mysql/obmp_connect.cpp	654	ObMPConnect::verify_identify	lookup of slot type ObServerRuntimeController	if (NULL != share::server_service<omt::ObServerRuntimeController>()) {
src/observer/mysql/obmp_connect.cpp	655	ObMPConnect::verify_identify	lookup of slot type ObServerRuntimeController	if (OB_FAIL(share::server_service<omt::ObServerRuntimeController>()
src/observer/mysql/obmp_disconnect.cpp	42	ObMPDisconnect::kill_unfinished_session	lookup of slot type ObSQLSessionMgr	sql::ObSessionGetterGuard guard(*::oceanbase::share::server_service<::oceanbase::sql::ObSQLSessionMgr>(), sessid);
src/observer/mysql/obmp_disconnect.cpp	57	ObMPDisconnect::kill_unfinished_session	lookup of slot type ObSQLSessionMgr	if (OB_FAIL(::oceanbase::share::server_service<::oceanbase::sql::ObSQLSessionMgr>()->disconnect_session(*session))) {
src/observer/mysql/obmp_disconnect.cpp	67	ObMPDisconnect::run	lookup of slot type ObSQLSessionMgr	if (OB_ISNULL(::oceanbase::share::server_service<::oceanbase::sql::ObSQLSessionMgr>())) {
src/observer/mysql/obmp_disconnect.cpp	72	ObMPDisconnect::run	lookup of slot type ObSQLSessionMgr	if (OB_FAIL(::oceanbase::share::server_service<::oceanbase::sql::ObSQLSessionMgr>()->free_session(ctx_))) {
src/observer/mysql/obmp_packet_sender.cpp	720	ObMPPacketSender::revert_session	lookup of slot type ObSQLSessionMgr	if (OB_ISNULL(::oceanbase::share::server_service<::oceanbase::sql::ObSQLSessionMgr>()) || OB_ISNULL(sess_info)) {
src/observer/mysql/obmp_packet_sender.cpp	724	ObMPPacketSender::revert_session	lookup of slot type ObSQLSessionMgr	KP(::oceanbase::share::server_service<::oceanbase::sql::ObSQLSessionMgr>()),
src/observer/mysql/obmp_packet_sender.cpp	728	ObMPPacketSender::revert_session	lookup of slot type ObSQLSessionMgr	::oceanbase::share::server_service<::oceanbase::sql::ObSQLSessionMgr>()->revert_session(sess_info);
src/observer/mysql/obmp_packet_sender.cpp	736	ObMPPacketSender::get_session	lookup of slot type ObSQLSessionMgr	if (OB_ISNULL(conn_) || OB_ISNULL(::oceanbase::share::server_service<::oceanbase::sql::ObSQLSessionMgr>())) {
src/observer/mysql/obmp_packet_sender.cpp	738	ObMPPacketSender::get_session	lookup of slot type ObSQLSessionMgr	} else if (OB_FAIL(::oceanbase::share::server_service<::oceanbase::sql::ObSQLSessionMgr>()->get_session(conn_->sessid_, sess_info))) {
src/observer/mysql/obsm_conn_callback.cpp	59	sm_conn_init	lookup of slot type ObSQLSessionMgr	crt_id_ret = ::oceanbase::share::server_service<::oceanbase::sql::ObSQLSessionMgr>()->create_sessid(sessid);
src/observer/mysql/obsm_conn_callback.cpp	114	ObSMConnectionCallback::destroy	lookup of slot type ObSQLSessionMgr	sql::ObSessionGetterGuard guard(*::oceanbase::share::server_service<::oceanbase::sql::ObSQLSessionMgr>(), conn.sessid_);
src/observer/mysql/obsm_conn_callback.cpp	172	ObSMConnectionCallback::on_disconnect	lookup of slot type ObSQLSessionMgr	sql::ObSessionGetterGuard guard(*::oceanbase::share::server_service<::oceanbase::sql::ObSQLSessionMgr>(), conn.sessid_);
src/observer/ob_ex_rpc.cpp	91	dispatch_	lookup of slot type ObServerRuntimeController	if (OB_ISNULL(::oceanbase::share::server_service<::oceanbase::omt::ObServerRuntimeController>())) {
src/observer/ob_ex_rpc.cpp	94	dispatch_	lookup of slot type ObServerRuntimeController	} else if (OB_FAIL(::oceanbase::share::server_service<::oceanbase::omt::ObServerRuntimeController>()->recv_request(*task))) {
src/observer/ob_inner_connection_lock_util.cpp	177	#define CONVERT_TYPE_AND_DO_LOCK	lookup of slot type ObTableLockService inside #define CONVERT_TYPE_AND_DO_LOCK (6 uses of the macro)	if (OB_FAIL(::oceanbase::share::server_service<::oceanbase::transaction::tablelock::ObTableLockService>()->lock(tx_desc, tx_param, lock_req))) { \
src/observer/ob_inner_connection_lock_util.cpp	186	#define CONVERT_TYPE_AND_DO_UNLOCK	lookup of slot type ObTableLockService inside #define CONVERT_TYPE_AND_DO_UNLOCK (6 uses of the macro)	if (OB_FAIL(::oceanbase::share::server_service<::oceanbase::transaction::tablelock::ObTableLockService>()->unlock(tx_desc, tx_param, unlock_req))) { \
src/observer/ob_inner_connection_lock_util.cpp	608	ObInnerConnectionLockRuntime::replace_lock_	lookup of slot type ObTableLockService	if (OB_FAIL(::oceanbase::share::server_service<::oceanbase::transaction::tablelock::ObTableLockService>()->replace_lock(*tx_desc, tx_param, req))) {
src/observer/ob_inner_connection_lock_util.cpp	636	ObInnerConnectionLockRuntime::replace_lock_	lookup of slot type ObTableLockService	if (OB_FAIL(::oceanbase::share::server_service<::oceanbase::transaction::tablelock::ObTableLockService>()->replace_lock(*tx_desc, tx_param, req))) {
src/observer/ob_inner_connection_lock_util.cpp	791	ObInnerConnectionLockRuntime::handle_request_by_operation_type_	lookup of slot type ObTableLockService through macro CONVERT_TYPE_AND_DO_LOCK	CONVERT_TYPE_AND_DO_LOCK(ObLockTableRequest, arg, tx_desc, tx_param);
src/observer/ob_inner_connection_lock_util.cpp	794	ObInnerConnectionLockRuntime::handle_request_by_operation_type_	lookup of slot type ObTableLockService through macro CONVERT_TYPE_AND_DO_UNLOCK	CONVERT_TYPE_AND_DO_UNLOCK(ObUnLockTableRequest, arg, tx_desc, tx_param);
src/observer/ob_inner_connection_lock_util.cpp	797	ObInnerConnectionLockRuntime::handle_request_by_operation_type_	lookup of slot type ObTableLockService through macro CONVERT_TYPE_AND_DO_LOCK	CONVERT_TYPE_AND_DO_LOCK(ObLockTabletsRequest, arg, tx_desc, tx_param);
src/observer/ob_inner_connection_lock_util.cpp	800	ObInnerConnectionLockRuntime::handle_request_by_operation_type_	lookup of slot type ObTableLockService through macro CONVERT_TYPE_AND_DO_UNLOCK	CONVERT_TYPE_AND_DO_UNLOCK(ObUnLockTabletsRequest, arg, tx_desc, tx_param);
src/observer/ob_inner_connection_lock_util.cpp	804	ObInnerConnectionLockRuntime::handle_request_by_operation_type_	lookup of slot type ObTableLockService through macro CONVERT_TYPE_AND_DO_LOCK	CONVERT_TYPE_AND_DO_LOCK(ObLockPartitionRequest, arg, tx_desc, tx_param);
src/observer/ob_inner_connection_lock_util.cpp	808	ObInnerConnectionLockRuntime::handle_request_by_operation_type_	lookup of slot type ObTableLockService through macro CONVERT_TYPE_AND_DO_UNLOCK	CONVERT_TYPE_AND_DO_UNLOCK(ObUnLockPartitionRequest, arg, tx_desc, tx_param);
src/observer/ob_inner_connection_lock_util.cpp	815	ObInnerConnectionLockRuntime::handle_request_by_operation_type_	lookup of slot type ObTableLockService through macro CONVERT_TYPE_AND_DO_LOCK	CONVERT_TYPE_AND_DO_LOCK(ObLockObjsRequest, new_lock_arg, tx_desc, tx_param);
src/observer/ob_inner_connection_lock_util.cpp	819	ObInnerConnectionLockRuntime::handle_request_by_operation_type_	lookup of slot type ObTableLockService through macro CONVERT_TYPE_AND_DO_LOCK	CONVERT_TYPE_AND_DO_LOCK(ObLockObjsRequest, arg, tx_desc, tx_param);
src/observer/ob_inner_connection_lock_util.cpp	826	ObInnerConnectionLockRuntime::handle_request_by_operation_type_	lookup of slot type ObTableLockService through macro CONVERT_TYPE_AND_DO_UNLOCK	CONVERT_TYPE_AND_DO_UNLOCK(ObUnLockObjsRequest, new_lock_arg, tx_desc, tx_param);
src/observer/ob_inner_connection_lock_util.cpp	830	ObInnerConnectionLockRuntime::handle_request_by_operation_type_	lookup of slot type ObTableLockService through macro CONVERT_TYPE_AND_DO_UNLOCK	CONVERT_TYPE_AND_DO_UNLOCK(ObUnLockObjsRequest, arg, tx_desc, tx_param);
src/observer/ob_inner_connection_lock_util.cpp	833	ObInnerConnectionLockRuntime::handle_request_by_operation_type_	lookup of slot type ObTableLockService through macro CONVERT_TYPE_AND_DO_LOCK	CONVERT_TYPE_AND_DO_LOCK(ObLockAloneTabletRequest, arg, tx_desc, tx_param);
src/observer/ob_inner_connection_lock_util.cpp	836	ObInnerConnectionLockRuntime::handle_request_by_operation_type_	lookup of slot type ObTableLockService through macro CONVERT_TYPE_AND_DO_UNLOCK	CONVERT_TYPE_AND_DO_UNLOCK(ObUnLockAloneTabletRequest, arg, tx_desc, tx_param);
src/observer/ob_inner_sql_connection.cpp	143	ObInnerSQLConnection::~ObInnerSQLConnection	lookup of slot type ObTransService	::oceanbase::share::server_service<::oceanbase::transaction::ObTransService>()->release_tx(*inner_session_->get_tx_desc());
src/observer/ob_inner_sql_connection.cpp	198	ObInnerSQLConnection::create_impl	lookup of slot type ObVTIterCreator	if (OB_ISNULL(sql_engine) || OB_ISNULL(::oceanbase::share::server_service<::oceanbase::observer::ObVTIterCreator>())) {
src/observer/ob_inner_sql_connection.cpp	216	ObInnerSQLConnection::create_impl	lookup of slot type ObVTIterCreator	::oceanbase::share::server_service<::oceanbase::observer::ObVTIterCreator>(),
src/observer/ob_inner_sql_connection.cpp	422	ObInnerSQLConnection::init_session	lookup of slot type ObSQLSessionMgr	const bool is_create_session_mgr = OB_NOT_NULL(::oceanbase::share::server_service<::oceanbase::sql::ObSQLSessionMgr>());
src/observer/ob_inner_sql_connection.cpp	983	ObInnerSQLConnection::register_multi_data_source	lookup of slot type ObTransService	if (OB_FAIL(::oceanbase::share::server_service<::oceanbase::transaction::ObTransService>()->register_mds_into_tx(*tx_desc,
src/observer/ob_inner_sql_connection.cpp	1365	ObInnerSQLConnection::create_session_by_mgr	lookup of slot type ObSQLSessionMgr	if (OB_ISNULL(::oceanbase::share::server_service<::oceanbase::sql::ObSQLSessionMgr>()) || OB_ISNULL(::oceanbase::share::server_service<::oceanbase::omt::ObServerRuntimeController>())) {
src/observer/ob_inner_sql_connection.cpp	1365	ObInnerSQLConnection::create_session_by_mgr	lookup of slot type ObServerRuntimeController	if (OB_ISNULL(::oceanbase::share::server_service<::oceanbase::sql::ObSQLSessionMgr>()) || OB_ISNULL(::oceanbase::share::server_service<::oceanbase::omt::ObServerRuntimeController>())) {
src/observer/ob_inner_sql_connection.cpp	1367	ObInnerSQLConnection::create_session_by_mgr	lookup of slot type ObSQLSessionMgr	} else if (OB_FAIL(::oceanbase::share::server_service<::oceanbase::sql::ObSQLSessionMgr>()->create_sessid(sid))) {
src/observer/ob_inner_sql_connection.cpp	1368	ObInnerSQLConnection::create_session_by_mgr	lookup of slot type ObSQLSessionMgr	} else if (OB_FAIL(::oceanbase::share::server_service<::oceanbase::sql::ObSQLSessionMgr>()->create_session(sid, inner_session_))) {
src/observer/ob_inner_sql_connection.cpp	1418	ObInnerSQLConnection::destroy_inner_session	lookup of slot type ObSQLSessionMgr	} else if (OB_ISNULL(::oceanbase::share::server_service<::oceanbase::sql::ObSQLSessionMgr>())) {
src/observer/ob_inner_sql_connection.cpp	1423	ObInnerSQLConnection::destroy_inner_session	lookup of slot type ObSQLSessionMgr	::oceanbase::share::server_service<::oceanbase::sql::ObSQLSessionMgr>()->revert_session(inner_session_);
src/observer/ob_inner_sql_connection.cpp	1424	ObInnerSQLConnection::destroy_inner_session	lookup of slot type ObSQLSessionMgr	::oceanbase::share::server_service<::oceanbase::sql::ObSQLSessionMgr>()->free_session(free_session_ctx_);
src/observer/ob_inner_sql_result.cpp	82	ObInnerSQLResult::init	lookup of slot type ObServerRuntimeController	} else if (OB_FAIL(::oceanbase::share::server_service<::oceanbase::omt::ObServerRuntimeController>()->lock_runtime(runtime_))) {
src/observer/ob_server.cpp	1200	ObServer::start	lookup of slot type ObLocalStorageMetaService	share::server_service<storage::ObLocalStorageMetaService>();
src/observer/ob_server.cpp	2859	ObServer::clean_up_invalid_tables	lookup of slot type ObSQLSessionMgr	if (OB_ISNULL(::oceanbase::share::server_service<::oceanbase::sql::ObSQLSessionMgr>())) {
src/observer/ob_server.cpp	2862	ObServer::clean_up_invalid_tables	lookup of slot type ObSQLSessionMgr	} else if (OB_FAIL(::oceanbase::share::server_service<::oceanbase::sql::ObSQLSessionMgr>()->for_each_session(ctas_cleanup))) {
src/observer/ob_server.cpp	2888	ObServer::clean_up_invalid_tables	lookup of slot type ObLocalManagementService	return ::oceanbase::share::server_service<
src/observer/ob_server_duty_task.cpp	97	ObSqlMemoryTimerTask::runTimerTask	lookup of slot type ObSqlMemoryManager	ObSqlMemoryManager *sql_mem_mgr = ::oceanbase::share::server_service<::oceanbase::sql::ObSqlMemoryManager>();
src/observer/ob_server_reload_config.cpp	94	ObServerReloadConfig::operator()	lookup of slot type ObServerRuntimeController	if (OB_NOT_NULL(::oceanbase::share::server_service<::oceanbase::omt::ObServerRuntimeController>())) {
src/observer/ob_server_reload_config.cpp	95	ObServerReloadConfig::operator()	lookup of slot type ObServerRuntimeController	::oceanbase::share::server_service<::oceanbase::omt::ObServerRuntimeController>()->reload_request_queue_size();
src/observer/ob_server_reload_config.cpp	141	ObServerReloadConfig::operator()	lookup of slot type ObServerRuntimeController	} else if (OB_FAIL(::oceanbase::share::server_service<::oceanbase::omt::ObServerRuntimeController>()->refresh_runtime_resources())) {
src/observer/ob_server_reload_config.cpp	148	ObServerReloadConfig::reload_scheduler_config_	lookup of slot type ObDagScheduler	(void) ::oceanbase::share::server_service<::oceanbase::share::ObDagScheduler>()->reload_config();
src/observer/ob_server_reload_config.cpp	149	ObServerReloadConfig::reload_scheduler_config_	lookup of slot type ObTabletScheduler	(void) ::oceanbase::share::server_service<::oceanbase::compaction::ObTabletScheduler>()->reload_runtime_config();
src/observer/ob_server_reload_config.cpp	156	ObServerReloadConfig::reload_memstore_freezer_config_	lookup of slot type ObMemstoreFreezer	::oceanbase::share::server_service<::oceanbase::storage::ObMemstoreFreezer>()->reload_config();
src/observer/ob_server_reload_config.cpp	157	ObServerReloadConfig::reload_memstore_freezer_config_	lookup of slot type ObSharedMemAllocMgr	::oceanbase::share::server_service<::oceanbase::share::ObSharedMemAllocMgr>()->update_throttle_config();
src/observer/ob_service.cpp	354	ObService::calc_column_checksum_request	lookup of slot type ObDagScheduler	if (OB_ISNULL(dag_scheduler = ::oceanbase::share::server_service<::oceanbase::share::ObDagScheduler>())) {
src/observer/ob_service.cpp	452	ObService::handle_tablet_freeze_req_	lookup of slot type ObMemstoreFreezer	if (OB_ISNULL(freezer = ::oceanbase::share::server_service<::oceanbase::storage::ObMemstoreFreezer>())) {
src/observer/ob_service.cpp	484	ObService::server_freeze_	lookup of slot type ObMemstoreFreezer	if (OB_ISNULL(freezer = ::oceanbase::share::server_service<::oceanbase::storage::ObMemstoreFreezer>())) {
src/observer/ob_service.cpp	517	ObService::tablet_major_freeze	lookup of slot type ObTabletScheduler	if (OB_FAIL(::oceanbase::share::server_service<::oceanbase::compaction::ObTabletScheduler>()->user_request_schedule_medium_merge(
src/observer/ob_service.cpp	542	ObService::check_modify_time_elapsed	lookup of slot type ObTransService	transaction::ObTransService *txs = ::oceanbase::share::server_service<::oceanbase::transaction::ObTransService>();
src/observer/ob_service.cpp	543	ObService::check_modify_time_elapsed	lookup of slot type ObLSService	ObLSService *ls_service = ::oceanbase::share::server_service<::oceanbase::storage::ObLSService>();
src/observer/ob_service.cpp	590	ObService::check_schema_version_elapsed	lookup of slot type ObLSService	if (OB_ISNULL(ls_service = ::oceanbase::share::server_service<::oceanbase::storage::ObLSService>())) {
src/observer/ob_service.cpp	645	ObService::check_ddl_tablet_merge_status	lookup of slot type ObLSService	if (OB_ISNULL(ls_service = ::oceanbase::share::server_service<::oceanbase::storage::ObLSService>())) {
src/observer/ob_service.cpp	679	ObService::bootstrap	lookup of slot type ObLocalManagementService	share::server_service<rootserver::ObLocalManagementService>())) {
src/observer/ob_service.cpp	694	ObService::bootstrap	lookup of slot type ObLocalManagementService	share::server_service<rootserver::ObLocalManagementService>()
src/observer/ob_service.cpp	715	ObService::get_server_resource_info	lookup of slot type ObServerLogBlockMgr	logservice::ObServerLogBlockMgr *log_block_mgr = ::oceanbase::share::server_service<::oceanbase::logservice::ObServerLogBlockMgr>();
src/observer/ob_service.cpp	723	ObService::get_server_resource_info	lookup of slot type ObServerRuntimeController	} else if (OB_ISNULL(::oceanbase::share::server_service<::oceanbase::omt::ObServerRuntimeController>())) {
src/observer/ob_service.cpp	725	ObService::get_server_resource_info	lookup of slot type ObServerRuntimeController	} else if (OB_FAIL(::oceanbase::share::server_service<::oceanbase::omt::ObServerRuntimeController>()->get_server_allocated_resource(svr_res_assigned))) {
src/observer/ob_service.cpp	805	ObService::update_opt_stat_monitoring_info	lookup of slot type ObOptStatMonitorManager	::oceanbase::share::server_service<::oceanbase::common::ObOptStatMonitorManager>();
src/observer/ob_service.cpp	926	ObService::build_ddl_local	lookup of slot type ObDagScheduler	} else if (OB_ISNULL(dag_scheduler = ::oceanbase::share::server_service<::oceanbase::share::ObDagScheduler>())) {
src/observer/ob_service.cpp	963	ObService::build_ddl_local	lookup of slot type ObDagScheduler	if (OB_ISNULL(dag_scheduler = ::oceanbase::share::server_service<::oceanbase::share::ObDagScheduler>())) {
src/observer/ob_service.cpp	1004	ObService::check_and_cancel_ddl_complement_data_dag	lookup of slot type ObDagScheduler	if (OB_ISNULL(dag_scheduler = ::oceanbase::share::server_service<::oceanbase::share::ObDagScheduler>())) {
src/observer/ob_service.cpp	1037	ObService::check_and_cancel_delete_lob_meta_row_dag	lookup of slot type ObDagScheduler	if (OB_ISNULL(dag_scheduler = ::oceanbase::share::server_service<::oceanbase::share::ObDagScheduler>())) {
src/observer/ob_service.cpp	1101	ObService::fill_tablet_runtime_info	lookup of slot type ObLSService	if (OB_ISNULL(ls_svr = ::oceanbase::share::server_service<::oceanbase::storage::ObLSService>())) {
src/observer/ob_tablet_runtime_meta_updater.cpp	244	ObTabletRuntimeMetaUpdater::cal_thread_count_	lookup of slot type ObServerRuntimeController	omt::ObServerRuntimeController *runtime_controller = ::oceanbase::share::server_service<::oceanbase::omt::ObServerRuntimeController>();
src/observer/ob_tablet_runtime_meta_updater.cpp	319	ObTabletRuntimeMetaUpdater::add_task_	lookup of slot type ObDiagnoseTabletMgr through macro DEL_SUSPECT_INFO	DEL_SUSPECT_INFO(
src/observer/ob_tablet_runtime_meta_updater.cpp	319	ObTabletRuntimeMetaUpdater::add_task_	lookup of slot type ObScheduleSuspectInfoMgr through macro DEL_SUSPECT_INFO	DEL_SUSPECT_INFO(
src/observer/ob_tablet_runtime_meta_updater.cpp	460	ObTabletRuntimeMetaUpdater::generate_tasks_	lookup of slot type ObService	} else if (OB_ISNULL(GCTX.tablet_operator_) || OB_ISNULL(::oceanbase::share::server_service<::oceanbase::observer::ObService>())) {
src/observer/ob_tablet_runtime_meta_updater.cpp	475	ObTabletRuntimeMetaUpdater::generate_tasks_	lookup of slot type ObService	} else if (OB_FAIL(::oceanbase::share::server_service<::oceanbase::observer::ObService>()->fill_tablet_runtime_info(task->get_tablet_id(),
src/observer/ob_tablet_runtime_meta_updater.cpp	756	submit_tablet_update	lookup of slot type ObTabletRuntimeMetaUpdater	return ::oceanbase::share::server_service<::oceanbase::observer::ObTabletRuntimeMetaUpdater>()->submit_update_task(
src/observer/ob_tablet_runtime_meta_updater.cpp	762	refresh_tablet_update_worker_count	lookup of slot type ObTabletRuntimeMetaUpdater	return ::oceanbase::share::server_service<::oceanbase::observer::ObTabletRuntimeMetaUpdater>()->set_thread_count();
src/observer/ob_tablet_runtime_meta_updater.cpp	773	get_tablet_update_task_status	lookup of slot type ObTabletRuntimeMetaUpdater	if (OB_FAIL(::oceanbase::share::server_service<::oceanbase::observer::ObTabletRuntimeMetaUpdater>()->check_exist(
src/observer/ob_tablet_runtime_meta_updater.cpp	776	get_tablet_update_task_status	lookup of slot type ObTabletRuntimeMetaUpdater	&& OB_FAIL(::oceanbase::share::server_service<::oceanbase::observer::ObTabletRuntimeMetaUpdater>()
src/observer/ob_tablet_runtime_meta_updater.cpp	791	get_stalled_tablet_update_tasks	lookup of slot type ObTabletRuntimeMetaUpdater	if (OB_FAIL(::oceanbase::share::server_service<::oceanbase::observer::ObTabletRuntimeMetaUpdater>()
src/observer/omt/ob_server_runtime.cpp	781	ObServerRuntime::check_dtl	lookup of slot type ObDfc	auto dfc_manager = ::oceanbase::share::server_service<::oceanbase::sql::dtl::ObDfc>();
src/observer/omt/ob_server_runtime.cpp	810	ObServerRuntime::check_px_thread_recycle	lookup of slot type ObPxPools	auto px_pools = ::oceanbase::share::server_service<::oceanbase::omt::ObPxPools>();
src/observer/omt/ob_server_runtime_controller.cpp	160	init_log_service	lookup of slot type ObServerLogBlockMgr	if (OB_ISNULL(module_init_ctx) || OB_ISNULL(::oceanbase::share::server_service<::oceanbase::logservice::ObServerLogBlockMgr>())) {
src/observer/omt/ob_server_runtime_controller.cpp	163	init_log_service	lookup of slot type ObServerLogBlockMgr	KP(module_init_ctx), KP(::oceanbase::share::server_service<::oceanbase::logservice::ObServerLogBlockMgr>()));
src/observer/omt/ob_server_runtime_controller.cpp	171	init_log_service	lookup of slot type ObServerLogBlockMgr	::oceanbase::share::server_service<::oceanbase::logservice::ObServerLogBlockMgr>(),
src/observer/omt/ob_server_runtime_controller.cpp	178	init_log_service	lookup of slot type ObServerLogBlockMgr	::oceanbase::share::server_service<::oceanbase::logservice::ObServerLogBlockMgr>()->bind_log_service(*log_service);
src/observer/omt/ob_server_runtime_controller.cpp	270	ObServerRuntimeController::destroy	lookup of slot type ObIDiskReport	if (OB_NOT_NULL(::oceanbase::share::server_service<::oceanbase::data_plane::ObIDiskReport>())) {
src/observer/omt/ob_server_runtime_controller.cpp	271	ObServerRuntimeController::destroy	lookup of slot type ObIDiskReport	tmp_ret = ::oceanbase::share::server_service<::oceanbase::data_plane::ObIDiskReport>()->delete_usage_stat();
src/observer/omt/ob_server_runtime_controller.cpp	404	ObServerRuntimeController::create_runtime	lookup of slot type ObMemstoreFreezer	if (OB_FAIL(::oceanbase::share::server_service<::oceanbase::storage::ObMemstoreFreezer>()
src/observer/omt/ob_server_runtime_controller.cpp	574	ObServerRuntimeController::update_server_log_disk_size	lookup of slot type ObLogService	ObLogService *log_service = ::oceanbase::share::server_service<::oceanbase::logservice::ObLogService>();
src/observer/omt/ob_server_runtime_controller.cpp	611	ObServerRuntimeController::update_palf_config	lookup of slot type ObLogService	ObLogService *log_service = ::oceanbase::share::server_service<::oceanbase::logservice::ObLogService>();
src/observer/omt/ob_server_runtime_controller.cpp	624	ObServerRuntimeController::update_dag_scheduler_config	lookup of slot type ObDagScheduler	ObDagScheduler *dag_scheduler = ::oceanbase::share::server_service<::oceanbase::share::ObDagScheduler>();
src/observer/omt/ob_server_runtime_controller.cpp	636	ObServerRuntimeController::update_freezer_config_	lookup of slot type ObMemstoreFreezer	ObMemstoreFreezer *freezer = ::oceanbase::share::server_service<::oceanbase::storage::ObMemstoreFreezer>();
src/observer/omt/ob_server_runtime_controller.cpp	650	ObServerRuntimeController::update_throttle_config_	lookup of slot type ObSharedMemAllocMgr	ObSharedMemAllocMgr *share_mem_alloc_mgr = ::oceanbase::share::server_service<::oceanbase::share::ObSharedMemAllocMgr>();
src/observer/omt/ob_server_runtime_controller.cpp	669	ObServerRuntimeController::update_freezer_mem_limit	lookup of slot type ObMemstoreFreezer	if (FALSE_IT(freezer = ::oceanbase::share::server_service<::oceanbase::storage::ObMemstoreFreezer>())) {
src/observer/omt/ob_server_runtime_controller.cpp	764	ObServerRuntimeController::stop_runtime_	lookup of slot type ObSQLSessionMgr	} else if (OB_ISNULL(::oceanbase::share::server_service<::oceanbase::sql::ObSQLSessionMgr>())) {
src/observer/omt/ob_server_runtime_controller.cpp	770	ObServerRuntimeController::stop_runtime_	lookup of slot type ObSQLSessionMgr	if (OB_FAIL(::oceanbase::share::server_service<::oceanbase::sql::ObSQLSessionMgr>()->kill_all_sessions(true))) {
src/observer/omt/ob_server_runtime_controller.cpp	1125	ObIOManager::print_service_status	lookup of slot type ObServerRuntimeController	if (OB_NOT_NULL(::oceanbase::share::server_service<::oceanbase::omt::ObServerRuntimeController>())) {
src/observer/omt/ob_server_runtime_controller.cpp	1252	ObIMemstoreRuntime	slot type; 1 lookups in 1 files; 1 binds; 1 unbinds; 1 spellings	::oceanbase::share::bind_server_service<share::ObIMemstoreRuntime>(this);
src/observer/omt/ob_server_runtime_controller.cpp	1253	ObILocalCommandService	slot type; 0 lookups in 0 files; 1 binds; 1 unbinds; 1 spellings	::oceanbase::share::bind_server_service<query::ObILocalCommandService>(
src/observer/omt/ob_server_runtime_controller.cpp	1255	ObLocalManagementService	slot type; 113 lookups in 28 files; 1 binds; 1 unbinds; 2 spellings	::oceanbase::share::bind_server_service<rootserver::ObLocalManagementService>(
src/observer/omt/ob_server_runtime_controller.cpp	1257	ObService	slot type; 8 lookups in 3 files; 1 binds; 1 unbinds; 2 spellings	::oceanbase::share::bind_server_service<observer::ObService>(&ob_service_);
src/observer/omt/ob_server_runtime_controller.cpp	1258	ObSQLSessionMgr	slot type; 46 lookups in 15 files; 1 binds; 1 unbinds; 3 spellings	::oceanbase::share::bind_server_service<sql::ObSQLSessionMgr>(&session_mgr_);
src/observer/omt/ob_server_runtime_controller.cpp	1259	ObServerRuntimeController	slot type; 17 lookups in 11 files; 1 binds; 1 unbinds; 2 spellings	::oceanbase::share::bind_server_service<omt::ObServerRuntimeController>(
src/observer/omt/ob_server_runtime_controller.cpp	1261	ObVTIterCreator	slot type; 2 lookups in 1 files; 1 binds; 1 unbinds; 2 spellings	::oceanbase::share::bind_server_service<observer::ObVTIterCreator>(
src/observer/omt/ob_server_runtime_controller.cpp	1263	ObIVirtualTableScan	slot type; 1 lookups in 1 files; 1 binds; 1 unbinds; 1 spellings	::oceanbase::share::bind_server_service<common::ObIVirtualTableScan>(
src/observer/omt/ob_server_runtime_controller.cpp	1265	ObSrvNetworkFrame	slot type; 0 lookups in 0 files; 1 binds; 1 unbinds; 1 spellings	::oceanbase::share::bind_server_service<observer::ObSrvNetworkFrame>(&net_frame_);
src/observer/omt/ob_server_runtime_controller.cpp	1266	ObIDiskReport	slot type; 2 lookups in 1 files; 1 binds; 1 unbinds; 2 spellings	::oceanbase::share::bind_server_service<data_plane::ObIDiskReport>(
src/observer/omt/ob_server_runtime_controller.cpp	1268	ObServerLogBlockMgr	slot type; 7 lookups in 2 files; 1 binds; 1 unbinds; 2 spellings	::oceanbase::share::bind_server_service<logservice::ObServerLogBlockMgr>(
src/observer/omt/ob_server_runtime_controller.cpp	1270	ObConnectResourceMgr	slot type; 0 lookups in 0 files; 1 binds; 1 unbinds; 1 spellings	::oceanbase::share::bind_server_service<sql::ObConnectResourceMgr>(
src/observer/omt/ob_server_runtime_controller.cpp	1272	ObStartupAccelTaskHandler	slot type; 2 lookups in 1 files; 1 binds; 1 unbinds; 2 spellings	::oceanbase::share::bind_server_service<storage::ObStartupAccelTaskHandler>(
src/observer/omt/ob_server_runtime_controller.cpp	1274	ObLSService	slot type; 180 lookups in 101 files (uses of wrapper macro BATCH_PROCESS counted); 1 binds; 1 unbinds; 3 spellings	BIND_SERVICE(ls_service, storage::ObLSService);
src/observer/omt/ob_server_runtime_controller.cpp	1275	ObStorageMetaMemMgr	slot type; 69 lookups in 32 files; 1 binds; 1 unbinds; 2 spellings	BIND_SERVICE(storage_meta_mem_mgr, storage::ObStorageMetaMemMgr);
src/observer/omt/ob_server_runtime_controller.cpp	1276	ObTransService	slot type; 53 lookups in 26 files (uses of wrapper macro READ_CHECKER_FOR_EACH, READ_CHECKER_PRINT, READ_CHECKER_RECORD, READ_CHECKER_RELEASE counted); 1 binds; 1 unbinds; 2 spellings	BIND_SERVICE(trans_service, transaction::ObTransService);
src/observer/omt/ob_server_runtime_controller.cpp	1277	ObDeadLockDetectorMgr	slot type; 44 lookups in 4 files; 1 binds; 1 unbinds; 2 spellings	BIND_SERVICE(dead_lock_detector_mgr, share::detector::ObDeadLockDetectorMgr);
src/observer/omt/ob_server_runtime_controller.cpp	1278	ObSharedMemAllocMgr	slot type; 45 lookups in 23 files; 1 binds; 1 unbinds; 2 spellings	BIND_SERVICE(shared_mem_alloc_mgr, share::ObSharedMemAllocMgr);
src/observer/omt/ob_server_runtime_controller.cpp	1279	ObAccessService	slot type; 42 lookups in 12 files (uses of wrapper macro BATCH_PROCESS counted); 1 binds; 1 unbinds; 2 spellings	BIND_SERVICE(access_service, storage::ObAccessService);
src/observer/omt/ob_server_runtime_controller.cpp	1280	ObDagScheduler	slot type; 37 lookups in 19 files (uses of wrapper macro CREATE_DAG counted); 1 binds; 1 unbinds; 2 spellings	BIND_SERVICE(dag_scheduler, share::ObDagScheduler);
src/observer/omt/ob_server_runtime_controller.cpp	1281	ObMemstoreFreezer	slot type; 25 lookups in 17 files; 1 binds; 1 unbinds; 2 spellings	BIND_SERVICE(memstore_freezer, storage::ObMemstoreFreezer);
src/observer/omt/ob_server_runtime_controller.cpp	1282	ObPluginVectorIndexService	slot type; 31 lookups in 11 files (uses of wrapper macro CHECK_TASK_CANCELLED_IN_PROCESS counted); 1 binds; 1 unbinds; 2 spellings	BIND_SERVICE(plugin_vector_index_service, share::ObPluginVectorIndexService);
src/observer/omt/ob_server_runtime_controller.cpp	1283	ObLockWaitMgr	slot type; 24 lookups in 10 files; 1 binds; 1 unbinds; 3 spellings	BIND_SERVICE(lock_wait_mgr, memtable::ObLockWaitMgr);
src/observer/omt/ob_server_runtime_controller.cpp	1284	ObLobManager	slot type; 23 lookups in 10 files; 1 binds; 1 unbinds; 2 spellings	BIND_SERVICE(lob_manager, storage::ObLobManager);
src/observer/omt/ob_server_runtime_controller.cpp	1285	ObLogService	slot type; 24 lookups in 14 files; 1 binds; 1 unbinds; 2 spellings	BIND_SERVICE(log_service, logservice::ObLogService);
src/observer/omt/ob_server_runtime_controller.cpp	1286	ObLocalStorageMetaService	slot type; 28 lookups in 12 files (uses of wrapper macro LOCAL_STORAGE_META_PERSISTER counted); 1 binds; 1 unbinds; 2 spellings	BIND_SERVICE(local_storage_meta_service, storage::ObLocalStorageMetaService);
src/observer/omt/ob_server_runtime_controller.cpp	1287	ObFreezeInfoMgr	slot type; 22 lookups in 7 files (uses of wrapper macro SERVER_CALL_FREEZE_INFO_MGR counted); 1 binds; 1 unbinds; 2 spellings	BIND_SERVICE(freeze_info_mgr, storage::ObFreezeInfoMgr);
src/observer/omt/ob_server_runtime_controller.cpp	1288	ObSchemaRuntimeService	slot type; 20 lookups in 10 files; 1 binds; 1 unbinds; 2 spellings	BIND_SERVICE(schema_runtime_service, share::schema::ObSchemaRuntimeService);
src/observer/omt/ob_server_runtime_controller.cpp	1289	ObTmpFileManager	slot type; 17 lookups in 8 files; 1 binds; 1 unbinds; 2 spellings	BIND_SERVICE(tmp_file_manager, tmp_file::ObTmpFileManager);
src/observer/omt/ob_server_runtime_controller.cpp	1290	ObIVectorIndexRuntime	slot type; 10 lookups in 4 files; 1 binds; 1 unbinds; 2 spellings	BIND_SERVICE(vector_index_runtime, storage::ObIVectorIndexRuntime);
src/observer/omt/ob_server_runtime_controller.cpp	1291	ObTabletScheduler	slot type; 18 lookups in 11 files; 1 binds; 1 unbinds; 2 spellings	BIND_SERVICE(tablet_scheduler, compaction::ObTabletScheduler);
src/observer/omt/ob_server_runtime_controller.cpp	1292	ObTabletStatMgr	slot type; 15 lookups in 9 files; 1 binds; 1 unbinds; 2 spellings	BIND_SERVICE(tablet_stat_mgr, storage::ObTabletStatMgr);
src/observer/omt/ob_server_runtime_controller.cpp	1293	ObPlanCache	slot type; 15 lookups in 8 files; 1 binds; 1 unbinds; 2 spellings	BIND_SERVICE(plan_cache, sql::ObPlanCache);
src/observer/omt/ob_server_runtime_controller.cpp	1294	ObDTLIntermResultManager	slot type; 15 lookups in 9 files; 1 binds; 1 unbinds; 2 spellings	BIND_SERVICE(dtl_interm_result_manager, sql::dtl::ObDTLIntermResultManager);
src/observer/omt/ob_server_runtime_controller.cpp	1295	ObSharedMacroBlockMgr	slot type; 12 lookups in 5 files; 1 binds; 1 unbinds; 2 spellings	BIND_SERVICE(shared_macro_block_mgr, blocksstable::ObSharedMacroBlockMgr);
src/observer/omt/ob_server_runtime_controller.cpp	1296	ObIServerRuntime	slot type; 11 lookups in 5 files; 1 binds; 1 unbinds; 2 spellings	BIND_SERVICE(server_runtime_service, storage::ObIServerRuntime);
src/observer/omt/ob_server_runtime_controller.cpp	1297	ObTableLockService	slot type; 20 lookups in 4 files (uses of wrapper macro CONVERT_TYPE_AND_DO_LOCK, CONVERT_TYPE_AND_DO_UNLOCK counted); 1 binds; 1 unbinds; 2 spellings	BIND_SERVICE(table_lock_service, transaction::tablelock::ObTableLockService);
src/observer/omt/ob_server_runtime_controller.cpp	1298	ObISharedTimer	slot type; 9 lookups in 2 files; 1 binds; 1 unbinds; 2 spellings	BIND_SERVICE(shared_timer, share::ObISharedTimer);
src/observer/omt/ob_server_runtime_controller.cpp	1299	ObScheduleSuspectInfoMgr	slot type; 21 lookups in 10 files (uses of wrapper macro DEFINE_SUSPECT_INFO_ADD, DEFINE_SUSPECT_INFO_ADD_EXTRA, DEL_SUSPECT_INFO counted); 1 binds; 1 unbinds; 2 spellings	BIND_SERVICE(schedule_suspect_info_mgr, compaction::ObScheduleSuspectInfoMgr);
src/observer/omt/ob_server_runtime_controller.cpp	1300	ObMdsService	slot type; 9 lookups in 4 files; 1 binds; 1 unbinds; 2 spellings	BIND_SERVICE(mds_service, storage::mds::ObMdsService);
src/observer/omt/ob_server_runtime_controller.cpp	1301	ObILobReadService	slot type; 11 lookups in 7 files; 1 binds; 1 unbinds; 3 spellings	BIND_SERVICE(lob_read_service, common::ObILobReadService);
src/observer/omt/ob_server_runtime_controller.cpp	1302	ObGlobalIteratorPool	slot type; 9 lookups in 3 files; 1 binds; 1 unbinds; 2 spellings	BIND_SERVICE(global_iterator_pool, storage::ObGlobalIteratorPool);
src/observer/omt/ob_server_runtime_controller.cpp	1303	ObDiagnoseTabletMgr	slot type; 21 lookups in 10 files (uses of wrapper macro DEFINE_SUSPECT_INFO_ADD, DEFINE_SUSPECT_INFO_ADD_EXTRA, DEL_SUSPECT_INFO counted); 1 binds; 1 unbinds; 2 spellings	BIND_SERVICE(diagnose_tablet_mgr, compaction::ObDiagnoseTabletMgr);
src/observer/omt/ob_server_runtime_controller.cpp	1304	ObChangeStreamMgr	slot type; 8 lookups in 4 files; 1 binds; 1 unbinds; 2 spellings	BIND_SERVICE(change_stream_mgr, share::ObChangeStreamMgr);
src/observer/omt/ob_server_runtime_controller.cpp	1305	ObIVectorIndexService	slot type; 8 lookups in 4 files; 1 binds; 1 unbinds; 2 spellings	BIND_SERVICE(vector_index_service, query::ObIVectorIndexService);
src/observer/omt/ob_server_runtime_controller.cpp	1306	ObDataAccessService	slot type; 8 lookups in 3 files; 1 binds; 1 unbinds; 2 spellings	BIND_SERVICE(data_access_service, sql::ObDataAccessService);
src/observer/omt/ob_server_runtime_controller.cpp	1307	ObDagWarningHistoryManager	slot type; 8 lookups in 6 files; 1 binds; 1 unbinds; 2 spellings	BIND_SERVICE(dag_warning_history_manager, share::ObDagWarningHistoryManager);
src/observer/omt/ob_server_runtime_controller.cpp	1308	ObSqlMemoryManager	slot type; 12 lookups in 8 files; 1 binds; 1 unbinds; 3 spellings	BIND_SERVICE(sql_memory_manager, sql::ObSqlMemoryManager);
src/observer/omt/ob_server_runtime_controller.cpp	1309	ObIDmlService	slot type; 7 lookups in 5 files; 1 binds; 1 unbinds; 2 spellings	BIND_SERVICE(dml_service, data_plane::ObIDmlService);
src/observer/omt/ob_server_runtime_controller.cpp	1310	ObCompactionProgressMgr	slot type; 7 lookups in 4 files; 1 binds; 1 unbinds; 2 spellings	BIND_SERVICE(compaction_progress_mgr, compaction::ObCompactionProgressMgr);
src/observer/omt/ob_server_runtime_controller.cpp	1311	ObTimestampService	slot type; 6 lookups in 3 files; 1 binds; 1 unbinds; 3 spellings	BIND_SERVICE(timestamp_service, transaction::ObTimestampService);
src/observer/omt/ob_server_runtime_controller.cpp	1312	ObITabletAutoincrementAdmin	slot type; 6 lookups in 3 files; 1 binds; 1 unbinds; 2 spellings	BIND_SERVICE(tablet_autoincrement_admin, share::ObITabletAutoincrementAdmin);
src/observer/omt/ob_server_runtime_controller.cpp	1313	ObMySQLProxy	slot type; 4 lookups in 2 files; 1 binds; 1 unbinds; 2 spellings	BIND_SERVICE(sql_proxy, common::ObMySQLProxy);
src/observer/omt/ob_server_runtime_controller.cpp	1314	ObTransIDService	slot type; 5 lookups in 3 files; 1 binds; 1 unbinds; 2 spellings	BIND_SERVICE(trans_id_service, transaction::ObTransIDService);
src/observer/omt/ob_server_runtime_controller.cpp	1315	ObTabletRuntimeMetaUpdater	slot type; 8 lookups in 2 files; 1 binds; 1 unbinds; 3 spellings	BIND_SERVICE(tablet_runtime_meta_updater, observer::ObTabletRuntimeMetaUpdater);
src/observer/omt/ob_server_runtime_controller.cpp	1316	ObSSTableMergeInfoMgr	slot type; 5 lookups in 4 files; 1 binds; 1 unbinds; 2 spellings	BIND_SERVICE(sstable_merge_info_mgr, storage::ObSSTableMergeInfoMgr);
src/observer/omt/ob_server_runtime_controller.cpp	1317	ObISchedulerService	slot type; 5 lookups in 2 files; 1 binds; 1 unbinds; 2 spellings	BIND_SERVICE(scheduler_service, query::ObISchedulerService);
src/observer/omt/ob_server_runtime_controller.cpp	1318	ObRbMemMgr	slot type; 5 lookups in 5 files; 1 binds; 1 unbinds; 2 spellings	BIND_SERVICE(rb_mem_mgr, common::ObRbMemMgr);
src/observer/omt/ob_server_runtime_controller.cpp	1319	ObOptStatMonitorManager	slot type; 5 lookups in 4 files; 1 binds; 1 unbinds; 2 spellings	BIND_SERVICE(opt_stat_monitor_manager, common::ObOptStatMonitorManager);
src/observer/omt/ob_server_runtime_controller.cpp	1320	ObCompactionMemPool	slot type; 5 lookups in 3 files; 1 binds; 1 unbinds; 2 spellings	BIND_SERVICE(compaction_mem_pool, storage::ObCompactionMemPool);
src/observer/omt/ob_server_runtime_controller.cpp	1321	ObIWriteContextService	slot type; 4 lookups in 3 files; 1 binds; 1 unbinds; 2 spellings	BIND_SERVICE(write_context_service, data_plane::ObIWriteContextService);
src/observer/omt/ob_server_runtime_controller.cpp	1322	ObIMajorFreezeCoordinator	slot type; 4 lookups in 3 files; 1 binds; 1 unbinds; 2 spellings	BIND_SERVICE(major_freeze_coordinator, data_plane::ObIMajorFreezeCoordinator);
src/observer/omt/ob_server_runtime_controller.cpp	1323	ObDfc	slot type; 4 lookups in 3 files; 1 binds; 1 unbinds; 2 spellings	BIND_SERVICE(dfc_manager, sql::dtl::ObDfc);
src/observer/omt/ob_server_runtime_controller.cpp	1324	ObCompactionSuggestionMgr	slot type; 4 lookups in 3 files; 1 binds; 1 unbinds; 2 spellings	BIND_SERVICE(compaction_suggestion_mgr, compaction::ObCompactionSuggestionMgr);
src/observer/omt/ob_server_runtime_controller.cpp	1325	ObIAiEndpointResolver	slot type; 4 lookups in 4 files; 1 binds; 1 unbinds; 2 spellings	BIND_SERVICE(ai_endpoint_resolver, query::ObIAiEndpointResolver);
src/observer/omt/ob_server_runtime_controller.cpp	1326	ObITabletAutoincrementService	slot type; 3 lookups in 3 files; 1 binds; 1 unbinds; 2 spellings	BIND_SERVICE(tablet_autoincrement_service, share::ObITabletAutoincrementService);
src/observer/omt/ob_server_runtime_controller.cpp	1327	ObServerCompactionEventHistory	slot type; 9 lookups in 3 files (uses of wrapper macro DEFINE_COMPACTION_EVENT_PRINT_KV counted); 1 binds; 1 unbinds; 2 spellings	BIND_SERVICE(server_compaction_event_history, compaction::ObServerCompactionEventHistory);
src/observer/omt/ob_server_runtime_controller.cpp	1328	ObResourceLimitCalculator	slot type; 3 lookups in 2 files; 1 binds; 1 unbinds; 2 spellings	BIND_SERVICE(resource_limit_calculator, share::ObResourceLimitCalculator);
src/observer/omt/ob_server_runtime_controller.cpp	1329	ObPsCache	slot type; 3 lookups in 3 files; 1 binds; 1 unbinds; 2 spellings	BIND_SERVICE(ps_cache, sql::ObPsCache);
src/observer/omt/ob_server_runtime_controller.cpp	1330	ObMultiVersionGarbageCollector	slot type; 3 lookups in 2 files; 1 binds; 1 unbinds; 2 spellings	BIND_SERVICE(multi_version_garbage_collector, concurrency_control::ObMultiVersionGarbageCollector);
src/observer/omt/ob_server_runtime_controller.cpp	1331	ObMediumChecker	slot type; 3 lookups in 3 files; 1 binds; 1 unbinds; 2 spellings	BIND_SERVICE(medium_checker, compaction::ObMediumChecker);
src/observer/omt/ob_server_runtime_controller.cpp	1332	ObILSRuntimeAdapter	slot type; 3 lookups in 1 files; 1 binds; 1 unbinds; 2 spellings	BIND_SERVICE(ls_runtime_adapter, storage::ObILSRuntimeAdapter);
src/observer/omt/ob_server_runtime_controller.cpp	1333	ObCheckPointService	slot type; 3 lookups in 2 files; 1 binds; 1 unbinds; 2 spellings	BIND_SERVICE(check_point_service, storage::checkpoint::ObCheckPointService);
src/observer/omt/ob_server_runtime_controller.cpp	1334	ObTimestampAccess	slot type; 4 lookups in 3 files; 1 binds; 1 unbinds; 2 spellings	BIND_SERVICE(timestamp_access, transaction::ObTimestampAccess);
src/observer/omt/ob_server_runtime_controller.cpp	1335	ObITabletScan	slot type; 3 lookups in 2 files; 1 binds; 1 unbinds; 2 spellings	BIND_SERVICE(tablet_scan_service, common::ObITabletScan);
src/observer/omt/ob_server_runtime_controller.cpp	1336	ObTabletMemtableMgrPool	slot type; 2 lookups in 2 files; 1 binds; 1 unbinds; 2 spellings	BIND_SERVICE(tablet_memtable_mgr_pool, storage::ObTabletMemtableMgrPool);
src/observer/omt/ob_server_runtime_controller.cpp	1337	ObIStorageEstimator	slot type; 2 lookups in 1 files; 1 binds; 1 unbinds; 2 spellings	BIND_SERVICE(storage_estimator, data_plane::ObIStorageEstimator);
src/observer/omt/ob_server_runtime_controller.cpp	1338	ObRestoreMajorFreezeService	slot type; 2 lookups in 1 files; 1 binds; 1 unbinds; 2 spellings	BIND_SERVICE(restore_major_freeze_service, rootserver::ObRestoreMajorFreezeService);
src/observer/omt/ob_server_runtime_controller.cpp	1339	ObIRangeService	slot type; 2 lookups in 1 files; 1 binds; 1 unbinds; 2 spellings	BIND_SERVICE(range_service, data_plane::ObIRangeService);
src/observer/omt/ob_server_runtime_controller.cpp	1340	ObPrimaryMajorFreezeService	slot type; 2 lookups in 1 files; 1 binds; 1 unbinds; 2 spellings	BIND_SERVICE(primary_major_freeze_service, rootserver::ObPrimaryMajorFreezeService);
src/observer/omt/ob_server_runtime_controller.cpp	1341	ObIOptimizerStorageService	slot type; 2 lookups in 2 files; 1 binds; 1 unbinds; 2 spellings	BIND_SERVICE(optimizer_storage_service, data_plane::ObIOptimizerStorageService);
src/observer/omt/ob_server_runtime_controller.cpp	1342	ObIMemoryPressureService	slot type; 1 lookups in 1 files; 1 binds; 1 unbinds; 2 spellings	BIND_SERVICE(memory_pressure_service, data_plane::ObIMemoryPressureService);
src/observer/omt/ob_server_runtime_controller.cpp	1343	ObEmptyReadBucket	slot type; 2 lookups in 1 files; 1 binds; 1 unbinds; 2 spellings	BIND_SERVICE(empty_read_bucket, storage::ObEmptyReadBucket);
src/observer/omt/ob_server_runtime_controller.cpp	1344	ObDDLScheduler	slot type; 18 lookups in 2 files (uses of wrapper macro SYS_DDL_SCHEDULER_FUNC counted); 1 binds; 1 unbinds; 2 spellings	BIND_SERVICE(ddl_scheduler, rootserver::ObDDLScheduler);
src/observer/omt/ob_server_runtime_controller.cpp	1345	ObAiService	slot type; 2 lookups in 2 files; 1 binds; 1 unbinds; 2 spellings	BIND_SERVICE(ai_service, omt::ObAiService);
src/observer/omt/ob_server_runtime_controller.cpp	1346	ObUniqueIDService	slot type; 1 lookups in 1 files; 1 binds; 1 unbinds; 2 spellings	BIND_SERVICE(unique_id_service, transaction::ObUniqueIDService);
src/observer/omt/ob_server_runtime_controller.cpp	1347	ObSrsService	slot type; 0 lookups in 0 files (uses of wrapper macro SRS_SERVICE counted); 1 binds; 1 unbinds; 2 spellings	BIND_SERVICE(srs_service, omt::ObSrsService);
src/observer/omt/ob_server_runtime_controller.cpp	1348	ObIRootserverLocalRuntime	slot type; 1 lookups in 1 files; 1 binds; 1 unbinds; 2 spellings	BIND_SERVICE(rootserver_local_runtime, rootserver::ObIRootserverLocalRuntime);
src/observer/omt/ob_server_runtime_controller.cpp	1349	ObIReadTimestampService	slot type; 1 lookups in 1 files; 1 binds; 1 unbinds; 2 spellings	BIND_SERVICE(read_timestamp_service, data_plane::ObIReadTimestampService);
src/observer/omt/ob_server_runtime_controller.cpp	1350	ObPxPools	slot type; 1 lookups in 1 files; 1 binds; 1 unbinds; 2 spellings	BIND_SERVICE(px_pools, omt::ObPxPools);
src/observer/omt/ob_server_runtime_controller.cpp	1351	ObILockWaitService	slot type; 1 lookups in 1 files; 1 binds; 1 unbinds; 2 spellings	BIND_SERVICE(lock_wait_service, data_plane::ObILockWaitService);
src/observer/omt/ob_server_runtime_controller.cpp	1352	ObILocalLogHandler	slot type; 1 lookups in 1 files; 1 binds; 1 unbinds; 2 spellings	BIND_SERVICE(internal_table_refresh_handler, logservice::ObILocalLogHandler);
src/observer/omt/ob_server_runtime_controller.cpp	1353	ObIInnerConnectionLockRuntime	slot type; 1 lookups in 1 files; 1 binds; 1 unbinds; 2 spellings	BIND_SERVICE(inner_connection_lock_runtime, transaction::tablelock::ObIInnerConnectionLockRuntime);
src/observer/omt/ob_server_runtime_controller.cpp	1354	ObDDLServiceLauncher	slot type; 1 lookups in 1 files; 1 binds; 1 unbinds; 2 spellings	BIND_SERVICE(ddl_service_launcher, rootserver::ObDDLServiceLauncher);
src/observer/omt/ob_server_runtime_controller.cpp	1355	ObDBMSSchedService	slot type; 1 lookups in 1 files; 1 binds; 1 unbinds; 2 spellings	BIND_SERVICE(dbms_sched_service, rootserver::ObDBMSSchedService);
src/observer/omt/ob_server_runtime_controller.cpp	1356	ObIActiveSnapshotService	slot type; 1 lookups in 1 files; 1 binds; 1 unbinds; 2 spellings	BIND_SERVICE(active_snapshot_service, query::ObIActiveSnapshotService);
src/observer/omt/ob_server_runtime_controller.cpp	1391	ObServer::obs_init_modules	lookup of slot type ObSQLSessionMgr	(OB_ISNULL(::oceanbase::share::server_service<::oceanbase::sql::ObSQLSessionMgr>()) ||
src/observer/omt/ob_server_runtime_controller.cpp	1393	ObServer::obs_init_modules	lookup of slot type ObSQLSessionMgr	mods_table_lock_service_, *::oceanbase::share::server_service<::oceanbase::sql::ObSQLSessionMgr>())))) {
src/observer/omt/ob_server_runtime_controller.cpp	1397	ObServer::obs_init_modules	lookup of slot type ObSQLSessionMgr	SERVER_LOG(WARN, "mods_table_lock_service_ fail", KR(ret), KP(::oceanbase::share::server_service<::oceanbase::sql::ObSQLSessionMgr>()));
src/observer/omt/ob_server_runtime_controller.cpp	1630	ObServer::obs_wait_modules	lookup of slot type ObSQLSessionMgr	if (OB_NOT_NULL(::oceanbase::share::server_service<::oceanbase::sql::ObSQLSessionMgr>())) {
src/observer/omt/ob_server_runtime_controller.cpp	1631	ObServer::obs_wait_modules	lookup of slot type ObSQLSessionMgr	::oceanbase::share::server_service<::oceanbase::sql::ObSQLSessionMgr>()->wait_sessions_drained();
src/observer/omt/ob_server_runtime_controller.cpp	1695	ObServer::obs_destroy_modules	lookup of slot type ObServerLogBlockMgr	if (OB_NOT_NULL(::oceanbase::share::server_service<::oceanbase::logservice::ObServerLogBlockMgr>()) && OB_NOT_NULL(mods_log_service_)) {
src/observer/omt/ob_server_runtime_controller.cpp	1696	ObServer::obs_destroy_modules	lookup of slot type ObServerLogBlockMgr	::oceanbase::share::server_service<::oceanbase::logservice::ObServerLogBlockMgr>()->unbind_log_service(*mods_log_service_);
src/observer/omt/ob_server_runtime_controller.cpp	1710	ObServer::obs_destroy_modules	unbind of slot type ObIMemstoreRuntime	UNBIND_SERVICE(share::ObIMemstoreRuntime);
src/observer/omt/ob_server_runtime_controller.cpp	1711	ObServer::obs_destroy_modules	unbind of slot type ObILocalCommandService	UNBIND_SERVICE(query::ObILocalCommandService);
src/observer/omt/ob_server_runtime_controller.cpp	1712	ObServer::obs_destroy_modules	unbind of slot type ObLocalManagementService	UNBIND_SERVICE(rootserver::ObLocalManagementService);
src/observer/omt/ob_server_runtime_controller.cpp	1713	ObServer::obs_destroy_modules	unbind of slot type ObService	UNBIND_SERVICE(observer::ObService);
src/observer/omt/ob_server_runtime_controller.cpp	1714	ObServer::obs_destroy_modules	unbind of slot type ObSQLSessionMgr	UNBIND_SERVICE(sql::ObSQLSessionMgr);
src/observer/omt/ob_server_runtime_controller.cpp	1715	ObServer::obs_destroy_modules	unbind of slot type ObServerRuntimeController	UNBIND_SERVICE(omt::ObServerRuntimeController);
src/observer/omt/ob_server_runtime_controller.cpp	1716	ObServer::obs_destroy_modules	unbind of slot type ObVTIterCreator	UNBIND_SERVICE(observer::ObVTIterCreator);
src/observer/omt/ob_server_runtime_controller.cpp	1717	ObServer::obs_destroy_modules	unbind of slot type ObSrvNetworkFrame	UNBIND_SERVICE(observer::ObSrvNetworkFrame);
src/observer/omt/ob_server_runtime_controller.cpp	1718	ObServer::obs_destroy_modules	unbind of slot type ObIDiskReport	UNBIND_SERVICE(data_plane::ObIDiskReport);
src/observer/omt/ob_server_runtime_controller.cpp	1719	ObServer::obs_destroy_modules	unbind of slot type ObServerLogBlockMgr	UNBIND_SERVICE(logservice::ObServerLogBlockMgr);
src/observer/omt/ob_server_runtime_controller.cpp	1720	ObServer::obs_destroy_modules	unbind of slot type ObConnectResourceMgr	UNBIND_SERVICE(sql::ObConnectResourceMgr);
src/observer/omt/ob_server_runtime_controller.cpp	1721	ObServer::obs_destroy_modules	unbind of slot type ObStartupAccelTaskHandler	UNBIND_SERVICE(storage::ObStartupAccelTaskHandler);
src/observer/omt/ob_server_runtime_controller.cpp	1722	ObServer::obs_destroy_modules	unbind of slot type ObLSService	UNBIND_SERVICE(storage::ObLSService);
src/observer/omt/ob_server_runtime_controller.cpp	1723	ObServer::obs_destroy_modules	unbind of slot type ObStorageMetaMemMgr	UNBIND_SERVICE(storage::ObStorageMetaMemMgr);
src/observer/omt/ob_server_runtime_controller.cpp	1724	ObServer::obs_destroy_modules	unbind of slot type ObTransService	UNBIND_SERVICE(transaction::ObTransService);
src/observer/omt/ob_server_runtime_controller.cpp	1725	ObServer::obs_destroy_modules	unbind of slot type ObDeadLockDetectorMgr	UNBIND_SERVICE(share::detector::ObDeadLockDetectorMgr);
src/observer/omt/ob_server_runtime_controller.cpp	1726	ObServer::obs_destroy_modules	unbind of slot type ObSharedMemAllocMgr	UNBIND_SERVICE(share::ObSharedMemAllocMgr);
src/observer/omt/ob_server_runtime_controller.cpp	1727	ObServer::obs_destroy_modules	unbind of slot type ObAccessService	UNBIND_SERVICE(storage::ObAccessService);
src/observer/omt/ob_server_runtime_controller.cpp	1728	ObServer::obs_destroy_modules	unbind of slot type ObDagScheduler	UNBIND_SERVICE(share::ObDagScheduler);
src/observer/omt/ob_server_runtime_controller.cpp	1729	ObServer::obs_destroy_modules	unbind of slot type ObMemstoreFreezer	UNBIND_SERVICE(storage::ObMemstoreFreezer);
src/observer/omt/ob_server_runtime_controller.cpp	1730	ObServer::obs_destroy_modules	unbind of slot type ObPluginVectorIndexService	UNBIND_SERVICE(share::ObPluginVectorIndexService);
src/observer/omt/ob_server_runtime_controller.cpp	1731	ObServer::obs_destroy_modules	unbind of slot type ObLockWaitMgr	UNBIND_SERVICE(memtable::ObLockWaitMgr);
src/observer/omt/ob_server_runtime_controller.cpp	1732	ObServer::obs_destroy_modules	unbind of slot type ObLobManager	UNBIND_SERVICE(storage::ObLobManager);
src/observer/omt/ob_server_runtime_controller.cpp	1733	ObServer::obs_destroy_modules	unbind of slot type ObLogService	UNBIND_SERVICE(logservice::ObLogService);
src/observer/omt/ob_server_runtime_controller.cpp	1734	ObServer::obs_destroy_modules	unbind of slot type ObLocalStorageMetaService	UNBIND_SERVICE(storage::ObLocalStorageMetaService);
src/observer/omt/ob_server_runtime_controller.cpp	1735	ObServer::obs_destroy_modules	unbind of slot type ObFreezeInfoMgr	UNBIND_SERVICE(storage::ObFreezeInfoMgr);
src/observer/omt/ob_server_runtime_controller.cpp	1736	ObServer::obs_destroy_modules	unbind of slot type ObSchemaRuntimeService	UNBIND_SERVICE(share::schema::ObSchemaRuntimeService);
src/observer/omt/ob_server_runtime_controller.cpp	1737	ObServer::obs_destroy_modules	unbind of slot type ObTmpFileManager	UNBIND_SERVICE(tmp_file::ObTmpFileManager);
src/observer/omt/ob_server_runtime_controller.cpp	1738	ObServer::obs_destroy_modules	unbind of slot type ObIVectorIndexRuntime	UNBIND_SERVICE(storage::ObIVectorIndexRuntime);
src/observer/omt/ob_server_runtime_controller.cpp	1739	ObServer::obs_destroy_modules	unbind of slot type ObTabletScheduler	UNBIND_SERVICE(compaction::ObTabletScheduler);
src/observer/omt/ob_server_runtime_controller.cpp	1740	ObServer::obs_destroy_modules	unbind of slot type ObTabletStatMgr	UNBIND_SERVICE(storage::ObTabletStatMgr);
src/observer/omt/ob_server_runtime_controller.cpp	1741	ObServer::obs_destroy_modules	unbind of slot type ObPlanCache	UNBIND_SERVICE(sql::ObPlanCache);
src/observer/omt/ob_server_runtime_controller.cpp	1742	ObServer::obs_destroy_modules	unbind of slot type ObDTLIntermResultManager	UNBIND_SERVICE(sql::dtl::ObDTLIntermResultManager);
src/observer/omt/ob_server_runtime_controller.cpp	1743	ObServer::obs_destroy_modules	unbind of slot type ObSharedMacroBlockMgr	UNBIND_SERVICE(blocksstable::ObSharedMacroBlockMgr);
src/observer/omt/ob_server_runtime_controller.cpp	1744	ObServer::obs_destroy_modules	unbind of slot type ObIServerRuntime	UNBIND_SERVICE(storage::ObIServerRuntime);
src/observer/omt/ob_server_runtime_controller.cpp	1745	ObServer::obs_destroy_modules	unbind of slot type ObTableLockService	UNBIND_SERVICE(transaction::tablelock::ObTableLockService);
src/observer/omt/ob_server_runtime_controller.cpp	1746	ObServer::obs_destroy_modules	unbind of slot type ObISharedTimer	UNBIND_SERVICE(share::ObISharedTimer);
src/observer/omt/ob_server_runtime_controller.cpp	1747	ObServer::obs_destroy_modules	unbind of slot type ObScheduleSuspectInfoMgr	UNBIND_SERVICE(compaction::ObScheduleSuspectInfoMgr);
src/observer/omt/ob_server_runtime_controller.cpp	1748	ObServer::obs_destroy_modules	unbind of slot type ObMdsService	UNBIND_SERVICE(storage::mds::ObMdsService);
src/observer/omt/ob_server_runtime_controller.cpp	1749	ObServer::obs_destroy_modules	unbind of slot type ObILobReadService	UNBIND_SERVICE(common::ObILobReadService);
src/observer/omt/ob_server_runtime_controller.cpp	1750	ObServer::obs_destroy_modules	unbind of slot type ObGlobalIteratorPool	UNBIND_SERVICE(storage::ObGlobalIteratorPool);
src/observer/omt/ob_server_runtime_controller.cpp	1751	ObServer::obs_destroy_modules	unbind of slot type ObDiagnoseTabletMgr	UNBIND_SERVICE(compaction::ObDiagnoseTabletMgr);
src/observer/omt/ob_server_runtime_controller.cpp	1752	ObServer::obs_destroy_modules	unbind of slot type ObChangeStreamMgr	UNBIND_SERVICE(share::ObChangeStreamMgr);
src/observer/omt/ob_server_runtime_controller.cpp	1753	ObServer::obs_destroy_modules	unbind of slot type ObIVectorIndexService	UNBIND_SERVICE(query::ObIVectorIndexService);
src/observer/omt/ob_server_runtime_controller.cpp	1754	ObServer::obs_destroy_modules	unbind of slot type ObDataAccessService	UNBIND_SERVICE(sql::ObDataAccessService);
src/observer/omt/ob_server_runtime_controller.cpp	1755	ObServer::obs_destroy_modules	unbind of slot type ObDagWarningHistoryManager	UNBIND_SERVICE(share::ObDagWarningHistoryManager);
src/observer/omt/ob_server_runtime_controller.cpp	1756	ObServer::obs_destroy_modules	unbind of slot type ObSqlMemoryManager	UNBIND_SERVICE(sql::ObSqlMemoryManager);
src/observer/omt/ob_server_runtime_controller.cpp	1757	ObServer::obs_destroy_modules	unbind of slot type ObIDmlService	UNBIND_SERVICE(data_plane::ObIDmlService);
src/observer/omt/ob_server_runtime_controller.cpp	1758	ObServer::obs_destroy_modules	unbind of slot type ObCompactionProgressMgr	UNBIND_SERVICE(compaction::ObCompactionProgressMgr);
src/observer/omt/ob_server_runtime_controller.cpp	1759	ObServer::obs_destroy_modules	unbind of slot type ObTimestampService	UNBIND_SERVICE(transaction::ObTimestampService);
src/observer/omt/ob_server_runtime_controller.cpp	1760	ObServer::obs_destroy_modules	unbind of slot type ObITabletAutoincrementAdmin	UNBIND_SERVICE(share::ObITabletAutoincrementAdmin);
src/observer/omt/ob_server_runtime_controller.cpp	1761	ObServer::obs_destroy_modules	unbind of slot type ObMySQLProxy	UNBIND_SERVICE(common::ObMySQLProxy);
src/observer/omt/ob_server_runtime_controller.cpp	1762	ObServer::obs_destroy_modules	unbind of slot type ObTransIDService	UNBIND_SERVICE(transaction::ObTransIDService);
src/observer/omt/ob_server_runtime_controller.cpp	1763	ObServer::obs_destroy_modules	unbind of slot type ObTabletRuntimeMetaUpdater	UNBIND_SERVICE(observer::ObTabletRuntimeMetaUpdater);
src/observer/omt/ob_server_runtime_controller.cpp	1764	ObServer::obs_destroy_modules	unbind of slot type ObSSTableMergeInfoMgr	UNBIND_SERVICE(storage::ObSSTableMergeInfoMgr);
src/observer/omt/ob_server_runtime_controller.cpp	1765	ObServer::obs_destroy_modules	unbind of slot type ObISchedulerService	UNBIND_SERVICE(query::ObISchedulerService);
src/observer/omt/ob_server_runtime_controller.cpp	1766	ObServer::obs_destroy_modules	unbind of slot type ObRbMemMgr	UNBIND_SERVICE(common::ObRbMemMgr);
src/observer/omt/ob_server_runtime_controller.cpp	1767	ObServer::obs_destroy_modules	unbind of slot type ObOptStatMonitorManager	UNBIND_SERVICE(common::ObOptStatMonitorManager);
src/observer/omt/ob_server_runtime_controller.cpp	1768	ObServer::obs_destroy_modules	unbind of slot type ObCompactionMemPool	UNBIND_SERVICE(storage::ObCompactionMemPool);
src/observer/omt/ob_server_runtime_controller.cpp	1769	ObServer::obs_destroy_modules	unbind of slot type ObIWriteContextService	UNBIND_SERVICE(data_plane::ObIWriteContextService);
src/observer/omt/ob_server_runtime_controller.cpp	1770	ObServer::obs_destroy_modules	unbind of slot type ObIMajorFreezeCoordinator	UNBIND_SERVICE(data_plane::ObIMajorFreezeCoordinator);
src/observer/omt/ob_server_runtime_controller.cpp	1771	ObServer::obs_destroy_modules	unbind of slot type ObDfc	UNBIND_SERVICE(sql::dtl::ObDfc);
src/observer/omt/ob_server_runtime_controller.cpp	1772	ObServer::obs_destroy_modules	unbind of slot type ObCompactionSuggestionMgr	UNBIND_SERVICE(compaction::ObCompactionSuggestionMgr);
src/observer/omt/ob_server_runtime_controller.cpp	1773	ObServer::obs_destroy_modules	unbind of slot type ObIAiEndpointResolver	UNBIND_SERVICE(query::ObIAiEndpointResolver);
src/observer/omt/ob_server_runtime_controller.cpp	1774	ObServer::obs_destroy_modules	unbind of slot type ObITabletAutoincrementService	UNBIND_SERVICE(share::ObITabletAutoincrementService);
src/observer/omt/ob_server_runtime_controller.cpp	1775	ObServer::obs_destroy_modules	unbind of slot type ObServerCompactionEventHistory	UNBIND_SERVICE(compaction::ObServerCompactionEventHistory);
src/observer/omt/ob_server_runtime_controller.cpp	1776	ObServer::obs_destroy_modules	unbind of slot type ObResourceLimitCalculator	UNBIND_SERVICE(share::ObResourceLimitCalculator);
src/observer/omt/ob_server_runtime_controller.cpp	1777	ObServer::obs_destroy_modules	unbind of slot type ObPsCache	UNBIND_SERVICE(sql::ObPsCache);
src/observer/omt/ob_server_runtime_controller.cpp	1778	ObServer::obs_destroy_modules	unbind of slot type ObMultiVersionGarbageCollector	UNBIND_SERVICE(concurrency_control::ObMultiVersionGarbageCollector);
src/observer/omt/ob_server_runtime_controller.cpp	1779	ObServer::obs_destroy_modules	unbind of slot type ObMediumChecker	UNBIND_SERVICE(compaction::ObMediumChecker);
src/observer/omt/ob_server_runtime_controller.cpp	1780	ObServer::obs_destroy_modules	unbind of slot type ObILSRuntimeAdapter	UNBIND_SERVICE(storage::ObILSRuntimeAdapter);
src/observer/omt/ob_server_runtime_controller.cpp	1781	ObServer::obs_destroy_modules	unbind of slot type ObCheckPointService	UNBIND_SERVICE(storage::checkpoint::ObCheckPointService);
src/observer/omt/ob_server_runtime_controller.cpp	1782	ObServer::obs_destroy_modules	unbind of slot type ObTimestampAccess	UNBIND_SERVICE(transaction::ObTimestampAccess);
src/observer/omt/ob_server_runtime_controller.cpp	1783	ObServer::obs_destroy_modules	unbind of slot type ObITabletScan	UNBIND_SERVICE(common::ObITabletScan);
src/observer/omt/ob_server_runtime_controller.cpp	1784	ObServer::obs_destroy_modules	unbind of slot type ObIVirtualTableScan	UNBIND_SERVICE(common::ObIVirtualTableScan);
src/observer/omt/ob_server_runtime_controller.cpp	1785	ObServer::obs_destroy_modules	unbind of slot type ObTabletMemtableMgrPool	UNBIND_SERVICE(storage::ObTabletMemtableMgrPool);
src/observer/omt/ob_server_runtime_controller.cpp	1786	ObServer::obs_destroy_modules	unbind of slot type ObIStorageEstimator	UNBIND_SERVICE(data_plane::ObIStorageEstimator);
src/observer/omt/ob_server_runtime_controller.cpp	1787	ObServer::obs_destroy_modules	unbind of slot type ObRestoreMajorFreezeService	UNBIND_SERVICE(rootserver::ObRestoreMajorFreezeService);
src/observer/omt/ob_server_runtime_controller.cpp	1788	ObServer::obs_destroy_modules	unbind of slot type ObIRangeService	UNBIND_SERVICE(data_plane::ObIRangeService);
src/observer/omt/ob_server_runtime_controller.cpp	1789	ObServer::obs_destroy_modules	unbind of slot type ObPrimaryMajorFreezeService	UNBIND_SERVICE(rootserver::ObPrimaryMajorFreezeService);
src/observer/omt/ob_server_runtime_controller.cpp	1790	ObServer::obs_destroy_modules	unbind of slot type ObIOptimizerStorageService	UNBIND_SERVICE(data_plane::ObIOptimizerStorageService);
src/observer/omt/ob_server_runtime_controller.cpp	1791	ObServer::obs_destroy_modules	unbind of slot type ObIMemoryPressureService	UNBIND_SERVICE(data_plane::ObIMemoryPressureService);
src/observer/omt/ob_server_runtime_controller.cpp	1792	ObServer::obs_destroy_modules	unbind of slot type ObEmptyReadBucket	UNBIND_SERVICE(storage::ObEmptyReadBucket);
src/observer/omt/ob_server_runtime_controller.cpp	1793	ObServer::obs_destroy_modules	unbind of slot type ObDDLScheduler	UNBIND_SERVICE(rootserver::ObDDLScheduler);
src/observer/omt/ob_server_runtime_controller.cpp	1794	ObServer::obs_destroy_modules	unbind of slot type ObAiService	UNBIND_SERVICE(omt::ObAiService);
src/observer/omt/ob_server_runtime_controller.cpp	1795	ObServer::obs_destroy_modules	unbind of slot type ObUniqueIDService	UNBIND_SERVICE(transaction::ObUniqueIDService);
src/observer/omt/ob_server_runtime_controller.cpp	1796	ObServer::obs_destroy_modules	unbind of slot type ObSrsService	UNBIND_SERVICE(omt::ObSrsService);
src/observer/omt/ob_server_runtime_controller.cpp	1797	ObServer::obs_destroy_modules	unbind of slot type ObIRootserverLocalRuntime	UNBIND_SERVICE(rootserver::ObIRootserverLocalRuntime);
src/observer/omt/ob_server_runtime_controller.cpp	1798	ObServer::obs_destroy_modules	unbind of slot type ObIReadTimestampService	UNBIND_SERVICE(data_plane::ObIReadTimestampService);
src/observer/omt/ob_server_runtime_controller.cpp	1799	ObServer::obs_destroy_modules	unbind of slot type ObPxPools	UNBIND_SERVICE(omt::ObPxPools);
src/observer/omt/ob_server_runtime_controller.cpp	1800	ObServer::obs_destroy_modules	unbind of slot type ObILockWaitService	UNBIND_SERVICE(data_plane::ObILockWaitService);
src/observer/omt/ob_server_runtime_controller.cpp	1801	ObServer::obs_destroy_modules	unbind of slot type ObILocalLogHandler	UNBIND_SERVICE(logservice::ObILocalLogHandler);
src/observer/omt/ob_server_runtime_controller.cpp	1802	ObServer::obs_destroy_modules	unbind of slot type ObIInnerConnectionLockRuntime	UNBIND_SERVICE(transaction::tablelock::ObIInnerConnectionLockRuntime);
src/observer/omt/ob_server_runtime_controller.cpp	1803	ObServer::obs_destroy_modules	unbind of slot type ObDDLServiceLauncher	UNBIND_SERVICE(rootserver::ObDDLServiceLauncher);
src/observer/omt/ob_server_runtime_controller.cpp	1804	ObServer::obs_destroy_modules	unbind of slot type ObDBMSSchedService	UNBIND_SERVICE(rootserver::ObDBMSSchedService);
src/observer/omt/ob_server_runtime_controller.cpp	1805	ObServer::obs_destroy_modules	unbind of slot type ObIActiveSnapshotService	UNBIND_SERVICE(query::ObIActiveSnapshotService);
src/observer/omt/ob_srs_service.h	124	#define SRS_SERVICE	lookup of slot type ObSrsService inside #define SRS_SERVICE (0 uses of the macro)	#define SRS_SERVICE (::oceanbase::share::server_service<::oceanbase::omt::ObSrsService>())
src/observer/omt/ob_th_worker.cpp	158	ObThWorker::process_request	lookup of slot type ObLockWaitMgr	::oceanbase::share::server_service<::oceanbase::memtable::ObLockWaitMgr>()->setup(req.get_lock_wait_node(), req.get_receive_timestamp());
src/observer/omt/ob_th_worker.cpp	162	ObThWorker::process_request	lookup of slot type ObLockWaitMgr	bool wait_succ = ::oceanbase::share::server_service<::oceanbase::memtable::ObLockWaitMgr>()->post_process(need_retry_, need_wait_lock);
src/observer/report/ob_tablet_meta_checker.cpp	219	ObTabletMetaChecker::check_stale_tablet_meta_rows_	lookup of slot type ObService [not built]	} else if (OB_ISNULL(::oceanbase::share::server_service<::oceanbase::observer::ObService>())) {
src/observer/report/ob_tablet_meta_checker.cpp	230	ObTabletMetaChecker::check_stale_tablet_meta_rows_	lookup of slot type ObTabletRuntimeMetaUpdater [not built]	if (OB_FAIL(share::server_service<ObTabletRuntimeMetaUpdater>()->submit_update_task(tablet_id))) {
src/observer/report/ob_tablet_meta_checker.cpp	255	ObTabletMetaChecker::check_tablet_not_exist_in_local_	lookup of slot type ObLSService [not built]	} else if (OB_FAIL(::oceanbase::share::server_service<::oceanbase::storage::ObLSService>()->get_ls(
src/observer/report/ob_tablet_meta_checker.cpp	284	ObTabletMetaChecker::check_missing_or_changed_tablet_meta_rows_	lookup of slot type ObService [not built]	} else if (OB_ISNULL(::oceanbase::share::server_service<::oceanbase::observer::ObService>())) {
src/observer/report/ob_tablet_meta_checker.cpp	286	ObTabletMetaChecker::check_missing_or_changed_tablet_meta_rows_	lookup of slot type ObLSService [not built]	} else if (OB_ISNULL(::oceanbase::share::server_service<::oceanbase::storage::ObLSService>())) {
src/observer/report/ob_tablet_meta_checker.cpp	288	ObTabletMetaChecker::check_missing_or_changed_tablet_meta_rows_	lookup of slot type ObLSService [not built]	} else if (OB_FAIL(::oceanbase::share::server_service<::oceanbase::storage::ObLSService>()->get_ls(ls))) {
src/observer/report/ob_tablet_meta_checker.cpp	315	ObTabletMetaChecker::check_missing_or_changed_tablet_meta_rows_	lookup of slot type ObTabletRuntimeMetaUpdater [not built]	if (OB_FAIL(share::server_service<ObTabletRuntimeMetaUpdater>()->submit_update_task(tablet_id))) {
src/observer/report/ob_tablet_meta_checker.cpp	323	ObTabletMetaChecker::check_missing_or_changed_tablet_meta_rows_	lookup of slot type ObService [not built]	} else if (OB_FAIL(::oceanbase::share::server_service<::oceanbase::observer::ObService>()->fill_tablet_runtime_info(tablet_id,
src/observer/report/ob_tablet_meta_checker.cpp	336	ObTabletMetaChecker::check_missing_or_changed_tablet_meta_rows_	lookup of slot type ObTabletRuntimeMetaUpdater [not built]	if (OB_FAIL(share::server_service<ObTabletRuntimeMetaUpdater>()->submit_update_task(tablet_id))) {
src/observer/scheduler/ob_ddl_count_guard.cpp	35	ObDDLCountGuard::try_inc_ddl_count	lookup of slot type ObServerRuntimeController	omt::ObServerRuntimeController *runtime_controller = ::oceanbase::share::server_service<::oceanbase::omt::ObServerRuntimeController>();
src/observer/scheduler/ob_ddl_count_guard.cpp	49	ObDDLCountGuard::~ObDDLCountGuard	lookup of slot type ObServerRuntimeController	omt::ObServerRuntimeController *runtime_controller = ::oceanbase::share::server_service<::oceanbase::omt::ObServerRuntimeController>();
src/observer/vector_index/ob_hybrid_vector_refresh_task.cpp	153	ObHybridVectorRefreshTask::do_work	lookup of slot type ObPluginVectorIndexService	ObPluginVectorIndexService *vector_index_service = ::oceanbase::share::server_service<::oceanbase::share::ObPluginVectorIndexService>();
src/observer/vector_index/ob_hybrid_vector_refresh_task.cpp	384	ObHybridVectorRefreshTask::init_dml_param	lookup of slot type ObAccessService	ObAccessService *oas = ::oceanbase::share::server_service<::oceanbase::storage::ObAccessService>();
src/observer/vector_index/ob_hybrid_vector_refresh_task.cpp	419	ObHybridVectorRefreshTask::init_endpoint	lookup of slot type ObAiService	omt::ObAiService *ai_service = ::oceanbase::share::server_service<::oceanbase::omt::ObAiService>();
src/observer/vector_index/ob_hybrid_vector_refresh_task.cpp	526	ObHybridVectorRefreshTask::prepare_for_embedding	lookup of slot type ObPluginVectorIndexService through macro CHECK_TASK_CANCELLED_IN_PROCESS	CHECK_TASK_CANCELLED_IN_PROCESS(ret, loop_cnt, ctx_);
src/observer/vector_index/ob_hybrid_vector_refresh_task.cpp	560	ObHybridVectorRefreshTask::prepare_for_embedding	lookup of slot type ObPluginVectorIndexService	ObPluginVectorIndexService *service = ::oceanbase::share::server_service<::oceanbase::share::ObPluginVectorIndexService>();
src/observer/vector_index/ob_hybrid_vector_refresh_task.cpp	618	ObHybridVectorRefreshTask::do_refresh_only	lookup of slot type ObAccessService	ObAccessService *oas = ::oceanbase::share::server_service<::oceanbase::storage::ObAccessService>();
src/observer/vector_index/ob_hybrid_vector_refresh_task.cpp	695	ObHybridVectorRefreshTask::prepare_index_id_data	lookup of slot type ObPluginVectorIndexService through macro CHECK_TASK_CANCELLED_IN_PROCESS	CHECK_TASK_CANCELLED_IN_PROCESS(ret, loop_cnt, ctx_);
src/observer/vector_index/ob_hybrid_vector_refresh_task.cpp	711	ObHybridVectorRefreshTask::delete_embedded_table	lookup of slot type ObAccessService	ObAccessService *tsc_service = ::oceanbase::share::server_service<::oceanbase::storage::ObAccessService>();
src/observer/vector_index/ob_hybrid_vector_refresh_task.cpp	718	ObHybridVectorRefreshTask::delete_embedded_table	lookup of slot type ObAccessService	ObAccessService *oas = ::oceanbase::share::server_service<::oceanbase::storage::ObAccessService>();
src/observer/vector_index/ob_hybrid_vector_refresh_task.cpp	756	ObHybridVectorRefreshTask::delete_embedded_table	lookup of slot type ObPluginVectorIndexService through macro CHECK_TASK_CANCELLED_IN_PROCESS	CHECK_TASK_CANCELLED_IN_PROCESS(ret, loop_cnt, ctx_);
src/observer/vector_index/ob_hybrid_vector_refresh_task.cpp	801	ObHybridVectorRefreshTask::after_embedding	lookup of slot type ObAccessService	ObAccessService *oas = ::oceanbase::share::server_service<::oceanbase::storage::ObAccessService>();
src/observer/vector_index/ob_hybrid_vector_refresh_task.cpp	802	ObHybridVectorRefreshTask::after_embedding	lookup of slot type ObAccessService	ObAccessService *tsc_service = ::oceanbase::share::server_service<::oceanbase::storage::ObAccessService>();
src/observer/vector_index/ob_hybrid_vector_refresh_task.cpp	803	ObHybridVectorRefreshTask::after_embedding	lookup of slot type ObTransService	oceanbase::transaction::ObTransService *txs = ::oceanbase::share::server_service<::oceanbase::transaction::ObTransService>();
src/observer/vector_index/ob_hybrid_vector_refresh_task.cpp	933	ObHybridVectorRefreshTask::after_embedding	lookup of slot type ObPluginVectorIndexService through macro CHECK_TASK_CANCELLED_IN_PROCESS	CHECK_TASK_CANCELLED_IN_PROCESS(ret, loop_cnt, ctx_);
src/observer/vector_index/ob_hybrid_vector_refresh_task.cpp	998	ObHybridVectorRefreshTaskCtx::set_task_finish	lookup of slot type ObAccessService	ObAccessService *oas = ::oceanbase::share::server_service<::oceanbase::storage::ObAccessService>();
src/observer/vector_index/ob_ivf_async_task.cpp	95	ObIvfAsyncTask::do_work	lookup of slot type ObPluginVectorIndexService	ObPluginVectorIndexService *vector_index_service = ::oceanbase::share::server_service<::oceanbase::share::ObPluginVectorIndexService>();
src/observer/vector_index/ob_plugin_vector_index_adaptor.cpp	729	ObPluginVectorIndexAdaptor::fill_vector_index_info	lookup of slot type ObRbMemMgr	if (OB_ISNULL(mem_mgr = ::oceanbase::share::server_service<::oceanbase::common::ObRbMemMgr>())) {
src/observer/vector_index/ob_plugin_vector_index_adaptor.cpp	1049	ObPluginVectorIndexAdaptor::get_current_scn	lookup of slot type ObTransService	transaction::ObTransService *txs = ::oceanbase::share::server_service<::oceanbase::transaction::ObTransService>();
src/observer/vector_index/ob_plugin_vector_index_adaptor.cpp	2732	ObPluginVectorIndexAdaptor::complete_index_mem_data_incremental	lookup of slot type ObAccessService	ObAccessService *tsc_service = ::oceanbase::share::server_service<::oceanbase::storage::ObAccessService>();
src/observer/vector_index/ob_plugin_vector_index_adaptor.cpp	2934	ObPluginVectorIndexAdaptor::refresh_bitmap_background	lookup of slot type ObTransService	transaction::ObTransService *txs = ::oceanbase::share::server_service<::oceanbase::transaction::ObTransService>();
src/observer/vector_index/ob_plugin_vector_index_scheduler.cpp	45	ObPluginVectorIndexLoadScheduler::init	lookup of slot type ObPluginVectorIndexService	ObPluginVectorIndexService *vector_index_service = ::oceanbase::share::server_service<::oceanbase::share::ObPluginVectorIndexService>();
src/observer/vector_index/ob_plugin_vector_index_scheduler.cpp	664	ObPluginVectorIndexLoadScheduler::generate_vec_idx_memdata_dag	lookup of slot type ObDagScheduler	if (OB_ISNULL(dag_scheduler = ::oceanbase::share::server_service<::oceanbase::share::ObDagScheduler>())) {
src/observer/vector_index/ob_plugin_vector_index_scheduler.cpp	1372	ObVectorIndexTask::process_one	lookup of slot type ObILobReadService	} else if (OB_ISNULL(::oceanbase::share::server_service<::oceanbase::common::ObILobReadService>())) {
src/observer/vector_index/ob_plugin_vector_index_scheduler.cpp	1376	ObVectorIndexTask::process_one	lookup of slot type ObILobReadService	const common::ObLobReadOptions lob_read_options(*::oceanbase::share::server_service<::oceanbase::common::ObILobReadService>());
src/observer/vector_index/ob_plugin_vector_index_serialize.cpp	361	ObHNSWSerializeCallback::operator()	lookup of slot type ObLobManager	ObLobManager *lob_mngr = ::oceanbase::share::server_service<::oceanbase::storage::ObLobManager>();
src/observer/vector_index/ob_plugin_vector_index_service.cpp	834	ObPluginVectorIndexService::init	lookup of slot type ObSharedMemAllocMgr	ObSharedMemAllocMgr *shared_mem_mgr = ::oceanbase::share::server_service<::oceanbase::share::ObSharedMemAllocMgr>();
src/observer/vector_index/ob_plugin_vector_index_service.cpp	936	ObPluginVectorIndexService::server_module_init	lookup of slot type ObLSService	storage::ObLSService *ls_service = ::oceanbase::share::server_service<::oceanbase::storage::ObLSService>();
src/observer/vector_index/ob_plugin_vector_index_utils.cpp	34	ObPluginVectorIndexUtils::get_task_read_snapshot	lookup of slot type ObLSService	if (OB_FAIL(::oceanbase::share::server_service<::oceanbase::storage::ObLSService>()->get_ls(ls))) {
src/observer/vector_index/ob_plugin_vector_index_utils.cpp	84	ObPluginVectorIndexUtils::iter_table_rescan	lookup of slot type ObAccessService	ObAccessService *tsc_service = ::oceanbase::share::server_service<::oceanbase::storage::ObAccessService>();
src/observer/vector_index/ob_plugin_vector_index_utils.cpp	328	ObPluginVectorIndexUtils::get_extra_column_count	lookup of slot type ObSchemaRuntimeService	ObMultiVersionSchemaService *schema_service = ::oceanbase::share::server_service<::oceanbase::share::schema::ObSchemaRuntimeService>()->get_schema_service();
src/observer/vector_index/ob_plugin_vector_index_utils.cpp	359	ObPluginVectorIndexUtils::get_data_table_out_column_id	lookup of slot type ObSchemaRuntimeService	ObMultiVersionSchemaService *schema_service = ::oceanbase::share::server_service<::oceanbase::share::schema::ObSchemaRuntimeService>()->get_schema_service();
src/observer/vector_index/ob_plugin_vector_index_utils.cpp	411	ObPluginVectorIndexUtils::read_vector_info	lookup of slot type ObAccessService	ObAccessService *tsc_service = ::oceanbase::share::server_service<::oceanbase::storage::ObAccessService>();
src/observer/vector_index/ob_plugin_vector_index_utils.cpp	609	ObPluginVectorIndexUtils::try_sync_vbitmap_memdata	lookup of slot type ObAccessService	ObAccessService *tsc_service = ::oceanbase::share::server_service<::oceanbase::storage::ObAccessService>();
src/observer/vector_index/ob_plugin_vector_index_utils.cpp	643	ObPluginVectorIndexUtils::try_sync_snapshot_memdata	lookup of slot type ObAccessService	ObAccessService *tsc_service = ::oceanbase::share::server_service<::oceanbase::storage::ObAccessService>();
src/observer/vector_index/ob_plugin_vector_index_utils.cpp	644	ObPluginVectorIndexUtils::try_sync_snapshot_memdata	lookup of slot type ObPluginVectorIndexService	ObPluginVectorIndexService *vector_index_service = ::oceanbase::share::server_service<::oceanbase::share::ObPluginVectorIndexService>();
src/observer/vector_index/ob_plugin_vector_index_utils.cpp	775	ObPluginVectorIndexUtils::refresh_adp_from_table	lookup of slot type ObAccessService	ObAccessService *tsc_service = ::oceanbase::share::server_service<::oceanbase::storage::ObAccessService>();
src/observer/vector_index/ob_plugin_vector_index_utils.cpp	854	ObPluginVectorIndexUtils::refresh_memdata	lookup of slot type ObPluginVectorIndexService	ObPluginVectorIndexService *vector_index_service = ::oceanbase::share::server_service<::oceanbase::share::ObPluginVectorIndexService>();
src/observer/vector_index/ob_plugin_vector_index_utils.cpp	904	ObPluginVectorIndexUtils::read_local_tablet	lookup of slot type ObAccessService	ObAccessService *tsc_service = ::oceanbase::share::server_service<::oceanbase::storage::ObAccessService>();
src/observer/vector_index/ob_plugin_vector_index_utils.cpp	951	ObPluginVectorIndexUtils::read_local_tablet	lookup of slot type ObLSService	} else if (OB_FAIL(::oceanbase::share::server_service<::oceanbase::storage::ObLSService>()->get_ls(ls))) {
src/observer/vector_index/ob_plugin_vector_index_utils.cpp	1035	ObPluginVectorIndexUtils::read_local_tablet	lookup of slot type ObAccessService	ObAccessService *oas = ::oceanbase::share::server_service<::oceanbase::storage::ObAccessService>();
src/observer/vector_index/ob_plugin_vector_index_utils.cpp	1663	ObPluginVectorIndexUtils::erase_ivf_build_helper	lookup of slot type ObPluginVectorIndexService	ObPluginVectorIndexService *vec_index_service = ::oceanbase::share::server_service<::oceanbase::share::ObPluginVectorIndexService>();
src/observer/vector_index/ob_plugin_vector_index_utils.cpp	1718	ObPluginVectorIndexUtils::set_leader_flag	lookup of slot type ObPluginVectorIndexService	ObPluginVectorIndexService *vector_index_service = ::oceanbase::share::server_service<::oceanbase::share::ObPluginVectorIndexService>();
src/observer/vector_index/ob_plugin_vector_index_utils.cpp	1733	ObPluginVectorIndexUtils::get_leader_flag	lookup of slot type ObPluginVectorIndexService	ObPluginVectorIndexService *vector_index_service = ::oceanbase::share::server_service<::oceanbase::share::ObPluginVectorIndexService>();
src/observer/vector_index/ob_vector_index_async_task_util.cpp	955	ObVecIndexAsyncTaskHandler::get_allocator	lookup of slot type ObPluginVectorIndexService	ObPluginVectorIndexService *vector_index_service = ::oceanbase::share::server_service<::oceanbase::share::ObPluginVectorIndexService>();
src/observer/vector_index/ob_vector_index_async_task_util.cpp	978	ObVecIndexAsyncTaskHandler::handle	lookup of slot type ObPluginVectorIndexService	ObPluginVectorIndexService *vector_index_service = ::oceanbase::share::server_service<::oceanbase::share::ObPluginVectorIndexService>();
src/observer/vector_index/ob_vector_index_async_task_util.cpp	1055	ObVecIndexAsyncTaskHandler::update_processing_task_count	lookup of slot type ObPluginVectorIndexService	ObPluginVectorIndexService *vector_index_service = ::oceanbase::share::server_service<::oceanbase::share::ObPluginVectorIndexService>();
src/observer/vector_index/ob_vector_index_async_task_util.cpp	1074	ObVecIndexIAsyncTask::init	lookup of slot type ObPluginVectorIndexService	ObPluginVectorIndexService *vector_index_service = ::oceanbase::share::server_service<::oceanbase::share::ObPluginVectorIndexService>();
src/observer/vector_index/ob_vector_index_async_task_util.cpp	1132	ObVecIndexAsyncTask::do_work	lookup of slot type ObPluginVectorIndexService	ObPluginVectorIndexService *vector_index_service = ::oceanbase::share::server_service<::oceanbase::share::ObPluginVectorIndexService>();
src/observer/vector_index/ob_vector_index_async_task_util.cpp	1243	ObVecIndexAsyncTask::process_data_for_index	lookup of slot type ObAccessService	ObAccessService *tsc_service = ::oceanbase::share::server_service<::oceanbase::storage::ObAccessService>();
src/observer/vector_index/ob_vector_index_async_task_util.cpp	1426	ObVecIndexAsyncTask::process_data_for_index	lookup of slot type ObPluginVectorIndexService through macro CHECK_TASK_CANCELLED_IN_PROCESS	CHECK_TASK_CANCELLED_IN_PROCESS(ret, loop_cnt, ctx_);
src/observer/vector_index/ob_vector_index_async_task_util.cpp	1467	ObVecIndexAsyncTask::optimize_vector_index	lookup of slot type ObTransService	oceanbase::transaction::ObTransService *txs = ::oceanbase::share::server_service<::oceanbase::transaction::ObTransService>();
src/observer/vector_index/ob_vector_index_async_task_util.cpp	1512	ObVecIndexAsyncTask::refresh_snapshot_index_data	lookup of slot type ObLSService	if (OB_ISNULL(ls_service = ::oceanbase::share::server_service<::oceanbase::storage::ObLSService>())) {
src/observer/vector_index/ob_vector_index_async_task_util.cpp	1527	ObVecIndexAsyncTask::refresh_snapshot_index_data	lookup of slot type ObAccessService	ObAccessService *oas = ::oceanbase::share::server_service<::oceanbase::storage::ObAccessService>();
src/observer/vector_index/ob_vector_index_async_task_util.cpp	1699	ObVecIndexAsyncTask::refresh_snapshot_index_data	lookup of slot type ObPluginVectorIndexService through macro CHECK_TASK_CANCELLED_IN_PROCESS	CHECK_TASK_CANCELLED_IN_PROCESS(ret, loop_cnt, ctx_);
src/observer/vector_index/ob_vector_index_async_task_util.cpp	1770	ObVecIndexAsyncTask::get_old_snapshot_data	lookup of slot type ObLobManager	ObLobManager *lob_mngr = ::oceanbase::share::server_service<::oceanbase::storage::ObLobManager>();
src/observer/vector_index/ob_vector_index_async_task_util.cpp	1833	ObVecIndexAsyncTask::get_old_snapshot_data	lookup of slot type ObPluginVectorIndexService through macro CHECK_TASK_CANCELLED_IN_PROCESS	CHECK_TASK_CANCELLED_IN_PROCESS(ret, loop_cnt, ctx_);
src/observer/vector_index/ob_vector_index_async_task_util.cpp	1856	ObVecIndexAsyncTask::delete_tablet_data	lookup of slot type ObAccessService	ObAccessService *oas = ::oceanbase::share::server_service<::oceanbase::storage::ObAccessService>();
src/observer/vector_index/ob_vector_index_async_task_util.cpp	1880	ObVecIndexAsyncTask::delete_tablet_data	lookup of slot type ObPluginVectorIndexService through macro CHECK_TASK_CANCELLED_IN_PROCESS	CHECK_TASK_CANCELLED_IN_PROCESS(ret, loop_cnt, ctx_);
src/observer/vector_index/ob_vector_index_async_task_util.cpp	1915	ObVecIndexAsyncTask::delete_incr_table_data	lookup of slot type ObAccessService	ObAccessService *oas = ::oceanbase::share::server_service<::oceanbase::storage::ObAccessService>();
src/observer/vector_index/ob_vector_index_async_task_util.h	46	#define CHECK_TASK_CANCELLED_IN_PROCESS	lookup of slot type ObPluginVectorIndexService inside #define CHECK_TASK_CANCELLED_IN_PROCESS (8 uses of the macro)	ObPluginVectorIndexService *vector_index_service = ::oceanbase::share::server_service<::oceanbase::share::ObPluginVectorIndexService>(); \
src/observer/vector_index/ob_vector_index_i_task_executor.cpp	33	ObVecITaskExecutor::init	lookup of slot type ObPluginVectorIndexService	ObPluginVectorIndexService *vector_index_service = ::oceanbase::share::server_service<::oceanbase::share::ObPluginVectorIndexService>();
src/observer/vector_index/ob_vector_index_ivf_cache_util.cpp	79	ObIvfCacheUtil::is_cache_writable	lookup of slot type ObPluginVectorIndexService	ObPluginVectorIndexService *vector_index_service = ::oceanbase::share::server_service<::oceanbase::share::ObPluginVectorIndexService>();
src/observer/vector_index/ob_vector_index_util.cpp	707	ObVectorIndexUtil::get_vector_from_text_by_embedding	lookup of slot type ObAiService	omt::ObAiService *ai_service = ::oceanbase::share::server_service<::oceanbase::omt::ObAiService>();
src/observer/vector_index/ob_vector_index_util.cpp	5081	ObVectorIndexUtil::eval_ivf_centers_common	lookup of slot type ObPluginVectorIndexService	ObPluginVectorIndexService *service = ::oceanbase::share::server_service<::oceanbase::share::ObPluginVectorIndexService>();
src/observer/vector_index/ob_vector_index_util.cpp	5386	ObVectorIndexUtil::check_vector_index_memory	lookup of slot type ObPluginVectorIndexService	ObPluginVectorIndexService *service = ::oceanbase::share::server_service<::oceanbase::share::ObPluginVectorIndexService>();
src/observer/vector_index/ob_vector_index_util.cpp	5387	ObVectorIndexUtil::check_vector_index_memory	lookup of slot type ObSharedMemAllocMgr	ObSharedMemAllocMgr *shared_mem_mgr = ::oceanbase::share::server_service<::oceanbase::share::ObSharedMemAllocMgr>();
src/observer/vector_index/ob_vector_index_util.cpp	5397	ObVectorIndexUtil::check_vector_index_memory	lookup of slot type ObRbMemMgr	if (OB_ISNULL(mem_mgr = ::oceanbase::share::server_service<::oceanbase::common::ObRbMemMgr>())) {
src/observer/vector_index/ob_vector_index_util.cpp	5422	ObVectorIndexUtil::check_ivf_vector_index_memory	lookup of slot type ObSharedMemAllocMgr	ObSharedMemAllocMgr *shared_mem_mgr = ::oceanbase::share::server_service<::oceanbase::share::ObSharedMemAllocMgr>();
src/observer/virtual_table/ob_all_plan_cache_stat.cpp	139	ObAllPlanCacheStat::get_row	lookup of slot type ObPlanCache	::oceanbase::share::server_service<::oceanbase::sql::ObPlanCache>();
src/observer/virtual_table/ob_all_virtual_activity_metrics.cpp	49	ObAllVirtualActivityMetric::get_next_freezer_stat_	lookup of slot type ObMemstoreFreezer	storage::ObMemstoreFreezer *freezer = ::oceanbase::share::server_service<::oceanbase::storage::ObMemstoreFreezer>();
src/observer/virtual_table/ob_all_virtual_activity_metrics.cpp	64	ObAllVirtualActivityMetric::prepare_start_to_read_	lookup of slot type ObMemstoreFreezer	storage::ObMemstoreFreezer *freezer = ::oceanbase::share::server_service<::oceanbase::storage::ObMemstoreFreezer>();
src/observer/virtual_table/ob_all_virtual_apply_stat.cpp	30	ObAllVirtualApplyStat::inner_get_next_row	lookup of slot type ObLogService	logservice::ObLogService *log_service = ::oceanbase::share::server_service<::oceanbase::logservice::ObLogService>();
src/observer/virtual_table/ob_all_virtual_change_stream_refresh_stat.cpp	73	ObAllVirtualChangeStreamRefreshStat::inner_get_next_row	lookup of slot type ObChangeStreamMgr	ObChangeStreamMgr *cs_mgr = ::oceanbase::share::server_service<::oceanbase::share::ObChangeStreamMgr>();
src/observer/virtual_table/ob_all_virtual_change_stream_refresh_stat.cpp	94	ObAllVirtualChangeStreamRefreshStat::inner_get_next_row	lookup of slot type ObChangeStreamMgr	ObChangeStreamMgr *cs_mgr = ::oceanbase::share::server_service<::oceanbase::share::ObChangeStreamMgr>();
src/observer/virtual_table/ob_all_virtual_checkpoint.cpp	54	ObAllVirtualCheckpointInfo::prepare_to_read_	lookup of slot type ObLSService	ObLSService *ls_service = ::oceanbase::share::server_service<::oceanbase::storage::ObLSService>();
src/observer/virtual_table/ob_all_virtual_dag.cpp	46	ObDagInfoIterator::open	lookup of slot type ObDagScheduler	if (OB_FAIL(::oceanbase::share::server_service<::oceanbase::share::ObDagScheduler>()->get_all_dag_info(allocator_, dag_infos_))) {
src/observer/virtual_table/ob_all_virtual_dag.cpp	48	ObDagInfoIterator::open	lookup of slot type ObDagScheduler	} else if (OB_FAIL(::oceanbase::share::server_service<::oceanbase::share::ObDagScheduler>()->get_all_dag_scheduler_info(allocator_, dag_infos_))) {
src/observer/virtual_table/ob_all_virtual_dag_warning_history.cpp	49	ObAllVirtualDagWarningHistory::inner_get_next_row	lookup of slot type ObDagWarningHistoryManager	if (OB_FAIL(::oceanbase::share::server_service<::oceanbase::share::ObDagWarningHistoryManager>()->open_iter(dag_warning_info_iter_))) {
src/observer/virtual_table/ob_all_virtual_dml_stats.cpp	127	ObAllVirtualDMmlStats::fill_scanner	lookup of slot type ObOptStatMonitorManager	ObOptStatMonitorManager *optstat_monitor_mgr = ::oceanbase::share::server_service<::oceanbase::common::ObOptStatMonitorManager>();
src/observer/virtual_table/ob_all_virtual_dtl_interm_result_monitor.cpp	222	ObAllDtlIntermResultMonitor::fill_scanner	lookup of slot type ObDTLIntermResultManager	if (OB_FAIL(::oceanbase::share::server_service<::oceanbase::sql::dtl::ObDTLIntermResultManager>()->generate_monitor_info_rows(monitor_getter))) {
src/observer/virtual_table/ob_all_virtual_dtl_memory.cpp	76	ObAllVirtualDtlMemoryIterator::init	lookup of slot type ObDfc	if (OB_ISNULL(::oceanbase::share::server_service<::oceanbase::sql::dtl::ObDfc>())) {
src/observer/virtual_table/ob_all_virtual_dtl_memory.cpp	86	ObAllVirtualDtlMemoryIterator::get_memory_pool_infos	lookup of slot type ObDfc	ObDfc *dfc_manager = ::oceanbase::share::server_service<::oceanbase::sql::dtl::ObDfc>();
src/observer/virtual_table/ob_all_virtual_dump_info.cpp	100	ObAllVirtualDumpInfo::inner_get_next_row	lookup of slot type ObServerRuntimeController	omt::ObServerRuntimeController *controller = ::oceanbase::share::server_service<::oceanbase::omt::ObServerRuntimeController>();
src/observer/virtual_table/ob_all_virtual_lock_wait_stat.cpp	49	ObAllVirtualLockWaitStat::inner_get_next_row	lookup of slot type ObLockWaitMgr	if (OB_ISNULL(node_iter_ = ::oceanbase::share::server_service<::oceanbase::memtable::ObLockWaitMgr>()
src/observer/virtual_table/ob_all_virtual_lock_wait_stat.cpp	186	ObAllVirtualLockWaitStat::get_rowkey_holder	lookup of slot type ObLockWaitMgr	if (OB_ISNULL(lwm = ::oceanbase::share::server_service<::oceanbase::memtable::ObLockWaitMgr>())) {
src/observer/virtual_table/ob_all_virtual_log_stat.cpp	39	ObAllVirtualPalfStat::inner_get_next_row	lookup of slot type ObLogService	logservice::ObLogService *log_service = ::oceanbase::share::server_service<::oceanbase::logservice::ObLogService>();
src/observer/virtual_table/ob_all_virtual_ls_info.cpp	55	ObAllVirtualLSInfo::inner_get_next_row	lookup of slot type ObLSService	} else if (OB_ISNULL(::oceanbase::share::server_service<::oceanbase::storage::ObLSService>())) {
src/observer/virtual_table/ob_all_virtual_ls_info.cpp	58	ObAllVirtualLSInfo::inner_get_next_row	lookup of slot type ObLSService	} else if (OB_FAIL(::oceanbase::share::server_service<::oceanbase::storage::ObLSService>()->get_ls(ls_))) {
src/observer/virtual_table/ob_all_virtual_mds_node_stat.cpp	88	ObAllVirtualMdsNodeStat::inner_get_next_row	lookup of slot type ObLSService	ObLSService *ls_service = ::oceanbase::share::server_service<::oceanbase::storage::ObLSService>();
src/observer/virtual_table/ob_all_virtual_memstore_allocator_info.cpp	70	ObAllVirtualMemstoreAllocatorInfo::inner_open	lookup of slot type ObServerRuntimeController	if (OB_UNLIKELY(NULL == ::oceanbase::share::server_service<::oceanbase::omt::ObServerRuntimeController>())) {
src/observer/virtual_table/ob_all_virtual_memstore_allocator_info.cpp	94	ObAllVirtualMemstoreAllocatorInfo::fill_memstore_infos	lookup of slot type ObSharedMemAllocMgr	ObMemstoreAllocator &memstore_allocator = ::oceanbase::share::server_service<::oceanbase::share::ObSharedMemAllocMgr>()->memstore_allocator();
src/observer/virtual_table/ob_all_virtual_memstore_info.cpp	58	ObAllVirtualMemstoreInfo::get_next_tablet	lookup of slot type ObLSService	ObLSService *ls_service = ::oceanbase::share::server_service<::oceanbase::storage::ObLSService>();
src/observer/virtual_table/ob_all_virtual_memstore_usage.cpp	63	ObAllVirtualMemstoreUsage::inner_get_next_row	lookup of slot type ObMemstoreFreezer	if (FALSE_IT(freezer = ::oceanbase::share::server_service<::oceanbase::storage::ObMemstoreFreezer>())) {
src/observer/virtual_table/ob_all_virtual_minor_freeze_info.cpp	162	ObAllVirtualMinorFreezeInfo::get_next_freeze_stat	lookup of slot type ObLSService	ObLSService *ls_service = ::oceanbase::share::server_service<::oceanbase::storage::ObLSService>();
src/observer/virtual_table/ob_all_virtual_obj_lock.cpp	258	ObAllVirtualObjLock::prepare_start_to_read	lookup of slot type ObLSService	ObLSService *ls_service = ::oceanbase::share::server_service<::oceanbase::storage::ObLSService>();
src/observer/virtual_table/ob_all_virtual_ps_item_info.cpp	144	ObAllVirtualPsItemInfo::get_next_row	lookup of slot type ObPsCache	ps_cache_ = ::oceanbase::share::server_service<::oceanbase::sql::ObPsCache>();
src/observer/virtual_table/ob_all_virtual_ps_stat.cpp	78	ObAllVirtualPsStat::inner_get_next_row	lookup of slot type ObPsCache	ObPsCache *ps_cache = ::oceanbase::share::server_service<::oceanbase::sql::ObPsCache>();
src/observer/virtual_table/ob_all_virtual_replay_stat.cpp	30	ObAllVirtualReplayStat::inner_get_next_row	lookup of slot type ObLogService	logservice::ObLogService *log_service = ::oceanbase::share::server_service<::oceanbase::logservice::ObLogService>();
src/observer/virtual_table/ob_all_virtual_resource_limit.cpp	51	ObResourceLimitTable::get_next_resource_info_	lookup of slot type ObResourceLimitCalculator	&& OB_FAIL(iter_.set_ready(*::oceanbase::share::server_service<::oceanbase::share::ObResourceLimitCalculator>()))) {
src/observer/virtual_table/ob_all_virtual_resource_limit_detail.cpp	55	ObResourceLimitDetailTable::get_next_resource_limit_val_	lookup of slot type ObResourceLimitCalculator	&& OB_FAIL(iter_.set_ready(*::oceanbase::share::server_service<::oceanbase::share::ObResourceLimitCalculator>()))) {
src/observer/virtual_table/ob_all_virtual_resource_limit_detail.cpp	62	ObResourceLimitDetailTable::get_next_resource_limit_val_	lookup of slot type ObResourceLimitCalculator	*::oceanbase::share::server_service<::oceanbase::share::ObResourceLimitCalculator>(),
src/observer/virtual_table/ob_all_virtual_server.cpp	80	ObAllVirtualServer::inner_get_next_row	lookup of slot type ObService	} else if (OB_ISNULL(::oceanbase::share::server_service<::oceanbase::observer::ObService>()) || OB_ISNULL(config_)) {
src/observer/virtual_table/ob_all_virtual_server.cpp	82	ObAllVirtualServer::inner_get_next_row	lookup of slot type ObService	SERVER_LOG(ERROR, "ob_service_ is NULL", KR(ret), KP(::oceanbase::share::server_service<::oceanbase::observer::ObService>()), KP(config_));
src/observer/virtual_table/ob_all_virtual_server.cpp	83	ObAllVirtualServer::inner_get_next_row	lookup of slot type ObService	} else if (OB_FAIL(::oceanbase::share::server_service<::oceanbase::observer::ObService>()->get_server_resource_info(resource_info))) {
src/observer/virtual_table/ob_all_virtual_server.cpp	94	ObAllVirtualServer::inner_get_next_row	lookup of slot type IServerRoleStateProvider	share::server_service<share::IServerRoleStateProvider>();
src/observer/virtual_table/ob_all_virtual_server.cpp	137	ObAllVirtualServer::inner_get_next_row	lookup of slot type ObLSService	storage::ObLSService *ls_service = share::server_service<storage::ObLSService>();
src/observer/virtual_table/ob_all_virtual_server.cpp	146	ObAllVirtualServer::inner_get_next_row	lookup of slot type ObLogService	share::server_service<logservice::ObLogService>();
src/observer/virtual_table/ob_all_virtual_server_compaction_progress.cpp	126	ObAllVirtualServerCompactionProgress::fill_cells	lookup of slot type ObDagScheduler	if (OB_TMP_FAIL(::oceanbase::share::server_service<::oceanbase::share::ObDagScheduler>()->get_max_major_finish_time(progress_.merge_version_, update_estimated_finish_time))) {
src/observer/virtual_table/ob_all_virtual_server_compaction_progress.cpp	143	ObAllVirtualServerCompactionProgress::fill_cells	lookup of slot type ObServerCompactionEventHistory	::oceanbase::share::server_service<::oceanbase::compaction::ObServerCompactionEventHistory>()->get_last_event(tmp_event);
src/observer/virtual_table/ob_all_virtual_sql_plan.cpp	459	ObAllVirtualSqlPlan::dump_plans	lookup of slot type ObPlanCache	plan_cache = ::oceanbase::share::server_service<::oceanbase::sql::ObPlanCache>();
src/observer/virtual_table/ob_all_virtual_sql_plan.cpp	497	ObAllVirtualSqlPlan::prepare_next_plan	lookup of slot type ObPlanCache	plan_cache = ::oceanbase::share::server_service<::oceanbase::sql::ObPlanCache>();
src/observer/virtual_table/ob_all_virtual_sql_stat.cpp	99	ObAllVirtualSqlStatIter::get_next_batch_sql_stat	lookup of slot type ObPlanCache	ObPlanCache* plan_cache = ::oceanbase::share::server_service<::oceanbase::sql::ObPlanCache>();
src/observer/virtual_table/ob_all_virtual_sql_stat.cpp	108	ObAllVirtualSqlStatIter::get_next_batch_sql_stat	lookup of slot type ObSQLSessionMgr	if (OB_NOT_NULL(::oceanbase::share::server_service<::oceanbase::sql::ObSQLSessionMgr>())) {
src/observer/virtual_table/ob_all_virtual_sql_stat.cpp	109	ObAllVirtualSqlStatIter::get_next_batch_sql_stat	lookup of slot type ObSQLSessionMgr	::oceanbase::share::server_service<::oceanbase::sql::ObSQLSessionMgr>()->for_each_session(*this);
src/observer/virtual_table/ob_all_virtual_sql_stat.cpp	191	ObAllVirtualSqlStatIter::get_next_sql_stat	lookup of slot type ObPlanCache	ObPlanCache* plan_cache = ::oceanbase::share::server_service<::oceanbase::sql::ObPlanCache>();
src/observer/virtual_table/ob_all_virtual_sql_workarea_active.cpp	48	ObSqlWorkareaActiveIterator::init	lookup of slot type ObSqlMemoryManager	::oceanbase::share::server_service<::oceanbase::sql::ObSqlMemoryManager>())) {
src/observer/virtual_table/ob_all_virtual_sql_workarea_active.cpp	64	ObSqlWorkareaActiveIterator::get_next_batch_wa_active	lookup of slot type ObSqlMemoryManager	sql_mem_mgr = ::oceanbase::share::server_service<::oceanbase::sql::ObSqlMemoryManager>();
src/observer/virtual_table/ob_all_virtual_sql_workarea_histogram.cpp	47	ObSqlWorkareaHistogramIterator::init	lookup of slot type ObSqlMemoryManager	::oceanbase::share::server_service<::oceanbase::sql::ObSqlMemoryManager>())) {
src/observer/virtual_table/ob_all_virtual_sql_workarea_histogram.cpp	64	ObSqlWorkareaHistogramIterator::get_next_batch_wa_histograms	lookup of slot type ObSqlMemoryManager	sql_mem_mgr = ::oceanbase::share::server_service<::oceanbase::sql::ObSqlMemoryManager>();
src/observer/virtual_table/ob_all_virtual_sql_workarea_history_stat.cpp	47	ObSqlWorkareaHistoryStatIterator::init	lookup of slot type ObSqlMemoryManager	::oceanbase::share::server_service<::oceanbase::sql::ObSqlMemoryManager>())) {
src/observer/virtual_table/ob_all_virtual_sql_workarea_history_stat.cpp	64	ObSqlWorkareaHistoryStatIterator::get_next_batch_wa_stats	lookup of slot type ObSqlMemoryManager	sql_mem_mgr = ::oceanbase::share::server_service<::oceanbase::sql::ObSqlMemoryManager>();
src/observer/virtual_table/ob_all_virtual_sql_workarea_memory_info.cpp	46	ObSqlWorkareaMemoryInfoIterator::init	lookup of slot type ObSqlMemoryManager	::oceanbase::share::server_service<::oceanbase::sql::ObSqlMemoryManager>())) {
src/observer/virtual_table/ob_all_virtual_sql_workarea_memory_info.cpp	61	ObSqlWorkareaMemoryInfoIterator::get_next_batch_wa_memory_info	lookup of slot type ObSqlMemoryManager	sql_mem_mgr = ::oceanbase::share::server_service<::oceanbase::sql::ObSqlMemoryManager>();
src/observer/virtual_table/ob_all_virtual_storage_meta_memory_status.cpp	70	ObAllVirtualStorageMetaMemoryStatus::inner_get_next_row	lookup of slot type ObStorageMetaMemMgr	} else if (0 == status_arr_.count() && OB_FAIL(::oceanbase::share::server_service<::oceanbase::storage::ObStorageMetaMemMgr>()->get_meta_mem_status(status_arr_))) {
src/observer/virtual_table/ob_all_virtual_table_mgr.cpp	87	ObAllVirtualTableMgr::get_next_tablet	lookup of slot type ObStorageMetaMemMgr	ObStorageMetaMemMgr *t3m = ::oceanbase::share::server_service<::oceanbase::storage::ObStorageMetaMemMgr>();
src/observer/virtual_table/ob_all_virtual_tablet_buffer_info.cpp	66	ObAllVirtualTabletBufferInfo::get_tablet_pool_infos	lookup of slot type ObStorageMetaMemMgr	if (OB_FAIL(::oceanbase::share::server_service<::oceanbase::storage::ObStorageMetaMemMgr>()->get_tablet_buffer_infos(buffer_infos_))) {
src/observer/virtual_table/ob_all_virtual_tablet_compaction_history.cpp	55	ObAllVirtualTabletCompactionHistory::inner_get_next_row	lookup of slot type ObSSTableMergeInfoMgr	if (OB_FAIL(::oceanbase::share::server_service<::oceanbase::storage::ObSSTableMergeInfoMgr>()->open_iter(major_merge_info_iter_, minor_merge_info_iter_))) {
src/observer/virtual_table/ob_all_virtual_tablet_ddl_kv_info.cpp	59	ObAllVirtualTabletDDLKVInfo::get_next_ddl_kv_mgr	lookup of slot type ObLSService	if (OB_FAIL(::oceanbase::share::server_service<::oceanbase::storage::ObLSService>()->get_ls(ls_))) {
src/observer/virtual_table/ob_all_virtual_tablet_info.cpp	53	ObAllVirtualTabletInfo::get_next_tablet	lookup of slot type ObLSService	ObLSService *ls_service = ::oceanbase::share::server_service<::oceanbase::storage::ObLSService>();
src/observer/virtual_table/ob_all_virtual_tablet_pointer_status.cpp	78	ObAllVirtualTabletPtr::get_next_tablet_pointer	lookup of slot type ObStorageMetaMemMgr	ObStorageMetaMemMgr *t3m = ::oceanbase::share::server_service<::oceanbase::storage::ObStorageMetaMemMgr>();
src/observer/virtual_table/ob_all_virtual_tablet_pointer_status.cpp	161	ObAllVirtualTabletPtr::inner_get_next_row	lookup of slot type ObStorageMetaMemMgr	if (OB_FAIL(::oceanbase::share::server_service<::oceanbase::storage::ObStorageMetaMemMgr>()->print_old_chain(key, *tablet_pointer, STR_LEN, old_chain_))) {
src/observer/virtual_table/ob_all_virtual_tablet_sstable_macro_info.cpp	549	ObAllVirtualTabletSSTableMacroInfo::get_next_tablet	lookup of slot type ObStorageMetaMemMgr	ObStorageMetaMemMgr *t3m = ::oceanbase::share::server_service<::oceanbase::storage::ObStorageMetaMemMgr>();
src/observer/virtual_table/ob_all_virtual_tablet_stat.cpp	56	ObAllVirtualTabletStat::inner_get_next_row	lookup of slot type ObTabletStatMgr	if (OB_FAIL(::oceanbase::share::server_service<::oceanbase::storage::ObTabletStatMgr>()->get_all_tablet_stats(tablet_stats_))) {
src/observer/virtual_table/ob_all_virtual_timestamp_service.cpp	46	ObAllVirtualTimestampService::inner_get_next_row	lookup of slot type ObTimestampAccess	::oceanbase::share::server_service<::oceanbase::transaction::ObTimestampAccess>()->get_virtual_info(ts_value_);
src/observer/virtual_table/ob_all_virtual_tmp_file.cpp	70	ObAllVirtualTmpFileInfo::get_next_tmp_file_info_	lookup of slot type ObTmpFileManager	} else if (OB_FAIL(::oceanbase::share::server_service<::oceanbase::tmp_file::ObTmpFileManager>()->get_tmp_file_info(fd_arr_.at(fd_idx_), tmp_file_info))) {
src/observer/virtual_table/ob_all_virtual_tmp_file.cpp	286	ObAllVirtualTmpFileInfo::inner_get_next_row	lookup of slot type ObTmpFileManager	} else if (OB_FAIL(::oceanbase::share::server_service<::oceanbase::tmp_file::ObTmpFileManager>()->get_tmp_file_fds(fd_arr_))) {
src/observer/virtual_table/ob_all_virtual_transaction_checkpoint.cpp	53	ObAllVirtualTransCheckpointInfo::prepare_to_read_	lookup of slot type ObLSService	ObLSService *ls_service = ::oceanbase::share::server_service<::oceanbase::storage::ObLSService>();
src/observer/virtual_table/ob_all_virtual_transaction_freeze_checkpoint.cpp	53	ObAllVirtualFreezeCheckpointInfo::prepare_to_read_	lookup of slot type ObLSService	ObLSService *ls_service = ::oceanbase::share::server_service<::oceanbase::storage::ObLSService>();
src/observer/virtual_table/ob_all_virtual_tx_data.cpp	161	ObAllVirtualTxData::generate_virtual_tx_data_row_	lookup of slot type ObLSService	ObLSService *ls_service = ::oceanbase::share::server_service<::oceanbase::storage::ObLSService>();
src/observer/virtual_table/ob_all_virtual_tx_data_table.cpp	130	ObAllVirtualTxDataTable::get_next_tx_data_table_	lookup of slot type ObLSService	auto *ls_service = ::oceanbase::share::server_service<::oceanbase::storage::ObLSService>();
src/observer/virtual_table/ob_all_virtual_tx_lock_stat.cpp	98	ObGVTxLockStat::prepare_start_to_read_	lookup of slot type ObLSService	ObLSService *ls_service = ::oceanbase::share::server_service<::oceanbase::storage::ObLSService>();
src/observer/virtual_table/ob_all_virtual_tx_scheduler_stat.cpp	74	ObGVTxSchedulerStat::inner_get_next_row	lookup of slot type ObTransService	transaction::ObTransService *txs = ::oceanbase::share::server_service<::oceanbase::transaction::ObTransService>();
src/observer/virtual_table/ob_all_virtual_tx_stat.cpp	54	ObGVTxStat::prepare_start_to_read_	lookup of slot type ObTransService	transaction::ObTransService *txs = ::oceanbase::share::server_service<::oceanbase::transaction::ObTransService>();
src/observer/virtual_table/ob_all_virtual_vector_index_info.cpp	33	ObVectorIndexInfoIterator::open	lookup of slot type ObPluginVectorIndexService	ObPluginVectorIndexService *service = ::oceanbase::share::server_service<::oceanbase::share::ObPluginVectorIndexService>();
src/observer/virtual_table/ob_all_virtual_vector_index_info.cpp	61	ObVectorIndexInfoIterator::get_next_info	lookup of slot type ObPluginVectorIndexService	if (OB_FAIL(::oceanbase::share::server_service<::oceanbase::share::ObPluginVectorIndexService>()->acquire_ivf_cache_mgr_guard(tablet_id, cache_mgr_guard))) {
src/observer/virtual_table/ob_all_virtual_vector_index_info.cpp	73	ObVectorIndexInfoIterator::get_next_info	lookup of slot type ObPluginVectorIndexService	if (OB_FAIL(::oceanbase::share::server_service<::oceanbase::share::ObPluginVectorIndexService>()->get_adapter_inst_guard(tablet_id, adapter_guard))) {
src/observer/virtual_table/ob_all_virtual_vector_mem_info.cpp	77	ObAllVirtualVectorMemInfo::inner_get_next_row	lookup of slot type ObPluginVectorIndexService	ObPluginVectorIndexService *service = ::oceanbase::share::server_service<::oceanbase::share::ObPluginVectorIndexService>();
src/observer/virtual_table/ob_all_virtual_vector_mem_info.cpp	78	ObAllVirtualVectorMemInfo::inner_get_next_row	lookup of slot type ObSharedMemAllocMgr	ObSharedMemAllocMgr *shared_mem_mgr = ::oceanbase::share::server_service<::oceanbase::share::ObSharedMemAllocMgr>();
src/observer/virtual_table/ob_gv_sql.cpp	57	ObGVSql::get_next_plan_row	lookup of slot type ObPlanCache	plan_cache_ = ::oceanbase::share::server_service<::oceanbase::sql::ObPlanCache>();
src/observer/virtual_table/ob_plan_cache_plan_explain.cpp	272	ObCacheObjIterator::next	lookup of slot type ObPlanCache	ObPlanCache* plan_cache = ::oceanbase::share::server_service<::oceanbase::sql::ObPlanCache>();
src/observer/virtual_table/ob_plan_cache_plan_explain.cpp	290	ObCacheObjIterator::next	lookup of slot type ObPlanCache	ObPlanCache* plan_cache = ::oceanbase::share::server_service<::oceanbase::sql::ObPlanCache>();
src/observer/virtual_table/ob_plan_cache_plan_explain.cpp	351	ObPlanCachePlanExplain::inner_open	lookup of slot type ObPlanCache	plan_cache = ::oceanbase::share::server_service<::oceanbase::sql::ObPlanCache>();
src/observer/virtual_table/ob_virtual_sql_plan_statistics.cpp	95	ObVirtualSqlPlanStatistics::get_next_operator_stat_row	lookup of slot type ObPlanCache	plan_cache = ::oceanbase::share::server_service<::oceanbase::sql::ObPlanCache>();
src/observer/virtual_table/ob_virtual_table_iterator_factory.cpp	658	ObVTIterCreator::create_vt_iter	lookup of slot type ObTransService	transaction::ObTransService *txs = ::oceanbase::share::server_service<::oceanbase::transaction::ObTransService>();
src/observer/virtual_table/ob_virtual_table_iterator_factory.cpp	912	ObVTIterCreator::create_vt_iter	lookup of slot type ObSQLSessionMgr	processlist_show->sesession_pool(::oceanbase::share::server_service<::oceanbase::sql::ObSQLSessionMgr>());
src/observer/virtual_table/ob_virtual_table_iterator_factory.cpp	921	ObVTIterCreator::create_vt_iter	lookup of slot type ObSQLSessionMgr	session_info->sesession_pool(::oceanbase::share::server_service<::oceanbase::sql::ObSQLSessionMgr>());
src/observer/virtual_table/ob_virtual_table_iterator_factory.cpp	1365	ObVTIterCreator::create_vt_iter	lookup of slot type ObSQLSessionMgr	open_cursors->sesession_pool(::oceanbase::share::server_service<::oceanbase::sql::ObSQLSessionMgr>());
src/observer/virtual_table/ob_virtual_table_iterator_factory.cpp	1674	ObVTIterCreator::create_vt_iter	lookup of slot type ObSQLSessionMgr	running_job->sesession_pool(::oceanbase::share::server_service<::oceanbase::sql::ObSQLSessionMgr>());
src/observer/virtual_table/ob_virtual_table_tablet_iter.cpp	87	ObVirtualTableTabletIter::get_next_tablet	lookup of slot type ObStorageMetaMemMgr	ObStorageMetaMemMgr *t3m = ::oceanbase::share::server_service<::oceanbase::storage::ObStorageMetaMemMgr>();
src/pl/sys_package/ob_dbms_scheduler_mysql.cpp	70	ObDBMSSchedulerMysql::disable	lookup of slot type ObISchedulerService	::oceanbase::share::server_service<::oceanbase::query::ObISchedulerService>();
src/pl/sys_package/ob_dbms_scheduler_mysql.cpp	94	ObDBMSSchedulerMysql::enable	lookup of slot type ObISchedulerService	::oceanbase::share::server_service<::oceanbase::query::ObISchedulerService>();
src/pl/sys_package/ob_dbms_scheduler_mysql.cpp	129	ObDBMSSchedulerMysql::set_attribute	lookup of slot type ObISchedulerService	::oceanbase::share::server_service<::oceanbase::query::ObISchedulerService>();
src/pl/sys_package/ob_dbms_scheduler_mysql.cpp	175	ObDBMSSchedulerMysql::_generate_job_id	lookup of slot type ObISchedulerService	::oceanbase::share::server_service<::oceanbase::query::ObISchedulerService>();
src/rootserver/ddl_task/ob_column_redefinition_task.cpp	164	ObColumnRedefinitionTask::copy_table_indexes	lookup of slot type ObLocalManagementService	ObLocalManagementService *local_management_service = ::oceanbase::share::server_service<::oceanbase::rootserver::ObLocalManagementService>();
src/rootserver/ddl_task/ob_column_redefinition_task.cpp	206	ObColumnRedefinitionTask::copy_table_indexes	lookup of slot type ObLocalManagementService	} else if (OB_FAIL(rootserver::local_ddl_serial_call([&]{ return ::oceanbase::share::server_service<::oceanbase::rootserver::ObLocalManagementService>()->                execute_ddl_task(alter_table_arg_, index_ids); }))) {
src/rootserver/ddl_task/ob_column_redefinition_task.cpp	302	ObColumnRedefinitionTask::copy_table_constraints	lookup of slot type ObLocalManagementService	ObLocalManagementService *local_management_service = ::oceanbase::share::server_service<::oceanbase::rootserver::ObLocalManagementService>();
src/rootserver/ddl_task/ob_column_redefinition_task.cpp	331	ObColumnRedefinitionTask::copy_table_constraints	lookup of slot type ObLocalManagementService	} else if (OB_FAIL(rootserver::local_ddl_serial_call([&]{ return ::oceanbase::share::server_service<::oceanbase::rootserver::ObLocalManagementService>()->              execute_ddl_task(alter_table_arg_, constraint_ids); }))) {
src/rootserver/ddl_task/ob_column_redefinition_task.cpp	349	ObColumnRedefinitionTask::copy_table_foreign_keys	lookup of slot type ObLocalManagementService	ObLocalManagementService *local_management_service = ::oceanbase::share::server_service<::oceanbase::rootserver::ObLocalManagementService>();
src/rootserver/ddl_task/ob_column_redefinition_task.cpp	373	ObColumnRedefinitionTask::copy_table_foreign_keys	lookup of slot type ObLocalManagementService	} else if (OB_FAIL(rootserver::local_ddl_serial_call([&]{ return ::oceanbase::share::server_service<::oceanbase::rootserver::ObLocalManagementService>()->              execute_ddl_task(alter_table_arg_, fk_ids); }))) {
src/rootserver/ddl_task/ob_column_redefinition_task.cpp	526	ObColumnRedefinitionTask::take_effect	lookup of slot type ObLocalManagementService	return ::oceanbase::share::server_service<
src/rootserver/ddl_task/ob_constraint_task.cpp	450	ObConstraintTask::init	lookup of slot type ObLocalManagementService	ObLocalManagementService *local_management_service = ::oceanbase::share::server_service<::oceanbase::rootserver::ObLocalManagementService>();
src/rootserver/ddl_task/ob_constraint_task.cpp	492	ObConstraintTask::init	lookup of slot type ObLocalManagementService	ObLocalManagementService *local_management_service = ::oceanbase::share::server_service<::oceanbase::rootserver::ObLocalManagementService>();
src/rootserver/ddl_task/ob_constraint_task.cpp	537	ObConstraintTask::hold_snapshot	lookup of slot type ObLocalManagementService	} else if (OB_ISNULL(::oceanbase::share::server_service<::oceanbase::rootserver::ObLocalManagementService>())) {
src/rootserver/ddl_task/ob_constraint_task.cpp	555	ObConstraintTask::hold_snapshot	lookup of slot type ObLocalManagementService	} else if (OB_UNLIKELY(!::oceanbase::share::server_service<::oceanbase::rootserver::ObLocalManagementService>()->get_ddl_service().is_inited())) {
src/rootserver/ddl_task/ob_constraint_task.cpp	557	ObConstraintTask::hold_snapshot	lookup of slot type ObLocalManagementService	} else if (OB_FAIL(::oceanbase::share::server_service<::oceanbase::rootserver::ObLocalManagementService>()->get_ddl_service().get_snapshot_mgr().batch_acquire_snapshot(
src/rootserver/ddl_task/ob_constraint_task.cpp	1026	ObConstraintTask::set_foreign_key_constraint_validated	lookup of slot type ObLocalManagementService	if (OB_FAIL(rootserver::local_ddl_serial_call([&]{ return ::oceanbase::share::server_service<::oceanbase::rootserver::ObLocalManagementService>()->              execute_ddl_task(alter_table_arg, unused_ids); }))) {
src/rootserver/ddl_task/ob_constraint_task.cpp	1031	ObConstraintTask::set_foreign_key_constraint_validated	lookup of slot type ObLocalManagementService	} else if (OB_FAIL(rootserver::local_ddl_serial_call([&]{ return ::oceanbase::share::server_service<::oceanbase::rootserver::ObLocalManagementService>()->            alter_table(alter_table_arg, res); }))) {
src/rootserver/ddl_task/ob_constraint_task.cpp	1106	ObConstraintTask::set_check_constraint_validated	lookup of slot type ObLocalManagementService	if (OB_FAIL(rootserver::local_ddl_serial_call([&]{ return ::oceanbase::share::server_service<::oceanbase::rootserver::ObLocalManagementService>()->                execute_ddl_task(alter_table_arg, unused_ids); }))) {
src/rootserver/ddl_task/ob_constraint_task.cpp	1157	ObConstraintTask::set_check_constraint_validated	lookup of slot type ObLocalManagementService	} else if (OB_FAIL(rootserver::local_ddl_serial_call([&]{ return ::oceanbase::share::server_service<::oceanbase::rootserver::ObLocalManagementService>()->                alter_table(alter_table_arg, res); }))) {
src/rootserver/ddl_task/ob_constraint_task.cpp	1213	ObConstraintTask::set_new_not_null_column_validate	lookup of slot type ObLocalManagementService	} else if (OB_FAIL(rootserver::local_ddl_serial_call([&]{ return ::oceanbase::share::server_service<::oceanbase::rootserver::ObLocalManagementService>()->alter_table(alter_table_arg, res); }))) {
src/rootserver/ddl_task/ob_constraint_task.cpp	1302	ObConstraintTask::rollback_failed_check_constraint	lookup of slot type ObLocalManagementService	} else if (OB_FAIL(rootserver::local_ddl_serial_call([&]{ return ::oceanbase::share::server_service<::oceanbase::rootserver::ObLocalManagementService>()->          alter_table(alter_table_arg, tmp_res); }))) {
src/rootserver/ddl_task/ob_constraint_task.cpp	1446	ObConstraintTask::rollback_failed_add_not_null_columns	lookup of slot type ObLocalManagementService	} else if (OB_FAIL(rootserver::local_ddl_serial_call([&]{ return ::oceanbase::share::server_service<::oceanbase::rootserver::ObLocalManagementService>()->            execute_ddl_task(alter_table_arg, objs); }))) {
src/rootserver/ddl_task/ob_ddl_common_rs_impl.cpp	128	ObDDLTaskUtil::hold_snapshot	lookup of slot type ObLocalManagementService	rootserver::ObDDLService &ddl_service = ::oceanbase::share::server_service<::oceanbase::rootserver::ObLocalManagementService>()->get_ddl_service();
src/rootserver/ddl_task/ob_ddl_common_rs_impl.cpp	155	ObDDLTaskUtil::construct_domain_index_arg	lookup of slot type ObLocalManagementService	rootserver::ObLocalManagementService *local_management_service = ::oceanbase::share::server_service<::oceanbase::rootserver::ObLocalManagementService>();
src/rootserver/ddl_task/ob_ddl_common_rs_impl.cpp	246	ObDDLTaskUtil::get_domain_index_share_table_snapshot	lookup of slot type ObLocalManagementService	rootserver::ObLocalManagementService *local_management_service = ::oceanbase::share::server_service<::oceanbase::rootserver::ObLocalManagementService>();
src/rootserver/ddl_task/ob_ddl_common_rs_impl.cpp	605	ObDDLTaskUtil::obtain_snapshot	lookup of slot type ObLocalManagementService	::oceanbase::share::server_service<::oceanbase::rootserver::ObLocalManagementService>(), new_fetched_snapshot))) {
src/rootserver/ddl_task/ob_ddl_redefinition_task.cpp	283	ObDDLRedefinitionTask::check_table_empty	lookup of slot type ObLocalManagementService	ObLocalManagementService *local_management_service = ::oceanbase::share::server_service<::oceanbase::rootserver::ObLocalManagementService>();
src/rootserver/ddl_task/ob_ddl_redefinition_task.cpp	620	ObDDLRedefinitionTask::add_constraint_ddl_task	lookup of slot type ObLocalManagementService	ObLocalManagementService *local_management_service = ::oceanbase::share::server_service<::oceanbase::rootserver::ObLocalManagementService>();
src/rootserver/ddl_task/ob_ddl_redefinition_task.cpp	700	ObDDLRedefinitionTask::add_fk_ddl_task	lookup of slot type ObLocalManagementService	ObLocalManagementService *local_management_service = ::oceanbase::share::server_service<::oceanbase::rootserver::ObLocalManagementService>();
src/rootserver/ddl_task/ob_ddl_redefinition_task.cpp	900	ObDDLRedefinitionTask::modify_autoinc	lookup of slot type ObLocalManagementService	ObLocalManagementService *local_management_service = ::oceanbase::share::server_service<::oceanbase::rootserver::ObLocalManagementService>();
src/rootserver/ddl_task/ob_ddl_redefinition_task.cpp	1038	ObDDLRedefinitionTask::finish	lookup of slot type ObLocalManagementService	OB_FAIL(rootserver::local_ddl_serial_call([&]{ return ::oceanbase::share::server_service<::oceanbase::rootserver::ObLocalManagementService>()->                  execute_ddl_task(alter_table_arg_, objs); }))) {
src/rootserver/ddl_task/ob_ddl_redefinition_task.cpp	1860	ObSyncTabletAutoincSeqCtx::call_and_process_all_tablet_autoinc_seqs	lookup of slot type ObITabletAutoincrementAdmin	::oceanbase::share::server_service<::oceanbase::share::ObITabletAutoincrementAdmin>();
src/rootserver/ddl_task/ob_ddl_retry_task.cpp	138	ObDDLRetryTask::init	lookup of slot type ObLocalManagementService	} else if (OB_ISNULL(local_management_service_ = ::oceanbase::share::server_service<::oceanbase::rootserver::ObLocalManagementService>())) {
src/rootserver/ddl_task/ob_ddl_retry_task.cpp	166	ObDDLRetryTask::init	lookup of slot type ObLocalManagementService	} else if (OB_ISNULL(local_management_service_ = ::oceanbase::share::server_service<::oceanbase::rootserver::ObLocalManagementService>())) {
src/rootserver/ddl_task/ob_ddl_retry_task.cpp	299	ObDDLRetryTask::drop_schema	lookup of slot type ObLocalManagementService	if (OB_FAIL(rootserver::local_ddl_serial_call([&]{ return ::oceanbase::share::server_service<::oceanbase::rootserver::ObLocalManagementService>()->drop_database(*arg, drop_database_res); }))) {
src/rootserver/ddl_task/ob_ddl_retry_task.cpp	310	ObDDLRetryTask::drop_schema	lookup of slot type ObLocalManagementService	if (OB_FAIL(rootserver::local_ddl_serial_call([&]{ return ::oceanbase::share::server_service<::oceanbase::rootserver::ObLocalManagementService>()->drop_table(*arg, res); }))) {
src/rootserver/ddl_task/ob_ddl_retry_task.cpp	319	ObDDLRetryTask::drop_schema	lookup of slot type ObLocalManagementService	if (OB_FAIL(rootserver::local_ddl_serial_call([&]{ return ::oceanbase::share::server_service<::oceanbase::rootserver::ObLocalManagementService>()->truncate_table(*arg, res); }))) {
src/rootserver/ddl_task/ob_ddl_retry_task.cpp	332	ObDDLRetryTask::drop_schema	lookup of slot type ObLocalManagementService	if (OB_FAIL(rootserver::local_ddl_serial_call([&]{ return ::oceanbase::share::server_service<::oceanbase::rootserver::ObLocalManagementService>()->alter_table(*arg, alter_table_res_); }))) {
src/rootserver/ddl_task/ob_ddl_tablet_scheduler.cpp	63	ObDDLTabletScheduler::init	lookup of slot type ObLocalManagementService	} else if (OB_ISNULL(local_management_service_ = ::oceanbase::share::server_service<::oceanbase::rootserver::ObLocalManagementService>())) {
src/rootserver/ddl_task/ob_ddl_task.cpp	868	ObDDLTask::batch_release_snapshot	lookup of slot type ObLocalManagementService	} else if (OB_ISNULL(::oceanbase::share::server_service<::oceanbase::rootserver::ObLocalManagementService>())) {
src/rootserver/ddl_task/ob_ddl_task.cpp	870	ObDDLTask::batch_release_snapshot	lookup of slot type ObLocalManagementService	} else if (OB_UNLIKELY(!::oceanbase::share::server_service<::oceanbase::rootserver::ObLocalManagementService>()->get_ddl_service().is_inited())) {
src/rootserver/ddl_task/ob_ddl_task.cpp	872	ObDDLTask::batch_release_snapshot	lookup of slot type ObLocalManagementService	} else if (OB_FAIL(::oceanbase::share::server_service<::oceanbase::rootserver::ObLocalManagementService>()->get_ddl_service().get_snapshot_mgr().batch_release_snapshot_in_trans(
src/rootserver/ddl_task/ob_ddl_task.cpp	1309	ObDDLWaitTransEndCtx::do_write_defensive	lookup of slot type ObLocalManagementService	rootserver::ObLocalManagementService *local_management_service = ::oceanbase::share::server_service<::oceanbase::rootserver::ObLocalManagementService>();
src/rootserver/ddl_task/ob_drop_fts_index_task.cpp	70	ObDropFTSIndexTask::init	lookup of slot type ObLocalManagementService	} else if (OB_ISNULL(local_management_service_ = ::oceanbase::share::server_service<::oceanbase::rootserver::ObLocalManagementService>())) {
src/rootserver/ddl_task/ob_drop_fts_index_task.cpp	100	ObDropFTSIndexTask::init	lookup of slot type ObLocalManagementService	} else if (OB_ISNULL(local_management_service_ = ::oceanbase::share::server_service<::oceanbase::rootserver::ObLocalManagementService>())) {
src/rootserver/ddl_task/ob_drop_fts_index_task.cpp	518	ObDropFTSIndexTask::create_drop_index_task	lookup of slot type ObLocalManagementService	} else if (OB_FAIL(rootserver::local_ddl_serial_call([&]{ return ::oceanbase::share::server_service<::oceanbase::rootserver::ObLocalManagementService>()->drop_index(arg, res); }))) {
src/rootserver/ddl_task/ob_drop_index_task.cpp	58	ObDropIndexTask::init	lookup of slot type ObLocalManagementService	} else if (OB_ISNULL(local_management_service_ = ::oceanbase::share::server_service<::oceanbase::rootserver::ObLocalManagementService>())) {
src/rootserver/ddl_task/ob_drop_index_task.cpp	85	ObDropIndexTask::init	lookup of slot type ObLocalManagementService	} else if (OB_ISNULL(local_management_service_ = ::oceanbase::share::server_service<::oceanbase::rootserver::ObLocalManagementService>())) {
src/rootserver/ddl_task/ob_drop_index_task.cpp	144	ObDropIndexTask::update_index_status	lookup of slot type ObLocalManagementService	} else if (OB_FAIL(rootserver::local_ddl_serial_call([&]{ return ::oceanbase::share::server_service<::oceanbase::rootserver::ObLocalManagementService>()->update_index_status(arg); }))) {
src/rootserver/ddl_task/ob_drop_index_task.cpp	231	ObDropIndexTask::drop_index_impl	lookup of slot type ObLocalManagementService	} else if (OB_FAIL(rootserver::local_ddl_serial_call([&]{ return ::oceanbase::share::server_service<::oceanbase::rootserver::ObLocalManagementService>()->drop_index(drop_index_arg, drop_index_res); }))) {
src/rootserver/ddl_task/ob_drop_lob_task.cpp	55	ObDropLobTask::init	lookup of slot type ObLocalManagementService	} else if (OB_ISNULL(local_management_service_ = ::oceanbase::share::server_service<::oceanbase::rootserver::ObLocalManagementService>())) {
src/rootserver/ddl_task/ob_drop_lob_task.cpp	81	ObDropLobTask::init	lookup of slot type ObLocalManagementService	} else if (OB_ISNULL(local_management_service_ = ::oceanbase::share::server_service<::oceanbase::rootserver::ObLocalManagementService>())) {
src/rootserver/ddl_task/ob_drop_vec_index_task.cpp	78	ObDropVecIndexTask::init	lookup of slot type ObLocalManagementService	} else if (OB_ISNULL(local_management_service_ = ::oceanbase::share::server_service<::oceanbase::rootserver::ObLocalManagementService>())) {
src/rootserver/ddl_task/ob_drop_vec_index_task.cpp	130	ObDropVecIndexTask::init	lookup of slot type ObLocalManagementService	} else if (OB_ISNULL(local_management_service_ = ::oceanbase::share::server_service<::oceanbase::rootserver::ObLocalManagementService>())) {
src/rootserver/ddl_task/ob_drop_vec_index_task.cpp	734	ObDropVecIndexTask::create_drop_index_task	lookup of slot type ObLocalManagementService	} else if (OB_FAIL(rootserver::local_ddl_serial_call([&]{ return ::oceanbase::share::server_service<::oceanbase::rootserver::ObLocalManagementService>()->drop_index(arg, res); }))) {
src/rootserver/ddl_task/ob_drop_vec_ivf_index_task.cpp	74	ObDropVecIVFIndexTask::init	lookup of slot type ObLocalManagementService	} else if (OB_ISNULL(local_management_service_ = ::oceanbase::share::server_service<::oceanbase::rootserver::ObLocalManagementService>())) {
src/rootserver/ddl_task/ob_drop_vec_ivf_index_task.cpp	126	ObDropVecIVFIndexTask::init	lookup of slot type ObLocalManagementService	} else if (OB_ISNULL(local_management_service_ = ::oceanbase::share::server_service<::oceanbase::rootserver::ObLocalManagementService>())) {
src/rootserver/ddl_task/ob_fts_index_build_task.cpp	96	ObFtsIndexBuildTask::init	lookup of slot type ObLocalManagementService	} else if (OB_ISNULL(local_management_service_ = ::oceanbase::share::server_service<::oceanbase::rootserver::ObLocalManagementService>())) {
src/rootserver/ddl_task/ob_fts_index_build_task.cpp	177	ObFtsIndexBuildTask::init	lookup of slot type ObLocalManagementService	} else if (OB_ISNULL(local_management_service_ = ::oceanbase::share::server_service<::oceanbase::rootserver::ObLocalManagementService>())) {
src/rootserver/ddl_task/ob_fts_index_build_task.cpp	470	ObFtsIndexBuildTask::prepare_aux_table	lookup of slot type ObLocalManagementService	} else if (OB_FAIL(rootserver::local_ddl_serial_call([&]{ return ::oceanbase::share::server_service<::oceanbase::rootserver::ObLocalManagementService>()->create_aux_index(arg, res); }))) {
src/rootserver/ddl_task/ob_fts_index_build_task.cpp	1535	ObFtsIndexBuildTask::submit_drop_fts_index_task	lookup of slot type ObLocalManagementService	} else if (OB_FAIL(rootserver::local_ddl_serial_call([&]{ return ::oceanbase::share::server_service<::oceanbase::rootserver::ObLocalManagementService>()->drop_index_on_failed(drop_index_arg, drop_index_res); }))) {
src/rootserver/ddl_task/ob_fts_index_build_task.cpp	1868	ObFtsIndexBuildTask::try_release_snapshot	lookup of slot type ObLocalManagementService	} else if (OB_ISNULL(::oceanbase::share::server_service<::oceanbase::rootserver::ObLocalManagementService>())) {
src/rootserver/ddl_task/ob_fts_index_build_task.cpp	1870	ObFtsIndexBuildTask::try_release_snapshot	lookup of slot type ObLocalManagementService	} else if (OB_UNLIKELY(!::oceanbase::share::server_service<::oceanbase::rootserver::ObLocalManagementService>()->get_ddl_service().is_inited())) {
src/rootserver/ddl_task/ob_fts_index_build_task.cpp	1872	ObFtsIndexBuildTask::try_release_snapshot	lookup of slot type ObLocalManagementService	} else if (OB_FAIL(::oceanbase::share::server_service<::oceanbase::rootserver::ObLocalManagementService>()->get_ddl_service().get_snapshot_mgr().batch_release_snapshot_in_trans(
src/rootserver/ddl_task/ob_index_build_task.cpp	318	ObIndexBuildTask::init	lookup of slot type ObLocalManagementService	} else if (OB_ISNULL(local_management_service_ = ::oceanbase::share::server_service<::oceanbase::rootserver::ObLocalManagementService>())) {
src/rootserver/ddl_task/ob_index_build_task.cpp	390	ObIndexBuildTask::init	lookup of slot type ObLocalManagementService	} else if (OB_ISNULL(local_management_service_ = ::oceanbase::share::server_service<::oceanbase::rootserver::ObLocalManagementService>())) {
src/rootserver/ddl_task/ob_index_build_task.cpp	623	ObIndexBuildTask::hold_snapshot	lookup of slot type ObLocalManagementService	} else if (OB_ISNULL(::oceanbase::share::server_service<::oceanbase::rootserver::ObLocalManagementService>())) {
src/rootserver/ddl_task/ob_index_build_task.cpp	625	ObIndexBuildTask::hold_snapshot	lookup of slot type ObLocalManagementService	} else if (OB_UNLIKELY(!::oceanbase::share::server_service<::oceanbase::rootserver::ObLocalManagementService>()->get_ddl_service().is_inited())) {
src/rootserver/ddl_task/ob_index_build_task.cpp	627	ObIndexBuildTask::hold_snapshot	lookup of slot type ObLocalManagementService	} else if (OB_FAIL(::oceanbase::share::server_service<::oceanbase::rootserver::ObLocalManagementService>()->get_ddl_service().get_snapshot_mgr().batch_acquire_snapshot(
src/rootserver/ddl_task/ob_index_build_task.cpp	1343	ObIndexBuildTask::update_index_status_in_schema	lookup of slot type ObLocalManagementService	if (OB_FAIL(rootserver::local_ddl_serial_call([&]{ return ::oceanbase::share::server_service<::oceanbase::rootserver::ObLocalManagementService>()->update_index_status(arg); }))) {
src/rootserver/ddl_task/ob_index_build_task.cpp	1349	ObIndexBuildTask::update_index_status_in_schema	lookup of slot type ObLocalManagementService	} else if (OB_FAIL(::oceanbase::share::server_service<::oceanbase::rootserver::ObLocalManagementService>()->parallel_update_index_status(arg, res))) {
src/rootserver/ddl_task/ob_index_build_task.cpp	1454	ObIndexBuildTask::clean_on_failed	lookup of slot type ObLocalManagementService	} else if (OB_FAIL(rootserver::local_ddl_serial_call([&]{ return ::oceanbase::share::server_service<::oceanbase::rootserver::ObLocalManagementService>()->drop_index(drop_index_arg, drop_index_res); }))) {
src/rootserver/ddl_task/ob_modify_autoinc_task.cpp	52	ObUpdateAutoincSequenceTask::process	lookup of slot type ObLocalManagementService	ObLocalManagementService *local_management_service = ::oceanbase::share::server_service<::oceanbase::rootserver::ObLocalManagementService>();
src/rootserver/ddl_task/ob_modify_autoinc_task.cpp	283	ObModifyAutoincTask::modify_autoinc	lookup of slot type ObLocalManagementService	ObLocalManagementService *local_management_service = ::oceanbase::share::server_service<::oceanbase::rootserver::ObLocalManagementService>();
src/rootserver/ddl_task/ob_modify_autoinc_task.cpp	354	ObModifyAutoincTask::wait_trans_end	lookup of slot type ObLocalManagementService	ObLocalManagementService *local_management_service = ::oceanbase::share::server_service<::oceanbase::rootserver::ObLocalManagementService>();
src/rootserver/ddl_task/ob_modify_autoinc_task.cpp	414	ObModifyAutoincTask::set_schema_available	lookup of slot type ObLocalManagementService	} else if (OB_FAIL(rootserver::local_ddl_serial_call([&]{ return ::oceanbase::share::server_service<::oceanbase::rootserver::ObLocalManagementService>()->        execute_ddl_task(alter_table_arg_, unused_ids); }))) {
src/rootserver/ddl_task/ob_modify_autoinc_task.cpp	439	ObModifyAutoincTask::rollback_schema	lookup of slot type ObLocalManagementService	} else if (OB_FAIL(rootserver::local_ddl_serial_call([&]{ return ::oceanbase::share::server_service<::oceanbase::rootserver::ObLocalManagementService>()->            execute_ddl_task(alter_table_arg, unused_ids); }))) {
src/rootserver/ddl_task/ob_rebuild_index_task.cpp	66	ObRebuildIndexTask::init	lookup of slot type ObLocalManagementService	} else if (OB_ISNULL(local_management_service_ = ::oceanbase::share::server_service<::oceanbase::rootserver::ObLocalManagementService>())) {
src/rootserver/ddl_task/ob_rebuild_index_task.cpp	97	ObRebuildIndexTask::init	lookup of slot type ObLocalManagementService	} else if (OB_ISNULL(local_management_service_ = ::oceanbase::share::server_service<::oceanbase::rootserver::ObLocalManagementService>())) {
src/rootserver/ddl_task/ob_rebuild_index_task.cpp	176	ObRebuildIndexTask::drop_index_impl	lookup of slot type ObLocalManagementService	} else if (OB_FAIL(rootserver::local_ddl_serial_call([&]{ return ::oceanbase::share::server_service<::oceanbase::rootserver::ObLocalManagementService>()->drop_index(drop_index_arg, drop_index_res); }))) {
src/rootserver/ddl_task/ob_rebuild_index_task.cpp	302	ObRebuildIndexTask::rebuild_vec_index_impl	lookup of slot type ObLocalManagementService	} else if (OB_FAIL(rootserver::local_ddl_serial_call([&]{ return ::oceanbase::share::server_service<::oceanbase::rootserver::ObLocalManagementService>()->create_index(create_index_arg, res); }))) {
src/rootserver/ddl_task/ob_rebuild_index_task.cpp	417	ObRebuildIndexTask::switch_index_name	lookup of slot type ObLocalManagementService	} else if (OB_FAIL(rootserver::local_ddl_serial_call([&]{ return ::oceanbase::share::server_service<::oceanbase::rootserver::ObLocalManagementService>()->execute_ddl_task(alter_table_arg, unused_ids); }))) {
src/rootserver/ddl_task/ob_sys_ddl_util.cpp	31	ObSysDDLLocalBuilderUtil::push_task	lookup of slot type ObDDLScheduler	::oceanbase::share::server_service<::oceanbase::rootserver::ObDDLScheduler>();
src/rootserver/ddl_task/ob_sys_ddl_util.h	39	#define SYS_DDL_SCHEDULER_FUNC	lookup of slot type ObDDLScheduler inside #define SYS_DDL_SCHEDULER_FUNC (17 uses of the macro)	rootserver::ObDDLScheduler* sys_ddl_scheduler = ::oceanbase::share::server_service<::oceanbase::rootserver::ObDDLScheduler>(); \
src/rootserver/ddl_task/ob_sys_ddl_util.h	54	ObSysDDLSchedulerUtil	lookup of slot type ObDDLScheduler through macro SYS_DDL_SCHEDULER_FUNC	SYS_DDL_SCHEDULER_FUNC(abort_redef_table);
src/rootserver/ddl_task/ob_sys_ddl_util.h	55	ObSysDDLSchedulerUtil	lookup of slot type ObDDLScheduler through macro SYS_DDL_SCHEDULER_FUNC	SYS_DDL_SCHEDULER_FUNC(copy_table_dependents);
src/rootserver/ddl_task/ob_sys_ddl_util.h	56	ObSysDDLSchedulerUtil	lookup of slot type ObDDLScheduler through macro SYS_DDL_SCHEDULER_FUNC	SYS_DDL_SCHEDULER_FUNC(create_ddl_task);
src/rootserver/ddl_task/ob_sys_ddl_util.h	57	ObSysDDLSchedulerUtil	lookup of slot type ObDDLScheduler through macro SYS_DDL_SCHEDULER_FUNC	SYS_DDL_SCHEDULER_FUNC(destroy_task);
src/rootserver/ddl_task/ob_sys_ddl_util.h	58	ObSysDDLSchedulerUtil	lookup of slot type ObDDLScheduler through macro SYS_DDL_SCHEDULER_FUNC	SYS_DDL_SCHEDULER_FUNC(finish_redef_table);
src/rootserver/ddl_task/ob_sys_ddl_util.h	59	ObSysDDLSchedulerUtil	lookup of slot type ObDDLScheduler through macro SYS_DDL_SCHEDULER_FUNC	SYS_DDL_SCHEDULER_FUNC(get_task_record);
src/rootserver/ddl_task/ob_sys_ddl_util.h	60	ObSysDDLSchedulerUtil	lookup of slot type ObDDLScheduler through macro SYS_DDL_SCHEDULER_FUNC	SYS_DDL_SCHEDULER_FUNC(notify_update_autoinc_end);
src/rootserver/ddl_task/ob_sys_ddl_util.h	61	ObSysDDLSchedulerUtil	lookup of slot type ObDDLScheduler through macro SYS_DDL_SCHEDULER_FUNC	SYS_DDL_SCHEDULER_FUNC(modify_redef_task);
src/rootserver/ddl_task/ob_sys_ddl_util.h	62	ObSysDDLSchedulerUtil	lookup of slot type ObDDLScheduler through macro SYS_DDL_SCHEDULER_FUNC	SYS_DDL_SCHEDULER_FUNC(on_column_checksum_calc_reply);
src/rootserver/ddl_task/ob_sys_ddl_util.h	63	ObSysDDLSchedulerUtil	lookup of slot type ObDDLScheduler through macro SYS_DDL_SCHEDULER_FUNC	SYS_DDL_SCHEDULER_FUNC(on_ddl_task_finish);
src/rootserver/ddl_task/ob_sys_ddl_util.h	64	ObSysDDLSchedulerUtil	lookup of slot type ObDDLScheduler through macro SYS_DDL_SCHEDULER_FUNC	SYS_DDL_SCHEDULER_FUNC(on_sstable_complement_job_reply);
src/rootserver/ddl_task/ob_sys_ddl_util.h	65	ObSysDDLSchedulerUtil	lookup of slot type ObDDLScheduler through macro SYS_DDL_SCHEDULER_FUNC	SYS_DDL_SCHEDULER_FUNC(prepare_alter_table_arg);
src/rootserver/ddl_task/ob_sys_ddl_util.h	66	ObSysDDLSchedulerUtil	lookup of slot type ObDDLScheduler through macro SYS_DDL_SCHEDULER_FUNC	SYS_DDL_SCHEDULER_FUNC(recover_task);
src/rootserver/ddl_task/ob_sys_ddl_util.h	67	ObSysDDLSchedulerUtil	lookup of slot type ObDDLScheduler through macro SYS_DDL_SCHEDULER_FUNC	SYS_DDL_SCHEDULER_FUNC(remove_inactive_ddl_task);
src/rootserver/ddl_task/ob_sys_ddl_util.h	68	ObSysDDLSchedulerUtil	lookup of slot type ObDDLScheduler through macro SYS_DDL_SCHEDULER_FUNC	SYS_DDL_SCHEDULER_FUNC(schedule_ddl_task);
src/rootserver/ddl_task/ob_sys_ddl_util.h	69	ObSysDDLSchedulerUtil	lookup of slot type ObDDLScheduler through macro SYS_DDL_SCHEDULER_FUNC	SYS_DDL_SCHEDULER_FUNC(start_redef_table);
src/rootserver/ddl_task/ob_sys_ddl_util.h	70	ObSysDDLSchedulerUtil	lookup of slot type ObDDLScheduler through macro SYS_DDL_SCHEDULER_FUNC	SYS_DDL_SCHEDULER_FUNC(update_ddl_task_active_time);
src/rootserver/ddl_task/ob_table_redefinition_task.cpp	200	ObTableRedefinitionTask::send_build_replica_request_by_sql	lookup of slot type ObLocalManagementService	ObLocalManagementService *local_management_service = ::oceanbase::share::server_service<::oceanbase::rootserver::ObLocalManagementService>();
src/rootserver/ddl_task/ob_table_redefinition_task.cpp	227	ObTableRedefinitionTask::send_build_replica_request_by_sql	lookup of slot type ObLocalManagementService	::oceanbase::share::server_service<::oceanbase::rootserver::ObLocalManagementService>(),
src/rootserver/ddl_task/ob_table_redefinition_task.cpp	363	ObTableRedefinitionTask::copy_table_indexes	lookup of slot type ObLocalManagementService	ObLocalManagementService *local_management_service = ::oceanbase::share::server_service<::oceanbase::rootserver::ObLocalManagementService>();
src/rootserver/ddl_task/ob_table_redefinition_task.cpp	408	ObTableRedefinitionTask::copy_table_indexes	lookup of slot type ObLocalManagementService	} else if (OB_FAIL(rootserver::local_ddl_serial_call([&]{ return ::oceanbase::share::server_service<::oceanbase::rootserver::ObLocalManagementService>()->                execute_ddl_task(alter_table_arg_, index_ids); }))) {
src/rootserver/ddl_task/ob_table_redefinition_task.cpp	503	ObTableRedefinitionTask::copy_table_constraints	lookup of slot type ObLocalManagementService	ObLocalManagementService *local_management_service = ::oceanbase::share::server_service<::oceanbase::rootserver::ObLocalManagementService>();
src/rootserver/ddl_task/ob_table_redefinition_task.cpp	533	ObTableRedefinitionTask::copy_table_constraints	lookup of slot type ObLocalManagementService	} else if (OB_FAIL(rootserver::local_ddl_serial_call([&]{ return ::oceanbase::share::server_service<::oceanbase::rootserver::ObLocalManagementService>()->              execute_ddl_task(alter_table_arg_, constraint_ids); }))) {
src/rootserver/ddl_task/ob_table_redefinition_task.cpp	562	ObTableRedefinitionTask::copy_table_foreign_keys	lookup of slot type ObLocalManagementService	ObLocalManagementService *local_management_service = ::oceanbase::share::server_service<::oceanbase::rootserver::ObLocalManagementService>();
src/rootserver/ddl_task/ob_table_redefinition_task.cpp	596	ObTableRedefinitionTask::copy_table_foreign_keys	lookup of slot type ObLocalManagementService	} else if (OB_FAIL(rootserver::local_ddl_serial_call([&]{ return ::oceanbase::share::server_service<::oceanbase::rootserver::ObLocalManagementService>()->                execute_ddl_task(alter_table_arg_, fk_ids); }))) {
src/rootserver/ddl_task/ob_table_redefinition_task.cpp	741	ObTableRedefinitionTask::take_effect	lookup of slot type ObLocalManagementService	return ::oceanbase::share::server_service<
src/rootserver/ddl_task/ob_vec_index_build_task.cpp	95	ObVecIndexBuildTask::init	lookup of slot type ObLocalManagementService	} else if (OB_ISNULL(local_management_service_ = ::oceanbase::share::server_service<::oceanbase::rootserver::ObLocalManagementService>())) {
src/rootserver/ddl_task/ob_vec_index_build_task.cpp	172	ObVecIndexBuildTask::init	lookup of slot type ObLocalManagementService	} else if (OB_ISNULL(local_management_service_ = ::oceanbase::share::server_service<::oceanbase::rootserver::ObLocalManagementService>())) {
src/rootserver/ddl_task/ob_vec_index_build_task.cpp	1621	ObVecIndexBuildTask::submit_drop_vec_index_task	lookup of slot type ObLocalManagementService	} else if (OB_FAIL(rootserver::local_ddl_serial_call([&]{ return ::oceanbase::share::server_service<::oceanbase::rootserver::ObLocalManagementService>()->drop_index_on_failed(drop_index_arg, drop_index_res); }))) {
src/rootserver/ddl_task/ob_vec_ivf_index_build_task.cpp	94	ObVecIVFIndexBuildTask::init	lookup of slot type ObLocalManagementService	} else if (OB_ISNULL(local_management_service_ = ::oceanbase::share::server_service<::oceanbase::rootserver::ObLocalManagementService>())) {
src/rootserver/ddl_task/ob_vec_ivf_index_build_task.cpp	155	ObVecIVFIndexBuildTask::init	lookup of slot type ObLocalManagementService	} else if (OB_ISNULL(local_management_service_ = ::oceanbase::share::server_service<::oceanbase::rootserver::ObLocalManagementService>())) {
src/rootserver/ddl_task/ob_vec_ivf_index_build_task.cpp	1563	ObVecIVFIndexBuildTask::submit_drop_vec_index_task	lookup of slot type ObLocalManagementService	} else if (OB_FAIL(rootserver::local_ddl_serial_call([&]{ return ::oceanbase::share::server_service<::oceanbase::rootserver::ObLocalManagementService>()->drop_index_on_failed(drop_index_arg, drop_index_res); }))) {
src/rootserver/fork_table/ob_fork_table_helper.cpp	541	ObForkTableHelper::get_tablet_handle_	lookup of slot type ObLSService	if (OB_ISNULL(ls_service = ::oceanbase::share::server_service<::oceanbase::storage::ObLSService>())) {
src/rootserver/fork_table/ob_fork_table_task.cpp	94	ObForkTableTask::init	lookup of slot type ObLocalManagementService	} else if (OB_ISNULL(local_management_service_ = ::oceanbase::share::server_service<::oceanbase::rootserver::ObLocalManagementService>())) {
src/rootserver/fork_table/ob_fork_table_task.cpp	127	ObForkTableTask::init	lookup of slot type ObLocalManagementService	} else if (OB_ISNULL(local_management_service_ = ::oceanbase::share::server_service<::oceanbase::rootserver::ObLocalManagementService>())) {
src/rootserver/fork_table/ob_fork_table_util.cpp	393	ObForkTableUtil::obtain_snapshot	lookup of slot type ObLocalManagementService	rootserver::ObDDLService &ddl_service = ::oceanbase::share::server_service<::oceanbase::rootserver::ObLocalManagementService>()->get_ddl_service();
src/rootserver/freeze/ob_freeze_info_detector.cpp	187	ObMajorMergeInfoDetector::try_minor_freeze	lookup of slot type ObLocalManagementService	if (OB_FAIL(::oceanbase::share::server_service<::oceanbase::rootserver::ObLocalManagementService>()->root_minor_freeze(arg))) {
src/rootserver/freeze/ob_major_freeze_helper.cpp	66	ObMajorFreezeHelper::tablet_major_freeze	lookup of slot type ObTabletScheduler	if (OB_FAIL(::oceanbase::share::server_service<::oceanbase::compaction::ObTabletScheduler>()->user_request_schedule_medium_merge(
src/rootserver/freeze/ob_major_freeze_helper.cpp	105	ObMajorFreezeHelper::do_local_major_freeze	lookup of slot type ObPrimaryMajorFreezeService	if (OB_ISNULL(primary_service = ::oceanbase::share::server_service<::oceanbase::rootserver::ObPrimaryMajorFreezeService>())) {
src/rootserver/freeze/ob_major_freeze_helper.cpp	107	ObMajorFreezeHelper::do_local_major_freeze	lookup of slot type ObRestoreMajorFreezeService	} else if (OB_ISNULL(restore_service = ::oceanbase::share::server_service<::oceanbase::rootserver::ObRestoreMajorFreezeService>())) {
src/rootserver/freeze/ob_major_freeze_helper.cpp	147	ObMajorFreezeHelper::do_admin_merge	lookup of slot type ObPrimaryMajorFreezeService	if (OB_ISNULL(primary_service = ::oceanbase::share::server_service<::oceanbase::rootserver::ObPrimaryMajorFreezeService>())) {
src/rootserver/freeze/ob_major_freeze_helper.cpp	149	ObMajorFreezeHelper::do_admin_merge	lookup of slot type ObRestoreMajorFreezeService	} else if (OB_ISNULL(restore_service = ::oceanbase::share::server_service<::oceanbase::rootserver::ObRestoreMajorFreezeService>())) {
src/rootserver/freeze/ob_major_merge_progress_checker.cpp	697	ObMajorMergeProgressChecker::check_progress	lookup of slot type ObDiagnoseTabletMgr through macro DEL_SUSPECT_INFO	DEL_SUSPECT_INFO(compaction::MAJOR_MERGE, UNKNOW_TABLET_ID, share::ObDiagnoseTabletType::TYPE_RS_MAJOR_MERGE);
src/rootserver/freeze/ob_major_merge_progress_checker.cpp	697	ObMajorMergeProgressChecker::check_progress	lookup of slot type ObScheduleSuspectInfoMgr through macro DEL_SUSPECT_INFO	DEL_SUSPECT_INFO(compaction::MAJOR_MERGE, UNKNOW_TABLET_ID, share::ObDiagnoseTabletType::TYPE_RS_MAJOR_MERGE);
src/rootserver/freeze/ob_snapshot_gc_scn_renewer.cpp	124	ObSnapshotGcScnRenewer::try_renew	lookup of slot type ObFreezeInfoMgr	freeze_info_mgr = ::oceanbase::share::server_service<
src/rootserver/freeze/ob_snapshot_gc_scn_renewer.cpp	175	ObSnapshotGcScnRenewer::need_renew_	lookup of slot type ObFreezeInfoMgr	freeze_info_mgr = ::oceanbase::share::server_service<
src/rootserver/ob_bootstrap.cpp	93	ObPreBootstrap::create_ls	lookup of slot type ObLSService	ObLSService *ls_svr = ::oceanbase::share::server_service<::oceanbase::storage::ObLSService>();
src/rootserver/ob_ddl_service.cpp	11182	ObDDLService::check_has_domain_index	lookup of slot type ObLocalManagementService	ObLocalManagementService *local_management_service = ::oceanbase::share::server_service<::oceanbase::rootserver::ObLocalManagementService>();
src/rootserver/ob_ddl_service.cpp	18351	ObDDLService::drop_table	lookup of slot type ObITabletAutoincrementAdmin	::oceanbase::share::server_service<::oceanbase::share::ObITabletAutoincrementAdmin>();
src/rootserver/ob_ddl_service.cpp	18431	ObDDLService::drop_table	lookup of slot type ObITabletAutoincrementAdmin	::oceanbase::share::server_service<::oceanbase::share::ObITabletAutoincrementAdmin>();
src/rootserver/ob_ddl_service.cpp	19104	ObDDLService::drop_database	lookup of slot type ObITabletAutoincrementAdmin	::oceanbase::share::server_service<::oceanbase::share::ObITabletAutoincrementAdmin>();
src/rootserver/ob_ddl_service.cpp	19134	ObDDLService::drop_database	lookup of slot type ObITabletAutoincrementAdmin	::oceanbase::share::server_service<::oceanbase::share::ObITabletAutoincrementAdmin>();
src/rootserver/ob_ddl_service_launcher.cpp	120	ObDDLServiceLauncher::init_sequence_id_	lookup of slot type ObLocalManagementService	} else if (OB_ISNULL(::oceanbase::share::server_service<::oceanbase::rootserver::ObLocalManagementService>())) {
src/rootserver/ob_ddl_service_launcher.cpp	124	ObDDLServiceLauncher::init_sequence_id_	lookup of slot type ObLocalManagementService	ObSchemaService *schema_service = ::oceanbase::share::server_service<::oceanbase::rootserver::ObLocalManagementService>()->get_schema_service().get_schema_service();
src/rootserver/ob_ddl_service_launcher.cpp	145	ObDDLServiceLauncher::inner_start_ddl_service_with_lock_	lookup of slot type ObLocalManagementService	} else if (OB_FAIL(::oceanbase::share::server_service<::oceanbase::rootserver::ObLocalManagementService>()->get_schema_service().get_ddl_epoch_mgr().remove_all_ddl_epoch())) {
src/rootserver/ob_domain_index_builder_util.cpp	86	ObDomainIndexBuilderUtil::prepare_aux_table	lookup of slot type ObLocalManagementService	} else if (OB_FAIL(rootserver::local_ddl_serial_call([&]{ return ::oceanbase::share::server_service<::oceanbase::rootserver::ObLocalManagementService>()->create_aux_index(arg, res); }))) {
src/rootserver/ob_local_management_service.cpp	2846	ObLocalManagementService::start_ddl_service_	lookup of slot type ObDDLServiceLauncher	rootserver::ObDDLServiceLauncher* ddl_service_launcher = ::oceanbase::share::server_service<::oceanbase::rootserver::ObDDLServiceLauncher>();
src/rootserver/ob_local_management_service.cpp	2918	report_column_checksum_response	lookup of slot type ObLocalManagementService	if (OB_ISNULL(::oceanbase::share::server_service<::oceanbase::rootserver::ObLocalManagementService>())) {
src/rootserver/ob_local_management_service.cpp	2921	report_column_checksum_response	lookup of slot type ObLocalManagementService	::oceanbase::share::server_service<::oceanbase::rootserver::ObLocalManagementService>()->calc_column_checksum_repsonse(arg))) {
src/rootserver/ob_local_management_service.cpp	2930	report_ddl_single_replica_response	lookup of slot type ObLocalManagementService	if (OB_ISNULL(::oceanbase::share::server_service<::oceanbase::rootserver::ObLocalManagementService>())) {
src/rootserver/ob_local_management_service.cpp	2933	report_ddl_single_replica_response	lookup of slot type ObLocalManagementService	::oceanbase::share::server_service<::oceanbase::rootserver::ObLocalManagementService>()->handle_ddl_local_build_response(arg))) {
src/rootserver/ob_local_management_service.cpp	2943	renew_ddl_task_lease	lookup of slot type ObLocalManagementService	} else if (OB_ISNULL(::oceanbase::share::server_service<::oceanbase::rootserver::ObLocalManagementService>())) {
src/rootserver/ob_local_management_service.cpp	2949	renew_ddl_task_lease	lookup of slot type ObLocalManagementService	::oceanbase::share::server_service<::oceanbase::rootserver::ObLocalManagementService>()->update_ddl_task_active_time(arg))) {
src/rootserver/ob_local_management_service.cpp	2960	rebuild_vector_index	lookup of slot type ObLocalManagementService	if (OB_ISNULL(::oceanbase::share::server_service<::oceanbase::rootserver::ObLocalManagementService>())) {
src/rootserver/ob_local_management_service.cpp	2964	rebuild_vector_index	lookup of slot type ObLocalManagementService	return ::oceanbase::share::server_service<::oceanbase::rootserver::ObLocalManagementService>()->rebuild_vec_index(
src/rootserver/ob_rootserver_local_runtime.h	73	rootserver_local_runtime	lookup of slot type ObIRootserverLocalRuntime	return ::oceanbase::share::server_service<
src/rootserver/parallel_ddl/ob_drop_table_helper.cpp	44	get_tablet_autoincrement_admin	lookup of slot type ObITabletAutoincrementAdmin	::oceanbase::share::server_service<
src/rootserver/truncate_info/ob_truncate_info_service.cpp	255	ObTruncatePartKeyInfo::create_tmp_session	lookup of slot type ObSQLSessionMgr	if (OB_FAIL(::oceanbase::share::server_service<::oceanbase::sql::ObSQLSessionMgr>()->create_sessid(sid))) {
src/rootserver/truncate_info/ob_truncate_info_service.cpp	256	ObTruncatePartKeyInfo::create_tmp_session	lookup of slot type ObSQLSessionMgr	} else if (OB_FAIL(::oceanbase::share::server_service<::oceanbase::sql::ObSQLSessionMgr>()->create_session(sid, session))) {
src/rootserver/truncate_info/ob_truncate_info_service.cpp	280	ObTruncatePartKeyInfo::release_tmp_session	lookup of slot type ObSQLSessionMgr	::oceanbase::share::server_service<::oceanbase::sql::ObSQLSessionMgr>()->revert_session(session);
src/rootserver/truncate_info/ob_truncate_info_service.cpp	281	ObTruncatePartKeyInfo::release_tmp_session	lookup of slot type ObSQLSessionMgr	::oceanbase::share::server_service<::oceanbase::sql::ObSQLSessionMgr>()->free_session(free_session_ctx);
src/share/datum/ob_datum_funcs_impl.h	306	datum_lob_locator_get_string	lookup of slot type ObILobReadService	ObILobReadService *read_service = share::server_service<ObILobReadService>();
src/share/rc/ob_server_runtime_support.cpp	28	get_rb_mem_mgr	lookup of slot type ObRbMemMgr [not built]	return ::oceanbase::share::server_service<::oceanbase::common::ObRbMemMgr>();
src/share/roaringbitmap/ob_rb_memory_mgr.cpp	28	get_rb_mem_mgr	lookup of slot type ObRbMemMgr	return ::oceanbase::share::server_service<::oceanbase::common::ObRbMemMgr>();
src/sql/das/iter/ob_das_hnsw_scan_iter.cpp	864	ObDASHNSWScanIter::process_adaptor_state_hnsw	lookup of slot type ObIVectorIndexService	::oceanbase::share::server_service<::oceanbase::query::ObIVectorIndexService>();
src/sql/das/iter/ob_das_hnsw_scan_iter.cpp	1388	ObDASHNSWScanIter::process_adaptor_state_pre_filter	lookup of slot type ObIVectorIndexService	::oceanbase::share::server_service<::oceanbase::query::ObIVectorIndexService>();
src/sql/das/iter/ob_das_hnsw_scan_iter.cpp	2803	ObDASHNSWScanIter::call_pva_interface	lookup of slot type ObIVectorIndexService	::oceanbase::share::server_service<::oceanbase::query::ObIVectorIndexService>();
src/sql/das/iter/ob_das_ivf_scan_iter.cpp	724	ObDASIvfBaseScanIter::get_centers_cache	lookup of slot type ObIVectorIndexService	::oceanbase::share::server_service<::oceanbase::query::ObIVectorIndexService>();
src/sql/das/iter/ob_das_ivf_scan_iter.cpp	2647	ObDASIvfPQScanIter::get_pq_precomputetable_cache	lookup of slot type ObIVectorIndexService	::oceanbase::share::server_service<::oceanbase::query::ObIVectorIndexService>();
src/sql/das/iter/ob_das_merge_iter.cpp	240	ObDASMergeIter::rescan_das_task	lookup of slot type ObDataAccessService	} else if (OB_FAIL(::oceanbase::share::server_service<::oceanbase::sql::ObDataAccessService>()->rescan_das_task(*das_ref_, *scan_op))) {
src/sql/das/iter/ob_das_scan_iter.cpp	39	ObDASScanIter::inner_init	lookup of slot type ObIVirtualTableScan	? share::server_service<common::ObIVirtualTableScan>()
src/sql/das/iter/ob_das_scan_iter.cpp	40	ObDASScanIter::inner_init	lookup of slot type ObITabletScan	: share::server_service<common::ObITabletScan>();
src/sql/das/ob_das_delete_op.cpp	55	ObDASIndexDMLAdaptor::write_rows	lookup of slot type ObIDmlService	data_plane::ObIDmlService *as = ::oceanbase::share::server_service<::oceanbase::data_plane::ObIDmlService>();
src/sql/das/ob_das_insert_op.cpp	57	ObDASIndexDMLAdaptor::write_rows	lookup of slot type ObIDmlService	data_plane::ObIDmlService *as = ::oceanbase::share::server_service<::oceanbase::data_plane::ObIDmlService>();
src/sql/das/ob_das_insert_op.cpp	190	ObDASInsertOp::insert_row_with_fetch	lookup of slot type ObIDmlService	data_plane::ObIDmlService *as = ::oceanbase::share::server_service<::oceanbase::data_plane::ObIDmlService>();
src/sql/das/ob_das_insert_op.cpp	221	ObDASInsertOp::insert_row_with_fetch	lookup of slot type ObIWriteContextService	} else if (OB_FAIL(::oceanbase::share::server_service<::oceanbase::data_plane::ObIWriteContextService>()->acquire_write_context(
src/sql/das/ob_das_insert_op.cpp	367	ObDASConflictIterator::reset	lookup of slot type ObIDmlService	::oceanbase::share::server_service<::oceanbase::data_plane::ObIDmlService>()->free_duplicate_rows_iterator(*iter);
src/sql/das/ob_das_lock_op.cpp	64	ObDASLockOp::open_op	lookup of slot type ObIDmlService	data_plane::ObIDmlService *as = ::oceanbase::share::server_service<::oceanbase::data_plane::ObIDmlService>();
src/sql/das/ob_das_lock_op.cpp	70	ObDASLockOp::open_op	lookup of slot type ObIWriteContextService	if (OB_FAIL(::oceanbase::share::server_service<::oceanbase::data_plane::ObIWriteContextService>()->acquire_write_context(
src/sql/das/ob_das_parallel_handler.cpp	51	ObDASParallelHandler::deep_copy_all_das_tasks	lookup of slot type ObDataAccessService	if (OB_FAIL(::oceanbase::share::server_service<::oceanbase::sql::ObDataAccessService>()->collect_das_copy_refs(src_task_list,
src/sql/das/ob_das_parallel_handler.cpp	157	ObDASParallelHandler::run	lookup of slot type ObDataAccessService	} else if (OB_FAIL(::oceanbase::share::server_service<::oceanbase::sql::ObDataAccessService>()->parallel_execute_das_task(new_task_list))) {
src/sql/das/ob_das_ref.cpp	291	ObDASRef::parallel_submit_agg_task	lookup of slot type ObDataAccessService	} else if (OB_FAIL(::oceanbase::share::server_service<::oceanbase::sql::ObDataAccessService>()->parallel_submit_das_task(*this, *agg_task))) {
src/sql/das/ob_das_ref.cpp	327	ObDASRef::retry_all_fail_tasks	lookup of slot type ObDataAccessService	} else if (OB_FAIL(::oceanbase::share::server_service<::oceanbase::sql::ObDataAccessService>()->retry_das_task(*this, *failed_tasks.at(i)))) {
src/sql/das/ob_das_ref.cpp	344	ObDASRef::execute_all_task	lookup of slot type ObDataAccessService	if (OB_FAIL(::oceanbase::share::server_service<::oceanbase::sql::ObDataAccessService>()->execute_das_task(*this, *agg_task))) {
src/sql/das/ob_das_ref.cpp	465	ObDASRef::close_all_task	lookup of slot type ObDataAccessService	if (OB_SUCCESS != (end_ret = ::oceanbase::share::server_service<::oceanbase::sql::ObDataAccessService>()->end_das_task(*this, **task_iter))) {
src/sql/das/ob_das_ref.cpp	504	ObDASRef::create_das_task	lookup of slot type ObDataAccessService	if (OB_FAIL(::oceanbase::share::server_service<::oceanbase::sql::ObDataAccessService>()->get_das_task_id(task_id))) {
src/sql/das/ob_das_scan_op.cpp	1319	ObLocalIndexLookupOp::get_tsc_service	lookup of slot type ObITabletScan	*::oceanbase::share::server_service<::oceanbase::common::ObITabletScan>() : *(::oceanbase::share::server_service<::oceanbase::common::ObITabletScan>());
src/sql/das/ob_das_simple_op.cpp	56	ObDASSplitRangesOp::open_op	lookup of slot type ObIRangeService	data_plane::ObIRangeService *range_service = ::oceanbase::share::server_service<::oceanbase::data_plane::ObIRangeService>();
src/sql/das/ob_das_simple_op.cpp	88	ObDASRangesCostOp::open_op	lookup of slot type ObIRangeService	data_plane::ObIRangeService *range_service = ::oceanbase::share::server_service<::oceanbase::data_plane::ObIRangeService>();
src/sql/das/ob_das_update_op.cpp	379	ObDASIndexDMLAdaptor::write_rows	lookup of slot type ObIDmlService	data_plane::ObIDmlService *as = ::oceanbase::share::server_service<::oceanbase::data_plane::ObIDmlService>();
src/sql/dtl/ob_dtl_basic_channel.cpp	339	ObDtlBasicChannel::mock_eof_buffer	lookup of slot type ObDTLIntermResultManager	if (OB_FAIL(::oceanbase::share::server_service<::oceanbase::sql::dtl::ObDTLIntermResultManager>()->process_interm_result(buffer, id_))) {
src/sql/dtl/ob_dtl_basic_channel.cpp	579	ObDtlBasicChannel::process1	lookup of slot type ObDTLIntermResultManager	} else if (OB_FAIL(::oceanbase::share::server_service<::oceanbase::sql::dtl::ObDTLIntermResultManager>()->atomic_get_interm_result_info(
src/sql/dtl/ob_dtl_fc_server.cpp	291	ObDfcServer::get_current_dfc	lookup of slot type ObDfc	dfc_manager = ::oceanbase::share::server_service<::oceanbase::sql::dtl::ObDfc>();
src/sql/dtl/ob_dtl_interm_result_manager.cpp	602	ObDTLIntermResultManager::server_module_start	lookup of slot type ObISharedTimer	if (OB_FAIL(::oceanbase::share::server_service<::oceanbase::share::ObISharedTimer>()->schedule(
src/sql/dtl/ob_dtl_interm_result_manager.cpp	618	ObDTLIntermResultManager::server_module_stop	lookup of slot type ObISharedTimer	::oceanbase::share::server_service<::oceanbase::share::ObISharedTimer>()->cancel_task(dtl_interm_result_manager->get_gc_task());
src/sql/dtl/ob_dtl_interm_result_manager.cpp	626	ObDTLIntermResultManager::server_module_wait	lookup of slot type ObISharedTimer	::oceanbase::share::server_service<::oceanbase::share::ObISharedTimer>()->wait_task(dtl_interm_result_manager->get_gc_task());
src/sql/dtl/ob_dtl_local_channel.cpp	72	ObDtlLocalChannel::send_shared_message	lookup of slot type ObDTLIntermResultManager	if (OB_FAIL(::oceanbase::share::server_service<::oceanbase::sql::dtl::ObDTLIntermResultManager>()->process_interm_result(buf, peer_id_))) {
src/sql/engine/aggregate/ob_hash_groupby_op.cpp	2902	ObHashGroupByOp::check_llc_ndv	lookup of slot type ObSqlMemoryManager	ObSqlMemoryManager *runtime_sql_mem_manager = ::oceanbase::share::server_service<::oceanbase::sql::ObSqlMemoryManager>();
src/sql/engine/basic/ob_temp_table_access_op.cpp	351	ObTempTableAccessOp::locate_interm_result	lookup of slot type ObDTLIntermResultManager	if (OB_FAIL(::oceanbase::share::server_service<::oceanbase::sql::dtl::ObDTLIntermResultManager>()->atomic_get_interm_result_info(
src/sql/engine/basic/ob_temp_table_insert_op.cpp	230	ObTempTableInsertOp::init_chunk_row_store	lookup of slot type ObDTLIntermResultManager	if (OB_FAIL(::oceanbase::share::server_service<::oceanbase::sql::dtl::ObDTLIntermResultManager>()->create_interm_result_info(
src/sql/engine/basic/ob_temp_table_insert_op.cpp	293	ObTempTableInsertOp::insert_chunk_row_store	lookup of slot type ObDTLIntermResultManager	if (OB_FAIL(::oceanbase::share::server_service<::oceanbase::sql::dtl::ObDTLIntermResultManager>()->insert_interm_result_info(
src/sql/engine/basic/ob_temp_table_insert_op.cpp	296	ObTempTableInsertOp::insert_chunk_row_store	lookup of slot type ObDTLIntermResultManager	::oceanbase::share::server_service<::oceanbase::sql::dtl::ObDTLIntermResultManager>()->erase_interm_result_info(dtl_int_key);
src/sql/engine/basic/ob_temp_table_insert_op.cpp	305	ObTempTableInsertOp::insert_chunk_row_store	lookup of slot type ObDTLIntermResultManager	::oceanbase::share::server_service<::oceanbase::sql::dtl::ObDTLIntermResultManager>()->erase_interm_result_info(keys_insert.at(i));
src/sql/engine/basic/ob_temp_table_insert_op.cpp	320	ObTempTableInsertOp::clear_all_datum_store	lookup of slot type ObDTLIntermResultManager	::oceanbase::share::server_service<::oceanbase::sql::dtl::ObDTLIntermResultManager>()->dec_interm_result_ref_count(datum_store);
src/sql/engine/basic/ob_temp_table_transformation_op.cpp	150	ObTempTableTransformationOp::destory_local_interm_results	lookup of slot type ObDTLIntermResultManager	if (OB_FAIL(::oceanbase::share::server_service<::oceanbase::sql::dtl::ObDTLIntermResultManager>()->erase_interm_result_info(
src/sql/engine/cmd/ob_alter_system_executor.cpp	84	ObFlushCacheExecutor::execute	lookup of slot type ObPlanCache	ObPlanCache *plan_cache = ::oceanbase::share::server_service<::oceanbase::sql::ObPlanCache>();
src/sql/engine/cmd/ob_alter_system_executor.cpp	97	ObFlushCacheExecutor::execute	lookup of slot type ObPlanCache	ObPlanCache *plan_cache = ::oceanbase::share::server_service<::oceanbase::sql::ObPlanCache>();
src/sql/engine/cmd/ob_alter_system_executor.cpp	115	ObFlushCacheExecutor::execute	lookup of slot type ObPlanCache	ObPlanCache *plan_cache = ::oceanbase::share::server_service<::oceanbase::sql::ObPlanCache>();
src/sql/engine/cmd/ob_alter_system_executor.cpp	153	ObFlushCacheExecutor::execute	lookup of slot type ObPsCache	ObPsCache *ps_cache = ::oceanbase::share::server_service<::oceanbase::sql::ObPsCache>();
src/sql/engine/cmd/ob_alter_system_executor.cpp	297	ObSwitchRoleExecutor::execute	lookup of slot type ObITenantRoleTransitionService	share::server_service<share::ObITenantRoleTransitionService>())) {
src/sql/engine/cmd/ob_load_data_impl.cpp	129	ObLoadDataBase::memory_check_worker	lookup of slot type ObIMemoryPressureService	if (FALSE_IT(memory_pressure = ::oceanbase::share::server_service<::oceanbase::data_plane::ObIMemoryPressureService>())) {
src/sql/engine/dml/ob_dml_service.cpp	1159	ObDMLService::prepare_dml_execution	lookup of slot type ObIDmlService	::oceanbase::share::server_service<::oceanbase::data_plane::ObIDmlService>();
src/sql/engine/dml/ob_dml_service.cpp	1861	ObDMLService::get_heap_table_hidden_pk	lookup of slot type ObITabletAutoincrementService	::oceanbase::share::server_service<::oceanbase::share::ObITabletAutoincrementService>();
src/sql/engine/dml/ob_dml_service.h	356	ObDASIndexDMLAdaptor::write_tablet	lookup of slot type ObIWriteContextService	::oceanbase::share::server_service<::oceanbase::data_plane::ObIWriteContextService>();
src/sql/engine/dml/ob_dml_service.h	414	ObDASIndexDMLAdaptor::write_tablet_with_ignore	lookup of slot type ObIWriteContextService	::oceanbase::share::server_service<::oceanbase::data_plane::ObIWriteContextService>();
src/sql/engine/expr/ob_expr_ai/ob_expr_ai_complete.cpp	111	ObExprAIComplete::eval_ai_complete	lookup of slot type ObIAiEndpointResolver	::oceanbase::share::server_service<::oceanbase::query::ObIAiEndpointResolver>();
src/sql/engine/expr/ob_expr_ai/ob_expr_ai_embed.cpp	98	ObExprAIEmbed::eval_ai_embed	lookup of slot type ObIAiEndpointResolver	::oceanbase::share::server_service<::oceanbase::query::ObIAiEndpointResolver>();
src/sql/engine/expr/ob_expr_ai/ob_expr_ai_rerank.cpp	118	ObExprAIRerank::eval_ai_rerank	lookup of slot type ObIAiEndpointResolver	::oceanbase::share::server_service<::oceanbase::query::ObIAiEndpointResolver>();
src/sql/engine/expr/ob_expr_doc_id.cpp	104	ObExprDocID::generate_doc_id	lookup of slot type ObITabletAutoincrementService	::oceanbase::share::server_service<::oceanbase::share::ObITabletAutoincrementService>();
src/sql/engine/expr/ob_expr_vec_ivf_pq_center_ids.cpp	189	ObExprVecIVFPQCenterIds::calc_pq_center_ids	lookup of slot type ObIVectorIndexService	query::ObIVectorIndexService *service = ::oceanbase::share::server_service<::oceanbase::query::ObIVectorIndexService>();
src/sql/engine/expr/ob_expr_vec_ivf_pq_center_ids.cpp	216	ObExprVecIVFPQCenterIds::calc_pq_center_ids	lookup of slot type ObIVectorIndexService	query::ObIVectorIndexService *service = ::oceanbase::share::server_service<::oceanbase::query::ObIVectorIndexService>();
src/sql/engine/expr/ob_expr_vec_ivf_sq8_data_vector.cpp	143	ObExprVecIVFSQ8DataVector::generate_data_vector	lookup of slot type ObIVectorIndexService	query::ObIVectorIndexService *service = ::oceanbase::share::server_service<::oceanbase::query::ObIVectorIndexService>();
src/sql/engine/expr/ob_expr_vec_vid.cpp	88	ObExprVecVid::generate_vec_id	lookup of slot type ObITabletAutoincrementService	::oceanbase::share::server_service<::oceanbase::share::ObITabletAutoincrementService>();
src/sql/engine/ob_exec_context.cpp	396	ObExecContext::set_my_session	lookup of slot type ObILobReadService	lob_read_service_ = ::oceanbase::share::server_service<common::ObILobReadService>();
src/sql/engine/ob_exec_context.cpp	1357	ObExecContext::get_lob_read_options	lookup of slot type ObILobReadService	read_service = ::oceanbase::share::server_service<common::ObILobReadService>();
src/sql/engine/ob_sql_mem_mgr_processor.h	60	ObSqlMemMgrProcessor::get_sql_mem_mgr	lookup of slot type ObSqlMemoryManager	sql_mem_mgr_ = ::oceanbase::share::server_service<::oceanbase::sql::ObSqlMemoryManager>();
src/sql/engine/ob_sql_memory_manager.cpp	41	resolve_sql_memory_usage_tracker	lookup of slot type ObSqlMemoryManager	share::server_service<ObSqlMemoryManager>();
src/sql/engine/px/exchange/ob_px_receive_op.cpp	313	ObPxReceiveOp::inner_rescan	lookup of slot type ObDTLIntermResultManager	release_channel_ret = ::oceanbase::share::server_service<::oceanbase::sql::dtl::ObDTLIntermResultManager>()->erase_interm_result_info(key);
src/sql/engine/px/exchange/ob_px_receive_op.cpp	440	ObPxReceiveOp::erase_dtl_interm_result	lookup of slot type ObDTLIntermResultManager	if (OB_FAIL(::oceanbase::share::server_service<::oceanbase::sql::dtl::ObDTLIntermResultManager>()->erase_interm_result_info(key))) {
src/sql/engine/px/ob_dfo.cpp	785	ObPxInitTaskArgs::init_deserialize_param	lookup of slot type ObSQLSessionMgr	share::server_service<ObSQLSessionMgr>());
src/sql/engine/px/ob_dfo_scheduler.cpp	488	ObSerialDfoScheduler::erase_dtl_interm_results	lookup of slot type ObDTLIntermResultManager	if (OB_FAIL(::oceanbase::share::server_service<::oceanbase::sql::dtl::ObDTLIntermResultManager>()->erase_interm_result_info(key))) {
src/sql/engine/px/ob_px_coord_op.cpp	893	ObPxCoordOp::erase_dtl_interm_result	lookup of slot type ObDTLIntermResultManager	if (OB_FAIL(::oceanbase::share::server_service<::oceanbase::sql::dtl::ObDTLIntermResultManager>()->erase_interm_result_info(key))) {
src/sql/engine/px/ob_px_local_sqc_launcher.h	41	ObLocalSqcLauncher::ObLocalSqcLauncher	lookup of slot type ObSQLSessionMgr	share::server_service<ObSQLSessionMgr>()),
src/sql/engine/px/ob_px_local_sqc_launcher.h	72	ObLocalFastSqcLauncher::ObLocalFastSqcLauncher	lookup of slot type ObSQLSessionMgr	share::server_service<ObSQLSessionMgr>()),
src/sql/engine/px/ob_px_sqc_handler.cpp	183	ObPxSqcHandler::init	lookup of slot type ObSQLSessionMgr	*allocator, share::server_service<ObSQLSessionMgr>()))) {
src/sql/engine/px/ob_px_worker.cpp	44	ObPxCoroWorker::ObPxCoroWorker	lookup of slot type ObSQLSessionMgr	exec_ctx_(alloc, share::server_service<ObSQLSessionMgr>()),
src/sql/ob_query_retry_ctrl.cpp	788	ObQueryRetryCtrl::after_func	lookup of slot type ObILockWaitService	::oceanbase::share::server_service<::oceanbase::data_plane::ObILockWaitService>();
src/sql/optimizer/ob_optimizer.cpp	1152	ObOptimizer::update_column_usage_infos	lookup of slot type ObOptStatMonitorManager	if (OB_ISNULL(optstat_monitor_mgr = ::oceanbase::share::server_service<::oceanbase::common::ObOptStatMonitorManager>())) {
src/sql/optimizer/ob_storage_estimator.cpp	37	ObStorageEstimator::estimate_row_count	lookup of slot type ObIReadTimestampService	::oceanbase::share::server_service<::oceanbase::data_plane::ObIReadTimestampService>();
src/sql/optimizer/ob_storage_estimator.cpp	127	ObStorageEstimator::storage_estimate_partition_batch_rowcount	lookup of slot type ObIStorageEstimator	::oceanbase::share::server_service<::oceanbase::data_plane::ObIStorageEstimator>();
src/sql/optimizer/ob_storage_estimator.cpp	168	ObStorageEstimator::storage_estimate_block_count_and_row_count	lookup of slot type ObIStorageEstimator	::oceanbase::share::server_service<::oceanbase::data_plane::ObIStorageEstimator>();
src/sql/optimizer/stat/ob_dbms_stats_maintenance_window.cpp	54	ObDbmsStatsMaintenanceWindow::get_stats_maintenance_window_jobs_sql	lookup of slot type ObISchedulerService	::oceanbase::share::server_service<::oceanbase::query::ObISchedulerService>();
src/sql/optimizer/stat/ob_opt_stat_manager.cpp	398	ObOptStatManager::refresh_system_stat_cache	lookup of slot type ObPlanCache	sql::ObPlanCache *pc = ::oceanbase::share::server_service<::oceanbase::sql::ObPlanCache>();
src/sql/optimizer/stat/ob_opt_stat_manager.cpp	412	ObOptStatManager::invalidate_plan	lookup of slot type ObPlanCache	sql::ObPlanCache *pc = ::oceanbase::share::server_service<::oceanbase::sql::ObPlanCache>();
src/sql/optimizer/stat/ob_opt_stat_monitor_manager.cpp	180	ObOptStatMonitorManager::flush_database_monitoring_info	lookup of slot type ObOptStatMonitorManager	return ::oceanbase::share::server_service<::oceanbase::common::ObOptStatMonitorManager>()->update_opt_stat_monitoring_info(arg);
src/sql/optimizer/stat/ob_opt_stat_monitor_manager.cpp	598	ObOptStatMonitorManager::server_module_start	lookup of slot type ObISharedTimer	if (OB_FAIL(::oceanbase::share::server_service<::oceanbase::share::ObISharedTimer>()->schedule(
src/sql/optimizer/stat/ob_opt_stat_monitor_manager.cpp	601	ObOptStatMonitorManager::server_module_start	lookup of slot type ObISharedTimer	} else if (OB_FAIL(::oceanbase::share::server_service<::oceanbase::share::ObISharedTimer>()->schedule(
src/sql/optimizer/stat/ob_opt_stat_monitor_manager.cpp	617	ObOptStatMonitorManager::server_module_stop	lookup of slot type ObISharedTimer	::oceanbase::share::server_service<::oceanbase::share::ObISharedTimer>()->cancel_task(optstat_monitor_mgr->get_flush_all_task());
src/sql/optimizer/stat/ob_opt_stat_monitor_manager.cpp	618	ObOptStatMonitorManager::server_module_stop	lookup of slot type ObISharedTimer	::oceanbase::share::server_service<::oceanbase::share::ObISharedTimer>()->cancel_task(optstat_monitor_mgr->get_check_task());
src/sql/optimizer/stat/ob_opt_stat_monitor_manager.cpp	625	ObOptStatMonitorManager::server_module_wait	lookup of slot type ObISharedTimer	::oceanbase::share::server_service<::oceanbase::share::ObISharedTimer>()->wait_task(optstat_monitor_mgr->get_flush_all_task());
src/sql/optimizer/stat/ob_opt_stat_monitor_manager.cpp	626	ObOptStatMonitorManager::server_module_wait	lookup of slot type ObISharedTimer	::oceanbase::share::server_service<::oceanbase::share::ObISharedTimer>()->wait_task(optstat_monitor_mgr->get_check_task());
src/sql/optimizer/stat/ob_opt_stat_monitor_manager.cpp	1332	ObOptimizerStatService::report_dml_stat	lookup of slot type ObOptStatMonitorManager	::oceanbase::share::server_service<::oceanbase::common::ObOptStatMonitorManager>();
src/sql/optimizer/stat/ob_opt_stat_service.cpp	353	ObOptStatService::get_table_rowcnt	lookup of slot type ObIOptimizerStorageService	::oceanbase::share::server_service<::oceanbase::data_plane::ObIOptimizerStorageService>();
src/sql/optimizer/stat/ob_opt_system_stat.cpp	74	OptSystemIoBenchmark::run_benchmark	lookup of slot type ObIOptimizerStorageService	::oceanbase::share::server_service<::oceanbase::data_plane::ObIOptimizerStorageService>();
src/sql/resolver/ddl/ob_ddl_resolver.cpp	3907	ObDDLResolver::calc_default_value	lookup of slot type ObILobReadService	} else if (OB_ISNULL(lob_read_service = ::oceanbase::share::server_service<::oceanbase::common::ObILobReadService>())) {
src/standby/control/ob_standby_role_transition_service.cpp	92	get_ls_service	lookup of slot type ObLSService	if (OB_ISNULL(ls_service = share::server_service<storage::ObLSService>())) {
src/standby/control/ob_standby_timestamp_provider.cpp	36	ObStandbyTimestampProvider::enable	lookup of slot type ObTimestampAccess	share::server_service<transaction::ObTimestampAccess>();
src/standby/control/ob_standby_timestamp_provider.cpp	50	ObStandbyTimestampProvider::disable	lookup of slot type ObTimestampAccess	share::server_service<transaction::ObTimestampAccess>();
src/standby/control/ob_standby_timestamp_provider.cpp	67	ObStandbyTimestampProvider::prepare_for_startup	lookup of slot type ObLSService	storage::ObLSService *ls_service = share::server_service<storage::ObLSService>();
src/standby/control/ob_standby_timestamp_provider.cpp	101	ObStandbyTimestampProvider::get_timestamp_	lookup of slot type ObLSService	storage::ObLSService *ls_service = share::server_service<storage::ObLSService>();
src/standby/ob_standby_bootstrap_service.cpp	132	ObStandbyBootstrapService::create_sys_ls_	lookup of slot type ObLSService	} else if (OB_ISNULL(ls_service = share::server_service<storage::ObLSService>())) {
src/standby/ob_standby_bootstrap_service.cpp	135	ObStandbyBootstrapService::create_sys_ls_	lookup of slot type ObLogService	} else if (OB_ISNULL(log_service = share::server_service<logservice::ObLogService>())) {
src/standby/ob_standby_grpc.cpp	324	StandbyGrpcService::fetch_ls_view	lookup of slot type ObLSService	if (OB_ISNULL(ls_service = share::server_service<storage::ObLSService>())) {
src/standby/ob_standby_grpc.cpp	400	StandbyGrpcService::get_ls_view_tablet_count	lookup of slot type ObLSService	ObLSService *ls_service = share::server_service<ObLSService>();
src/standby/ob_standby_grpc.cpp	445	StandbyGrpcService::fetch_tablet_info	lookup of slot type ObLSService	if (OB_ISNULL(ls_service = share::server_service<ObLSService>())) {
src/standby/ob_standby_grpc.cpp	516	StandbyGrpcService::fetch_tablet_sstable_info	lookup of slot type ObLSService	} else if (OB_ISNULL(ls_service = share::server_service<ObLSService>())) {
src/standby/ob_standby_grpc.cpp	693	StandbyGrpcService::check_restore_precondition	lookup of slot type ObLSService	ObLSService *ls_service = share::server_service<ObLSService>();
src/standby/ob_standby_grpc.cpp	812	StandbyGrpcService::fetch_log	lookup of slot type ObLSService	ObLSService *ls_service = share::server_service<ObLSService>();
src/standby/ob_standby_grpc.cpp	921	StandbyGrpcService::get_promotion_boundary	lookup of slot type ObLSService	ObLSService *ls_service = share::server_service<ObLSService>();
src/standby/ob_standby_log_sync_service.cpp	46	get_log_handler	lookup of slot type ObLSService	storage::ObLSService *ls_service = share::server_service<storage::ObLSService>();
src/standby/ob_standby_log_sync_service.cpp	78	get_local_position	lookup of slot type ObLogService	logservice::ObLogService *log_service = share::server_service<logservice::ObLogService>();
src/standby/ob_standby_palf_base_info.cpp	73	ObStandbyPalfBaseInfoBuilder::build	lookup of slot type ObLSService	if (OB_ISNULL(ls_service = share::server_service<storage::ObLSService>())) {
src/standby/restore/ob_sstable_copy_finish_task.cpp	279	ObSSTableCopyFinishTask::init	lookup of slot type ObLSService	} else if (OB_ISNULL(ls_service = share::server_service<ObLSService>())) {
src/standby/restore/ob_standby_restore_reader.cpp	247	ObCopyMacroBlockObProducer::init	lookup of slot type ObLSService	} else if (OB_ISNULL(ls_service = share::server_service<ObLSService>())) {
src/standby/restore/ob_standby_restore_reader.cpp	522	ObCopyTabletInfoObProducer::init	lookup of slot type ObLSService	} else if (OB_ISNULL(ls_service = share::server_service<ObLSService>())) {
src/standby/restore/ob_standby_restore_reader.cpp	610	ObCopyTabletsSSTableInfoObProducer::init	lookup of slot type ObLSService	} else if (OB_ISNULL(ls_service = share::server_service<ObLSService>())) {
src/standby/restore/ob_standby_restore_reader.cpp	976	ObCopySSTableMacroObProducer::init	lookup of slot type ObLSService	} else if (OB_ISNULL(ls_service = share::server_service<ObLSService>())) {
src/standby/restore/ob_standby_restore_reader.cpp	1102	ObCopySSTableMacroRangeObProducer::init	lookup of slot type ObLSService	} else if (OB_ISNULL(ls_service = share::server_service<ObLSService>())) {
src/standby/restore/ob_standby_sstable_copier.cpp	212	ObStandbySSTableCopier::get_sys_ls_	lookup of slot type ObLSService	ObLSService *ls_service = share::server_service<ObLSService>();
src/standby/restore/ob_standby_sstable_copier.cpp	232	ObStandbySSTableCopier::fetch_ls_view_and_create_tablets_	lookup of slot type ObLSService	ObLSService *ls_service = share::server_service<ObLSService>();
src/standby/standby_module.cpp	209	IServerRoleStateProvider	slot type; 3 lookups in 3 files; 2 binds; 2 unbinds; 1 spellings	share::bind_server_service<share::IServerRoleStateProvider>(&state_store_);
src/standby/standby_module.cpp	210	ObITenantRoleTransitionService	slot type; 2 lookups in 2 files; 1 binds; 1 unbinds; 1 spellings	share::bind_server_service<share::ObITenantRoleTransitionService>(&role_transition_service_);
src/standby/standby_module.cpp	275	StandbyModule::Impl::destroy	lookup of slot type ObITenantRoleTransitionService	if (share::server_service<share::ObITenantRoleTransitionService>() == &role_transition_service_) {
src/standby/standby_module.cpp	276	StandbyModule::Impl::destroy	unbind of slot type ObITenantRoleTransitionService	share::unbind_server_service<share::ObITenantRoleTransitionService>();
src/standby/standby_module.cpp	279	StandbyModule::Impl::destroy	lookup of slot type IServerRoleStateProvider	if (share::server_service<share::IServerRoleStateProvider>() == &state_store_) {
src/standby/standby_module.cpp	280	StandbyModule::Impl::destroy	unbind of slot type IServerRoleStateProvider	share::unbind_server_service<share::IServerRoleStateProvider>();
src/standby/standby_module_disabled.cpp	51	StandbyModule::Impl::init	bind of slot type IServerRoleStateProvider	share::bind_server_service<share::IServerRoleStateProvider>(&state_store_);
src/standby/standby_module_disabled.cpp	126	StandbyModule::Impl::destroy	lookup of slot type IServerRoleStateProvider	if (share::server_service<share::IServerRoleStateProvider>() == &state_store_) {
src/standby/standby_module_disabled.cpp	127	StandbyModule::Impl::destroy	unbind of slot type IServerRoleStateProvider	share::unbind_server_service<share::IServerRoleStateProvider>();
src/storage/access/ob_multiple_merge.cpp	824	ObMultipleMerge::report_tablet_stat	lookup of slot type ObTabletStatMgr	} else if (OB_TMP_FAIL(::oceanbase::share::server_service<::oceanbase::storage::ObTabletStatMgr>()->report_stat(tablet_stat, report_succ))) {
src/storage/access/ob_multiple_merge.cpp	1522	ObMultipleMerge::refresh_tablet_iter	lookup of slot type ObLSService	} else if (OB_FAIL(::oceanbase::share::server_service<::oceanbase::storage::ObLSService>()->get_ls(tenant_ls))) {
src/storage/access/ob_table_scan_iterator.cpp	77	ObTableScanIterator::reset	lookup of slot type ObGlobalIteratorPool	ObGlobalIteratorPool *iter_pool = ::oceanbase::share::server_service<::oceanbase::storage::ObGlobalIteratorPool>();
src/storage/access/ob_table_scan_iterator.cpp	155	ObTableScanIterator::can_use_global_iter_pool	lookup of slot type ObGlobalIteratorPool	ObGlobalIteratorPool *iter_pool = ::oceanbase::share::server_service<::oceanbase::storage::ObGlobalIteratorPool>();
src/storage/access/ob_table_scan_iterator.cpp	170	ObTableScanIterator::prepare_cached_iter_node	lookup of slot type ObGlobalIteratorPool	ObGlobalIteratorPool *iter_pool = ::oceanbase::share::server_service<::oceanbase::storage::ObGlobalIteratorPool>();
src/storage/access/ob_table_scan_iterator.cpp	186	ObTableScanIterator::try_release_cached_iter_node	lookup of slot type ObGlobalIteratorPool	::oceanbase::share::server_service<::oceanbase::storage::ObGlobalIteratorPool>()->can_use_iter_pool(table_cnt, col_cnt, rescan_iter_type);
src/storage/access/ob_table_scan_iterator.cpp	193	ObTableScanIterator::try_release_cached_iter_node	lookup of slot type ObGlobalIteratorPool	::oceanbase::share::server_service<::oceanbase::storage::ObGlobalIteratorPool>()->release(cached_iter_node_);
src/storage/allocator/ob_mds_allocator.cpp	70	ObMdsThrottleGuard::ObMdsThrottleGuard	lookup of slot type ObSharedMemAllocMgr	throttle_tool_ = &(::oceanbase::share::server_service<::oceanbase::share::ObSharedMemAllocMgr>()->share_resource_throttle_tool());
src/storage/allocator/ob_memstore_allocator.cpp	37	ObMemstoreAllocator::AllocHandle::init	lookup of slot type ObSharedMemAllocMgr	ObMemstoreAllocator &host = ::oceanbase::share::server_service<::oceanbase::share::ObSharedMemAllocMgr>()->memstore_allocator();
src/storage/allocator/ob_memstore_allocator.cpp	44	ObMemstoreAllocator::init	lookup of slot type ObSharedMemAllocMgr	throttle_tool_ = &(::oceanbase::share::server_service<::oceanbase::share::ObSharedMemAllocMgr>()->share_resource_throttle_tool());
src/storage/allocator/ob_tx_data_allocator.cpp	35	ObTxDataAllocator::hold	lookup of slot type ObSharedMemAllocMgr	::oceanbase::share::server_service<::oceanbase::share::ObSharedMemAllocMgr>();
src/storage/allocator/ob_tx_data_allocator.cpp	82	ObTxDataThrottleGuard::ObTxDataThrottleGuard	lookup of slot type ObSharedMemAllocMgr	throttle_tool_ = &(::oceanbase::share::server_service<::oceanbase::share::ObSharedMemAllocMgr>()->share_resource_throttle_tool());
src/storage/allocator/ob_tx_data_allocator.cpp	96	ObTxDataOpAllocator::init	lookup of slot type ObSharedMemAllocMgr	ObSharedMemAllocMgr *share_mem_alloc_mgr = ::oceanbase::share::server_service<::oceanbase::share::ObSharedMemAllocMgr>();
src/storage/allocator/ob_vector_allocator.cpp	38	ObVectorAllocator::get_rb_mem_used	lookup of slot type ObRbMemMgr	ObRbMemMgr *rb_mgr = ::oceanbase::share::server_service<::oceanbase::common::ObRbMemMgr>();
src/storage/allocator/ob_vector_allocator.cpp	116	ObVsagMemContext::init	lookup of slot type ObSharedMemAllocMgr	ObSharedMemAllocMgr *share_mem_alloc_mgr = ::oceanbase::share::server_service<::oceanbase::share::ObSharedMemAllocMgr>();
src/storage/allocator/ob_vector_allocator.cpp	186	ObIvfMemContext::init	lookup of slot type ObSharedMemAllocMgr	ObSharedMemAllocMgr *share_mem_alloc_mgr = ::oceanbase::share::server_service<::oceanbase::share::ObSharedMemAllocMgr>();
src/storage/blocksstable/index_block/ob_index_block_builder.cpp	1547	ObSSTableIndexBuilder::rewrite_small_sstable	lookup of slot type ObSharedMacroBlockMgr	ObSharedMacroBlockMgr *shared_block_mgr = ::oceanbase::share::server_service<::oceanbase::blocksstable::ObSharedMacroBlockMgr>();
src/storage/blocksstable/index_block/ob_index_block_builder.cpp	1604	ObSSTableIndexBuilder::do_check_and_rewrite_sstable	lookup of slot type ObSharedMacroBlockMgr	ObSharedMacroBlockMgr *shared_block_mgr = ::oceanbase::share::server_service<::oceanbase::blocksstable::ObSharedMacroBlockMgr>();
src/storage/blocksstable/index_block/ob_macro_meta_temp_store.cpp	142	ObMacroMetaTempStore::init	lookup of slot type ObTmpFileManager	} else if (OB_FAIL(::oceanbase::share::server_service<::oceanbase::tmp_file::ObTmpFileManager>()->open(io_.fd_, io_.dir_id_))) {
src/storage/blocksstable/index_block/ob_macro_meta_temp_store.cpp	158	ObMacroMetaTempStore::reset	lookup of slot type ObTmpFileManager	if (OB_FAIL(::oceanbase::share::server_service<::oceanbase::tmp_file::ObTmpFileManager>()->remove(io_.fd_))) {
src/storage/blocksstable/index_block/ob_macro_meta_temp_store.cpp	257	ObMacroMetaTempStore::inner_append	lookup of slot type ObTmpFileManager	if (OB_FAIL(::oceanbase::share::server_service<::oceanbase::tmp_file::ObTmpFileManager>()->aio_write(io_, io_handle_))) {
src/storage/blocksstable/index_block/ob_macro_meta_temp_store.cpp	375	ObMacroMetaTempStoreIter::init	lookup of slot type ObTmpFileManager	} else if (OB_FAIL(::oceanbase::share::server_service<::oceanbase::tmp_file::ObTmpFileManager>()->get_tmp_file_size(temp_meta_store.io_.fd_,
src/storage/blocksstable/index_block/ob_macro_meta_temp_store.cpp	452	ObMacroMetaTempStoreIter::try_submit_io	lookup of slot type ObTmpFileManager	} else if (OB_FAIL(::oceanbase::share::server_service<::oceanbase::tmp_file::ObTmpFileManager>()->pread(io_info, meta_store_read_offset_, read_handle))) {
src/storage/blocksstable/ob_block_manager.cpp	986	ObBlockManager::mark_macro_blocks	lookup of slot type ObSharedMacroBlockMgr	::oceanbase::share::server_service<::oceanbase::blocksstable::ObSharedMacroBlockMgr>()->get_cur_shared_block(
src/storage/blocksstable/ob_block_manager.cpp	991	ObBlockManager::mark_macro_blocks	lookup of slot type ObLocalStorageMetaService	} else if (OB_FALSE_IT(::oceanbase::share::server_service<::oceanbase::storage::ObLocalStorageMetaService>()
src/storage/blocksstable/ob_block_manager.cpp	1032	ObBlockManager::mark_local_storage_blocks	lookup of slot type ObLocalStorageMetaService	ObLocalStorageMetaService *meta_service = ::oceanbase::share::server_service<::oceanbase::storage::ObLocalStorageMetaService>();
src/storage/blocksstable/ob_block_manager.cpp	1033	ObBlockManager::mark_local_storage_blocks	lookup of slot type ObStorageMetaMemMgr	ObStorageMetaMemMgr *t3m = ::oceanbase::share::server_service<::oceanbase::storage::ObStorageMetaMemMgr>();
src/storage/blocksstable/ob_block_manager.cpp	1164	ObBlockManager::mark_tmp_file_blocks	lookup of slot type ObTmpFileManager	if (OB_FAIL(::oceanbase::share::server_service<::oceanbase::tmp_file::ObTmpFileManager>()->get_sn_file_manager().get_macro_block_list(macro_block_list))) {
src/storage/blocksstable/ob_bloom_filter_cache.cpp	439	ObBloomFilterCache::put_bloom_filter	lookup of slot type ObEmptyReadBucket	if (OB_FAIL(::oceanbase::share::server_service<::oceanbase::storage::ObEmptyReadBucket>()->get_cell(bf_key.hash(), cell))) {
src/storage/blocksstable/ob_bloom_filter_cache.cpp	446	ObBloomFilterCache::put_bloom_filter	lookup of slot type ObTabletScheduler	auto_bf_cache_miss_count_threshold(::oceanbase::share::server_service<::oceanbase::compaction::ObTabletScheduler>()->get_bf_queue_size());
src/storage/blocksstable/ob_bloom_filter_cache.cpp	610	ObBloomFilterCache::inc_empty_read	lookup of slot type ObEmptyReadBucket	} else if (OB_FAIL(::oceanbase::share::server_service<::oceanbase::storage::ObEmptyReadBucket>()->get_cell(key_hash, cell))) {
src/storage/blocksstable/ob_bloom_filter_cache.cpp	617	ObBloomFilterCache::inc_empty_read	lookup of slot type ObTabletScheduler	if (OB_FAIL(::oceanbase::share::server_service<::oceanbase::compaction::ObTabletScheduler>()
src/storage/blocksstable/ob_macro_block_writer.cpp	443	ObMacroBlockWriter::ObSmallSStableMacroBlockFlusher::write_disk	lookup of slot type ObSharedMacroBlockMgr	ObSharedMacroBlockMgr *shared_block_mgr = ::oceanbase::share::server_service<::oceanbase::blocksstable::ObSharedMacroBlockMgr>();
src/storage/blocksstable/ob_shared_macro_block_manager.cpp	401	ObSharedMacroBlockMgr::defragment	lookup of slot type ObStorageMetaMemMgr	ObTabletIterator tablet_iter(*(::oceanbase::share::server_service<::oceanbase::storage::ObStorageMetaMemMgr>()), iter_allocator, &op);
src/storage/blocksstable/ob_shared_macro_block_manager.cpp	557	ObSharedMacroBlockMgr::update_tablet	lookup of slot type ObLSService	ObLSService *ls_svr = ::oceanbase::share::server_service<::oceanbase::storage::ObLSService>();
src/storage/blocksstable/ob_sstable.cpp	1323	ObSSTable::add_used_size	lookup of slot type ObSharedMacroBlockMgr	::oceanbase::share::server_service<::oceanbase::blocksstable::ObSharedMacroBlockMgr>();
src/storage/blocksstable/ob_sstable.cpp	1350	ObSSTable::dec_used_size	lookup of slot type ObSharedMacroBlockMgr	::oceanbase::share::server_service<::oceanbase::blocksstable::ObSharedMacroBlockMgr>();
src/storage/checkpoint/ob_checkpoint_executor.cpp	419	ObCheckpointExecutor::calculate_min_recycle_scn_	lookup of slot type ObLogService	if (OB_ISNULL(log_service = ::oceanbase::share::server_service<::oceanbase::logservice::ObLogService>())) {
src/storage/checkpoint/ob_data_checkpoint.cpp	258	ObDataCheckpoint::ls_freeze	lookup of slot type ObCheckPointService	ObCheckPointService *checkpoint_srv = ::oceanbase::share::server_service<::oceanbase::storage::checkpoint::ObCheckPointService>();
src/storage/checkpoint/ob_data_checkpoint.cpp	602	ObDataCheckpoint::traversal_flush_	lookup of slot type ObStorageMetaMemMgr	ObStorageMetaMemMgr *t3m = ::oceanbase::share::server_service<::oceanbase::storage::ObStorageMetaMemMgr>();
src/storage/compaction/ob_basic_tablet_merge_ctx.cpp	556	ObBasicTabletMergeCtx::get_ls_and_tablet	lookup of slot type ObLSService	if (OB_FAIL(::oceanbase::share::server_service<::oceanbase::storage::ObLSService>()->get_ls(static_param_.ls_))) {
src/storage/compaction/ob_basic_tablet_merge_ctx.cpp	787	ObBasicTabletMergeCtx::add_sstable_merge_info	lookup of slot type ObDagWarningHistoryManager	if (OB_SUCCESS == ::oceanbase::share::server_service<::oceanbase::share::ObDagWarningHistoryManager>()->get_with_param(hash, warning_info, info_allocator)) {
src/storage/compaction/ob_basic_tablet_merge_ctx.cpp	798	ObBasicTabletMergeCtx::add_sstable_merge_info	lookup of slot type ObScheduleSuspectInfoMgr	if (OB_SUCCESS == ::oceanbase::share::server_service<::oceanbase::compaction::ObScheduleSuspectInfoMgr>()->get_with_param(hash, ret_info, info_allocator)) {
src/storage/compaction/ob_basic_tablet_merge_ctx.cpp	801	ObBasicTabletMergeCtx::add_sstable_merge_info	lookup of slot type ObScheduleSuspectInfoMgr	if (OB_TMP_FAIL(::oceanbase::share::server_service<::oceanbase::compaction::ObScheduleSuspectInfoMgr>()->delete_info(hash))) {
src/storage/compaction/ob_basic_tablet_merge_ctx.cpp	806	ObBasicTabletMergeCtx::add_sstable_merge_info	lookup of slot type ObSSTableMergeInfoMgr	if (OB_TMP_FAIL(::oceanbase::share::server_service<::oceanbase::storage::ObSSTableMergeInfoMgr>()->add_sstable_merge_info(merge_history))) {
src/storage/compaction/ob_basic_tablet_merge_ctx.cpp	814	ObBasicTabletMergeCtx::add_sstable_merge_info	lookup of slot type ObCompactionSuggestionMgr	::oceanbase::share::server_service<::oceanbase::compaction::ObCompactionSuggestionMgr>()->analyze_merge_info(merge_history, merge_dag_->get_type(), cost_time);
src/storage/compaction/ob_basic_tablet_merge_ctx.cpp	879	ObBasicTabletMergeCtx::after_update_tablet_for_major	lookup of slot type ObMediumChecker	if (OB_TMP_FAIL(::oceanbase::share::server_service<::oceanbase::compaction::ObMediumChecker>()->add_tablet(tablet_id, get_merge_version()))) {
src/storage/compaction/ob_basic_tablet_merge_ctx.cpp	1223	ObBasicTabletMergeCtx::get_meta_compaction_info	lookup of slot type ObSchemaRuntimeService	} else if (OB_ISNULL(schema_service = ::oceanbase::share::server_service<::oceanbase::share::schema::ObSchemaRuntimeService>()->get_schema_service())) {
src/storage/compaction/ob_batch_exec_dag.cpp	52	ObBatchExecCollector::add	lookup of slot type ObSSTableMergeInfoMgr	if (OB_FAIL(::oceanbase::share::server_service<::oceanbase::storage::ObSSTableMergeInfoMgr>()->add_sstable_merge_info(merge_history_))) {
src/storage/compaction/ob_batch_freeze_tablets_dag.cpp	126	ObBatchFreezeTabletsTask::inner_process	lookup of slot type ObLSService	if (OB_FAIL(::oceanbase::share::server_service<::oceanbase::storage::ObLSService>()->get_ls(ls))) {
src/storage/compaction/ob_batch_freeze_tablets_dag.cpp	147	ObBatchFreezeTabletsTask::inner_process	lookup of slot type ObMemstoreFreezer	} else if (OB_TMP_FAIL(::oceanbase::share::server_service<::oceanbase::storage::ObMemstoreFreezer>()->tablet_freeze(cur_pair.tablet_id_,
src/storage/compaction/ob_batch_freeze_tablets_dag.cpp	182	ObBatchFreezeTabletsTask::schedule_tablet_major_after_freeze	lookup of slot type ObTabletScheduler	if (!::oceanbase::share::server_service<::oceanbase::compaction::ObTabletScheduler>()->could_major_merge_start()) {
src/storage/compaction/ob_compaction_diagnose.cpp	647	ObCompactionDiagnoseMgr::diagnose_dag	lookup of slot type ObDagScheduler	if (OB_FAIL(::oceanbase::share::server_service<::oceanbase::share::ObDagScheduler>()->diagnose_minor_exe_dag(&dag, progress))) {
src/storage/compaction/ob_compaction_diagnose.cpp	652	ObCompactionDiagnoseMgr::diagnose_dag	lookup of slot type ObDagScheduler	} else if (OB_FAIL(::oceanbase::share::server_service<::oceanbase::share::ObDagScheduler>()->diagnose_dag(&dag, progress))) {
src/storage/compaction/ob_compaction_diagnose.cpp	720	ObCompactionDiagnoseMgr::get_suspect_info	lookup of slot type ObScheduleSuspectInfoMgr	if (OB_FAIL(::oceanbase::share::server_service<::oceanbase::compaction::ObScheduleSuspectInfoMgr>()->get_with_param(input_info.hash(), ret_info, allocator))) {
src/storage/compaction/ob_compaction_diagnose.cpp	760	ObCompactionDiagnoseMgr::diagnose_database	lookup of slot type ObFreezeInfoMgr	} else if (OB_FAIL(::oceanbase::share::server_service<::oceanbase::storage::ObFreezeInfoMgr>()->get_freeze_info_behind_major_snapshot(merged_version, false/*include_equal*/, freeze_infos))) {
src/storage/compaction/ob_compaction_diagnose.cpp	906	ObCompactionDiagnoseMgr::diagnose_database_tablets	lookup of slot type ObDagScheduler	if (OB_TMP_FAIL(::oceanbase::share::server_service<::oceanbase::share::ObDagScheduler>()->diagnose_all_compaction_dags())) {
src/storage/compaction/ob_compaction_diagnose.cpp	909	ObCompactionDiagnoseMgr::diagnose_database_tablets	lookup of slot type ObFreezeInfoMgr	int64_t compaction_scn = MAX(MERGE_SCHEDULER_PTR->get_frozen_version(), ::oceanbase::share::server_service<::oceanbase::storage::ObFreezeInfoMgr>()->get_latest_frozen_version());
src/storage/compaction/ob_compaction_diagnose.cpp	918	ObCompactionDiagnoseMgr::diagnose_database_tablets	lookup of slot type ObDiagnoseTabletMgr	if (OB_TMP_FAIL(::oceanbase::share::server_service<::oceanbase::compaction::ObDiagnoseTabletMgr>()->get_diagnose_tablets(diagnose_tablets))) {
src/storage/compaction/ob_compaction_diagnose.cpp	925	ObCompactionDiagnoseMgr::diagnose_database_tablets	lookup of slot type ObLSService	if (OB_FAIL(::oceanbase::share::server_service<::oceanbase::storage::ObLSService>()->get_ls(ls))) {
src/storage/compaction/ob_compaction_diagnose.cpp	966	ObCompactionDiagnoseMgr::diagnose_database_tablets	lookup of slot type ObDiagnoseTabletMgr	(void)::oceanbase::share::server_service<::oceanbase::compaction::ObDiagnoseTabletMgr>()->remove_diagnose_tablets(tablet_array);
src/storage/compaction/ob_compaction_diagnose.cpp	977	ObCompactionDiagnoseMgr::diagnose_database_major_merge	lookup of slot type ObIMajorFreezeCoordinator	::oceanbase::share::server_service<
src/storage/compaction/ob_compaction_diagnose.cpp	985	ObCompactionDiagnoseMgr::diagnose_database_major_merge	lookup of slot type ObIMajorFreezeCoordinator	if (OB_FAIL(::oceanbase::share::server_service<::oceanbase::data_plane::ObIMajorFreezeCoordinator>()->
src/storage/compaction/ob_compaction_diagnose.cpp	994	ObCompactionDiagnoseMgr::diagnose_database_major_merge	lookup of slot type ObDiagnoseTabletMgr through macro DEL_SUSPECT_INFO	DEL_SUSPECT_INFO(
src/storage/compaction/ob_compaction_diagnose.cpp	994	ObCompactionDiagnoseMgr::diagnose_database_major_merge	lookup of slot type ObScheduleSuspectInfoMgr through macro DEL_SUSPECT_INFO	DEL_SUSPECT_INFO(
src/storage/compaction/ob_compaction_diagnose.cpp	1013	ObCompactionDiagnoseMgr::add_uncompacted_tablet_to_diagnose	lookup of slot type ObFreezeInfoMgr	const int64_t frozen_scn = MAX(MERGE_SCHEDULER_PTR->get_frozen_version(), ::oceanbase::share::server_service<::oceanbase::storage::ObFreezeInfoMgr>()->get_latest_frozen_version());
src/storage/compaction/ob_compaction_diagnose.cpp	1266	ObCompactionDiagnoseMgr::get_suspect_and_warning_info	lookup of slot type ObScheduleSuspectInfoMgr	if (OB_FAIL(::oceanbase::share::server_service<::oceanbase::compaction::ObScheduleSuspectInfoMgr>()->get_with_param(dag_hash.inner_hash(), info, allocator))) {
src/storage/compaction/ob_compaction_diagnose.cpp	1272	ObCompactionDiagnoseMgr::get_suspect_and_warning_info	lookup of slot type ObDagWarningHistoryManager	if (OB_FAIL(::oceanbase::share::server_service<::oceanbase::share::ObDagWarningHistoryManager>()->get_with_param(
src/storage/compaction/ob_compaction_diagnose.h	559	#define DEL_SUSPECT_INFO	lookup of slot type ObScheduleSuspectInfoMgr inside #define DEL_SUSPECT_INFO (7 uses of the macro)	if (OB_TMP_FAIL(::oceanbase::share::server_service<::oceanbase::compaction::ObScheduleSuspectInfoMgr>()                \
src/storage/compaction/ob_compaction_diagnose.h	565	#define DEL_SUSPECT_INFO	lookup of slot type ObDiagnoseTabletMgr inside #define DEL_SUSPECT_INFO (7 uses of the macro)	} else if (OB_TMP_FAIL(::oceanbase::share::server_service<::oceanbase::compaction::ObDiagnoseTabletMgr>()              \
src/storage/compaction/ob_compaction_diagnose.h	694	#define DEFINE_SUSPECT_INFO_ADD	lookup of slot type ObScheduleSuspectInfoMgr inside #define DEFINE_SUSPECT_INFO_ADD (6 uses of the macro)	if (OB_FAIL(::oceanbase::share::server_service<::oceanbase::compaction::ObScheduleSuspectInfoMgr>()->add_suspect_info(info.hash(), info))) { \
src/storage/compaction/ob_compaction_diagnose.h	696	#define DEFINE_SUSPECT_INFO_ADD	lookup of slot type ObDiagnoseTabletMgr inside #define DEFINE_SUSPECT_INFO_ADD (6 uses of the macro)	} else if (OB_FAIL(::oceanbase::share::server_service<::oceanbase::compaction::ObDiagnoseTabletMgr>()->add_diagnose_tablet(tablet_id, diagnose_type))) {     \
src/storage/compaction/ob_compaction_diagnose.h	733	#define DEFINE_SUSPECT_INFO_ADD_EXTRA	lookup of slot type ObScheduleSuspectInfoMgr inside #define DEFINE_SUSPECT_INFO_ADD_EXTRA (2 uses of the macro)	} else if (OB_FAIL(::oceanbase::share::server_service<::oceanbase::compaction::ObScheduleSuspectInfoMgr>()->add_suspect_info(info.hash(), info))) { \
src/storage/compaction/ob_compaction_diagnose.h	735	#define DEFINE_SUSPECT_INFO_ADD_EXTRA	lookup of slot type ObDiagnoseTabletMgr inside #define DEFINE_SUSPECT_INFO_ADD_EXTRA (2 uses of the macro)	} else if (OB_FAIL(::oceanbase::share::server_service<::oceanbase::compaction::ObDiagnoseTabletMgr>()->add_diagnose_tablet(tablet_id, diagnose_type))) { \
src/storage/compaction/ob_compaction_diagnose.h	744	-	lookup of slot type ObDiagnoseTabletMgr through macro DEFINE_SUSPECT_INFO_ADD	DEFINE_SUSPECT_INFO_ADD(1)
src/storage/compaction/ob_compaction_diagnose.h	744	-	lookup of slot type ObScheduleSuspectInfoMgr through macro DEFINE_SUSPECT_INFO_ADD	DEFINE_SUSPECT_INFO_ADD(1)
src/storage/compaction/ob_compaction_diagnose.h	745	-	lookup of slot type ObDiagnoseTabletMgr through macro DEFINE_SUSPECT_INFO_ADD	DEFINE_SUSPECT_INFO_ADD(2)
src/storage/compaction/ob_compaction_diagnose.h	745	-	lookup of slot type ObScheduleSuspectInfoMgr through macro DEFINE_SUSPECT_INFO_ADD	DEFINE_SUSPECT_INFO_ADD(2)
src/storage/compaction/ob_compaction_diagnose.h	746	-	lookup of slot type ObDiagnoseTabletMgr through macro DEFINE_SUSPECT_INFO_ADD	DEFINE_SUSPECT_INFO_ADD(3)
src/storage/compaction/ob_compaction_diagnose.h	746	-	lookup of slot type ObScheduleSuspectInfoMgr through macro DEFINE_SUSPECT_INFO_ADD	DEFINE_SUSPECT_INFO_ADD(3)
src/storage/compaction/ob_compaction_diagnose.h	747	-	lookup of slot type ObDiagnoseTabletMgr through macro DEFINE_SUSPECT_INFO_ADD	DEFINE_SUSPECT_INFO_ADD(4)
src/storage/compaction/ob_compaction_diagnose.h	747	-	lookup of slot type ObScheduleSuspectInfoMgr through macro DEFINE_SUSPECT_INFO_ADD	DEFINE_SUSPECT_INFO_ADD(4)
src/storage/compaction/ob_compaction_diagnose.h	748	-	lookup of slot type ObDiagnoseTabletMgr through macro DEFINE_SUSPECT_INFO_ADD	DEFINE_SUSPECT_INFO_ADD(5)
src/storage/compaction/ob_compaction_diagnose.h	748	-	lookup of slot type ObScheduleSuspectInfoMgr through macro DEFINE_SUSPECT_INFO_ADD	DEFINE_SUSPECT_INFO_ADD(5)
src/storage/compaction/ob_compaction_diagnose.h	749	-	lookup of slot type ObDiagnoseTabletMgr through macro DEFINE_SUSPECT_INFO_ADD	DEFINE_SUSPECT_INFO_ADD(6)
src/storage/compaction/ob_compaction_diagnose.h	749	-	lookup of slot type ObScheduleSuspectInfoMgr through macro DEFINE_SUSPECT_INFO_ADD	DEFINE_SUSPECT_INFO_ADD(6)
src/storage/compaction/ob_compaction_diagnose.h	751	-	lookup of slot type ObDiagnoseTabletMgr through macro DEFINE_SUSPECT_INFO_ADD_EXTRA	DEFINE_SUSPECT_INFO_ADD_EXTRA(1, 1)
src/storage/compaction/ob_compaction_diagnose.h	751	-	lookup of slot type ObScheduleSuspectInfoMgr through macro DEFINE_SUSPECT_INFO_ADD_EXTRA	DEFINE_SUSPECT_INFO_ADD_EXTRA(1, 1)
src/storage/compaction/ob_compaction_diagnose.h	752	-	lookup of slot type ObDiagnoseTabletMgr through macro DEFINE_SUSPECT_INFO_ADD_EXTRA	DEFINE_SUSPECT_INFO_ADD_EXTRA(2, 4)
src/storage/compaction/ob_compaction_diagnose.h	752	-	lookup of slot type ObScheduleSuspectInfoMgr through macro DEFINE_SUSPECT_INFO_ADD_EXTRA	DEFINE_SUSPECT_INFO_ADD_EXTRA(2, 4)
src/storage/compaction/ob_compaction_memory_pool.cpp	494	ObCompactionMemPool::MemPoolShrinkTask::runTimerTask	lookup of slot type ObDagScheduler	if (OB_FAIL(::oceanbase::share::server_service<::oceanbase::share::ObDagScheduler>()->get_compaction_dag_count(compaction_dag_cnt))) {
src/storage/compaction/ob_compaction_memory_pool.cpp	625	ObCompactionBufferWriter::alloc_block	lookup of slot type ObCompactionMemPool	if (use_mem_pool_ && OB_FAIL(::oceanbase::share::server_service<::oceanbase::storage::ObCompactionMemPool>()->alloc(size, block))) {
src/storage/compaction/ob_compaction_memory_pool.cpp	649	ObCompactionBufferWriter::free_block	lookup of slot type ObCompactionMemPool	ObCompactionMemPool * mem_pool = ::oceanbase::share::server_service<::oceanbase::storage::ObCompactionMemPool>();
src/storage/compaction/ob_compaction_progress.cpp	117	ObCompactionProgressMgr::loop_major_sstable_	lookup of slot type ObLSService	if (OB_FAIL(::oceanbase::share::server_service<::oceanbase::storage::ObLSService>()->get_ls(ls))) {
src/storage/compaction/ob_compaction_progress.cpp	378	ObCompactionProgressIterator::open	lookup of slot type ObCompactionProgressMgr	} else if (OB_FAIL(::oceanbase::share::server_service<::oceanbase::compaction::ObCompactionProgressMgr>()->get_list(progress_array_))) {
src/storage/compaction/ob_compaction_progress.cpp	419	ObTabletCompactionProgressIterator::open	lookup of slot type ObDagScheduler	} else if (OB_FAIL(::oceanbase::share::server_service<::oceanbase::share::ObDagScheduler>()->get_all_compaction_dag_info(allocator_, progress_array_))) {
src/storage/compaction/ob_compaction_schedule_util.cpp	60	ObBasicMergeScheduler::get_merge_scheduler	lookup of slot type ObTabletScheduler	scheduler = ::oceanbase::share::server_service<::oceanbase::compaction::ObTabletScheduler>();
src/storage/compaction/ob_compaction_schedule_util.cpp	111	ObBasicMergeScheduler::update_frozen_version_and_merge_progress	lookup of slot type ObCompactionProgressMgr	if (OB_TMP_FAIL(::oceanbase::share::server_service<::oceanbase::compaction::ObCompactionProgressMgr>()->init_progress(broadcast_version))) {
src/storage/compaction/ob_compaction_schedule_util.cpp	132	ObBasicMergeScheduler::try_finish_merge_progress	lookup of slot type ObCompactionProgressMgr	if (merged_version_ >= merge_version && OB_FAIL(::oceanbase::share::server_service<::oceanbase::compaction::ObCompactionProgressMgr>()->finish_progress(merged_version_))) {
src/storage/compaction/ob_compaction_suggestion.cpp	571	ObCompactionSuggestionIterator::open	lookup of slot type ObCompactionSuggestionMgr	if (OB_FAIL(::oceanbase::share::server_service<::oceanbase::compaction::ObCompactionSuggestionMgr>()->get_suggestion_list(suggestion_array_))) {
src/storage/compaction/ob_freeze_info_mgr.cpp	334	ObFreezeInfoMgr::get_min_reserved_snapshot_for_tx	lookup of slot type ObMultiVersionGarbageCollector	bool is_gc_disabled = ::oceanbase::share::server_service<::oceanbase::concurrency_control::ObMultiVersionGarbageCollector>()->
src/storage/compaction/ob_freeze_info_mgr.cpp	340	ObFreezeInfoMgr::get_min_reserved_snapshot_for_tx	lookup of slot type ObMultiVersionGarbageCollector	::oceanbase::share::server_service<::oceanbase::concurrency_control::ObMultiVersionGarbageCollector>()->
src/storage/compaction/ob_freeze_info_mgr.cpp	475	ObFreezeInfoMgr::ReloadTask::refresh_merge_info	lookup of slot type ObMemstoreFreezer	} else if (OB_FAIL(::oceanbase::share::server_service<::oceanbase::storage::ObMemstoreFreezer>()->update_frozen_scn(global_broadcast_version))) {
src/storage/compaction/ob_freeze_info_mgr.cpp	581	ObFreezeInfoMgr::try_update_reserved_snapshot	lookup of slot type ObLSService	} else if (OB_ISNULL(::oceanbase::share::server_service<::oceanbase::storage::ObLSService>())) {
src/storage/compaction/ob_freeze_info_mgr.cpp	584	ObFreezeInfoMgr::try_update_reserved_snapshot	lookup of slot type ObLSService	} else if (OB_FAIL(::oceanbase::share::server_service<::oceanbase::storage::ObLSService>()->get_ls(ls))) {
src/storage/compaction/ob_freeze_info_mgr.h	202	#define SERVER_CALL_FREEZE_INFO_MGR	lookup of slot type ObFreezeInfoMgr inside #define SERVER_CALL_FREEZE_INFO_MGR (2 uses of the macro)	storage::ObFreezeInfoMgr *mgr = ::oceanbase::share::server_service<::oceanbase::storage::ObFreezeInfoMgr>();   \
src/storage/compaction/ob_medium_checker.cpp	111	ObMediumChecker::check_medium_finish_schedule	lookup of slot type ObDiagnoseTabletMgr through macro DEL_SUSPECT_INFO	DEL_SUSPECT_INFO(MEDIUM_MERGE, UNKNOW_TABLET_ID, ObDiagnoseTabletType::TYPE_MEDIUM_MERGE);
src/storage/compaction/ob_medium_checker.cpp	111	ObMediumChecker::check_medium_finish_schedule	lookup of slot type ObScheduleSuspectInfoMgr through macro DEL_SUSPECT_INFO	DEL_SUSPECT_INFO(MEDIUM_MERGE, UNKNOW_TABLET_ID, ObDiagnoseTabletType::TYPE_MEDIUM_MERGE);
src/storage/compaction/ob_medium_checker.cpp	133	ObMediumChecker::check_medium_finish_schedule	lookup of slot type ObTabletScheduler	const int64_t batch_size = ::oceanbase::share::server_service<::oceanbase::compaction::ObTabletScheduler>()->get_checker_batch_size();
src/storage/compaction/ob_medium_compaction_func.cpp	108	ObMediumCompactionScheduleFunc::find_valid_freeze_info	lookup of slot type ObSchemaRuntimeService	if (OB_ISNULL(schema_service = ::oceanbase::share::server_service<::oceanbase::share::schema::ObSchemaRuntimeService>()->get_schema_service())) {
src/storage/compaction/ob_medium_compaction_func.cpp	125	ObMediumCompactionScheduleFunc::find_valid_freeze_info	lookup of slot type ObFreezeInfoMgr through macro SERVER_CALL_FREEZE_INFO_MGR	if (OB_FAIL(SERVER_CALL_FREEZE_INFO_MGR(get_freeze_info_behind_major_snapshot, schedule_snapshot, false/*include_equal*/, freeze_infos))) {
src/storage/compaction/ob_medium_compaction_func.cpp	292	ObMediumCompactionScheduleFunc::get_adaptive_reason	lookup of slot type ObTabletScheduler	} else if ((::oceanbase::share::server_service<::oceanbase::compaction::ObTabletScheduler>()->enable_adaptive_compaction()) && OB_FAIL(ObAdaptiveMergePolicy::get_adaptive_merge_reason(*tablet, merge_reason_, least_medium_snapshot_))) {
src/storage/compaction/ob_medium_compaction_func.cpp	384	ObMediumCompactionScheduleFunc::choose_scn_for_user_request	lookup of slot type ObFreezeInfoMgr	const int64_t latest_frozen_version = ::oceanbase::share::server_service<::oceanbase::storage::ObFreezeInfoMgr>()->get_latest_frozen_version();
src/storage/compaction/ob_medium_compaction_func.cpp	434	ObMediumCompactionScheduleFunc::check_frequency	lookup of slot type ObTabletStatMgr	if (OB_TMP_FAIL(::oceanbase::share::server_service<::oceanbase::storage::ObTabletStatMgr>()->get_queuing_cfg(tablet_id, queuing_cfg))) {
src/storage/compaction/ob_medium_compaction_func.cpp	469	ObMediumCompactionScheduleFunc::get_max_reserved_snapshot	lookup of slot type ObFreezeInfoMgr	} else if (OB_FAIL(::oceanbase::share::server_service<::oceanbase::storage::ObFreezeInfoMgr>()->get_min_reserved_snapshot(
src/storage/compaction/ob_medium_compaction_func.cpp	488	ObMediumCompactionScheduleFunc::choose_new_medium_snapshot	lookup of slot type ObFreezeInfoMgr	snapshot_gc_ts = ::oceanbase::share::server_service<::oceanbase::storage::ObFreezeInfoMgr>()->get_snapshot_gc_ts();
src/storage/compaction/ob_medium_compaction_func.cpp	607	ObMediumCompactionScheduleFunc::errsim_choose_medium_snapshot	lookup of slot type ObFreezeInfoMgr	::oceanbase::share::server_service<::oceanbase::storage::ObFreezeInfoMgr>()->get_snapshot_gc_ts();
src/storage/compaction/ob_medium_compaction_func.cpp	839	ObMediumCompactionScheduleFunc::prepare_medium_info	lookup of slot type ObSchemaRuntimeService	if (OB_ISNULL(schema_service = ::oceanbase::share::server_service<::oceanbase::share::schema::ObSchemaRuntimeService>()->get_schema_service())) {
src/storage/compaction/ob_medium_compaction_func.cpp	1045	ObMediumCompactionScheduleFunc::process_local_checksum_items	lookup of slot type ObLSService	ObLSService *ls_service = ::oceanbase::share::server_service<::oceanbase::storage::ObLSService>();
src/storage/compaction/ob_medium_loop.cpp	57	ObMediumLoop::init	lookup of slot type ObLSService	batch_size, *::oceanbase::share::server_service<::oceanbase::storage::ObLSService>()))) {
src/storage/compaction/ob_medium_loop.cpp	171	ObMediumLoop::add_event_and_diagnose	lookup of slot type ObDiagnoseTabletMgr through macro DEL_SUSPECT_INFO	DEL_SUSPECT_INFO(MEDIUM_MERGE, UNKNOW_TABLET_ID, share::ObDiagnoseTabletType::TYPE_MEDIUM_MERGE);
src/storage/compaction/ob_medium_loop.cpp	171	ObMediumLoop::add_event_and_diagnose	lookup of slot type ObScheduleSuspectInfoMgr through macro DEL_SUSPECT_INFO	DEL_SUSPECT_INFO(MEDIUM_MERGE, UNKNOW_TABLET_ID, share::ObDiagnoseTabletType::TYPE_MEDIUM_MERGE);
src/storage/compaction/ob_medium_loop.cpp	172	ObMediumLoop::add_event_and_diagnose	lookup of slot type ObCompactionProgressMgr	if (OB_TMP_FAIL(::oceanbase::share::server_service<::oceanbase::compaction::ObCompactionProgressMgr>()->finish_progress(merge_version_))) {
src/storage/compaction/ob_medium_loop.cpp	219	ObScheduleNewMediumLoop::loop	lookup of slot type ObLSService	} else if (OB_FAIL(::oceanbase::share::server_service<::oceanbase::storage::ObLSService>()->get_ls(ls))) {
src/storage/compaction/ob_partition_merge_policy.cpp	256	ObPartitionMergePolicy::get_mini_merge_tables	lookup of slot type ObFreezeInfoMgr	} else if (OB_FAIL(::oceanbase::share::server_service<::oceanbase::storage::ObFreezeInfoMgr>()->get_freeze_info_behind_major_snapshot(merge_inc_base_version, false/*include_equal*/, freeze_infos))) {
src/storage/compaction/ob_partition_merge_policy.cpp	260	ObPartitionMergePolicy::get_mini_merge_tables	lookup of slot type ObFreezeInfoMgr	next_freeze_info.frozen_scn_ = ::oceanbase::share::server_service<::oceanbase::storage::ObFreezeInfoMgr>()->get_snapshot_gc_scn();
src/storage/compaction/ob_partition_merge_policy.cpp	470	ObPartitionMergePolicy::get_boundary_snapshot_version	lookup of slot type ObFreezeInfoMgr	if (OB_SUCC(::oceanbase::share::server_service<::oceanbase::storage::ObFreezeInfoMgr>()->get_neighbour_major_freeze(merge_inc_base_version, freeze_info))) {
src/storage/compaction/ob_partition_merge_policy.cpp	482	ObPartitionMergePolicy::get_boundary_snapshot_version	lookup of slot type ObFreezeInfoMgr	? ::oceanbase::share::server_service<::oceanbase::storage::ObFreezeInfoMgr>()->get_snapshot_gc_ts()
src/storage/compaction/ob_partition_merge_policy.cpp	591	ObPartitionMergePolicy::find_minor_merge_tables	lookup of slot type ObDiagnoseTabletMgr through macro DEL_SUSPECT_INFO	DEL_SUSPECT_INFO(MINOR_MERGE,
src/storage/compaction/ob_partition_merge_policy.cpp	591	ObPartitionMergePolicy::find_minor_merge_tables	lookup of slot type ObScheduleSuspectInfoMgr through macro DEL_SUSPECT_INFO	DEL_SUSPECT_INFO(MINOR_MERGE,
src/storage/compaction/ob_partition_merge_policy.cpp	697	ObPartitionMergePolicy::deal_hist_minor_merge	lookup of slot type ObFreezeInfoMgr	if (0 == (max_snapshot_version = ::oceanbase::share::server_service<::oceanbase::storage::ObFreezeInfoMgr>()->get_latest_frozen_version())) {
src/storage/compaction/ob_partition_merge_policy.cpp	701	ObPartitionMergePolicy::deal_hist_minor_merge	lookup of slot type ObFreezeInfoMgr	} else if (OB_FAIL(::oceanbase::share::server_service<::oceanbase::storage::ObFreezeInfoMgr>()->get_freeze_info_behind_major_snapshot(first_major->get_snapshot_version(), true/*include_equal*/, freeze_infos))) {
src/storage/compaction/ob_partition_merge_policy.cpp	803	ObPartitionMergePolicy::diagnose_table_count_unsafe	lookup of slot type ObFreezeInfoMgr through macro SERVER_CALL_FREEZE_INFO_MGR	} else if (OB_FAIL(SERVER_CALL_FREEZE_INFO_MGR(get_min_reserved_snapshot,
src/storage/compaction/ob_partition_merge_policy.cpp	1157	ObMinorExecuteRangeMgr::get_merge_ranges	lookup of slot type ObDagScheduler	if (OB_FAIL(::oceanbase::share::server_service<::oceanbase::share::ObDagScheduler>()->get_minor_exe_dag_info(param, exe_range_array_))) {
src/storage/compaction/ob_partition_merge_policy.cpp	1421	ObAdaptiveMergePolicy::find_adaptive_merge_tables	lookup of slot type ObTabletStatMgr	if (OB_TMP_FAIL(::oceanbase::share::server_service<::oceanbase::storage::ObTabletStatMgr>()->get_queuing_cfg(tablet.get_tablet_id(), cfg))) {
src/storage/compaction/ob_partition_merge_policy.cpp	1507	ObAdaptiveMergePolicy::get_adaptive_merge_reason	lookup of slot type ObTabletStatMgr	} else if (OB_FAIL(::oceanbase::share::server_service<::oceanbase::storage::ObTabletStatMgr>()->get_tablet_analyzer(tablet_id, tablet_analyzer))) {
src/storage/compaction/ob_partition_merge_policy.cpp	1554	ObAdaptiveMergePolicy::check_tombstone_reason	lookup of slot type ObTabletStatMgr	} else if (OB_FAIL(::oceanbase::share::server_service<::oceanbase::storage::ObTabletStatMgr>()->get_tablet_analyzer(tablet_id, tablet_analyzer))) {
src/storage/compaction/ob_partition_merge_policy.cpp	1686	ObAdaptiveMergePolicy::check_adaptive_merge_reason_for_event	lookup of slot type ObTabletStatMgr	} else if (OB_FAIL(::oceanbase::share::server_service<::oceanbase::storage::ObTabletStatMgr>()->get_tablet_analyzer(tablet_id, tablet_analyzer))) {
src/storage/compaction/ob_partition_merge_progress.cpp	337	ObPartitionMajorMergeProgress::inner_update_progress_mgr	lookup of slot type ObCompactionProgressMgr	if (OB_FAIL(::oceanbase::share::server_service<::oceanbase::compaction::ObCompactionProgressMgr>()->update_progress(
src/storage/compaction/ob_partition_merge_progress.cpp	353	ObPartitionMajorMergeProgress::finish_progress	lookup of slot type ObCompactionProgressMgr	if (OB_FAIL(::oceanbase::share::server_service<::oceanbase::compaction::ObCompactionProgressMgr>()->update_progress(merge_version,
src/storage/compaction/ob_partition_merge_progress.cpp	374	ObPartitionMajorMergeProgress::finish_merge_progress	lookup of slot type ObCompactionProgressMgr	} else if (OB_FAIL(::oceanbase::share::server_service<::oceanbase::compaction::ObCompactionProgressMgr>()->update_compression_ratio(
src/storage/compaction/ob_partition_parallel_merge_ctx.cpp	95	ObParallelMergeCtx::init	lookup of slot type ObCompactionMemPool	|| (is_mini_merge(merge_type) && ObCompactionMemPool::NORMAL_MODE != ::oceanbase::share::server_service<::oceanbase::storage::ObCompactionMemPool>()->get_memory_mode())) {
src/storage/compaction/ob_partition_parallel_merge_ctx.cpp	401	ObParallelMergeCtx::calc_adaptive_parallel_degree	lookup of slot type ObDagScheduler	if (OB_TMP_FAIL(::oceanbase::share::server_service<::oceanbase::share::ObDagScheduler>()->get_limit(prio, dag_worker_limit))) {
src/storage/compaction/ob_partition_parallel_merge_ctx.cpp	408	ObParallelMergeCtx::calc_adaptive_parallel_degree	lookup of slot type ObTabletScheduler	} else if (share::server_service<compaction::ObTabletScheduler>()
src/storage/compaction/ob_schedule_dag_func.cpp	35	#define CREATE_DAG	lookup of slot type ObDagScheduler inside #define CREATE_DAG (7 uses of the macro)	if (OB_FAIL(::oceanbase::share::server_service<::oceanbase::share::ObDagScheduler>()                                      \
src/storage/compaction/ob_schedule_dag_func.cpp	51	ObScheduleDagFunc::schedule_tx_table_merge_dag	lookup of slot type ObDagScheduler through macro CREATE_DAG	CREATE_DAG(ObTxTableMergeDag);
src/storage/compaction/ob_schedule_dag_func.cpp	61	ObScheduleDagFunc::schedule_tablet_merge_dag	lookup of slot type ObDagScheduler through macro CREATE_DAG	CREATE_DAG(ObTabletMajorMergeDag);
src/storage/compaction/ob_schedule_dag_func.cpp	63	ObScheduleDagFunc::schedule_tablet_merge_dag	lookup of slot type ObDagScheduler through macro CREATE_DAG	CREATE_DAG(ObTabletMiniMergeDag);
src/storage/compaction/ob_schedule_dag_func.cpp	75	ObScheduleDagFunc::schedule_ddl_table_merge_dag	lookup of slot type ObDagScheduler through macro CREATE_DAG	CREATE_DAG(ObDDLTableMergeDag);
src/storage/compaction/ob_schedule_dag_func.cpp	84	ObScheduleDagFunc::schedule_tablet_fork_dag	lookup of slot type ObDagScheduler through macro CREATE_DAG	CREATE_DAG(ObTabletForkDag);
src/storage/compaction/ob_schedule_dag_func.cpp	93	ObScheduleDagFunc::schedule_mds_table_merge_dag	lookup of slot type ObDagScheduler through macro CREATE_DAG	CREATE_DAG(storage::mds::ObMdsTableMergeDag);
src/storage/compaction/ob_schedule_dag_func.cpp	105	ObScheduleDagFunc::schedule_batch_freeze_dag	lookup of slot type ObDagScheduler through macro CREATE_DAG	CREATE_DAG(ObBatchFreezeTabletsDag);
src/storage/compaction/ob_schedule_status_cache.cpp	299	ObTabletStatusCache::check_medium_list	lookup of slot type ObMediumChecker	if (OB_TMP_FAIL(::oceanbase::share::server_service<::oceanbase::compaction::ObMediumChecker>()->add_tablet(
src/storage/compaction/ob_schedule_tablet_func.cpp	85	ObScheduleTabletFunc::schedule_tablet	lookup of slot type ObDiagnoseTabletMgr	&& OB_TMP_FAIL(::oceanbase::share::server_service<::oceanbase::compaction::ObDiagnoseTabletMgr>()->add_diagnose_tablet(tablet_id,
src/storage/compaction/ob_schedule_tablet_func.cpp	225	ObScheduleTabletFunc::schedule_freeze_dag	lookup of slot type ObTabletStatMgr	if (OB_TMP_FAIL(::oceanbase::share::server_service<::oceanbase::storage::ObTabletStatMgr>()->batch_clear_tablet_stat(clear_stat_tablets_))) {
src/storage/compaction/ob_server_compaction_event_history.cpp	135	ObServerCompactionEventIterator::open	lookup of slot type ObServerCompactionEventHistory	if (OB_FAIL(::oceanbase::share::server_service<::oceanbase::compaction::ObServerCompactionEventHistory>()->get_list(event_array_))) {
src/storage/compaction/ob_server_compaction_event_history.h	168	#define DEFINE_COMPACTION_EVENT_PRINT_KV	lookup of slot type ObServerCompactionEventHistory inside #define DEFINE_COMPACTION_EVENT_PRINT_KV (7 uses of the macro)	SIMPLE_TO_STRING_##n if (OB_FAIL(::oceanbase::share::server_service<::oceanbase::compaction::ObServerCompactionEventHistory>()     \
src/storage/compaction/ob_server_compaction_event_history.h	178	-	lookup of slot type ObServerCompactionEventHistory through macro DEFINE_COMPACTION_EVENT_PRINT_KV	DEFINE_COMPACTION_EVENT_PRINT_KV(1)
src/storage/compaction/ob_server_compaction_event_history.h	179	-	lookup of slot type ObServerCompactionEventHistory through macro DEFINE_COMPACTION_EVENT_PRINT_KV	DEFINE_COMPACTION_EVENT_PRINT_KV(2)
src/storage/compaction/ob_server_compaction_event_history.h	180	-	lookup of slot type ObServerCompactionEventHistory through macro DEFINE_COMPACTION_EVENT_PRINT_KV	DEFINE_COMPACTION_EVENT_PRINT_KV(3)
src/storage/compaction/ob_server_compaction_event_history.h	181	-	lookup of slot type ObServerCompactionEventHistory through macro DEFINE_COMPACTION_EVENT_PRINT_KV	DEFINE_COMPACTION_EVENT_PRINT_KV(4)
src/storage/compaction/ob_server_compaction_event_history.h	182	-	lookup of slot type ObServerCompactionEventHistory through macro DEFINE_COMPACTION_EVENT_PRINT_KV	DEFINE_COMPACTION_EVENT_PRINT_KV(5)
src/storage/compaction/ob_server_compaction_event_history.h	183	-	lookup of slot type ObServerCompactionEventHistory through macro DEFINE_COMPACTION_EVENT_PRINT_KV	DEFINE_COMPACTION_EVENT_PRINT_KV(6)
src/storage/compaction/ob_server_compaction_event_history.h	184	-	lookup of slot type ObServerCompactionEventHistory through macro DEFINE_COMPACTION_EVENT_PRINT_KV	DEFINE_COMPACTION_EVENT_PRINT_KV(7)
src/storage/compaction/ob_tablet_merge_ctx.cpp	175	ObTabletMiniMergeCtx::try_update_snapshot_gc_renew_target	lookup of slot type ObFreezeInfoMgr	freeze_info_mgr = ::oceanbase::share::server_service<
src/storage/compaction/ob_tablet_merge_ctx.cpp	240	ObTabletMiniMergeCtx::try_report_tablet_stat_after_mini	lookup of slot type ObTabletStatMgr	if (OB_FAIL(::oceanbase::share::server_service<::oceanbase::storage::ObTabletStatMgr>()->report_stat(report_stat, report_succ))) {
src/storage/compaction/ob_tablet_merge_task.cpp	198	ObTabletMergeDag::get_tablet_and_check	lookup of slot type ObLSService	if (OB_FAIL(::oceanbase::share::server_service<::oceanbase::storage::ObLSService>()->get_ls(ls))) {
src/storage/compaction/ob_tablet_merge_task.cpp	207	ObTabletMergeDag::get_tablet_and_check	lookup of slot type ObDagScheduler	if (OB_FAIL(::oceanbase::share::server_service<::oceanbase::share::ObDagScheduler>()->check_dag_exist(this, is_exist))) {
src/storage/compaction/ob_tablet_scheduler.cpp	84	ObFastFreezeChecker::check_need_fast_freeze	lookup of slot type ObTabletStatMgr	if (OB_TMP_FAIL(::oceanbase::share::server_service<::oceanbase::storage::ObTabletStatMgr>()->get_queuing_cfg(tablet_id, queuing_cfg))) {
src/storage/compaction/ob_tablet_scheduler.cpp	196	ObFastFreezeChecker::try_update_tablet_threshold	lookup of slot type ObTabletStatMgr	if (OB_TMP_FAIL(::oceanbase::share::server_service<::oceanbase::storage::ObTabletStatMgr>()->get_latest_tablet_stat(key.tablet_id_, tablet_stat, total_stat, mode))) {
src/storage/compaction/ob_tablet_scheduler.cpp	359	ObTabletScheduler::update_upper_trans_version_and_gc_sstable	lookup of slot type ObLSService	ObLSService *ls_service = ::oceanbase::share::server_service<::oceanbase::storage::ObLSService>();
src/storage/compaction/ob_tablet_scheduler.cpp	433	ObTabletScheduler::try_update_upper_trans_version_and_gc_sstable	lookup of slot type ObFreezeInfoMgr	freeze_info_mgr = ::oceanbase::share::server_service<
src/storage/compaction/ob_tablet_scheduler.cpp	457	ObTabletScheduler::schedule_all_tablets_minor	lookup of slot type ObLSService	ObLSService *ls_service = ::oceanbase::share::server_service<::oceanbase::storage::ObLSService>();
src/storage/compaction/ob_tablet_scheduler.cpp	483	ObTabletScheduler::check_ls_compaction_finish	lookup of slot type ObDagScheduler	if (OB_FAIL(::oceanbase::share::server_service<::oceanbase::share::ObDagScheduler>()->check_compaction_dag_exist_with_cancel(exist))) {
src/storage/compaction/ob_tablet_scheduler.cpp	496	ObTabletScheduler::gc_info	lookup of slot type ObScheduleSuspectInfoMgr	} else if (OB_FAIL(::oceanbase::share::server_service<::oceanbase::compaction::ObScheduleSuspectInfoMgr>()->gc_info())) {
src/storage/compaction/ob_tablet_scheduler.cpp	497	ObTabletScheduler::gc_info	lookup of slot type ObDagWarningHistoryManager	} else if (OB_FAIL(::oceanbase::share::server_service<::oceanbase::share::ObDagWarningHistoryManager>()->gc_info())) {
src/storage/compaction/ob_tablet_scheduler.cpp	498	ObTabletScheduler::gc_info	lookup of slot type ObSSTableMergeInfoMgr	} else if (OB_FAIL(::oceanbase::share::server_service<::oceanbase::storage::ObSSTableMergeInfoMgr>()->gc_info())) {
src/storage/compaction/ob_tablet_scheduler.cpp	508	ObTabletScheduler::set_max	lookup of slot type ObScheduleSuspectInfoMgr	} else if (OB_FAIL(::oceanbase::share::server_service<::oceanbase::compaction::ObScheduleSuspectInfoMgr>()->set_max(ObScheduleSuspectInfoMgr::cal_max()))) {
src/storage/compaction/ob_tablet_scheduler.cpp	509	ObTabletScheduler::set_max	lookup of slot type ObDagWarningHistoryManager	} else if (OB_FAIL(::oceanbase::share::server_service<::oceanbase::share::ObDagWarningHistoryManager>()->set_max(ObDagWarningHistoryManager::cal_max()))) {
src/storage/compaction/ob_tablet_scheduler.cpp	510	ObTabletScheduler::set_max	lookup of slot type ObSSTableMergeInfoMgr	} else if (OB_FAIL(::oceanbase::share::server_service<::oceanbase::storage::ObSSTableMergeInfoMgr>()->set_max(ObSSTableMergeInfoMgr::cal_max()))) {
src/storage/compaction/ob_tablet_scheduler.cpp	673	ObTabletScheduler::schedule_tablet_meta_merge	lookup of slot type ObTabletStatMgr	::oceanbase::share::server_service<::oceanbase::storage::ObTabletStatMgr>()->clear_tablet_stat(tablet_id);
src/storage/compaction/ob_tablet_scheduler.cpp	811	ObTabletScheduler::schedule_merge_execute_dag	lookup of slot type ObDagScheduler	} else if (OB_FAIL(::oceanbase::share::server_service<::oceanbase::share::ObDagScheduler>()->alloc_dag(merge_exe_dag))) {
src/storage/compaction/ob_tablet_scheduler.cpp	815	ObTabletScheduler::schedule_merge_execute_dag	lookup of slot type ObDagScheduler	} else if (OB_FAIL(::oceanbase::share::server_service<::oceanbase::share::ObDagScheduler>()->add_dag(merge_exe_dag, emergency))) {
src/storage/compaction/ob_tablet_scheduler.cpp	822	ObTabletScheduler::schedule_merge_execute_dag	lookup of slot type ObDagScheduler	::oceanbase::share::server_service<::oceanbase::share::ObDagScheduler>()->free_dag(*merge_exe_dag);
src/storage/compaction/ob_tablet_scheduler.cpp	943	ObTabletScheduler::schedule_tablet_minor	lookup of slot type ObTabletStatMgr	if (::oceanbase::share::server_service<::oceanbase::storage::ObTabletStatMgr>()->contain_extreme_tablet()) {
src/storage/compaction/ob_tablet_scheduler.cpp	1026	ObTabletScheduler::user_request_schedule_medium_merge	lookup of slot type ObLSService	} else if (OB_FAIL(::oceanbase::share::server_service<::oceanbase::storage::ObLSService>()->get_ls(ls))) {
src/storage/compaction/ob_tablet_scheduler.cpp	1051	ObTabletScheduler::get_min_dependent_schema_version	lookup of slot type ObFreezeInfoMgr	if (OB_FAIL(::oceanbase::share::server_service<::oceanbase::storage::ObFreezeInfoMgr>()->get_min_dependent_freeze_info(freeze_info))) {
src/storage/compaction/ob_tablet_scheduler_task_mgr.cpp	80	ObTabletSchedulerTaskMgr::MergeLoopTask::runTimerTask	lookup of slot type ObTabletScheduler	if (OB_FAIL(::oceanbase::share::server_service<::oceanbase::compaction::ObTabletScheduler>()->schedule_all_tablets_minor())) {
src/storage/compaction/ob_tablet_scheduler_task_mgr.cpp	94	ObTabletSchedulerTaskMgr::MediumLoopTask::runTimerTask	lookup of slot type ObTabletScheduler	ObTabletScheduler *scheduler = ::oceanbase::share::server_service<::oceanbase::compaction::ObTabletScheduler>();
src/storage/compaction/ob_tablet_scheduler_task_mgr.cpp	111	ObTabletSchedulerTaskMgr::SSTableGCTask::runTimerTask	lookup of slot type ObTabletScheduler	::oceanbase::share::server_service<::oceanbase::compaction::ObTabletScheduler>()->reload_runtime_config();
src/storage/compaction/ob_tablet_scheduler_task_mgr.cpp	114	ObTabletSchedulerTaskMgr::SSTableGCTask::runTimerTask	lookup of slot type ObTabletScheduler	if (OB_FAIL(::oceanbase::share::server_service<::oceanbase::compaction::ObTabletScheduler>()->update_upper_trans_version_and_gc_sstable())) {
src/storage/compaction/ob_tablet_scheduler_task_mgr.cpp	126	ObTabletSchedulerTaskMgr::InfoPoolResizeTask::runTimerTask	lookup of slot type ObTabletScheduler	if (OB_FAIL(::oceanbase::share::server_service<::oceanbase::compaction::ObTabletScheduler>()->set_max())) {
src/storage/compaction/ob_tablet_scheduler_task_mgr.cpp	128	ObTabletSchedulerTaskMgr::InfoPoolResizeTask::runTimerTask	lookup of slot type ObTabletScheduler	if (OB_FAIL(::oceanbase::share::server_service<::oceanbase::compaction::ObTabletScheduler>()->gc_info())) {
src/storage/compaction/ob_tablet_scheduler_task_mgr.cpp	130	ObTabletSchedulerTaskMgr::InfoPoolResizeTask::runTimerTask	lookup of slot type ObTabletScheduler	if (OB_FAIL(::oceanbase::share::server_service<::oceanbase::compaction::ObTabletScheduler>()->refresh_runtime_status())) {
src/storage/compaction/ob_tablet_scheduler_task_mgr.cpp	152	ObTabletSchedulerTaskMgr::MediumCheckTask::runTimerTask	lookup of slot type ObMediumChecker	if (OB_FAIL(::oceanbase::share::server_service<::oceanbase::compaction::ObMediumChecker>()->check_medium_finish_schedule())) {
src/storage/concurrency_control/ob_multi_version_garbage_collector.cpp	331	ObMultiVersionGarbageCollector::study_min_unallocated_WRS	lookup of slot type ObTransService	::oceanbase::share::server_service<::oceanbase::transaction::ObTransService>();
src/storage/concurrency_control/ob_multi_version_garbage_collector.cpp	359	ObMultiVersionGarbageCollector::study_max_committed_txn_version	lookup of slot type ObTransService	::oceanbase::share::server_service<::oceanbase::transaction::ObTransService>();
src/storage/concurrency_control/ob_multi_version_garbage_collector.cpp	395	ObMultiVersionGarbageCollector::study_min_active_txn_version	lookup of slot type ObIActiveSnapshotService	::oceanbase::share::server_service<::oceanbase::query::ObIActiveSnapshotService>();
src/storage/ddl/ob_build_index_task.cpp	140	ObUniqueIndexChecker::scan_table_with_column_checksum	lookup of slot type ObLSService	if (OB_FAIL(::oceanbase::share::server_service<::oceanbase::storage::ObLSService>()->get_ls(ls))) {
src/storage/ddl/ob_build_index_task.cpp	409	ObUniqueIndexChecker::check_unique_index	lookup of slot type ObLSService	ObLSService *ls_service = ::oceanbase::share::server_service<::oceanbase::storage::ObLSService>();
src/storage/ddl/ob_build_index_task.cpp	474	ObUniqueIndexChecker::wait_trans_end	lookup of slot type ObLSService	ObLSService *ls_service = ::oceanbase::share::server_service<::oceanbase::storage::ObLSService>();
src/storage/ddl/ob_build_index_task.cpp	883	ObUniqueCheckingMergeTask::process	lookup of slot type ObMySQLProxy	if (OB_ISNULL(::oceanbase::share::server_service<::oceanbase::common::ObMySQLProxy>())) {
src/storage/ddl/ob_build_index_task.cpp	886	ObUniqueCheckingMergeTask::process	lookup of slot type ObMySQLProxy	*::oceanbase::share::server_service<::oceanbase::common::ObMySQLProxy>(), param_->task_id_,
src/storage/ddl/ob_build_index_task.cpp	970	ObUniqueCheckingParam::init	lookup of slot type ObSchemaRuntimeService	if (OB_ISNULL(schema_service = ::oceanbase::share::server_service<::oceanbase::share::schema::ObSchemaRuntimeService>()->get_schema_service())) {
src/storage/ddl/ob_complement_data_task.cpp	76	ObComplementDataParam::fill_tablet_param	lookup of slot type ObLSService	if (OB_FAIL(::oceanbase::share::server_service<::oceanbase::storage::ObLSService>()->get_ls(ls))) {
src/storage/ddl/ob_complement_data_task.cpp	241	ObComplementDataParam::split_task_ranges	lookup of slot type ObLSService	} else if (OB_FAIL(::oceanbase::share::server_service<::oceanbase::storage::ObLSService>()->get_ls(ls))) {
src/storage/ddl/ob_complement_data_task.cpp	268	ObComplementDataContext::init	lookup of slot type ObLSService	} else if (OB_FAIL(::oceanbase::share::server_service<::oceanbase::storage::ObLSService>()->get_ls(ls))) {
src/storage/ddl/ob_complement_data_task.cpp	289	ObComplementDataContext::init	lookup of slot type ObILobReadService	::oceanbase::share::server_service<::oceanbase::common::ObILobReadService>();
src/storage/ddl/ob_complement_data_task.cpp	445	ObComplementDataDag::create_first_task	lookup of slot type ObILobReadService	::oceanbase::share::server_service<::oceanbase::common::ObILobReadService>();
src/storage/ddl/ob_complement_data_task.cpp	1075	ObComplementWriteTask::do_local_scan	lookup of slot type ObLSService	if (OB_FAIL(::oceanbase::share::server_service<::oceanbase::storage::ObLSService>()->get_ls(ls))) {
src/storage/ddl/ob_complement_data_task.cpp	1172	ObComplementMergeTask::process	lookup of slot type ObLSService	if (OB_FAIL(::oceanbase::share::server_service<::oceanbase::storage::ObLSService>()->get_ls(ls))) {
src/storage/ddl/ob_complement_data_task.h	45	add_dag_and_get_progress	lookup of slot type ObDagScheduler	} else if (OB_FAIL(::oceanbase::share::server_service<::oceanbase::share::ObDagScheduler>()->add_dag(dag))) {
src/storage/ddl/ob_complement_data_task.h	48	add_dag_and_get_progress	lookup of slot type ObDagScheduler	&& OB_TMP_FAIL(::oceanbase::share::server_service<::oceanbase::share::ObDagScheduler>()->get_dag_progress<T>(dag, row_inserted, physical_row_count))) {
src/storage/ddl/ob_ddl_common_storage_impl.cpp	178	oceanbase::storage::ObDDLStorageUtil::report_ddl_checksum_from_major_sstable	lookup of slot type ObLSService	::oceanbase::share::server_service<::oceanbase::storage::ObLSService>();
src/storage/ddl/ob_ddl_common_storage_impl.cpp	448	oceanbase::storage::ObDDLStorageUtil::get_task_ranges	lookup of slot type ObLSService	::oceanbase::share::server_service<::oceanbase::storage::ObLSService>();
src/storage/ddl/ob_ddl_common_storage_impl.cpp	529	oceanbase::storage::ObDDLStorageUtil::get_tablet_physical_row_cnt	lookup of slot type ObLSService	::oceanbase::share::server_service<::oceanbase::storage::ObLSService>();
src/storage/ddl/ob_ddl_common_storage_impl.cpp	596	oceanbase::storage::ObDDLStorageUtil::is_major_exist	lookup of slot type ObLSService	::oceanbase::share::server_service<::oceanbase::storage::ObLSService>();
src/storage/ddl/ob_ddl_direct_load_utils.cpp	189	ObDDLDirectLoadUtil::get_tablet_handle	lookup of slot type ObLSService	} else if (OB_ISNULL(ls_service = ::oceanbase::share::server_service<::oceanbase::storage::ObLSService>())) {
src/storage/ddl/ob_ddl_independent_dag.cpp	121	ObDDLIndependentDag::init_tablet_context_map	lookup of slot type ObILobReadService	} else if (OB_ISNULL(::oceanbase::share::server_service<::oceanbase::common::ObILobReadService>())) {
src/storage/ddl/ob_ddl_independent_dag.cpp	129	ObDDLIndependentDag::init_tablet_context_map	lookup of slot type ObILobReadService	*::oceanbase::share::server_service<::oceanbase::common::ObILobReadService>()))) {
src/storage/ddl/ob_ddl_merge_helper.cpp	69	ObIDDLMergeHelper::freeze_ddl_kv	lookup of slot type ObLSService	ObLSService *ls_service = ::oceanbase::share::server_service<::oceanbase::storage::ObLSService>();
src/storage/ddl/ob_ddl_merge_helper.cpp	491	ObIDDLMergeHelper::remove_tablet_from_log_handler	lookup of slot type ObLSService	ObLSService *ls_service = ::oceanbase::share::server_service<::oceanbase::storage::ObLSService>();
src/storage/ddl/ob_ddl_merge_task.cpp	163	ObDDLTableMergeDag::create_first_task	lookup of slot type ObLSService	ObLSService *ls_service = ::oceanbase::share::server_service<::oceanbase::storage::ObLSService>();
src/storage/ddl/ob_ddl_merge_task.cpp	364	ObDDLTableMergeTask::process	lookup of slot type ObLSService	ObLSService *ls_service = ::oceanbase::share::server_service<::oceanbase::storage::ObLSService>();
src/storage/ddl/ob_ddl_merge_task.cpp	1248	ObTabletDDLUtil::check_and_get_major_sstable	lookup of slot type ObLSService	} else if (OB_FAIL(::oceanbase::share::server_service<::oceanbase::storage::ObLSService>()->get_ls(ls))) {
src/storage/ddl/ob_ddl_merge_task_utils.cpp	202	ObDDLMergeTaskUtils::freeze_ddl_kv	lookup of slot type ObLSService	ObLSService *ls_service = ::oceanbase::share::server_service<::oceanbase::storage::ObLSService>();
src/storage/ddl/ob_ddl_merge_task_utils.cpp	324	ObDDLMergeTaskUtils::update_tablet_table_store	lookup of slot type ObLSService	ObLSService *ls_service = ::oceanbase::share::server_service<::oceanbase::storage::ObLSService>();
src/storage/ddl/ob_ddl_pipeline.cpp	45	read_full_lob_string	lookup of slot type ObILobReadService	::oceanbase::share::server_service<::oceanbase::common::ObILobReadService>();
src/storage/ddl/ob_ddl_pipeline.cpp	112	ObVectorIndexTabletContext::ObVectorIndexTabletContext	lookup of slot type ObIVectorIndexRuntime	memory_context_(::oceanbase::share::server_service<::oceanbase::storage::ObIVectorIndexRuntime>()->get_memory_context()),
src/storage/ddl/ob_ddl_pipeline.cpp	113	ObVectorIndexTabletContext::ObVectorIndexTabletContext	lookup of slot type ObIVectorIndexRuntime	all_vsag_use_mem_(::oceanbase::share::server_service<::oceanbase::storage::ObIVectorIndexRuntime>()->get_all_vsag_use_mem())
src/storage/ddl/ob_ddl_pipeline.cpp	175	ObVectorIndexTabletContext::init_hnsw_index	lookup of slot type ObLSService	if (OB_FAIL(::oceanbase::share::server_service<::oceanbase::storage::ObLSService>()->get_ls(ls))) {
src/storage/ddl/ob_ddl_pipeline.cpp	859	ObHNSWIndexAppendBufferOperator::append_row	lookup of slot type ObIVectorIndexRuntime	ObIVectorIndexRuntime *vec_index_service = ::oceanbase::share::server_service<::oceanbase::storage::ObIVectorIndexRuntime>();
src/storage/ddl/ob_ddl_pipeline.cpp	978	ObHNSWIndexBuildOperator::serialize_vector_index	lookup of slot type ObIVectorIndexRuntime	ObIVectorIndexRuntime *vec_index_service = ::oceanbase::share::server_service<::oceanbase::storage::ObIVectorIndexRuntime>();
src/storage/ddl/ob_ddl_pipeline.cpp	998	ObHNSWIndexBuildOperator::serialize_vector_index	lookup of slot type ObTransService	oceanbase::transaction::ObTransService *txs = ::oceanbase::share::server_service<::oceanbase::transaction::ObTransService>();
src/storage/ddl/ob_ddl_redo_log_writer.cpp	68	ObDDLCtrlSpeedItem::refresh	lookup of slot type ObLogService	logservice::ObLogService *log_service = ::oceanbase::share::server_service<::oceanbase::logservice::ObLogService>();
src/storage/ddl/ob_ddl_redo_log_writer.cpp	139	ObDDLCtrlSpeedItem::do_sleep	lookup of slot type ObMySQLProxy	if (OB_ISNULL(::oceanbase::share::server_service<::oceanbase::common::ObMySQLProxy>())) {
src/storage/ddl/ob_ddl_redo_log_writer.cpp	142	ObDDLCtrlSpeedItem::do_sleep	lookup of slot type ObMySQLProxy	*::oceanbase::share::server_service<::oceanbase::common::ObMySQLProxy>(), task_id, unused_data_format_version,
src/storage/ddl/ob_ddl_redo_log_writer.cpp	386	ObDDLRedoLogWriter::local_write_ddl_macro_redo	lookup of slot type ObLSService	} else if (OB_FAIL(::oceanbase::share::server_service<::oceanbase::storage::ObLSService>()->get_ls(ls))) {
src/storage/ddl/ob_ddl_redo_log_writer.cpp	456	ObDDLRedoLogWriter::write_auto_fork_log	lookup of slot type ObLSService	} else if (OB_FAIL(::oceanbase::share::server_service<::oceanbase::storage::ObLSService>()->get_ls(ls))) {
src/storage/ddl/ob_ddl_redo_log_writer.cpp	615	ObDDLRedoLogWriter::write_macro_block_log	lookup of slot type ObLSService	} else if (OB_FAIL(::oceanbase::share::server_service<::oceanbase::storage::ObLSService>()->get_ls(ls))) {
src/storage/ddl/ob_ddl_redo_log_writer.cpp	729	ObDDLRedoLogWriterCallback::init	lookup of slot type ObLSService	ObLSService *ls_service = ::oceanbase::share::server_service<::oceanbase::storage::ObLSService>();
src/storage/ddl/ob_ddl_struct.cpp	171	ObDDLKVHandle::reset	lookup of slot type ObStorageMetaMemMgr	::oceanbase::share::server_service<::oceanbase::storage::ObStorageMetaMemMgr>()->release_ddl_kv(ddl_kv_);
src/storage/ddl/ob_ddl_tablet_context.cpp	199	ObDDLTabletContext::init	lookup of slot type ObLSService	if (OB_FAIL(::oceanbase::share::server_service<::oceanbase::storage::ObLSService>()->get_ls(ls))) {
src/storage/ddl/ob_delete_lob_meta_row_task.cpp	343	ObDeleteLobMetaRowTask::process	lookup of slot type ObTransService	transaction::ObTransService *txs = ::oceanbase::share::server_service<::oceanbase::transaction::ObTransService>();
src/storage/ddl/ob_delete_lob_meta_row_task.cpp	345	ObDeleteLobMetaRowTask::process	lookup of slot type ObAccessService	ObAccessService *tsc_service = ::oceanbase::share::server_service<::oceanbase::storage::ObAccessService>();
src/storage/ddl/ob_delete_lob_meta_row_task.cpp	348	ObDeleteLobMetaRowTask::process	lookup of slot type ObLobManager	storage::ObLobManager* lob_mngr = ::oceanbase::share::server_service<::oceanbase::storage::ObLobManager>();
src/storage/ddl/ob_hnsw_embedmgr.cpp	551	ObEmbeddingTaskMgr::init	lookup of slot type ObIVectorIndexRuntime	ObIVectorIndexRuntime *service = ::oceanbase::share::server_service<::oceanbase::storage::ObIVectorIndexRuntime>();
src/storage/ddl/ob_hnsw_embedmgr.cpp	700	ObEmbeddingTaskMgr::get_ai_config	lookup of slot type ObIAiEndpointResolver	::oceanbase::share::server_service<::oceanbase::query::ObIAiEndpointResolver>();
src/storage/ddl/ob_tablet_ddl_kv.cpp	897	ObDDLKV::set_macro_block	lookup of slot type ObIServerRuntime	ObIServerRuntime *runtime = ::oceanbase::share::server_service<::oceanbase::storage::ObIServerRuntime>();
src/storage/ddl/ob_tablet_ddl_kv.cpp	1106	ObDDLKV::wait_pending	lookup of slot type ObLSService	ObLSService *ls_service = ::oceanbase::share::server_service<::oceanbase::storage::ObLSService>();
src/storage/ddl/ob_tablet_ddl_kv_mgr.cpp	75	ObTabletDDLKvMgr::init	lookup of slot type ObLSService	ObLSService *ls_service = ::oceanbase::share::server_service<::oceanbase::storage::ObLSService>();
src/storage/ddl/ob_tablet_ddl_kv_mgr.cpp	555	ObTabletDDLKvMgr::alloc_ddl_kv	lookup of slot type ObStorageMetaMemMgr	ObStorageMetaMemMgr *t3m = ::oceanbase::share::server_service<::oceanbase::storage::ObStorageMetaMemMgr>();
src/storage/ddl/ob_tablet_fork_task.cpp	428	ObTabletForkCtx::init	lookup of slot type ObLSService	} else if (OB_FAIL(::oceanbase::share::server_service<::oceanbase::storage::ObLSService>()->get_ls(ls_))) {
src/storage/ddl/ob_tablet_fork_task.cpp	1303	ObTabletForkUtil::check_satisfy_fork_condition	lookup of slot type ObLSService	} else if (OB_FAIL(::oceanbase::share::server_service<::oceanbase::storage::ObLSService>()->get_ls(ls))) {
src/storage/ddl/ob_tablet_fork_task.cpp	1361	ObTabletForkUtil::check_fork_data_complete	lookup of slot type ObLSService	} else if (OB_FAIL(::oceanbase::share::server_service<::oceanbase::storage::ObLSService>()->get_ls(ls))) {
src/storage/ddl/ob_tablet_fork_task.cpp	1475	ObTabletForkUtil::freeze_tablet	lookup of slot type ObMemstoreFreezer	ObMemstoreFreezer *memstore_freezer = ::oceanbase::share::server_service<::oceanbase::storage::ObMemstoreFreezer>();
src/storage/deadlock/ob_deadlock_detector_mgr.cpp	358	ObDeadLockDetectorMgr::DetectorRefGuard::~DetectorRefGuard	lookup of slot type ObDeadLockDetectorMgr	ObDeadLockDetectorMgr *p_deadlock_detector_mgr = ::oceanbase::share::server_service<::oceanbase::share::detector::ObDeadLockDetectorMgr>();
src/storage/deadlock/ob_deadlock_detector_mgr.cpp	621	ObDeadLockDetectorMgr::process_parent_notification_	lookup of slot type ObDeadLockDetectorMgr	ObDeadLockDetectorMgr *p_deadlock_detector_mgr = ::oceanbase::share::server_service<::oceanbase::share::detector::ObDeadLockDetectorMgr>();
src/storage/deadlock/ob_lcl_scheme/ob_lcl_node.cpp	136	ObLCLNode::unregister_timer_task	lookup of slot type ObDeadLockDetectorMgr	ObTimeWheel &time_wheel = ::oceanbase::share::server_service<::oceanbase::share::detector::ObDeadLockDetectorMgr>()->get_time_wheel();
src/storage/deadlock/ob_lcl_scheme/ob_lcl_node.cpp	171	ObLCLNode::register_timer_with_necessary_retry_with_lock_	lookup of slot type ObDeadLockDetectorMgr	ObTimeWheel &time_wheel = ::oceanbase::share::server_service<::oceanbase::share::detector::ObDeadLockDetectorMgr>()->get_time_wheel();
src/storage/deadlock/ob_lcl_scheme/ob_lcl_node.cpp	218	ObLCLNode::add_self_ref_count_	lookup of slot type ObDeadLockDetectorMgr	if (CLICK() && OB_FAIL(::oceanbase::share::server_service<::oceanbase::share::detector::ObDeadLockDetectorMgr>()->detector_map_.get(self_key_, p_detector))) {
src/storage/deadlock/ob_lcl_scheme/ob_lcl_node.cpp	227	ObLCLNode::add_self_ref_count_	lookup of slot type ObDeadLockDetectorMgr	::oceanbase::share::server_service<::oceanbase::share::detector::ObDeadLockDetectorMgr>()->detector_map_.revert(p_detector);
src/storage/deadlock/ob_lcl_scheme/ob_lcl_node.cpp	238	ObLCLNode::revert_self_ref_count_	lookup of slot type ObDeadLockDetectorMgr	::oceanbase::share::server_service<::oceanbase::share::detector::ObDeadLockDetectorMgr>()->detector_map_.revert(this);
src/storage/deadlock/ob_lcl_scheme/ob_lcl_node.cpp	525	ObLCLNode::broadcast_	lookup of slot type ObDeadLockDetectorMgr	if (OB_FAIL(::oceanbase::share::server_service<::oceanbase::share::detector::ObDeadLockDetectorMgr>()->post_lcl_state_(
src/storage/deadlock/ob_lcl_scheme/ob_lcl_node.cpp	580	ObLCLNode::process_lcl_state	lookup of slot type ObDeadLockDetectorMgr	if (OB_FAIL(::oceanbase::share::server_service<::oceanbase::share::detector::ObDeadLockDetectorMgr>()->post_cycle_info_(cycle_info))) {
src/storage/deadlock/ob_lcl_scheme/ob_lcl_node.cpp	818	ObLCLNode::broadcast_cycle_info_	lookup of slot type ObDeadLockDetectorMgr	OB_FAIL(::oceanbase::share::server_service<::oceanbase::share::detector::ObDeadLockDetectorMgr>()->post_cycle_info_(cycle_info))) {
src/storage/deadlock/ob_lcl_scheme/ob_lcl_node.cpp	859	ObLCLNode::push_state_to_downstreams_with_lock_	lookup of slot type ObDeadLockDetectorMgr	if (OB_FAIL(::oceanbase::share::server_service<::oceanbase::share::detector::ObDeadLockDetectorMgr>()->post_parent_notification_(
src/storage/deadlock/ob_lcl_scheme/ob_lcl_node.cpp	888	ObLCLNode::update_lcl_period_if_necessary_with_lock_	lookup of slot type ObDeadLockDetectorMgr	if (OB_FAIL(::oceanbase::share::server_service<::oceanbase::share::detector::ObDeadLockDetectorMgr>()->unregister_key_(self_key_))) {
src/storage/fts/ob_fts_doc_word_iterator.cpp	69	ObFTDocWordScanIterator::reset	lookup of slot type ObAccessService	::oceanbase::share::server_service<::oceanbase::storage::ObAccessService>()->revert_scan_iter(doc_word_iter_);
src/storage/fts/ob_fts_doc_word_iterator.cpp	85	ObFTDocWordScanIterator::reuse	lookup of slot type ObAccessService	} else if (OB_FAIL(::oceanbase::share::server_service<::oceanbase::storage::ObAccessService>()->reuse_scan_iter(false/*switch param*/, doc_word_iter_))) {
src/storage/fts/ob_fts_doc_word_iterator.cpp	101	ObFTDocWordScanIterator::do_table_rescan	lookup of slot type ObAccessService	} else if (OB_FAIL(::oceanbase::share::server_service<::oceanbase::storage::ObAccessService>()->table_rescan(scan_param_, doc_word_iter_))) {
src/storage/fts/ob_fts_doc_word_iterator.cpp	272	ObFTDocWordScanIterator::do_table_scan	lookup of slot type ObAccessService	} else if (OB_FAIL(::oceanbase::share::server_service<::oceanbase::storage::ObAccessService>()->table_scan(scan_param_, doc_word_iter_))) {
src/storage/lob/ob_ext_info_callback.cpp	140	ObExtInfoCallback::set	lookup of slot type ObLobManager	ObLobManager *lob_mngr = ::oceanbase::share::server_service<::oceanbase::storage::ObLobManager>();
src/storage/lob/ob_ext_info_callback.cpp	233	ObExtInfoCbRegister::register_cb	lookup of slot type ObLobManager	ObLobManager *lob_mngr = ::oceanbase::share::server_service<::oceanbase::storage::ObLobManager>();
src/storage/lob/ob_ext_info_callback.cpp	277	ObExtInfoCbRegister::build_data_iter	lookup of slot type ObLobManager	ObLobManager *lob_mgr = ::oceanbase::share::server_service<::oceanbase::storage::ObLobManager>();
src/storage/lob/ob_lob_data_reader.cpp	82	ObLobDataReader::read_lob_data_impl	lookup of slot type ObLobManager	ObLobManager* lob_mngr = ::oceanbase::share::server_service<::oceanbase::storage::ObLobManager>();
src/storage/lob/ob_lob_locator.cpp	423	ObLobLocatorHelper::build_lob_locatorv2	lookup of slot type ObLSService	if (OB_FAIL(::oceanbase::share::server_service<::oceanbase::storage::ObLSService>()->get_ls(tenant_ls))) {
src/storage/lob/ob_lob_locator.cpp	465	ObLobLocatorHelper::build_lob_locatorv2	lookup of slot type ObLobManager	storage::ObLobManager* lob_mngr = ::oceanbase::share::server_service<::oceanbase::storage::ObLobManager>();
src/storage/lob/ob_lob_manager.cpp	461	ObLobManager::compare	lookup of slot type ObLobManager	ObLobManager *lob_mngr = ::oceanbase::share::server_service<::oceanbase::storage::ObLobManager>();
src/storage/lob/ob_lob_manager.cpp	2482	ObJsonLobDeltaCodec::deserialize_partial_data	lookup of slot type ObLobManager	storage::ObLobManager *lob_manager = ::oceanbase::share::server_service<::oceanbase::storage::ObLobManager>();
src/storage/lob/ob_lob_manager.cpp	2573	open_json_lob	lookup of slot type ObLobManager	storage::ObLobManager *lob_manager = ::oceanbase::share::server_service<::oceanbase::storage::ObLobManager>();
src/storage/lob/ob_lob_manager.cpp	2739	lob_binary_equal	lookup of slot type ObLobManager	storage::ObLobManager *manager = ::oceanbase::share::server_service<::oceanbase::storage::ObLobManager>();
src/storage/lob/ob_lob_manager.cpp	2764	read_lob_to_buffer	lookup of slot type ObLobManager	storage::ObLobManager *manager = ::oceanbase::share::server_service<::oceanbase::storage::ObLobManager>();
src/storage/lob/ob_lob_persistent_adaptor.cpp	152	ObPersistentLobApator::revert_scan_iter	lookup of slot type ObAccessService	ObAccessService *oas = ::oceanbase::share::server_service<::oceanbase::storage::ObAccessService>();
src/storage/lob/ob_lob_persistent_adaptor.cpp	206	ObPersistentLobApator::prepare_lob_meta_dml	lookup of slot type ObAccessService	ObAccessService *oas = ::oceanbase::share::server_service<::oceanbase::storage::ObAccessService>();
src/storage/lob/ob_lob_persistent_adaptor.cpp	347	ObPersistentLobApator::inner_get_tablet	lookup of slot type ObLSService	if (OB_FAIL(::oceanbase::share::server_service<::oceanbase::storage::ObLSService>()->get_ls(tenant_ls))) {
src/storage/lob/ob_lob_persistent_adaptor.cpp	473	ObPersistentLobApator::prepare_lob_tablet_id	lookup of slot type ObLSService	} else if (OB_FAIL(::oceanbase::share::server_service<::oceanbase::storage::ObLSService>()->get_ls(tenant_ls))) {
src/storage/lob/ob_lob_persistent_adaptor.cpp	509	ObPersistentLobApator::erase_lob_meta	lookup of slot type ObAccessService	ObAccessService *oas = ::oceanbase::share::server_service<::oceanbase::storage::ObAccessService>();
src/storage/lob/ob_lob_persistent_adaptor.cpp	538	ObPersistentLobApator::write_lob_meta	lookup of slot type ObAccessService	ObAccessService *oas = ::oceanbase::share::server_service<::oceanbase::storage::ObAccessService>();
src/storage/lob/ob_lob_persistent_adaptor.cpp	567	ObPersistentLobApator::update_lob_meta	lookup of slot type ObAccessService	ObAccessService *oas = ::oceanbase::share::server_service<::oceanbase::storage::ObAccessService>();
src/storage/lob/ob_lob_persistent_iterator.cpp	103	ObLobMetaBaseIterator::revert_scan_iter	lookup of slot type ObAccessService	} else if (OB_ISNULL(oas = ::oceanbase::share::server_service<::oceanbase::storage::ObAccessService>())) {
src/storage/lob/ob_lob_persistent_iterator.cpp	117	ObLobMetaBaseIterator::scan	lookup of slot type ObAccessService	ObAccessService *oas = ::oceanbase::share::server_service<::oceanbase::storage::ObAccessService>();
src/storage/lob/ob_lob_persistent_iterator.cpp	136	ObLobMetaBaseIterator::rescan	lookup of slot type ObAccessService	ObAccessService *oas = ::oceanbase::share::server_service<::oceanbase::storage::ObAccessService>();
src/storage/lob/ob_lob_tablet_dml.cpp	223	ObLobTabletDmlHelper::insert_lob_col	lookup of slot type ObLobManager	ObLobManager *lob_mngr = ::oceanbase::share::server_service<::oceanbase::storage::ObLobManager>();
src/storage/lob/ob_lob_tablet_dml.cpp	272	ObLobTabletDmlHelper::delete_lob_col	lookup of slot type ObLobManager	ObLobManager *lob_mngr = ::oceanbase::share::server_service<::oceanbase::storage::ObLobManager>();
src/storage/lob/ob_lob_tablet_dml.cpp	342	ObLobTabletDmlHelper::process_delta_lob	lookup of slot type ObLobManager	ObLobManager *lob_mngr = ::oceanbase::share::server_service<::oceanbase::storage::ObLobManager>();
src/storage/lob/ob_lob_tablet_dml.cpp	392	ObLobTabletDmlHelper::prepare_lob_write	lookup of slot type ObLobManager	ObLobManager *lob_mngr = ::oceanbase::share::server_service<::oceanbase::storage::ObLobManager>();
src/storage/lob/ob_lob_util.cpp	61	ObInsertLobColumnHelper::start_trans	lookup of slot type ObTransService	ObTransService *txs = ::oceanbase::share::server_service<::oceanbase::transaction::ObTransService>();
src/storage/lob/ob_lob_util.cpp	75	ObInsertLobColumnHelper::end_trans	lookup of slot type ObTransService	ObTransService *txs = ::oceanbase::share::server_service<::oceanbase::transaction::ObTransService>();
src/storage/lob/ob_lob_util.cpp	111	ObInsertLobColumnHelper::insert_lob_column	lookup of slot type ObLobManager	ObLobManager *lob_mngr = ::oceanbase::share::server_service<::oceanbase::storage::ObLobManager>();
src/storage/lob/ob_lob_util.cpp	112	ObInsertLobColumnHelper::insert_lob_column	lookup of slot type ObTransService	ObTransService *txs = ::oceanbase::share::server_service<::oceanbase::transaction::ObTransService>();
src/storage/lob/ob_lob_util.cpp	193	ObInsertLobColumnHelper::insert_lob_column	lookup of slot type ObLobManager	ObLobManager *lob_mngr = ::oceanbase::share::server_service<::oceanbase::storage::ObLobManager>();
src/storage/lob/ob_lob_util.cpp	228	ObInsertLobColumnHelper::insert_lob_column	lookup of slot type ObTransService	ObTransService *txs = ::oceanbase::share::server_service<::oceanbase::transaction::ObTransService>();
src/storage/lob/ob_lob_util.cpp	269	ObInsertLobColumnHelper::delete_lob_column	lookup of slot type ObLobManager	ObLobManager *lob_mngr = ::oceanbase::share::server_service<::oceanbase::storage::ObLobManager>();
src/storage/lob/ob_lob_util.cpp	270	ObInsertLobColumnHelper::delete_lob_column	lookup of slot type ObTransService	ObTransService *txs = ::oceanbase::share::server_service<::oceanbase::transaction::ObTransService>();
src/storage/ls/ob_freezer.cpp	1019	ObFreezer::handle_no_active_memtable_	lookup of slot type ObDagScheduler	} else if (OB_FAIL(::oceanbase::share::server_service<::oceanbase::share::ObDagScheduler>()->check_dag_exist(&tmp_mini_dag, is_exist))) {
src/storage/ls/ob_freezer.cpp	1242	ObFreezer::submit_log_for_freeze	lookup of slot type ObDiagnoseTabletMgr through macro DEL_SUSPECT_INFO	DEL_SUSPECT_INFO(MINI_MERGE, tablet_id, ObDiagnoseTabletType::TYPE_MINI_MERGE);
src/storage/ls/ob_freezer.cpp	1242	ObFreezer::submit_log_for_freeze	lookup of slot type ObScheduleSuspectInfoMgr through macro DEL_SUSPECT_INFO	DEL_SUSPECT_INFO(MINI_MERGE, tablet_id, ObDiagnoseTabletType::TYPE_MINI_MERGE);
src/storage/ls/ob_ls.cpp	79	ObLS::init	lookup of slot type ObLogService	ObLogService *logservice = ::oceanbase::share::server_service<::oceanbase::logservice::ObLogService>();
src/storage/ls/ob_ls.cpp	80	ObLS::init	lookup of slot type ObTransService	ObTransService *txs_svr = ::oceanbase::share::server_service<::oceanbase::transaction::ObTransService>();
src/storage/ls/ob_ls.cpp	153	ObLS::create_ls	lookup of slot type ObLogService	ObLogService *logservice = ::oceanbase::share::server_service<::oceanbase::logservice::ObLogService>();
src/storage/ls/ob_ls.cpp	186	ObLS::load_ls	lookup of slot type ObLogService	ObLogService *logservice = ::oceanbase::share::server_service<::oceanbase::logservice::ObLogService>();
src/storage/ls/ob_ls.cpp	205	ObLS::remove_ls	lookup of slot type ObLogService	ObLogService *logservice = ::oceanbase::share::server_service<::oceanbase::logservice::ObLogService>();
src/storage/ls/ob_ls.cpp	367	ObLS::destroy	lookup of slot type ObTransService	ObTransService *txs_svr = (true ? ::oceanbase::share::server_service<::oceanbase::transaction::ObTransService>() : nullptr);
src/storage/ls/ob_ls.cpp	419	ObLS::offline_compaction_	lookup of slot type ObTabletScheduler	} else if (OB_FAIL(::oceanbase::share::server_service<::oceanbase::compaction::ObTabletScheduler>()->check_ls_compaction_finish())) {
src/storage/ls/ob_ls.cpp	430	ObLS::start_local_log_	lookup of slot type ObLogService	logservice::ObLogApplyService *apply_service = ::oceanbase::share::server_service<::oceanbase::logservice::ObLogService>()->get_log_apply_service();
src/storage/ls/ob_ls.cpp	431	ObLS::start_local_log_	lookup of slot type ObLogService	logservice::ObLogReplayService *replay_service = ::oceanbase::share::server_service<::oceanbase::logservice::ObLogService>()->get_log_replay_service();
src/storage/ls/ob_ls.cpp	512	ObLS::stop_local_log_	lookup of slot type ObLogService	logservice::ObLogApplyService *apply_service = ::oceanbase::share::server_service<::oceanbase::logservice::ObLogService>()->get_log_apply_service();
src/storage/ls/ob_ls.cpp	513	ObLS::stop_local_log_	lookup of slot type ObLogService	logservice::ObLogReplayService *replay_service = ::oceanbase::share::server_service<::oceanbase::logservice::ObLogService>()->get_log_replay_service();
src/storage/ls/ob_ls.cpp	672	ObLS::register_composition_log_handler_	lookup of slot type ObILSRuntimeAdapter	::oceanbase::share::server_service<::oceanbase::storage::ObILSRuntimeAdapter>();
src/storage/ls/ob_ls.cpp	708	ObLS::register_common_service	lookup of slot type ObTimestampService	REGISTER_REPLAY_CHECKPOINT_HANDLER(TIMESTAMP_LOG_BASE_TYPE, ::oceanbase::share::server_service<::oceanbase::transaction::ObTimestampService>());
src/storage/ls/ob_ls.cpp	709	ObLS::register_common_service	lookup of slot type ObTransIDService	REGISTER_REPLAY_CHECKPOINT_HANDLER(TRANS_ID_LOG_BASE_TYPE, ::oceanbase::share::server_service<::oceanbase::transaction::ObTransIDService>());
src/storage/ls/ob_ls.cpp	728	ObLS::register_local_services_	lookup of slot type ObILocalLogHandler	::oceanbase::share::server_service<::oceanbase::logservice::ObILocalLogHandler>();
src/storage/ls/ob_ls.cpp	765	ObLS::init_vector_idx_scheduler_	lookup of slot type ObILSRuntimeAdapter	::oceanbase::share::server_service<::oceanbase::storage::ObILSRuntimeAdapter>();
src/storage/ls/ob_ls.cpp	806	ObLS::destroy_vector_idx_scheduler_	lookup of slot type ObILSRuntimeAdapter	::oceanbase::share::server_service<::oceanbase::storage::ObILSRuntimeAdapter>();
src/storage/ls/ob_ls.cpp	1245	ObLS::replay_get_tablet_no_check	lookup of slot type ObLogService	} else if (OB_FAIL(::oceanbase::share::server_service<::oceanbase::logservice::ObLogService>()->get_log_replay_service()->get_max_replayed_scn(max_scn))) {
src/storage/ls/ob_ls.cpp	1353	ObLS::logstream_freeze	lookup of slot type ObMemstoreFreezer	::oceanbase::share::server_service<::oceanbase::storage::ObMemstoreFreezer>()->record_freezer_source_event(source);
src/storage/ls/ob_ls.cpp	1470	ObLS::tablet_freeze	lookup of slot type ObMemstoreFreezer	::oceanbase::share::server_service<::oceanbase::storage::ObMemstoreFreezer>()->record_freezer_source_event(source);
src/storage/ls/ob_ls_meta.cpp	33	-	lookup of slot type ObLocalStorageMetaService through macro LOCAL_STORAGE_META_PERSISTER	if (OB_FAIL(LOCAL_STORAGE_META_PERSISTER.update_ls_meta(ls_epoch, ls_meta))) {
src/storage/ls/ob_ls_tablet_service.cpp	272	ObLSTabletService::remove_tablet	lookup of slot type ObLocalStorageMetaService through macro LOCAL_STORAGE_META_PERSISTER	if (OB_FAIL(LOCAL_STORAGE_META_PERSISTER.remove_tablet(tablet_handle))) {
src/storage/ls/ob_ls_tablet_service.cpp	343	ObLSTabletService::remove_tablets	lookup of slot type ObLocalStorageMetaService through macro LOCAL_STORAGE_META_PERSISTER	} else if (OB_FAIL(LOCAL_STORAGE_META_PERSISTER.remove_tablets(tablet_ids))) {
src/storage/ls/ob_ls_tablet_service.cpp	382	ObLSTabletService::inner_remove_tablet	lookup of slot type ObStorageMetaMemMgr	ObStorageMetaMemMgr *t3m = ::oceanbase::share::server_service<::oceanbase::storage::ObStorageMetaMemMgr>();
src/storage/ls/ob_ls_tablet_service.cpp	435	ObLSTabletService::get_tablet_addr	lookup of slot type ObStorageMetaMemMgr	ObStorageMetaMemMgr *t3m = ::oceanbase::share::server_service<::oceanbase::storage::ObStorageMetaMemMgr>();
src/storage/ls/ob_ls_tablet_service.cpp	478	ObLSTabletService::table_scan	lookup of slot type ObSchemaRuntimeService	} else if (OB_FAIL(prepare_scan_table_param(param, *(::oceanbase::share::server_service<::oceanbase::share::schema::ObSchemaRuntimeService>()->get_schema_service())))) {
src/storage/ls/ob_ls_tablet_service.cpp	495	ObLSTabletService::table_rescan	lookup of slot type ObSchemaRuntimeService	} else if (OB_FAIL(prepare_scan_table_param(param, *(::oceanbase::share::server_service<::oceanbase::share::schema::ObSchemaRuntimeService>()->get_schema_service())))) {
src/storage/ls/ob_ls_tablet_service.cpp	512	ObLSTabletService::refresh_tablet_addr	lookup of slot type ObStorageMetaMemMgr	ObStorageMetaMemMgr *t3m = ::oceanbase::share::server_service<::oceanbase::storage::ObStorageMetaMemMgr>();
src/storage/ls/ob_ls_tablet_service.cpp	570	ObLSTabletService::update_tablet_checkpoint	lookup of slot type ObStorageMetaMemMgr	ObStorageMetaMemMgr *t3m = ::oceanbase::share::server_service<::oceanbase::storage::ObStorageMetaMemMgr>();
src/storage/ls/ob_ls_tablet_service.cpp	731	ObLSTabletService::update_tablet_to_empty_shell	lookup of slot type ObStorageMetaMemMgr	ObStorageMetaMemMgr *t3m = ::oceanbase::share::server_service<::oceanbase::storage::ObStorageMetaMemMgr>();
src/storage/ls/ob_ls_tablet_service.cpp	904	ObLSTabletService::update_tablet_release_memtable_for_offline	lookup of slot type ObStorageMetaMemMgr	ObStorageMetaMemMgr *t3m = ::oceanbase::share::server_service<::oceanbase::storage::ObStorageMetaMemMgr>();
src/storage/ls/ob_ls_tablet_service.cpp	969	ObLSTabletService::update_tablet_ddl_commit_scn	lookup of slot type ObStorageMetaMemMgr	ObStorageMetaMemMgr *t3m = ::oceanbase::share::server_service<::oceanbase::storage::ObStorageMetaMemMgr>();
src/storage/ls/ob_ls_tablet_service.cpp	1150	ObLSTabletService::replay_create_inner_tablet	lookup of slot type ObLocalStorageMetaService	if (OB_FAIL(::oceanbase::share::server_service<::oceanbase::storage::ObLocalStorageMetaService>()->read_from_disk(disk_addr, allocator, buf, buf_len))) {
src/storage/ls/ob_ls_tablet_service.cpp	1166	ObLSTabletService::replay_create_tablet	lookup of slot type ObStorageMetaMemMgr	ObStorageMetaMemMgr *t3m = ::oceanbase::share::server_service<::oceanbase::storage::ObStorageMetaMemMgr>();
src/storage/ls/ob_ls_tablet_service.cpp	1326	ObLSTabletService::has_tablet	lookup of slot type ObStorageMetaMemMgr	ObStorageMetaMemMgr *t3m = ::oceanbase::share::server_service<::oceanbase::storage::ObStorageMetaMemMgr>();
src/storage/ls/ob_ls_tablet_service.cpp	1353	ObLSTabletService::create_tablet	lookup of slot type ObStorageMetaMemMgr	ObStorageMetaMemMgr *t3m = ::oceanbase::share::server_service<::oceanbase::storage::ObStorageMetaMemMgr>();
src/storage/ls/ob_ls_tablet_service.cpp	1454	ObLSTabletService::create_inner_tablet	lookup of slot type ObStorageMetaMemMgr	ObStorageMetaMemMgr *t3m = ::oceanbase::share::server_service<::oceanbase::storage::ObStorageMetaMemMgr>();
src/storage/ls/ob_ls_tablet_service.cpp	1509	ObLSTabletService::rollback_remove_tablet_without_lock	lookup of slot type ObStorageMetaMemMgr	ObStorageMetaMemMgr *t3m = ::oceanbase::share::server_service<::oceanbase::storage::ObStorageMetaMemMgr>();
src/storage/ls/ob_ls_tablet_service.cpp	1535	ObLSTabletService::create_memtable	lookup of slot type ObStorageMetaMemMgr	ObStorageMetaMemMgr *t3m = ::oceanbase::share::server_service<::oceanbase::storage::ObStorageMetaMemMgr>();
src/storage/ls/ob_ls_tablet_service.cpp	2714	ObLSTabletService::safe_update_cas_tablet	lookup of slot type ObLocalStorageMetaService	::oceanbase::share::server_service<::oceanbase::storage::ObLocalStorageMetaService>()->get_ckpt_slog_hdl());
src/storage/ls/ob_ls_tablet_service.cpp	2717	ObLSTabletService::safe_update_cas_tablet	lookup of slot type ObLocalStorageMetaService through macro LOCAL_STORAGE_META_PERSISTER	} else if (OB_FAIL(LOCAL_STORAGE_META_PERSISTER.update_tablet(key.tablet_id_, addr))) {
src/storage/ls/ob_ls_tablet_service.cpp	2719	ObLSTabletService::safe_update_cas_tablet	lookup of slot type ObStorageMetaMemMgr	} else if (OB_FAIL(::oceanbase::share::server_service<::oceanbase::storage::ObStorageMetaMemMgr>()->compare_and_swap_tablet(key, old_handle, new_handle, param))) {
src/storage/ls/ob_ls_tablet_service.cpp	2739	ObLSTabletService::safe_update_cas_empty_shell	lookup of slot type ObLocalStorageMetaService	ObLocalStorageCheckpointSlogHandler::ObCkptSlogROptLockGuard guard(::oceanbase::share::server_service<::oceanbase::storage::ObLocalStorageMetaService>()->get_ckpt_slog_hdl());
src/storage/ls/ob_ls_tablet_service.cpp	2742	ObLSTabletService::safe_update_cas_empty_shell	lookup of slot type ObLocalStorageMetaService through macro LOCAL_STORAGE_META_PERSISTER	} else if (OB_FAIL(LOCAL_STORAGE_META_PERSISTER.write_empty_shell_tablet(tablet, addr))) {
src/storage/ls/ob_ls_tablet_service.cpp	2746	ObLSTabletService::safe_update_cas_empty_shell	lookup of slot type ObStorageMetaMemMgr	} else if (OB_FAIL(::oceanbase::share::server_service<::oceanbase::storage::ObStorageMetaMemMgr>()->compare_and_swap_tablet(key, old_handle, new_handle, param))) {
src/storage/ls/ob_ls_tablet_service.cpp	2765	ObLSTabletService::safe_create_cas_tablet	lookup of slot type ObLocalStorageMetaService	::oceanbase::share::server_service<::oceanbase::storage::ObLocalStorageMetaService>()->get_ckpt_slog_hdl());
src/storage/ls/ob_ls_tablet_service.cpp	2768	ObLSTabletService::safe_create_cas_tablet	lookup of slot type ObLocalStorageMetaService through macro LOCAL_STORAGE_META_PERSISTER	} else if (OB_FAIL(LOCAL_STORAGE_META_PERSISTER.update_tablet(tablet_id, addr))) {
src/storage/ls/ob_ls_tablet_service.cpp	2901	ObLSTabletService::check_is_gencol_check_failed	lookup of slot type ObSchemaRuntimeService	ObMultiVersionSchemaService *schema_service = ::oceanbase::share::server_service<::oceanbase::share::schema::ObSchemaRuntimeService>()->get_schema_service();
src/storage/ls/ob_ls_tablet_service.cpp	3127	ObLSTabletService::process_lob_before_insert	lookup of slot type ObLobManager	ObLobManager *lob_mngr = ::oceanbase::share::server_service<::oceanbase::storage::ObLobManager>();
src/storage/ls/ob_ls_tablet_service.cpp	3189	ObLSTabletService::process_lob_before_insert	lookup of slot type ObLobManager	ObLobManager *lob_mngr = ::oceanbase::share::server_service<::oceanbase::storage::ObLobManager>();
src/storage/ls/ob_ls_tablet_service.cpp	3224	ObLSTabletService::insert_vector_index_rows	lookup of slot type ObIVectorIndexRuntime	ObIVectorIndexRuntime *vec_index_service = ::oceanbase::share::server_service<::oceanbase::storage::ObIVectorIndexRuntime>();
src/storage/ls/ob_ls_tablet_service.cpp	3270	ObLSTabletService::insert_vector_index_rows	lookup of slot type ObIVectorIndexRuntime	ObIVectorIndexRuntime *vec_index_service = ::oceanbase::share::server_service<::oceanbase::storage::ObIVectorIndexRuntime>();
src/storage/ls/ob_ls_tablet_service.cpp	3322	ObLSTabletService::insert_vector_index_rows	lookup of slot type ObIVectorIndexRuntime	ObIVectorIndexRuntime *vec_index_service = ::oceanbase::share::server_service<::oceanbase::storage::ObIVectorIndexRuntime>();
src/storage/ls/ob_ls_tablet_service.cpp	3354	ObLSTabletService::insert_vector_index_rows	lookup of slot type ObLobManager	ObLobManager *lob_mngr = ::oceanbase::share::server_service<::oceanbase::storage::ObLobManager>();
src/storage/ls/ob_ls_tablet_service.cpp	3376	ObLSTabletService::insert_vector_index_rows	lookup of slot type ObIVectorIndexRuntime	ObIVectorIndexRuntime *vec_index_service = ::oceanbase::share::server_service<::oceanbase::storage::ObIVectorIndexRuntime>();
src/storage/ls/ob_ls_tablet_service.cpp	4583	ObLSTabletService::dump_diag_info_for_old_row_loss	lookup of slot type ObTransService	transaction::ObTransService *trx = ::oceanbase::share::server_service<::oceanbase::transaction::ObTransService>();
src/storage/ls/ob_ls_tablet_service.cpp	4604	ObLSTabletService::prepare_dml_running_ctx	lookup of slot type ObSchemaRuntimeService	::oceanbase::share::server_service<::oceanbase::share::schema::ObSchemaRuntimeService>()->get_schema_service(),
src/storage/ls/ob_ls_tablet_service.cpp	4615	ObLSTabletService::get_ls_min_end_scn	lookup of slot type ObStorageMetaMemMgr	ObStorageMetaMemMgr *t3m = ::oceanbase::share::server_service<::oceanbase::storage::ObStorageMetaMemMgr>();
src/storage/ls/ob_ls_tablet_service.cpp	5012	ObLSTabletService::DestroyMemtableAndMemberAndMdsTableOperator::operator()	lookup of slot type ObStorageMetaMemMgr	ObStorageMetaMemMgr *t3m = ::oceanbase::share::server_service<::oceanbase::storage::ObStorageMetaMemMgr>();
src/storage/ls/ob_ls_tablet_service.cpp	5091	ObLSTabletService::get_tablet_without_memtables	lookup of slot type ObStorageMetaMemMgr	ObStorageMetaMemMgr *t3m = ::oceanbase::share::server_service<::oceanbase::storage::ObStorageMetaMemMgr>();
src/storage/ls/ob_ls_tablet_service.cpp	5569	ObLSTabletService::scan_block_stat	lookup of slot type ObSchemaRuntimeService	} else if (OB_FAIL(prepare_scan_table_param(*scan_param.get_scan_param(), *(::oceanbase::share::server_service<::oceanbase::share::schema::ObSchemaRuntimeService>()->get_schema_service())))) {
src/storage/ls/ob_ls_tx_service.cpp	155	ObLSTxService::get_read_store_ctx	lookup of slot type ObTransService through macro READ_CHECKER_RECORD	READ_CHECKER_RECORD(store_ctx);
src/storage/ls/ob_ls_tx_service.cpp	177	ObLSTxService::get_read_store_ctx	lookup of slot type ObTransService through macro READ_CHECKER_RECORD	READ_CHECKER_RECORD(store_ctx);
src/storage/ls/ob_ls_tx_service.cpp	216	ObLSTxService::revert_store_ctx	lookup of slot type ObTransService through macro READ_CHECKER_RELEASE	READ_CHECKER_RELEASE(store_ctx);
src/storage/ls/ob_ls_tx_service.cpp	269	ObLSTxService::check_all_readonly_tx_clean_up	lookup of slot type ObTransService through macro READ_CHECKER_PRINT	READ_CHECKER_PRINT();
src/storage/memtable/mvcc/ob_mvcc_row.cpp	713	ObMvccRow::elr	lookup of slot type ObLockWaitMgr	::oceanbase::share::server_service<::oceanbase::memtable::ObLockWaitMgr>()->reset_hash_holder(tablet_id, *key, tx_id);
src/storage/memtable/mvcc/ob_mvcc_row.cpp	715	ObMvccRow::elr	lookup of slot type ObLockWaitMgr	::oceanbase::share::server_service<::oceanbase::memtable::ObLockWaitMgr>()->wakeup(tx_id);
src/storage/memtable/mvcc/ob_mvcc_row.cpp	799	ObMvccRow::remove_callback	lookup of slot type ObLockWaitMgr	if (OB_ISNULL(::oceanbase::share::server_service<::oceanbase::memtable::ObLockWaitMgr>())) {
src/storage/memtable/mvcc/ob_mvcc_row.cpp	803	ObMvccRow::remove_callback	lookup of slot type ObLockWaitMgr	::oceanbase::share::server_service<::oceanbase::memtable::ObLockWaitMgr>()->transform_row_lock_to_tx_lock(
src/storage/memtable/mvcc/ob_mvcc_row.cpp	808	ObMvccRow::remove_callback	lookup of slot type ObLockWaitMgr	::oceanbase::share::server_service<::oceanbase::memtable::ObLockWaitMgr>()->reset_hash_holder(cb.get_tablet_id(), *cb.get_key(), ObTransID(node->tx_id_));
src/storage/memtable/mvcc/ob_mvcc_row.cpp	824	ObMvccRow::wakeup_waiter	lookup of slot type ObLockWaitMgr	if (OB_ISNULL(lwm = ::oceanbase::share::server_service<::oceanbase::memtable::ObLockWaitMgr>())) {
src/storage/memtable/mvcc/ob_mvcc_trans_ctx.cpp	1329	ObTransCallbackMgr::wakeup_waiting_txns_	lookup of slot type ObLockWaitMgr	if (OB_ISNULL(::oceanbase::share::server_service<::oceanbase::memtable::ObLockWaitMgr>())) {
src/storage/memtable/mvcc/ob_mvcc_trans_ctx.cpp	1333	ObTransCallbackMgr::wakeup_waiting_txns_	lookup of slot type ObLockWaitMgr	::oceanbase::share::server_service<::oceanbase::memtable::ObLockWaitMgr>()->wakeup(mem_ctx.get_trans_ctx()->get_trans_id());
src/storage/memtable/mvcc/ob_mvcc_trans_ctx.cpp	1831	ObMvccRowCallback::wakeup_row_waiter_if_need_	lookup of slot type ObLockWaitMgr	ObLockWaitMgr *p_lwm = ::oceanbase::share::server_service<::oceanbase::memtable::ObLockWaitMgr>();
src/storage/memtable/ob_lock_wait_mgr.cpp	27	request_finish_callback	lookup of slot type ObLockWaitMgr	memtable::ObLockWaitMgr *lock_wait_mgr = ::oceanbase::share::server_service<::oceanbase::memtable::ObLockWaitMgr>();
src/storage/memtable/ob_lock_wait_mgr.cpp	551	ObLockWaitMgr::post_lock	lookup of slot type ObTransService	if (OB_ISNULL(tx_service = ::oceanbase::share::server_service<::oceanbase::transaction::ObTransService>())) {
src/storage/memtable/ob_lock_wait_mgr.cpp	618	ObLockWaitMgr::post_lock	lookup of slot type ObTransService	if (OB_ISNULL(tx_service = ::oceanbase::share::server_service<::oceanbase::transaction::ObTransService>())) {
src/storage/memtable/ob_memtable.cpp	174	ObMemtable::batch_remove_unused_callback_for_uncommited_txn	lookup of slot type ObTransService	::oceanbase::share::server_service<::oceanbase::transaction::ObTransService>();
src/storage/memtable/ob_memtable.cpp	267	ObMemtable::safe_to_destroy	lookup of slot type ObLogService	if (OB_FAIL(::oceanbase::share::server_service<::oceanbase::logservice::ObLogService>()->get_log_apply_service()->
src/storage/memtable/ob_memtable.cpp	1387	ObMemtable::set_allow_freeze	lookup of slot type ObMemstoreFreezer	freezer = ::oceanbase::share::server_service<::oceanbase::storage::ObMemstoreFreezer>();
src/storage/memtable/ob_memtable.cpp	2091	ObMemtable::multi_set_	lookup of slot type ObLockWaitMgr	::oceanbase::share::server_service<::oceanbase::memtable::ObLockWaitMgr>()->set_hash_holder(key_.get_tablet_id(),
src/storage/memtable/ob_memtable.cpp	2247	ObMemtable::set_	lookup of slot type ObLockWaitMgr	::oceanbase::share::server_service<::oceanbase::memtable::ObLockWaitMgr>()->set_hash_holder(key_.get_tablet_id(),
src/storage/memtable/ob_memtable.cpp	2372	ObMemtable::lock_	lookup of slot type ObLockWaitMgr	::oceanbase::share::server_service<::oceanbase::memtable::ObLockWaitMgr>()->set_hash_holder(key_.get_tablet_id(),
src/storage/memtable/ob_memtable.cpp	2688	ObMemtable::post_row_write_conflict_	lookup of slot type ObLockWaitMgr	} else if (OB_ISNULL(lock_wait_mgr = share::server_service<ObLockWaitMgr>())) {
src/storage/memtable/ob_row_conflict_handler.cpp	261	ObRowConflictHandler::post_row_read_conflict	lookup of slot type ObLockWaitMgr	} else if (OB_ISNULL(lock_wait_mgr = share::server_service<ObLockWaitMgr>())) {
src/storage/meta_mem/ob_meta_obj_struct.h	204	ObMetaObj::ObMetaObj	lookup of slot type ObStorageMetaMemMgr	t3m_(::oceanbase::share::server_service<::oceanbase::storage::ObStorageMetaMemMgr>())
src/storage/meta_mem/ob_storage_meta_cache.cpp	459	ObStorageMetaCache::get_meta	lookup of slot type ObStorageMetaMemMgr	} else if (OB_FAIL(meta_handle.cache_handle_.new_value(::oceanbase::share::server_service<::oceanbase::storage::ObStorageMetaMemMgr>()->get_meta_cache_io_allocator()))) {
src/storage/meta_mem/ob_storage_meta_cache.cpp	529	ObStorageMetaCache::prefetch	lookup of slot type ObStorageMetaMemMgr	common::ObIAllocator &io_allocator = ::oceanbase::share::server_service<::oceanbase::storage::ObStorageMetaMemMgr>()->get_meta_cache_io_allocator();
src/storage/meta_mem/ob_storage_meta_cache.cpp	561	ObStorageMetaCache::get_meta_and_bypass_cache	lookup of slot type ObStorageMetaMemMgr	} else if (OB_FAIL(handle.cache_handle_.new_value(::oceanbase::share::server_service<::oceanbase::storage::ObStorageMetaMemMgr>()->get_meta_cache_io_allocator()))) {
src/storage/meta_mem/ob_storage_meta_cache.cpp	564	ObStorageMetaCache::get_meta_and_bypass_cache	lookup of slot type ObStorageMetaMemMgr	common::ObIAllocator &io_allocator = ::oceanbase::share::server_service<::oceanbase::storage::ObStorageMetaMemMgr>()->get_meta_cache_io_allocator();
src/storage/meta_mem/ob_tablet_pointer.cpp	394	ObTabletPointer::create_ddl_kv_mgr	lookup of slot type ObStorageMetaMemMgr	ObStorageMetaMemMgr *t3m = ::oceanbase::share::server_service<::oceanbase::storage::ObStorageMetaMemMgr>();
src/storage/meta_mem/ob_tablet_pointer.cpp	459	ObTabletPointer::get_mds_table	lookup of slot type ObStorageMetaMemMgr	} else if (OB_FAIL(::oceanbase::share::server_service<::oceanbase::storage::ObStorageMetaMemMgr>()->scan_all_version_tablets(ObTabletMapKey(tablet_id), op))) {
src/storage/meta_mem/ob_tablet_pointer_map.cpp	425	ObTabletPointerMap::read_from_disk	lookup of slot type ObLocalStorageMetaService	if (OB_FAIL(::oceanbase::share::server_service<::oceanbase::storage::ObLocalStorageMetaService>()->read_from_disk(real_load_addr, allocator, r_buf, r_len))) {
src/storage/meta_mem/ob_tablet_pointer_map.cpp	535	ObTabletPointerMap::get_meta_obj_with_external_memory	lookup of slot type ObStorageMetaMemMgr	ObStorageMetaMemMgr *t3m = ::oceanbase::share::server_service<::oceanbase::storage::ObStorageMetaMemMgr>();
src/storage/meta_store/ob_local_storage_meta_service.cpp	76	ObLocalStorageMetaService::start	lookup of slot type ObIServerRuntime	ObIServerRuntime *runtime = ::oceanbase::share::server_service<::oceanbase::storage::ObIServerRuntime>();
src/storage/meta_store/ob_local_storage_meta_service.h	106	#define LOCAL_STORAGE_META_PERSISTER	lookup of slot type ObLocalStorageMetaService inside #define LOCAL_STORAGE_META_PERSISTER (7 uses of the macro)	#define LOCAL_STORAGE_META_PERSISTER (::oceanbase::share::server_service<::oceanbase::storage::ObLocalStorageMetaService>()->get_persister())
src/storage/meta_store/ob_server_storage_meta_replayer.cpp	99	ObServerStorageMetaReplayer::finish_storage_meta_replay_	lookup of slot type ObLSService	if (OB_FAIL(::oceanbase::share::server_service<::oceanbase::storage::ObLSService>()->get_ls(ls))) {
src/storage/meta_store/ob_server_storage_meta_replayer.cpp	102	ObServerStorageMetaReplayer::finish_storage_meta_replay_	lookup of slot type ObLSService	if (OB_SUCC(ret) && OB_FAIL(::oceanbase::share::server_service<::oceanbase::storage::ObLSService>()->gc_ls_after_replay_slog())) {
src/storage/meta_store/ob_server_storage_meta_replayer.cpp	114	ObServerStorageMetaReplayer::online_ls_	lookup of slot type ObLSService	if (OB_FAIL(::oceanbase::share::server_service<::oceanbase::storage::ObLSService>()->online_ls())) {
src/storage/meta_store/ob_server_storage_meta_service.cpp	205	ObServerStorageMetaService::get_using_disk_space	lookup of slot type ObLocalStorageMetaService	if (OB_FAIL(::oceanbase::share::server_service<::oceanbase::storage::ObLocalStorageMetaService>()->get_slogger().get_using_disk_space(local_storage_using_size))) {
src/storage/multi_data_source/buffer_ctx.cpp	31	BufferCtxNode::destroy_ctx	lookup of slot type ObMdsService	::oceanbase::share::server_service<::oceanbase::storage::mds::ObMdsService>()->get_buffer_ctx_allocator().free(ctx_);
src/storage/multi_data_source/buffer_ctx.h	88	BufferCtxNode	lookup of slot type ObMdsService	ObIAllocator &allocator = ::oceanbase::share::server_service<::oceanbase::storage::mds::ObMdsService>()->get_buffer_ctx_allocator());// To be determined based on the actual ctx type at compile time through subclass reflection
src/storage/multi_data_source/mds_table_base.cpp	167	MdsTableBase::get_ls_max_consequent_callbacked_scn_	lookup of slot type ObLSService	ObLSService *ls_service = ::oceanbase::share::server_service<::oceanbase::storage::ObLSService>();
src/storage/multi_data_source/mds_table_handler.cpp	68	ObMdsTableHandler::get_mds_table_handle	lookup of slot type ObLSService	if (MDS_FAIL(::oceanbase::share::server_service<::oceanbase::storage::ObLSService>()->get_ls(tenant_ls))) {
src/storage/multi_data_source/ob_tablet_create_mds_ctx.cpp	47	ObTabletCreateMdsCtx::on_abort	lookup of slot type ObLSService	if (OB_FAIL(::oceanbase::share::server_service<::oceanbase::storage::ObLSService>()->get_ls(tenant_ls))) {
src/storage/multi_data_source/runtime_utility/common_define.cpp	38	MdsAllocator::alloc	lookup of slot type ObSharedMemAllocMgr	void *ptr = ::oceanbase::share::server_service<::oceanbase::share::ObSharedMemAllocMgr>()->mds_allocator().alloc(size);
src/storage/multi_data_source/runtime_utility/common_define.cpp	47	MdsAllocator::alloc	lookup of slot type ObSharedMemAllocMgr	return ::oceanbase::share::server_service<::oceanbase::share::ObSharedMemAllocMgr>()->mds_allocator().alloc(size, attr);
src/storage/multi_data_source/runtime_utility/common_define.cpp	53	MdsAllocator::free	lookup of slot type ObSharedMemAllocMgr	::oceanbase::share::server_service<::oceanbase::share::ObSharedMemAllocMgr>()->mds_allocator().free(ptr);
src/storage/multi_data_source/runtime_utility/mds_factory.cpp	34	deepcopy	lookup of slot type ObMemstoreFreezer	ObMemstoreFreezer *memstore_freezer = ::oceanbase::share::server_service<::oceanbase::storage::ObMemstoreFreezer>();
src/storage/multi_data_source/runtime_utility/mds_factory.h	66	MdsFactory	lookup of slot type ObMdsService	ObIAllocator &allocator = ::oceanbase::share::server_service<::oceanbase::storage::mds::ObMdsService>()->get_buffer_ctx_allocator());
src/storage/multi_data_source/runtime_utility/mds_factory.h	70	MdsFactory	lookup of slot type ObMdsService	ObIAllocator &allocator = ::oceanbase::share::server_service<::oceanbase::storage::mds::ObMdsService>()->get_buffer_ctx_allocator());
src/storage/multi_data_source/runtime_utility/mds_service.cpp	169	ObMdsService::for_each_ls	lookup of slot type ObLSService	} else if (OB_ISNULL(::oceanbase::share::server_service<::oceanbase::storage::ObLSService>())) {
src/storage/multi_data_source/runtime_utility/mds_service.cpp	172	ObMdsService::for_each_ls	lookup of slot type ObLSService	} else if (MDS_FAIL(::oceanbase::share::server_service<::oceanbase::storage::ObLSService>()->get_ls(ls))) {
src/storage/multi_data_source/runtime_utility/mds_service.cpp	301	ObMdsService::get_tablet_oldest_scn_	lookup of slot type ObStorageMetaMemMgr	if (OB_ISNULL(::oceanbase::share::server_service<::oceanbase::storage::ObStorageMetaMemMgr>())) {
src/storage/multi_data_source/runtime_utility/mds_service.cpp	304	ObMdsService::get_tablet_oldest_scn_	lookup of slot type ObStorageMetaMemMgr	} else if (MDS_FAIL(::oceanbase::share::server_service<::oceanbase::storage::ObStorageMetaMemMgr>()->scan_all_version_tablets(ObTabletMapKey(tablet_id), op))) {
src/storage/multi_data_source/runtime_utility/mds_service.cpp	382	ObMdsAllocator::init	lookup of slot type ObSharedMemAllocMgr	ObSharedMemAllocMgr *share_mem_alloc_mgr = ::oceanbase::share::server_service<::oceanbase::share::ObSharedMemAllocMgr>();
src/storage/ob_common_id_utils.cpp	41	ObCommonIDUtils::gen_unique_id	lookup of slot type ObUniqueIDService	} else if (OB_FAIL(::oceanbase::share::server_service<::oceanbase::transaction::ObUniqueIDService>()->gen_unique_id(unique_id,
src/storage/ob_disk_usage_reporter.cpp	82	ObDiskUsageReportTask::count_server_data	lookup of slot type ObLocalStorageMetaService	if (OB_FAIL(::oceanbase::share::server_service<::oceanbase::storage::ObLocalStorageMetaService>()->get_meta_block_list(block_list))) {
src/storage/ob_disk_usage_reporter.cpp	84	ObDiskUsageReportTask::count_server_data	lookup of slot type ObStorageMetaMemMgr	ObStorageMetaMemMgr *t3m = ::oceanbase::share::server_service<::oceanbase::storage::ObStorageMetaMemMgr>();
src/storage/ob_disk_usage_reporter.cpp	85	ObDiskUsageReportTask::count_server_data	lookup of slot type ObLSService	ObLSService *ls_service = ::oceanbase::share::server_service<::oceanbase::storage::ObLSService>();
src/storage/ob_disk_usage_reporter.cpp	148	ObDiskUsageReportTask::get_data_disk_used_size	lookup of slot type ObTmpFileManager	ObTmpFileManager *tmp_file_manager = ::oceanbase::share::server_service<::oceanbase::tmp_file::ObTmpFileManager>();
src/storage/ob_i_memtable_mgr.cpp	202	ObIMemtableMgr::init	lookup of slot type ObStorageMetaMemMgr	ObStorageMetaMemMgr *t3m = ::oceanbase::share::server_service<::oceanbase::storage::ObStorageMetaMemMgr>();
src/storage/ob_i_memtable_mgr.cpp	203	ObIMemtableMgr::init	lookup of slot type ObLSService	if (OB_ISNULL(ls_service = ::oceanbase::share::server_service<::oceanbase::storage::ObLSService>())) {
src/storage/ob_i_pre_warmer.cpp	42	ObPreWarmerParam::init	lookup of slot type ObTabletStatMgr	if (OB_TMP_FAIL(::oceanbase::share::server_service<::oceanbase::storage::ObTabletStatMgr>()
src/storage/ob_i_store.cpp	73	ObStoreCtx::init_for_read	lookup of slot type ObLSService	ObLSService *ls_svr = ::oceanbase::share::server_service<::oceanbase::storage::ObLSService>();
src/storage/ob_i_table.cpp	506	ObTablesHandleArray::add_memtable	lookup of slot type ObStorageMetaMemMgr	} else if (OB_FAIL(handle.set_table(table, ::oceanbase::share::server_service<::oceanbase::storage::ObStorageMetaMemMgr>(), table->get_key().table_type_))) {
src/storage/ob_i_tablet_memtable.cpp	122	ObITabletMemtable::set_memtable_mgr_	lookup of slot type ObTabletMemtableMgrPool	ObTabletMemtableMgrPool *pool = ::oceanbase::share::server_service<::oceanbase::storage::ObTabletMemtableMgrPool>();
src/storage/ob_parallel_external_sort.h	237	ObFragmentWriterV2::open	lookup of slot type ObTmpFileManager	} else if (OB_FAIL(::oceanbase::share::server_service<::oceanbase::tmp_file::ObTmpFileManager>()->open(fd_, dir_id_))) {
src/storage/ob_parallel_external_sort.h	317	ObFragmentWriterV2::flush_buffer	lookup of slot type ObTmpFileManager	if (OB_FAIL(::oceanbase::share::server_service<::oceanbase::tmp_file::ObTmpFileManager>()->aio_write(io_info, file_io_handle_))) {
src/storage/ob_parallel_external_sort.h	555	ObFragmentReaderV2::prefetch	lookup of slot type ObTmpFileManager	} else if (OB_FAIL(::oceanbase::share::server_service<::oceanbase::tmp_file::ObTmpFileManager>()->aio_read(io_info, file_io_handles_[handle_index]))) {
src/storage/ob_parallel_external_sort.h	673	ObFragmentReaderV2::clean_up	lookup of slot type ObTmpFileManager	if (OB_FAIL(::oceanbase::share::server_service<::oceanbase::tmp_file::ObTmpFileManager>()->remove(fd_))) {
src/storage/ob_parallel_external_sort.h	1052	ObExternalSortRound::init	lookup of slot type ObTmpFileManager	} else if (OB_FAIL(::oceanbase::share::server_service<::oceanbase::tmp_file::ObTmpFileManager>()->alloc_dir(dir_id_))) {
src/storage/ob_protected_memtable_mgr_handle.cpp	33	ObProtectedMemtableMgrHandle::create_tablet_memtable_mgr_	lookup of slot type ObTabletMemtableMgrPool	ObTabletMemtableMgrPool *pool = ::oceanbase::share::server_service<::oceanbase::storage::ObTabletMemtableMgrPool>();
src/storage/ob_storage_clog_recorder.cpp	290	ObIStorageClogRecorder::get_tablet_handle	lookup of slot type ObLSService	if (OB_FAIL(::oceanbase::share::server_service<::oceanbase::storage::ObLSService>()->get_ls(tenant_ls))) {
src/storage/ob_storage_clog_recorder.cpp	304	ObIStorageClogRecorder::replay_get_tablet_handle	lookup of slot type ObLSService	if (OB_FAIL(::oceanbase::share::server_service<::oceanbase::storage::ObLSService>()->get_ls(tenant_ls))) {
src/storage/ob_storage_schema_recorder.cpp	253	ObStorageSchemaRecorder::get_schema	lookup of slot type ObSchemaRuntimeService	} else if (OB_FAIL(::oceanbase::share::server_service<::oceanbase::share::schema::ObSchemaRuntimeService>()->get_schema_service()->get_runtime_schema_guard(*schema_guard_))) {
src/storage/ob_storage_table_guard.cpp	64	ObStorageTableGuard::throttle_if_needed_	lookup of slot type ObSharedMemAllocMgr	ObSharedMemAllocMgr *shared_mem_alloc_mgr = ::oceanbase::share::server_service<::oceanbase::share::ObSharedMemAllocMgr>();
src/storage/ob_storage_table_guard.cpp	78	ObStorageTableGuard::throttle_if_needed_	lookup of slot type ObLSService	if (OB_FAIL(::oceanbase::share::server_service<::oceanbase::storage::ObLSService>()->get_ls(tenant_ls))) {
src/storage/ob_storage_table_guard.cpp	84	ObStorageTableGuard::throttle_if_needed_	lookup of slot type ObMemstoreFreezer	::oceanbase::share::server_service<::oceanbase::storage::ObMemstoreFreezer>()->exist_ls_throttle_is_skipping(),
src/storage/ob_storage_table_guard.cpp	195	ObStorageTableGuard::create_data_memtable_for_replay_	lookup of slot type ObLSService	if (OB_FAIL(::oceanbase::share::server_service<::oceanbase::storage::ObLSService>()->get_ls(tenant_ls))) {
src/storage/ob_storage_table_guard.cpp	343	ObStorageTableGuard::check_freeze_to_inc_write_ref	lookup of slot type ObLSService	if (OB_FAIL(::oceanbase::share::server_service<::oceanbase::storage::ObLSService>()->get_ls(tenant_ls))) {
src/storage/ob_sync_tablet_seq_clog.cpp	102	ObSyncTabletSeqMdsLogCb::init	lookup of slot type ObLSService	ObLSService *ls_srv = ::oceanbase::share::server_service<::oceanbase::storage::ObLSService>();
src/storage/ob_tablet_autoinc_seq_service.cpp	150	get_local_ls	lookup of slot type ObLSService	ObLSService *ls_service = ::oceanbase::share::server_service<::oceanbase::storage::ObLSService>();
src/storage/ob_tablet_autoincrement_service.cpp	43	get_system_tablet_handle	lookup of slot type ObLSService	::oceanbase::share::server_service<::oceanbase::storage::ObLSService>();
src/storage/ob_tablet_stat_mgr.cpp	850	ObTabletStatMgr::refresh_queuing_mode	lookup of slot type ObSchemaRuntimeService	ObMultiVersionSchemaService *schema_service = ::oceanbase::share::server_service<::oceanbase::share::schema::ObSchemaRuntimeService>()->get_schema_service();
src/storage/ob_tablet_stat_mgr.cpp	956	ObTabletStatMgr::TabletStatUpdater::runTimerTask	lookup of slot type ObGlobalIteratorPool	ObGlobalIteratorPool *global_iter_pool = ::oceanbase::share::server_service<::oceanbase::storage::ObGlobalIteratorPool>();
src/storage/ob_value_row_iterator.cpp	169	ObRowGetter::~ObRowGetter	lookup of slot type ObGlobalIteratorPool	ObGlobalIteratorPool *iter_pool = ::oceanbase::share::server_service<::oceanbase::storage::ObGlobalIteratorPool>();
src/storage/ob_value_row_iterator.cpp	248	ObRowGetter::prepare_cached_iter_node	lookup of slot type ObGlobalIteratorPool	ObGlobalIteratorPool *iter_pool = ::oceanbase::share::server_service<::oceanbase::storage::ObGlobalIteratorPool>();
src/storage/ob_value_row_iterator.cpp	354	ObRowGetter::can_use_global_iter_pool	lookup of slot type ObGlobalIteratorPool	ObGlobalIteratorPool *iter_pool = ::oceanbase::share::server_service<::oceanbase::storage::ObGlobalIteratorPool>();
src/storage/retrieval/ob_block_max_iter.cpp	278	ObBlockMaxScoreIterator::inner_init	lookup of slot type ObAccessService	} else if (OB_FAIL(::oceanbase::share::server_service<::oceanbase::storage::ObAccessService>()->scan_block_stat(block_stat_scan_param_, stat_iter_))) {
src/storage/retrieval/ob_block_stat_iter.cpp	364	ObBlockStatIterator::refresh_tablet_iter	lookup of slot type ObLSService	} else if (OB_FAIL(::oceanbase::share::server_service<::oceanbase::storage::ObLSService>()->get_ls(tenant_ls))) {
src/storage/retrieval/ob_inv_idx_param_estimator.cpp	43	ObTextAvgDocLenEstimator::estimate_avg_doc_len	lookup of slot type ObAccessService	if (OB_FAIL(::oceanbase::share::server_service<::oceanbase::storage::ObAccessService>()->scan_block_stat(doc_length_est_param_, stat_iter))) {
src/storage/retrieval/ob_text_retrieval_token_iter.cpp	379	ObTextRetrievalTokenIter::estimate_token_doc_cnt	lookup of slot type ObAccessService	if (OB_ISNULL(access_service = ::oceanbase::share::server_service<::oceanbase::storage::ObAccessService>())) {
src/storage/scheduler/ob_dag_scheduler.cpp	1892	ObDagWorker::run1	lookup of slot type ObDagScheduler	if (OB_FAIL(::oceanbase::share::server_service<::oceanbase::share::ObDagScheduler>()->deal_with_finish_task(cur_task, *this, ret/*task error_code*/))) {
src/storage/scheduler/ob_dag_scheduler.cpp	1918	ObDagWorker::yield	lookup of slot type ObDagScheduler	} else if (DWS_RUNNING == status_ && ::oceanbase::share::server_service<::oceanbase::share::ObDagScheduler>()->try_switch(*this)) {
src/storage/scheduler/ob_dag_scheduler.cpp	2411	ObDagPrioScheduler::finish_dag_	lookup of slot type ObCompactionSuggestionMgr	compaction::ObCompactionSuggestionMgr *suggestion_mgr = ::oceanbase::share::server_service<::oceanbase::compaction::ObCompactionSuggestionMgr>();
src/storage/scheduler/ob_dag_scheduler.cpp	2422	ObDagPrioScheduler::finish_dag_	lookup of slot type ObCompactionMemPool	ObCompactionMemPool *mem_pool = ::oceanbase::share::server_service<::oceanbase::storage::ObCompactionMemPool>();
src/storage/scheduler/ob_dag_scheduler.cpp	2429	ObDagPrioScheduler::finish_dag_	lookup of slot type ObDagWarningHistoryManager	if (OB_TMP_FAIL(::oceanbase::share::server_service<::oceanbase::share::ObDagWarningHistoryManager>()->add_dag_warning_info(dag))) {
src/storage/scheduler/ob_dag_scheduler.cpp	2435	ObDagPrioScheduler::finish_dag_	lookup of slot type ObDiagnoseTabletMgr	if (OB_TMP_FAIL(::oceanbase::share::server_service<::oceanbase::compaction::ObDiagnoseTabletMgr>()->add_diagnose_tablet(
src/storage/scheduler/ob_dag_scheduler.cpp	2438	ObDagPrioScheduler::finish_dag_	lookup of slot type ObDiagnoseTabletMgr	} else if (OB_TMP_FAIL(::oceanbase::share::server_service<::oceanbase::compaction::ObDiagnoseTabletMgr>()->delete_diagnose_tablet(
src/storage/scheduler/ob_dag_scheduler.cpp	2988	ObDagPrioScheduler::diagnose_compaction_dags	lookup of slot type ObDiagnoseTabletMgr	} else if (OB_TMP_FAIL(::oceanbase::share::server_service<::oceanbase::compaction::ObDiagnoseTabletMgr>()->add_diagnose_tablet(merge_dag->tablet_id_,
src/storage/scheduler/ob_dag_scheduler.cpp	3027	ObDagPrioScheduler::deal_with_finish_task	lookup of slot type ObCompactionMemPool	ObCompactionMemPool *mem_pool = ::oceanbase::share::server_service<::oceanbase::storage::ObCompactionMemPool>();
src/storage/scheduler/ob_dag_scheduler.cpp	3976	ObDagScheduler::diagnose_for_suggestion	lookup of slot type ObCompactionSuggestionMgr	compaction::ObCompactionSuggestionMgr *suggestion_mgr = ::oceanbase::share::server_service<::oceanbase::compaction::ObCompactionSuggestionMgr>();
src/storage/scheduler/ob_dag_warning_history_mgr.cpp	161	clear_dag_warning_history	lookup of slot type ObDagWarningHistoryManager	::oceanbase::share::server_service<
src/storage/scheduler/ob_dag_warning_history_mgr.cpp	163	clear_dag_warning_history	lookup of slot type ObDagWarningHistoryManager	::oceanbase::share::server_service<::oceanbase::share::ObDagWarningHistoryManager>()->clear();
src/storage/scheduler/ob_independent_dag.cpp	74	ObIndependentDag::basic_init	lookup of slot type ObDagScheduler	ObDagScheduler* dag_scheduler = ::oceanbase::share::server_service<::oceanbase::share::ObDagScheduler>();
src/storage/slog_ckpt/ob_local_storage_checkpoint_slog_handler.cpp	300	ObLocalStorageCheckpointSlogHandler::do_replay_single_snapshot	lookup of slot type ObStartupAccelTaskHandler	} else if (OB_FAIL(handler.concurrent_replay(::oceanbase::share::server_service<::oceanbase::storage::ObStartupAccelTaskHandler>()))) {
src/storage/slog_ckpt/ob_local_storage_checkpoint_slog_handler.cpp	368	ObLocalStorageCheckpointSlogHandler::replay_checkpoint_ls	lookup of slot type ObLSService	} else if (OB_FAIL(::oceanbase::share::server_service<::oceanbase::storage::ObLSService>()->replay_create_ls(0/*ls_epoch*/, ls_ckpt_member.ls_meta_))) {
src/storage/slog_ckpt/ob_local_storage_checkpoint_slog_handler.cpp	407	ObLocalStorageCheckpointSlogHandler::replay_local_storage_slog	lookup of slot type ObStartupAccelTaskHandler	} else if (OB_FAIL(handler.concurrent_replay(::oceanbase::share::server_service<::oceanbase::storage::ObStartupAccelTaskHandler>()))) {
src/storage/slog_ckpt/ob_local_storage_checkpoint_slog_handler.cpp	540	ObLocalStorageCheckpointSlogHandler::write_checkpoint	lookup of slot type ObIServerRuntime	ObIServerRuntime *runtime = ::oceanbase::share::server_service<::oceanbase::storage::ObIServerRuntime>();
src/storage/slog_ckpt/ob_local_storage_checkpoint_slog_handler.cpp	636	ObLocalStorageCheckpointSlogHandler::add_snapshot	lookup of slot type ObIServerRuntime	ObIServerRuntime *runtime = ::oceanbase::share::server_service<::oceanbase::storage::ObIServerRuntime>();
src/storage/slog_ckpt/ob_local_storage_checkpoint_slog_handler.cpp	655	ObLocalStorageCheckpointSlogHandler::delete_snapshot	lookup of slot type ObIServerRuntime	ObIServerRuntime *runtime = ::oceanbase::share::server_service<::oceanbase::storage::ObIServerRuntime>();
src/storage/slog_ckpt/ob_local_storage_checkpoint_slog_handler.cpp	674	ObLocalStorageCheckpointSlogHandler::swap_snapshot	lookup of slot type ObIServerRuntime	ObIServerRuntime *runtime = ::oceanbase::share::server_service<::oceanbase::storage::ObIServerRuntime>();
src/storage/slog_ckpt/ob_local_storage_checkpoint_slog_handler.cpp	829	ObLocalStorageCheckpointSlogHandler::inner_replay_update_ls_slog	lookup of slot type ObLSService	} else if (OB_FAIL(::oceanbase::share::server_service<::oceanbase::storage::ObLSService>()->replay_update_ls(slog_entry.get_ls_meta()))) {
src/storage/slog_ckpt/ob_local_storage_checkpoint_writer.cpp	94	ObLocalStorageCheckpointWriter::record_ls_meta	lookup of slot type ObLSService	if (OB_FAIL(::oceanbase::share::server_service<::oceanbase::storage::ObLSService>()->get_ls(tenant_ls))) {
src/storage/slog_ckpt/ob_local_storage_checkpoint_writer.cpp	220	ObLocalStorageCheckpointWriter::persist_and_copy_tablet	lookup of slot type ObStorageMetaMemMgr	ObStorageMetaMemMgr *t3m = ::oceanbase::share::server_service<::oceanbase::storage::ObStorageMetaMemMgr>();
src/storage/slog_ckpt/ob_local_storage_checkpoint_writer.cpp	288	ObLocalStorageCheckpointWriter::copy_tablet	lookup of slot type ObStorageMetaMemMgr	if (OB_FAIL(::oceanbase::share::server_service<::oceanbase::storage::ObStorageMetaMemMgr>()->get_tablet_with_allocator(WashTabletPriority::WTP_LOW, tablet_key, allocator, tablet_handle))) {
src/storage/slog_ckpt/ob_local_storage_checkpoint_writer.cpp	369	ObLocalStorageCheckpointWriter::batch_compare_and_swap_tablet	lookup of slot type ObStorageMetaMemMgr	ObStorageMetaMemMgr *t3m = ::oceanbase::share::server_service<::oceanbase::storage::ObStorageMetaMemMgr>();
src/storage/slog_ckpt/ob_local_storage_checkpoint_writer.cpp	384	ObLocalStorageCheckpointWriter::batch_compare_and_swap_tablet	lookup of slot type ObLSService	} else if (OB_ISNULL(ls_svr = ::oceanbase::share::server_service<::oceanbase::storage::ObLSService>())) {
src/storage/slog_ckpt/ob_local_storage_checkpoint_writer.cpp	448	ObLocalStorageCheckpointWriter::rollback	lookup of slot type ObLocalStorageMetaService	if (OB_FAIL(::oceanbase::share::server_service<::oceanbase::storage::ObLocalStorageMetaService>()->read_from_disk(
src/storage/slog_ckpt/ob_local_storage_checkpoint_writer.cpp	489	ObLocalStorageCheckpointWriter::get_tablet_with_addr	lookup of slot type ObStorageMetaMemMgr	if (OB_FAIL(::oceanbase::share::server_service<::oceanbase::storage::ObStorageMetaMemMgr>()->acquire_tablet_from_pool(
src/storage/slog_ckpt/ob_server_snapshot_handler.cpp	35	ObServerSnapshotHandler::create_server_snapshot	lookup of slot type ObIServerRuntime	ObIServerRuntime *runtime = ::oceanbase::share::server_service<::oceanbase::storage::ObIServerRuntime>();
src/storage/slog_ckpt/ob_server_snapshot_handler.cpp	48	ObServerSnapshotHandler::create_server_snapshot	lookup of slot type ObLocalStorageMetaService	} else if (OB_FAIL(::oceanbase::share::server_service<::oceanbase::storage::ObLocalStorageMetaService>()->add_snapshot(snapshot))) {
src/storage/slog_ckpt/ob_server_snapshot_handler.cpp	100	ObServerSnapshotHandler::get_ls_meta_entry	lookup of slot type ObIServerRuntime	ObIServerRuntime *runtime = ::oceanbase::share::server_service<::oceanbase::storage::ObIServerRuntime>();
src/storage/slog_ckpt/ob_server_snapshot_handler.cpp	154	ObServerSnapshotHandler::delete_server_snapshot	lookup of slot type ObIServerRuntime	ObIServerRuntime *runtime = ::oceanbase::share::server_service<::oceanbase::storage::ObIServerRuntime>();
src/storage/slog_ckpt/ob_server_snapshot_handler.cpp	178	ObServerSnapshotHandler::delete_server_snapshot	lookup of slot type ObLocalStorageMetaService	} else if (OB_FAIL((::oceanbase::share::server_service<::oceanbase::storage::ObLocalStorageMetaService>()->delete_snapshot(snapshot_id)))) {
src/storage/slog_ckpt/ob_server_snapshot_handler.cpp	251	ObServerSnapshotHandler::inner_delete_tablet_by_addrs	lookup of slot type ObLocalStorageMetaService	if (OB_FAIL(::oceanbase::share::server_service<::oceanbase::storage::ObLocalStorageMetaService>()->read_from_disk(
src/storage/slog_ckpt/ob_server_snapshot_handler.cpp	289	ObServerSnapshotHandler::get_all_server_snapshots	lookup of slot type ObIServerRuntime	ObIServerRuntime *runtime = ::oceanbase::share::server_service<::oceanbase::storage::ObIServerRuntime>();
src/storage/slog_ckpt/ob_server_snapshot_handler.cpp	337	ObServerSnapshotHandler::create_all_tablet	lookup of slot type ObLocalStorageMetaService	if (OB_FAIL((::oceanbase::share::server_service<::oceanbase::storage::ObLocalStorageMetaService>()->clone_ls(startup_accel_handler, tablet_meta_entry)))) {
src/storage/slog_ckpt/ob_server_snapshot_handler.cpp	376	ObServerSnapshotHandler::do_write_slog	lookup of slot type ObLocalStorageMetaService through macro LOCAL_STORAGE_META_PERSISTER	if (OB_FAIL(LOCAL_STORAGE_META_PERSISTER.batch_update_tablet(slog_arr))) {
src/storage/slog_ckpt/ob_tablet_replay_create_handler.cpp	345	ObTabletReplayCreateHandler::get_tablet_svr_	lookup of slot type ObLSService	if (OB_FAIL(::oceanbase::share::server_service<::oceanbase::storage::ObLSService>()->get_ls(tenant_ls))) {
src/storage/slog_ckpt/ob_tablet_replay_create_handler.cpp	372	ObTabletReplayCreateHandler::replay_discrete_tablets	lookup of slot type ObLocalStorageMetaService	if (OB_FAIL(::oceanbase::share::server_service<::oceanbase::storage::ObLocalStorageMetaService>()->read_from_disk(replay_item.addr_, io_allocator, buf, buf_len))) {
src/storage/tablelock/ob_lock_inner_connection_util.cpp	30	runtime	lookup of slot type ObIInnerConnectionLockRuntime	return ::oceanbase::share::server_service<
src/storage/tablelock/ob_lock_memtable.cpp	295	ObLockMemtable::check_tablet_write_allow_	lookup of slot type ObLSService	} else if (OB_FAIL(::oceanbase::share::server_service<::oceanbase::storage::ObLSService>()->get_ls(tenant_ls))) {
src/storage/tablelock/ob_lock_memtable.cpp	457	ObLockMemtable::post_obj_lock_conflict_	lookup of slot type ObLockWaitMgr	if (OB_ISNULL(lock_wait_mgr = share::server_service<ObLockWaitMgr>())) {
src/storage/tablelock/ob_obj_lock.cpp	683	ObOBJLock::wakeup_waiters_	lookup of slot type ObLockWaitMgr	} else if (OB_ISNULL(::oceanbase::share::server_service<::oceanbase::memtable::ObLockWaitMgr>())) {
src/storage/tablelock/ob_obj_lock.cpp	686	ObOBJLock::wakeup_waiters_	lookup of slot type ObLockWaitMgr	::oceanbase::share::server_service<::oceanbase::memtable::ObLockWaitMgr>()->wakeup(lock_op.lock_id_);
src/storage/tablelock/ob_session_table_lock.cpp	65	unlock_request	lookup of slot type ObTableLockService	ObTableLockService *service = ::oceanbase::share::server_service<::oceanbase::transaction::tablelock::ObTableLockService>();
src/storage/tablelock/ob_session_table_lock.cpp	100	acquire_named_lock	lookup of slot type ObTableLockService	::oceanbase::share::server_service<::oceanbase::transaction::tablelock::ObTableLockService>();
src/storage/tablelock/ob_session_table_lock.cpp	134	acquire_mysql_table_lock	lookup of slot type ObTableLockService	::oceanbase::share::server_service<::oceanbase::transaction::tablelock::ObTableLockService>();
src/storage/tablelock/ob_table_lock_deadlock.cpp	51	ObTxLockPartOnDetectOp::operator()	lookup of slot type ObLSService	} else if (OB_FAIL(::oceanbase::share::server_service<::oceanbase::storage::ObLSService>()->get_ls(ls))) {
src/storage/tablelock/ob_table_lock_deadlock.cpp	160	ObTransLockPartBlockCallBack::operator()	lookup of slot type ObLSService	} else if (OB_FAIL(::oceanbase::share::server_service<::oceanbase::storage::ObLSService>()->get_ls(ls))) {
src/storage/tablelock/ob_table_lock_deadlock.cpp	243	ObTableLockDeadlockDetectorHelper::register_trans_lock_part	lookup of slot type ObDeadLockDetectorMgr	} else if (OB_FAIL(::oceanbase::share::server_service<::oceanbase::share::detector::ObDeadLockDetectorMgr>() ->register_key(tx_lock_part_id,
src/storage/tablelock/ob_table_lock_deadlock.cpp	259	ObTableLockDeadlockDetectorHelper::unregister_trans_lock_part	lookup of slot type ObDeadLockDetectorMgr	} else if (OB_FAIL(::oceanbase::share::server_service<::oceanbase::share::detector::ObDeadLockDetectorMgr>()->unregister_key(tx_lock_part_id))) {
src/storage/tablelock/ob_table_lock_deadlock.cpp	274	ObTableLockDeadlockDetectorHelper::add_parent	lookup of slot type ObDeadLockDetectorMgr	} else if (OB_FAIL(::oceanbase::share::server_service<::oceanbase::share::detector::ObDeadLockDetectorMgr>()->add_parent(tx_lock_part_id,
src/storage/tablelock/ob_table_lock_deadlock.cpp	297	ObTableLockDeadlockDetectorHelper::block	lookup of slot type ObDeadLockDetectorMgr	} else if (OB_FAIL(::oceanbase::share::server_service<::oceanbase::share::detector::ObDeadLockDetectorMgr>()->block(tx_lock_part_id,
src/storage/tablelock/ob_table_lock_live_detector.cpp	37	ObTableLockDetectFuncList::detect_session_alive	lookup of slot type ObTableLockService	::oceanbase::share::server_service<::oceanbase::transaction::tablelock::ObTableLockService>();
src/storage/tablelock/ob_table_lock_local_executor.cpp	78	#define BATCH_PROCESS	lookup of slot type ObAccessService inside #define BATCH_PROCESS (5 uses of the macro)	ObAccessService *access_srv = ::oceanbase::share::server_service<::oceanbase::storage::ObAccessService>();               \
src/storage/tablelock/ob_table_lock_local_executor.cpp	81	#define BATCH_PROCESS	lookup of slot type ObLSService inside #define BATCH_PROCESS (5 uses of the macro)	if (OB_FAIL(::oceanbase::share::server_service<::oceanbase::storage::ObLSService>()->get_ls(tenant_ls))) {       \
src/storage/tablelock/ob_table_lock_local_executor.cpp	134	handle_batch_lock_task	lookup of slot type ObTransService	ObTransService *tx_srv = ::oceanbase::share::server_service<::oceanbase::transaction::ObTransService>();
src/storage/tablelock/ob_table_lock_local_executor.cpp	138	handle_batch_lock_task	lookup of slot type ObAccessService through macro BATCH_PROCESS	ret = BATCH_PROCESS(arg, pre_check_lock, result);
src/storage/tablelock/ob_table_lock_local_executor.cpp	138	handle_batch_lock_task	lookup of slot type ObLSService through macro BATCH_PROCESS	ret = BATCH_PROCESS(arg, pre_check_lock, result);
src/storage/tablelock/ob_table_lock_local_executor.cpp	143	handle_batch_lock_task	lookup of slot type ObAccessService through macro BATCH_PROCESS	ret = BATCH_PROCESS(arg, add_lock_into_queue, result);
src/storage/tablelock/ob_table_lock_local_executor.cpp	143	handle_batch_lock_task	lookup of slot type ObLSService through macro BATCH_PROCESS	ret = BATCH_PROCESS(arg, add_lock_into_queue, result);
src/storage/tablelock/ob_table_lock_local_executor.cpp	152	handle_batch_lock_task	lookup of slot type ObAccessService through macro BATCH_PROCESS	if (OB_FAIL(BATCH_PROCESS(arg, lock_obj, result))) {
src/storage/tablelock/ob_table_lock_local_executor.cpp	152	handle_batch_lock_task	lookup of slot type ObLSService through macro BATCH_PROCESS	if (OB_FAIL(BATCH_PROCESS(arg, lock_obj, result))) {
src/storage/tablelock/ob_table_lock_local_executor.cpp	195	handle_batch_replace_lock_task	lookup of slot type ObTransService	ObTransService *tx_srv = ::oceanbase::share::server_service<::oceanbase::transaction::ObTransService>();
src/storage/tablelock/ob_table_lock_local_executor.cpp	207	handle_batch_replace_lock_task	lookup of slot type ObAccessService through macro BATCH_PROCESS	if (OB_FAIL(BATCH_PROCESS(arg, replace_obj_lock, result))) {
src/storage/tablelock/ob_table_lock_local_executor.cpp	207	handle_batch_replace_lock_task	lookup of slot type ObLSService through macro BATCH_PROCESS	if (OB_FAIL(BATCH_PROCESS(arg, replace_obj_lock, result))) {
src/storage/tablelock/ob_table_lock_local_executor.cpp	235	process_for_replace_lock_table_	lookup of slot type ObAccessService	ObAccessService *access_srv = ::oceanbase::share::server_service<::oceanbase::storage::ObAccessService>();
src/storage/tablelock/ob_table_lock_local_executor.cpp	238	process_for_replace_lock_table_	lookup of slot type ObLSService	if (OB_FAIL(::oceanbase::share::server_service<::oceanbase::storage::ObLSService>()->get_ls(tenant_ls))) {
src/storage/tablelock/ob_table_lock_local_executor.cpp	266	replace_lock_for_tablet_in_table_	lookup of slot type ObAccessService	ObAccessService *access_srv = ::oceanbase::share::server_service<::oceanbase::storage::ObAccessService>();
src/storage/tablelock/ob_table_lock_local_executor.cpp	303	handle_high_priority_batch_lock_task	lookup of slot type ObTransService	ObTransService *tx_srv = ::oceanbase::share::server_service<::oceanbase::transaction::ObTransService>();
src/storage/tablelock/ob_table_lock_local_executor.cpp	311	handle_high_priority_batch_lock_task	lookup of slot type ObAccessService through macro BATCH_PROCESS	if (OB_FAIL(BATCH_PROCESS(arg, unlock_obj, result))) {
src/storage/tablelock/ob_table_lock_local_executor.cpp	311	handle_high_priority_batch_lock_task	lookup of slot type ObLSService through macro BATCH_PROCESS	if (OB_FAIL(BATCH_PROCESS(arg, unlock_obj, result))) {
src/storage/tablelock/ob_table_lock_rpc_struct.cpp	284	TxDescHelper::deserialize_tx_desc	lookup of slot type ObTransService	ObTransService *txs = ::oceanbase::share::server_service<::oceanbase::transaction::ObTransService>();
src/storage/tablelock/ob_table_lock_rpc_struct.cpp	296	TxDescHelper::release_tx_desc	lookup of slot type ObTransService	ObTransService *txs = ::oceanbase::share::server_service<::oceanbase::transaction::ObTransService>();
src/storage/tablelock/ob_table_lock_service.cpp	948	ObTableLockService::handle_task_result_	lookup of slot type ObTransService	ObTransService *txs = ::oceanbase::share::server_service<::oceanbase::transaction::ObTransService>();
src/storage/tablelock/ob_table_lock_service.cpp	1792	ObTableLockService::start_tx_	lookup of slot type ObTransService	ObTransService *txs = ::oceanbase::share::server_service<::oceanbase::transaction::ObTransService>();
src/storage/tablelock/ob_table_lock_service.cpp	1819	ObTableLockService::end_tx_	lookup of slot type ObTransService	ObTransService *txs = ::oceanbase::share::server_service<::oceanbase::transaction::ObTransService>();
src/storage/tablelock/ob_table_lock_service.cpp	1847	ObTableLockService::start_sub_tx_	lookup of slot type ObTransService	ObTransService *txs = ::oceanbase::share::server_service<::oceanbase::transaction::ObTransService>();
src/storage/tablelock/ob_table_lock_service.cpp	1871	ObTableLockService::end_sub_tx_	lookup of slot type ObTransService	ObTransService *txs = ::oceanbase::share::server_service<::oceanbase::transaction::ObTransService>();
src/storage/tablelock/ob_table_lock_service.cpp	1896	ObTableLockService::start_stmt_	lookup of slot type ObTransService	ObTransService *txs = ::oceanbase::share::server_service<::oceanbase::transaction::ObTransService>();
src/storage/tablelock/ob_table_lock_service.cpp	1920	ObTableLockService::end_stmt_	lookup of slot type ObTransService	ObTransService *txs = ::oceanbase::share::server_service<::oceanbase::transaction::ObTransService>();
src/storage/tablelock/ob_table_lock_service.cpp	1972	lock_table	lookup of slot type ObTableLockService	share::server_service<transaction::tablelock::ObTableLockService>();
src/storage/tablelock/ob_table_lock_service.cpp	1999	lock_partition_or_subpartition	lookup of slot type ObTableLockService	share::server_service<transaction::tablelock::ObTableLockService>();
src/storage/tablet/ob_full_tablet_creator.cpp	145	ObFullTabletCreator::create_tablet	lookup of slot type ObStorageMetaMemMgr	ObStorageMetaMemMgr *t3m = ::oceanbase::share::server_service<::oceanbase::storage::ObStorageMetaMemMgr>();
src/storage/tablet/ob_i_tablet_mds_interface.cpp	240	ObITabletMdsInterface::get_tablet_handle_from_this	lookup of slot type ObStorageMetaMemMgr	ObStorageMetaMemMgr *t3m = ::oceanbase::share::server_service<::oceanbase::storage::ObStorageMetaMemMgr>();
src/storage/tablet/ob_tablet.cpp	1935	ObTablet::load_macro_info	lookup of slot type ObLocalStorageMetaService	if (OB_FAIL(::oceanbase::share::server_service<::oceanbase::storage::ObLocalStorageMetaService>()->read_from_disk(
src/storage/tablet/ob_tablet.cpp	2030	ObTablet::inc_ref_with_macro_iter	lookup of slot type ObSharedMacroBlockMgr	&& (OB_ISNULL(::oceanbase::share::server_service<::oceanbase::blocksstable::ObSharedMacroBlockMgr>())
src/storage/tablet/ob_tablet.cpp	2031	ObTablet::inc_ref_with_macro_iter	lookup of slot type ObSharedMacroBlockMgr	|| OB_FAIL(::oceanbase::share::server_service<::oceanbase::blocksstable::ObSharedMacroBlockMgr>()->add_block(
src/storage/tablet/ob_tablet.cpp	2065	ObTablet::inc_ref_with_macro_iter	lookup of slot type ObSharedMacroBlockMgr	&& OB_NOT_NULL(::oceanbase::share::server_service<::oceanbase::blocksstable::ObSharedMacroBlockMgr>())
src/storage/tablet/ob_tablet.cpp	2066	ObTablet::inc_ref_with_macro_iter	lookup of slot type ObSharedMacroBlockMgr	&& OB_TMP_FAIL(::oceanbase::share::server_service<::oceanbase::blocksstable::ObSharedMacroBlockMgr>()->free_block(
src/storage/tablet/ob_tablet.cpp	2192	ObTablet::dec_ref_with_macro_iter	lookup of slot type ObSharedMacroBlockMgr	&& (OB_ISNULL(::oceanbase::share::server_service<::oceanbase::blocksstable::ObSharedMacroBlockMgr>())
src/storage/tablet/ob_tablet.cpp	2193	ObTablet::dec_ref_with_macro_iter	lookup of slot type ObSharedMacroBlockMgr	|| OB_FAIL(::oceanbase::share::server_service<::oceanbase::blocksstable::ObSharedMacroBlockMgr>()->free_block(
src/storage/tablet/ob_tablet.cpp	2585	ObTablet::check_schema_version_for_bounded_staleness_read	lookup of slot type ObSchemaRuntimeService	ObMultiVersionSchemaService *schema_service = ::oceanbase::share::server_service<::oceanbase::share::schema::ObSchemaRuntimeService>()->get_schema_service();
src/storage/tablet/ob_tablet.cpp	2817	ObTablet::get_fork_src_read_tables_	lookup of slot type ObLSService	if (OB_ISNULL(ls_service = ::oceanbase::share::server_service<::oceanbase::storage::ObLSService>())) {
src/storage/tablet/ob_tablet.cpp	3537	ObTablet::init_shared_params	lookup of slot type ObStorageMetaMemMgr	::oceanbase::share::server_service<::oceanbase::storage::ObStorageMetaMemMgr>()))) {
src/storage/tablet/ob_tablet.cpp	3745	ObTablet::get_kept_snapshot_info	lookup of slot type ObFreezeInfoMgr	if (FAILEDx(::oceanbase::share::server_service<::oceanbase::storage::ObFreezeInfoMgr>()->get_min_reserved_snapshot(tablet_id, max_merged_snapshot, snapshot_info))) {
src/storage/tablet/ob_tablet.cpp	3913	ObTablet::start_direct_load_task_if_need	lookup of slot type ObLSService	ObLSService *ls_service = ::oceanbase::share::server_service<::oceanbase::storage::ObLSService>();
src/storage/tablet/ob_tablet.cpp	3933	ObTablet::check_schema_version_elapsed	lookup of slot type ObSchemaRuntimeService	ObMultiVersionSchemaService *schema_service = ::oceanbase::share::server_service<::oceanbase::share::schema::ObSchemaRuntimeService>()->get_schema_service();
src/storage/tablet/ob_tablet.cpp	3946	ObTablet::check_schema_version_elapsed	lookup of slot type ObTransService	transaction::ObTransService *txs = ::oceanbase::share::server_service<::oceanbase::transaction::ObTransService>();
src/storage/tablet/ob_tablet.cpp	3970	ObTablet::check_schema_version_elapsed	lookup of slot type ObTransService	transaction::ObTransService *txs = ::oceanbase::share::server_service<::oceanbase::transaction::ObTransService>();
src/storage/tablet/ob_tablet.cpp	3971	ObTablet::check_schema_version_elapsed	lookup of slot type ObLSService	ObLSService *ls_service = ::oceanbase::share::server_service<::oceanbase::storage::ObLSService>();
src/storage/tablet/ob_tablet.cpp	4147	ObTablet::get_tablet_runtime_info_by_sstable	lookup of slot type ObFreezeInfoMgr	} else if (OB_FAIL(::oceanbase::share::server_service<::oceanbase::storage::ObFreezeInfoMgr>()->get_lower_bound_freeze_info_before_snapshot_version(report_major_snapshot, freeze_info))) {
src/storage/tablet/ob_tablet.cpp	4953	ObTablet::reset_memtable	lookup of slot type ObStorageMetaMemMgr	ObStorageMetaMemMgr *t3m = ::oceanbase::share::server_service<::oceanbase::storage::ObStorageMetaMemMgr>();
src/storage/tablet/ob_tablet.cpp	5068	ObTablet::reset_ddl_memtables	lookup of slot type ObStorageMetaMemMgr	::oceanbase::share::server_service<::oceanbase::storage::ObStorageMetaMemMgr>()->release_ddl_kv(ddl_kv);
src/storage/tablet/ob_tablet.cpp	5773	ObTablet::get_memtables	lookup of slot type ObStorageMetaMemMgr	ObStorageMetaMemMgr *t3m = ::oceanbase::share::server_service<::oceanbase::storage::ObStorageMetaMemMgr>();
src/storage/tablet/ob_tablet_binding_helper.cpp	100	ObTabletBindingHelper::get_ls	lookup of slot type ObLSService	if (OB_ISNULL(ls_srv = ::oceanbase::share::server_service<::oceanbase::storage::ObLSService>())) {
src/storage/tablet/ob_tablet_binding_helper.cpp	792	ObTabletBindingMdsHelper::modify_	lookup of slot type ObLSService	} else if (OB_FAIL(::oceanbase::share::server_service<::oceanbase::storage::ObLSService>()->get_ls(tenant_ls))) {
src/storage/tablet/ob_tablet_create_delete_helper.cpp	69	ObTabletCreateDeleteHelper::get_tablet	lookup of slot type ObStorageMetaMemMgr	ObStorageMetaMemMgr *t3m = ::oceanbase::share::server_service<::oceanbase::storage::ObStorageMetaMemMgr>();
src/storage/tablet/ob_tablet_create_delete_helper.cpp	354	ObTabletCreateDeleteHelper::create_tmp_tablet	lookup of slot type ObStorageMetaMemMgr	ObStorageMetaMemMgr *t3m = ::oceanbase::share::server_service<::oceanbase::storage::ObStorageMetaMemMgr>();
src/storage/tablet/ob_tablet_create_delete_helper.cpp	370	ObTabletCreateDeleteHelper::prepare_create_msd_tablet	lookup of slot type ObStorageMetaMemMgr	ObStorageMetaMemMgr *t3m = ::oceanbase::share::server_service<::oceanbase::storage::ObStorageMetaMemMgr>();
src/storage/tablet/ob_tablet_create_delete_helper.cpp	382	ObTabletCreateDeleteHelper::create_msd_tablet	lookup of slot type ObLSService	ObLSService *ls_service = ::oceanbase::share::server_service<::oceanbase::storage::ObLSService>();
src/storage/tablet/ob_tablet_create_delete_helper.cpp	383	ObTabletCreateDeleteHelper::create_msd_tablet	lookup of slot type ObStorageMetaMemMgr	ObStorageMetaMemMgr *t3m = ::oceanbase::share::server_service<::oceanbase::storage::ObStorageMetaMemMgr>();
src/storage/tablet/ob_tablet_create_delete_helper.cpp	402	ObTabletCreateDeleteHelper::acquire_tmp_tablet	lookup of slot type ObStorageMetaMemMgr	ObStorageMetaMemMgr *t3m = ::oceanbase::share::server_service<::oceanbase::storage::ObStorageMetaMemMgr>();
src/storage/tablet/ob_tablet_create_delete_helper.cpp	419	ObTabletCreateDeleteHelper::acquire_tablet_from_pool	lookup of slot type ObStorageMetaMemMgr	ObStorageMetaMemMgr *t3m = ::oceanbase::share::server_service<::oceanbase::storage::ObStorageMetaMemMgr>();
src/storage/tablet/ob_tablet_create_delete_mds_user_data.cpp	141	ObTabletCreateDeleteMdsUserData::set_tablet_gc_trigger	lookup of slot type ObLSService	if (OB_FAIL(::oceanbase::share::server_service<::oceanbase::storage::ObLSService>()->get_ls(tenant_ls))) {
src/storage/tablet/ob_tablet_create_delete_mds_user_data.cpp	152	ObTabletCreateDeleteMdsUserData::set_tablet_empty_shell_trigger	lookup of slot type ObLSService	if (OB_FAIL(::oceanbase::share::server_service<::oceanbase::storage::ObLSService>()->get_ls(tenant_ls))) {
src/storage/tablet/ob_tablet_create_mds_helper.cpp	172	ObTabletCreateMdsHelper::check_create_new_tablets	lookup of slot type ObStorageMetaMemMgr	ObStorageMetaMemMgr *t3m = ::oceanbase::share::server_service<::oceanbase::storage::ObStorageMetaMemMgr>();
src/storage/tablet/ob_tablet_create_mds_helper.cpp	376	ObTabletCreateMdsHelper::check_pure_data_or_mixed_tablets_info	lookup of slot type ObStorageMetaMemMgr	ObStorageMetaMemMgr *t3m = ::oceanbase::share::server_service<::oceanbase::storage::ObStorageMetaMemMgr>();
src/storage/tablet/ob_tablet_create_mds_helper.cpp	401	ObTabletCreateMdsHelper::check_pure_aux_tablets_info	lookup of slot type ObStorageMetaMemMgr	ObStorageMetaMemMgr *t3m = ::oceanbase::share::server_service<::oceanbase::storage::ObStorageMetaMemMgr>();
src/storage/tablet/ob_tablet_create_mds_helper.cpp	435	ObTabletCreateMdsHelper::check_hidden_tablets_info	lookup of slot type ObStorageMetaMemMgr	ObStorageMetaMemMgr *t3m = ::oceanbase::share::server_service<::oceanbase::storage::ObStorageMetaMemMgr>();
src/storage/tablet/ob_tablet_create_mds_helper.cpp	932	ObTabletCreateMdsHelper::get_ls	lookup of slot type ObLSService	ObLSService *ls_service = ::oceanbase::share::server_service<::oceanbase::storage::ObLSService>();
src/storage/tablet/ob_tablet_ddl_complete_mds_helper.cpp	205	ObTabletDDLCompleteMdsHelper::process	lookup of slot type ObLSService	ObLSService *ls_service = ::oceanbase::share::server_service<::oceanbase::storage::ObLSService>();
src/storage/tablet/ob_tablet_ddl_complete_replay_executor.cpp	113	ObTabletDDLCompleteReplayExecutor::update_tablet_table_store	lookup of slot type ObLSService	} else if (OB_FAIL(::oceanbase::share::server_service<::oceanbase::storage::ObLSService>()->get_ls(tenant_ls))) {
src/storage/tablet/ob_tablet_delete_mds_helper.cpp	111	ObTabletDeleteMdsHelper::delete_tablets	lookup of slot type ObStorageMetaMemMgr	ObStorageMetaMemMgr *t3m = ::oceanbase::share::server_service<::oceanbase::storage::ObStorageMetaMemMgr>();
src/storage/tablet/ob_tablet_delete_mds_helper.cpp	117	ObTabletDeleteMdsHelper::delete_tablets	lookup of slot type ObLSService	if (CLICK_FAIL(::oceanbase::share::server_service<::oceanbase::storage::ObLSService>()->get_ls(tenant_ls))) {
src/storage/tablet/ob_tablet_fork_mds_helper.cpp	206	ObTabletForkMdsHelper::modify	lookup of slot type ObLSService	} else if (OB_FAIL(::oceanbase::share::server_service<::oceanbase::storage::ObLSService>()->get_ls(tenant_ls))) {
src/storage/tablet/ob_tablet_iterator.cpp	85	ObLSTabletIterator::get_next_ddl_kv_mgr	lookup of slot type ObStorageMetaMemMgr	ObStorageMetaMemMgr *t3m = ::oceanbase::share::server_service<::oceanbase::storage::ObStorageMetaMemMgr>();
src/storage/tablet/ob_tablet_memtable_mgr.cpp	98	ObTabletMemtableMgr::init	lookup of slot type ObLSService	} else if (OB_FAIL(::oceanbase::share::server_service<::oceanbase::storage::ObLSService>()->get_ls(tenant_ls))) {
src/storage/tablet/ob_tablet_memtable_mgr.cpp	271	ObTabletMemtableMgr::create_memtable_	lookup of slot type ObLSService	} else if (OB_FAIL(::oceanbase::share::server_service<::oceanbase::storage::ObLSService>()->get_ls(tenant_ls))) {
src/storage/tablet/ob_tablet_persister.cpp	638	ObTabletPersister::acquire_tablet	lookup of slot type ObStorageMetaMemMgr	ObStorageMetaMemMgr *t3m = ::oceanbase::share::server_service<::oceanbase::storage::ObStorageMetaMemMgr>();
src/storage/tablet/ob_tablet_persister.cpp	664	ObTabletPersister::persist_aggregated_meta	lookup of slot type ObLocalStorageMetaService	ObLocalStorageMetaService *meta_service = ::oceanbase::share::server_service<::oceanbase::storage::ObLocalStorageMetaService>();
src/storage/tablet/ob_tablet_persister.cpp	916	ObTabletPersister::batch_write_sstable_info	lookup of slot type ObLocalStorageMetaService	ObLocalStorageMetaService *meta_service = ::oceanbase::share::server_service<::oceanbase::storage::ObLocalStorageMetaService>();
src/storage/tablet/ob_tablet_persister.cpp	1225	ObTabletPersister::write_and_fill_args	lookup of slot type ObLocalStorageMetaService	ObLocalStorageMetaService *meta_service = ::oceanbase::share::server_service<::oceanbase::storage::ObLocalStorageMetaService>();
src/storage/tablet/ob_tablet_persister.cpp	1297	ObTabletPersister::link_write_medium_info_list	lookup of slot type ObLocalStorageMetaService	ObLocalStorageMetaService *meta_service = ::oceanbase::share::server_service<::oceanbase::storage::ObLocalStorageMetaService>();
src/storage/tablet/ob_tablet_replay_executor.cpp	72	ObTabletReplayExecutor::execute	lookup of slot type ObLSService	ObLSService *const ls_service = ::oceanbase::share::server_service<::oceanbase::storage::ObLSService>();
src/storage/tablet/ob_tablet_replay_executor.cpp	233	ObTabletReplayExecutor::replay_to_mds_table_	lookup of slot type ObLSService	ObLSService *ls_svr = ::oceanbase::share::server_service<::oceanbase::storage::ObLSService>();
src/storage/tablet/ob_tablet_replay_executor.cpp	263	ObTabletReplayExecutor::replay_to_mds_table_	lookup of slot type ObLSService	ObLSService *ls_svr = ::oceanbase::share::server_service<::oceanbase::storage::ObLSService>();
src/storage/tablet/ob_tablet_replay_executor.cpp	293	ObTabletReplayExecutor::replay_to_mds_table_	lookup of slot type ObLSService	ObLSService *ls_svr = ::oceanbase::share::server_service<::oceanbase::storage::ObLSService>();
src/storage/tablet/ob_tablet_table_store.cpp	653	ObTabletTableStore::get_table	lookup of slot type ObStorageMetaMemMgr	ObStorageMetaMemMgr *t3m = ::oceanbase::share::server_service<::oceanbase::storage::ObStorageMetaMemMgr>();
src/storage/tablet/ob_tablet_table_store.cpp	1667	ObTabletTableStore::check_ready_for_read	lookup of slot type ObMultiVersionGarbageCollector	::oceanbase::share::server_service<::oceanbase::concurrency_control::ObMultiVersionGarbageCollector>()->report_sstable_overflow();
src/storage/tablet/ob_tablet_table_store_iterator.cpp	119	ObTableStoreIterator::get_next	lookup of slot type ObStorageMetaMemMgr	ObStorageMetaMemMgr *t3m = ::oceanbase::share::server_service<::oceanbase::storage::ObStorageMetaMemMgr>();
src/storage/tmp_file/ob_tmp_file_cache.cpp	474	ObTmpPageCache::load_page	lookup of slot type ObTmpFileManager	ObTmpFileBlockManager &block_manager = ::oceanbase::share::server_service<::oceanbase::tmp_file::ObTmpFileManager>()->get_sn_file_manager().get_tmp_file_block_manager();
src/storage/tmp_file/ob_tmp_file_io_handle.cpp	156	ObTmpFileIOHandle::wait	lookup of slot type ObTmpFileManager	} else if (OB_FAIL(::oceanbase::share::server_service<::oceanbase::tmp_file::ObTmpFileManager>()->get_tmp_file(fd_, file_handle))) {
src/storage/tmp_file/ob_tmp_file_manager.cpp	334	get_tmp_file_manager	lookup of slot type ObTmpFileManager	return ::oceanbase::share::server_service<::oceanbase::tmp_file::ObTmpFileManager>();
src/storage/truncate_info/ob_truncate_info_mds_helper.cpp	69	ObTruncateInfoMdsHelper::on_register	lookup of slot type ObLSService	} else if (OB_FAIL(::oceanbase::share::server_service<::oceanbase::storage::ObLSService>()->get_ls(tenant_ls))) {
src/storage/tx/ob_id_service.cpp	74	ObIDService::check_and_fill_ls	lookup of slot type ObLSService	if (OB_FAIL(::oceanbase::share::server_service<::oceanbase::storage::ObLSService>()->get_ls(ls))) {
src/storage/tx/ob_id_service.cpp	402	ObIDService::get_id_service	lookup of slot type ObTimestampService	id_service = (ObIDService *)::oceanbase::share::server_service<::oceanbase::transaction::ObTimestampService>();
src/storage/tx/ob_id_service.cpp	405	ObIDService::get_id_service	lookup of slot type ObTransIDService	id_service = (ObIDService *)::oceanbase::share::server_service<::oceanbase::transaction::ObTransIDService>();
src/storage/tx/ob_id_service.cpp	498	ObPresistIDLogCb::on_success	lookup of slot type ObTimestampService	if (OB_ISNULL(timestamp_service = ::oceanbase::share::server_service<::oceanbase::transaction::ObTimestampService>())) {
src/storage/tx/ob_id_service.cpp	511	ObPresistIDLogCb::on_success	lookup of slot type ObTransIDService	if (OB_ISNULL(trans_id_service = ::oceanbase::share::server_service<::oceanbase::transaction::ObTransIDService>())) {
src/storage/tx/ob_id_service.cpp	539	ObPresistIDLogCb::on_failure	lookup of slot type ObTimestampService	if (OB_ISNULL(timestamp_service = ::oceanbase::share::server_service<::oceanbase::transaction::ObTimestampService>())) {
src/storage/tx/ob_id_service.cpp	551	ObPresistIDLogCb::on_failure	lookup of slot type ObTransIDService	if (OB_ISNULL(trans_id_service = ::oceanbase::share::server_service<::oceanbase::transaction::ObTransIDService>())) {
src/storage/tx/ob_multi_data_source_tx_buffer_node.cpp	121	ObTxBufferNodeWrapper::~ObTxBufferNodeWrapper	lookup of slot type ObSharedMemAllocMgr	ObIAllocator &allocator = ::oceanbase::share::server_service<::oceanbase::share::ObSharedMemAllocMgr>()->tx_data_op_allocator();
src/storage/tx/ob_multi_data_source_tx_buffer_node.cpp	155	OB_DEF_DESERIALIZE(ObTxBufferNodeWrapper)	lookup of slot type ObSharedMemAllocMgr	ObIAllocator &allocator = ::oceanbase::share::server_service<::oceanbase::share::ObSharedMemAllocMgr>()->tx_data_op_allocator();
src/storage/tx/ob_timestamp_access.cpp	33	ObTimestampAccess::get_number	lookup of slot type ObTimestampService	ret = ::oceanbase::share::server_service<ObTimestampService>()->get_timestamp(gts);
src/storage/tx/ob_timestamp_access.cpp	46	ObTimestampAccess::get_virtual_info	lookup of slot type ObTimestampService	::oceanbase::share::server_service<ObTimestampService>()->get_virtual_info(ts_value);
src/storage/tx/ob_trans_deadlock_adapter.cpp	69	ObTransDeadlockDetectorAdapter::kill_tx	lookup of slot type ObLockWaitMgr	} else if (OB_ISNULL(mgr = ::oceanbase::share::server_service<::oceanbase::memtable::ObLockWaitMgr>())) {
src/storage/tx/ob_trans_deadlock_adapter.cpp	94	ObTransDeadlockDetectorAdapter::kill_stmt	lookup of slot type ObLockWaitMgr	} else if (OB_ISNULL(mgr = ::oceanbase::share::server_service<::oceanbase::memtable::ObLockWaitMgr>())) {
src/storage/tx/ob_trans_deadlock_adapter.cpp	270	ObTransDeadlockDetectorAdapter::register_to_deadlock_detector_	lookup of slot type ObDeadLockDetectorMgr	} else if (OB_ISNULL(::oceanbase::share::server_service<::oceanbase::share::detector::ObDeadLockDetectorMgr>())) {
src/storage/tx/ob_trans_deadlock_adapter.cpp	273	ObTransDeadlockDetectorAdapter::register_to_deadlock_detector_	lookup of slot type ObDeadLockDetectorMgr	} else if (OB_FAIL(::oceanbase::share::server_service<::oceanbase::share::detector::ObDeadLockDetectorMgr>()->register_key(self_tx_id,
src/storage/tx/ob_trans_deadlock_adapter.cpp	280	ObTransDeadlockDetectorAdapter::register_to_deadlock_detector_	lookup of slot type ObDeadLockDetectorMgr	::oceanbase::share::server_service<::oceanbase::share::detector::ObDeadLockDetectorMgr>()->set_timeout(self_tx_id, query_timeout);
src/storage/tx/ob_trans_deadlock_adapter.cpp	281	ObTransDeadlockDetectorAdapter::register_to_deadlock_detector_	lookup of slot type ObDeadLockDetectorMgr	if (OB_FAIL(::oceanbase::share::server_service<::oceanbase::share::detector::ObDeadLockDetectorMgr>()->block(self_tx_id, blocked_resources))) {
src/storage/tx/ob_trans_deadlock_adapter.cpp	310	ObTransDeadlockDetectorAdapter::replace_conflict_trans_ids_	lookup of slot type ObDeadLockDetectorMgr	if (OB_ISNULL(::oceanbase::share::server_service<::oceanbase::share::detector::ObDeadLockDetectorMgr>())) {
src/storage/tx/ob_trans_deadlock_adapter.cpp	314	ObTransDeadlockDetectorAdapter::replace_conflict_trans_ids_	lookup of slot type ObDeadLockDetectorMgr	} else if (OB_FAIL(::oceanbase::share::server_service<::oceanbase::share::detector::ObDeadLockDetectorMgr>()->get_block_list(self_tx_id, current_blocked_resources))) {
src/storage/tx/ob_trans_deadlock_adapter.cpp	316	ObTransDeadlockDetectorAdapter::replace_conflict_trans_ids_	lookup of slot type ObDeadLockDetectorMgr	if (OB_FAIL(::oceanbase::share::server_service<::oceanbase::share::detector::ObDeadLockDetectorMgr>()->replace_block_list(self_tx_id, blocked_resources))) {
src/storage/tx/ob_trans_deadlock_adapter.cpp	318	ObTransDeadlockDetectorAdapter::replace_conflict_trans_ids_	lookup of slot type ObDeadLockDetectorMgr	(void) ::oceanbase::share::server_service<::oceanbase::share::detector::ObDeadLockDetectorMgr>()->dec_count_down_allow_detect(self_tx_id);
src/storage/tx/ob_trans_deadlock_adapter.cpp	348	ObTransDeadlockDetectorAdapter::register_or_replace_conflict_trans_ids	lookup of slot type ObDeadLockDetectorMgr	} else if (OB_ISNULL(::oceanbase::share::server_service<::oceanbase::share::detector::ObDeadLockDetectorMgr>())) {
src/storage/tx/ob_trans_deadlock_adapter.cpp	351	ObTransDeadlockDetectorAdapter::register_or_replace_conflict_trans_ids	lookup of slot type ObDeadLockDetectorMgr	} else if (OB_FAIL(::oceanbase::share::server_service<::oceanbase::share::detector::ObDeadLockDetectorMgr>()->check_detector_exist(self_tx_id, is_detector_exist))) {
src/storage/tx/ob_trans_deadlock_adapter.cpp	391	ObTransDeadlockDetectorAdapter::create_detector_node_and_set_parent_if_needed_	lookup of slot type ObDeadLockDetectorMgr	} else if (OB_FAIL(::oceanbase::share::server_service<::oceanbase::share::detector::ObDeadLockDetectorMgr>()->register_key(self_trans_id,
src/storage/tx/ob_trans_deadlock_adapter.cpp	396	ObTransDeadlockDetectorAdapter::create_detector_node_and_set_parent_if_needed_	lookup of slot type ObDeadLockDetectorMgr	::oceanbase::share::server_service<::oceanbase::share::detector::ObDeadLockDetectorMgr>()->set_timeout(self_trans_id, query_timeout);
src/storage/tx/ob_trans_deadlock_adapter.cpp	485	ObTransDeadlockDetectorAdapter::lock_wait_mgr_reconstruct_detector_waiting_for_row	lookup of slot type ObDeadLockDetectorMgr	} else if (nullptr == ::oceanbase::share::server_service<::oceanbase::share::detector::ObDeadLockDetectorMgr>()) {
src/storage/tx/ob_trans_deadlock_adapter.cpp	488	ObTransDeadlockDetectorAdapter::lock_wait_mgr_reconstruct_detector_waiting_for_row	lookup of slot type ObDeadLockDetectorMgr	} else if (OB_FAIL(::oceanbase::share::server_service<::oceanbase::share::detector::ObDeadLockDetectorMgr>()->check_detector_exist(self_trans_id, exist))) {
src/storage/tx/ob_trans_deadlock_adapter.cpp	491	ObTransDeadlockDetectorAdapter::lock_wait_mgr_reconstruct_detector_waiting_for_row	lookup of slot type ObDeadLockDetectorMgr	if (OB_TMP_FAIL(::oceanbase::share::server_service<::oceanbase::share::detector::ObDeadLockDetectorMgr>()->unregister_key(self_trans_id))) {
src/storage/tx/ob_trans_deadlock_adapter.cpp	497	ObTransDeadlockDetectorAdapter::lock_wait_mgr_reconstruct_detector_waiting_for_row	lookup of slot type ObDeadLockDetectorMgr	} else if (OB_FAIL(::oceanbase::share::server_service<::oceanbase::share::detector::ObDeadLockDetectorMgr>()->block(self_trans_id, func))) {
src/storage/tx/ob_trans_deadlock_adapter.cpp	521	ObTransDeadlockDetectorAdapter::lock_wait_mgr_reconstruct_detector_waiting_for_trans	lookup of slot type ObDeadLockDetectorMgr	if (nullptr == ::oceanbase::share::server_service<::oceanbase::share::detector::ObDeadLockDetectorMgr>()) {
src/storage/tx/ob_trans_deadlock_adapter.cpp	524	ObTransDeadlockDetectorAdapter::lock_wait_mgr_reconstruct_detector_waiting_for_trans	lookup of slot type ObDeadLockDetectorMgr	} else if (OB_FAIL(::oceanbase::share::server_service<::oceanbase::share::detector::ObDeadLockDetectorMgr>()->check_detector_exist(self_trans_id, exist))) {
src/storage/tx/ob_trans_deadlock_adapter.cpp	527	ObTransDeadlockDetectorAdapter::lock_wait_mgr_reconstruct_detector_waiting_for_trans	lookup of slot type ObDeadLockDetectorMgr	if (OB_TMP_FAIL(::oceanbase::share::server_service<::oceanbase::share::detector::ObDeadLockDetectorMgr>()->unregister_key(self_trans_id))) {
src/storage/tx/ob_trans_deadlock_adapter.cpp	533	ObTransDeadlockDetectorAdapter::lock_wait_mgr_reconstruct_detector_waiting_for_trans	lookup of slot type ObDeadLockDetectorMgr	} else if (OB_FAIL(::oceanbase::share::server_service<::oceanbase::share::detector::ObDeadLockDetectorMgr>()->block(self_trans_id, conflict_trans_id))) {
src/storage/tx/ob_trans_deadlock_adapter.cpp	546	ObTransDeadlockDetectorAdapter::change_detector_waiting_obj_from_row_to_trans	lookup of slot type ObDeadLockDetectorMgr	if (nullptr == ::oceanbase::share::server_service<::oceanbase::share::detector::ObDeadLockDetectorMgr>()) {
src/storage/tx/ob_trans_deadlock_adapter.cpp	549	ObTransDeadlockDetectorAdapter::change_detector_waiting_obj_from_row_to_trans	lookup of slot type ObDeadLockDetectorMgr	} else if (OB_FAIL(::oceanbase::share::server_service<::oceanbase::share::detector::ObDeadLockDetectorMgr>()->activate_all(self_trans_id))) {
src/storage/tx/ob_trans_deadlock_adapter.cpp	550	ObTransDeadlockDetectorAdapter::change_detector_waiting_obj_from_row_to_trans	lookup of slot type ObDeadLockDetectorMgr	} else if (OB_FAIL(::oceanbase::share::server_service<::oceanbase::share::detector::ObDeadLockDetectorMgr>()->block(self_trans_id, conflict_trans_id))) {
src/storage/tx/ob_trans_deadlock_adapter.cpp	571	ObTransDeadlockDetectorAdapter::inner_tx_register_to_deadlock	lookup of slot type ObDeadLockDetectorMgr	if (OB_ISNULL(::oceanbase::share::server_service<::oceanbase::share::detector::ObDeadLockDetectorMgr>())) {
src/storage/tx/ob_trans_deadlock_adapter.cpp	574	ObTransDeadlockDetectorAdapter::inner_tx_register_to_deadlock	lookup of slot type ObDeadLockDetectorMgr	} else if (OB_FAIL(::oceanbase::share::server_service<::oceanbase::share::detector::ObDeadLockDetectorMgr>()->register_key(last_trans_id,
src/storage/tx/ob_trans_deadlock_adapter.cpp	597	ObTransDeadlockDetectorAdapter::inner_tx_register_to_deadlock	lookup of slot type ObDeadLockDetectorMgr	} else if (OB_FAIL(::oceanbase::share::server_service<::oceanbase::share::detector::ObDeadLockDetectorMgr>()->block(last_trans_id, now_trans_id))) {
src/storage/tx/ob_trans_deadlock_adapter.cpp	599	ObTransDeadlockDetectorAdapter::inner_tx_register_to_deadlock	lookup of slot type ObDeadLockDetectorMgr	::oceanbase::share::server_service<::oceanbase::share::detector::ObDeadLockDetectorMgr>()->set_timeout(last_trans_id, query_timeout);
src/storage/tx/ob_trans_deadlock_adapter.cpp	615	ObTransDeadlockDetectorAdapter::unregister_from_deadlock_detector	lookup of slot type ObDeadLockDetectorMgr	if (nullptr == (mgr = ::oceanbase::share::server_service<::oceanbase::share::detector::ObDeadLockDetectorMgr>())) {
src/storage/tx/ob_trans_service.cpp	61	ObTransService::server_module_init	lookup of slot type ObTransIDService	::oceanbase::share::server_service<::oceanbase::transaction::ObTransIDService>(),
src/storage/tx/ob_trans_service.cpp	247	ObTransService::get_trans_start_session_id	lookup of slot type ObLSService	} else if (OB_FAIL(::oceanbase::share::server_service<::oceanbase::storage::ObLSService>()->get_ls(tenant_ls))) {
src/storage/tx/ob_trans_service.cpp	446	ObTransService::register_mds_into_ctx_	lookup of slot type ObLSService	} else if (OB_FAIL(::oceanbase::share::server_service<::oceanbase::storage::ObLSService>()->get_ls(tenant_ls))) {
src/storage/tx/ob_trans_service_v4.cpp	1165	ObTransService::get_tx_state_from_tx_table_	lookup of slot type ObLSService	if (OB_FAIL(::oceanbase::share::server_service<::oceanbase::storage::ObLSService>()->get_ls(tenant_ls))) {
src/storage/tx/ob_trans_submit_log_cb.cpp	111	ObTxLogCb::reset_undo_node	lookup of slot type ObSharedMemAllocMgr	::oceanbase::share::server_service<::oceanbase::share::ObSharedMemAllocMgr>()->tx_data_allocator().free(undo_node_);
src/storage/tx/ob_ts_mgr.cpp	34	ObTsMgr::get_gts	lookup of slot type ObTimestampAccess	if (OB_FAIL(::oceanbase::share::server_service<::oceanbase::transaction::ObTimestampAccess>()->get_number(gts))) {
src/storage/tx/ob_tx_api.cpp	761	ObTransService::get_weak_read_snapshot_version	lookup of slot type ObLSService	storage::ObLSService *ls_svr = ::oceanbase::share::server_service<::oceanbase::storage::ObLSService>();
src/storage/tx/ob_tx_api.cpp	1665	query_transaction_service	lookup of slot type ObTransService	return ::oceanbase::share::server_service<::oceanbase::transaction::ObTransService>();
src/storage/tx/ob_tx_api.cpp	1947	clone_tx_desc	lookup of slot type ObTransService	} else if (OB_FAIL(::oceanbase::share::server_service<::oceanbase::transaction::ObTransService>()->acquire_tx(
src/storage/tx/ob_tx_api.cpp	1955	clone_tx_desc	lookup of slot type ObTransService	::oceanbase::share::server_service<::oceanbase::transaction::ObTransService>()->release_tx(*clone);
src/storage/tx/ob_tx_api.cpp	1965	release_tx_desc	lookup of slot type ObTransService	::oceanbase::share::server_service<::oceanbase::transaction::ObTransService>()->release_tx(*desc);
src/storage/tx/ob_tx_ctx.cpp	420	ObTxCtx::handle_timeout	lookup of slot type ObLogService	logservice::ObLogService *log_service = ::oceanbase::share::server_service<::oceanbase::logservice::ObLogService>();
src/storage/tx/ob_tx_ctx.cpp	1761	ObTxCtx::insert_mds_to_tx_table_	lookup of slot type ObSharedMemAllocMgr	} else if (OB_FAIL(wrapper.assign(trans_id_, mds_node, ::oceanbase::share::server_service<::oceanbase::share::ObSharedMemAllocMgr>()->tx_data_op_allocator(), true))) {
src/storage/tx/ob_tx_ctx.cpp	3740	ObTxCtx::replay_rollback_to	lookup of slot type ObLogService	logservice::ObLogService *log_service = ::oceanbase::share::server_service<::oceanbase::logservice::ObLogService>();
src/storage/tx/ob_tx_ctx.cpp	4471	ObTxCtx::deep_copy_mds_array_	lookup of slot type ObMdsService	::oceanbase::share::server_service<::oceanbase::storage::mds::ObMdsService>()->get_buffer_ctx_allocator().free(new_ctx);
src/storage/tx/ob_tx_ctx.cpp	4479	ObTxCtx::deep_copy_mds_array_	lookup of slot type ObMdsService	::oceanbase::share::server_service<::oceanbase::storage::mds::ObMdsService>()->get_buffer_ctx_allocator().free(new_ctx);
src/storage/tx/ob_tx_ctx.cpp	4488	ObTxCtx::deep_copy_mds_array_	lookup of slot type ObMdsService	::oceanbase::share::server_service<::oceanbase::storage::mds::ObMdsService>()->get_buffer_ctx_allocator().free(new_ctx);
src/storage/tx/ob_tx_ctx.cpp	4495	ObTxCtx::deep_copy_mds_array_	lookup of slot type ObMdsService	::oceanbase::share::server_service<::oceanbase::storage::mds::ObMdsService>()->get_buffer_ctx_allocator().free(new_ctx);
src/storage/tx/ob_tx_ctx.cpp	5007	ObTxCtx::register_multi_data_source	lookup of slot type ObMdsService	::oceanbase::share::server_service<::oceanbase::storage::mds::ObMdsService>()->get_buffer_ctx_allocator().free(buffer_ctx);
src/storage/tx/ob_tx_ctx.cpp	5465	ObTxCtx::submit_rollback_to_log_	lookup of slot type ObSharedMemAllocMgr	} else if (OB_ISNULL(undo_node = (ObUndoStatusNode*)::oceanbase::share::server_service<::oceanbase::share::ObSharedMemAllocMgr>()->tx_data_allocator().alloc(true, INT64_MAX))) {
src/storage/tx/ob_tx_data_define.cpp	381	ObTxData::deserialize_	lookup of slot type ObSharedMemAllocMgr	::oceanbase::share::server_service<::oceanbase::share::ObSharedMemAllocMgr>()->tx_data_op_allocator()))) {
src/storage/tx/ob_tx_data_define.cpp	712	ObTxData::init_tx_op	lookup of slot type ObSharedMemAllocMgr	tx_data_allocator_ = &::oceanbase::share::server_service<::oceanbase::share::ObSharedMemAllocMgr>()->tx_data_allocator();
src/storage/tx/ob_tx_data_define.cpp	715	ObTxData::init_tx_op	lookup of slot type ObSharedMemAllocMgr	op_allocator_ = &::oceanbase::share::server_service<::oceanbase::share::ObSharedMemAllocMgr>()->tx_data_op_allocator();
src/storage/tx/ob_tx_data_functor.cpp	438	LockForReadFunctor::check_clog_disk_full_	lookup of slot type ObLogService	logservice::ObLogService *log_service = ::oceanbase::share::server_service<::oceanbase::logservice::ObLogService>();
src/storage/tx/ob_tx_data_op.cpp	308	ObTxOp::release	lookup of slot type ObSharedMemAllocMgr	ObIAllocator &allocator = ::oceanbase::share::server_service<::oceanbase::share::ObSharedMemAllocMgr>()->tx_data_op_allocator();
src/storage/tx/ob_tx_loop_worker.cpp	136	ObTxLoopWorker::maintain_tx_state_	lookup of slot type ObLSService	if (OB_ISNULL(::oceanbase::share::server_service<::oceanbase::storage::ObLSService>())) {
src/storage/tx/ob_tx_loop_worker.cpp	138	ObTxLoopWorker::maintain_tx_state_	lookup of slot type ObLSService	TRANS_LOG(WARN, "[Tx Loop Worker] ls service is null", K(ret), KP(::oceanbase::share::server_service<::oceanbase::storage::ObLSService>()));
src/storage/tx/ob_tx_loop_worker.cpp	139	ObTxLoopWorker::maintain_tx_state_	lookup of slot type ObLSService	} else if (OB_FAIL(::oceanbase::share::server_service<::oceanbase::storage::ObLSService>()->get_ls(tenant_ls))) {
src/storage/tx/ob_tx_loop_worker.cpp	228	ObTxLoopWorker::refresh_runtime_config_	lookup of slot type ObTransService	if (OB_ISNULL(txs = ::oceanbase::share::server_service<::oceanbase::transaction::ObTransService>())) {
src/storage/tx/ob_tx_loop_worker.cpp	257	ObTxLoopWorker::update_max_commit_ts_	lookup of slot type ObTransService	} else if (OB_ISNULL(txs = ::oceanbase::share::server_service<::oceanbase::transaction::ObTransService>())) {
src/storage/tx/ob_unique_id_service.h	46	ObUniqueIDService::gen_unique_id	lookup of slot type ObTransService	if (OB_SUCC(::oceanbase::share::server_service<::oceanbase::transaction::ObTransService>()->gen_trans_id(trans_id))) {
src/storage/tx_storage/ob_access_service.cpp	155	ObAccessService::server_module_init	lookup of slot type ObLSService	return access_service->init(::oceanbase::share::server_service<::oceanbase::storage::ObLSService>());
src/storage/tx_storage/ob_access_service.cpp	186	ObAccessService::check_memstore_limit_	lookup of slot type ObMemstoreFreezer	freezer = ::oceanbase::share::server_service<::oceanbase::storage::ObMemstoreFreezer>();
src/storage/tx_storage/ob_access_service.cpp	1218	ObAccessService::get_latest_tablet_row_count_delta	lookup of slot type ObTabletStatMgr	ObTabletStatMgr *stat_mgr = ::oceanbase::share::server_service<::oceanbase::storage::ObTabletStatMgr>();
src/storage/tx_storage/ob_checkpoint_service.cpp	131	ObCheckPointService::ObCheckpointTask::runTimerTask	lookup of slot type ObLSService	if (OB_FAIL(::oceanbase::share::server_service<::oceanbase::storage::ObLSService>()->get_ls(tenant_ls))) {
src/storage/tx_storage/ob_checkpoint_service.cpp	160	ObCheckPointService::flush_to_recycle_clog_	lookup of slot type ObLSService	if (OB_FAIL(::oceanbase::share::server_service<::oceanbase::storage::ObLSService>()->get_ls(tenant_ls))) {
src/storage/tx_storage/ob_checkpoint_service.cpp	177	ObCheckPointService::ObTraversalFlushTask::runTimerTask	lookup of slot type ObLSService	if (OB_FAIL(::oceanbase::share::server_service<::oceanbase::storage::ObLSService>()->get_ls(tenant_ls))) {
src/storage/tx_storage/ob_checkpoint_service.cpp	190	ObCheckPointService::ObCheckClogDiskUsageTask::runTimerTask	lookup of slot type ObLogService	logservice::ObLogService *log_service = ::oceanbase::share::server_service<::oceanbase::logservice::ObLogService>();
src/storage/tx_storage/ob_checkpoint_service.cpp	214	ObCheckPointService::ObAdvanceCkptTask::runTimerTask	lookup of slot type ObCheckPointService	const int64_t prev_advance_ckpt_task_ts = ::oceanbase::share::server_service<::oceanbase::storage::checkpoint::ObCheckPointService>()->prev_advance_ckpt_task_ts();
src/storage/tx_storage/ob_checkpoint_service.cpp	217	ObCheckPointService::ObAdvanceCkptTask::runTimerTask	lookup of slot type ObLSService	if (OB_FAIL(::oceanbase::share::server_service<::oceanbase::storage::ObLSService>()->get_ls(tenant_ls))) {
src/storage/tx_storage/ob_checkpoint_service.cpp	222	ObCheckPointService::ObAdvanceCkptTask::runTimerTask	lookup of slot type ObCheckPointService	::oceanbase::share::server_service<::oceanbase::storage::checkpoint::ObCheckPointService>()->set_prev_advance_ckpt_task_ts(current_ts);
src/storage/tx_storage/ob_empty_shell_task.cpp	54	ObEmptyShellTask::runTimerTask	lookup of slot type ObLSService	} else if (OB_FAIL(::oceanbase::share::server_service<::oceanbase::storage::ObLSService>()->get_ls(ls))) {
src/storage/tx_storage/ob_empty_shell_task.cpp	129	ObTabletEmptyShellHandler::get_empty_shell_tablet_ids	lookup of slot type ObStorageMetaMemMgr	ObStorageMetaMemMgr *t3m = ::oceanbase::share::server_service<::oceanbase::storage::ObStorageMetaMemMgr>();
src/storage/tx_storage/ob_ls_service.cpp	723	ObMdsThrottleGuard::~ObMdsThrottleGuard	lookup of slot type ObLSService	if (OB_FAIL(::oceanbase::share::server_service<::oceanbase::storage::ObLSService>()->get_ls(ls))) {
src/storage/tx_storage/ob_ls_service.cpp	728	ObMdsThrottleGuard::~ObMdsThrottleGuard	lookup of slot type ObMemstoreFreezer	::oceanbase::share::server_service<::oceanbase::storage::ObMemstoreFreezer>()->exist_ls_throttle_is_skipping(),
src/storage/tx_storage/ob_ls_service.cpp	761	ObTxDataThrottleGuard::~ObTxDataThrottleGuard	lookup of slot type ObLSService	if (OB_FAIL(::oceanbase::share::server_service<::oceanbase::storage::ObLSService>()->get_ls(ls))) {
src/storage/tx_storage/ob_ls_service.cpp	766	ObTxDataThrottleGuard::~ObTxDataThrottleGuard	lookup of slot type ObMemstoreFreezer	::oceanbase::share::server_service<::oceanbase::storage::ObMemstoreFreezer>()->exist_ls_throttle_is_skipping(),
src/storage/tx_storage/ob_ls_service.cpp	804	ObTxDataAllocator::init	lookup of slot type ObSharedMemAllocMgr	ObSharedMemAllocMgr *share_mem_alloc_mgr = ::oceanbase::share::server_service<::oceanbase::share::ObSharedMemAllocMgr>();
src/storage/tx_storage/ob_ls_service.cpp	854	get_sys_ls_readable_scn	lookup of slot type ObLSService	if (OB_FAIL(::oceanbase::share::server_service<::oceanbase::storage::ObLSService>()->get_ls(ls))) {
src/storage/tx_storage/ob_memory_printer.cpp	60	ObMemoryPrinter::print_memory_usage	lookup of slot type ObIServerRuntime	::oceanbase::share::server_service<::oceanbase::storage::ObIServerRuntime>())) {
src/storage/tx_storage/ob_memory_printer.cpp	96	ObMemoryPrinter::print_memory_usage_	lookup of slot type ObMemstoreFreezer	storage::ObMemstoreFreezer *freezer = ::oceanbase::share::server_service<::oceanbase::storage::ObMemstoreFreezer>();
src/storage/tx_storage/ob_memstore_freezer.cpp	158	ObMemstoreFreezer::exist_ls_freezing	lookup of slot type ObLSService	ObLSService *ls_srv = ::oceanbase::share::server_service<::oceanbase::storage::ObLSService>();
src/storage/tx_storage/ob_memstore_freezer.cpp	184	ObMemstoreFreezer::exist_ls_throttle_is_skipping	lookup of slot type ObLSService	ObLSService *ls_srv = ::oceanbase::share::server_service<::oceanbase::storage::ObLSService>();
src/storage/tx_storage/ob_memstore_freezer.cpp	219	ObMemstoreFreezer::memstore_remain_memory_is_exhausting	lookup of slot type ObSharedMemAllocMgr	share::server_service<share::ObSharedMemAllocMgr>()->memstore_allocator();
src/storage/tx_storage/ob_memstore_freezer.cpp	317	ObMemstoreFreezer::freeze_all_data_	lookup of slot type ObLSService	ObLSService *ls_srv = ::oceanbase::share::server_service<::oceanbase::storage::ObLSService>();
src/storage/tx_storage/ob_memstore_freezer.cpp	341	ObMemstoreFreezer::freeze_all	lookup of slot type ObLSService	ObLSService *ls_srv = ::oceanbase::share::server_service<::oceanbase::storage::ObLSService>();
src/storage/tx_storage/ob_memstore_freezer.cpp	377	ObMemstoreFreezer::tablet_freeze	lookup of slot type ObLSService	ObLSService *ls_srv = ::oceanbase::share::server_service<::oceanbase::storage::ObLSService>();
src/storage/tx_storage/ob_memstore_freezer.cpp	492	ObMemstoreFreezer::get_tx_data_info_for_freeze_	lookup of slot type ObLSService	ObLSService *ls_srv = ::oceanbase::share::server_service<::oceanbase::storage::ObLSService>();
src/storage/tx_storage/ob_memstore_freezer.cpp	570	ObMemstoreFreezer::check_and_freeze_mds_table_	lookup of slot type ObSharedMemAllocMgr	::oceanbase::share::server_service<::oceanbase::share::ObSharedMemAllocMgr>()
src/storage/tx_storage/ob_memstore_freezer.cpp	598	ObMemstoreFreezer::do_freeze_diagnose	lookup of slot type ObSharedMemAllocMgr	ObMemstoreAllocator &memstore_allocator = ::oceanbase::share::server_service<::oceanbase::share::ObSharedMemAllocMgr>()->memstore_allocator();
src/storage/tx_storage/ob_memstore_freezer.cpp	838	ObMemstoreFreezer::set_memory_limit	lookup of slot type ObSharedMemAllocMgr	share::server_service<share::ObSharedMemAllocMgr>()
src/storage/tx_storage/ob_memstore_freezer.cpp	991	ObMemstoreFreezer::get_memory_usage_	lookup of slot type ObSharedMemAllocMgr	ObMemstoreAllocator &memstore_allocator = ::oceanbase::share::server_service<::oceanbase::share::ObSharedMemAllocMgr>()->memstore_allocator();
src/storage/tx_storage/ob_memstore_freezer.cpp	1014	ObMemstoreFreezer::get_memory_stat_	lookup of slot type ObSharedMemAllocMgr	ObMemstoreAllocator &memstore_allocator = ::oceanbase::share::server_service<::oceanbase::share::ObSharedMemAllocMgr>()->memstore_allocator();
src/storage/tx_storage/ob_memstore_freezer.cpp	1290	ObMemstoreFreezer::get_global_frozen_scn_	lookup of slot type ObIMajorFreezeCoordinator	::oceanbase::share::server_service<::oceanbase::data_plane::ObIMajorFreezeCoordinator>();
src/storage/tx_storage/ob_memstore_freezer.cpp	1423	ObMemstoreFreezer::log_frozen_memstore_info_if_need_	lookup of slot type ObSharedMemAllocMgr	::oceanbase::share::server_service<::oceanbase::share::ObSharedMemAllocMgr>()
src/storage/tx_storage/ob_memstore_freezer.cpp	1680	ObMemstoreAllocator::alloc	lookup of slot type ObMemstoreFreezer	if (FALSE_IT(freezer = ::oceanbase::share::server_service<::oceanbase::storage::ObMemstoreFreezer>())) {
src/storage/tx_storage/ob_memstore_freezer.cpp	1710	ObMemstoreAllocator::set_memstore_threshold_without_lock	lookup of slot type ObMemstoreFreezer	if (FALSE_IT(freezer = ::oceanbase::share::server_service<::oceanbase::storage::ObMemstoreFreezer>())) {
src/storage/tx_storage/ob_memstore_freezer_common.cpp	232	ObMemstoreFreezeGuard::ObMemstoreFreezeGuard	lookup of slot type ObSharedMemAllocMgr	ObMemstoreAllocator &memstore_allocator = ::oceanbase::share::server_service<::oceanbase::share::ObSharedMemAllocMgr>()->memstore_allocator();
src/storage/tx_storage/ob_memstore_freezer_common.cpp	241	ObMemstoreFreezeGuard::~ObMemstoreFreezeGuard	lookup of slot type ObSharedMemAllocMgr	ObMemstoreAllocator &memstore_allocator = ::oceanbase::share::server_service<::oceanbase::share::ObSharedMemAllocMgr>()->memstore_allocator();
src/storage/tx_storage/ob_memstore_freezer_local_dispatch.cpp	62	do_tx_data_table_freeze_	lookup of slot type ObLSService	ObLSService *ls_srv = ::oceanbase::share::server_service<::oceanbase::storage::ObLSService>();
src/storage/tx_storage/ob_memstore_freezer_local_dispatch.cpp	63	do_tx_data_table_freeze_	lookup of slot type ObMemstoreFreezer	ObMemstoreFreezer *freezer = ::oceanbase::share::server_service<::oceanbase::storage::ObMemstoreFreezer>();
src/storage/tx_storage/ob_memstore_freezer_local_dispatch.cpp	89	do_major_freeze_	lookup of slot type ObIMajorFreezeCoordinator	::oceanbase::share::server_service<::oceanbase::data_plane::ObIMajorFreezeCoordinator>();
src/storage/tx_storage/ob_memstore_freezer_local_dispatch.cpp	97	do_major_freeze_	lookup of slot type ObMemstoreFreezer	ObMemstoreFreezer *freezer = ::oceanbase::share::server_service<::oceanbase::storage::ObMemstoreFreezer>();
src/storage/tx_storage/ob_memstore_freezer_local_dispatch.cpp	134	do_mds_table_freeze_	lookup of slot type ObLSService	ObLSService *ls_srv = ::oceanbase::share::server_service<::oceanbase::storage::ObLSService>();
src/storage/tx_storage/ob_tablet_gc_service.cpp	113	ObTabletGCService::ObTabletChangeTask::runTimerTask	lookup of slot type ObLSService	ObLSService *ls_svr = ::oceanbase::share::server_service<::oceanbase::storage::ObLSService>();
src/storage/tx_storage/ob_tx_leak_checker.h	228	#define READ_CHECKER_RECORD	lookup of slot type ObTransService inside #define READ_CHECKER_RECORD (2 uses of the macro)	key.seq_ = ::oceanbase::share::server_service<::oceanbase::transaction::ObTransService>()->get_unique_seq();                                \
src/storage/tx_storage/ob_tx_leak_checker.h	255	#define READ_CHECKER_RECORD	lookup of slot type ObTransService inside #define READ_CHECKER_RECORD (2 uses of the macro)	::oceanbase::share::server_service<::oceanbase::transaction::ObTransService>()->get_read_tx_checker().record(key, value, MAX_RECORD_CNT);            \
src/storage/tx_storage/ob_tx_leak_checker.h	261	#define READ_CHECKER_RELEASE	lookup of slot type ObTransService inside #define READ_CHECKER_RELEASE (1 uses of the macro)	if (OB_UNLIKELY(!::oceanbase::share::server_service<::oceanbase::transaction::ObTransService>()->get_read_tx_checker().is_empty())) {                 \
src/storage/tx_storage/ob_tx_leak_checker.h	265	#define READ_CHECKER_RELEASE	lookup of slot type ObTransService inside #define READ_CHECKER_RELEASE (1 uses of the macro)	::oceanbase::share::server_service<::oceanbase::transaction::ObTransService>()->get_read_tx_checker().release(key, value);                          \
src/storage/tx_storage/ob_tx_leak_checker.h	275	#define READ_CHECKER_PRINT	lookup of slot type ObTransService inside #define READ_CHECKER_PRINT (1 uses of the macro)	::oceanbase::share::server_service<::oceanbase::transaction::ObTransService>()->get_read_tx_checker().for_each(fn); \
src/storage/tx_storage/ob_tx_leak_checker.h	280	#define READ_CHECKER_FOR_EACH	lookup of slot type ObTransService inside #define READ_CHECKER_FOR_EACH (0 uses of the macro)	::oceanbase::share::server_service<::oceanbase::transaction::ObTransService>()->get_read_tx_checker().for_each(fn); \
src/storage/tx_table/ob_tx_ctx_table.cpp	113	ObTxCtxTableRecoverHelper::recover_one_tx_ctx_	lookup of slot type ObTransService	::oceanbase::share::server_service<::oceanbase::transaction::ObTransService>());
src/storage/tx_table/ob_tx_ctx_table.cpp	246	ObTxCtxTable::acquire_ref_	lookup of slot type ObTransService	if (OB_ISNULL(txs = ::oceanbase::share::server_service<::oceanbase::transaction::ObTransService>())) {
src/storage/tx_table/ob_tx_data_memtable.cpp	113	ObTxDataMemtable::init_arena_allocator_	lookup of slot type ObSharedMemAllocMgr	share::server_service<share::ObSharedMemAllocMgr>();
src/storage/tx_table/ob_tx_data_table.cpp	51	ObTxDataTable::init	lookup of slot type ObSharedMemAllocMgr	} else if (OB_ISNULL(tx_data_allocator_ = &::oceanbase::share::server_service<::oceanbase::share::ObSharedMemAllocMgr>()->tx_data_allocator())) {
src/storage/tx_table/ob_tx_data_table.cpp	81	ObTxDataTable::init_arena_allocator_	lookup of slot type ObSharedMemAllocMgr	share::server_service<share::ObSharedMemAllocMgr>();
src/storage/tx_table/ob_tx_data_table.cpp	252	ObTxDataTable::alloc_tx_data	lookup of slot type ObSharedMemAllocMgr	tx_data->op_allocator_ = &::oceanbase::share::server_service<::oceanbase::share::ObSharedMemAllocMgr>()->tx_data_op_allocator();
src/storage/tx_table/ob_tx_data_table.cpp	658	ObTxDataTable::get_recycle_scn	lookup of slot type ObDagScheduler	} else if (OB_FAIL(::oceanbase::share::server_service<::oceanbase::share::ObDagScheduler>()->get_min_end_scn_from_major_dag(min_end_scn_from_major_dag))) {
src/storage/tx_table/ob_tx_data_table.cpp	1067	ObTxDataTable::supplement_tx_op_if_exist	lookup of slot type ObSharedMemAllocMgr	} else if (FALSE_IT(tx_data_from_sstable.tx_data_allocator_ = &::oceanbase::share::server_service<::oceanbase::share::ObSharedMemAllocMgr>()->tx_data_allocator())) {
src/storage/tx_table/ob_tx_data_table.cpp	1068	ObTxDataTable::supplement_tx_op_if_exist	lookup of slot type ObSharedMemAllocMgr	} else if (FALSE_IT(tx_data_from_sstable.op_allocator_ = &::oceanbase::share::server_service<::oceanbase::share::ObSharedMemAllocMgr>()->tx_data_op_allocator())) {
src/storage/vector_index/ob_vector_kmeans_ctx.cpp	639	ObMultiKmeansExecutor::build_parallel	lookup of slot type ObIVectorIndexRuntime	::oceanbase::share::server_service<::oceanbase::storage::ObIVectorIndexRuntime>();
